,ASSET_1,ASSET_2,ASSET_3,ASSET_4,ASSET_5,ASSET_6,ASSET_7,ASSET_8,ASSET_9,ASSET_10,ASSET_11,ASSET_12,ASSET_13,ASSET_14,ASSET_15,CASH
2020-12-18,0.0,0.0,0.0,0.0,0.0,0.0,0.0,0.0,0.0,0.0,0.0,0.0,0.0,0.0,0.0,1.0
2020-12-21,0.0,0.0,0.0,0.0,0.0,0.0,0.0,0.0,0.0,0.0,0.0,0.0,0.0,0.0,0.0,1.0
2020-12-22,0.0,0.0,0.0,0.0,0.0,0.0,0.0,0.0,0.0,0.0,0.0,0.0,0.0,0.0,0.0,1.0
2020-12-23,0.0,0.0,0.0,0.0,0.0,0.0,0.0,0.0,0.0,0.0,0.0,0.0,0.0,0.0,0.0,1.0
2020-12-24,0.0,0.0,0.0,0.0,0.0,0.0,0.0,0.0,0.0,0.0,0.0,0.0,0.0,0.0,0.0,1.0
2020-12-25,0.0,0.0,0.0,0.0,0.0,0.0,0.0,0.0,0.0,0.0,0.0,0.0,0.0,0.0,0.0,1.0
2020-12-28,0.0,0.0,0.0,0.0,0.0,0.0,0.0,0.0,0.0,0.0,0.0,0.0,0.0,0.0,0.0,1.0
2020-12-29,0.0,0.0,0.0,0.0,0.0,0.0,0.0,0.0,0.0,0.0,0.0,0.0,0.0,0.0,0.0,1.0
2020-12-30,0.0,0.0,0.0,0.0,0.0,0.0,0.0,0.0,0.0,0.0,0.0,0.0,0.0,0.0,0.0,1.0
2020-12-31,0.08993347807509326,0.09270571047887795,0.08934175923655092,0.0743214204381788,0.07156858124211307,0.0721831785298347,0.07368536827716246,0.06119171835359409,0.0663344137662258,0.06152051537985522,0.056463698974508945,0.052411052438647625,0.045264013989950565,0.043595022685422764,0.049830190676873824,-0.0003501225428900115
2021-01-01,0.09034403304096711,0.09397577297625931,0.09004345619862954,0.07484388493676354,0.07150230113762814,0.07242452196824908,0.07480800201693473,0.05994200053805095,0.06588864797692612,0.06069105709450033,0.056725956822429764,0.0534205216260219,0.04472611201864665,0.04163875621465834,0.04937440969628367,-0.00034943426294906576
2021-01-04,0.09092211894936728,0.09428083274059838,0.09026472800736683,0.07444481383418754,0.07024384583267193,0.07275198860968034,0.0738147803140634,0.061672405941014787,0.06631462036565905,0.0600265200654777,0.056056086992329696,0.05323539475202884,0.04445482955628801,0.04240736311753271,0.04945826307203556,-0.0003485921503020957
2021-01-05,0.09002043801583401,0.09579680995693848,0.0900445889001427,0.07488045297235776,0.06952184384675798,0.07287979118142388,0.07391291593046953,0.05985151402898387,0.06810693822341013,0.061058914627012705,0.05554279426177747,0.052103908747274406,0.04460563916132628,0.042361394810995295,0.0496595236735141,-0.0003474683382187982
2021-01-06,0.08969432685791076,0.0957682522217248,0.09096081676931149,0.07496608604251108,0.06827111773930812,0.07376114517068362,0.0751523001383156,0.06219767692260536,0.06662317557609296,0.06097222136569896,0.05339450296486414,0.052321098792275124,0.043952147837333255,0.04362368931777464,0.04868695785148867,-0.0003455155678985437
2021-01-07,0.08886396201030058,0.09596313634560096,0.08963204813478257,0.0761332829534432,0.06701963740753279,0.07430100743813264,0.0735550917321171,0.062349375718703005,0.06872849871282342,0.0617466525354599,0.05302152345799268,0.052666047450318026,0.044280456942673595,0.04431511493662452,0.04777196341780262,-0.0003477991943076697
2021-01-08,0.08985362140654982,0.09385306028372327,0.08951791089861011,0.07613032624262067,0.06791480904869833,0.07474250875576065,0.07256980433672211,0.06183014413080714,0.06932654498760746,0.062026387694460325,0.0528286342921509,0.05254306720084648,0.045083315911007595,0.04415532043515646,0.04797418981573173,-0.0003496454404528202
2021-01-11,0.09209449710306201,0.0929056418225759,0.0881148064355968,0.07715531839027268,0.0676557131236931,0.0747719914789746,0.07212948579768327,0.061882806634303476,0.07129627723946476,0.06308764795237583,0.053814385081859206,0.05152727345664561,0.044380329318556476,0.04206977670252709,0.04746514623274198,-0.00035109677033301777
2021-01-12,0.09254201684532115,0.09300762318199121,0.08754499326702547,0.07682266217134921,0.06681939448757508,0.07466836375861928,0.07258544800209935,0.06022759425916278,0.07133295207833586,0.06375161159324427,0.053246427094771794,0.05193644803777766,0.046394107751524194,0.041831335569374496,0.047638595274107416,-0.0003495733722791685
2021-01-13,0.09173718043682737,0.09301908585880268,0.08783222309365932,0.0768671931459298,0.06588475818600047,0.0747464802855873,0.07390162938636662,0.06051717159303808,0.07224218769029297,0.06342303388074243,0.05381457447657951,0.0521066844523763,0.045556617712148965,0.042016420306105605,0.04668365661116952,-0.000348897115626869
2021-01-14,0.09160851146420695,0.09362906738577952,0.08852477387533642,0.07617416322241417,0.06704294080948597,0.07565194884104583,0.07354837152094298,0.05948317482787077,0.0724351149691098,0.06329029092182559,0.054176713464633305,0.052042232339015226,0.04417000308228816,0.041926752596778555,0.046646374556766984,-0.000350433877500327
2021-01-15,0.0917843612395784,0.09259418737936052,0.08976987476997612,0.07420895331232341,0.06784289563082546,0.07514009777008324,0.07411328814199027,0.059321457223444875,0.07337911051233621,0.0626715473867025,0.053012952000262244,0.05309010416964459,0.04391881589747782,0.04194120707220303,0.04756009548318406,-0.00034894798939268595
2021-01-18,0.09088313673075585,0.09314836364241363,0.08919693002426948,0.0740975229114305,0.06790536026171586,0.07370025016283122,0.07334169786218533,0.06046472258496205,0.0743558867558005,0.06262218806273154,0.05323295825625282,0.05283939530975144,0.04497589571729809,0.04180061118854732,0.04778393470250671,-0.00034885417345248697
2021-01-19,0.09197867225080941,0.09253028684897742,0.09081331683044429,0.07289130822878544,0.06934130470531698,0.0734476251200034,0.07320272660627876,0.05892876102249201,0.0739604195534029,0.061702384091514136,0.052788205231298346,0.052797505060156534,0.04580253390771772,0.042025092130857124,0.04813906693452074,-0.00034920852257512314
2021-01-20,0.0907118423985028,0.09139075779461439,0.09226184368917792,0.07203269817028184,0.07049938553346825,0.0729758257689103,0.07296415632087913,0.059627299898883636,0.0751129771788497,0.06139887028754165,0.05228973725411012,0.05258163084404472,0.04593025650082489,0.04257524116199496,0.04799540868587071,-0.00034793148795487117
2021-01-21,0.09120668020704048,0.09287274809932386,0.09261082925463554,0.0722681965334899,0.06917975607930207,0.0704972812368894,0.0733304385370436,0.05953581027066871,0.07452693637628831,0.06162259207563894,0.05223305360132383,0.05357755269679566,0.045997347506533434,0.041995171793653564,0.04889333272851058,-0.0003477269971378543
2021-01-22,0.09123413679056343,0.09359044594588402,0.09235589890102051,0.07190470364270889,0.06942157663290634,0.0706850900267894,0.07399177876305582,0.059460800392907756,0.07268300405404232,0.0613687150432019,0.0530441087699226,0.053451165700177265,0.045922145390079036,0.04286616237076918,0.04836874507926536,-0.0003484775032936656
2021-01-25,0.09010352807505088,0.09364791169336562,0.09208186060124796,0.0712713198635474,0.0694350298849828,0.07129812857554002,0.07415899291010662,0.05986357364036221,0.07482157118208049,0.06119303589917624,0.05341632251081677,0.05312607865276503,0.04535609917428071,0.04251911445699936,0.048056613023254806,-0.0003491801435769204
2021-01-26,0.0907864849961556,0.09627703131680225,0.09175618087742038,0.07123251580952031,0.06967898221572902,0.07196886993831982,0.07474573498641852,0.06121896194884391,0.07244415742626484,0.05918742660085519,0.05322347291143885,0.05435176201366554,0.044309613442797144,0.04037244629679865,0.048796925704723965,-0.00035056648575399103
2021-01-27,0.09175617336633744,0.09601333207788726,0.09154397885264992,0.07103506058011648,0.07036378623750902,0.07199804970975394,0.07588597800309337,0.05924582567928682,0.07213710878344039,0.058654387517346716,0.05346081738660302,0.0543257491801945,0.045320663297647015,0.039345840588554046,0.049266675782781016,-0.0003534270432010171
2021-01-28,0.09204945939845413,0.0976181966198364,0.09088470613284286,0.07115807566863182,0.06868775089603826,0.06965591488600355,0.07660535908505745,0.05913040672732652,0.07326377503407151,0.057300367346590046,0.05381461469308507,0.05593952364895993,0.04557538142264823,0.039476822239635063,0.04919227257921399,-0.00035262637839489927
2021-01-29,0.08990360438565144,0.0926749159220165,0.08931208210155352,0.07429673269029483,0.0715448079197021,0.07215920105332119,0.07366089181016225,0.061171391969808725,0.06631237910551244,0.061500079777784725,0.05644494312247248,0.05239364277611278,0.04524897839780215,0.04358054149113574,0.0498136383131382,-1.7830836469114457e-05
2021-02-01,0.08837492473657477,0.092603181577435,0.09120989562472998,0.07453931430312921,0.07132694990697248,0.0729842291825096,0.07370100706906964,0.06121412870543356,0.06509216028547918,0.061587022620261174,0.05726618783438273,0.051543819714974695,0.04628106665977619,0.04341665870935439,0.04887723649236789,-1.7783422450509513e-05
2021-02-02,0.08960168764387227,0.09274463985507231,0.09236902418099865,0.07462417984362742,0.07159790977130023,0.07378071971496133,0.07432959921386455,0.059757898420476116,0.06430607433070584,0.06276700549683717,0.05741222098251782,0.051330097703527575,0.04539317378219665,0.042766520752324566,0.047237106698324045,-1.7858390606522083e-05
2021-02-03,0.08932934519313442,0.09199330140425414,0.0912197288280859,0.0744167492933387,0.07177262323604454,0.0756133013180961,0.07267376660856976,0.06062489477794626,0.06511361761482401,0.06189474482520944,0.05749734880622188,0.05084360231374461,0.045461526792534374,0.04386654160533243,0.0476967250095205,-1.7817626856944264e-05
2021-02-04,0.09043387166170085,0.09228434377239858,0.09043861311538134,0.07480369785557277,0.07338061978349511,0.07470131465459277,0.07219035517523464,0.06120242024115952,0.0646593948407191,0.06160926512116914,0.05754893415299433,0.05006194547468419,0.04503631433567421,0.04477928979740821,0.046887568135521376,-1.7948117706184668e-05
2021-02-05,0.08926511648894579,0.0919006345679866,0.0913594529613932,0.074805650425965,0.07313575232363752,0.07491921039430265,0.07065726281052358,0.06177953253841063,0.06518552865697458,0.06136860987568507,0.058631777482150066,0.04923364251627057,0.046044153332804816,0.04502088061656875,0.046710779131542625,-1.7984123161435714e-05
2021-02-08,0.08898020139861126,0.09152762637434073,0.09229017972707707,0.07366606060099447,0.07224893342732042,0.0756971301947774,0.06989075181650989,0.06239214831464964,0.06664404675028499,0.060818279453553996,0.05911722679073792,0.048145667968012014,0.04652929108392876,0.04506523630496064,0.04700514632548115,-1.7926531240396238e-05
2021-02-09,0.08868510067147585,0.0902432435799396,0.09305665438623568,0.07212996342827456,0.07218012868270465,0.07683580216375954,0.07027984010130181,0.06430667473723774,0.06786282249092956,0.0603851328480373,0.059325747408397404,0.04825691758751412,0.045380189525245314,0.04443374542205321,0.046656010116818296,-1.7973149924535625e-05
2021-02-10,0.08703368895601188,0.09034585457645627,0.09286993583324207,0.07079626881349227,0.07258822930392034,0.0776005941389576,0.0705513868815559,0.06406429977310187,0.06851704546785649,0.061076351288669464,0.059675344240323676,0.047630522995951656,0.045644479757268826,0.045446445366307896,0.04617753347019893,-1.7980863315089058e-05
2021-02-11,0.08886039689358975,0.08997072832607265,0.09301417281268679,0.07033664717352187,0.07287673932661588,0.07596515122469759,0.07012373569176067,0.06315783101629868,0.06874894357834326,0.06210569451929893,0.06038572051570059,0.04579209200777209,0.04734954914397625,0.04576006988362609,0.045570525785667726,-1.7997899628809982e-05
2021-02-12,0.08903785218411302,0.0901798647800049,0.09239702274557422,0.07053840645068131,0.07238429914906937,0.07562076437804666,0.06952173383393084,0.06191979432683862,0.06894864569049851,0.06271779435786422,0.06093754376279756,0.04646354100078381,0.047659475117701244,0.04535597973270501,0.04633528602871074,-1.8003539319985925e-05
2021-02-15,0.08776187892478479,0.08922396854295887,0.09130088906318394,0.07130943007317615,0.07310971937061905,0.0759878543661764,0.07043170885492678,0.06106724742567841,0.06921534869138551,0.06251643289487671,0.061696341630169564,0.046316944916558314,0.04728156518144524,0.04574978444770562,0.04704885812608442,-1.7972509729760303e-05
2021-02-16,0.08765959484605425,0.08963335754313782,0.0907303682270384,0.06963090352452196,0.07367578520608713,0.07698869532269809,0.07105906985251698,0.05969998581815642,0.06922736216256219,0.0606927947930537,0.06340926168030721,0.04571843081714319,0.04858951995385274,0.046796278720703445,0.046506653578357676,-1.806204619109133e-05
2021-02-17,0.08714784488970477,0.0903960257741691,0.09035043336056389,0.07006144961655415,0.07361218970002834,0.07561135358823029,0.06927099188719557,0.06019811237394467,0.06900351721510477,0.060483178386260245,0.06445718009822204,0.04686701566299411,0.04861152366798881,0.04675184528090978,0.04719548574354099,-1.8147245411407542e-05
2021-02-18,0.08598851684422999,0.09055837618487114,0.09084938140586142,0.07057952038386907,0.07185360696499295,0.0748472925518465,0.06842814950530274,0.06026571932398299,0.06947757705366918,0.06187327466221707,0.06392741238935203,0.04646544110413338,0.04958428263940296,0.04699865397711627,0.048320929764393596,-1.813475524128874e-05
2021-02-19,0.0860638058388155,0.08933497473788335,0.08938148332744862,0.06920126209465378,0.07230576721595981,0.07585814340070698,0.07001812106123606,0.060885033351304414,0.07056215250952697,0.061218779991788416,0.06263236619858166,0.047059199125917744,0.0498722178569672,0.0470209613792691,0.04860382957815017,-1.809766820979424e-05
2021-02-22,0.08606850803117434,0.09022786049341834,0.09036530711846577,0.06943099340104272,0.07283839748780835,0.07614056682360894,0.06938618752453965,0.06136587001735049,0.06891073553813838,0.0620496919422576,0.06125478703914526,0.047159362656499934,0.04900273651167902,0.04737034049342385,0.04844669490828492,-1.8039986837497523e-05
2021-02-23,0.08496583304211933,0.0908220485058634,0.09001213533185944,0.07029926116983129,0.07301457038354753,0.07671256082280568,0.06865807438976625,0.06100487278658594,0.06861385296670548,0.06303450830783455,0.06308022322922366,0.046639995530692036,0.05005953829054182,0.045619385075464584,0.0474812178593612,-1.8077692201893155e-05
2021-02-24,0.08446871537842046,0.08987116932578933,0.0887645761027473,0.07086690866135252,0.07306870869300895,0.0773461049520795,0.06953385796112814,0.06144481210438986,0.06952369344801791,0.06318639234590843,0.06208574767380491,0.04764052672036393,0.04971954142337839,0.04500372874049348,0.047493649068900225,-1.8132599783181348e-05
2021-02-25,0.08346479707313427,0.08919956027314369,0.08880621086815522,0.07092202356301389,0.0720423487452209,0.07662051251606015,0.07032175372139544,0.061685618814140836,0.07144535656604728,0.06414809984789395,0.06304582291254786,0.04638683661028388,0.050236961224720274,0.044828793432445335,0.046863373191594664,-1.806935979781402e-05
2021-02-26,0.0899034665835475,0.09267477387211225,0.08931194520612086,0.07429661881003219,0.0715446982575242,0.07215909044941612,0.07366077890450136,0.061171298207755784,0.06631227746347683,0.06149998551192693,0.056444856605007775,0.05239356246838477,0.045248909041245566,0.043580474691919516,0.0498135619599796,-1.6298032951174272e-05
2021-03-01,0.09023439335237965,0.09241380013114732,0.08909839357473505,0.07451629806314342,0.07122149250839703,0.07332387846341235,0.07437144028163306,0.061826743125470485,0.06525659630544883,0.06132751178280067,0.05608341209797169,0.05142682172923978,0.04546690816927266,0.043090664015081284,0.05035791139416692,-1.626499430027984e-05
2021-03-02,0.08930319024435605,0.09400454092564563,0.088222515466533,0.07469428882237354,0.07189937615139022,0.07278240209020219,0.0752238050957768,0.06074921571521478,0.06666405945681475,0.061343637474026366,0.05554583711085526,0.05117245977643667,0.04611789272251794,0.042638659710994786,0.04965437756346386,-1.6258326601863056e-05
2021-03-03,0.0889423959177792,0.09270605540404192,0.0897860882597964,0.0740704997148829,0.07249206673240358,0.07284576397554804,0.07409221527493391,0.060637588233811456,0.0673234547326936,0.061060663673535666,0.05652436767412329,0.051968664713233546,0.04678562937469034,0.04221474419337855,0.048566025508264846,-1.6223383117514872e-05
2021-03-04,0.08815071521974013,0.09260277761131054,0.09003824643930235,0.0720060509931892,0.07226678468892296,0.07277578713725451,0.07359676101697266,0.06156635184689946,0.06754869303102666,0.06212330862256355,0.056166763258342044,0.05264187925292358,0.04799335443340403,0.04310415894663505,0.04743453701982101,-1.616951830764087e-05
2021-03-05,0.08820080100508784,0.09255611628963888,0.09078797628611482,0.07279481372294665,0.07175121095621065,0.07306589468132267,0.07181574300347568,0.06302332739745166,0.06724945849418479,0.06237784421959162,0.05606714106839313,0.05383556111977493,0.04575596634013664,0.04323510127367205,0.04749925849645437,-1.6214354456495653e-05
2021-03-08,0.08770438784597029,0.09404898080633636,0.08980208959298842,0.07334647846451697,0.07197264886836544,0.07415790581009395,0.07108531534484415,0.062297105213797575,0.06826680572856364,0.06272083537915205,0.054606462726054655,0.05329058811421337,0.04601957188385134,0.043851752057553546,0.04684526144281986,-1.6189279121649405e-05
2021-03-09,0.08578050833863221,0.09509378941710218,0.08913393631252126,0.07206762992986883,0.06990469365430292,0.07537357256658526,0.07163060815723415,0.06246764381662761,0.07009101686977116,0.06372180619757047,0.05637386552919755,0.052354641273141704,0.04627205757943574,0.04282119993657142,0.04692930962583941,-1.6279204401946704e-05
2021-03-10,0.08531880013896699,0.09540861908329605,0.08891164603693436,0.07236841652517487,0.0702954946048659,0.07723117564507365,0.071121053080417,0.06145956449978514,0.07014900603903597,0.06275320525233488,0.05756726901908474,0.05196232474860927,0.04568927946844499,0.0423401181229386,0.047440254217339876,-1.6226482302403253e-05
2021-03-11,0.08510400619762146,0.09469412391749711,0.0904222423446388,0.07159006179903145,0.07026147097576406,0.0778079010417624,0.069495732126213,0.06182635915558236,0.06899505631846434,0.0635051652604424,0.05662776806785432,0.05253170917831921,0.04654333316058529,0.04297598909441096,0.04763528793463505,-1.620657282203724e-05
2021-03-12,0.08511404377807,0.0943616091843537,0.09207553543509639,0.07118561190618035,0.0695445241313132,0.07866384382811666,0.06891954753252368,0.061147053567641094,0.0676879212745984,0.06319090998436393,0.056698524712828755,0.05288530178229686,0.04744525289249786,0.04350457084309595,0.0475919899045671,-1.624075754405223e-05
2021-03-15,0.08475914105302237,0.09463323692619552,0.09313099950090425,0.07113071913927807,0.06899695123326048,0.0774948397080197,0.06743145929082424,0.061594415042835755,0.06812689596761033,0.06362649428882558,0.05646618667205176,0.05403237476625999,0.04695008577000453,0.044175870426112006,0.04746653037764941,-1.620016285409189e-05
2021-03-16,0.08375834082449184,0.09462319141054004,0.0929779642866547,0.07099267053907633,0.06865186405651606,0.07699597287998816,0.06919214470907134,0.062258490688075575,0.06845359081283024,0.06336452610768327,0.057053324396314824,0.054189057555051885,0.046701230414338706,0.0436799369071907,0.04712379263485165,-1.6098222675623377e-05
2021-03-17,0.08149082834933512,0.09510908728319616,0.09276744266776459,0.0725103981746373,0.06887964761856495,0.07605827465917823,0.06936263104345057,0.06153001173058493,0.06915489055542905,0.0638558198353689,0.0581265743049838,0.053641716547968,0.046883744269050724,0.0427361891345511,0.04790888663485173,-1.6142808915333096e-05
2021-03-18,0.0818362054442492,0.09552596325949722,0.09271305129921063,0.07281345661471098,0.07018333298704336,0.07574098399947275,0.06945831123654128,0.06055516951990654,0.06823407524004498,0.06392679932722481,0.059143176818375734,0.05339123522564832,0.04667478453466083,0.042407091222325874,0.04741249221863332,-1.6128947546032843e-05
2021-03-19,0.08205254978093321,0.09406752570477049,0.09398712876641224,0.07225351848080577,0.07079659570713644,0.07450779850070557,0.07008710224852205,0.061135068558920494,0.06862894294272723,0.06294747818620493,0.05939049174433593,0.052334817744539505,0.04647703806667489,0.043211918749841496,0.04813814826525913,-1.6123447789275787e-05
2021-03-22,0.08236398851920929,0.09348214545123171,0.09499319400919497,0.07253965068747589,0.06906058539228115,0.07554083332036457,0.07033199034404053,0.062416014820316675,0.06777518465474437,0.060078563404344955,0.059893672177903194,0.052800658759778324,0.045278953937475094,0.042612498187959744,0.05084824544835936,-1.61791146797921e-05
2021-03-23,0.082601883257791,0.09472194196874685,0.09487763263206375,0.07121650108072104,0.06932482741287083,0.0757304137775813,0.0703696331006878,0.0626880105395586,0.06845064705653606,0.06030117747689284,0.05902448200307408,0.05355862522257329,0.043999130545207474,0.04127402065956926,0.05187734286592187,-1.626959979593511e-05
2021-03-24,0.08325820784416411,0.09496692113346628,0.09374704726128459,0.07086608232526052,0.06932849483175606,0.0744246074466873,0.0698985735680107,0.06347867942169495,0.07013616987703368,0.060112208008484797,0.05995204817551264,0.05200872577129153,0.04466299437699846,0.04081243420124645,0.052363123216474926,-1.6317459366895173e-05
2021-03-25,0.08305842791136732,0.09623318597672995,0.09286179423654287,0.07137810244455092,0.06909689900440005,0.0742797062937891,0.06973289885953145,0.06272684258178812,0.07013324647227469,0.060065541683407865,0.060199710545813294,0.05209600419182206,0.045300819750869484,0.04151172796104261,0.051341405344566285,-1.6313258496013e-05
2021-03-26,0.08375596109664632,0.09509830610878564,0.09347411813215237,0.07190521913763415,0.06751335894375325,0.07439284233763835,0.06931694722899603,0.06207655814730189,0.07156914684458865,0.05948271555415843,0.059441828613992144,0.05218863397800849,0.04586979986843416,0.041427718574526276,0.0525031585391863,-1.6313105802578214e-05
2021-03-29,0.08390482626619764,0.09270455248201703,0.09264552875115369,0.07121762849860576,0.06769524265483903,0.07166809568803416,0.07148223340982864,0.062354404008991546,0.07151234342328953,0.06039344867633229,0.061515963995022065,0.05280081811131951,0.04649864764443187,0.041407748630426656,0.052214775067099393,-1.6257307588827022e-05
2021-03-30,0.0836718978041531,0.09209072057710521,0.09212235905885274,0.07024137187514762,0.06775731935206745,0.07025134004436549,0.07180233132011035,0.06244229886306638,0.07180832097988714,0.06002289786134678,0.06471030925350958,0.054122092136870165,0.04557770608962539,0.0416705122575628,0.051724804673368235,-1.6282147038310815e-05
2021-03-31,0.08990336504324724,0.09267466920179504,0.08931184433390674,0.07429653489668303,0.07154461745229591,0.07215900895027057,0.07366069570929332,0.06117122911862916,0.0663122025679381,0.06149991605156871,0.05644479285409911,0.052393503293157555,0.045248857935454155,0.04358042547051957,0.04981350569870037,-1.5168577558582346e-05
2021-04-01,0.08978293217443643,0.09212640657975135,0.08934274908289551,0.07467772756216474,0.07108536830732516,0.07262751154542005,0.0724609433012559,0.06060245243835696,0.06742159787187797,0.06249409769599485,0.056465939351815896,0.051843887909703276,0.04473650175511341,0.043580555708216694,0.0507665925126239,-1.5263796951915884e-05
2021-04-02,0.09034526852284933,0.09143827357932656,0.08801593032469295,0.0747274252896527,0.07020750781425035,0.07197596428847851,0.07358603646200074,0.061172443478881386,0.06742707734054791,0.061124127444680876,0.05653446192572477,0.05265831570518911,0.04434643832307894,0.04455845582484281,0.05189749653274093,-1.5222856937842492e-05
2021-04-05,0.09152645893433581,0.09148466169354379,0.08834857858671384,0.07574842893206479,0.07041325612308719,0.07133746641769083,0.07296270368259902,0.06123159697098054,0.06597834997640492,0.06084504316247167,0.05740468066729693,0.050596107447130806,0.04543686459340916,0.04536767867893605,0.05133330435945097,-1.5180226116280597e-05
2021-04-06,0.09179504675371891,0.09129000932875388,0.08933099174817906,0.0764411776479231,0.06907235207006451,0.07172743820636938,0.07261341630306599,0.06118147315726461,0.06513725146707017,0.062374642231260734,0.05826013793968486,0.049871094995196465,0.04429127447102188,0.04496700822673312,0.051661829464146526,-1.51440104531304e-05
2021-04-07,0.09185078352196502,0.09229722904300344,0.08994851442624216,0.07716971191160517,0.06923939562787275,0.07034310730773485,0.07231386004520624,0.06200969777805564,0.0649942349288535,0.06277331245435705,0.05787975381388514,0.048938939239926475,0.04413717213003422,0.04516175453018765,0.050957649138551296,-1.5115897480499786e-05
2021-04-08,0.0919934132981953,0.09176848013634582,0.09138544899747296,0.07720696552159421,0.07073597381136364,0.07200355900528005,0.07252073785278756,0.06136743274099458,0.06323496036132445,0.06158757952411894,0.056822791963321566,0.05028201823927468,0.04440946668914124,0.045671326225717214,0.049025015781095346,-1.517014802745222e-05
2021-04-09,0.09069531208391744,0.09233346555889736,0.09141457508285009,0.07686536739910992,0.07102805482417415,0.07331616267394596,0.07211240789990654,0.06126634565517591,0.06325089010717086,0.06370931928816283,0.05475181212133213,0.0507335001749104,0.04420985945194113,0.046029356463097235,0.048298695502241536,-1.5124286833389129e-05
2021-04-12,0.0905389666707018,0.09288361516093453,0.0943729285596412,0.07748650605554522,0.07021573352593098,0.07283619037792398,0.07159293806620379,0.05964417077876001,0.06287583451843666,0.06436886174730395,0.053569758536142,0.05158151753568172,0.04454695668533187,0.0453732300842772,0.04812789390292623,-1.5102205741127692e-05
2021-04-13,0.09174460787414672,0.09341150215951016,0.09422139582614854,0.07714603900963,0.07016553787923233,0.07224145357852355,0.06944922378206689,0.06127422579685866,0.06292432668574112,0.06466922282211819,0.053440643699605,0.050868381035779266,0.04433875551409895,0.04399032582065573,0.050129431197530404,-1.5072681645494455e-05
2021-04-14,0.0901523769706873,0.09190601274542574,0.09323874589350492,0.07784161028428163,0.06978162310614304,0.07069721119759004,0.07022988124596394,0.06156448149771345,0.06307618270168432,0.06502740302787159,0.05520826063540164,0.05245551737248981,0.04356724753238831,0.04504710786256196,0.05022132082435339,-1.4982898061027541e-05
2021-04-15,0.09071167947544798,0.0904682046216236,0.09321043042023588,0.07723668801199111,0.07059585651078305,0.07178430466599425,0.06837674804020566,0.06164869285723365,0.06423605320318537,0.0649516914090658,0.05595857350552414,0.052860844301108864,0.04390819367237002,0.044907473663191165,0.04915956776671311,-1.5002124673579218e-05
2021-04-16,0.08969778035313164,0.09106675711009365,0.09318047055965908,0.07707517894880532,0.07019907448100945,0.07147153897239555,0.06931369907477329,0.061331961841373885,0.06293471211305007,0.06567927392186333,0.0557559538094928,0.05287421039856975,0.04513498878288197,0.044880788472369294,0.049418601489222586,-1.49903286919249e-05
2021-04-19,0.08865088551024061,0.09081780078797153,0.09374833589092604,0.0756656363647252,0.07034029630001046,0.07153539089662266,0.0693266649055228,0.06221195054718231,0.06322730003949283,0.06716645557565025,0.05484493942720515,0.05298332059935662,0.04519281773946972,0.0439992157591785,0.05030396892129219,-1.4979264846962263e-05
2021-04-20,0.09068415389168728,0.0908912792901669,0.0943546599968828,0.07581761823376558,0.0698050555327937,0.069942166755131,0.06874355640694034,0.061055276867731934,0.06490298574643809,0.06712750215365448,0.05460521641023994,0.05384585813556732,0.04436098382438847,0.043442029143127225,0.05043664817740479,-1.4990565919764334e-05
2021-04-21,0.09146483553323535,0.09125495901367726,0.0945089539957013,0.0758085608897173,0.07007518648675554,0.07005579476841166,0.06772512276313948,0.061040066759737124,0.0638129293522998,0.06715517789833884,0.054136041732507675,0.05610761468683418,0.04429626039396687,0.04230001683028158,0.05027345000813697,-1.497111274089831e-05
2021-04-22,0.09200447072246858,0.09289495043775323,0.09400567319703755,0.07451243669318842,0.07084836167231894,0.0688937021403865,0.06740455064843014,0.0608894700298403,0.06382446188588171,0.0679577220134622,0.0536049483174049,0.05592123674468004,0.044344027256283454,0.04247284014817473,0.05043613103252793,-1.4982939838463427e-05
2021-04-23,0.09220932916237436,0.0935144568500387,0.09423157987762239,0.07476531323909012,0.06936382624413687,0.06881788623331346,0.06772433830706132,0.061414555187777047,0.0630638389801488,0.06715314211268256,0.05302161897354116,0.05633833939503991,0.045078358852020974,0.04209369538923536,0.051224672931198936,-1.4951735281828841e-05
2021-04-26,0.09210202332521338,0.09318207165897002,0.09380301730675983,0.07523649897985481,0.06948389183592472,0.07067079616555592,0.06680106541165812,0.061733617293837424,0.06243702132987482,0.06611002398250358,0.052903889586136815,0.056354970943104675,0.04729132468690672,0.0418702929938392,0.05003440847514043,-1.4913975280490878e-05
2021-04-27,0.09271573176918227,0.09159955781454165,0.09409696523337806,0.07556329620286623,0.07044821417652453,0.07185451997783412,0.06662875139306261,0.06186509806062047,0.06199255630215798,0.06523409050862075,0.053401052221403844,0.05538643484178252,0.04715469512366853,0.04129407207994648,0.05077993605343114,-1.4971759021202389e-05
2021-04-28,0.0944171330007675,0.0905137633331876,0.09234052255505353,0.075560310856334,0.07056194050399485,0.072160543867472,0.06632550392712926,0.06178229636066667,0.06242650348383235,0.06639097819340938,0.05179312807270409,0.05513109508882099,0.047409640446526784,0.04067183881980733,0.05252978988690828,-1.498839661463295e-05
2021-04-29,0.09378169229976208,0.09041229667018609,0.09283213069382346,0.07499929386517079,0.06893680830036396,0.07172166773706119,0.06720905669110734,0.06145460076747668,0.06161110096499493,0.06731245488693562,0.051492647643630846,0.05463379527320785,0.047515289168677116,0.041227782733398756,0.054874356763194826,-1.4974458991520704e-05
2021-04-30,0.089903430560537,0.09267473673867925,0.08931190942012437,0.07429658904045842,0.07154466959060497,0.07215906153631889,0.0736607493896994,0.06117127369730696,0.06631225089311243,0.061499960869777874,0.056444833988375305,0.0523935414750469,0.04524889091066631,0.04358045722985763,0.049813542000410375,-1.589734097626167e-05
2021-05-03,0.09096123465077308,0.09222553826865157,0.08865369423540627,0.07314294892363464,0.07373259360675262,0.07081963265283601,0.07287992519936273,0.06123549821417948,0.066582856713737,0.06211718189879546,0.05782204715094068,0.052592405962431685,0.04420330563275274,0.043175065703582045,0.049871885732473295,-1.5814546309210104e-05
2021-05-04,0.09243341671527312,0.09062414628399126,0.08951432516377562,0.07305896924914516,0.07424622574852163,0.07050433036576521,0.07182661685002195,0.06169557301300165,0.06702359813866518,0.06286267069843295,0.05763572576960966,0.051905282973541,0.042867932351243136,0.04369130016030805,0.0501256459079907,-1.575938928622425e-05
2021-05-05,0.09188054897933622,0.09041855058927656,0.0893507838132383,0.07205007749675689,0.07375040501753513,0.06970978721313088,0.07166556295202445,0.06125565197375937,0.06562739776161684,0.06505774836766871,0.059007774026414744,0.05140183226511463,0.04322406054136858,0.04417939485831135,0.051436230381032316,-1.5806236584930792e-05
2021-05-06,0.09114015241881158,0.09139071593570533,0.0887982137190439,0.07092885134844377,0.07438310251648655,0.07085011001649413,0.07415650609328342,0.0602066802719639,0.06630151845741147,0.06463939574309488,0.059753550948611116,0.05012630927710693,0.04226728948768752,0.04355688518141641,0.0515165165143025,-1.5797929863499575e-05
2021-05-07,0.0901228215138955,0.09153035782743664,0.08932653809984621,0.07105584626880655,0.07546443608806594,0.07087193638163335,0.0725764748891792,0.0610665151274338,0.06538329686075851,0.06523241935781014,0.06097856548495835,0.0502685664848372,0.0409606520679422,0.04262415783697604,0.05255312936957523,-1.571365915501962e-05
2021-05-10,0.08989202555099807,0.0915183011964641,0.08997656049315983,0.07156037788555764,0.07565548965909633,0.0706241713554688,0.0722128266234315,0.06176138555094705,0.06587183863352002,0.06492586215797372,0.06200462749260676,0.050126407516585265,0.04032359718343582,0.04200987940848479,0.05155234467823237,-1.5695385962004013e-05
2021-05-11,0.08978291924392073,0.09279008441831697,0.08932114433148407,0.07181896058126824,0.0751629327505077,0.07049444415024929,0.07084989388058562,0.06166457147854486,0.06578691001931948,0.06557613565003229,0.06233127295484363,0.04919560624731972,0.04116038696301792,0.042243835283455586,0.05183661571254336,-1.5713665409540822e-05
2021-05-12,0.0899966783403064,0.09253421760002198,0.08975721055499024,0.0723951122688177,0.07375817515474876,0.07019027586427123,0.0707924339394116,0.062053414935753816,0.06713253414962918,0.06496733691505925,0.06199888333515429,0.04890596622800888,0.040695740218895146,0.04209580814996806,0.05274196166378015,-1.574931881673862e-05
2021-05-13,0.08945708049943442,0.0933092871161111,0.08846543723935377,0.07222281429870878,0.07376522499263606,0.07199429612272823,0.07082408076302152,0.06037057565442212,0.06541622403913341,0.0652782863550127,0.0628832582519577,0.04942789953435031,0.04099253782317249,0.04317474372831076,0.052434062759478574,-1.58091778321583e-05
2021-05-14,0.0905404580849729,0.09210323957791956,0.08792370869636061,0.07098823265061897,0.07379390275345009,0.07222269320352516,0.07120239854334688,0.0606546018903174,0.06476421867369739,0.06533822140361296,0.06159858163222808,0.05076341681427007,0.04093598490562245,0.04296127078528424,0.05422493373130732,-1.586334653419736e-05
2021-05-17,0.08956676899899176,0.09114693898481062,0.08697435481157798,0.07100945804083149,0.07426284340165304,0.07299028228634623,0.07375925775462434,0.0587915225221439,0.06542910507965348,0.06485426508010798,0.06109164732521929,0.050298389584845456,0.04033723845462386,0.04433964085830796,0.05516416276934324,-1.587595308053958e-05
2021-05-18,0.08998239192526857,0.09280437409262733,0.08593713946581932,0.07024062456306851,0.07262628433483927,0.07266588263052175,0.07425956586597196,0.05914918371539292,0.06587892080960238,0.06373094926290165,0.06217722788766721,0.05074070215161939,0.04105040192450861,0.043016207134845906,0.05575608720102997,-1.594296568480428e-05
2021-05-19,0.08920826674291975,0.09267851097850137,0.08666668515453081,0.07050618605145513,0.07207365792179056,0.07287446639121707,0.07292986003372766,0.06028426055681279,0.06586702331387141,0.06502531467040192,0.06182791495514197,0.0504415422191919,0.04062124659581633,0.04383450396239994,0.05517654245964694,-1.5982007425617854e-05
2021-05-20,0.09016672406084006,0.0927494643482962,0.08521504435928068,0.07037496884100516,0.07137828194545238,0.07325379696055855,0.07210261035172869,0.061369864279380126,0.06609727126801812,0.06516273470586702,0.06279134303518262,0.051514726239273036,0.040808656935395,0.043434747121044545,0.053595818307368114,-1.6052758690440955e-05
2021-05-21,0.08970215512054695,0.0922959366339626,0.08543249563022193,0.07019607876380123,0.07207909096257807,0.07278568848538397,0.07215575092910509,0.06249519174606207,0.06653655610224654,0.0652057387033465,0.06228020218274937,0.05104866288789627,0.040267300494458536,0.043080161473149595,0.054455060926843296,-1.6071042352013758e-05
2021-05-24,0.08950242281675054,0.09102566803975484,0.08705692300947286,0.0704504970368849,0.07084621775956089,0.07237420928101794,0.0722665594912979,0.06400882911427133,0.06544851796862841,0.0662014943545532,0.0637011116066863,0.050516581405506515,0.04007969759123616,0.04227710213946215,0.05426023413978744,-1.6065754871417347e-05
2021-05-25,0.08939573086411431,0.0915584404018001,0.08801198347869259,0.06979274607290384,0.0691027494138719,0.07230348130740699,0.07250369925991279,0.06419336656243795,0.06509079416501458,0.06629038516709597,0.06522730897972573,0.0508145897788725,0.03979705362487776,0.04187190556321758,0.05406181432813342,-1.6048968077947296e-05
2021-05-26,0.09058922238801535,0.091201079173117,0.08781513869866374,0.0692681531927357,0.06988735896071802,0.07397635592136331,0.0728052184765037,0.06414770118850746,0.0650056107725485,0.06372137351123933,0.06589561235509013,0.05083948454810982,0.04002624803480121,0.04125857165460928,0.053578883535443475,-1.6012411466047427e-05
2021-05-27,0.0902594516338774,0.09216922281778203,0.08748231884329134,0.07094625114464641,0.07027815627488286,0.07279462847335993,0.07270900601089493,0.06358352769632634,0.0629179870885915,0.06533539768177106,0.06668092487037447,0.05132515162272424,0.04016580170830138,0.04024469026296891,0.05312349700684251,-1.6013136635397834e-05
2021-05-28,0.0912598971206631,0.09147443041208753,0.08536032226355923,0.07098731516833898,0.07038311004862086,0.07315805750776962,0.07366441208008521,0.06437001646848738,0.06337023263270243,0.06677118153163997,0.06526159614826489,0.051938916837669,0.04074718999633808,0.03947287210898783,0.051796509376144155,-1.605970135830248e-05
2021-05-31,0.0899034220048282,0.09267472791923757,0.08931190092070798,0.07429658196998316,0.07154466278201761,0.07215905466926259,0.07366074237973416,0.06117126787590946,0.06631224458247105,0.06149995501710069,0.05644482861677201,0.05239353648898707,0.045248886604531025,0.04358045308249974,0.04981353725987759,-1.58021739198184e-05
2021-06-01,0.09147997882813512,0.09114157399987978,0.08844650999843226,0.07281664668682268,0.0719498179337784,0.07329336600636155,0.07488515964713167,0.061874033274102104,0.0657392474156982,0.06080307719556077,0.05460629605236299,0.05388680136951052,0.045365055829316686,0.04294881299784129,0.05077932780141537,-1.5705036349285757e-05
2021-06-02,0.09068248008321945,0.09156289732316646,0.08832874731096464,0.0733913013347923,0.0719366817467116,0.0719745811073718,0.07501000521805704,0.06283589174867898,0.06575696106134772,0.0615793881924613,0.05372273374248611,0.05390540426904579,0.04490481058183329,0.043569912594066874,0.05085391308984706,-1.5709404050448205e-05
2021-06-03,0.09160123444443219,0.09290581998701068,0.08931271577796597,0.07389172365345856,0.07132769328077142,0.07224054305839478,0.07475040113165107,0.06276644380597955,0.06564098099879265,0.06087623492252216,0.05222171480965653,0.05350594606245232,0.04523419406017613,0.04266832466127829,0.051071792000949474,-1.5762655491851793e-05
2021-06-04,0.09281436863248389,0.09343632384416432,0.09048215783908718,0.07388619267067587,0.07201263392849931,0.07124913116485598,0.07377026037217765,0.060063434467153336,0.06650269739627354,0.06205870867969096,0.05152920609341849,0.053046882171375945,0.04444475157741209,0.04278270455836004,0.05193623323566243,-1.5686631291028653e-05
2021-06-07,0.09131820651875755,0.09385906334949623,0.09024859407463239,0.07401449815176515,0.0724476407136005,0.07111219852589255,0.07370547505937808,0.05991428452573822,0.06749937501668105,0.06249975808901718,0.05174600776906327,0.051944222909334814,0.044180124646664265,0.04351420041432336,0.052012039247596474,-1.5689011941054792e-05
2021-06-08,0.0918838369323574,0.09553650555083759,0.09126239894462132,0.07409718647830983,0.0720035664819475,0.06879157429166356,0.07354782756093285,0.05964719831996007,0.06790337717324398,0.06236413271059295,0.05149029892883113,0.05039928590949873,0.04346496246454681,0.04390652616991678,0.053717007410435336,-1.568532769571656e-05
2021-06-09,0.09157883032749191,0.09562612611214057,0.09198476526497956,0.0732379931092247,0.07215891637336631,0.06798463455036698,0.07424013180415223,0.059643494909321824,0.06805588137688894,0.06147463037995843,0.051969439540541194,0.0520622336530581,0.04260860158662671,0.0435461298943836,0.053843835690889644,-1.564457339073436e-05
2021-06-10,0.09219552391015486,0.09502160256154933,0.0891148175500228,0.07433481386872583,0.07278338908049313,0.06642914849508492,0.07359317185124747,0.06093866331640595,0.06948607524414584,0.06234281981200816,0.05180016244062315,0.05211535442030035,0.042495864506826644,0.04442662849056236,0.05293759512572965,-1.56306738804763e-05
2021-06-11,0.09168628013633584,0.0961980699145734,0.08926470080865688,0.07567558045350412,0.07234996565988991,0.06653166688799625,0.07284254633687351,0.06108542996284484,0.06811970564668748,0.06201716878829136,0.050716482182911714,0.052852716148264194,0.043135206426110774,0.043133062231455806,0.05440707888616488,-1.5660470561031763e-05
2021-06-14,0.09367105468512127,0.09606259599565405,0.08848330997160644,0.07798532113448266,0.07106368892291395,0.0664316941730065,0.0728926572181576,0.062143569292532376,0.06836870563480278,0.06143599931022838,0.04985461136410342,0.0524644698687653,0.04230723665708863,0.04310442415310459,0.053746289212099,-1.5627593666933943e-05
2021-06-15,0.09257392198466682,0.09752277642441308,0.08822730461079505,0.07704469894530389,0.07109930657722158,0.06666135453925069,0.0713603749009114,0.06260009727708199,0.0674853786646618,0.06323685021089374,0.05041431605622795,0.05225387845815292,0.04187026547962863,0.043142721303467906,0.054522417126926036,-1.566255960361162e-05
2021-06-16,0.09253550828377538,0.09729423006755225,0.08827253247050652,0.07650421564075618,0.0707986407598067,0.06487681110036178,0.0722976957705761,0.06286662828792687,0.066714160245813,0.06510518128082951,0.05049085537826242,0.05134783610413037,0.042506467139553264,0.0434639293903605,0.054940964805350954,-1.5656725561838194e-05
2021-06-17,0.09258898341051068,0.09819207540745976,0.08843463640211995,0.0773542622536914,0.06948797254667345,0.06482312785307405,0.07433209109376858,0.06248300111133059,0.06643667322666047,0.06496782434331547,0.04974048068623009,0.0496793364833084,0.042544553990494345,0.043788845526322694,0.05516186158377289,-1.5725918732875756e-05
2021-06-18,0.09265403868533026,0.09844139768651922,0.08960173708772855,0.07735194907636897,0.06915444620925683,0.06473265409489441,0.07508133366239313,0.06387787682449043,0.06596874634704171,0.06521914774538583,0.050130908533188,0.048964299444755964,0.04266256828231961,0.04272406945300374,0.05345058227813976,-1.57554108163786e-05
2021-06-21,0.09318488386002248,0.09828298627587938,0.09000516808721694,0.07751719041567667,0.06849636012647527,0.06485028984541764,0.07401124642854379,0.0652966900741483,0.06480164628817527,0.06518437668009626,0.04941016838240852,0.04956234741902544,0.042524749386084595,0.04243161215396524,0.05445607241145425,-1.5787834590058846e-05
2021-06-22,0.09330390255372618,0.0988984346502301,0.08914560481999445,0.07635073951720053,0.06866183927711415,0.06465889461580702,0.07472411989744204,0.06530086810999225,0.0650785680088649,0.06362212933387827,0.05098619836253813,0.04948985833001566,0.04310268720729373,0.041842625692945695,0.054849330093257265,-1.5800470300526284e-05
2021-06-23,0.0920657820275543,0.09925706475584113,0.08872158453740375,0.07630844214126999,0.06918431735196755,0.06358431376590858,0.0739744475711977,0.06567302355782811,0.06705514661550704,0.06344019094650707,0.05143864689601543,0.04936787115790473,0.044542728656819644,0.04048658037310092,0.054915641603019254,-1.5781957845106362e-05
2021-06-24,0.0905315086561118,0.09661304707800995,0.08889330673836475,0.07633549944085388,0.06886119720304211,0.06342238392699939,0.07697785480851896,0.0653588397345341,0.0674883908048278,0.06273354273938034,0.05163049052597486,0.049119509646217106,0.044178289959629025,0.04178762304658312,0.05608427355638782,-1.5757865435174982e-05
2021-06-25,0.09082589871976174,0.09454715156617038,0.08872519080833369,0.07886307792625454,0.06881049911389592,0.06445437255034552,0.078642607193399,0.06570296261029586,0.06679074219842357,0.06049657663532447,0.05231940789564002,0.048554529051794186,0.0444166190341163,0.04093142096140829,0.055934729312500556,-1.578557766404117e-05
2021-06-28,0.09089190975037707,0.09484556881447304,0.08769804888681731,0.07998524414785341,0.06834729412763733,0.06310549099005337,0.07857231814685715,0.06577483410619471,0.06699244611786563,0.06181617703561701,0.05215516139649763,0.048491463839754514,0.043589811977539604,0.04157539416763437,0.05617462538194153,-1.578888711379956e-05
2021-06-29,0.09109457659591219,0.09359853037821365,0.08962492527920761,0.07935631630949382,0.06828646463207534,0.0637989030147273,0.07779793656003121,0.0647965090706,0.06529908251138919,0.06291273577996945,0.05203120564071827,0.05121798129604973,0.0431107750877376,0.041147177882741255,0.0559427639438038,-1.588398267044112e-05
2021-06-30,0.08990336876710413,0.09267467304044116,0.08931184803326243,0.07429653797409466,0.07154462041572131,0.07215901193914447,0.07366069876036807,0.06117123165238196,0.06631220531463342,0.06149991859893593,0.05644479519207978,0.05239350546333113,0.045248859809691795,0.04358042727564963,0.049813507762008734,-1.5209998848481653e-05
2021-07-01,0.08981083970392352,0.09249023012249943,0.08905753481152553,0.0740898476191481,0.07154896730547518,0.0719150999723911,0.07422489180296386,0.06178256023242395,0.06573591710107227,0.06302140481266384,0.05582402637245243,0.05121765733098236,0.045779058440728666,0.043147744969892106,0.05036949730695374,-1.5277905096165983e-05
2021-07-02,0.08834009965545538,0.09440417861906174,0.09029026066696119,0.07329266233404375,0.07072722779263464,0.07394319593028134,0.07397505979214422,0.06146012548733317,0.06395107923184093,0.06310058318068498,0.055994431151479465,0.0521877993785628,0.04496033495156568,0.04224040754854424,0.05114792812247219,-1.5373843065661065e-05
2021-07-05,0.08948731381335918,0.09322537177004746,0.09166418820089618,0.07358291835478974,0.0719199529215403,0.0741414778948407,0.07171552127430392,0.06155114228752988,0.06519575807919321,0.06245566977823523,0.05585009504442144,0.05222819079249281,0.04283538729241162,0.04369215509759028,0.05047028110981741,-1.5423711469395847e-05
2021-07-06,0.08992383676506852,0.0931554924065002,0.09292329821846422,0.07393930880970719,0.07173003756206685,0.07330993295340237,0.0725071691689003,0.05993525498597827,0.06584224729311179,0.06141237635861988,0.0570043081985123,0.05239181804135749,0.043338363016784065,0.043777886369161134,0.048824092042600235,-1.542219023484525e-05
2021-07-07,0.08895528732569095,0.09354257264627613,0.09284804858853261,0.07474788979320124,0.07189770468526407,0.0722190130637744,0.07154960657462406,0.0598748098361075,0.06342604172950679,0.06285538006649262,0.05727547228415009,0.05335033027354522,0.04203910337820916,0.04466753003883864,0.05076658781790899,-1.5378102122534425e-05
2021-07-08,0.08803534855793253,0.09447963794212157,0.0930553671827391,0.07358882900672836,0.07249283195237091,0.07315909060571708,0.07113491073214982,0.061007680907762166,0.06200488764725235,0.061546112762666846,0.05754266762937219,0.05350534777380206,0.04161473876747808,0.045440981425554534,0.051406975430555536,-1.5408324203026437e-05
2021-07-09,0.08825323398272548,0.093837363227836,0.09314276513324042,0.072809816686173,0.0738943488610194,0.07200277299476847,0.07275940289409842,0.060708872630865475,0.060413370361951595,0.06251739962265339,0.057354080012183443,0.05398697700631161,0.04228489523098525,0.045481997085006456,0.05056802347202463,-1.5319201842880084e-05
2021-07-12,0.08849964676086994,0.09324325649587299,0.09324031096450176,0.07056494114156067,0.07383082269889879,0.07096870214072452,0.07392159198684801,0.06086693286255122,0.0602560809805472,0.06260405691089262,0.05608354556246145,0.05512895494861577,0.043497913111879685,0.04553258406221978,0.05177587801653284,-1.5218644977356433e-05
2021-07-13,0.08804469317169819,0.09251553301272075,0.0933089423769886,0.07093986162956746,0.07350331831228872,0.07148504503035623,0.07425745628061949,0.06003218035903176,0.060748242676531526,0.06347413224579779,0.056268538460635426,0.05623148367207114,0.04259373518871214,0.04594847131628317,0.05066358550512937,-1.5219238431650686e-05
2021-07-14,0.08726969965821943,0.09208737148582377,0.09252597155468258,0.07062267872850773,0.07344811001996808,0.07238826130720337,0.07407696951954991,0.05879737639510565,0.06189776186878152,0.06277476741551619,0.05632887391060056,0.05677127947929598,0.04283183153771865,0.04696303156447203,0.05123125826596438,-1.5242711409724427e-05
2021-07-15,0.08635898148420429,0.09390251723398198,0.09251045826022106,0.07034590607020844,0.07414415521398293,0.07246171307473274,0.07431606198864509,0.06074444629090818,0.0615160852662494,0.06233638347444454,0.056320359338198366,0.05768121654180768,0.04161759444917502,0.04519352225140923,0.050565803430965985,-1.5204369134792393e-05
2021-07-16,0.08490548154140629,0.09336891750540767,0.09288582913321268,0.06953441688234445,0.07276434410159548,0.0724336346831406,0.07508727821732832,0.05921345414827721,0.062190874476994944,0.06305356178929201,0.05712551753608987,0.05880146027104275,0.04317834509430838,0.04485332710215273,0.050618737334385,-1.517981697839728e-05
2021-07-19,0.08392982291131641,0.09266502904166872,0.09371196575619037,0.06794799843794262,0.07146523707719733,0.07316355359968398,0.07555612307731491,0.058473478584651586,0.06251589339477216,0.06292253621600706,0.058085653287429866,0.05844688982239981,0.043636414636099484,0.04667213993041597,0.05082232588968546,-1.5061662775915844e-05
2021-07-20,0.08364442889504721,0.0929845384174363,0.09298693671079253,0.06954532936970263,0.07135282842704689,0.07263609721206123,0.07442805943920648,0.059164720740274825,0.0630901299627527,0.06221151944684855,0.05841775193406561,0.056757472791073404,0.04362362456871378,0.04689241255751346,0.052279150006614206,-1.5000479149732132e-05
2021-07-21,0.08313797900335197,0.09189747069908621,0.0922070847301215,0.06856959743332598,0.07260903234625297,0.07418021183233539,0.07485479743692176,0.060274835854154815,0.06330807277672808,0.06221237056317503,0.05819107682317037,0.05654779027509171,0.04250630381405804,0.04719373225457751,0.05232466020275558,-1.5016045106979924e-05
2021-07-22,0.08393772096183312,0.09222254075909524,0.09228596503616183,0.0680639284168025,0.07286694865464376,0.07508456064483873,0.07390116489519519,0.06051602326911741,0.06370410617443824,0.06169241873113802,0.057801143418735476,0.05693077351146274,0.04178217238346743,0.04763362480433601,0.05159195983593992,-1.5051497205717943e-05
2021-07-23,0.08472985549930374,0.0943510280188749,0.09137887581155445,0.06844588191851003,0.07218880329190631,0.07605180804096193,0.07260835923984,0.060903728300071014,0.06285533628468211,0.061473192572255045,0.056818386371093,0.057703807920746385,0.041158200577742665,0.04810143104564971,0.05124634462132477,-1.5039514515911643e-05
2021-07-26,0.08456559970867782,0.09441372995130984,0.09055466792556484,0.06855800092088551,0.07347574022726874,0.07523926466722104,0.07370569431464068,0.06215537607491586,0.06205471603126377,0.06004904490197018,0.057063343226124365,0.05713984103226555,0.042485057935113785,0.04810834162558783,0.0504466050859839,-1.5023628793882092e-05
2021-07-27,0.08366493083108438,0.09547602533990301,0.09001836163939468,0.06861126488066528,0.0743511435522182,0.07479691439621068,0.07368646397406328,0.062164859707099396,0.06271014269370616,0.06062638396478921,0.05688684469745177,0.05722982238763828,0.04223036372413366,0.046839762039556185,0.05072173965951798,-1.5023487432028808e-05
2021-07-28,0.08530024367543707,0.09477994146752974,0.08941861084963196,0.06804321523726736,0.07513702492149343,0.07536104546871841,0.07366198782404286,0.06146916675621547,0.06291341090026789,0.05926669394659229,0.05712867987291463,0.05818439876153828,0.04138546713602577,0.045623890117988564,0.05234126821511692,-1.5045150780423182e-05
2021-07-29,0.08482163673072696,0.095888674458181,0.08929014177996625,0.0679341008638979,0.07555846873135584,0.07453021964223383,0.07381874956143757,0.06115942524699614,0.061704806488847075,0.05960234660401949,0.056910902126942706,0.058058248093314294,0.040527711031037084,0.04697151705099168,0.053238096306941395,-1.5044716888953516e-05
2021-07-30,0.0899033409483804,0.09267464436419508,0.08931182039757245,0.07429651498457945,0.07154459827772963,0.07215898961104214,0.07366067596760005,0.06117121272421922,0.06631218479570353,0.061499899569067866,0.05644477772641431,0.052393489251252826,0.04524884580837518,0.0435804137905947,0.04981349234825696,-1.4900564983812831e-05
2021-08-02,0.08983790025040242,0.0913976356565892,0.08891821658702512,0.07409886984145383,0.07129019043315828,0.0717073661203402,0.07263221886660304,0.06321335933257324,0.06821233208841562,0.06044776443611188,0.05794671371462118,0.052092401015802633,0.045397870234495714,0.04357605790523719,0.049246011331290335,-1.490781411992885e-05
2021-08-03,0.09065159792240997,0.09149517141959954,0.08844495123326739,0.07297905996039236,0.07050790699882509,0.07019197153744279,0.07263946918676772,0.06213932863175165,0.06794289763290248,0.06173406277305581,0.05907474082969754,0.052068030527812746,0.04533328517551097,0.045074022527728505,0.04973840499546846,-1.4901352633162342e-05
2021-08-04,0.09071060868924442,0.0905161216980946,0.0891600230109831,0.07395656205072554,0.07023800881592254,0.07072889225013827,0.07256718508378227,0.06222265053769047,0.06569499516829354,0.06176865793478703,0.06024454703577558,0.05172336741445551,0.0455611234752174,0.04463699873651116,0.05028521250505939,-1.4954406680858207e-05
2021-08-05,0.0902851907112541,0.08942057821403086,0.09020819207880426,0.07455289030505882,0.06954513507390266,0.07100169119553795,0.07291214012607782,0.06263493640970912,0.0638877719769057,0.06258315588832464,0.05954757489721444,0.051290991430773876,0.047558892863182496,0.044779979113698354,0.049805791538652416,-1.4911823127487252e-05
2021-08-06,0.08831755409502667,0.0905921419607246,0.0888159901777846,0.07362881253934309,0.06920522538778746,0.07223029597173118,0.07361321073470535,0.06244600624038784,0.06413174370650679,0.06195517285057763,0.0596406224935792,0.05132009181137041,0.04833600374555515,0.045540898248624125,0.05024112428990047,-1.4894253604432402e-05
2021-08-09,0.0879918621493367,0.09125071335699066,0.08870927730921353,0.07270193539559655,0.06885578395106676,0.07229961169323901,0.07451023086068248,0.06227945006822839,0.06297830886727203,0.06200907040197616,0.0597512448319073,0.05148331254127568,0.049119494447456225,0.04639079917093744,0.049683792300717816,-1.4887345896865678e-05
2021-08-10,0.08754067196643904,0.09035548556093188,0.0894459420661108,0.07396798818699607,0.06864790264485644,0.07213632090627453,0.07605087954416977,0.06278173206122932,0.0634446550243274,0.06092118602082037,0.06046710716193538,0.050727728114190025,0.048192485479429545,0.04614694461559476,0.04918786541788236,-1.489477118752733e-05
2021-08-11,0.08726387759526529,0.08894482136695936,0.09028021258905392,0.0748509338757031,0.06696016880580542,0.07297328504270228,0.07515134937362104,0.0634885667919897,0.06332669829759408,0.060898662195304834,0.06023841815748393,0.05172541937775583,0.04711027253086171,0.04662503512997505,0.05017715474274673,-1.4875872822003272e-05
2021-08-12,0.08745146190710572,0.09062269445007266,0.08935798987422106,0.07533217633750869,0.06657470254629341,0.07379755821177018,0.0748116041548145,0.06286252954887392,0.06427276541327424,0.060172313781313845,0.058607209639791324,0.05105527927143125,0.04741944651610866,0.04760537791549982,0.05007169513505651,-1.4804703135838608e-05
2021-08-13,0.08867275058962798,0.08951290745475785,0.08906821825116448,0.07520133806613286,0.06658890762589029,0.07399792784628406,0.07563469624260795,0.06257206542011938,0.0645161997347404,0.06023534257288501,0.0578312385615187,0.0510494171032296,0.04738671466824725,0.04755063961183202,0.05019646012239347,-1.482387143138745e-05
2021-08-16,0.08910860637840332,0.08949785183515932,0.09067619509292732,0.07451028422345186,0.06629040760567896,0.07696760755007113,0.07490108380731324,0.061641759183655845,0.06550811345250791,0.05855359412042539,0.05786915770740092,0.05313542994025799,0.04631195771656332,0.04604352502763893,0.04899930949902871,-1.4883140484122629e-05
2021-08-17,0.08960720374272685,0.0902597789788258,0.0899209305529276,0.07488526314491298,0.0672240406785306,0.07851652729535262,0.07445072106615562,0.05947259810890523,0.06453906663152606,0.05801383677329367,0.057477599255312935,0.0528316775519409,0.047101408664279136,0.046994468854678284,0.04871971622285625,-1.4837522224718271e-05
2021-08-18,0.09015887451600724,0.09021064259323994,0.08961270365425437,0.075354271125641,0.06700953378429983,0.08026248710674573,0.07271302670521737,0.05880352447663797,0.06416329491643782,0.05818023512113351,0.058429061840709645,0.05260570558609164,0.04575017823000853,0.04753374534576036,0.0492274876015495,-1.4772603734341602e-05
2021-08-19,0.08892241910628283,0.09063529526528583,0.08849478525426127,0.07513893626868032,0.06659499920161654,0.08148927175620922,0.07318366767582953,0.05801632170087946,0.06532286274989481,0.057168801138538866,0.0590351925947214,0.0521445409528165,0.04568673232253783,0.04821436662714746,0.04996664673536314,-1.4839350064987124e-05
2021-08-20,0.09000729215095678,0.09052390721581224,0.08875486025635365,0.07473622708502026,0.06672138475318856,0.08192515176376831,0.07306793908445405,0.05652085761413762,0.06563120968852865,0.05748240772298695,0.0583767900851431,0.05100925192873909,0.04686535628857496,0.048643153642759,0.04974904081931654,-1.483009973977237e-05
2021-08-23,0.08939058280844218,0.09012646978441001,0.09036206489698706,0.07515497857056337,0.0665433798030566,0.08279643324023103,0.07256147667941777,0.05796119588927577,0.06722749725822323,0.05730527123850246,0.05802625358937495,0.048963958465045754,0.04584262940355407,0.047660633860274894,0.050092059975148207,-1.4885462507316095e-05
2021-08-24,0.0896448847992317,0.08943025907383952,0.09062849335310157,0.0760464824720391,0.06737575040104656,0.0812718825170271,0.0728789240158791,0.057174375959155005,0.0685478167027309,0.05836223303072747,0.05753883266265561,0.048633877220177694,0.04575764991029035,0.045993779054225255,0.050729729816569945,-1.4970988696926014e-05
2021-08-25,0.08997312167905773,0.09087593228866363,0.09011904995940936,0.07598519186668795,0.06656427311785185,0.08073882435928598,0.07217742762847222,0.05835542557532713,0.06827721768644761,0.05885546633364465,0.05755812546274552,0.04790529445547444,0.04592357588830168,0.04680371719430931,0.049902418152243486,-1.506164792256992e-05
2021-08-26,0.0910215703005199,0.09045535297292656,0.0900109135336456,0.07675841730289581,0.06629814713699565,0.08111059023144382,0.0721691521705837,0.05870662768988086,0.06614164095239503,0.05742670245048338,0.05837997333378787,0.048952433341416475,0.0453854485675131,0.046798319977513186,0.050399828610727095,-1.5118572727899343e-05
2021-08-27,0.09154388490133161,0.0885300341884665,0.08908312994731785,0.07641050458115306,0.06681803640477624,0.08365287438018115,0.07190139320170132,0.05750142990535657,0.06649803186275104,0.05857152915362835,0.05845153050588318,0.04818012151343252,0.0461265376039439,0.04734317418239508,0.049402891067865856,-1.5103400184103368e-05
2021-08-30,0.09152984080304855,0.08909144429833753,0.08988719747309462,0.07607291761845518,0.06628592939454028,0.08466290793992691,0.07047449577618013,0.05765358250513391,0.06491668926618854,0.05933202118386137,0.05800586768258605,0.04904197675426505,0.04636570142356052,0.046132156636552506,0.05056231512234373,-1.5043878075016028e-05
2021-08-31,0.0899034374608555,0.09267474385170257,0.08931191627504209,0.07429659474291188,0.07154467508184154,0.0721590670747116,0.07366075504335053,0.06117127839235883,0.06631225598274748,0.06149996559005735,0.056444838320660835,0.05239354549638536,0.04524889438363455,0.04358046057476931,0.04981354582372727,-1.5974094756668606e-05
2021-09-01,0.09002042266971988,0.09223262081490173,0.08915488117849091,0.07421785932622654,0.07075844873699398,0.07260535289214423,0.074029123565738,0.06243314442945789,0.06747061188966437,0.060777839423225316,0.05713236944016022,0.05149873937159524,0.04575404153454829,0.04312718334175716,0.04880331044426817,-1.5949058891832297e-05
2021-09-02,0.09072081736440682,0.09019787339551934,0.08792243426138811,0.07445239482857757,0.07120009704813665,0.0726419631864916,0.07283479530291485,0.06203800505171501,0.06822537663099655,0.061656280685489735,0.05742614137549401,0.05278879966333448,0.04632463970283314,0.04277368487016668,0.04881272418958127,-1.6027557045983485e-05
2021-09-03,0.0888751972276819,0.0894542309083355,0.08834368657404608,0.07450475998161446,0.07190025175482646,0.07185011010285629,0.0736373850297786,0.061435700653471315,0.0692302519512917,0.06120806713245487,0.05768265615997191,0.05373002009848612,0.04585131155492951,0.04265093129834799,0.04966134879862809,-1.5909226720988005e-05
2021-09-06,0.0888685265590435,0.08836515911812375,0.09049969375605965,0.07419725751280147,0.07213227643883398,0.07301148014977613,0.07313158432687943,0.060642092945184745,0.06958895300604469,0.059590705279484964,0.057497981520348865,0.0540327215583188,0.04570374092488302,0.041516303497465185,0.05123744829346966,-1.592488671784678e-05
2021-09-07,0.08904757897261172,0.08974057948163769,0.09034420599168069,0.0735306028342541,0.0724512518887814,0.07289524255468548,0.07205612996373317,0.061981306194995846,0.06903328572006656,0.057963854662799005,0.058811902348924326,0.05364537930096905,0.04527873381107983,0.040237864306406454,0.05299802018417634,-1.5938216801722027e-05
2021-09-08,0.08792565736758456,0.08975830014255765,0.09120100079908611,0.07386137920747725,0.07237639427268464,0.07128506852041305,0.07125084847571637,0.06213230614349187,0.06821339074761926,0.058137027698919555,0.05945279820674191,0.05451014227193674,0.04430132950201773,0.04184541865359226,0.0537648663168303,-1.5928326669316462e-05
2021-09-09,0.08798811502051505,0.09081666334157612,0.09360330467767464,0.07270139752455657,0.07223901385655969,0.06917158925415597,0.07150012913103385,0.06251173450928581,0.06823874015583699,0.057603082403730035,0.05753803781446228,0.054910498799644054,0.0454806675903974,0.04144032324673471,0.05427263941121176,-1.5936737374904332e-05
2021-09-10,0.08716774398137025,0.09174805761507955,0.09373056575887295,0.07247341317841317,0.07197897789687947,0.06921594961505222,0.07228195684288687,0.06170376472543621,0.06823008905146644,0.05790162584742787,0.056845284378202035,0.05690736336598206,0.04506486425054636,0.04117838327405913,0.05358798260076576,-1.602238244052748e-05
2021-09-13,0.0883579607386672,0.09196144633814751,0.09248365180375837,0.07315848982234725,0.07192586893783855,0.06922620170801198,0.07172213615216397,0.06086040340599913,0.06836267892412523,0.05723815197615071,0.058341916702979356,0.05552379318017974,0.04614288800288299,0.04097517028901533,0.05373520866910972,-1.5966651377189843e-05
2021-09-14,0.0892331828251177,0.0915618367982523,0.09354030224941948,0.07103550344469639,0.07144893593749496,0.06855393998306683,0.07066332607365725,0.0608095860242251,0.06890848161871542,0.05799379131911352,0.058704300843527187,0.0550284034308285,0.04655109820190191,0.04116597742886118,0.05481732952721293,-1.5995706090679546e-05
2021-09-15,0.09021630639639143,0.09192706017446549,0.09297763704095685,0.07076687086661503,0.07123903088150281,0.0685358493844909,0.07118992680613352,0.061662227299008374,0.06912324477531998,0.05823492514227055,0.05907205663389454,0.05476583546118477,0.04597837607509994,0.04001004707213611,0.05431665690846922,-1.6050917939536357e-05
2021-09-16,0.09084310494249279,0.09150077110619284,0.0929729607716434,0.07132705764108253,0.0718745223140295,0.06776370579946954,0.07233799254351761,0.06281411304096801,0.068147177298004,0.057647020131233316,0.06037686907240375,0.0547820321752641,0.044312391405166726,0.03910067701236598,0.054215692066361884,-1.6087320196116766e-05
2021-09-17,0.08936407645527635,0.09063274838982967,0.09251291928782292,0.0721413875339567,0.07124570998420142,0.06833741101019467,0.07335044511538129,0.063760188878748,0.06808433477877109,0.05560592511851804,0.06051891818185071,0.055469523166275694,0.044027513631430676,0.04014191439773749,0.054822982110203596,-1.599804019837927e-05
2021-09-20,0.08974584278303123,0.09153200460284247,0.09274987336070781,0.07000807675104585,0.0707445930021515,0.06932032617540604,0.07248430228640104,0.0635015832942078,0.06697056874446054,0.05709734006004134,0.06211630707542917,0.05460009395265444,0.04410810505907002,0.03961575129606307,0.05542120897711148,-1.5977420623788393e-05
2021-09-21,0.09058407850690958,0.0927022328868493,0.09350671868256932,0.07269738866039739,0.07018396634752688,0.06811517962287761,0.07243683001585398,0.06238286278392958,0.06579688909955163,0.05647775823632967,0.06148182886035241,0.05397980762295446,0.044724646118859346,0.03944180887558717,0.055504049867833166,-1.6046188381526455e-05
2021-09-22,0.09141439934176813,0.09205130939214855,0.09331135295912571,0.07306059852534524,0.06858557850971725,0.06608907993472214,0.07283935814583548,0.06287493866391745,0.06787644332783947,0.0566710781974543,0.06235986333023421,0.05385696144537125,0.045005118461668436,0.040683414636493595,0.053336559560291506,-1.6054431932680628e-05
2021-09-23,0.09159992505914888,0.09386781523680901,0.0934256813629591,0.07431092145766369,0.06794183631539906,0.06594768835680774,0.07274835279853928,0.06079760771481456,0.06658988896535294,0.05561652549854806,0.06308952440737572,0.054563897836666805,0.045191586150810155,0.04123198147554456,0.05309278858334949,-1.6021219789130544e-05
2021-09-24,0.09261305139098687,0.09385147996326178,0.09346211201167114,0.07406924816921986,0.06849442477362915,0.065581787189863,0.07369792468979249,0.05981683166447212,0.06549954456969408,0.056207716022646646,0.06299857723851084,0.05414732455348142,0.045899290069649316,0.04077909488452645,0.052897606184368874,-1.6013375773847806e-05
2021-09-27,0.09379741712267406,0.09527577661150209,0.09501372130517362,0.07380445146932145,0.06949654804488506,0.06476563134880964,0.07277748590725745,0.05781174588309083,0.06711253612819323,0.05544477368148095,0.06286061127222582,0.05330998990733874,0.046454966502349045,0.04049781452306247,0.05159253368908612,-1.6003396450682486e-05
2021-09-28,0.09456890221210473,0.09427474242087532,0.09454005559734417,0.07231758841695762,0.06857805827164726,0.06518506369074878,0.07114624562276577,0.05683825678065525,0.0673962880354438,0.055213052561775826,0.06516834847797236,0.055197775804734714,0.04594805386922249,0.04108897768843828,0.052554655342960686,-1.60647936470822e-05
2021-09-29,0.09456863248423567,0.09337709397927106,0.09506921137804983,0.07258987303342107,0.06860992481017618,0.06593595835409115,0.07083713828188697,0.05623894188025599,0.06790380183216571,0.05587310351899294,0.06430776798909481,0.05639738792276061,0.04478908745779096,0.040902080228500705,0.05261614958482904,-1.6152735522652794e-05
2021-09-30,0.08990377087382198,0.09267508754224589,0.08931224749431234,0.07429687027684864,0.0715449404100985,0.07215933468148275,0.07366102821923284,0.06117150525017394,0.06631250190622501,0.061500193666831106,0.056445047650153894,0.05239373980138551,0.045249062192213765,0.04358062219584912,0.04981373056062447,-1.9682721499689216e-05
2021-10-01,0.09094927777843392,0.09242049342965725,0.08865210516291973,0.0734589866224933,0.0720227393447125,0.07109838136978107,0.07518432574059239,0.06258919719119017,0.06629390994757024,0.061240334315417075,0.057156302462394726,0.05314815327367261,0.0444326363472107,0.04299285388097065,0.0483798973045628,-1.9594171579183593e-05
2021-10-04,0.09174848611381149,0.09350302615199962,0.08779346246176278,0.07344002452015422,0.07119975243364776,0.07063382903200834,0.07612772469832832,0.06225485996217738,0.06633659568066799,0.06000203877230119,0.05762680794739139,0.053385546084310766,0.044094657052300805,0.04307082012949837,0.04880205531348965,-1.9686353850009455e-05
2021-10-05,0.09113562596517602,0.09220301729564674,0.08960179859433262,0.07298758531365915,0.07119714252894373,0.07163271438718126,0.07984837432870774,0.06123210022678216,0.06686318550598003,0.05941935137672997,0.05719894292246113,0.05280769684570317,0.04328318515892911,0.04309847451387352,0.047510507685955154,-1.970265006166485e-05
2021-10-06,0.09210255885372662,0.09240921940092492,0.09016410439141621,0.07272327731656865,0.07100464713198898,0.07202564047939475,0.07873725577006366,0.06103417622876748,0.06613403192699177,0.05870994183785699,0.05535189896922983,0.054106470852173,0.04284714445882847,0.04410054304015507,0.04856882059322645,-1.973125131283886e-05
2021-10-07,0.09132252118206578,0.09173422878338187,0.09300701410126291,0.07446655115805038,0.07124994599158409,0.07254275099654489,0.07837114234350787,0.06164902944626436,0.06568868735201827,0.05708488605371575,0.054384732172014734,0.05434428098978075,0.042167938277018736,0.044226874051068614,0.04777921792662445,-1.9800824903468758e-05
2021-10-08,0.09047440335245853,0.09235228518222381,0.09308266406094272,0.0743223916741021,0.0718811451068056,0.07286060158227672,0.0797618554131358,0.061142505412593084,0.06515990344049605,0.055839820432378624,0.05391912098440929,0.055140190095964124,0.04306163993221705,0.04493099391693358,0.04609023849604666,-1.975908298374067e-05
2021-10-11,0.09139998951479969,0.09063605486206087,0.09399032667960444,0.07401496394606455,0.07250250580124763,0.07162603256930154,0.0810359550784993,0.05988517913408949,0.06452790063118635,0.05498892525813898,0.052402376587343945,0.05524518089899713,0.04444069972747853,0.047130639724475794,0.046193024703772324,-1.9755117060516977e-05
2021-10-12,0.09191437545486437,0.09040907614273952,0.09404166554111076,0.07337165498935248,0.07232853153224526,0.07177847242460497,0.08002543567755308,0.059539897790737664,0.064172486211406,0.05543693019038685,0.05126163472062347,0.05494545412670798,0.04572284065200708,0.04791309300119625,0.04715810654802372,-1.965500355937416e-05
2021-10-13,0.09200937679558238,0.09077818984723994,0.09514091680197206,0.07475109605776994,0.07067885985428683,0.07063470088762022,0.0815186517624206,0.059365696599350565,0.06359810009488802,0.05441561912145003,0.05085617304483689,0.05370574815652487,0.04745392337068963,0.04794961160870808,0.04716300287290346,-1.966687624360786e-05
2021-10-14,0.09220354807714796,0.0913509494649326,0.0957886148391794,0.0754188038510201,0.06990495230513362,0.07013382654790216,0.0820963304716886,0.05873187422563837,0.06338975666375143,0.054578629143158516,0.051340771711179796,0.05193332404069273,0.04790045216632491,0.047599437427430114,0.04764832466799591,-1.959560317619471e-05
2021-10-15,0.09211281858143151,0.09207314980396489,0.09639067166092717,0.07595735759036557,0.07055085772763398,0.06982399472856633,0.08146715989879066,0.05897854074946972,0.06356344688744522,0.0538817970635791,0.05126478094874764,0.05148974833275626,0.04680907377780769,0.04833340322003531,0.047322628853744775,-1.9429825265818912e-05
2021-10-18,0.09397242654658583,0.0906349227126405,0.09589505632336986,0.07605441011393982,0.07159203307554371,0.0702489161139691,0.0818892956022116,0.05809557813703248,0.06253722789788188,0.05420954305554157,0.05018777997374799,0.05108554053013361,0.04727501007121753,0.047524995823546724,0.04881670588223447,-1.9441859596850906e-05
2021-10-19,0.09569424938433423,0.08979191028829205,0.09556955712093411,0.07456155973521524,0.0713935397669109,0.07142326139137258,0.08199005600012943,0.058877299416003635,0.06154661933234083,0.05526158850298836,0.05008326990550106,0.05145351175119597,0.04752956395472229,0.04675183110546529,0.048091750242920527,-1.95678983265018e-05
2021-10-20,0.09610320961197975,0.08972205901630488,0.09619206477687874,0.0744844441895434,0.07118050169071662,0.06951575493467951,0.08131057848036576,0.05858208721831594,0.06303947067610129,0.05559531350658999,0.051095635526094994,0.05173737212688324,0.04672601345273812,0.046642667656016955,0.04809229675202957,-1.9469615238704105e-05
2021-10-21,0.09499139031338032,0.08913234609237278,0.09572266745626623,0.0756563114356755,0.06920079232447478,0.0704082413158669,0.08007792672994858,0.05729834692067426,0.06398346958340431,0.05608800586840028,0.052006357816613974,0.05230965463676704,0.0482988017943056,0.04700642202007636,0.04783867848375881,-1.9412791985827397e-05
2021-10-22,0.09539823637701804,0.09035058952319198,0.09502131667147296,0.07517506138958635,0.06902064240210831,0.06858961765061589,0.08032421159779017,0.05583624375122503,0.06411497929783211,0.056914680308622165,0.0516731227154111,0.05386191407331935,0.04712655994565147,0.04809394579920373,0.048518307621361695,-1.942912441048706e-05
2021-10-25,0.09430715761130941,0.09328280717779569,0.09542218540615022,0.07478593637634129,0.0681781215530107,0.06873784975987214,0.08058899100363798,0.05619997946500234,0.06415593179327975,0.0577675636437155,0.051612659443982405,0.05237345084077919,0.04724729027422499,0.04626058247871661,0.04909901272018625,-1.9519548004542485e-05
2021-10-26,0.09328321458486628,0.09328824619421736,0.09662456262326384,0.07385843859691538,0.06895275637059808,0.06825483090881702,0.08237579172688217,0.05582968159379869,0.06326724709724561,0.058303806143206155,0.05117992830608987,0.05156260910377919,0.04679128881145054,0.0461650805178391,0.05028200146496652,-1.9484043935758716e-05
2021-10-27,0.09152951238817025,0.09326250044164694,0.09722964522079358,0.07398880976153445,0.07001994822961381,0.06816276397211146,0.0821404246536547,0.056279097522512166,0.06334078732265332,0.057934221059030316,0.05159448722855673,0.05098363752620566,0.046280553801606554,0.04571338765751233,0.05155969291673572,-1.946970233813488e-05
2021-10-28,0.08902198913688358,0.09393159920977767,0.09757550818161605,0.07279549837560059,0.07051125709474307,0.06880281889615128,0.08306716621112357,0.05434489000495166,0.06484227956862029,0.05746490416872459,0.05234608227614426,0.05179850516835186,0.04572706620280582,0.04642513200653555,0.05136483024928578,-1.9526751315587993e-05
2021-10-29,0.08990368005914956,0.09267499392817792,0.08931215727715659,0.07429679522720534,0.0715448681402675,0.07215926179103246,0.07366095381187393,0.061171443458881355,0.0663124349218474,0.06150013154351985,0.05644499063320718,0.052393686876794354,0.04524901648468982,0.04358057817366973,0.04981368024218311,-1.867256965620441e-05
2021-11-01,0.08944785439581775,0.09239965743433244,0.08910994976055343,0.07477995340771064,0.0727109296046229,0.07246576868286012,0.07481592319286129,0.06031688082840645,0.06588611331600779,0.06079385501326767,0.05671987668066171,0.05206652764530685,0.04582069292577699,0.042835829457472226,0.049848847125364804,-1.865947102299762e-05
2021-11-02,0.08992101567868865,0.09036286915092981,0.09104763319168198,0.07445459996222169,0.07084619271666392,0.07253640065722157,0.07477322350740143,0.060187056428143704,0.06679088893544205,0.06144132409030611,0.05694165765341498,0.05241563826855037,0.04569787104866365,0.04418459741988268,0.0484176648341818,-1.8633543394584997e-05
2021-11-03,0.0899525215855323,0.09033740344120814,0.09176338723915867,0.07366882377253318,0.06928662996115287,0.07262218270836507,0.07499709647999689,0.06140999608221394,0.06548297028325628,0.06249757233219839,0.059083759702255045,0.05204752340833633,0.044635147468904374,0.04383079429941445,0.04840280305487547,-1.8611819401595704e-05
2021-11-04,0.09039673912500984,0.0897645458999214,0.09327340740321921,0.07270513025490757,0.06780462156805848,0.073634517813783,0.07267950461739957,0.061220908074547706,0.06850219163480316,0.06247771537747121,0.058005677778379255,0.05199328242235405,0.044593331512558405,0.04395826731696458,0.049008760148412545,-1.8600947789937386e-05
2021-11-05,0.08949483077841107,0.09128559817962395,0.09351037940193206,0.0733056086259915,0.06728406562350353,0.07484727416410905,0.07242798211763551,0.06146388020668934,0.06755783844609876,0.061516970292191546,0.05865911877434703,0.05161202253271534,0.04393335660700015,0.04345228894833694,0.04966737954496536,-1.859424355104176e-05
2021-11-08,0.0887052604231276,0.09091531897432323,0.09325988613985113,0.07149175479087834,0.06589793070401517,0.07496278043049749,0.07151207959591431,0.06221570893655098,0.06834423138054009,0.06203904848001291,0.06022952905888199,0.051406405074447055,0.044319688054962045,0.042881044385862724,0.05183787026692531,-1.8536696790360826e-05
2021-11-09,0.09006502336892853,0.09062438823450171,0.09334086459759235,0.07236951550132352,0.06556736187000367,0.07409340342391173,0.07212545802955313,0.06208862863153525,0.06831589695979902,0.06104649560431782,0.05837502038028732,0.05145436577728326,0.044887649140982956,0.04257739123712093,0.05308700821178765,-1.8470968928860666e-05
2021-11-10,0.08911260888764114,0.08930523183958662,0.09290986263934087,0.07202141808782916,0.06592649989254909,0.07307783825120086,0.07317916285886227,0.06357933995414329,0.06802186815573123,0.06200019695656145,0.05716599612892389,0.052196694720230946,0.04554702645034607,0.04309195557496993,0.05288269394341945,-1.839434133639768e-05
2021-11-11,0.08721379253737008,0.08933021953675242,0.09291397131094735,0.07170295089398188,0.06648028225274327,0.07318931938714464,0.07286870562150463,0.06306337404765548,0.06777187579552874,0.06352367461838093,0.05695437377610562,0.05211102801057614,0.04550449612603836,0.043668533363623016,0.05372191830465382,-1.8515583006348667e-05
2021-11-12,0.08518249999065927,0.09076508728669626,0.09489186204728127,0.07124440747435402,0.06607290380079603,0.07318726029566593,0.07254408593547904,0.06363254112600511,0.06619973250190933,0.06278951131495318,0.05871926823012037,0.05160038323068355,0.04677477276898553,0.0442150809161142,0.05219921929959185,-1.8616219295002627e-05
2021-11-15,0.08503056854536589,0.08995791800448939,0.09369977721394011,0.07089769080400798,0.06594695028271977,0.0732899673051271,0.07313953945357031,0.06351777723900717,0.06436080739905388,0.061861452266266895,0.06105843892057034,0.051842785605023936,0.04835787936278472,0.04500449206920772,0.052052424008144464,-1.8468479279861512e-05
2021-11-16,0.08555018669915737,0.09021980244792263,0.09224623390205569,0.07114918092610628,0.06714198828805709,0.07297359132466646,0.0737979888784769,0.06450613233241169,0.06371288224330068,0.061643878448472085,0.06026465154921784,0.051306308468996795,0.04743574390565036,0.04442684001763434,0.05364311547219465,-1.8524904320870138e-05
2021-11-17,0.08446970144673571,0.0899750601253944,0.09138216482613344,0.07182780574187522,0.0679449437168991,0.07349602755440428,0.07381780538979837,0.06404946570218864,0.06234858872236825,0.06326397279632316,0.059301183121241406,0.051688306064671674,0.04813960230981537,0.04381706759505687,0.05449675173819747,-1.8446851103523734e-05
2021-11-18,0.08485128249322815,0.09130569177038766,0.09068032241287868,0.07058449715065011,0.06735427512336446,0.07350550360427059,0.07369011171540059,0.06353415484267044,0.06043298398703898,0.06357105153209593,0.06104799479072576,0.051969431947139814,0.04853986983621955,0.04417138295246228,0.0547798395508327,-1.8393709365638446e-05
2021-11-19,0.0854610106072043,0.09152684735303385,0.09023456888336652,0.0698339352813853,0.06705065186168616,0.07369373819222991,0.07327074091594922,0.06372753004969264,0.06074322593217631,0.06430615744579862,0.06223373831857618,0.05197064727656715,0.047366650447086864,0.043839588635878064,0.05475932940405181,-1.8360604682856152e-05
2021-11-22,0.08380071516626879,0.09261905659767386,0.09018666892891403,0.06999657390067884,0.06802576006476811,0.07295370180365984,0.07369418515431778,0.06350595067637252,0.060462456842009835,0.06341704671371236,0.06379450338384747,0.05154804425853857,0.047862292977422574,0.04226823352942546,0.05588312802296494,-1.8318020575241187e-05
2021-11-23,0.08474975071971864,0.09284011576165797,0.0900941310843135,0.07042011456250744,0.07002048571953509,0.07141253991796996,0.07458660799499843,0.06278409976175975,0.060541161494948856,0.06327586188312338,0.06345692442543092,0.05162568398662327,0.04699048934446246,0.043135439969453925,0.05408493286553493,-1.8339492038625723e-05
2021-11-24,0.0856291551123076,0.09302174368432706,0.08942732036384428,0.07096021924871812,0.06906496232627805,0.07183421097946764,0.07355114492877106,0.06353881373044865,0.06003767612268552,0.06317907707995137,0.06411185624297554,0.051236556836228596,0.047205234489338395,0.04218190771686241,0.05503855326282418,-1.8432125028500268e-05
2021-11-25,0.08664270668972683,0.0951983483390766,0.08909450282042997,0.0712671849574788,0.06725751383821689,0.07288001514480567,0.07398051425587512,0.06281539879975181,0.06086303246350836,0.06264618275535527,0.06335160425297018,0.05141759194502487,0.04612013197234446,0.04277810921494928,0.05370550334181046,-1.8340791324569833e-05
2021-11-26,0.08614785200271828,0.09472542641958229,0.09021199950907266,0.07106982607712674,0.0664451588639012,0.07263182641777458,0.07427549811000758,0.06203922226742895,0.060090581842980786,0.0649900625434054,0.06275224180495266,0.05137085269923729,0.046033511224188695,0.04264597628153156,0.054588379037486236,-1.841510139512094e-05
2021-11-29,0.08689502829109728,0.09440816223148167,0.08898770870938867,0.07209459459771982,0.06635705067148834,0.07423253554766548,0.07201680626163048,0.062205794167311625,0.06179835487893241,0.0646321023322212,0.0625232456991385,0.051628421847543224,0.04558501181621542,0.042407262585358846,0.05424632662603918,-1.8406263232240885e-05
2021-11-30,0.0899032858489763,0.09267458756633169,0.08931176566069585,0.07429646945019044,0.07154455442991832,0.07215894538668646,0.07366063082290011,0.061171175233984354,0.06631214415470146,0.06149986187738944,0.056444743132887706,0.05239345714065488,0.04524881807654217,0.043580387081299986,0.049813461818871564,-1.4287682030813408e-05
2021-12-01,0.09131487436021295,0.09273656012396989,0.08999001370095454,0.0743438160432419,0.07093071388543305,0.07005351131913955,0.07383365503763185,0.06047514269482787,0.06550047774030315,0.061003113914526494,0.05802140197147388,0.054503084645931656,0.04540973646204174,0.043201808734395775,0.04869636575423598,-1.4276388320216621e-05
2021-12-02,0.09197683691176327,0.09467810746831067,0.09000704136597978,0.07252446966424804,0.07171702705722835,0.07114788986325324,0.07246906772808052,0.06080880048384223,0.06613945476432957,0.061120746255480224,0.05745579956834977,0.055610046738879024,0.0452305618953356,0.042166873574979696,0.04696159033032621,-1.4313670386054869e-05
2021-12-03,0.0930720830221845,0.09527141346349265,0.09009730554715148,0.07216407430311794,0.07126408192294396,0.07017642247057658,0.07205914300037095,0.05899374155657469,0.06543148134698401,0.06084115064449807,0.05803937052235975,0.05558972208248031,0.045876598356488864,0.043218745699724885,0.04791897683969374,-1.4310778642485065e-05
2021-12-06,0.09321706199444643,0.09501165142064932,0.0888920744688654,0.07257354869359235,0.0725171048140797,0.0702915379333948,0.07372342550656193,0.05756413176791167,0.06414028682911099,0.06148696435114121,0.058136643773368156,0.05667573300522528,0.04574786352365098,0.04242888185115369,0.0476073568779467,-1.426681109859718e-05
2021-12-07,0.09220388056949706,0.09427308524786804,0.09015952414005654,0.07357491411041833,0.07311194518363652,0.06900229460064611,0.0736481925205611,0.056783552167401274,0.06551427222260098,0.061168878729727226,0.05734015189656259,0.056929696855943485,0.045415384614403004,0.04375120962017062,0.04713733375927991,-1.4316238772698844e-05
2021-12-08,0.09115556289337688,0.09239419712801299,0.0903035825903827,0.0732438921702633,0.07198594663512706,0.07019547943334749,0.07446321716653596,0.056878504328166234,0.06698136409373057,0.061929312977547474,0.05669832245271735,0.05605422046760411,0.046168963611771426,0.0441658993698679,0.04739587490442866,-1.43402228801935e-05
2021-12-09,0.09060350926088653,0.0931472695008342,0.08974734580917687,0.0733075763750632,0.07340261122744146,0.06974687525662475,0.07303771016697853,0.05615106384549072,0.06811827893008636,0.06231162568096759,0.05670678183243866,0.05569904024683516,0.046668951001937825,0.0435840131924352,0.047781713102644334,-1.4365429841339914e-05
2021-12-10,0.09048318717754081,0.09282222700256876,0.08963557597494183,0.07340829381927093,0.07377965833962105,0.07036046921372364,0.06980448049284398,0.05583152072427304,0.06811837122285104,0.06414147813811696,0.05604415848942837,0.056183312819666965,0.04817816091569477,0.04279659602971046,0.04842695292532788,-1.444328558028637e-05
2021-12-13,0.08941824261926486,0.0919607981742279,0.08848821461820947,0.07249085313531875,0.07590543976035637,0.07083189026302804,0.07055511381975427,0.05599442526988386,0.06622864637375674,0.06427846786624584,0.05679307240337288,0.05515808062831936,0.048803579608065986,0.043178477090603455,0.04992907781852672,-1.4379448934219922e-05
2021-12-14,0.089559456337565,0.09144626254031682,0.08863678023308567,0.07409966146585152,0.07464010943587658,0.06934613687141021,0.07104421577487835,0.055963116016918224,0.06661882414767874,0.06559987778976284,0.05661328536669459,0.05372884995137759,0.05085133724145212,0.042645158917449376,0.04922138426808362,-1.4456358401078457e-05
2021-12-15,0.09017061235361526,0.09076813400839534,0.08826526881347552,0.07425063687868122,0.07536126778075394,0.06881322255437586,0.07225507459182225,0.05408687320409502,0.06714506801326556,0.06453091810952365,0.05768109850602271,0.053682238850346606,0.05008902593409522,0.04302192375284784,0.049893038599663715,-1.4401950979543412e-05
2021-12-16,0.09147971469633764,0.09057945850577996,0.088546866955231,0.07487743059004845,0.075965055944378,0.07006832843499687,0.07089326307529094,0.054810584156025924,0.06743315094966541,0.06424291013546794,0.057482844847625184,0.053954281573793804,0.04733585409164751,0.04284509707297554,0.049499679060007365,-1.4520089271489393e-05
2021-12-17,0.0915933972534187,0.08950462212798359,0.08801302113070357,0.07592113060715722,0.07660115517237984,0.07062145760728689,0.07016142446704281,0.05503487981226602,0.06696077829950105,0.0638221494902398,0.05766222705266277,0.05322619982503998,0.04840862164876488,0.042574695906538056,0.049908702054234956,-1.446245522019915e-05
2021-12-20,0.09272456033251816,0.09031676419080967,0.086559327144322,0.07620955288604626,0.07729436292666632,0.07134023789221042,0.06902361150719669,0.054457985543285646,0.06787066136199775,0.06299664912212746,0.05731933823682174,0.05458224979157139,0.04831759249183938,0.041968519944434346,0.04903302622317622,-1.4439595023487332e-05
2021-12-21,0.09276556546171032,0.0888606619367237,0.08610062144908465,0.07630135552117387,0.07831140429883386,0.07176717210964098,0.06818607033171366,0.05522908316040437,0.06740228502489122,0.06163810963556849,0.057021924504678856,0.05577296064953368,0.048343581175542286,0.041880484922358324,0.050433117676540795,-1.4397858399094947e-05
2021-12-22,0.09147649098705317,0.08767362154588258,0.0845713372346321,0.07660499179378694,0.07844892137610969,0.07316915385196607,0.06839580108347561,0.054902922083083325,0.06739382225968296,0.06174303727874102,0.055473215061024164,0.0583183798852036,0.04878247974326745,0.04204022892601305,0.051019986439232314,-1.4389549154144442e-05
2021-12-23,0.091691335530629,0.08717277018085222,0.08363649692866519,0.07680471916143458,0.07848447929428076,0.07210657829190939,0.06941582192785199,0.05490359340613251,0.06784463081238955,0.06281980014256992,0.05526856140825706,0.058394771113695385,0.04927833424051657,0.04132103970828136,0.05087139233392514,-1.4324481390771342e-05
2021-12-24,0.09135542264486599,0.08591346831413746,0.08531880277575321,0.07520525879464769,0.07688166690125596,0.072976584378368,0.06975630662862817,0.05385412089497091,0.06814000523516907,0.0639556650739885,0.05498947801425506,0.06067779112374159,0.04757294123011353,0.04165585443142466,0.05176088582645254,-1.4252267772281179e-05
2021-12-27,0.09173962556481141,0.0853798095054656,0.084700560800696,0.075278846053699,0.07732758285725465,0.07324319141942366,0.07045159373925425,0.05286534205456627,0.06764112048433665,0.06277539734909048,0.05443272003600711,0.061477871872333396,0.04747995215092016,0.043467238442947226,0.05175333754767722,-1.4189878483121133e-05
2021-12-28,0.09209161702660076,0.08575358696634398,0.08439725678774858,0.07548140101827643,0.07865206825984167,0.07360056473709564,0.06993716127355866,0.05235349901093416,0.06742420440311533,0.06306900512091584,0.05568190105645455,0.060303381927437755,0.04738416612686232,0.04374015095929744,0.05014426879619782,-1.4233470681015985e-05
2021-12-29,0.09142812122057989,0.08522342700242733,0.08373328064623617,0.07570510053879682,0.0785606487996775,0.07313638835245452,0.07040054011039637,0.05367847386597794,0.0691269986984629,0.061244326615806546,0.05625606613785504,0.060181715781659276,0.04756138787659358,0.043468216386880115,0.05030954823021673,-1.4240264020822338e-05
2021-12-30,0.09147587721696394,0.08464959238852396,0.08285246614594474,0.07525356342993447,0.07872164631742098,0.07364159510322296,0.07115872082044916,0.05326486496104052,0.06937100280826229,0.062118467390610624,0.05728197330449636,0.06008621232338366,0.0473502298632838,0.04359602972640695,0.04919198272937781,-1.4224529322375966e-05
2021-12-31,0.08990352119595021,0.09267483016796224,0.08931199945920033,0.07429666394196113,0.07154474171778243,0.0721591342828906,0.07366082365018553,0.061171335366629616,0.0663123177452695,0.06150002287046384,0.05644489089277617,0.05239359429517013,0.04524893652796812,0.04358050116514157,0.049813592219528094,-1.6905498879612478e-05
2022-01-03,0.09142741943715622,0.09212269820005403,0.0896583058727894,0.0739745164244737,0.0714874828568048,0.07424887783833757,0.07359250873067653,0.06168426238208715,0.06706523184453257,0.06074626243261782,0.05584990820514812,0.051501351181378295,0.04469757646406353,0.04146028688182722,0.05050026521100299,-1.6953962950029836e-05
2022-01-04,0.09253644128434363,0.09160458606756328,0.08766218303031205,0.07291116848001229,0.07058965374011837,0.07276755650471857,0.07392788234136312,0.06195932616372094,0.06545943755521762,0.061006781266490236,0.056838124645088195,0.05279088489422476,0.04662452190653522,0.04050301920258468,0.05283526252648535,-1.6829608778418024e-05
2022-01-05,0.09227248233570244,0.09110294708851777,0.08802030478613018,0.07246640984960154,0.0709749480168753,0.07158172059011952,0.07373875614937232,0.0631316425595952,0.06545123783005113,0.06118671111484005,0.057320096375064626,0.053876595514989606,0.045308805446860494,0.040969579407088036,0.052614597541886014,-1.6834606694387025e-05
2022-01-06,0.09290707333186293,0.09257051624831572,0.08735047212273843,0.07201001768766117,0.06968147505661425,0.07146425621206728,0.07547282232365175,0.06337004709698872,0.06450365395567924,0.061062703273095174,0.05625140614919739,0.05315064430181601,0.04587491730397821,0.04032079682893486,0.05402611849200865,-1.6920384609767897e-05
2022-01-07,0.0927076263949284,0.09251660081878821,0.08696435193128922,0.0725473424976222,0.07024839821632999,0.07167544201903484,0.07594868757987971,0.0630988985099989,0.06494150617523821,0.06066839442501994,0.056186335845749114,0.05284284955474444,0.04545533287665957,0.03977062623163971,0.05444449898435648,-1.6892061279059284e-05
2022-01-10,0.09356572856670986,0.09332688162357629,0.08552457678622741,0.073399120879249,0.06976881712675745,0.07201462831382902,0.07480106980024621,0.06304312865526651,0.06505721155647469,0.059102923965362326,0.056580526517661066,0.0538922717766259,0.04519155235843466,0.04064499149853909,0.05410340714361324,-1.6836568572643942e-05
2022-01-11,0.09416677275995775,0.09108870104376059,0.08762339547079921,0.07454585543254942,0.06942498104296084,0.07009236446488712,0.07498516477819386,0.061667478528579185,0.06539747990682912,0.05940094917447149,0.0556453183708322,0.054840897388715414,0.045772763601868445,0.04131681404712926,0.054047870457277485,-1.680646881143384e-05
2022-01-12,0.09260357950437083,0.0916919553533593,0.08708676064663338,0.07312371509091202,0.07034212133265563,0.07175348294546283,0.07471097365492249,0.06335858667501204,0.06528669307143523,0.05887213013871325,0.05491270355967651,0.05618816487028548,0.04501407965092069,0.041748513964006334,0.053323287709787934,-1.6748168154114923e-05
2022-01-13,0.09216745157700978,0.09261714590867422,0.0867029148614358,0.07276397776239854,0.07129211330791944,0.07320665436767748,0.07534639151465583,0.06276050981975625,0.06478310330635287,0.05893878862624441,0.05519365771520869,0.05524924506299634,0.045583884969315196,0.041813773644713316,0.05159712633019,-1.67387745481993e-05
2022-01-14,0.09109065473968497,0.09187689527691413,0.08638551168769498,0.07412912731701074,0.07129670986048658,0.07221544726392905,0.07536187128260409,0.062276628884292085,0.06491915802538413,0.05931043035258104,0.0561251020425715,0.055081801335642756,0.04677257962702179,0.042396226124332706,0.050778542548797066,-1.6686368947844212e-05
2022-01-17,0.09220275709712923,0.09140086498931338,0.08488456591570408,0.07489961826796289,0.0724834219877134,0.07158209187415102,0.0742267703660474,0.06160925435314686,0.06506550750305548,0.05998813432879972,0.05617846050703991,0.054724847444425184,0.04761006213305255,0.04181212811650023,0.05134805651857098,-1.6541402612385355e-05
2022-01-18,0.0924442156639891,0.0922937995701486,0.08523930251401778,0.07525884232572716,0.07254577657583032,0.07321647160972934,0.07389877094942902,0.06130171877516506,0.0674884708173405,0.06124003137502956,0.05431363163362131,0.054510387973555764,0.04635959756474972,0.041323390533736286,0.04858221879664457,-1.6626678714003924e-05
2022-01-19,0.09216761892651291,0.09107451487843993,0.08515425101505457,0.073736633297539,0.07250358898281292,0.07271352468353982,0.07528109586326359,0.06243360002010064,0.06817451894164495,0.060841602058100935,0.055980079133954815,0.053008946524441415,0.04515684581617503,0.04120536305064627,0.0505844119273446,-1.659511957134977e-05
2022-01-20,0.09244142844787877,0.09135286236802315,0.08424347472003448,0.07490768571708878,0.07371004312636491,0.07381880517995953,0.0750197953580739,0.06212314193106097,0.06720837251723931,0.061234400238879896,0.05528555528333069,0.05222678191014995,0.04505584996764757,0.04105315130307128,0.05033532492052016,-1.667298932335043e-05
2022-01-21,0.0928243803982599,0.09140451655108253,0.08396408081668305,0.07505159027017155,0.07281152871152256,0.0739094765527246,0.07516527256167842,0.06079629398212188,0.06819913732183967,0.06039643878878565,0.055367527849310656,0.05325499032388823,0.045790881113790996,0.04108315618914744,0.04999739386987231,-1.6665300879513613e-05
2022-01-24,0.09361972747726605,0.09199639306239736,0.08337659502358485,0.07434535758182681,0.07096003664962695,0.07403779083389639,0.07506565063874164,0.06176376470820169,0.06855209103937347,0.0616391120136785,0.05473710770180377,0.05427350912411991,0.045364294271055594,0.041664514155311146,0.04862071138795144,-1.6655668835670698e-05
2022-01-25,0.09360952676571584,0.08994125988379827,0.0829475255884226,0.07455348634155068,0.07035508216926181,0.07288128973609416,0.07575904513908918,0.06154203229610502,0.06791112302077662,0.06155146228123021,0.05695723511154761,0.05521788201035958,0.046197358778563395,0.04191281123565447,0.04867949328699828,-1.6613645167791483e-05
2022-01-26,0.09252228548954483,0.09033299670131788,0.08345243569797259,0.07377904836489778,0.0701563002812447,0.07184178953693186,0.076586779610566,0.06297048761910186,0.06982094272696669,0.06266216800039708,0.05671716970704639,0.05403790891937882,0.04529416595410007,0.04142110569950194,0.04842121335514938,-1.6797664118022574e-05
2022-01-27,0.09237618423072605,0.08940199129405169,0.08375672589176542,0.07358357979101855,0.0701683261876147,0.07289715143327406,0.07537461390759058,0.06335217252554673,0.06981739951960471,0.062349453623270754,0.057542365413676085,0.054852242945456126,0.044554291810900405,0.041296001194103954,0.04869429338743209,-1.6793156032103125e-05
2022-01-28,0.09238057541203158,0.09017076841443383,0.08423701176474617,0.07533461761365394,0.06905340315989272,0.07298474752747579,0.07465934511869944,0.06407537860779762,0.06833654387292952,0.06286560101653639,0.057121555338085425,0.054332685884440776,0.04355311211368878,0.04106916305460862,0.04984232514149212,-1.6834040512828107e-05
2022-01-31,0.08990284982053601,0.092674138097155,0.089311332501112,0.07429610911437635,0.07154420744081567,0.07215859541780474,0.07366027357088573,0.06117087855548281,0.06631182254264338,0.061499563604766806,0.056444469377450644,0.05239320303384239,0.04524859862103077,0.0435801757176326,0.04981322022496476,-9.437640499592516e-06
2022-02-01,0.08941361129125049,0.09311605509365656,0.08970880979806557,0.07397844738179625,0.0697281303401778,0.07462976983987053,0.07509857375831072,0.061555508867739465,0.06531590609378632,0.06115452903056623,0.05573377399229684,0.053306708894779356,0.04528555430463605,0.04279703053599927,0.049186987777572355,-9.39700050355548e-06
2022-02-02,0.09007802149945897,0.09433080929264785,0.09090891551295666,0.0743937433048517,0.06930459192778456,0.0713149211178444,0.0751766160895615,0.0613735306678513,0.06526165360211883,0.061029767852891936,0.05438179996347913,0.053656220293691284,0.04565998490867592,0.04320925616229761,0.049929533549983716,-9.365746095519233e-06
2022-02-03,0.09038610184450462,0.09372840151509956,0.09063800498387918,0.07430851069913906,0.06924532228235705,0.07207351073728438,0.07567002957316381,0.06304873563168543,0.06726092578734108,0.06098182067344779,0.050902173219349624,0.05466793699394903,0.045139758896146,0.04249736205627351,0.049460747705805344,-9.342599425378447e-06
2022-02-04,0.09038296969783549,0.09470828941570104,0.08949159710083188,0.07370459126147004,0.0698340550419124,0.07296472862919398,0.07665888852569354,0.06262012909787128,0.06657797553720951,0.06077219529360252,0.05132915762210524,0.05629054058027364,0.04371655358048927,0.04252005871210099,0.04843764990544692,-9.380001737754297e-06
2022-02-07,0.08896624370365218,0.09563156713949592,0.09001690354622924,0.07408592395307285,0.0706185138547277,0.07252145970313553,0.07621924223007003,0.06456782546896486,0.06634494062295464,0.06147698578052791,0.05134558828213992,0.05454930131162654,0.042160378700544246,0.0420843799711787,0.04942012324798209,-9.377516302220088e-06
2022-02-08,0.08928956912302467,0.09615379155413946,0.08872561743413271,0.0751799145191433,0.06953469718003054,0.07245436010440975,0.07593307403965455,0.06417772362386302,0.0674222617409841,0.060589695819811495,0.05004773015742896,0.054378117627565184,0.041720463769946245,0.04452039999015845,0.0498819234872985,-9.340171590894614e-06
2022-02-09,0.0891510293445564,0.09534976319323991,0.0871314832854437,0.07447483777242969,0.06980153989970646,0.07396208107557131,0.07727470092852229,0.06454850396101888,0.06727008960000523,0.06099940229739633,0.04975693249157985,0.05610153983974925,0.041692860449247075,0.04457013409933308,0.04792446178832429,-9.360026123766531e-06
2022-02-10,0.08888560988576805,0.09605083937718699,0.0860343829503441,0.07375613466504148,0.07040169219531228,0.07249004563477535,0.0783022106370962,0.06400195863208398,0.06682149756232106,0.05988301881280436,0.05001893908576183,0.058380923169381434,0.04223080068850123,0.04383498876094088,0.0489163055095807,-9.347566899820451e-06
2022-02-11,0.08847652585958563,0.09723254890871585,0.08664837796273529,0.07115706393199064,0.06943869721124465,0.07325950243136477,0.07834901786131397,0.06298423402182006,0.06610116423714422,0.05803271200779602,0.04988081502583944,0.060478550351527174,0.04277235602087032,0.04552686898110336,0.04967089580199721,-9.330615048681289e-06
2022-02-14,0.08889185501220175,0.09868581398195359,0.08657429402875588,0.07065775693214953,0.06996846048077504,0.07426492188027149,0.07746831981424118,0.062043153634105064,0.06592350677920764,0.05850454939438166,0.050288774737567904,0.05875123646060804,0.04400190451630666,0.04478834735957925,0.04919638744007215,-9.282452177031987e-06
2022-02-15,0.08793634481151848,0.10115681022594906,0.08661097083884059,0.06981720994508371,0.07055217543055219,0.07483972616361526,0.07711205136415625,0.06265382617457453,0.06498482233764581,0.05794177390133638,0.048556782269243245,0.05732859199693102,0.04531061986435182,0.0460409079387116,0.049166646553690435,-9.25981620032119e-06
2022-02-16,0.0891317472983401,0.10078535741172924,0.08620827726635923,0.0697228404410356,0.07030633657107073,0.07448832651890373,0.07815194338664724,0.06266871606430811,0.06555006288094523,0.05876137456914652,0.04877397911813172,0.056290555553103395,0.04415834958329265,0.04608645629973458,0.04892491572824716,-9.238690995316943e-06
2022-02-17,0.08892991122183448,0.10046070017862989,0.088344284686945,0.06845280115567036,0.06840309677260964,0.07458531475581319,0.07752809145520885,0.06276744165176945,0.06592893240838385,0.05976238044594132,0.04745027450113876,0.05560720898863312,0.04436813818898068,0.04660603479149022,0.050814597136182874,-9.208339231711553e-06
2022-02-18,0.08955853639191351,0.10021076708747882,0.08732999462245797,0.06788338608945836,0.06778647245494338,0.07507635186284362,0.0776590336526497,0.06148288851766334,0.06538997289571893,0.060473886810745704,0.047641242331142024,0.056048903118095905,0.04459451401334554,0.04791103697054364,0.050962201810320656,-9.188629321060342e-06
2022-02-21,0.08947270181457237,0.09955261941521572,0.08780658648689396,0.06616655263263864,0.06782493692504306,0.07509092437217496,0.07644787140135412,0.06085006749974521,0.0663693791305042,0.060869653611822186,0.047862076765668796,0.056508105583407214,0.04480271601743604,0.04914586353524815,0.051239156403306264,-9.211595030820527e-06
2022-02-22,0.08804488520255907,0.100974180047753,0.08796759667950253,0.06557949354506208,0.06665223635586157,0.07531572754160293,0.07617107485172685,0.06208185950722463,0.0658974816349498,0.05996112448255174,0.04846254486960178,0.057280772024577965,0.04485106780735686,0.049659477677307926,0.05110966716326159,-9.189390900526274e-06
2022-02-23,0.08819571089970027,0.10211714104471291,0.08852263173559231,0.06542530632051638,0.06772109403060148,0.07300662315155365,0.07825480280423439,0.06056334443207951,0.06526660379735272,0.05990865551542088,0.04833736134142423,0.05824229611880556,0.04401209520434993,0.04988899026830245,0.05054652635336125,-9.183018007839614e-06
2022-02-24,0.08861415446914254,0.10225216754036848,0.08878934514999569,0.06514496649969904,0.06744051258517951,0.07342883011784174,0.07941942439334213,0.06017906236178998,0.064565337033769,0.06061234799008325,0.04841988723316298,0.05919170441892121,0.04341214075590001,0.04838413224890994,0.05015518630875525,-9.199106860747569e-06
2022-02-25,0.08799852916464793,0.10220363919876692,0.0882098652637001,0.06572365080833188,0.06723192905625201,0.0736025898479189,0.07962535485271857,0.060375048662082736,0.06457587754262552,0.06112615967459891,0.047823771730916495,0.06062543683113125,0.04325949152329272,0.04725969802880986,0.050368157807497246,-9.199993291007799e-06
2022-02-28,0.08990399182153722,0.09267531530075537,0.08931246698829834,0.07429705286900887,0.07154511623910952,0.07215951202043054,0.07366120924874615,0.061171655585406715,0.06631266487598306,0.0615003448098493,0.05644518636963355,0.05239386856436161,0.04524917339641366,0.04358072929968702,0.0498138529829639,-2.2140372184760612e-05
2022-03-01,0.0894148276476366,0.09080030724571836,0.08990856092843585,0.07348354809212763,0.07253255864007764,0.0719363418484051,0.07439720986470479,0.06250227629246957,0.06524576702270123,0.06107706239245197,0.05648562502220049,0.053858487356754976,0.044816153646481276,0.043196324824846484,0.05036712190327423,-2.217272828610213e-05
2022-03-02,0.08883681662844606,0.09085060250572502,0.08831765083512412,0.07527981001712951,0.07128088611565292,0.07157693135926509,0.07430162718042857,0.06414348229846664,0.06391224580392336,0.06290905607359441,0.05713614796065822,0.054199087440376235,0.04401239001241137,0.0436173488803273,0.04964806267967199,-2.214579120078826e-05
2022-03-03,0.08968120654156325,0.08974137677322445,0.08800018153243969,0.07462472666230159,0.07026263669784323,0.07209160463975048,0.07466914047916844,0.06509643245065758,0.06208656864166295,0.06380854794955289,0.05932606351991762,0.053672158547607186,0.04538012394078423,0.04331866051165417,0.04826265865347127,-2.2087541598913328e-05
2022-03-04,0.08925941222910395,0.0905309024283114,0.08704997816167806,0.07398216245653462,0.07064825751764764,0.07197333555377931,0.0751339050299516,0.06520976425538386,0.06242882376582686,0.06328124386034234,0.05945704623290414,0.05275295142415477,0.04633685231471486,0.04275601027295338,0.04922139744022404,-2.2042943510604755e-05
2022-03-07,0.08930889967467712,0.0909696322744426,0.08682934666695159,0.07332855436500524,0.06935043837661167,0.07120621042317715,0.07502529044057622,0.06559953682794227,0.06355479430194519,0.06303354336837831,0.05878687783924833,0.05162794259685442,0.04687224885261444,0.043970622689759396,0.05055816086369482,-2.2099561878738062e-05
2022-03-08,0.08957234833820973,0.09121847597813647,0.08809575491082013,0.07333940622306834,0.06964169705924393,0.0706587522560893,0.07338402056267054,0.06473434851709212,0.06332335239210493,0.06287356309125015,0.06041119457529281,0.051521825817746086,0.047679025804731705,0.043475409605907164,0.05009283758604016,-2.2012718403501e-05
2022-03-09,0.08832075555770066,0.09040568797749379,0.08847479649158546,0.07324670104969119,0.07034609158543993,0.07073128367558462,0.0729425664596375,0.06662213393289693,0.06315863396320887,0.06393257581572381,0.05994959670469791,0.05207978310516154,0.04840196214585765,0.04359390295796424,0.04781550533482186,-2.197675746601362e-05
2022-03-10,0.08833394798050036,0.09153212071264132,0.08898163419592159,0.07362585093724186,0.06888088588791996,0.07008633517773266,0.07335823295602831,0.06702124415865833,0.06431037952018434,0.06380366451119864,0.06035920824254442,0.05210920238219845,0.047579207043038085,0.04181729912768852,0.04822275905764106,-2.1971891137969545e-05
2022-03-11,0.08851885072526502,0.09100283751497117,0.08747037544303804,0.07419730636713019,0.0686970522614354,0.07062838020621727,0.07524998584663499,0.06502991489740965,0.06368562216960512,0.06364117352550967,0.06182621224796184,0.050709674633476906,0.04923349188146796,0.041955049502841166,0.048176050176590816,-2.1977399555295333e-05
2022-03-14,0.08826000718689266,0.0905079710682372,0.08837184616152272,0.07321680002033797,0.06892027277152796,0.07021633661144772,0.07441018799363716,0.06735473207824857,0.06402863131790518,0.06419535356866694,0.06291653154430261,0.049457318610039436,0.05071029910919793,0.04001038470958276,0.04744527710629596,-2.194985784279667e-05
2022-03-15,0.08768143897388801,0.09084059052177919,0.0883881422548986,0.07292005963343369,0.06876446819420255,0.06919128277692661,0.07275676400998206,0.0679098649790127,0.06455836771680326,0.06564381993277062,0.061990927539105276,0.049939254285964255,0.0503626522435447,0.04080182871969687,0.048272434819246694,-2.189660125498487e-05
2022-03-16,0.0878915746318599,0.09056722146869521,0.08934594492945783,0.07349682220541129,0.06822789831145731,0.06805041066947845,0.07251484225028039,0.06940946417211957,0.06569810776147902,0.06455313745720007,0.0608604750967044,0.05104914939220393,0.04939609620525338,0.04121196467010391,0.047748791802308094,-2.190102401242639e-05
2022-03-17,0.08943124912432092,0.09006189890436518,0.09065363926658342,0.0738215365263279,0.06859572816375319,0.06648742711338682,0.07052660820401623,0.06935906296804795,0.06609941424262658,0.06358232456482574,0.05993667210161832,0.05166240090076622,0.05001084946621514,0.04121450487912854,0.04857862859154844,-2.194501753046217e-05
2022-03-18,0.08810799031526476,0.08940390506336494,0.09192612226432473,0.07360897296823149,0.06845143559661306,0.06820616754881809,0.0689474871969007,0.0698928856216599,0.06749354135929028,0.06304098959158902,0.06056044408569654,0.05063229983495834,0.04924019882251628,0.04136327965025219,0.04914613857793097,-2.1858497411471465e-05
2022-03-21,0.08882577000745262,0.09060729435603551,0.09164230311693539,0.07444272986226638,0.06800977215869626,0.0688378772816833,0.06898510298469786,0.0701780975951275,0.06776895929247752,0.06133833581406721,0.05933129151434215,0.050613014651929765,0.04768372406173696,0.041903390456298616,0.04985413817373794,-2.1801327484848853e-05
2022-03-22,0.08873043480466974,0.08920975456851278,0.09262694620602707,0.07587251382202712,0.06785611227950812,0.0690105451156274,0.06889744992571234,0.07042588417579211,0.06738314390427047,0.06106651232591166,0.059968411512022354,0.0524131014852162,0.04633547882856453,0.04166588165448538,0.04855953590822201,-2.1706516569226466e-05
2022-03-23,0.08983077129770307,0.08845097116464425,0.09095176919414837,0.07623568345803163,0.06912128383500214,0.06942648000587023,0.06891991950849495,0.07066395333724969,0.06863482023841175,0.06009686494499613,0.05972108576030847,0.051893877714013006,0.045283764542184114,0.04132421640907199,0.04946618436954463,-2.1645779674319573e-05
2022-03-24,0.08988466502542232,0.0886094344351955,0.09067007664124857,0.07633723295656053,0.06813332585422474,0.0688338493326638,0.06878350682745092,0.07062041792156486,0.06865053736069346,0.05969958840794713,0.059092276738905984,0.05441605768653992,0.045802043575807666,0.041453599194529574,0.04903492721529545,-2.15391740502678e-05
2022-03-25,0.08951162246831564,0.08850463083601084,0.09097216087455126,0.07470544187998644,0.06684981137002802,0.06828924809450687,0.06899528791980626,0.07040292995264957,0.07018047764913336,0.05834787123532988,0.058396573101030066,0.05583477841799938,0.04592817579644206,0.04214192917374441,0.05096059856553469,-2.1537335068907117e-05
2022-03-28,0.08886168634342356,0.08835529973657452,0.09064523786498056,0.07298478605051273,0.06655799181949842,0.06902122981194231,0.06946097246769511,0.0709840282827241,0.06975552068596294,0.05772752483552664,0.059571130527427525,0.05534436263906521,0.04614793064950432,0.042252800175899816,0.05235101586105616,-2.151775179403925e-05
2022-03-29,0.08941067657915176,0.0869402630295094,0.08922219197327745,0.07325732709972146,0.06631585442864596,0.06842425738761122,0.0702155897246812,0.07097511907795394,0.06961814623014793,0.05826726364892302,0.05905010676432761,0.05665720428367889,0.045390278341185114,0.04264697298153188,0.05363019799785839,-2.1449548205068757e-05
2022-03-30,0.08823053748910283,0.08662413283509998,0.0903104029633596,0.07422198400889315,0.06617266188566912,0.06777656271164618,0.07111989590416286,0.07216587829982822,0.06841722207268976,0.05718252169404258,0.05927100240035654,0.057265537864149535,0.04515896739862267,0.04318230249543888,0.05292183119726885,-2.1441220330959668e-05
2022-03-31,0.08990372762754494,0.0926750429628865,0.0893122045325749,0.07429683453793574,0.07154490599494233,0.0721592999707854,0.0736609927861781,0.061171475824935845,0.06631247000802093,0.06150016408348451,0.05644502049847666,0.05239371459850285,0.045249040426124744,0.04358060123232731,0.049813706598799815,-1.920168352068204e-05
2022-04-01,0.08812838818640277,0.09179707404476085,0.08922312293213208,0.07466358626728455,0.07216682790407312,0.07224993207125592,0.07394806185088533,0.06121222930548056,0.06695330074611194,0.061769127432471496,0.05647963798285044,0.052134558451786786,0.04529570465215257,0.04394916283524173,0.050048469125193444,-1.9183788083675777e-05
2022-04-04,0.08847815029666413,0.09308169606907694,0.08951670110270818,0.07414145685263397,0.07297652104590567,0.07102085900422446,0.07290832107070011,0.06153843790021086,0.06750670797847204,0.06061366943797811,0.05616623611782841,0.05163683407784469,0.04494095125808073,0.04473746284671229,0.05075518201416802,-1.9187073208584388e-05
2022-04-05,0.08850190374048152,0.09261152372324037,0.08825696858334442,0.07538951197486567,0.07354266692826991,0.07041906424606863,0.07366185963691808,0.06151702783549379,0.06726447835395134,0.06106597370839313,0.05553260027393653,0.05137654667909158,0.04507224160923701,0.04436676143922734,0.05144006315160323,-1.919188412255081e-05
2022-04-06,0.0906864700185552,0.09254161939993731,0.08727371973075716,0.07417334400386374,0.07392349076756678,0.07031243379052578,0.07439113251018568,0.06207044382971017,0.06613225180083271,0.05977130789798406,0.05619985551748887,0.05186558738646625,0.045059815972759036,0.043340748170347776,0.052277099762223146,-1.9320559203572555e-05
2022-04-07,0.09201134079017126,0.09304245433826056,0.08670172410290153,0.07440775079106285,0.07289154214200477,0.07145879529287662,0.07467683174341733,0.060682610761274534,0.06602080378963779,0.06037065932277498,0.0560559347301599,0.051772688171783404,0.04422019560500511,0.043916340163267634,0.05178969448344882,-1.936622804696944e-05
2022-04-08,0.09032766345736953,0.09289168429502932,0.0878105991030086,0.07424063677177889,0.07459615647121175,0.07201406864267441,0.07518978436145388,0.06071249226631309,0.06610849838511444,0.06026654858690193,0.055915530826013186,0.05236310950110834,0.043601289198540866,0.04316283463773572,0.050818506872121125,-1.9403376375083708e-05
2022-04-11,0.09195574737782958,0.09327371936602212,0.08799175727705372,0.07325264680732105,0.07507342506887821,0.07182481033857176,0.0753235962733437,0.05980783603563676,0.066196143391457,0.05980901260129121,0.05516753088454638,0.052960207833387604,0.0423856109077971,0.04356718104193507,0.051430149550811974,-1.9374755883183907e-05
2022-04-12,0.09126271056246109,0.09257403005823733,0.0878533393547779,0.07355320810156586,0.07500100939887162,0.07229059465651114,0.07718876258075329,0.059435722773148195,0.0645759332890921,0.06063820568993285,0.05673134568964186,0.05336923121146047,0.041623563804348396,0.043518808703018684,0.050402920148926056,-1.938602274690449e-05
2022-04-13,0.09191964323945924,0.09141255179454517,0.08767156501348536,0.07279333583502981,0.07520905730271642,0.07204176337781082,0.07747256579189475,0.059532836911713106,0.06371586209628462,0.061312132498811636,0.056766026200973325,0.05255455730178094,0.043322614314109505,0.04396170778421132,0.050333184388557814,-1.9403851383756362e-05
2022-04-14,0.09307980433045256,0.09305057818214718,0.08747430842315913,0.07303565048429007,0.0742601430920585,0.07186290956594703,0.0772205401004787,0.05965648782836866,0.0639977739425343,0.06181481921896341,0.05695849681282983,0.05145946976129149,0.04259255302983868,0.04350809723742145,0.05004775366685849,-1.938567663955274e-05
2022-04-15,0.09387014010677472,0.09182713701410865,0.08701780438997125,0.07373533838350642,0.07389285809021554,0.07219451042304201,0.07697863531600613,0.059800254260816976,0.0637045064295377,0.06238174026358604,0.055470405838902684,0.05108736898901231,0.04276776448201691,0.04388470153940969,0.051406188746044294,-1.9354272951226872e-05
2022-04-18,0.09319583586960446,0.09287846212434901,0.08610096868542269,0.07460326911115386,0.07437355321797362,0.07110930611522391,0.07703995160696102,0.05955937632477179,0.064085357468221,0.06196370827599855,0.055016751289183104,0.05210013814816002,0.042558659650185376,0.044405583111300696,0.05102836166583193,-1.9282664341118114e-05
2022-04-19,0.09425177308196288,0.0918424317059574,0.08516314165729359,0.07558435667936361,0.07365846764010865,0.07226362407452215,0.07764137833994332,0.05918229986057616,0.06210361905625569,0.06169161307874503,0.0548832977254673,0.05291129595652808,0.04356899936405701,0.04367707362767597,0.05159582319293626,-1.9195041392917555e-05
2022-04-20,0.09507282803399084,0.09297936817757126,0.0857523583943307,0.074015110363241,0.07363582862174195,0.07130773820688706,0.0775560984611496,0.06010414146481569,0.062490748175906795,0.06289893314557721,0.05528375193757839,0.05184496837921288,0.04171807345830328,0.04387597517053296,0.05148329744872207,-1.9219439561545935e-05
2022-04-21,0.09420674830008366,0.09139252212712196,0.08508723976753137,0.0738651949268715,0.0742487222450108,0.07149894278892327,0.0792620339824517,0.05924117437108354,0.06332994455111342,0.06296876217924424,0.05592814177824534,0.05148556614733394,0.0425218048626801,0.04413347931181848,0.05084894061076614,-1.9217950279356255e-05
2022-04-22,0.09413893054205998,0.09111822035558008,0.08548958888189868,0.07282759829669838,0.07418565742386977,0.0718278745555485,0.07926274639537313,0.0603470668509305,0.06403316836832043,0.0629393245712105,0.05610622093587992,0.05172703635952306,0.04281116802350507,0.04265585097969416,0.050548749947227536,-1.920248731971766e-05
2022-04-25,0.09311744088457706,0.09259679428289526,0.0857132183776038,0.07290612967932843,0.07524352874990366,0.07245941490419262,0.07832011861566437,0.060492448556185616,0.06393415769223236,0.06144834787678492,0.0556734862979043,0.05174899632373447,0.042876925045712416,0.04165322605357634,0.051835027121117386,-1.9260461412906105e-05
2022-04-26,0.09266868427233799,0.0922771957767612,0.08575667926660473,0.07197443713713012,0.07537718017684254,0.0718503621699939,0.07708714971383239,0.06076067882361828,0.06511226545754403,0.06191547600406511,0.056303381899472524,0.05111263674669015,0.041528809928360735,0.04263431217299791,0.05365993279488366,-1.9182341135358867e-05
2022-04-27,0.09374448955871167,0.09169731292730827,0.08444486433511188,0.0708927966871807,0.07362827505700355,0.07155182990384817,0.07854047415490448,0.060473444087225624,0.06522801010846765,0.0630682365861015,0.05578729215110463,0.05272914973064609,0.042868713606115876,0.04242378455080929,0.0529404490229903,-1.9122467529703836e-05
2022-04-28,0.09434938454739805,0.0913651524339016,0.08338404188454442,0.07193119592142021,0.07471454112699684,0.07169505963289552,0.07720490087923743,0.059423850779103414,0.06533791001355659,0.06258666787413673,0.05548751905533517,0.05364750546024068,0.04342893652147532,0.04349883772296869,0.05196361226856002,-1.9116121770761343e-05
2022-04-29,0.08990298520537576,0.09267427765528205,0.08931146699518494,0.0742962209970013,0.07154431517934765,0.07215870408154453,0.07366038449600494,0.06117097067280288,0.0663119224017189,0.06149965621705419,0.056444554377263846,0.052393281932847396,0.045248666760965,0.04358024134508621,0.04981329523876968,-1.0943556249170653e-05
2022-05-02,0.08791149820010925,0.09120814374584572,0.08984120498299607,0.07420503048911092,0.07197238618822743,0.07212205929306512,0.07413107802763642,0.060388007656832596,0.06678998142680213,0.06237244764350215,0.057491436452383665,0.05410948197853435,0.04539083989046824,0.043749210176447784,0.048328119106975764,-1.0925258937801735e-05
2022-05-03,0.08766725234045541,0.0912376022954116,0.09106986085025377,0.07385727553832507,0.07284047950864092,0.07229331617616534,0.07413310375088217,0.06074956127304088,0.06656693836042919,0.062112674654670984,0.05604643082052754,0.05402146582850827,0.045125496296257485,0.04345173377068698,0.04883775624113716,-1.0947705393026041e-05
2022-05-04,0.08762536761825429,0.09084566312680638,0.09144083297477341,0.07385613361579244,0.07210435289897311,0.07139595946319824,0.07396289901983327,0.0608476775146014,0.06751088108022946,0.06285549361460763,0.05520080261226376,0.053586142990758645,0.04536798909969879,0.0440181865160151,0.04939249050603036,-1.0872651836171187e-05
2022-05-05,0.0878235351918049,0.08995224105697337,0.09071911736014988,0.07430580762783956,0.07261983801602276,0.07060217966642046,0.07423216028806089,0.06158005874682918,0.06656264895146588,0.06413282690786039,0.05503625947852271,0.05489665599080433,0.04508768707400057,0.04333492713861505,0.04912495816240735,-1.0901657777348531e-05
2022-05-06,0.08800330895422431,0.08986527027960839,0.09077956906297699,0.07481675067273236,0.07269077773708914,0.07076036356082598,0.07274627255155042,0.06211670103658582,0.06668563810308399,0.06594589464861864,0.05437424920298848,0.05339606488242064,0.04572637677966769,0.0437531197641541,0.04835057439609455,-1.0931632621277738e-05
2022-05-09,0.08696596900319593,0.09151299835566262,0.09241991011634054,0.07288470850436216,0.07248988183081101,0.07247561222253175,0.07248668617280443,0.06186395933913281,0.06660039313554911,0.06499069025627414,0.05303140553579941,0.05450780195880336,0.044383070610547144,0.04408521683388845,0.04931265513575257,-1.0959011455522606e-05
2022-05-10,0.08589005101492704,0.0907824657708528,0.0937627718650899,0.07343597516451165,0.07205222254947276,0.07370292228242148,0.07377932693139296,0.062196384952770765,0.06581466736449315,0.06467787356103835,0.053364715795016913,0.05442512444760893,0.045190564499462946,0.04293089281112458,0.048005012695403464,-1.0971705587764403e-05
2022-05-11,0.08640400252050542,0.09071888165917733,0.09353077338981898,0.07225983222769672,0.07238510896346698,0.0739778955358019,0.07476026677852261,0.06253520920191279,0.06598042088701946,0.06615702425862481,0.05246850531980193,0.05516902917321718,0.044068217716373814,0.042471442860872816,0.0471244058520991,-1.1016344911844273e-05
2022-05-12,0.08724835871027296,0.0908760299937439,0.09374385305996683,0.07151747911963255,0.07230058467689579,0.07343769256249565,0.07533781381983128,0.06181533420015065,0.06745727142551419,0.06460602623095943,0.05192067317338511,0.05688155538052144,0.043850337795209346,0.04156779524573559,0.04745023484129739,-1.1040235612287414e-05
2022-05-13,0.08700431710033245,0.09026306865520792,0.09279763918565667,0.07392037337213396,0.07221054025089202,0.07175695622129337,0.07700018109377112,0.062469002874006044,0.06681850036513619,0.06379522685266893,0.05259103125437439,0.05675876730937195,0.04245562565195235,0.04300974330386111,0.04716008333824995,-1.1056828908411056e-05
2022-05-16,0.08819175422989156,0.09139029763275688,0.09175642556273893,0.07476731224668301,0.07161336253517987,0.07001650910134125,0.0765357142715687,0.06280359784669531,0.0663431494268558,0.06347735847915713,0.05355452690228276,0.05685145412939246,0.04182206338628422,0.043555048102137374,0.04733247553941021,-1.1049392375646459e-05
2022-05-17,0.08631857148438297,0.09203195077872682,0.09239356965563042,0.07498877351360553,0.07258863869711009,0.06960646928746153,0.07709972494471211,0.06158397294184837,0.06693573675824156,0.0655907502594209,0.052846262325959154,0.056288969553342956,0.04142459561882986,0.04378978821622036,0.046523302388484636,-1.1076423977285833e-05
2022-05-18,0.08615978363510424,0.09228541838024323,0.09239320557276562,0.07304801603991232,0.07304843515931576,0.07004452534757005,0.07752469078000906,0.0615626636548357,0.06678039186059301,0.06627209039254782,0.05419156348013447,0.05508039707602155,0.041977527654975345,0.04348362824184018,0.0461586727633648,-1.101003923333473e-05
2022-05-19,0.08546112218596161,0.09262028271922282,0.09199787085660972,0.07313795579133721,0.07255095680937913,0.07010413817522537,0.07761431393601854,0.06206015878402896,0.06561852982323818,0.06522347909976081,0.054879041852281006,0.05470997587786526,0.043061335918551547,0.04396209025142224,0.047009827341147566,-1.1079422049994203e-05
2022-05-20,0.08630097286656774,0.09201365056450812,0.09111666287413829,0.07362038959433045,0.07275602482922162,0.0697041141823653,0.07881189860312478,0.06167206934949896,0.06543853578199181,0.06503619550730148,0.053877217371109835,0.05460937358830349,0.04397881785811475,0.0441815700742645,0.046893545920476065,-1.1038965317372022e-05
2022-05-23,0.0861027131485592,0.09225330546179798,0.09178867403034296,0.07408407373788928,0.0724151748897902,0.06995032696646607,0.07927468032082496,0.06075723634308544,0.06556626384738977,0.06282275554322053,0.05427168938494815,0.055192203680062946,0.04453625266739424,0.043846047043091994,0.04714963120977362,-1.102827463737449e-05
2022-05-24,0.0870697690054621,0.09337101159006608,0.09156386006168696,0.07404614465328267,0.07323966752619054,0.06846387330649004,0.07876949786886053,0.0617834935571371,0.06638456064975305,0.06306032290504629,0.052847455584904765,0.0550420464156464,0.04399382292393151,0.044029949434604886,0.04634552643988956,-1.1001922952318393e-05
2022-05-25,0.08649411510700675,0.0917063715551802,0.09306536720881088,0.07394203338158507,0.07361592720600885,0.06868448586185426,0.07788953221292852,0.06088210091217857,0.06561220426896197,0.06256252543117563,0.05334152565129882,0.05448921092502237,0.045497853402740436,0.04500966248089628,0.04721811833267407,-1.1033938322688897e-05
2022-05-26,0.08624618584601816,0.09295278161080398,0.09269021605776201,0.07379333040311464,0.07364803921802074,0.06919179715437539,0.07843574014529103,0.060379144761542256,0.06499475927070299,0.06308998938776966,0.05388071587713103,0.05405051354557906,0.04416944888946151,0.044778274686082455,0.047710075723223326,-1.101257687826507e-05
2022-05-27,0.0877320468024396,0.09184381457674483,0.09228417143753496,0.07348238207404005,0.0748818964027614,0.0691822971297515,0.0775017050505471,0.06087944551706762,0.06462998659881587,0.0619176434494265,0.05312591952183851,0.05565793157460101,0.044489731132588105,0.044890274334879306,0.047511766650551436,-1.101225358792779e-05
2022-05-30,0.08788834158730317,0.09201705941079534,0.09249017193879114,0.07351363458266454,0.07560674996809084,0.06914505560215012,0.07641734986492439,0.06030427399440302,0.06268459294051537,0.06381885185756557,0.05383069930312065,0.054842316940272265,0.044241648665992624,0.04434260786789745,0.048867644800887906,-1.0999325374346055e-05
2022-05-31,0.08990309834483842,0.09267439428231007,0.08931157939024459,0.07429631449594909,0.07154440521512741,0.07215879489050918,0.07366047719477688,0.061171047654125975,0.0663120058527328,0.06149973361201545,0.056444625410573136,0.05239334786778549,0.04524872370467862,0.043580296189150367,0.049813357926893356,-1.2202031710804688e-05
2022-06-01,0.08952195496558307,0.09282469648655522,0.08848218805078985,0.0743045830727763,0.07204032889094003,0.071305339336414,0.0742558847418034,0.06106912723673129,0.06718082596438944,0.06116346249151213,0.05666118567863401,0.05223739521347777,0.04507005016026816,0.043687876085813045,0.050207269464683554,-1.2167840371497685e-05
2022-06-02,0.0886020664178362,0.09432008197132544,0.0868448114139207,0.07384127255141182,0.07207738410526739,0.07180338278474531,0.07596547575895553,0.05956511595738011,0.06679292302304883,0.0592516495259679,0.05679402161661171,0.05257434041289574,0.04641501870312193,0.04386778047341965,0.05129685953841933,-1.2184254327507639e-05
2022-06-03,0.08919127491980093,0.0940131629704784,0.0856251138791975,0.07416407592027681,0.07085909475839175,0.07308830059270802,0.07589777102304283,0.060654119684892094,0.06640672695582649,0.05958114312341031,0.05706698384242782,0.05261006521381522,0.046130453661273114,0.044247477774226156,0.05047643126087745,-1.2195580644952073e-05
2022-06-06,0.08761907917950866,0.09460131873686742,0.08576083830082774,0.07376081155349516,0.0718467461254895,0.0723907578414209,0.07678085439545138,0.060435550550094884,0.06500119762518168,0.060920698271504294,0.057634954204430516,0.052189598151679714,0.04644150843497938,0.04366269441630792,0.05096550888533433,-1.211667257367193e-05
2022-06-07,0.08533907839891744,0.09329866212899517,0.08636804872045142,0.07329750754444982,0.07178301964389047,0.07090112831155425,0.07843231684666904,0.06125126527573551,0.06459462103487949,0.060340925969681436,0.05840648820756938,0.053761841261080336,0.047068548718098374,0.04524702559474712,0.049921594067106,-1.2071723825288793e-05
2022-06-08,0.08484343739229257,0.09235807727621047,0.08695395407720477,0.0735944862478042,0.07179826888123465,0.07178640067312221,0.07990546859337404,0.06005593576540172,0.0641615506673788,0.06124347374544488,0.058093555232554266,0.05315801160381017,0.04801904018808639,0.044286757354937846,0.04975367514276328,-1.2092841620304722e-05
2022-06-09,0.0850760482434933,0.09179101689561067,0.08766238524378135,0.07309399868900507,0.07300841712849244,0.07165488775214739,0.08061376542556578,0.060680773724732025,0.06355533643005921,0.05928573006891561,0.05842827295833108,0.053220136224129924,0.04848608798265244,0.04410431832566952,0.04935091097332387,-1.2086065909552454e-05
2022-06-10,0.08647980792702442,0.09020604744363338,0.08814744388912897,0.07244205888478741,0.07254233732365917,0.07120039390025076,0.07955969002723383,0.06103542761311487,0.06472428822721363,0.0595882746304482,0.05840049316651233,0.05222394471853855,0.048823379924915825,0.04574198679189832,0.04889647985618098,-1.2054324540710522e-05
2022-06-13,0.08670324648661641,0.09024860318173485,0.08822659561115344,0.07059885052634077,0.07335638385412391,0.07087232829148181,0.078323543449735,0.06207890448232637,0.0640915122871289,0.05965534371283475,0.06017226964416409,0.05131270385915067,0.047819812406104285,0.046266425330646406,0.05028560302055506,-1.2126144096953784e-05
2022-06-14,0.08537460244212666,0.09058210984794468,0.08874440407438214,0.06890561920386547,0.07404227727183404,0.07164611258334232,0.0779715840885098,0.06316400108931533,0.06515752406700624,0.05973868059675913,0.059722040398944916,0.050463466249511285,0.047782680337624346,0.046742351455462905,0.049974664483324424,-1.211818995372505e-05
2022-06-15,0.08390703209898756,0.09208246427369657,0.08925596388137752,0.0688615722840364,0.07509437329928371,0.07332316863012835,0.07530996626575666,0.06379700903234804,0.06402489083432819,0.060436242361941554,0.06008097146977589,0.051206437543355174,0.047553150026710615,0.04532894309971225,0.049749974861580275,-1.215996301873081e-05
2022-06-16,0.08398395577816951,0.09276023955601448,0.08787479175064386,0.06947560288882987,0.07429469447761484,0.07345949010128487,0.07458642119923871,0.06378783342500471,0.064697942971257,0.059127821915235176,0.05926313763762241,0.05123237089621432,0.049428460389735564,0.04450262125230174,0.05153673786499815,-1.2122104165265118e-05
2022-06-17,0.08568733266160766,0.09279390991617925,0.08771260032995476,0.06902098308265936,0.07433963443229098,0.07224028668800514,0.0746207957359259,0.06523962051739723,0.06421037688434898,0.05899982174768992,0.057723353849082705,0.05163976168002278,0.04974024712858274,0.04462954086190711,0.051413870192654455,-1.2135708308871057e-05
2022-06-20,0.08494992693583021,0.09272175894685399,0.08717674859015262,0.06887054417004779,0.07410564757590243,0.0728618450563696,0.07487421273670371,0.0650476860558198,0.06528777134443133,0.0590518539486231,0.05861436943180539,0.051879002877800166,0.047867769655539745,0.04543932030529973,0.0512636046144948,-1.2062245674502134e-05
2022-06-21,0.08501653734681716,0.09310705457095718,0.08696777191081448,0.06914385080916706,0.07367514619586277,0.07415704078400752,0.07486753945642238,0.06479047054160506,0.06448825223727193,0.05938890959204485,0.05888361073406755,0.052301754691233375,0.04708130610218074,0.04418675081461059,0.05195607944895773,-1.2075236020401923e-05
2022-06-22,0.0863749776104322,0.09231986810612662,0.0886355137160968,0.06950852563711353,0.07381906227335201,0.07393166625150298,0.0736228378366494,0.06583673529894062,0.06388311734520226,0.058798289422149395,0.05996148395739819,0.05075419108423277,0.04592704609069045,0.044273526869684665,0.052365254590521576,-1.2096090093399349e-05
2022-06-23,0.08649359374794997,0.09174671528217661,0.09077143370111336,0.06911144208832078,0.07338553699180375,0.07295310456279812,0.07352307073771829,0.06621153964566828,0.06483148482184854,0.057270833933430014,0.05954893234422275,0.05098923805649716,0.046267569441939424,0.0441537513551973,0.05275380838263191,-1.2055093316226044e-05
2022-06-24,0.08603547963394316,0.09341640438105644,0.09196629705017888,0.0682119042644461,0.07260677712120195,0.0721543763099171,0.07438373310265596,0.06517295490277801,0.06468012848085408,0.057825994013950804,0.059642661422544714,0.051348930047240206,0.04552549911819396,0.044754109181972104,0.052286832163943926,-1.208119487753346e-05
2022-06-27,0.08585235497671723,0.0937319769181309,0.09216051748295785,0.06830068979486778,0.07202073872395667,0.07195514241491063,0.07446859445409391,0.06397607004269734,0.06431112987778634,0.0582434451927842,0.058480639268735875,0.05241612324787487,0.04659888655748369,0.04379647573419012,0.053699305479270466,-1.2090166457954413e-05
2022-06-28,0.08584922085081129,0.09425611985484399,0.09179271761647773,0.06912096088438585,0.0724798249654785,0.07130836345897067,0.07340708795979474,0.06274768372195073,0.06459040453099621,0.05885348056509484,0.05919188061782643,0.05239730051954503,0.04572916830202159,0.04332553337733515,0.05496235651939932,-1.2103744932188957e-05
2022-06-29,0.08564253763643981,0.09460148536417355,0.0909297482661331,0.06954506335266987,0.07224231651572365,0.07243306106580565,0.07434772794890138,0.06245526574167801,0.06462422192228238,0.05849237014049275,0.05797410538956312,0.05176835600165302,0.04600386175176183,0.04369332939432904,0.055258677243744614,-1.212773535196065e-05
2022-06-30,0.08990308473852186,0.09267438025657382,0.08931156587345102,0.07429630325162946,0.07154439438729342,0.07215878396969083,0.07366046604668755,0.06117103839623995,0.06631199581679234,0.0614997243043847,0.0564446168680039,0.052393339938353815,0.04524871685654469,0.04358028959352333,0.049813350387928314,-1.2050685619058604e-05
2022-07-01,0.08967182195241698,0.09384689847488593,0.08840174325324121,0.07470930889385424,0.0703311478712442,0.07248496993869273,0.07399477744673372,0.06274658080016829,0.06490035980749528,0.06104905933030829,0.05731329483895162,0.05279876406954964,0.045487118421418976,0.04291250732838812,0.04936371706107595,-1.2069488425118478e-05
2022-07-04,0.09058723214306097,0.0936565799529701,0.08862870418651853,0.07450235140330737,0.06922197484629129,0.0732504128752172,0.07439548197301421,0.06470961102949467,0.06383838593383095,0.06174905267517045,0.05602598593184284,0.052874051689678216,0.046210828949463406,0.04124477757336348,0.04911661739966638,-1.2048562889959543e-05
2022-07-05,0.09010212182282568,0.09299056578985546,0.08899926359508525,0.07546388601135011,0.06911537051913494,0.07345123701769855,0.0745203258436286,0.06472186325383134,0.06281829152676353,0.06282493347669948,0.05630776308833236,0.05324092275444152,0.0455710797110062,0.040913468915651195,0.04897095242990133,-1.2045756205484074e-05
2022-07-06,0.08905194421283749,0.0916675358083389,0.08868167350236916,0.07614126908739675,0.06877235772559422,0.07271097282630035,0.07392590562558829,0.06450228342254423,0.0626825115572302,0.0651395308746665,0.05745040571280379,0.05433395762657327,0.04665486186337027,0.040299702910967426,0.047997165289657605,-1.2078046238507338e-05
2022-07-07,0.0883384684362439,0.09313792950781875,0.08838060584031676,0.07524017080484621,0.06858917746364215,0.07267796661067924,0.07438962230333156,0.06490443183669362,0.06207905485009324,0.06601204077069305,0.057012484403179624,0.054341585627856556,0.047349591911604524,0.03994173866168286,0.047617236458080754,-1.2105486762870193e-05
2022-07-08,0.0885933347071616,0.09208361922234966,0.08778171020209047,0.07552257989530362,0.0701191545115665,0.07305538305357206,0.07467540553870995,0.0652296055138816,0.060939733542071196,0.06596940824612854,0.05684785311399388,0.054506347601538406,0.04733483259100517,0.040124565183290495,0.047228537611633634,-1.2070534296881169e-05
2022-07-11,0.08853003771646598,0.09082653675091065,0.0873726068923398,0.07663671760637496,0.07030940432994427,0.07295355586349313,0.07650197402157083,0.06390354698597142,0.05987385159036751,0.06765398000308818,0.056834151647505285,0.05423145421464365,0.046296257331018685,0.040415348872023374,0.047672629018254926,-1.205284397266246e-05
2022-07-12,0.0875944479496217,0.09067924341334564,0.08704098453384371,0.07685055824541147,0.06934553724103244,0.07411782247219706,0.07744269346750571,0.06357268772523449,0.05968129957455717,0.06751242500255891,0.05612093043278706,0.05383026151808349,0.046081847361682894,0.04160828866377817,0.04853302007393248,-1.2047675572516345e-05
2022-07-13,0.08777972226770077,0.09041551500134103,0.08542350163777337,0.07630919622346503,0.0697037855214656,0.07244717773391264,0.07760119402311332,0.06524053927373526,0.06023201799667637,0.06855195890906143,0.05596031382337625,0.05436178418967354,0.04521417219637487,0.04194589096800827,0.04882519534659155,-1.1965112269250044e-05
2022-07-14,0.08807975454461049,0.0916845292072899,0.08498894375775576,0.07620351276777418,0.06983978052405933,0.0715495027693976,0.0779047860542527,0.06370742528303383,0.061223281707263114,0.06866553899521222,0.055541684195941445,0.05364984961580971,0.04507396990947117,0.0425161166408301,0.04938329486835717,-1.1970841058658454e-05
2022-07-15,0.08742171250152418,0.09082825191160607,0.08552712022176771,0.07551723571282787,0.06984183132494524,0.07161504083493878,0.0781826792249158,0.06444259462081091,0.06004052241030331,0.06659223971630492,0.055002355250301234,0.05525224898021553,0.04665060325561622,0.043914620408782,0.04918290238506854,-1.195875992839904e-05
2022-07-18,0.08615682675160283,0.08889023014131384,0.08516953115302367,0.07553349760437232,0.07112395040643005,0.07259638158836111,0.07862478072936264,0.06379600639306035,0.05934028954898516,0.06703289130323133,0.05577282819056186,0.055768707291933804,0.04592999673746449,0.0445584355296701,0.04971763180708331,-1.1985176456705098e-05
2022-07-19,0.0851093135599724,0.08800501551347689,0.08563034469040676,0.0751812058251196,0.07235521392076436,0.07292226596417417,0.07796051026286685,0.06366773723285547,0.059286943558227605,0.06615534045993694,0.054850872830625313,0.05632945609656922,0.046530518048249016,0.0449719995127417,0.05105522058738371,-1.195806337006826e-05
2022-07-20,0.08528817100355905,0.09014841895591681,0.0854176648440615,0.07485349586800916,0.07133057022430088,0.07304204062252384,0.07800577226391335,0.06462044760807427,0.05994694124239585,0.06541863099250358,0.0549131774677381,0.05640036543453933,0.04542374058070688,0.04450544919126126,0.05069715615302879,-1.2042452532727883e-05
2022-07-21,0.08633172326473738,0.09020908541778833,0.08592214140789085,0.07347803077403867,0.07227992595031214,0.07417499759599513,0.07581725351904613,0.06390479974193043,0.06032377824469332,0.06600427876896911,0.054255213002818416,0.056054827009542306,0.044905068409712486,0.04455380013673504,0.05179710127917848,-1.2024523388231965e-05
2022-07-22,0.0855934705299299,0.09100917581299044,0.08509310950383335,0.07267691541521003,0.07291361186693744,0.07496647263574324,0.07660343258589888,0.06264584424151687,0.0598436899078824,0.06677884924791742,0.054237771151765486,0.05498668843545008,0.04522362810867876,0.04393381521533459,0.053505532133549284,-1.2006792638220579e-05
2022-07-25,0.08655031713943091,0.0912599945110073,0.08605765768353586,0.07249225109204765,0.07335201493868229,0.07614024326315795,0.07661149015362775,0.0622215610056521,0.058146434166148855,0.06648514783469515,0.05479136055636226,0.0556929093926511,0.04548555285988811,0.04337021860045518,0.051354810801987456,-1.1963999329983186e-05
2022-07-26,0.08598372461128782,0.09081069565369568,0.08561080394309517,0.07287578144199806,0.07498850082200047,0.07612847925274109,0.07625704101709818,0.061888970574990106,0.05815763519592494,0.06552420061845922,0.05481048780188579,0.05602847839779797,0.04558264997081325,0.04366563808733935,0.05169885178776005,-1.1939176887020807e-05
2022-07-27,0.08491916715516284,0.09180382678858147,0.08537218832765259,0.07228486118042131,0.07431900638261237,0.07690181690844965,0.07637801540734934,0.060693985712176365,0.05884324252879681,0.06436092125584124,0.055193719553949534,0.056520814822902374,0.0465116516366203,0.04529910252081913,0.0506096695407846,-1.1989722119872777e-05
2022-07-28,0.08502711846227984,0.09171149059931523,0.0859284750475213,0.0725979594772951,0.07414001911873558,0.07661319427251712,0.07537317485697972,0.061664491622099485,0.05936248630612535,0.06540953464285545,0.05502901547292676,0.05601097824831625,0.04572821686045286,0.04569265268519995,0.049723200862688034,-1.2008535307925653e-05
2022-07-29,0.08990317456624725,0.09267447285327171,0.08931165511015335,0.0742963774856554,0.07154446587171721,0.07215885606798922,0.07366053964540926,0.061171099516003004,0.06631206207320352,0.06149978575255814,0.05644467326530725,0.052393392287776126,0.04524876206733276,0.04358033313728266,0.04981340015952371,-1.304985943070646e-05
2022-08-01,0.09118017098736193,0.09322551646027397,0.08953117699976412,0.07389586573509555,0.0709825871508563,0.07340417141538677,0.07380689765809938,0.05930778683919169,0.06560560932958333,0.06064229680660266,0.0559115191619076,0.05286019742063921,0.04513865426290675,0.043496621345706546,0.051023964088827346,-1.3035662203138186e-05
2022-08-02,0.09053561636830688,0.09494048390064762,0.08884354070635081,0.0739413184424248,0.07071333090543867,0.0734945028562959,0.07422572242834702,0.05965476312230701,0.06485501265161678,0.05957151925275944,0.058165322459361825,0.05241924400689836,0.045685230042773806,0.04221779145721017,0.05074962805505291,-1.3026655792030523e-05
2022-08-03,0.09125414618166147,0.0962703482362065,0.08702611006705539,0.07476637402414264,0.0703718179229304,0.07448584563641773,0.07386991272514666,0.05948268668208921,0.06519735300017827,0.059150016594041115,0.05826206453408108,0.05185034683651738,0.04463608212002367,0.043409912910352386,0.04998012575946645,-1.3143230310572155e-05
2022-08-04,0.09153202635430825,0.09746665811015044,0.08686312592704208,0.07441614571469372,0.07090777527225223,0.07592229037274803,0.07306148379908624,0.059649397053197405,0.0638364879116034,0.05908293064354002,0.05858731147339821,0.051361317410385035,0.04450337782819491,0.04251272751121269,0.050310147543130915,-1.3202924943557975e-05
2022-08-05,0.09265454277737797,0.09660559112825577,0.0864797389148492,0.07502121979786579,0.07212293827438968,0.07464844182089087,0.07307280562025295,0.06003638825977027,0.06389881357218419,0.05695565802209014,0.059213337814888,0.05281327622125741,0.04471076057610032,0.041824355667583336,0.04995536177157321,-1.3230239329228883e-05
2022-08-08,0.09374941819438334,0.09702786028363466,0.0866622069181113,0.0749709657167354,0.0712068100863233,0.07410787158082024,0.072656235650298,0.060223966019559,0.06502950793088413,0.05767921332103758,0.057589838729408545,0.052773529990309626,0.045085396786989834,0.04210726763360373,0.04914307497076364,-1.3163812862358894e-05
2022-08-09,0.09585845908813743,0.09530716682333697,0.0852339996998013,0.07480995460863113,0.07268788629971949,0.07296465530227465,0.07205321094470174,0.060855712371340076,0.06470844984326093,0.057113218574839884,0.0578489274073276,0.052772803717666336,0.045690889680971784,0.042902363710183834,0.04920539865470913,-1.309672690220662e-05
2022-08-10,0.09606814009901422,0.09546225358087287,0.085640362481839,0.07482120639563376,0.07265436280200231,0.0740524173099753,0.07349808071800888,0.05953392369389879,0.06469603662626022,0.05648525931029189,0.05754132833377815,0.05311746680966516,0.046216852166302946,0.042806234406493636,0.047419161969102876,-1.3086703140184074e-05
2022-08-11,0.0952744215140097,0.09641434087737336,0.08318300544181266,0.0759122066374111,0.07318567350535568,0.07537752942182692,0.07337686856241456,0.05785651391742168,0.06518023996165184,0.05766683996932913,0.05846978727267166,0.0525855243978496,0.04634287308135459,0.042443027380905315,0.04674424345523796,-1.3095396625786128e-05
2022-08-12,0.09616593871082434,0.09527968946902074,0.08241204395989431,0.07498186500403155,0.07189283715494522,0.07555452986976557,0.07456407411138188,0.057735381384749505,0.06375893503023554,0.05845251368690047,0.060102348674523555,0.05204571879633516,0.04598463627482292,0.04287150656974781,0.04821107840413142,-1.309710130982646e-05
2022-08-15,0.09582965380023076,0.09413091706516846,0.08309646163352169,0.07578310935474104,0.07200852355118759,0.07513118372552413,0.07568481593015054,0.0582615275441799,0.06313562410553511,0.05859510985808869,0.058887228010608264,0.05273900344143792,0.045853773754110566,0.04260742639340802,0.048268754943272166,-1.3113111164894211e-05
2022-08-16,0.09555925391823676,0.0946821964720501,0.08336376037790652,0.07541139073370534,0.0724519451831244,0.07528606642556064,0.07502100406561094,0.05798389873983368,0.06280929593578799,0.058880454599983555,0.05836644312980602,0.05224032119994332,0.04730131979310965,0.04321385108156148,0.04744186688363697,-1.306853985740601e-05
2022-08-17,0.09580076467315767,0.09452802454324816,0.08348221056155716,0.07532125279849039,0.07329750799516659,0.07541471870647817,0.07475714692022446,0.05868395788034723,0.06286132498988009,0.05883825238150808,0.058512514797393,0.052025355215190576,0.04719013460459708,0.042645906743810975,0.04665395588408099,-1.3028695130686719e-05
2022-08-18,0.09497805634980086,0.09327843084633138,0.08276464188822218,0.07524128726775815,0.07346031076315249,0.07522728084407068,0.07245495672725662,0.06005627780819634,0.0639440662324621,0.05931093915831646,0.0603882165541357,0.05122748413011825,0.048810684823578115,0.041947448080094846,0.04692295576253168,-1.3037236025779297e-05
2022-08-19,0.09361268834192679,0.09307384904507202,0.08291743783918909,0.0749361520123912,0.07392999554484676,0.07515490831210697,0.07178590125324853,0.059444593636832306,0.06457495773446875,0.05858510512419315,0.06115532118259763,0.05217618867237523,0.04728590679833889,0.042727262546506765,0.04865273571498383,-1.3003759078049121e-05
2022-08-22,0.09355788252063672,0.09336378505455623,0.08360238684521559,0.07448464179590815,0.07388278229660145,0.07368054244302756,0.0717195619587966,0.05969880396846745,0.06489182698723579,0.05939253093518228,0.06022651926621508,0.05157058677297495,0.04872992065835051,0.04249983991433017,0.04871135128957507,-1.2962707073692527e-05
2022-08-23,0.09370683816494019,0.09279607623044943,0.08526201260017457,0.07420493083298958,0.07304178922164119,0.07342831046001179,0.06994964669517788,0.059291392849638684,0.0641163242892904,0.060110368408579924,0.059719424546986144,0.05247563385376175,0.05005334095977926,0.04321639865363411,0.04864050122550017,-1.2988992555158272e-05
2022-08-24,0.09407428152469528,0.09160245617067021,0.08536375660123473,0.07366870325369439,0.07385647246164016,0.07605688493073061,0.0706154373227721,0.05777913095669868,0.06395188842258266,0.06039567345398376,0.05997545184161396,0.05197902633756147,0.05041574194489236,0.042363199118207386,0.047914915639771107,-1.301998074889937e-05
2022-08-25,0.09451010494909684,0.09053101659046138,0.08573933660220649,0.07241180282065825,0.07533795442087023,0.07520272998632752,0.07031152497994873,0.05797656097363247,0.06333707387303213,0.060457145143865285,0.06046293777702714,0.0527604734439767,0.051058375490643515,0.04218454360343228,0.04773141774592142,-1.2998401100249053e-05
2022-08-26,0.09635086252378763,0.09116117970865233,0.08466531365744516,0.07230839738966897,0.07484044366039654,0.07488341791355349,0.06897304270417348,0.0574964720486687,0.06488196683393962,0.060853818715072935,0.05788649212520953,0.05371679830364116,0.05191355172032135,0.04181255896133126,0.048268645029509116,-1.2961295371501563e-05
2022-08-29,0.09553796508190196,0.09070076178455272,0.086012384804604,0.0720660411873611,0.0731258116597786,0.07480926709013161,0.06888952919570351,0.05846553341307207,0.06488968161205856,0.06045178275579842,0.05886375128358766,0.05382574754547512,0.05123164784105663,0.04269416512311893,0.04844888419271989,-1.2954570920676808e-05
2022-08-30,0.09540559183086346,0.09073825659833185,0.08490281954709684,0.07153471514131834,0.07303392839224329,0.07452768726863586,0.0699852259598597,0.05857436154196296,0.0656350634698969,0.06039055389031144,0.059802776831576254,0.0541269010918707,0.05118869298171987,0.04263922011167898,0.047527139040465745,-1.2933697832389133e-05
2022-08-31,0.08990314405784884,0.09267444140444078,0.08931162480248549,0.07429635227338126,0.07154444159329681,0.07215883158107718,0.07366051464890497,0.061171078757756334,0.06631203957038515,0.061499764882772694,0.05644465411096051,0.0523933745082206,0.04524874671228811,0.043580318348414845,0.04981338325548149,-1.2710507715261957e-05
2022-09-01,0.08970648312169016,0.09224476656047152,0.08930613430753513,0.07386634513733749,0.0720347035661,0.07241108137322422,0.07450323938884634,0.06032175621115711,0.06604627604634176,0.06135038954130388,0.056923929808759,0.05175110258757057,0.04602886418257793,0.044575023637719924,0.048942622962401997,-1.2718433037018549e-05
2022-09-02,0.08924613858344305,0.09170515140347078,0.09180379564720025,0.0734718380636802,0.0734742296544213,0.07121002031638396,0.07348430438962804,0.05971713599684212,0.06519965750377038,0.061080600726842314,0.056258689127496576,0.05102656158700785,0.04695673524788882,0.04556270298866192,0.04981514835876677,-1.2709595504453867e-05
2022-09-05,0.08954495445548884,0.09164749799197341,0.09117076735521429,0.07255886229421689,0.07368884979880198,0.07003675121543666,0.07239548080925826,0.06060784992895278,0.06694723821498999,0.06137102718187725,0.05719143052577253,0.0507498005784823,0.045797532840337975,0.046014200963943395,0.05029044266153066,-1.2686816277341627e-05
2022-09-06,0.0899597899041395,0.09178665360885006,0.09248725179308978,0.07202814015819962,0.07329320889612691,0.06941475035107834,0.07277736690258266,0.059921454006668866,0.06654437572054384,0.060954444827304506,0.05719144000522819,0.049687842085135075,0.04606455172946669,0.04726293987171589,0.05063852457994659,-1.2734440076686674e-05
2022-09-07,0.09130015240460065,0.09305965421183986,0.09330022130785834,0.07212001863811585,0.07334600021090462,0.07012773475749579,0.07242918625581021,0.05835427447735012,0.06706786960139928,0.05991993000527303,0.05633526401479152,0.04972009463718856,0.046018678925300184,0.046079754085821545,0.05083390262612884,-1.2736159878534097e-05
2022-09-08,0.09214813557383413,0.09201407942905658,0.09460238765608865,0.07084663271323229,0.07525259219822344,0.06977899408933863,0.0725953886170606,0.05681030579454769,0.06703186823118068,0.06015726469037404,0.05628156831504165,0.04927112774223878,0.04527728069802782,0.04705335596530917,0.05089175394520884,-1.273565876280643e-05
2022-09-09,0.09395842895450505,0.0919854876269719,0.09463602805048128,0.07187427609082445,0.07414775206985437,0.06904790801861915,0.07405263233977748,0.05615842710738592,0.06556413583647645,0.06222780636333148,0.055303108838015,0.049687546479296546,0.04557504859060465,0.044885195256678154,0.05090901538649596,-1.2797009317940675e-05
2022-09-12,0.09449527578227215,0.09245380002297554,0.0957051736850126,0.07166617162452359,0.07490790131784864,0.06854813962606618,0.07276246522402366,0.055217933685090585,0.06425024921629682,0.06331174526566738,0.05404164315800166,0.050006203029611264,0.04544467042651523,0.04488372030735683,0.0523177209222433,-1.2813293505547641e-05
2022-09-13,0.09408229964200396,0.09300743272037607,0.09572745181356,0.07153087533117923,0.07699139112794154,0.06727566257858135,0.0740237907706346,0.05572973095374175,0.06379279192622289,0.0649140141707388,0.05242743009057739,0.04957025293358164,0.0444863710356841,0.045226868366755484,0.0512264443518505,-1.2807813429229655e-05
2022-09-14,0.09462677554826902,0.09299135585497062,0.09539830107437847,0.0719772406101891,0.07687854482234173,0.06645824717655313,0.07696480940773515,0.055449551599017266,0.0618113037527913,0.06419039870614181,0.05145303401405577,0.05036149282109563,0.044828141609866305,0.04564905114912028,0.05097457875507043,-1.2826901596232736e-05
2022-09-15,0.09421737644097374,0.09248810759558986,0.09515881288406844,0.07255014141144348,0.07707047535999866,0.06678062556172557,0.07736568642362696,0.05606051147589678,0.06198468633384005,0.06445504586914919,0.05236949130585565,0.04972789367600867,0.04409561230528843,0.0446039343389461,0.051084401677929867,-1.280266034143245e-05
2022-09-16,0.09253177446692157,0.09288763953455365,0.09501545781320617,0.07347236330115121,0.07642080144388444,0.0665903807343118,0.07852035442940014,0.05714843984094627,0.061349253283085506,0.06462846508711995,0.05261379440818429,0.050037603542678694,0.04389057664653506,0.045644143564604875,0.049261747100466234,-1.2795197050026682e-05
2022-09-19,0.09160940463768287,0.09275028907790064,0.09491566174206739,0.074170057449227,0.07707540563027072,0.06595699358825835,0.07943064856914807,0.05624125961667737,0.061836877459223,0.06606135125305514,0.05334124077913265,0.04984095219600829,0.043387523222070734,0.04412281014077621,0.04927224036804108,-1.271572953949869e-05
2022-09-20,0.09094890038190948,0.09231755692415425,0.09401571801385655,0.07403263684028484,0.07731695958046683,0.06642022094220681,0.07906526956500418,0.05729655737014195,0.06186700871633526,0.06548992911543391,0.05373184017585322,0.05168060725192094,0.04380414989520442,0.04399474118956745,0.04803065997546533,-1.2755937805507988e-05
2022-09-21,0.09071786161740034,0.09249635009029068,0.09358376441211433,0.07259053882705938,0.0764910868569266,0.0676366043640823,0.08057113072132632,0.056561516187151314,0.06246965528089999,0.06427856599664919,0.054943355191664184,0.051886210582503416,0.044528013284382,0.04261620953452346,0.04864188448612767,-1.2747433101097158e-05
2022-09-22,0.09071633757245684,0.09330178833157633,0.09451872406222328,0.07265553824318333,0.07594575993800498,0.06832613540764057,0.08052390420364004,0.05587628973131137,0.061633898813101544,0.06282479169414384,0.05450789331987206,0.05287054255644225,0.044684572213283154,0.04222292156286017,0.049403647964538784,-1.2745614278448538e-05
2022-09-23,0.09016721205079696,0.09356499640206223,0.09451301017025682,0.07344495147181664,0.07463543821852885,0.06771442528393105,0.07890101533934599,0.05578348251602046,0.0628709003085814,0.062461800624697486,0.0541712468067385,0.0537625185808956,0.04562063481942558,0.042247332572656254,0.0501538011857948,-1.2766351548736103e-05
2022-09-26,0.08916777603627073,0.09478546210601861,0.09662208517300942,0.07382240601079633,0.07268744896743952,0.06717755655655007,0.0794938489914293,0.055410377346101644,0.0640136673357226,0.06298994869551601,0.05351754784876556,0.05375907199413254,0.04487941933660685,0.04208362969525595,0.049602505990889625,-1.2752084504761625e-05
2022-09-27,0.09020155150023151,0.09686572938255789,0.09518113382082785,0.07223535004152239,0.0725147353948173,0.0659115382221109,0.07959591956817418,0.056036882778143206,0.06548016409919785,0.06323386799671803,0.05339144474405021,0.0520070613812674,0.0449373040865391,0.0421744446320484,0.050245628152741154,-1.2755800947302111e-05
2022-09-28,0.09069332818928949,0.09762111666980106,0.09481293195502193,0.07120287869290678,0.07242140030322164,0.06538363838877807,0.08094897330032003,0.056316825660026264,0.06576620565535636,0.06304542370743883,0.05123024236202168,0.05399888168107691,0.04470394919005285,0.042385061603693465,0.04948205184666417,-1.2909205669574117e-05
2022-09-29,0.0918445204799177,0.09810575867623669,0.09429932414293599,0.07113519159984955,0.0741629781404701,0.06555903730870785,0.08104519288129892,0.055770085376556706,0.06415378769663611,0.06312376778144206,0.051694043678761084,0.0552088160191049,0.0431050524192835,0.04167632915268545,0.0491290661962297,-1.2951550116255712e-05
2022-09-30,0.08990348891778327,0.09267479689480902,0.08931196739340817,0.07429663726714253,0.07154471603098969,0.07215910837551177,0.0736607972036534,0.06117131340421317,0.06631229393708009,0.061500000790038326,0.05644487062730063,0.05239357548423637,0.045248920282189235,0.04358048551838299,0.04981357433489551,-1.6546461634035062e-05
2022-10-03,0.09057248887398735,0.0937625171763672,0.08978559643291457,0.07513553541988989,0.0729779326147519,0.07206571533761194,0.07180744221677896,0.06066106206852933,0.0664310087411653,0.06132848847828965,0.05508897391320415,0.05075415787832325,0.04448826102672511,0.044052095685453714,0.05110519783050079,-1.6473694492890418e-05
2022-10-04,0.09140160912531249,0.09481526991825906,0.08975638550295391,0.07367652580317337,0.07261832062208698,0.07187210266276949,0.07137297215626205,0.06074992196168854,0.06691423736627915,0.062186584427494446,0.054883383417455474,0.049164055578517184,0.0441481475743765,0.044125059308461265,0.0523319030873626,-1.6478512452410798e-05
2022-10-05,0.09098530675701229,0.09538743296412944,0.09011588120358645,0.07377989683091028,0.0735071146882023,0.0713313394682265,0.07088870929231042,0.060801175694847893,0.06634745346744576,0.06274378822244187,0.054309183225051155,0.04940725978764634,0.04412145242467395,0.044350172414482206,0.05194032221230361,-1.6488653270454755e-05
2022-10-06,0.09094155843201851,0.0957436334307507,0.09056429131488018,0.07398414052117443,0.07524303723471676,0.07062774636654794,0.07103282625751213,0.059619790922257526,0.06691124644292609,0.06184220381551305,0.05422749755728269,0.04924668895059657,0.0444750428580371,0.04403979235155675,0.05151703395425227,-1.6530410022693145e-05
2022-10-07,0.09242918425825261,0.09628674250057682,0.09026890196239248,0.07398085784678675,0.07696683604466546,0.07061887920108822,0.07057808378351166,0.059215626633710966,0.06656387740962404,0.06145626092516695,0.05326542628498033,0.04846124251718785,0.043963863338921286,0.04465340487941967,0.05130738508973473,-1.657267601991935e-05
2022-10-10,0.09233309230863473,0.0976169767819336,0.091620304063185,0.073815507654606,0.07645600271446783,0.06991041904256244,0.07131546958228645,0.05910988465094915,0.06625789337804303,0.060751634423484205,0.05266493948660738,0.0487828148296034,0.043003659564799596,0.04552105927803967,0.05085692686109759,-1.6584620300087515e-05
2022-10-11,0.09194556104353883,0.0960302755636179,0.0913579021015113,0.07333877038732745,0.07620515361510478,0.07104090258764115,0.07129933112574631,0.05829303414613459,0.06539045220424539,0.06115732838102854,0.05363762196790365,0.048893365717107805,0.043416555767352774,0.04591519161378618,0.05209508888959686,-1.653511164331933e-05
2022-10-12,0.09037189151084649,0.09680988948870761,0.09245598346497705,0.07231458269092368,0.07549408051303338,0.07036933615454478,0.07070390124423227,0.05798353844000542,0.06572792267123541,0.06207691166654485,0.05466460470224942,0.04828154882028423,0.04284467734169441,0.04709530491789778,0.05282238014967727,-1.655377685376841e-05
2022-10-13,0.09080475977121502,0.0976659449938939,0.092801556813087,0.07304721463851246,0.0754955395340863,0.07090459022602115,0.06955189126436467,0.05765984698380095,0.0653427950587282,0.06197920124329135,0.0540754949958712,0.0480536550490982,0.04188790112224015,0.04777399203998597,0.05297223302496454,-1.6616759160882573e-05
2022-10-14,0.08984858831042114,0.09739260569485467,0.09367228848260786,0.07301008500010606,0.07528955109774756,0.07124859018145033,0.07028256113054836,0.05681804854509324,0.06626492679046389,0.06157237129495117,0.05438177256002339,0.04831234969354768,0.041750221284167534,0.04716653957604836,0.05300620803385249,-1.6707675883844394e-05
2022-10-17,0.09131875667341295,0.09614835342997914,0.09548382789597067,0.07287102445983257,0.07540520650367084,0.07033572640978505,0.0696319826581211,0.05648040418180068,0.0653160201110421,0.061449361533929096,0.05409235321195098,0.04988532451263846,0.04095094857302015,0.047319086885338826,0.05332834390193788,-1.672094243053724e-05
2022-10-18,0.0904126924965427,0.09683805305662434,0.0950968038477697,0.07080726326931103,0.07603267256586314,0.0693517236352911,0.06867231792055459,0.057053112894331535,0.06500664702281496,0.06235227326234596,0.05517840175347373,0.049367576400763495,0.041542771707080456,0.04669414884526254,0.05561026214908112,-1.672082711023397e-05
2022-10-19,0.09019043658676165,0.09824922819047009,0.09636348398105839,0.0713625032611796,0.07573240581592804,0.06951181632758344,0.06696247449718551,0.057481452431710815,0.06562775344046222,0.0627545596623259,0.05275320876412087,0.048527784909280336,0.04118041605410824,0.04715272992182888,0.05616653246257039,-1.6786306574473065e-05
2022-10-20,0.08973397543753196,0.0985417637965515,0.09497162202354503,0.0716195804805312,0.07591423573157866,0.0696165489996133,0.06657828514085821,0.05878011198970585,0.06589445951190913,0.06161359573807265,0.05279706654366156,0.04898892959001042,0.04062850751097101,0.047939528858348214,0.05639851357982736,-1.6724932716194042e-05
2022-10-21,0.08769111523128195,0.09877919646529332,0.09449918386078264,0.07202015693976715,0.07674356112953884,0.06975522655092062,0.06804164033695435,0.05860478757942567,0.06647737431220646,0.062358483480251164,0.052694508755746966,0.04961553628545526,0.04019227895448452,0.047557160202585366,0.05498650065821747,-1.671074291166178e-05
2022-10-24,0.08761713013917316,0.09879825665894575,0.09540938956114937,0.07245335081007913,0.0762483572402866,0.06849721640227482,0.06823731619886748,0.059353274499528604,0.06702814168416112,0.06322627279177925,0.05236487068450578,0.04908694041134121,0.039562595836864,0.04737809691555109,0.05475544551235901,-1.665534686618774e-05
2022-10-25,0.08777792059704137,0.09866019397920546,0.09526598234897342,0.0718055408408079,0.07712004174145456,0.06856608800710004,0.06808029055567798,0.05872951452009978,0.065710282598331,0.06451834567048592,0.052843887244004156,0.04775188092108793,0.040101064007637015,0.04818620353883754,0.05489941352127173,-1.6650092015680162e-05
2022-10-26,0.08926167741201237,0.09905531591337766,0.09398096671182962,0.07224072909281463,0.07749580313695346,0.0681664921976318,0.0687409299885136,0.05745528265726114,0.06681013035984984,0.06376872936381574,0.05210845862922855,0.04775988302854833,0.04049123055253284,0.04843387864699671,0.05424716871135742,-1.667640272369093e-05
2022-10-27,0.08849450730533207,0.09754687010913234,0.0933990486873854,0.0728575135870925,0.07720360885494673,0.06866314662148415,0.06983422000490931,0.05676955518190906,0.06638487455785323,0.06568122191674484,0.05313772587185897,0.04624939429476586,0.040623774998029875,0.04826655732659488,0.05490458988867259,-1.6609206711680914e-05
2022-10-28,0.08795299793940055,0.0968101303726028,0.09280838572673564,0.07245267624907858,0.07804908814479904,0.06769559431108417,0.06932337987754952,0.05539281593554404,0.06745483009269011,0.06705565995727548,0.05292023766337802,0.04607393867793193,0.040998522620692986,0.04962688080606537,0.05540148290374467,-1.662127857287692e-05
2022-10-31,0.08990396109713861,0.09267528362926593,0.08931243646605146,0.07429702747823122,0.07154509178879731,0.07215948736015057,0.07366118407526602,0.06117163468019116,0.0663126422138442,0.06150032379230526,0.056445167079673564,0.052393850658926405,0.045249157932654924,0.043580714406113656,0.049813835959240674,-2.179861785081794e-05
2022-11-01,0.08993647066247473,0.09294769796020784,0.08933639467292157,0.07184007359419307,0.07299692914314447,0.07267294071735161,0.07405149073891433,0.06117143356745497,0.06653339101889429,0.06098698943736576,0.05706325264397255,0.051289411944790184,0.04544288135875004,0.044072368230782345,0.04968008329641147,-2.1808987628985574e-05
2022-11-02,0.09062105470609352,0.09239437032905326,0.08877180502248698,0.07233619107842987,0.07390817700729971,0.07122671920227167,0.07489113346297628,0.06096124149699134,0.06662969358300352,0.05997917281952756,0.05652285020112198,0.05235480439060637,0.04567074322176635,0.04396047337524859,0.049793464029287714,-2.189392616469121e-05
2022-11-03,0.0906394411233322,0.09240072959999088,0.08831475972132301,0.07292710946646916,0.07445880810871794,0.07129931549569211,0.07462935972284272,0.06127048898184091,0.06666115763094937,0.06071374619407474,0.057110021996658815,0.05124537602792453,0.044618983318570025,0.043224046181155724,0.05050844973259463,-2.1793302136613986e-05
2022-11-04,0.0894601723155479,0.0929497219822303,0.0888347779906765,0.07404710877524523,0.07477286684075042,0.07021535980305073,0.07381648056212065,0.060371438456625376,0.06627021776194501,0.06067252496772189,0.05615530859946278,0.052633076466008816,0.043679935837228866,0.04438466216890402,0.05175817806084747,-2.1830588365875822e-05
2022-11-07,0.0903791172051459,0.0924630586325876,0.08932615170699355,0.07309754949289973,0.0757425244082971,0.07028292785188785,0.07355125461159591,0.059441544169768205,0.06396085894342274,0.059815764486793946,0.05728450599551793,0.0523843867610612,0.043642159940917295,0.04501069902375915,0.053639361672860555,-2.186490350863246e-05
2022-11-08,0.0912622690914363,0.09130735286411827,0.08722053140344581,0.07487878945152833,0.07762748653331968,0.07027160670476218,0.07210652040065507,0.06010125689867174,0.06369959851750814,0.05956415232606184,0.057972910164138344,0.05255329819615028,0.04263309010180795,0.04463957297208887,0.05418336565348656,-2.1801279179171605e-05
2022-11-09,0.09196077078983934,0.09181025160367641,0.08835291501382653,0.07478472561286983,0.0780241409530586,0.06742986731518301,0.0718833231065409,0.06093512172320321,0.06352347322255432,0.05931511582680262,0.05717228935974818,0.05360998236147258,0.043179245358172996,0.045455153712687345,0.05258548245601113,-2.1858415646822837e-05
2022-11-10,0.09184360578982148,0.09157470922552459,0.0881116029332855,0.07428057022244867,0.07772378928879223,0.06819047462710356,0.07005676658306562,0.0624970356211164,0.06400965312534979,0.05930562803662044,0.058042196266413534,0.05232631422729367,0.04270070436254623,0.04538261223406525,0.05397619682696196,-2.185937040883238e-05
2022-11-11,0.09121423324780009,0.09140421457283081,0.08699393866839572,0.07422243143875527,0.07880711971381045,0.06862734225086378,0.06954258167782924,0.06270276068690721,0.06415864571221676,0.05940343683247946,0.058724667776786664,0.05297550494072262,0.042346502487331704,0.045635376332427265,0.053262958468465925,-2.1714807622913234e-05
2022-11-14,0.09047651855727705,0.0912156591285037,0.08698271308793155,0.07286046259979555,0.07969042300139477,0.06624438818892993,0.07214842436900645,0.0640905818714839,0.06396539173581503,0.05946521314484087,0.05906713529931771,0.05249897676036236,0.0425311441076892,0.04556152330935336,0.053223169196876315,-2.172435857752063e-05
2022-11-15,0.0904290806303466,0.08980433586788766,0.0868303226883117,0.07284012468137356,0.07964578710853681,0.06592280850556843,0.07310490600417133,0.06363956258221114,0.06405230023047183,0.06054208976568894,0.05887607236155066,0.05258749897981927,0.04237876544829248,0.046501315722580615,0.052866700932556944,-2.167150936809789e-05
2022-11-16,0.0919735987920598,0.09015198524025816,0.08645073807017577,0.07377346055238379,0.07974865151129006,0.06678200051112047,0.07076925397246989,0.06396856847557823,0.06394133822493386,0.0598500693208371,0.0586510119212373,0.052350004390500096,0.04256489598646341,0.0455820942790535,0.05346410205250322,-2.1773300864689058e-05
2022-11-17,0.09240785918899667,0.08968027613851257,0.0865059871695702,0.0741023585983944,0.08030122591580156,0.0678400428696302,0.0697363605094668,0.06281818577462057,0.06417669834963671,0.06003415018184152,0.05892437099908463,0.05359817990263346,0.042243706191421454,0.04558145802888226,0.052070733246320944,-2.15930648136927e-05
2022-11-18,0.0941368515239783,0.0892491956161428,0.08609941663344645,0.07370808108729823,0.07956708867896632,0.0671188410095832,0.06915604667652192,0.06152650668439145,0.06335209309969864,0.06177673803422054,0.05955760257346321,0.05437403691315517,0.043068743818470694,0.047053911645689186,0.05027640383833967,-2.155783336551822e-05
2022-11-21,0.09391483136936289,0.08935508409113728,0.08647028731258388,0.0741484765524609,0.07988565446547273,0.06794779627988465,0.0698491158917691,0.06147915892729046,0.06189487790957514,0.0614105661956415,0.059597924084934494,0.05467182869028092,0.04262544001818651,0.0470875608399799,0.04968315287171887,-2.1755500279223143e-05
2022-11-22,0.09384238213556936,0.08842397254701426,0.08571843590630632,0.07307211708077169,0.07977907444491852,0.06723066683649682,0.07074534517467258,0.06187076952180285,0.061870558373814936,0.060691470038814865,0.060007148233403244,0.055349026945283424,0.042764501773330736,0.048501006737080174,0.05015528452089501,-2.1760270174751574e-05
2022-11-23,0.09431714199091701,0.08823244859450673,0.08604282079472161,0.07215398897230525,0.07906292819869735,0.06730214848320819,0.0708322696914808,0.06210737028376696,0.06267257009631089,0.05915445136460724,0.058867935346009315,0.055383810341949266,0.04208598424915025,0.05132132142093753,0.050484489078881506,-2.167890744985578e-05
2022-11-24,0.09389710385417194,0.08744839894447592,0.0852835179496255,0.07191681692460573,0.07888518347389269,0.06666892067994448,0.0703208904126554,0.06306756895416377,0.06373719971130141,0.05918018622799065,0.057391810099817614,0.05569646245752146,0.04308724946540175,0.05242550224064592,0.05101478266342726,-2.1594059641417842e-05
2022-11-25,0.09488147152418097,0.08724304558634198,0.08561637545122194,0.07115324743564178,0.0789433490170316,0.06761712336664762,0.0695700405520908,0.06212853532161231,0.06365777044092746,0.05881512392712416,0.057842319438165875,0.05512675866553659,0.044271530967533466,0.05106364714097852,0.052091187999831826,-2.1526834866832974e-05
2022-11-28,0.0947035768041092,0.08612120856210954,0.08630377805972259,0.07133388434807635,0.07830811196638544,0.06652569220929222,0.06994900571881414,0.063339554676048,0.06457116399366285,0.059199246954149506,0.05862154341472667,0.05541570957632356,0.043408772682896286,0.05002870862744559,0.05219168097181755,-2.1638565579422077e-05
2022-11-29,0.09485075826269133,0.08713271370024805,0.08728203389545931,0.0720561423352444,0.07829051758314028,0.06555857566792445,0.07056634262051738,0.06401985348216935,0.06248780910615229,0.058627572282740174,0.05816045854644033,0.0557145074096101,0.042943405661071986,0.050166244099926836,0.05216476617815044,-2.1700831486605275e-05
2022-11-30,0.08990380586422414,0.09267512361124,0.08931228225449456,0.07429689919307034,0.07154496825527354,0.07215936276577906,0.07366105688798585,0.0611715290580248,0.06631252771494345,0.061500217602606974,0.05644506961847511,0.052393760192944255,0.045249079803075555,0.04358063915735676,0.0498137499480478,-2.007192754229249e-05
2022-12-01,0.08976809107562976,0.09307015245997158,0.08923165354001837,0.07438506319968782,0.07261593816442619,0.07267174189154958,0.07462057230794726,0.06126230943788295,0.06629346852466061,0.06069192856944531,0.05638015541845179,0.04970147567290838,0.04500131233950202,0.04373130288737872,0.050594994479705835,-2.0159969166161764e-05
2022-12-02,0.0900094321971958,0.09388974252579188,0.08759326006700303,0.0747324484239956,0.07151559753481282,0.07193117008331854,0.07483486413515404,0.06270932497278785,0.06702320357502667,0.061042781573204835,0.056673725658803194,0.04937599914948783,0.04482075721205139,0.04431895766380499,0.04954899681601896,-2.026158845736774e-05
2022-12-05,0.09046093932924389,0.0934686374071945,0.08832743364800559,0.07551868056730042,0.07002949484028861,0.0713633550853081,0.07394037703193738,0.06107525153807395,0.06597252432524621,0.06333426575047552,0.057215832923786424,0.05095870851765385,0.045461450916009886,0.04371075541077044,0.049182538462890654,-2.024575418550737e-05
2022-12-06,0.09085930169374982,0.09377733248164408,0.08768099080694648,0.07413168201969447,0.0727503470875776,0.07116245885182879,0.07354329403982716,0.06111515397724489,0.06567420399143269,0.06339812980517376,0.058357434902808626,0.0508090749147276,0.04449832736652644,0.043548031515945364,0.04871445502479875,-2.021847992665508e-05
2022-12-07,0.0923496166201788,0.0951679021624882,0.08804333480297917,0.07326320902303826,0.07188399748512081,0.07139359054254144,0.07410473454950602,0.06097985369674148,0.06541082139534123,0.06301392845018568,0.05852174690546132,0.04892454703990313,0.04378072705301832,0.04319193624425255,0.049990327350216704,-2.027332097327912e-05
2022-12-08,0.09124188132049708,0.09493063893495847,0.08788060147308206,0.07403754035109444,0.07267774353464435,0.07104140060308943,0.07332218002176095,0.06015608670502435,0.06490862478231192,0.062333799464202096,0.05880670647397586,0.04907279634536047,0.044058144007587105,0.04400700573907795,0.05154503157193356,-2.01813286002271e-05
2022-12-09,0.09096593386384388,0.0955869129446716,0.0871844485982908,0.07473530360170258,0.07331405155870678,0.07166790453741018,0.07311954913792461,0.05934812747176833,0.06331270520279586,0.06204943645447016,0.060030380363201664,0.04862663253873429,0.04449249725691367,0.04451228139305536,0.05107392771476766,-2.0092638257474948e-05
2022-12-12,0.0925873054707145,0.09326913687932127,0.08649628569874364,0.0743502447482685,0.07297873383575668,0.07237015278492534,0.07380892572554525,0.060008925199744594,0.06422733158520515,0.061475715446707706,0.05917633767409133,0.04922750445608803,0.04424990772343042,0.04348522666674545,0.05230846166768916,-2.019556297707676e-05
2022-12-13,0.09314920651844866,0.09407691138249526,0.08606749972337094,0.07436481866389841,0.07368052176342568,0.07128142980234442,0.07440197471807411,0.05983212166405315,0.06465611908940903,0.061236129911272336,0.0600112449236052,0.04908156746586652,0.0428102687999217,0.044338202712361,0.05103203270416344,-2.0049842709916542e-05
2022-12-14,0.09401447938530645,0.09375687248095464,0.08694562441098501,0.07514941674348503,0.07388724031697672,0.0715755341813274,0.07465048059249599,0.057990077745285154,0.0646211655985447,0.06003940444737031,0.06004299696688801,0.048029208857762656,0.04182917484254192,0.045536051943094256,0.05195226685655599,-1.9995369574373106e-05
2022-12-15,0.09398199564252395,0.09390609577807274,0.08669125420614336,0.07562391115626224,0.07326642374266726,0.07247540660523669,0.07438539380217554,0.057638898510815516,0.06463683582437,0.05948563210199934,0.06036112731782098,0.047594192671452415,0.04217431726405847,0.046547423702387,0.05125107695178425,-1.9985277769875707e-05
2022-12-16,0.09369010388443601,0.09417040190195798,0.08612645622808054,0.07589062400728235,0.07363070877291515,0.07335450456389075,0.07365135956659868,0.05677365517387209,0.06423570586658323,0.05849746897112898,0.060815849281021066,0.046588741600929705,0.04383263704556379,0.04757427268350789,0.051187454309256246,-1.9943857024671552e-05
2022-12-19,0.09491357819699926,0.09305970768205743,0.08890468740320986,0.07574694376270698,0.073886055951073,0.07196494320858939,0.07450499330140244,0.05616450584624834,0.06465766714888438,0.058298159520709464,0.060059963974768545,0.0461928700624632,0.0442335724970419,0.04670527667350698,0.05072711087543283,-2.0036105094017445e-05
2022-12-20,0.09495445344952193,0.0949598670622886,0.08884990364730834,0.07452165659684323,0.07313835262791286,0.07158672639026846,0.07373620849925988,0.05656445400905429,0.06450482330554125,0.058791539379837145,0.05942450992193616,0.046966250393843216,0.043863556979861225,0.04562988853447405,0.05252772516407219,-1.991596202285177e-05
2022-12-21,0.09280029207500888,0.09373025835699046,0.08776443888966522,0.07624748299437348,0.07433762063463846,0.07256374336857871,0.07301288882297112,0.05819616910434577,0.06451274415214969,0.059367483992242495,0.05928397804121191,0.046681603517177546,0.043442661854169076,0.04522045919058619,0.05285797668883918,-1.9801682948151735e-05
2022-12-22,0.09281866262024126,0.09339760713592891,0.08890903645820492,0.0734188831730217,0.07456259298287257,0.07300302876542597,0.07391377552080047,0.057964646227434746,0.06451550943594365,0.0600945548482752,0.06053450361086706,0.046308030286375194,0.04351859913865764,0.046468128869868244,0.050592174145022165,-1.973321893950877e-05
2022-12-23,0.09228752712430545,0.0948620025018542,0.09003496141021998,0.07392436061792294,0.07422421800849117,0.07224586878589377,0.07339536965925929,0.05929518792657451,0.06397947689517955,0.060252741472227526,0.05986069311269972,0.04701851946351755,0.043156634424438976,0.04643982026837795,0.04904236344935943,-1.9745120322136208e-05
2022-12-26,0.09125640798444373,0.09526406549022712,0.089118606659569,0.07602868487820047,0.0726730899190561,0.07181041368440497,0.07372777855467182,0.05924392843595797,0.0632053319917131,0.0596176260469073,0.05916070118266747,0.04699914644211182,0.04483375614394186,0.04671510356306375,0.050365181796210114,-1.9822773146646993e-05
2022-12-27,0.09187885688668122,0.09653559495396796,0.0866042652644317,0.0759227893684703,0.07398443267012601,0.07143832543380273,0.07564665962705475,0.06062377580774306,0.06290638381056883,0.059286874571075544,0.05832398146385126,0.04660864277269931,0.04396815494692839,0.04719250466496713,0.049098616665627114,-1.985890799522978e-05
2022-12-28,0.09179937833514916,0.09651751150025698,0.08450032703402113,0.07677433306708562,0.07396808249476115,0.07166397502434496,0.07439587384752314,0.060770953667686124,0.06355473934655344,0.05882452829524104,0.059838074988054,0.04635307913026968,0.044570108313513886,0.0471518372244022,0.04933692301905348,-1.9725287915804864e-05
2022-12-29,0.090470261733552,0.09701179817892065,0.08394624022155062,0.07613669366502832,0.07564408061121385,0.07157292187947549,0.07349892903114412,0.06055428504894067,0.06242519813844674,0.06022876361440998,0.05925968250139878,0.04684374390011316,0.04570650973428278,0.04680178926624904,0.04991885011932707,-1.9747644053242825e-05
2022-12-30,0.08990319523151201,0.09267449415555087,0.08931167563945068,0.07429639456352077,0.07154448231702448,0.07215887265452105,0.0736605565771201,0.06117111357687432,0.0663120773157834,0.06149979988898173,0.05644468623975586,0.05239340433099184,0.04524877246827415,0.04358034315471673,0.04981341160969895,-1.3279723776835296e-05
2023-01-02,0.09037110198766063,0.09301931096888938,0.08634398182385661,0.07451755375814324,0.07007557445238,0.0727273554196776,0.07509792896338695,0.060347401967427036,0.06603335979067679,0.06091015147400467,0.05755861900663883,0.05246509378652511,0.04661081184381748,0.04390096548566023,0.05003405911777017,-1.3269846514582333e-05
2023-01-03,0.09052865257325143,0.0938951354770099,0.08482198869704097,0.07467877408994966,0.07010080382401285,0.07349471212575465,0.07500274294203248,0.059536391330934524,0.06612808510687508,0.0599678098404662,0.05584150880338974,0.05318336449034468,0.04715193820584805,0.04433939139041886,0.051341982888184756,-1.3281785513975087e-05
2023-01-04,0.09032793818869841,0.09291624834223808,0.08510945024788223,0.07469176350762674,0.06967545620703465,0.0737303069481766,0.07470078082537884,0.0582364889001995,0.06597880539734566,0.0591665290644091,0.05629621405830685,0.05282659224125066,0.048284337498729735,0.045838181015366894,0.05223424103686744,-1.3333479511425876e-05
2023-01-05,0.0890543177526821,0.09438745940882844,0.08661080111440488,0.07475614167659655,0.0708426918570686,0.07326033627487279,0.07287286875529292,0.05765294363357912,0.06772559631051873,0.05784481586144291,0.05634333208722917,0.0529031597104388,0.04789305651959261,0.045510182955814285,0.05235563439706066,-1.3338315422452055e-05
2023-01-06,0.08834383222651257,0.09278204701972573,0.08658399442081581,0.0754800486070725,0.07140698741596718,0.07231570711242098,0.07146254165137193,0.05727819837118752,0.06913138443247023,0.05828247003098364,0.056848815108166126,0.05356979832192398,0.04813348835338591,0.045504608019081245,0.052889378819117344,-1.3299910202615245e-05
2023-01-09,0.08812162138409399,0.09169939986893831,0.08749674936988938,0.07676170435443672,0.07063244920602067,0.07328230244956985,0.07329002953128318,0.05744001881045484,0.06848911476420808,0.058563874825731575,0.05650786895916775,0.053170103584885546,0.04864464260453303,0.04430922345335518,0.05160422945184135,-1.333261840940609e-05
2023-01-10,0.0881691541355349,0.09171403045556496,0.08785762240094677,0.07844752484409295,0.07075537884678791,0.07388108396428286,0.07236339714698513,0.05809723332052518,0.06799369686941335,0.05866466978006498,0.05644441733438827,0.05413256203933641,0.04756014455097945,0.042497459803108095,0.051434959241546535,-1.3334733557858448e-05
2023-01-11,0.08847969163720258,0.09177528870578458,0.08895129949668813,0.07877681082575329,0.07021554286287832,0.07162426349511357,0.07207898801367131,0.058901988263686055,0.06755250375574892,0.05865256688867787,0.05679441541902644,0.05317433680789264,0.048053069052239904,0.04374130813200096,0.05124124672937914,-1.3320085743452648e-05
2023-01-12,0.08788545151509804,0.09208224350360558,0.08716673130567752,0.0794037667989179,0.07089117677090102,0.07346535167810614,0.07218963698775452,0.05949123660850158,0.06697041630205619,0.05857602997542558,0.055628887414310504,0.0532278701393406,0.048002922822871365,0.04417154676013719,0.05086010203740675,-1.3370620110297859e-05
2023-01-13,0.08801309278589764,0.09183510235227939,0.08691740340863023,0.07953653206491479,0.0709812384380829,0.0742420222431058,0.07213226886394464,0.05924741110685787,0.06685022629629558,0.057979748660327055,0.05535715718777441,0.05510494782447091,0.047281980275092804,0.04399277147791524,0.0505414738645329,-1.3376850122153129e-05
2023-01-16,0.08813643194710932,0.09187259658608211,0.08751090155353551,0.07827496693918204,0.07215272126115273,0.07513502839610425,0.07120026191250382,0.057568880390836186,0.0661424938953605,0.05799255133184254,0.05790218445957923,0.055835485659323794,0.04597008734942578,0.043618948963106294,0.050699883640504186,-1.3424285648313334e-05
2023-01-17,0.08840737284753271,0.0907138353022644,0.08744738109918096,0.07768969624785022,0.07124168526786843,0.07544670808547527,0.07200463798944971,0.058305803332041974,0.06676659144996333,0.057598577838602415,0.05862825497574852,0.056181951124338936,0.04612490351994281,0.04317805540005824,0.05027797621370705,-1.3430694025015196e-05
2023-01-18,0.08803122880989016,0.09249665571296059,0.08730252688198542,0.07676975068489901,0.07018039921972001,0.07461059976579083,0.07376582734298785,0.057700492540329225,0.06734564526558792,0.05699372625227336,0.05860138943168094,0.05666801688179785,0.045451703369540304,0.042478325244624505,0.051617074167111414,-1.3361571179229524e-05
2023-01-19,0.08907614007393314,0.09347678919500224,0.08827359093498117,0.07737739585587239,0.0720913584165239,0.07485314962170253,0.07454224829082938,0.05666940284149092,0.06670542198237672,0.056088406180058316,0.05997939161457931,0.054383494635013255,0.04526121193385091,0.040279249417703125,0.050956141917508906,-1.3392911426169171e-05
2023-01-20,0.08883633262840994,0.09497508530588832,0.08882993583632755,0.07679428061330112,0.07317572635125429,0.07502726309099143,0.07473854625038065,0.055823757845700164,0.06586867133981865,0.055492727107706065,0.06015890300567363,0.05457839754667162,0.04659368468026725,0.040655998906665734,0.0484641059237397,-1.341643279610565e-05
2023-01-23,0.08963467531444479,0.09419111161813634,0.08847899146676581,0.0765790657184562,0.07306551839164967,0.07419343944743367,0.07544291882480382,0.05507387585584952,0.06666218040797296,0.057806227636950425,0.05926286764378483,0.0546860383518497,0.04483573126990432,0.040710543046131836,0.04939031582353327,-1.3500817666876943e-05
2023-01-24,0.09014242824507206,0.09416048735764776,0.0892320646806295,0.07873274176837491,0.07450873794482493,0.07362319943882506,0.07389424765564168,0.054705626894240536,0.06566546161265314,0.05815978806648862,0.05807994680341793,0.05457385683580064,0.045458508870371436,0.040604687557304495,0.048471699079342956,-1.348281063535315e-05
2023-01-25,0.09120279925347739,0.09243301713298696,0.08897975923665372,0.07875353448220453,0.07458056688830171,0.0738525163401496,0.07456456687849425,0.054724974231471976,0.06536448035500853,0.05784469747566425,0.057559007442486716,0.05535228836179265,0.04498786881412766,0.04127320004690438,0.04854021205599817,-1.3488995722573896e-05
2023-01-26,0.09040073409284141,0.09265248919098626,0.08794258979124175,0.07902824242205513,0.07449089836078898,0.07301327203181511,0.07481712250095668,0.054945192208258,0.06624390089840183,0.05849844396382598,0.05780758297559837,0.054105363177263284,0.04675331757524045,0.040076440945505554,0.04923784373628233,-1.3433871061023056e-05
2023-01-27,0.09070635038506572,0.0914907078949898,0.08776886508711307,0.07890900585736092,0.07562834247962119,0.0723058783334036,0.0745138284008123,0.05310046570487225,0.06791798471281801,0.057501703714779216,0.05808985755793295,0.05399233694778079,0.04665656933693814,0.04065444085377272,0.0507770846586986,-1.3421925959460573e-05
2023-01-30,0.09051830429427052,0.09169116435024548,0.08769453805787708,0.07948244427918469,0.07487784574559636,0.07298766604577948,0.07530752126083215,0.053686236852566224,0.06696919557870398,0.057111516288418235,0.05807270042683845,0.05252635265312828,0.04776506034902002,0.04047985383635532,0.050842959683120116,-1.3359701936188641e-05
2023-01-31,0.08990323132511922,0.09267453136175675,0.08931171149557939,0.07429642439143597,0.07154451104012421,0.07215890162428125,0.0736605861497642,0.06117113813535793,0.06631210393821951,0.06149982457942365,0.05644470890071167,0.05239342536547178,0.04524879063438511,0.04358036065100019,0.04981343160838429,-1.3681201015124114e-05
2023-02-01,0.08989568614349161,0.09226263706555364,0.08934941264544734,0.07540118148938137,0.07186865419361503,0.07301388803700797,0.07344542688423733,0.06021968071736336,0.0659810680502068,0.060482359749454956,0.05763267573763923,0.05287668410308184,0.04547813733606567,0.04438330897870678,0.047722817683401544,-1.361881465450506e-05
2023-02-02,0.09035181187514875,0.09099758813780856,0.08930462006904252,0.07510193105569672,0.0724197090176519,0.07320271665068545,0.07475535170980606,0.05968934419896585,0.06665863787878684,0.060620975127626875,0.05609574663345416,0.052048752800124776,0.04535224963212994,0.04527738609504218,0.04813678869984617,-1.3609581816692802e-05
2023-02-03,0.08920849148773669,0.09072166386659301,0.0911053749615284,0.07508061279155931,0.07202149500346329,0.0735535970181214,0.07541417598666636,0.059217906735756616,0.06706076172904274,0.06022790545586975,0.0566719024607385,0.052128215426458714,0.04567602518863666,0.044594417160382135,0.047331039259444666,-1.3584531998184874e-05
2023-02-06,0.08968965059395727,0.09033337908243746,0.09107037219992267,0.07456066645025741,0.07256047848698324,0.07273481933724585,0.075024919193765,0.05967918114509466,0.06800437091873217,0.059544097132780784,0.05828145925592219,0.05223607644653321,0.04469845099862702,0.04475318120829694,0.046842431750218884,-1.35342007749258e-05
2023-02-07,0.08995897910178867,0.09019802528540284,0.09104890602230159,0.07370661216681453,0.07336099765015555,0.07158861881622278,0.0738341903609024,0.05993609433433859,0.06956183120925168,0.0591686702858191,0.05889514726419307,0.05314004999039438,0.04530296314094587,0.044467240643742724,0.04584519044871673,-1.3516720990478143e-05
2023-02-08,0.08808148985197004,0.08995920746158804,0.0922107354983697,0.0727612201860736,0.07399209887508543,0.07072555613292508,0.07395128892924466,0.06054819907488509,0.06889547155584261,0.059339395764416464,0.05851500108056468,0.05378792499051252,0.045504697421750485,0.044528709194573635,0.04721251781096179,-1.3513828763866857e-05
2023-02-09,0.08908763488491259,0.08979176140152591,0.09260345675985826,0.07307730240851995,0.07445294736238503,0.07339967242454921,0.07471560819572846,0.05911530171661516,0.06870684277007662,0.05787044237951438,0.058517930228463445,0.05226836020258283,0.045054436208852966,0.04353370681327051,0.04781817675469844,-1.3580511553786781e-05
2023-02-10,0.0889026527086782,0.08988218186980806,0.09231162558938616,0.0717649621124277,0.07476982699203755,0.07506246365332951,0.07498454313212562,0.058647895693928316,0.06712578011993343,0.056950808491557835,0.058841132577055213,0.05312009818022233,0.04518172423882249,0.044092222424934484,0.04837563177118025,-1.354955542729744e-05
2023-02-13,0.08895530148581499,0.08891305113425041,0.09210422503466922,0.0707760275918658,0.07448200249143926,0.07507689904816243,0.07637614795281757,0.05733076969365628,0.06733863997365842,0.05803141305580654,0.05933230817181796,0.05365822918673349,0.04547239980042642,0.044963052988389166,0.04720302272462026,-1.349033412817518e-05
2023-02-14,0.08785906706277503,0.08897921641854023,0.09003047593980731,0.0718372141384841,0.07565377745030455,0.07472864258079623,0.07606623528970581,0.05732804437323082,0.06745848476204672,0.05820611942189612,0.05993223729770246,0.053560434037923536,0.04627641569698845,0.045380310789036676,0.04671682291860735,-1.3498177845308188e-05
2023-02-15,0.08883844793953301,0.08763137559490493,0.08981577584334047,0.07253498938005504,0.07488933014162392,0.0749271927722309,0.07652601206381925,0.05655834050233395,0.06730361872620644,0.05799550063801138,0.059327682235019615,0.055576276730735,0.04560645682371716,0.04616099654964427,0.04632148002174491,-1.3475962920404341e-05
2023-02-16,0.08742359433648289,0.08722334405991233,0.0899330115620914,0.07288785440854487,0.07588243845529385,0.07732242928451474,0.07635853773575443,0.055717615132600345,0.06738378009083436,0.0574402710542884,0.059889700988350184,0.0540664199216874,0.04724525461379202,0.04662975564079876,0.04460938894905229,-1.3396233998322104e-05
2023-02-17,0.08712449722370351,0.08823647059374014,0.0913808245171894,0.07206726189854021,0.07680078737128665,0.07565162154680066,0.07653112020442733,0.05679346090521659,0.06706788876084302,0.05629662517338343,0.060246604605210474,0.0537083205276882,0.047940816972665716,0.04604619691978196,0.04412094054446877,-1.3437764946155086e-05
2023-02-20,0.08541238720096832,0.08834043483468258,0.09117531675524533,0.07105044450635653,0.0769464502384495,0.07661490565411555,0.07627803118743887,0.05698809023066197,0.06731687654563422,0.05522724304988754,0.06223485903358061,0.05326810139960226,0.04848137411614215,0.046681900788771324,0.0439970119093129,-1.3427450849750142e-05
2023-02-21,0.08585919759552132,0.08851860075440744,0.08974019719166339,0.0707503767424002,0.07634459238744894,0.07613422071338768,0.07491123255820363,0.057880203543133224,0.06889875008305936,0.05605167253846661,0.06350140579570097,0.05294859897688705,0.047932756669757506,0.04601394012512728,0.04452767242023534,-1.3418095399994834e-05
2023-02-22,0.0856892005378272,0.08808783013583275,0.0906255883396897,0.07079244838974363,0.07526445907456955,0.07516965373645695,0.07530222613553933,0.058504314073303504,0.06919266409233447,0.057478589230002715,0.06493249639808567,0.05313941958052496,0.047049365628947834,0.044747698725217874,0.044037406134381875,-1.3360212458323899e-05
2023-02-23,0.08624592271625213,0.08966389192069811,0.09098324796443936,0.07170351039333589,0.07500262019338617,0.0757339493717388,0.07610500429937082,0.05683977982967454,0.06874140007219894,0.058304625865520536,0.06519944374381033,0.05205134909512226,0.04503167502982688,0.04443864651317862,0.043968282346433074,-1.3349354986477886e-05
2023-02-24,0.0857941317790271,0.0900781139312932,0.09177296685752177,0.07248807231461347,0.07309352524496446,0.07470221900309933,0.07604297081095547,0.05749179237752308,0.06947360967909298,0.05893087062629716,0.06501647266641841,0.05194238467477371,0.04461112530038108,0.04521846342155386,0.043356669907078864,-1.3388594594241867e-05
2023-02-27,0.08675451070577253,0.09055347640239889,0.09202142262373512,0.07217393714511464,0.0721239627714085,0.07432502191760393,0.07595484429258458,0.055747539278755864,0.06950325110336418,0.059978992911976316,0.06583812798013462,0.05168546238762902,0.044803198809068794,0.04491744060469063,0.04363223901344754,-1.3427947685325002e-05
2023-02-28,0.08990327799821848,0.09267457947357137,0.08931175786159219,0.07429646296228974,0.07154454818232718,0.07215893908544396,0.07366062439052372,0.061171169892243187,0.06631213836402784,0.06149985650694589,0.05644473820387978,0.052393452565423396,0.04524881412521258,0.043580383275665276,0.04981345746893683,-1.4200356301494539e-05
2023-03-01,0.09007761023186905,0.09296548153614896,0.08767505390779401,0.07479191500724898,0.07232203924265045,0.07219536112104703,0.0761367049208421,0.060673410848348736,0.06606109884397034,0.0612212968271289,0.05646750351203453,0.052189858099237776,0.044207180609975465,0.043220957484005174,0.04980874458606113,-1.421677836230847e-05
2023-03-02,0.09088809847413094,0.09479531726976831,0.0887148129256474,0.07394181903377031,0.07153403513907067,0.07187227200539566,0.07778224531564722,0.060387074482830864,0.06460710848657285,0.06060399891035821,0.05702838101364188,0.05267737575041511,0.04395327504029599,0.043662153705036656,0.047566209747573654,-1.4177300155581818e-05
2023-03-03,0.09086334760085382,0.09550412980194427,0.0878120135348317,0.07314699990652819,0.06983287627342759,0.07325570204332414,0.07694303396196098,0.06052944571778828,0.06511936249823361,0.06196403438426733,0.05683116245761361,0.052149049179908036,0.044046469022309374,0.044643774237246296,0.047372756121148774,-1.415674138586735e-05
2023-03-06,0.0903741441666033,0.09436243803359783,0.08697712954431296,0.07414968061249035,0.06982415176277265,0.07296227528544241,0.07649234005104308,0.060836858550298134,0.06514083002617053,0.0619436685261397,0.058302369106754896,0.05371480196735777,0.042974380690374056,0.04509156610882691,0.04686757144631038,-1.420587849482591e-05
2023-03-07,0.09033619924638368,0.09484320638950722,0.0869497839506067,0.07449551370427279,0.07053869701729233,0.07338954598407893,0.07598395099333263,0.060422875885122226,0.06388637890349391,0.0612565074214949,0.060287648020367575,0.053116168782136285,0.04217044131161255,0.04545857978940953,0.04687873307249405,-1.4230471605347608e-05
2023-03-08,0.0902319237760131,0.0962654260885558,0.08753099685634856,0.0741003713360699,0.0702317671487712,0.07297770763654904,0.07694732739858484,0.06021281918331225,0.06224338889786815,0.06126873171435188,0.05884487690920068,0.05512823364918865,0.04149912208829208,0.045372767029480635,0.04715877782137457,-1.4237533961347025e-05
2023-03-09,0.08974309508338268,0.09572659758962447,0.08769737900340224,0.07520061054038522,0.07070320525900319,0.07417080304177129,0.07566882070117899,0.06033235374679085,0.06223260888298472,0.06145198387547373,0.06001077822317073,0.05479186350315124,0.04110679091471663,0.045707269481264946,0.045470036460852785,-1.4196307153646824e-05
2023-03-10,0.08953476159145723,0.09559124619154813,0.08682360682690846,0.07611250543762661,0.06979311009666403,0.07404587965553833,0.07597468311331905,0.06149630232172412,0.0622317348657067,0.062355285705202976,0.060703585075989316,0.05491844541358454,0.0403316090091119,0.044525688417870225,0.045575748576002696,-1.4192298254127793e-05
2023-03-13,0.08925706044587456,0.09667983544304477,0.08770590012696514,0.07611242242146761,0.06895968834138551,0.07469299664086498,0.07509641076363151,0.060971408954104744,0.06146586903713322,0.06236385438700972,0.061997175177614,0.05504272440552645,0.04011319472171589,0.04339260707642234,0.046163070427387036,-1.4218370147372715e-05
2023-03-14,0.08854501864662763,0.09673860349568904,0.08732221123002233,0.07680391340746097,0.06879386335820385,0.07460167004385956,0.07555542657472321,0.06276567285979649,0.06225256244961895,0.06225604435121506,0.06198017096602773,0.05453926332996724,0.039434207220197165,0.042945408434758574,0.04548017052057415,-1.4206888741988485e-05
2023-03-15,0.08914255302724648,0.09574720519458377,0.08863481449140793,0.07751738504801342,0.06885817847170322,0.07465524694740125,0.0750429370030195,0.06305441465767038,0.06330848080136856,0.06162775312617145,0.06049314020178936,0.05523487594517342,0.039694740673527754,0.04210881437047911,0.04489367224004025,-1.421219959577106e-05
2023-03-16,0.08867338721159095,0.09532112941027102,0.08858415512217799,0.07750925670221481,0.0685181929226911,0.07415281305480233,0.07503921244306297,0.06339859864710459,0.0632068478299249,0.06293222592346698,0.06118354239962065,0.05392438242722704,0.04018825045913076,0.042711409460636625,0.044670846238375195,-1.4250252297850315e-05
2023-03-17,0.08803972943618782,0.09600651533166063,0.08920891919253693,0.077060238727846,0.06779475876904753,0.07460453113974864,0.07534558702820351,0.06348256518065601,0.06358993044552677,0.06230917185837895,0.06120024681557098,0.05481167442423182,0.04023801720657697,0.04171931214555431,0.04460315058854122,-1.4348290267941363e-05
2023-03-20,0.08734590556745482,0.09648563212123881,0.08972267336858564,0.07577067307806777,0.06858156370419714,0.07371690783181839,0.0771171590225345,0.06359417176863613,0.06256829621786603,0.061358556022642924,0.06170124575821339,0.0545895947815247,0.04027395941266866,0.0430573231861356,0.04413071590837241,-1.4377749956904232e-05
2023-03-21,0.08692512392928445,0.09734838012503798,0.08950558906521647,0.07398040164495454,0.06863900379740576,0.07223734788073062,0.07817153983910013,0.06252696364370802,0.06498917334024715,0.06243384225712614,0.0605948858348733,0.05433111400993574,0.040600534037412664,0.04345288143165823,0.044277516711905225,-1.4297548596411414e-05
2023-03-22,0.08771071915978826,0.09696169319270848,0.08891027467918955,0.07348898427599375,0.06917104296744554,0.07238552601812052,0.07827556291371403,0.06306949052252896,0.0628511388895405,0.06257708328659992,0.06065871812239305,0.055723451940408564,0.03941642176674156,0.04457836942245528,0.04423577811281011,-1.4255270437986424e-05
2023-03-23,0.08821066604332799,0.09871531455097031,0.08954981384593043,0.07391215697049382,0.06945706551722682,0.07202445044323935,0.07834293444378868,0.0625096629183198,0.06289136384677657,0.06038920070344917,0.06116309296519907,0.0556862021811381,0.03923947452160652,0.04482142913503326,0.0431014396829202,-1.426776942001183e-05
2023-03-24,0.08951739258723836,0.09828491871113819,0.08911420969283029,0.07285489394210219,0.06925226307100493,0.07306971958379939,0.07918527017329818,0.06306685895378832,0.06320323800535446,0.059867233715790294,0.059543732383515,0.05532864272972113,0.03895942161044739,0.04554127638842852,0.0432251455818993,-1.4217130355872802e-05
2023-03-27,0.09017988497451176,0.09871166841636857,0.08799599245112956,0.07081032625554741,0.06988237522697341,0.07378006647787595,0.0771390279502783,0.06393121596191599,0.06308569909058047,0.05956874020972798,0.06064634144621669,0.056164414236763494,0.03911382283562387,0.0455962554095786,0.04340827372226343,-1.4104665355362595e-05
2023-03-28,0.0902987033140892,0.09916418601390624,0.08758956466704405,0.07090675119848326,0.06993508030119774,0.07356401489374689,0.07768997259261205,0.06397604181138938,0.06389561662727251,0.05838122018135651,0.06086199872686125,0.05659465099264914,0.03911305307495925,0.04570247775520239,0.04234084186661143,-1.4174017381047544e-05
2023-03-29,0.09046174699059496,0.09966162393381606,0.08792416218179545,0.0716459799395421,0.07000504060115421,0.07391067311049816,0.0777456158464435,0.0645114701573084,0.06231681497025301,0.0574967785844825,0.0623461988538293,0.05417869739455554,0.038969394261154776,0.04662275061469221,0.04221720170269024,-1.4149142810444136e-05
2023-03-30,0.09019902599187028,0.09988737188828511,0.08767500039159935,0.07174376759690222,0.06949615164556039,0.07504114650650519,0.07932556105496581,0.06446193227963393,0.06110475774968987,0.05709677521251929,0.06223564065196034,0.05470823680315605,0.03832889755227157,0.04602912401148421,0.042680770092807595,-1.4159429211035375e-05
2023-03-31,0.08990392825161861,0.09267524977127073,0.08931240383663909,0.07429700033454952,0.071545065650508,0.07215946099739794,0.0736611571638834,0.06117161233174147,0.06631261798717841,0.06150030132377226,0.0564451464579919,0.052393831517352996,0.045249141401324106,0.043580698484332124,0.04981381776025003,-2.1433269810428204e-05
2023-04-03,0.08880858739688792,0.09254049923164023,0.08844987151884492,0.07430926719430367,0.0721994604522983,0.0731397528369611,0.07453381111326854,0.06095984741520462,0.06642118806656624,0.06194701618239316,0.05489122478029061,0.05295014334034296,0.04413730707587605,0.045247303123031955,0.0494861637260203,-2.1443453930581764e-05
2023-04-04,0.08835149929211597,0.09150936619731051,0.08755402342172278,0.07599439185580212,0.07278354933410516,0.07145314115245265,0.07580051037189392,0.06179152773571351,0.06593359649841511,0.06204562134409415,0.05470651283582206,0.05454227944953432,0.04338738822721554,0.0452297506137705,0.048938207842225204,-2.1366172193307263e-05
2023-04-05,0.08713203161633379,0.09351693819332504,0.08641889270156403,0.07617235197649863,0.0712338310827437,0.07107862918689872,0.07622465732868171,0.06106525822748702,0.0665051069315233,0.06178581466042075,0.05573490320256422,0.0557973345211471,0.04294399365463659,0.045297512621112444,0.04911410030786506,-2.1356212801954687e-05
2023-04-06,0.08749963903067375,0.09338142808411598,0.08646074157094054,0.07584286556735288,0.07122585150477426,0.07215426231015981,0.07677747725043786,0.061584107959774786,0.0671249814660065,0.06155403460110332,0.05594755218314007,0.05470433739172,0.043843317470212306,0.042947603821467985,0.04897311711709092,-2.1317328970753476e-05
2023-04-07,0.08809792651060161,0.09173588206792783,0.08650027967838239,0.07496361368819122,0.07063838317333218,0.0727548246574801,0.07669557431721605,0.05958771962283213,0.0659092116565541,0.062257843816144826,0.05615041748907946,0.05611505320459034,0.044976526231132255,0.04252916504268461,0.0511088088507686,-2.123000691774738e-05
2023-04-10,0.08852368862371736,0.0912625222191272,0.08630865163886907,0.07336527381150462,0.07235657347721529,0.07459433980131942,0.07600553818964821,0.059680415036898866,0.06632141714398498,0.061627983077640794,0.05482134192941007,0.0561907293755947,0.044944274423177506,0.04243820873593916,0.05158036596064695,-2.1323444694062233e-05
2023-04-11,0.08944006466925074,0.09070204673512738,0.08620333687480451,0.07375308098087686,0.07262513914928143,0.0737869942282851,0.0758805041930148,0.059968163572398224,0.06502256333923047,0.06265672170100024,0.05593334360850146,0.055350347083253704,0.0449719205665319,0.04281683051487645,0.05091019566920186,-2.125288563520779e-05
2023-04-12,0.08994536544863267,0.09095395897427722,0.08493487284753214,0.07422900320780487,0.07174134424256319,0.07476773322946656,0.07528835583266918,0.059908509452270435,0.06643461593106668,0.06322455058978416,0.05503152463595967,0.05447948234281411,0.04456307823957308,0.04318769572516545,0.051331181230990036,-2.1271930569216197e-05
2023-04-13,0.08930353917862081,0.08995709053675552,0.08526912464800773,0.07414237951928265,0.07369082742474288,0.07487595365489763,0.07720909789695765,0.05897604839969238,0.06495232062461698,0.062193510273323246,0.056153832445942534,0.05615735322486741,0.044003435314449335,0.04287701423869137,0.050259758107847746,-2.12854886959539e-05
2023-04-14,0.08793556429643745,0.09077943268657833,0.08563553598191767,0.07429316469512048,0.07257844819370073,0.07660069909210084,0.07683792403745189,0.059542367096105275,0.06368066773275081,0.06213884783239508,0.05653789313573793,0.05658797816213541,0.04421847817908704,0.04335824898931103,0.04929607005792216,-2.1320168752037547e-05
2023-04-17,0.08845348981976627,0.09125169013261783,0.08619953175752425,0.07465989985467483,0.07175137159150888,0.07561992315743309,0.07485431334418324,0.06048602981864841,0.06473660928768137,0.06322122451031657,0.057063172470504915,0.05478849461208886,0.043611503196698924,0.043683652130189744,0.04964049589688012,-2.1401580717275283e-05
2023-04-18,0.08838601059760605,0.09171815945388062,0.08633116113141688,0.0748701970801827,0.0712982620988409,0.07668568967643115,0.07453191858299128,0.05943727226779252,0.06409636086547964,0.06297997698822379,0.058075921441174065,0.05484012905330482,0.04354235695106614,0.042763341878726116,0.05046466803266676,-2.1426099783221038e-05
2023-04-19,0.08779290672618494,0.0915770737889287,0.08766708710020577,0.07527175845627293,0.06985747455915639,0.07491518693393744,0.0744385921706419,0.05839519253890673,0.0646921172420064,0.06300238761061708,0.058215625773161944,0.05417331223035215,0.04486258872062289,0.04496890193379852,0.05019120418296907,-2.1409967762626066e-05
2023-04-20,0.08864611102494341,0.09225316577420294,0.08798245303436032,0.07503401446744874,0.06938339654834205,0.07430478557916118,0.07533460660776103,0.0583455836277617,0.06262650424206952,0.06385713558133413,0.058566288147827585,0.05577351704944199,0.0454589100177429,0.04405244998266435,0.04840262021679864,-2.1541901860507528e-05
2023-04-21,0.08801839566426302,0.09164583758120803,0.08885795185233795,0.07501129429097296,0.07032656786962588,0.0730322745738882,0.07630698523149106,0.05893641267458244,0.060746904200865516,0.06516561231667292,0.058654746979609304,0.056143714286225596,0.04477174252415631,0.04507932061532908,0.04732377080632301,-2.1531467551375797e-05
2023-04-24,0.08852164701285826,0.09221313932884993,0.08774139041647151,0.07656120199842174,0.07038231574771084,0.07349826449334597,0.07458830141907653,0.06058766324816023,0.05952946666283793,0.06607797702010597,0.05760364079576644,0.0554567515264808,0.045309980303022926,0.04584218892681198,0.04610755251484071,-2.1481414761901168e-05
2023-04-25,0.08920300652514278,0.0929508477431018,0.08663386713498873,0.0777707418571348,0.06896655785983054,0.07273192189613258,0.07488958445208972,0.05971247385861497,0.059621993596305024,0.06617101915270344,0.05729733118761386,0.05610776272590344,0.045027457552834285,0.04593373074335573,0.04700312549327291,-2.1421779024464403e-05
2023-04-26,0.09022544637241892,0.09406427065437976,0.08590291727492268,0.07855560324044483,0.0685088562387462,0.07183079928056263,0.07512636020673202,0.05919275368226669,0.0605743896572095,0.06729001520054685,0.055768146963209655,0.05556052234102345,0.04406345147202689,0.045744027086525106,0.04761394272640414,-2.1502397419205243e-05
2023-04-27,0.09028978913169732,0.09378676874808083,0.08737579694541586,0.0767153741166961,0.06975513351123148,0.07155436855533866,0.07528579219280225,0.05893895098321903,0.06216207346776163,0.06622023523361033,0.05596243551830401,0.05624093539667706,0.04296187330491761,0.0451295848872955,0.047642450826183985,-2.1562819231537234e-05
2023-04-28,0.08990287398107359,0.09267416300245,0.08931135650268494,0.0742961290807505,0.07154422666764236,0.07215861480974238,0.0736602933663851,0.06117089499457582,0.0663118403633163,0.06149958013219081,0.05644448454636605,0.05239321711401842,0.04524861078116218,0.04358018742939118,0.0498132336117949,-9.706383544408645e-06
2023-05-01,0.08910476419717467,0.092935588198216,0.08848501756298462,0.07573683609144036,0.07113933500736397,0.07261097511756522,0.07392337328966622,0.0606998592695919,0.06526350713563193,0.061375523018173665,0.056506399588165904,0.05152016993527479,0.04506082194108802,0.044248622750599625,0.05139883969199633,-9.63279493312708e-06
2023-05-02,0.08945903667740947,0.094305813909818,0.08753168639951643,0.07604288681036142,0.07201024922630013,0.07149515981522438,0.07315306885874676,0.06195406295892481,0.06407217991301457,0.05986942265197688,0.05768540784513249,0.05236279189497786,0.045233253955570284,0.04404838584227002,0.05078618499713548,-9.591756378967836e-06
2023-05-03,0.0891700349465003,0.09525325831503567,0.08724619622782508,0.07748150004729067,0.07081426500202065,0.07106701003955417,0.07236925453731478,0.06065499102840778,0.06356521408357038,0.05991816183879087,0.057849426721335924,0.053977230812551916,0.0453490808695896,0.044723191442363176,0.05057071756725731,-9.533479408307984e-06
2023-05-04,0.08992052599056802,0.0968541870731701,0.08710902744156751,0.07604497687776071,0.06983524082018414,0.07081176670846176,0.07229428556091,0.060818833298175355,0.0635452828191645,0.05950114740930885,0.05685052952635428,0.05396139409978991,0.04649751488650958,0.04523714617626037,0.05072760312372738,-9.461811912270976e-06
2023-05-05,0.09068557507483051,0.0963767100103253,0.08653139059337774,0.0753081142836925,0.06965272651166682,0.07035366012239208,0.07339679682318605,0.06034832394166855,0.06272663656958176,0.0612362774492595,0.05638293176201224,0.05405266958465207,0.04682493808791345,0.044263462406313896,0.05186923529813101,-9.448519003270758e-06
2023-05-08,0.0916661320123169,0.09836618346634951,0.08631104424513551,0.07575943524020969,0.07002601097357865,0.07093808013738429,0.07231131377780214,0.06074315072982303,0.061705139830665744,0.061885951077247904,0.054714642711961,0.05263070575140798,0.04773973194787234,0.04404765530279324,0.051164314453531645,-9.491658079512493e-06
2023-05-09,0.0924445614087472,0.09835247967123516,0.08682609004478316,0.07535881845708459,0.0720620614988055,0.0701538743009079,0.07376905293069476,0.060491601756886906,0.0599944654280725,0.0621489598242665,0.05481805794213281,0.051534096391334806,0.04682038729856926,0.04389112854376157,0.05134382132669671,-9.456823979074615e-06
2023-05-10,0.09034080831998606,0.09946312034743196,0.08641909160509982,0.07425832211926595,0.0729375333687989,0.07018451549314289,0.0750372442758193,0.06091542684723491,0.06004260109127039,0.06205457616260519,0.0552951877269398,0.051221254981374136,0.04616354580516729,0.04442157923249851,0.05125465322527303,-9.46060190820859e-06
2023-05-11,0.09029365299603026,0.10047833893231249,0.08624533107806406,0.0742151363033581,0.07235380934148405,0.07052285690339469,0.07534102509338055,0.06165332143929613,0.05949005052886342,0.06157777611609462,0.05597324158938946,0.051411998948257626,0.04540714754666147,0.04545723681322618,0.0495885271611302,-9.450790943024595e-06
2023-05-12,0.09084964709197442,0.09907115907475658,0.087896875229564,0.07281583439742034,0.07328348931329029,0.07037149143247959,0.07488790800860701,0.06175070870050539,0.059986986061257026,0.0606536762672972,0.05518094367607986,0.05192684416146319,0.04400766560725926,0.044934215663249046,0.05239199249070373,-9.437175906722317e-06
2023-05-15,0.08984680332020367,0.10003346327297674,0.08717887327288606,0.07310726917438093,0.07373309247001675,0.07126362427223068,0.07455550387090214,0.06338200234422765,0.05936210054079547,0.06077327923314371,0.055309882569520456,0.05086279559662363,0.04371820453347758,0.04499684841809129,0.05188567438417275,-9.417273649344546e-06
2023-05-16,0.09190186493975937,0.0991690224062607,0.08827781352411924,0.07381826575996592,0.07371555654894384,0.07047030441509651,0.07378166722018083,0.06291784444730637,0.057791272013995795,0.0598313411368698,0.05398774457805451,0.05202397808595671,0.044199369028547444,0.04564944186470402,0.05247392771442538,-9.413684186256806e-06
2023-05-17,0.09165326727674857,0.10020775784614834,0.08732570642587296,0.07359883548241966,0.07407473652011734,0.06899030753493203,0.07654897232799462,0.06268661654588815,0.0576785203656032,0.06075287593531917,0.05456871171979941,0.05185096488012074,0.04412583384970774,0.044225327288457454,0.05172093757578854,-9.371574917783638e-06
2023-05-18,0.09144412546507526,0.09994280390855373,0.0878508591853198,0.07297903702553628,0.0723153807501296,0.06943594429378545,0.07748890743955922,0.06304404440313006,0.0571409531039165,0.061312636322963486,0.05720351407077464,0.0515971565897034,0.04281769376597182,0.0434569927688463,0.05197925378620779,-9.302879473281417e-06
2023-05-19,0.0903132794538164,0.10040108674591612,0.08846690343086802,0.07448116898505756,0.0736829014129344,0.07041471826703956,0.07545385718382411,0.06406066390731598,0.05791626139299417,0.06174653867150607,0.0557746127459787,0.05108163211933661,0.04207474915012243,0.041996401083418074,0.052144552875227713,-9.327425355962503e-06
2023-05-22,0.08941035839355678,0.10281640675052654,0.08809177940288619,0.07540550737301073,0.07210772446051633,0.0697727230110883,0.07537802479800916,0.06309215257595178,0.05742366711492365,0.061400818587426145,0.05544134557252161,0.052565564661783894,0.042263226299336897,0.0422737131579424,0.05256629029628477,-9.302455765077713e-06
2023-05-23,0.0896246614979555,0.1023867184943929,0.08749573697299998,0.07530149809301834,0.0728825505726134,0.07055146006644368,0.07489294473038051,0.06357611720018824,0.05707772873175774,0.06124159640838016,0.054846359371751335,0.052244146069217505,0.043126316567222545,0.04221766266854389,0.052543771810704396,-9.269255570128032e-06
2023-05-24,0.08862036176378196,0.10232438400297465,0.08749098141374309,0.07477819681818156,0.07309232393823684,0.07034872465117016,0.0751740606950864,0.06385748983073657,0.056421550386405964,0.061030494278124084,0.05506799969725677,0.05343753120865449,0.043443599902710926,0.041828403573036174,0.05309318843249553,-9.290592595004332e-06
2023-05-25,0.08971815776581667,0.10289621674462553,0.08768885897594178,0.07512914534555985,0.07410496449154594,0.07106604850989687,0.07548270270224484,0.06459829198107701,0.055323737394555934,0.059403397845291285,0.055020237642571766,0.05331892154923653,0.04288520155049855,0.04231670081642495,0.05105667120939628,-9.25452468345636e-06
2023-05-26,0.08925142177910016,0.10237859192173451,0.08613164108687048,0.07641224240311521,0.07287893298366772,0.0705294051938718,0.07640898222626141,0.06519266661902236,0.054417904617271265,0.060038721554957805,0.05528570408362845,0.055425729204606,0.04319719744855249,0.042217022648942365,0.05024308752110589,-9.251292707928537e-06
2023-05-29,0.08838037589760585,0.10124679886552065,0.08717139180104877,0.07622446876490602,0.07318591262797518,0.07171110915466719,0.07378657487824826,0.066204654326087,0.054325312300866874,0.06029329840092537,0.054409731355897654,0.05458653596791675,0.04346262551680247,0.0439456774812298,0.05107475670271475,-9.224042412599701e-06
2023-05-30,0.08998323110764933,0.1016700469467025,0.08714038483348512,0.0760095826700563,0.07320451635744996,0.07026037534478581,0.0735235208929561,0.06609326945509397,0.05452718798677385,0.06080103315743204,0.055078868716198374,0.05492319651994141,0.04329684440106712,0.0426487352682439,0.05084848487631454,-9.278534150161609e-06
2023-05-31,0.08990340758465372,0.09267471305455595,0.08931188659541128,0.07429657005308778,0.07154465130651982,0.07215904309521862,0.07366073056482508,0.061171258064265634,0.06631223394623369,0.061499945152736664,0.05644481956323145,0.05239352808525869,0.045248879346777925,0.043580446092357165,0.0498135292699715,-1.5641775104951158e-05
2023-06-01,0.09090879964652375,0.0924513310271163,0.08723962571184668,0.07422227173181167,0.07149468822797593,0.07203943163513331,0.07312891464711056,0.06143861770394999,0.06646457779094474,0.06155879865061014,0.05689983469570962,0.0520865183199866,0.04492677562155008,0.04474094903076097,0.0504145212372266,-1.5655678257020882e-05
2023-06-02,0.09124609548197841,0.09322035018830667,0.0873828365020525,0.07471371049448511,0.06984582424297964,0.07194417255234561,0.07266404219846032,0.06265539272898961,0.06712064654405574,0.0607239843275059,0.05702642950872929,0.05203742421769351,0.045115788583425284,0.043748111491021244,0.05057077980003212,-1.5588862061062478e-05
2023-06-05,0.09136659037799633,0.09381517259290109,0.08700639256938712,0.07447714843914251,0.07109640576803379,0.07123167532083241,0.07196736047973432,0.06284016500280175,0.06659789887075576,0.06011404195963077,0.05733867746058111,0.05090911047419233,0.04448771096925717,0.04555965358183058,0.0512076361949232,-1.564006200034666e-05
2023-06-06,0.09078676454110357,0.09428203411830251,0.08760658799382862,0.07538670821425532,0.07104519345155508,0.07218493069283664,0.07004953276227958,0.061956060642322,0.06682254816177287,0.0604799425346472,0.05654845647458622,0.05118418939056595,0.044047245184383015,0.045378818591867,0.052256635336050364,-1.5648090356030265e-05
2023-06-07,0.09173709126780699,0.0935072249962339,0.08677303224579389,0.07517745456822131,0.07116261750730501,0.07171976144246027,0.07117773828909754,0.06238947135362194,0.06736592883664537,0.059417087585087944,0.05774097694384856,0.048855916666031105,0.044790150537490366,0.04625410383119596,0.051947118088849775,-1.5674159689873598e-05
2023-06-08,0.09246553430625509,0.09307295239557899,0.08648593492952693,0.07517200508511178,0.07362668290180947,0.07267166028039712,0.0715732917120705,0.06134620514304732,0.06725224775302836,0.05844552942563767,0.05828988649318545,0.04878918920668199,0.043744405859300804,0.04615246614253415,0.05092761616164728,-1.5607795812692984e-05
2023-06-09,0.09237390552830256,0.09204334125780175,0.08630747372509659,0.07564236090424109,0.07340979130980899,0.07214302557754368,0.07160838748079087,0.061814744390755766,0.06600222603712744,0.058555061616909,0.05940631261108077,0.04915750617001772,0.043697774896694776,0.046594564732939575,0.051259090758413006,-1.5566997523587203e-05
2023-06-12,0.09312611452098825,0.09025196001459884,0.08495103710989566,0.07659850063354369,0.07214916146193506,0.07259837102215484,0.0713527814681005,0.061016331364407664,0.06642724107199847,0.0588124122576784,0.061515972046832935,0.04870413292842883,0.04486227882632859,0.04695859610213181,0.05069068889965535,-1.5579728679057053e-05
2023-06-13,0.09372683410964798,0.09067223267038794,0.08489593481301012,0.07675511475590056,0.07155595491837083,0.07176157697191618,0.0720175258208782,0.06076838443358033,0.06629086953275241,0.05901832436054905,0.061730231001675163,0.047493010135232196,0.04583984397781834,0.047028173234442486,0.0504615488949663,-1.555963112813252e-05
2023-06-14,0.09379170410856166,0.09058609272498204,0.08531582892483187,0.07697548118950652,0.07194510686188606,0.07276910089972495,0.07264337907316362,0.060438207809480914,0.06498144831059462,0.06035730876789543,0.061303113680627394,0.046970192261407265,0.044309082216697354,0.04717625537852555,0.050453201996752566,-1.5504204638012667e-05
2023-06-15,0.09229957229080026,0.09085698258049123,0.08472440938631737,0.07922922753156957,0.07134005841881737,0.07225624333199612,0.07168189517744782,0.06144503796809324,0.06453195136911569,0.05959700792700599,0.061921981606179385,0.04581678078298011,0.044737583741908026,0.048645950787517864,0.05093079314001268,-1.5476040252768907e-05
2023-06-16,0.09267045236267574,0.09147675084822642,0.0861209251938233,0.0801752633484289,0.07158595109987863,0.07295793606956918,0.07069561038176903,0.06200914254050106,0.06345631931833033,0.05915440652824394,0.05873073582935468,0.04604923716293304,0.044159089314858783,0.04954959000207347,0.05122403208354672,-1.5442084213295532e-05
2023-06-19,0.09344492654266484,0.09027347352760882,0.08689637611457834,0.08193509847632018,0.07209675974791481,0.07354257882895641,0.07071080247198891,0.06142260006027173,0.06404410098662562,0.0576573960191949,0.05821940912336805,0.04458770497234024,0.043531272885343315,0.05003521131973658,0.051617693383217096,-1.5404460130124852e-05
2023-06-20,0.09418552233630835,0.09110463004860014,0.08576542978440647,0.08219899928422095,0.07204034568618653,0.07347424385339787,0.07182551317218921,0.061137347038673386,0.06395608029414425,0.05621968289156142,0.05838984985890113,0.044109123217791354,0.04393104015608724,0.04955258346728177,0.052125124914948966,-1.5516004699166514e-05
2023-06-21,0.09428047469598809,0.09286945469531506,0.0864357927978383,0.08066266949572726,0.07111040949064412,0.07371155278109555,0.07110507374236665,0.05871708797799455,0.06540712079284103,0.05699769163528852,0.05903913110215236,0.04377481122444117,0.04438091725658122,0.04905130071742426,0.052472061415019006,-1.5549820717246378e-05
2023-06-22,0.092985757165077,0.09381842599622969,0.08454363435770085,0.08139422116382423,0.0707906431660619,0.07288726955818332,0.07091534940672743,0.05903750229445095,0.06641000286457231,0.056998225410564395,0.05790855198149776,0.043606892624034846,0.045577959050121956,0.050018407495401006,0.05312262522687687,-1.5467761324461518e-05
2023-06-23,0.09389107199868531,0.09469340622999609,0.08579468657357993,0.08115311868711376,0.06978685528118578,0.07312277751549613,0.07029940994571647,0.05829468028169097,0.06585967046863456,0.05934177852358338,0.05818048495646774,0.04398338282227125,0.04471424972603738,0.04846309099125443,0.05243683475157229,-1.5498753285648278e-05
2023-06-26,0.09518501753737815,0.09503471065732257,0.08637059479990483,0.08186328908476764,0.06930678964576505,0.07444866583245983,0.06972434610608856,0.05947931659305364,0.06631976937455825,0.05772024880152499,0.05750318719406047,0.04268084792866449,0.04565080972720934,0.04846839711771724,0.050259508249837034,-1.5498650312133018e-05
2023-06-27,0.09594887702732864,0.09494218656483801,0.08537080924081172,0.0838181567310608,0.06971446690363048,0.0745099214403613,0.06966964683842568,0.05847522009782763,0.06534048292338743,0.05914865289485462,0.057332699959470206,0.042900503234746104,0.04422529579700525,0.047533303592241165,0.051085341430732595,-1.5564676721733682e-05
2023-06-28,0.0955214559958811,0.09585738008218767,0.08592106810987127,0.08293508057719462,0.06956226276458018,0.07362469004560934,0.07104104618975657,0.0589637606018143,0.06499609726648263,0.058873250083874215,0.05822131712396724,0.0429869094753254,0.04508637018309489,0.04528606950389753,0.051138679178749535,-1.5437182286467413e-05
2023-06-29,0.09415491586921751,0.09663907441574361,0.08653206907717724,0.08218654773115575,0.07019562838998283,0.07460408014324511,0.07045000234042986,0.06046208188983578,0.06436439028472807,0.05813567978704313,0.058494253588652075,0.042338411159196045,0.04474087663829472,0.04602504694387272,0.05069222950198624,-1.5287760560762926e-05
2023-06-30,0.08990354643704494,0.09267485618712297,0.08931202453422085,0.07429668480131243,0.07154476180451073,0.07215915454211426,0.07366084433101987,0.06117135254094548,0.06631233636295512,0.061500040137061215,0.056444906740106944,0.05239360900506869,0.045248949231949886,0.043580513400697456,0.04981360620507152,-1.7186261202347777e-05
2023-07-03,0.0903304569533748,0.09353059563696767,0.09037169179291549,0.07362619801167077,0.07207038553993374,0.07167424723275807,0.07233358873045745,0.06049583704407311,0.06571570330447034,0.062134198433987625,0.05762604229308463,0.05120719387050863,0.045632328723533955,0.04274521420224442,0.05052353449949982,-1.7216269480584988e-05
2023-07-04,0.08997077137933208,0.09271490559682859,0.09133140292859769,0.07327660492650696,0.07193927814962126,0.06977752763158739,0.07341005336129877,0.06132864847678242,0.06586164309645788,0.0607929624925918,0.05888343629956561,0.05074445345528978,0.04537149109260619,0.044646812289314906,0.04996725459655288,-1.724577293418017e-05
2023-07-05,0.0902498896171823,0.0928830320801086,0.09136523580281547,0.07323445971181136,0.07199572607991431,0.06975882286672348,0.07308624976955434,0.06241099759587578,0.06434233923564017,0.06153243130830298,0.059452623966803536,0.05115875793308786,0.04609642016345216,0.04441483219542864,0.048035357085313875,-1.7175412014778005e-05
2023-07-06,0.09046953407796676,0.09224056585953327,0.09093118463658335,0.0724220746475219,0.07180971897774058,0.06945102255219426,0.0709741676076337,0.06323928614349049,0.06668512076219822,0.06232085286041599,0.059458952704750975,0.051286914638997906,0.04591437542345285,0.04464285944877173,0.04817059522022725,-1.7225561479333207e-05
2023-07-07,0.08995802886009789,0.09403114546172003,0.08968298966904013,0.07319371289201557,0.07189528966286937,0.07131782479518685,0.07147747559380403,0.06307466950962363,0.06660852681914334,0.0625194373749496,0.0585101982061241,0.05075637552667135,0.04459488565509686,0.04401000762563349,0.04838669427632448,-1.7261928300734137e-05
2023-07-10,0.09044378477447466,0.09238551241007742,0.08978418014184987,0.07386136611754662,0.07194464671251495,0.07092928879580325,0.07127379545177889,0.06276389677543558,0.0661627272864277,0.06286436668769056,0.06086874548281496,0.050263577441226254,0.04447455200840156,0.044097224570097765,0.047899637973201806,-1.7302629341912007e-05
2023-07-11,0.09154268122192824,0.09032943301948133,0.08943128111276691,0.07469198084847833,0.07182173718876902,0.07031616229756554,0.07183584555127157,0.06369415011960153,0.06650122610409441,0.06220774066194866,0.06144345173176654,0.05002604661287759,0.045150314726330944,0.045384755271861636,0.04564052311478622,-1.732958352849114e-05
2023-07-12,0.09128509533684873,0.08840250717765362,0.09143984173123276,0.07401050532633348,0.07220129006299655,0.07002301592193677,0.07079520755906743,0.06263190272346303,0.06781903966613931,0.06290287149555818,0.06315026589786583,0.049895146086598584,0.045218568863111076,0.04500618125906045,0.0452358201752076,-1.7259283073438766e-05
2023-07-13,0.08995404810870272,0.08805677636572555,0.09023196289331945,0.0740359955751038,0.07201230985440174,0.06995484504579845,0.07206126078245308,0.06231123529514912,0.06826804370523398,0.06461109187288555,0.06419580822167846,0.0506378769048977,0.04477533761820647,0.04499471746324335,0.043915863576996714,-1.7173283796181877e-05
2023-07-14,0.08978848687325296,0.08772788459673368,0.08967108290523187,0.07442602349261156,0.07050113240287385,0.07096512594913106,0.07247465284611573,0.06185508831046468,0.06768834710572003,0.06468480741665754,0.06536599091069545,0.050409475656279214,0.04461079916669435,0.04473243596123585,0.04511572428210658,-1.705787580435938e-05
2023-07-17,0.08938377661914756,0.0876141819209324,0.09099954833209598,0.07448136912180017,0.07140948821577736,0.07007407112282182,0.07221200765922978,0.06310371150329383,0.06695528570469701,0.06448318132816466,0.06558888217995848,0.0495331273551628,0.04425662963280301,0.04479470818523341,0.04512706811255763,-1.703699367617229e-05
2023-07-18,0.0898924861943465,0.08842059745705595,0.08959304508783134,0.07411081563752793,0.07154677905362694,0.07099423432196371,0.0724630476178165,0.06297533152427887,0.0672050270847915,0.06476152405087969,0.06421309914459081,0.049395115787276116,0.045117365926074286,0.04435948546432663,0.04496897147372261,-1.6925826109481296e-05
2023-07-19,0.08988613808711891,0.0865443909667388,0.08981749345594262,0.07453921707041736,0.07126777312611333,0.07010899046233446,0.07177355020317774,0.06381149905540998,0.06934224171547673,0.06631482695892103,0.06297308754202409,0.05023422625542089,0.04470704260571334,0.04400294577209466,0.044693536854060786,-1.696013096452726e-05
2023-07-20,0.09056886514949096,0.08746745981185451,0.08980997439779098,0.07454467181370267,0.0717436103439014,0.07069439153842512,0.07299213137101895,0.06272033093124316,0.0694423349301176,0.06529243639045504,0.06299681723437747,0.05010421360348125,0.044726640740569486,0.043417849891434004,0.043495244201146775,-1.6972349009538042e-05
2023-07-21,0.08905896843487406,0.0876314331714897,0.08968126748545059,0.07420808813192101,0.07313596152230978,0.0701476645601377,0.07463673878934518,0.06438001602220603,0.06766122653649974,0.06561057392978213,0.06280586175971707,0.04781006938492684,0.043746806649527,0.04418685881279153,0.04531548772334992,-1.7022914328558907e-05
2023-07-24,0.0898664767042014,0.08796799667032208,0.08971364305419015,0.07568728100610428,0.07509275733610686,0.06966704324907157,0.07267368136595763,0.06251197909018943,0.06904126289727987,0.06561445618364722,0.06304374048437969,0.04640550922421586,0.043206679135254125,0.04398876499038154,0.04553575724723313,-1.7028638534556874e-05
2023-07-25,0.08942176798785163,0.08694347638967768,0.08885314527560709,0.0766517250954369,0.07523509771303817,0.0701403190536129,0.07171915333621995,0.059836604322541155,0.06843938941682658,0.06467182032297046,0.06334264729545588,0.0489340753871425,0.043696398838657266,0.04614287935033753,0.045988505258870965,-1.7005044246695386e-05
2023-07-26,0.08853064607632963,0.08689973457510448,0.09020063431030705,0.07795091613585493,0.07441609507883953,0.0700937049075806,0.07006380799085597,0.06030320456011301,0.06975031215063009,0.06446684324407619,0.06242283027165761,0.049047731537671495,0.04385347210158735,0.04604139428330946,0.04597560578184838,-1.693300576573471e-05
2023-07-27,0.08833189777719434,0.08772523357896478,0.09086783829634089,0.07703188092126204,0.07346667419808499,0.06983283670627918,0.07072972468306511,0.060405189294713106,0.06905842130092855,0.06470585071395157,0.062068580923385054,0.0497615010537627,0.04409799527289729,0.045766227949351326,0.046167066752924646,-1.691942310558471e-05
2023-07-28,0.08975270870872555,0.08753734235954505,0.09159809247782977,0.07725454303236795,0.0741231188207667,0.06950713145213218,0.07110328660910921,0.06158738420131856,0.06835976787703991,0.06361651408630987,0.06100781186791524,0.04897072582670977,0.044734785945518475,0.04477214973873378,0.04609161423821348,-1.6977242235507654e-05
2023-07-31,0.08990326204999291,0.09267456303373589,0.08931174201829824,0.07429644978260624,0.07154453549081449,0.07215892628494254,0.07366061132363362,0.06117115904089674,0.06631212660070883,0.061499845597292685,0.05644472819096994,0.05239344327118387,0.045248806098382964,0.04358037554480385,0.049813448632370756,-1.4022960633492787e-05
2023-08-01,0.08971667585705148,0.09474878252789193,0.08837079341895389,0.07361560273161802,0.07146065414713054,0.07231716575747707,0.07480491764023613,0.06175079307497208,0.06610653750145773,0.061564497262279305,0.05633029162870069,0.05174945396519599,0.04468716246212003,0.04454007899620056,0.04825065345288208,-1.4060424167382708e-05
2023-08-02,0.09074159068692268,0.09406393596858258,0.08730591157631717,0.07396462042142199,0.07248160410047126,0.07308506884498683,0.07503823787562626,0.06247594967714126,0.06419225400281332,0.0608496195333101,0.0553041832749818,0.05263406869938833,0.04423307906509379,0.04507072521867354,0.04857315530339071,-1.4004249121638854e-05
2023-08-03,0.0904697807568151,0.09399336111374292,0.08899021383828594,0.07369365056087186,0.07297678510164628,0.07273794872884932,0.07512116218367501,0.06277178259759143,0.06379032448306028,0.06026945970314065,0.05586488522405679,0.052169934124912075,0.04384552593719226,0.04454635094522281,0.04877290888578365,-1.407418484633834e-05
2023-08-04,0.09126448891626823,0.09541693951704863,0.0882863092807869,0.07550794601353758,0.0720851077791498,0.07374917661750394,0.07439258070154588,0.06200146282563122,0.06309129406332,0.06022794223202472,0.056398113292129896,0.052768895205463226,0.04312865630055443,0.04375384730378492,0.047941309515214185,-1.4069563963381915e-05
2023-08-07,0.09107115264837344,0.09511502385283778,0.08729230481468882,0.07566703172751789,0.07399525661347653,0.07320415691717636,0.0738910148498101,0.06243876098327328,0.06251538297395055,0.060803648108473635,0.055698267597914325,0.05435823270482209,0.04335787350458281,0.04322949727638642,0.04737644718268565,-1.4051755969969246e-05
2023-08-08,0.09084653033337296,0.09667072101109102,0.086308051694277,0.07527383805398914,0.07367517273972711,0.07337542525538142,0.0738098779495518,0.06127835909230916,0.0623076174612698,0.06087090114875232,0.05527978648087577,0.05513693655911515,0.044177756652398925,0.04328728950906776,0.04771581873337499,-1.4082674554375587e-05
2023-08-09,0.08924929821666092,0.09653993497857374,0.08750174066179474,0.07513135392284555,0.07323504399331615,0.07574712820512282,0.07585333045703826,0.06187505617306701,0.06355860470942772,0.058953572015109805,0.05474833386834809,0.05487530627819498,0.04413721304221713,0.04304100450680129,0.04556719959154305,-1.4120620061151611e-05
2023-08-10,0.0897784967747818,0.09729469283079804,0.08922253878514128,0.07462765239381114,0.07263411139771755,0.07332150825206332,0.0757375554148987,0.06281999182050085,0.0631390389701216,0.06106840319904735,0.054660366700452,0.055153640957767806,0.043194674685010946,0.043380533017894005,0.04398094472680207,-1.4149926808391417e-05
2023-08-11,0.09044536789856081,0.09809602775779094,0.09061568364931517,0.07382487860348781,0.07284723050497677,0.0739260931893801,0.07626871516545779,0.0621160686599214,0.060964167486220876,0.06146618280520279,0.054588239965569246,0.05469104876199072,0.0438263565247635,0.04339868062797748,0.042939417809364035,-1.4159409979485507e-05
2023-08-14,0.08845997542502781,0.09661190231664665,0.09261128572170094,0.07416237626737854,0.07274684720506035,0.07348605381904838,0.07574016618630625,0.06291749821151857,0.06030556364963716,0.06179816918855541,0.05409080348113911,0.05628498508254481,0.044244448938975896,0.044232012280677406,0.042322015410495524,-1.4103184712790961e-05
2023-08-15,0.08885703396514291,0.09578375822992055,0.09222088632641816,0.07514766584634884,0.07144194453801432,0.0732861144616604,0.07578521880241472,0.06304790302870625,0.05958891627385992,0.06346693489716931,0.05268287757541909,0.05737319483086435,0.044956198061699836,0.0455305632037289,0.04084481345086166,-1.4023492229368858e-05
2023-08-16,0.088394822840465,0.09752768413751166,0.09063104630141683,0.07399278788724216,0.07124160091020865,0.07369962294280337,0.0776613303388776,0.06308553242949867,0.05924339090812256,0.06398321225425782,0.05325942527952946,0.05799340947591694,0.04496699147058403,0.04405863842307846,0.04027456761038188,-1.4063209895240871e-05
2023-08-17,0.0896045774536893,0.09774097588460456,0.09034448641621654,0.07496803405605885,0.07029034534033313,0.0735165783630004,0.07783951539663425,0.06272005860106104,0.05936114772261024,0.06383002821877316,0.052081292604297336,0.05820443507919329,0.043945919362328376,0.04421951310724828,0.04134715653474594,-1.406414079488576e-05
2023-08-18,0.08911144696749446,0.09630889747868372,0.08996804511653694,0.07404681624818801,0.07060366340881252,0.07317790305627478,0.07942141697348956,0.06358403981213483,0.0590705082759537,0.06437086562249585,0.051616524657567095,0.05808953724893334,0.04355742846427378,0.04472520526585478,0.042361722593567734,-1.4021190261157017e-05
2023-08-21,0.08927209028261354,0.09665633927809227,0.09035185863825344,0.0740966504636324,0.0692377652325149,0.07435796130345886,0.08090527940922608,0.06302466324982119,0.05842393643188644,0.06462867375377118,0.051794715200847434,0.05757969883453346,0.04237407303601899,0.044734375963150344,0.04257585743597395,-1.3938513794238227e-05
2023-08-22,0.08964283786157615,0.09674030853608558,0.089850551871232,0.07474658341110928,0.06911487831415022,0.07372672509040291,0.08050499525352574,0.06131271348639624,0.058122602501254055,0.06516024077026442,0.05195450934122801,0.05891613056840669,0.04207966232608664,0.04502679012008399,0.04311436887135249,-1.3898323154274236e-05
2023-08-23,0.0909951014453744,0.09621669970470184,0.08823002756679917,0.07495950734075844,0.070201528690316,0.07292589634970457,0.08087096977259436,0.061962210159796145,0.0586064240663946,0.06485351195933423,0.05102720418979491,0.05844786299806812,0.04213993904141634,0.04547270812711988,0.043104208331757134,-1.3799743930114892e-05
2023-08-24,0.09055772185289172,0.09664208119916874,0.08894553181230427,0.07520030810399142,0.06941155035266018,0.07267769883107092,0.08181910933485866,0.06068588776903398,0.05672913530151518,0.06630690172779286,0.0514014119811528,0.058992157804796524,0.04130759908156798,0.04604416930753342,0.04329251568707591,-1.378014741461601e-05
2023-08-25,0.08944261021045265,0.09830219187997359,0.08934300671789933,0.07506669898306577,0.06928689273798838,0.07100093886873876,0.08271042932346286,0.06108724390922695,0.05673096954625551,0.06782174225625143,0.05039938428233957,0.05857401403500407,0.040815276279439865,0.045950708041197205,0.04348170745912991,-1.3814530425988302e-05
2023-08-28,0.08987905279122937,0.09803945577878564,0.08857377946570898,0.07658724531946647,0.07138240459987004,0.07119933369336973,0.0819463626694651,0.062427365804535805,0.05557054841918292,0.06754157269548389,0.04988604049497076,0.057493233133589984,0.04066169634214697,0.045280967193791065,0.043544764628931455,-1.382303052808996e-05
2023-08-29,0.08987450671204023,0.09739571575777103,0.08819736438682854,0.07636746573233512,0.07207051683936,0.07105208888762957,0.08284691474421847,0.06293864486897459,0.05603742633985278,0.06899244095052957,0.0489807481605073,0.05703467892697233,0.04192058472525687,0.045071509321321396,0.041233209688522794,-1.3816042120566166e-05
2023-08-30,0.09009081012466756,0.09795406276165336,0.08608155085050917,0.07787852167420864,0.07176347782821706,0.07167064529421997,0.08296623279177891,0.06206981564674849,0.05539854178110361,0.0683034056204442,0.05007184644238933,0.0571570663521236,0.041731033907256146,0.04451264447771177,0.04236421759482541,-1.3873147857123403e-05
2023-08-31,0.08990404357412742,0.09267536864863812,0.0893125184003815,0.07429709563757622,0.07154515742354423,0.0721595535585378,0.07366125165129468,0.061171690798432966,0.06631270304839455,0.06150038021208315,0.05644521886190156,0.05239389872451751,0.04524919944377686,0.043580754386622296,0.04981388165795227,-2.2716027781311916e-05
2023-09-01,0.09162479509836953,0.09286317546972019,0.08974860320135937,0.07386531611806141,0.07085449253567837,0.07272470143343017,0.0740053510302242,0.06059400640032362,0.06501299141709245,0.06039803582929595,0.05764449303862966,0.05194914549987991,0.04506576515537132,0.04481826797525824,0.048853606769701304,-2.274697239571274e-05
2023-09-04,0.09024058162331626,0.09137874594606399,0.09056396959406898,0.07493382868292943,0.07091607965134257,0.07285595973043443,0.07282902145838392,0.06176145911499151,0.06474446759111332,0.06070530802216382,0.057084760116120035,0.05130126852807967,0.04601109798646731,0.044899884677039356,0.04979612105925197,-2.255378176671371e-05
2023-09-05,0.09055607443659586,0.09069461698461051,0.09009602941381016,0.07510984397094646,0.07046057668360448,0.07190947552820914,0.07410232883685061,0.061363118623686916,0.06496214588781601,0.06106576419132737,0.05661834777904849,0.05262971451883748,0.045173719503024644,0.0451792545864579,0.050101562747147506,-2.257369197367213e-05
2023-09-06,0.09066647467662232,0.08966167997375935,0.09110580113559065,0.07588811818905959,0.07001147212460311,0.07269768309522896,0.074618929549344,0.06036612048213044,0.06426449042430778,0.06226786430145802,0.05701672700526884,0.05223544050327925,0.04458579688950532,0.04484922245362956,0.049786787513157536,-2.2608316944645125e-05
2023-09-07,0.09010496486455291,0.08824319492191379,0.09239959598210168,0.07687872359298413,0.06906165139466257,0.07296711326307757,0.07385669546061628,0.06026342262647218,0.06406610113415134,0.061982469409352245,0.05898918383721418,0.05195775015490502,0.044048424647240465,0.04432283911304911,0.0508805144188751,-2.2644821168602075e-05
2023-09-08,0.088404024985676,0.08727368739424635,0.09353651510548988,0.07684435954587317,0.06900053568598032,0.07472312973733337,0.07386864548533106,0.05947241037395486,0.06360039800113979,0.06070370594439162,0.060005789997040204,0.05230327144003459,0.044783141972552426,0.04516819085240459,0.050334758611090956,-2.2565132539142325e-05
2023-09-11,0.08775505402524142,0.08736992510849978,0.09280854353198907,0.07711939405419269,0.0700690146398235,0.07469184475257674,0.07414908707866344,0.05950008277261412,0.0644756508619244,0.06018609795823021,0.0579808080201405,0.05281935419545552,0.04564738274501492,0.04562499466898197,0.04982536230847712,-2.259672182535185e-05
2023-09-12,0.08692943566491156,0.08792639409621016,0.09307908706571447,0.077116997686937,0.07172321371401184,0.07389378886007605,0.07603891364641292,0.059617797906109486,0.0628166481318701,0.06011382342609362,0.05897648168918118,0.052580305423617524,0.04454089495220611,0.04556551225936851,0.049103327736233306,-2.2622258953991315e-05
2023-09-13,0.0876964777153629,0.08898568882736453,0.09240549533563511,0.07681725120038854,0.07269152630923799,0.07339450067977205,0.07525292018033823,0.05887763145452078,0.0634218084192252,0.060668821841024574,0.05858241986607066,0.05281992955979679,0.045939673063660084,0.044959819621451985,0.04750874774496845,-2.2711818817840578e-05
2023-09-14,0.08769840605235012,0.08851020130266342,0.09131179758223393,0.07706877558009843,0.07312797758176699,0.07102311550480958,0.0742851989264224,0.060563883375371295,0.06371297681853369,0.0610597600027766,0.05945750697379849,0.052626514569957164,0.04639897339841933,0.045370530568403386,0.04780699236742834,-2.2610605033097416e-05
2023-09-15,0.08753571298877108,0.08877242484216169,0.09084495120513565,0.07717843652990018,0.07218420119141875,0.07039694797381003,0.07410291825796118,0.059837127454877924,0.0633250504615462,0.06099251622533231,0.05993297866683494,0.05354936280321566,0.04609201412185535,0.04654624339206473,0.048731746919713735,-2.2633034599437534e-05
2023-09-18,0.08738022327650104,0.08833439267909542,0.09056985285288652,0.07772684131269217,0.07278841508302893,0.07114579371230258,0.07367426578025996,0.05992704236225455,0.06418207061566467,0.0600244688507698,0.05925277871727484,0.05323186202712058,0.04653038987258235,0.04703144305003339,0.048222641094750135,-2.248128721689762e-05
2023-09-19,0.08632383223288888,0.08875129755490593,0.08987373341003563,0.07657256317969656,0.0718365060046813,0.07161035217730882,0.07520471662781353,0.060103530842079145,0.0645393111516939,0.06127590898046832,0.057914267427697994,0.05383343241942649,0.04663884740472967,0.04763810599677418,0.04790612072855283,-2.2526138753216694e-05
2023-09-20,0.08580795013818088,0.08903688984286268,0.09164056287342863,0.07747178618109762,0.07152766421469459,0.07051352675703128,0.07363998930013634,0.06134446746822951,0.06375115857309789,0.061089582784439926,0.05927431295836085,0.0524769572107638,0.04796027600485186,0.04751922105435637,0.046968216053944696,-2.256141547686688e-05
2023-09-21,0.08609617184444787,0.08889279523897617,0.09260761599497244,0.07734139724101355,0.07027384279804527,0.07072559703011078,0.07271709755299251,0.06188555408800669,0.06299970455134325,0.06098867025669479,0.059805884277300915,0.052603840923413914,0.04846241533059816,0.04840046125951432,0.04622163733093121,-2.2685718361673546e-05
2023-09-22,0.08655176760223436,0.08640662834734068,0.09340838245360762,0.07753614221738715,0.0698523234264736,0.07144120040733712,0.07431650586098369,0.06184333698717163,0.06249712617529476,0.06152150535620691,0.058874738916509205,0.0523413897947502,0.04981060367180608,0.04875929424361477,0.04486186966001096,-2.2815120728859853e-05
2023-09-25,0.08489342302134874,0.08635858800614493,0.09407398404210521,0.0759348672259322,0.07008577913483496,0.0725084541791861,0.07605331666573432,0.062007838243415915,0.06284161441997835,0.059368176994827826,0.06075826089218752,0.051734375936509126,0.048902895722265145,0.04844269507541839,0.046058490366905784,-2.2759926794401318e-05
2023-09-26,0.08603248819052312,0.08584026372964122,0.09439981787873997,0.0754250508074015,0.06870569401602909,0.07335289206132246,0.07487779627771703,0.06290743603730503,0.06360023531556667,0.0595120599691177,0.06211899319658387,0.053307331850814266,0.04841362772853305,0.047398605652624305,0.04413029680680988,-2.2589518729187375e-05
2023-09-27,0.0878025360869904,0.08540778772064599,0.09550289200986352,0.07474381644737724,0.06995390085470884,0.07265985639481892,0.07364063767073642,0.06269522530125143,0.0630735077878485,0.060040840693697355,0.06204647739458157,0.053855097780670436,0.04815308198270143,0.04681270648669403,0.04363420645060642,-2.2571063192392167e-05
2023-09-28,0.08966844843451566,0.08576714050685094,0.09363995610764148,0.07444497607472723,0.07017691190491399,0.07453032005328855,0.07481709388504794,0.062006082597938474,0.06547615897581549,0.06014090397328276,0.06343646876019142,0.05292264556963185,0.04623086338792007,0.045715177667398944,0.041049461463569706,-2.260936273453228e-05
2023-09-29,0.08990339088319185,0.0926746958382654,0.08931187000383699,0.0742965562509265,0.07154463801558573,0.07215902969014824,0.07366071688078443,0.06117124670040901,0.06631222162733191,0.06149993372781945,0.05644480907741089,0.05239351835205131,0.04524887094084035,0.0435804379963664,0.04981352001605353,-1.5456001021963675e-05
2023-10-02,0.09016804323123821,0.09195195364456694,0.08970476763080645,0.07351914855154588,0.07113357708280216,0.07384452672870824,0.07319661100702107,0.060430279348202,0.06741210647704,0.060451752081653494,0.05577141373969414,0.052866431958574246,0.04596314361676815,0.04452091802177118,0.049080764329041855,-1.5437449434215086e-05
2023-10-03,0.09080552624246435,0.09165172231843188,0.08925081495971417,0.07464685687210626,0.0707679562171152,0.07422447038973885,0.07346774892177195,0.05961052349659997,0.0684921224939057,0.06108014381512219,0.05407041370945796,0.05320637561659192,0.04542034999988217,0.04549223735696288,0.047828194067652145,-1.5456477517504375e-05
2023-10-04,0.09014404741936685,0.09162864208696875,0.08895724891017252,0.07501058065639295,0.06919774848779693,0.0755091052257067,0.07371010534913243,0.06053211172721597,0.06912385320257079,0.06084464836293616,0.05275304250147853,0.05250993661612353,0.04651896515668174,0.04647395525893653,0.04710140171676298,-1.539267824335089e-05
2023-10-05,0.08766971218948469,0.09135662095957102,0.08861093462059264,0.07473874601659745,0.06959090835490483,0.07630347574886288,0.0746445800821056,0.060874900534365575,0.06723466326967611,0.060486743191727456,0.05469018205325259,0.05281308535648773,0.04679536458613938,0.04675587805829056,0.04744958158280218,-1.537660486073344e-05
2023-10-06,0.08585287143041365,0.09130462388700901,0.08874192530037348,0.07598272118292118,0.0697666280816881,0.07484030447260231,0.07522806482124138,0.06030379354983666,0.06615631471393842,0.05982844379557943,0.055287254295701395,0.05404985870930809,0.047294226998498966,0.047398153489577086,0.04798021698034494,-1.540170903394518e-05
2023-10-09,0.08609163356035286,0.09211884743419556,0.08658692663179611,0.0762246437680648,0.0690145692898346,0.07610518353156329,0.07522827284247081,0.060452149949561045,0.06481100528367338,0.06089865568113829,0.05596641501407533,0.05467398435302372,0.04672066027962624,0.04683269292505394,0.04828978616651871,-1.542671094868215e-05
2023-10-10,0.08555489984305277,0.09255738855549105,0.08459947904226343,0.07582972919508961,0.0705517683123208,0.07656996962904089,0.07543520237194007,0.062185243554110314,0.06259870857972673,0.060163351409016005,0.0556369431742158,0.0555009741587081,0.047469933998926704,0.046126164817726086,0.049235672080395414,-1.5428722023761775e-05
2023-10-11,0.08511507420774912,0.09357000771787077,0.08354930142117546,0.07562775432675933,0.07004602699446337,0.07751387162110633,0.07481572929121759,0.06207714335377256,0.06299962645173181,0.060606775312118326,0.056376498293929864,0.055641530771159076,0.04707477318850817,0.04578802737081344,0.04921326473436527,-1.540505674056387e-05
2023-10-12,0.0854825524087486,0.09361591916490407,0.08373472987472923,0.07446313373192275,0.07075981557166142,0.07785675088074717,0.07598831282095381,0.0622109754184281,0.06150804144748552,0.06040291130325936,0.056319814882541154,0.05646639010672298,0.045469613231148426,0.045928859021749154,0.0498076122445278,-1.5432109529597496e-05
2023-10-13,0.08517443283424772,0.09393863233792209,0.08339394528149456,0.07404278626292474,0.07060421446029638,0.07736370378297032,0.07690644783521405,0.061739271732117934,0.06085905406836524,0.06224092456406284,0.05736434380242913,0.054856336711811025,0.04499440554796077,0.04627149438914976,0.05026547649998116,-1.5470110947739564e-05
2023-10-16,0.08361471670531999,0.0946350490272254,0.0837806102609334,0.07413887329317735,0.07146771613111856,0.07748932038244366,0.07705303040992659,0.06284348068237777,0.061602295392259046,0.0611802154186134,0.057720089926546224,0.05402585725273215,0.045212833857150886,0.04648998342795889,0.048761328498886154,-1.5400666669654372e-05
2023-10-17,0.08317988540947147,0.09450713118327114,0.08305264140011977,0.07411116756251179,0.07188280281398482,0.07715584444442693,0.0769863244531786,0.06382813868469642,0.06179746695539638,0.06113765169117902,0.05661041069527204,0.05443271784532143,0.04530568597645907,0.04740153242660557,0.048625933648115446,-1.533519000993472e-05
2023-10-18,0.08206150060671173,0.09323439333502147,0.0840333340543694,0.07391089842388962,0.07254535799314857,0.07757175478441972,0.07711632708753292,0.06399451279916235,0.061248081668136944,0.061369263505273705,0.05630249676128623,0.05431227683123385,0.045234088166202044,0.047401630596113895,0.04967947346262055,-1.5390075123110142e-05
2023-10-19,0.08143611772307856,0.09359998213890995,0.08488638954620202,0.07416416962601362,0.07255699202829266,0.07740899106546971,0.0775304808560081,0.06367791421957375,0.0617592381959945,0.061573071371180496,0.05563185444463158,0.05479692941221272,0.0450318931117831,0.04702441545717604,0.04893684930881139,-1.5288505338335084e-05
2023-10-20,0.08158339102990399,0.09456936478538949,0.08572645869214789,0.07448898451364909,0.07311120597647255,0.0787009499718972,0.07740529188686293,0.06269904669159164,0.06298127950222711,0.061097135894631366,0.05503883152693983,0.053166294594353805,0.04550946963870726,0.04566346950133872,0.048274114929658024,-1.528913577108783e-05
2023-10-23,0.08204437714868414,0.09527192977091245,0.08513601300501379,0.07438758150847684,0.07235130426810625,0.07816599483422096,0.07770376672176822,0.062271547732364756,0.06277303981431416,0.05972934236950273,0.05606951096317145,0.05364533225477586,0.04616232907795108,0.04675822883776881,0.04754498921374705,-1.5287520778652442e-05
2023-10-24,0.08171064349022233,0.09338341650830158,0.08796728709982449,0.0742154444236291,0.07322221866249753,0.07688356328626823,0.07870799688285514,0.06387937915454207,0.0626881745580773,0.058767225958660844,0.055921077590961335,0.05161149839193523,0.046115768523624846,0.0474423706202482,0.04749920887884548,-1.5274030493623963e-05
2023-10-25,0.08129532516473523,0.09365895164085358,0.08833301144838222,0.07263345639461884,0.07313321392225436,0.07910501420946488,0.07711735470642113,0.06366125880365095,0.06435432762251898,0.05964553840594731,0.05533855861819262,0.051682475509075274,0.04601880437639457,0.0467006452836249,0.04733729816893622,-1.5234275071150762e-05
2023-10-26,0.08088665586536445,0.09354453905036894,0.08741499150678606,0.07140497030034643,0.07293023166434229,0.08066262475513289,0.07703160108079764,0.063223382184369,0.0649338995748839,0.05937204782515794,0.05689220865603981,0.05157170735940421,0.046488732304405894,0.04596573301892204,0.047691869728621446,-1.5194874942994407e-05
2023-10-27,0.08083115475488654,0.09318735286668364,0.08666150275964948,0.07065614261243676,0.07294881519852382,0.08105803928884756,0.07666049265802234,0.0632852589413383,0.06469938613872586,0.05928310004318015,0.05653778850297186,0.05143434076140747,0.048545584653739204,0.046092136690785955,0.04813404621309348,-1.514208429258115e-05
2023-10-30,0.08125776655574304,0.09304758243046331,0.08797690320436731,0.0705060830484396,0.07397580318298787,0.0808138150779265,0.07576622395753284,0.06369771788564217,0.0637252612471049,0.05985892653643667,0.055523333844852404,0.05123165307428736,0.04739638626757047,0.04853583249034461,0.046701867459728624,-1.5156263427597409e-05
2023-10-31,0.08990351981008152,0.09267482873937366,0.08931199808245,0.07429666279667316,0.07154474061491553,0.0721591331705528,0.07366082251469908,0.061171334423669455,0.06631231672306076,0.06150002192243694,0.056444890022674464,0.05239359348751943,0.04524893583045279,0.043580500493345276,0.049813591451648286,-1.6890083553060323e-05
2023-11-01,0.08959649603227166,0.09245570280715902,0.0891946807612162,0.07495505124841124,0.07075724269849983,0.07123908131631021,0.07474819348880521,0.06065703877142952,0.06494969509240625,0.060926702660807894,0.056043322064231016,0.053673381365755876,0.04590364140900947,0.04441589899892324,0.05050072318250139,-1.6851897737945823e-05
2023-11-02,0.09037333840047652,0.09178991469652556,0.08898475281424809,0.07409048318498172,0.07056554537582395,0.07185486126037999,0.07487670783593352,0.06177989891986888,0.06384681993688048,0.061398902457619794,0.054911558514512133,0.05376105336091596,0.046503097884810926,0.04424688023555455,0.05103302918523977,-1.6844063771845992e-05
2023-11-03,0.09005054453711227,0.0907472264640728,0.09002140913099842,0.07599819564741712,0.07010643201725432,0.07339577079436271,0.07534884944539252,0.060958963638646536,0.06313698335951756,0.06177025080674732,0.054870022317920944,0.052878674341707906,0.04538705868118113,0.04382225488707671,0.05152429804007029,-1.693410947834401e-05
2023-11-06,0.09020483909725864,0.0904495607340487,0.09038279001577645,0.0770478180794324,0.07057497331492511,0.07342203598494036,0.07644079469380606,0.06024859014938178,0.06305213424717246,0.06170248811150454,0.05388178955953154,0.05261377386688922,0.04382779496909087,0.04544561181661472,0.05072196614495408,-1.6960785326883612e-05
2023-11-07,0.09114219572560209,0.0900775229090183,0.09052761994252882,0.0762756064528506,0.07044101176209129,0.07370972096551355,0.07679030855632525,0.0606463409910235,0.06243782500105577,0.06098100483900253,0.052268335248171836,0.05285432136509999,0.0444728358941886,0.04658861426075131,0.050803616772376124,-1.6880685599628865e-05
2023-11-08,0.09132593466518533,0.08935824898103327,0.09240456398208197,0.07540698084789207,0.070811764104359,0.07419361804621455,0.0774468737492055,0.06125504245690191,0.06316356716056147,0.05925798149095322,0.05278318872649594,0.051357244733914294,0.045479447226355794,0.04656475761585099,0.049207820924263776,-1.7034711269152096e-05
2023-11-09,0.09046286661310092,0.0886877160488303,0.09343187461571995,0.0754495530667692,0.07099003006157843,0.0751942884362215,0.07722246386874951,0.06181212707679069,0.0637060554890611,0.05798697599820307,0.053961515964142406,0.05005384867400322,0.0461449916825334,0.045214570596110525,0.04969812295965353,-1.700115146759813e-05
2023-11-10,0.09186416298566609,0.08831643260433181,0.09298630519806271,0.07582753873195255,0.07056813753476729,0.0767991258434733,0.07727611839348737,0.061416955100958945,0.06307909466271491,0.057044180128612273,0.05331795807216923,0.04967063869739758,0.04567145605157481,0.04459681700602815,0.05158204169509625,-1.696270629318868e-05
2023-11-13,0.09116911892582663,0.088643442199967,0.09379110021174979,0.0765491304225887,0.07068013027760385,0.07674045011592341,0.07793023586510667,0.06179594332102508,0.0629883378959358,0.05579767112686692,0.0530447635709623,0.04883192865458023,0.0452511335953463,0.044737862898894996,0.052065747346267774,-1.6996428645478488e-05
2023-11-14,0.09267609018905386,0.08813853770798812,0.09455377546887829,0.0768023328495344,0.07178022732734757,0.07729615622555536,0.07686081629998584,0.06028207396385861,0.06327556901236554,0.055338421696918785,0.05220269228557502,0.04778924473688198,0.0453813353675507,0.04597013331911562,0.05166958174396922,-1.698819457889266e-05
2023-11-15,0.093471730033101,0.08831324963982183,0.09352181542523225,0.07768802103288831,0.0710458689973026,0.07755991304864543,0.07674857138103959,0.06123962847898482,0.06248231482824263,0.0558548678966179,0.05166160423339451,0.0475338850212628,0.04262955648403604,0.04788216764637164,0.052383841497241714,-1.7035644183098132e-05
2023-11-16,0.09264299243784108,0.08716821061750547,0.09287512914683299,0.07820593562376364,0.06930807378497858,0.07730400057078476,0.07846765014259302,0.06016956112508419,0.06246913674777371,0.05768504473379703,0.05212012370100017,0.0475720750687297,0.04295291150473004,0.0474726501679916,0.0536035091512955,-1.7004524701606083e-05
2023-11-17,0.092621368357659,0.08574559311277088,0.0928165794730264,0.07762005118471582,0.06932461564014951,0.07733192052459167,0.08003238073745138,0.06099024559351979,0.06295029320154126,0.057902092543730424,0.05142314974404706,0.04599925178737219,0.04320574360516145,0.04834860637339787,0.053705169669843865,-1.7061548978586763e-05
2023-11-20,0.0914486439180847,0.08549235574939025,0.09202913906189306,0.07852257898331222,0.069832350652715,0.07769548835845799,0.08024604448662603,0.05942930139880726,0.06309791506649273,0.05780956233260823,0.05154554161786251,0.046041061215399075,0.04323050686834089,0.050357536695690854,0.053238901310967285,-1.6927716647885067e-05
2023-11-21,0.09191681021878194,0.084772919015323,0.09247710817537566,0.07908219082672109,0.06989026869287614,0.07907615823466324,0.07900909728973458,0.05881272966354399,0.06307731160523991,0.05839809030372284,0.05151893565294893,0.046880280037815455,0.042585453585547384,0.04914740259493363,0.05337210594819778,-1.686184542550807e-05
2023-11-22,0.0914501439772815,0.08487024792136802,0.09205271023321566,0.0784376670471985,0.06953071932046141,0.07877236867619225,0.07835490809794673,0.05839988770153025,0.06244080506537101,0.058931898263494625,0.051470488513489634,0.04846789025294925,0.042534128705362675,0.04846046686246992,0.05584245450943277,-1.678514776418576e-05
2023-11-23,0.09172691740987403,0.08564799030074897,0.09256509021751412,0.07893558384323496,0.06992955717028711,0.07760229721191034,0.07868776144043496,0.05726474322477744,0.06223865624762021,0.05823208744800482,0.0517376040318665,0.048713406247266826,0.04286999099490975,0.04868921179049127,0.05517586950966981,-1.6767088611080052e-05
2023-11-24,0.09121323367877833,0.0861767070245171,0.09334334287848228,0.07765907465911459,0.06842145413667934,0.07664846991505933,0.07956034784749895,0.05807890325545652,0.061205435461085055,0.05834079038515229,0.05312190171031154,0.04891571010609644,0.04381564285518589,0.049437293170245505,0.05407840400492594,-1.6711088589109962e-05
2023-11-27,0.09151496029255339,0.08665015915775139,0.09393130580962412,0.07888320596465563,0.06912039844929138,0.07415096460152451,0.07856378033119138,0.05657789893771763,0.06169241605005788,0.05887284759276178,0.0536534973737757,0.0483857251813953,0.044575491024714683,0.050356775884887635,0.05308736653012461,-1.679318202721104e-05
2023-11-28,0.09045871946296997,0.08685532684022801,0.09597791730830202,0.08061630188198124,0.06976416528846452,0.07363942304297388,0.07970358560531413,0.0563579972116485,0.06114626088236699,0.05706210174243755,0.053883496115384275,0.04799875473118563,0.0447706150751459,0.04837867952384823,0.053403484438478394,-1.6829150729260895e-05
2023-11-29,0.08875904236880199,0.08818975290550367,0.09693691408421752,0.08070909312395576,0.07054930313505517,0.0730373912292828,0.0801361989323672,0.05724766823170977,0.05860077548781932,0.05692294944475854,0.05410939523538797,0.048059399788996544,0.04612678664231778,0.047608557092427145,0.05302367005778049,-1.6897760381719162e-05
2023-11-30,0.08990384313508742,0.09267516203099131,0.08931231928013358,0.0742969299938751,0.07154499791522738,0.07215939268043861,0.07366108742519342,0.06117155441752629,0.06631255520571687,0.061500243098370815,0.0564450930185576,0.05239378191350052,0.04524909856170598,0.0435806572243121,0.049813770599025226,-2.0486499662168157e-05
2023-12-01,0.08971093074717396,0.09225777267962741,0.09111236192741734,0.07335568129103615,0.07001214905023667,0.07136393748628304,0.07240698460933226,0.061744269244504435,0.0662146175464959,0.061531234557844365,0.057726121572071964,0.05198916041423474,0.04604820501394083,0.04496114946744637,0.04958598200052015,-2.0557608165485582e-05
2023-12-04,0.09082072493172144,0.09252884548422843,0.09252081912529875,0.07242638546670857,0.06898927504019689,0.07139744492210168,0.07193489803399998,0.06163365190339337,0.06636836565916357,0.06256877023005003,0.0576694252978935,0.05155820776109117,0.046025736846056854,0.044585818582279044,0.048992294629781774,-2.0663913964948407e-05
2023-12-05,0.08982599974807884,0.09299954295176398,0.09235818847099285,0.07355411423022705,0.0680792281217671,0.07121995981869655,0.07402795937598075,0.061089948574595,0.06643826321233921,0.061671272801646686,0.05667195707702179,0.05315043787952767,0.04638049062450564,0.04490542967719314,0.04764795716716871,-2.0749731505009216e-05
2023-12-06,0.08992104068546887,0.09387311944310994,0.0932924147778238,0.0739520937953171,0.06699694143669718,0.07134982853543322,0.07453396155232682,0.05941028050203389,0.06519557124814565,0.06239183135668126,0.05735850261069956,0.051658176257627676,0.04693391356776347,0.04489540359456149,0.04825761805570876,-2.0697419398549213e-05
2023-12-07,0.08923389491436656,0.09433224593583282,0.09399164665414939,0.07353826143414091,0.06690792422093039,0.0706494060695483,0.07608175650010017,0.05922250809438971,0.0642113687161041,0.061612306167836826,0.057397247408239746,0.052244072082958073,0.045773909884140554,0.04634636263123913,0.048477748308359374,-2.0659022336105252e-05
2023-12-08,0.08957586836021483,0.09418822470241395,0.09396275262427374,0.07337743445585856,0.06770392471496332,0.0706118307949958,0.07683833587054477,0.05883649054747288,0.06437558677899881,0.060824466704961166,0.05851087361914161,0.051496059736666155,0.0455024495164769,0.04607111759788216,0.04814522708727006,-2.064311213462198e-05
2023-12-11,0.09015822895037155,0.09385875995900486,0.09535149551087986,0.07267129980498369,0.06782903562192603,0.06989697264809895,0.0772630629430919,0.05881591433459645,0.06422129800819276,0.06194197204358083,0.05788875052104817,0.05200488780371769,0.04488957354551161,0.046167804084914846,0.04706157658976788,-2.0632369686821284e-05
2023-12-12,0.08922826193399953,0.09340061101095322,0.09682825582147862,0.07246454382867024,0.06891754143226565,0.06981819783489096,0.07655882027900639,0.0598652555462733,0.06438863950938688,0.06108952459755292,0.05810819156270376,0.05155312599821785,0.04316143023531291,0.04678040495514183,0.047857739538237846,-2.0544084091911696e-05
2023-12-13,0.09035681156018997,0.09336757134559508,0.09612608984614611,0.07282569469112928,0.06931396794334524,0.07096415142261289,0.07617102246002375,0.05945977828923899,0.06342390914551477,0.06132910338717275,0.056404964595464784,0.05200200658250719,0.043419064257581755,0.04707708530939564,0.047779223967803444,-2.044480372153837e-05
2023-12-14,0.0915178184423857,0.09404266351200463,0.09534772461875911,0.07222320410928919,0.06847079856129785,0.07136071835691275,0.07503482541517602,0.06028721895085739,0.06457982125597106,0.06041063314141586,0.056160889397887194,0.05194902772419988,0.044036221211959194,0.04839676702608144,0.0462020761150706,-2.040783926802668e-05
2023-12-15,0.09164105971931277,0.09420157347648142,0.09432119009692344,0.07214099761920163,0.0691348349782116,0.07142632681431094,0.07380419178281629,0.06302853588640785,0.06513276840721756,0.06079502395442147,0.055419087265979654,0.05242156181254484,0.044116083297690144,0.04695344048101396,0.04548381727496207,-2.0492867495693436e-05
2023-12-18,0.09162981544615688,0.095330185346813,0.09398302811264472,0.07250653805627004,0.06848906681993111,0.07081661284820047,0.07433598436361814,0.06403735054263361,0.06590254927314874,0.05935128750571707,0.05495519515354526,0.052284222457824936,0.04359729269331628,0.04694419336526886,0.04585701160093287,-2.0333586021842286e-05
2023-12-19,0.09246432413283821,0.09692445205305084,0.09362007260280439,0.07135223469907569,0.06876987629552965,0.07251074028218026,0.07384329040222212,0.06464986956031658,0.06657401288492049,0.0595211626727419,0.05495697810775687,0.05146733415267458,0.0418516597394607,0.045993813818333194,0.045520500769846935,-2.0322173752594004e-05
2023-12-20,0.09311942270237823,0.09651143017763211,0.09279825814724249,0.07039952768262756,0.06910106354742268,0.07354412269183422,0.0746722542685457,0.06500611828435046,0.06491909337846909,0.05901908747050311,0.056521496758742386,0.05228708278790422,0.04060457511587861,0.04581483403398616,0.045701885080227794,-2.025212774470923e-05
2023-12-21,0.09322277331766211,0.09504730397045948,0.09368016681584208,0.07035331996584278,0.06902395721448039,0.0738329896348678,0.07517425286543143,0.06555481404164291,0.0646182441652983,0.05932488058719092,0.055388581093174134,0.05301784410809605,0.03890652840384684,0.0459716747549293,0.046903086656952635,-2.041759571718542e-05
2023-12-22,0.09296440278005613,0.09643905727360522,0.09554777668148727,0.06818437403722638,0.06940853665095079,0.07164101130814658,0.07561580571674506,0.06604037293193732,0.06270641226489104,0.061559003185794534,0.056067693704271816,0.05265709416475622,0.04021183567264393,0.04480978388948123,0.04616740249532833,-2.0562757321987457e-05
2023-12-25,0.09100881880233502,0.09826892677534228,0.09596345419399736,0.06875424223439541,0.06971914246313268,0.07222892052558359,0.07576156058171761,0.06635362452587139,0.06286495755422439,0.06103611493748047,0.05608063942090314,0.052953747788218195,0.04033183489858129,0.04365047201925069,0.045044116408618405,-2.0573129651839765e-05
2023-12-26,0.09203898319675173,0.09807200667514007,0.09667888415519295,0.06797193464315289,0.06855338181957078,0.07153499686923381,0.07562835099940782,0.06581226602475777,0.06415591884865707,0.06128777379285818,0.05783812466104291,0.05338904423094994,0.038680060479165355,0.044554420292510805,0.04382444454377565,-2.0591232167903107e-05
2023-12-27,0.09203692496304806,0.09709213219450027,0.09870380296568229,0.06894853110460426,0.06779428449850143,0.07127150466105339,0.07572425037326118,0.06648426878921426,0.06405728274709215,0.0601960599293023,0.05705683241959367,0.05328440787528144,0.03944417232467155,0.04481952190050543,0.043106565202283134,-2.0541948594895883e-05
2023-12-28,0.09224115456581328,0.09633906697589387,0.0992713670753145,0.07067766029004015,0.0672443927825066,0.07173450355178568,0.07468425432533496,0.06613392015313481,0.06385104690502186,0.059797388609671896,0.05911852527379894,0.05281954414404003,0.03970893947527607,0.043091971639413376,0.043306722367186176,-2.0458134232252917e-05
2023-12-29,0.08990362553062772,0.09267493771879444,0.08931210310740609,0.0742967501645959,0.07154482474676123,0.07215921802488319,0.07366090913491605,0.061171406357080974,0.06631239470192477,0.06150009424236305,0.05644495639810244,0.052393655098892745,0.04524898904018497,0.043580551741108725,0.049813650029111194,-1.8066036753511692e-05
