,ASSET_1,ASSET_2,ASSET_3,ASSET_4,ASSET_5,ASSET_6,ASSET_7,ASSET_8,ASSET_9,ASSET_10,ASSET_11,ASSET_12,ASSET_13,ASSET_14,ASSET_15,CASH
2020-12-18,0.0,0.0,0.0,0.0,0.0,0.0,0.0,0.0,0.0,0.0,0.0,0.0,0.0,0.0,0.0,1.0
2020-12-21,0.0,0.0,0.0,0.0,0.0,0.0,0.0,0.0,0.0,0.0,0.0,0.0,0.0,0.0,0.0,1.0
2020-12-22,0.0,0.0,0.0,0.0,0.0,0.0,0.0,0.0,0.0,0.0,0.0,0.0,0.0,0.0,0.0,1.0
2020-12-23,0.0,0.0,0.0,0.0,0.0,0.0,0.0,0.0,0.0,0.0,0.0,0.0,0.0,0.0,0.0,1.0
2020-12-24,0.0,0.0,0.0,0.0,0.0,0.0,0.0,0.0,0.0,0.0,0.0,0.0,0.0,0.0,0.0,1.0
2020-12-25,0.0,0.0,0.0,0.0,0.0,0.0,0.0,0.0,0.0,0.0,0.0,0.0,0.0,0.0,0.0,1.0
2020-12-28,0.0,0.0,0.0,0.0,0.0,0.0,0.0,0.0,0.0,0.0,0.0,0.0,0.0,0.0,0.0,1.0
2020-12-29,0.0,0.0,0.0,0.0,0.0,0.0,0.0,0.0,0.0,0.0,0.0,0.0,0.0,0.0,0.0,1.0
2020-12-30,0.0,0.0,0.0,0.0,0.0,0.0,0.0,0.0,0.0,0.0,0.0,0.0,0.0,0.0,0.0,1.0
2020-12-31,7.773525943561192e-09,0.04216459409885522,0.09688625079952905,0.05395099956230327,0.05491321664878067,0.09070131342531725,0.10632929510363812,0.0040546121535016124,4.895230407591917e-10,0.10453525941115888,0.13590013187523248,0.13125884835546753,1.270569710810899e-09,0.0805902474064209,0.09906534416906615,-0.0003501225428897893
2021-01-01,7.803272969529449e-09,0.042710829552235895,0.09757542904861213,0.05429032970801752,0.05482203564307008,0.09093768080329824,0.10786992946281992,0.003968885452696251,4.858760601103463e-10,0.10305004859226649,0.1364309946201588,0.13368863713488616,1.2545478875445777e-09,0.07691729310629704,0.09808707474987197,-0.0003491774179274058
2021-01-04,7.879979036027228e-09,0.042995568728730824,0.09814870621548831,0.05418496449438449,0.05404077991342441,0.09166030411380002,0.10680064088287003,0.004097381582844152,4.906845470794362e-10,0.10226919883792344,0.13527955994401347,0.13367956958885108,1.2511899115246267e-09,0.0786041907482556,0.09858864888681548,-0.00034952355925488326
2021-01-05,7.814400928560331e-09,0.04375728721896335,0.09806706440467809,0.05458984509508735,0.05357148227128995,0.0919692402205483,0.1071149075460691,0.0039828111549760885,5.047583410843547e-10,0.10419570592832765,0.13425676614679644,0.13104906250783419,1.2574568917305242e-09,0.07864547458299272,0.09914930133224588,-0.000348957986425287
2021-01-06,7.795781599293236e-09,0.0437986803038535,0.0991882043051698,0.05472028582153689,0.052673177206125875,0.09319728287096801,0.1090465624938117,0.004144086949935786,4.943762489274389e-10,0.10417724784872502,0.12922457923357203,0.13175909130138289,1.240576535514667e-09,0.08108975697439039,0.09732846382376499,-0.0003474286639710885
2021-01-07,7.741848127473444e-09,0.043991440493590786,0.09797003949113667,0.05570348459524519,0.05182971996228755,0.09410107585488915,0.10698101896007595,0.004164003544797521,5.112030216634697e-10,0.10574955944934346,0.1286249049697266,0.13294094061969586,1.2527945048579684e-09,0.08256952256078845,0.09572483072910543,-0.0003505507365282411
2021-01-08,7.839859777449072e-09,0.043088951122209604,0.09799268009468898,0.05578523049545831,0.05260112189621676,0.09480282785051326,0.10570698243509588,0.004135547130889253,5.164280776165104e-10,0.10638866826150879,0.12835003251976088,0.13283030716801378,1.2774306488153537e-09,0.08239572297299685,0.09627486088523318,-0.0003529424663042524
2021-01-11,8.078099913646487e-09,0.04288075291179382,0.09696955864532583,0.05683688117733301,0.052679037239229363,0.09534444583306989,0.10562418951137703,0.0041610750442074625,5.339246517825514e-10,0.10878425691057339,0.13144007904267085,0.1309548985416596,1.2641972204572105e-09,0.07892137896149826,0.095759728010067,-0.0003562917050272742
2021-01-12,8.120198257971128e-09,0.04294286278374904,0.09637623892074919,0.0566116557127812,0.0520460796259566,0.09524566502941603,0.1063291269315093,0.004051195435758959,5.343864651268496e-10,0.1099676676546653,0.13009842345043987,0.1320410482464824,1.322023789731592e-09,0.07850156622540036,0.09614333006164283,-0.0003548700551596821
2021-01-13,8.038737055676732e-09,0.042890319079874235,0.096562232557146,0.056568190856331975,0.05124897752160751,0.09521691225832829,0.10811139291067719,0.004065192012479372,5.404691435836431e-10,0.1092535661911446,0.13130952663839773,0.13229545413147384,1.2964109162377324e-09,0.07874271819640838,0.09408921436085846,-0.0003537065903447105
2021-01-14,8.009462276338265e-09,0.043074773841981794,0.09710539240904675,0.05593247758953288,0.052032944558202086,0.09615426785230034,0.10735335181286744,0.003986774577534772,5.406973827520504e-10,0.10878043704238693,0.13189674542551866,0.13183553842809834,1.2541334004983026e-09,0.07839848637336926,0.09380326821983799,-0.0003544679349702059
2021-01-15,8.017985948013697e-09,0.042562301135912244,0.09838711091900229,0.05444296113363367,0.05260884779824498,0.0954221654807736,0.10808556480520219,0.003972541271660126,5.472762778784327e-10,0.10762500687271186,0.12895330551490866,0.13437523122132985,1.2459367454114994e-09,0.07835855968231172,0.09555905795474069,-0.0003526636016309362
2021-01-18,7.965390184845776e-09,0.04295797008950134,0.09808094499293016,0.05454014242994132,0.05283060909826055,0.09390173573321084,0.10731235360157888,0.004062429315296905,5.563866280969814e-10,0.10789421469692805,0.12991468299504155,0.1341808787795958,1.2801248814410859e-09,0.07835293999855845,0.0963248177447057,-0.0003537292774513768
2021-01-19,8.065819633380546e-09,0.04269628150111729,0.09991297616210044,0.05368166113258441,0.053977304416803894,0.0936310813577098,0.1071676336779375,0.003961399900298783,5.537303347962428e-10,0.10636763140361144,0.12889977412710732,0.13414788092577637,1.3043665286564595e-09,0.07881682981126166,0.0970938180300812,-0.000354282370306555
2021-01-20,7.96358634071369e-09,0.04221742672405585,0.10161967974701844,0.05310840020124948,0.05493989820511609,0.0931332234379329,0.10693731707262671,0.004012821622884074,5.629855668195256e-10,0.10596227138351666,0.1278247802005629,0.13374815604870957,1.3094603325996917e-09,0.07993753283380793,0.09691186253228354,-0.00035337984579636894
2021-01-21,7.998336405461273e-09,0.042855452897074986,0.10189333538164955,0.05322419067261347,0.05385299457055303,0.08987239139549887,0.10735748125767414,0.004002315241787404,5.579867247264559e-10,0.10623292855391643,0.12754760957221006,0.13613347677376336,1.3099495716132958e-09,0.07876282751822943,0.09861777507952092,-0.00035278878076434595
2021-01-22,7.977050336702297e-09,0.04305873397222176,0.10131193087683453,0.05279965650022729,0.0538811989933804,0.08984495427353618,0.10800489690214117,0.003985434923971441,5.425695463075379e-10,0.10548195458788188,0.12914452875561044,0.13541014164470674,1.3039348875616522e-09,0.08015829816861882,0.09727076376526285,-0.00035250318794835046
2021-01-25,7.887465218743702e-09,0.043135867102867514,0.10113016932976293,0.05239613995204531,0.053955050189886104,0.09073079216903608,0.1083763443446482,0.00401715238023211,5.591908599413292e-10,0.10530374923659874,0.13020376297788333,0.13474494074064433,1.2893776200049295e-09,0.07960288170281006,0.09675676967842056,-0.0003536295408688241
2021-01-26,7.951433216662596e-09,0.04437022989770302,0.10082553391970907,0.05239517899974863,0.05417311714263476,0.09163255763455391,0.10929131319859842,0.0041102683918493674,5.417078877914775e-10,0.10190602116389054,0.12980197880069316,0.1379262371184079,1.2602913227302787e-09,0.07562374801349865,0.09829902640398744,-0.00035522043870729977
2021-01-27,8.034595920832281e-09,0.044238975720883665,0.10057024750197421,0.052238456117723375,0.05469350561081229,0.09164956127493765,0.11093415913631678,0.003976916834769183,5.392933417871541e-10,0.10096606353146052,0.13035215968709057,0.13782992408760733,1.2887651241404553e-09,0.07368455974117938,0.0992235011504894,-0.00035804025789867573
2021-01-28,8.063601326298671e-09,0.044996979318836124,0.09988714503301285,0.052350499707562975,0.05341274708795048,0.08870471756782973,0.11203196969469426,0.003970806075815091,5.479421099758188e-10,0.09867596563530104,0.13126892546634178,0.14198276037951094,1.296542890804816e-09,0.07396034182915152,0.09911450875327757,-0.00035737645737077007
2021-01-29,7.770952268948378e-09,0.04215063416018908,0.09685417350464076,0.05393313735679737,0.05489503587050541,0.09067128385194136,0.10629409138663845,0.004053269744350342,4.893609684857424e-10,0.1045006496671066,0.1358551377860862,0.13121539091180912,1.2701490480341533e-09,0.08056356542513003,0.09903254541555986,-1.8924611216707764e-05
2021-02-01,7.631467122210535e-09,0.04207747427989052,0.09881705963069719,0.0540571574780819,0.05467520839853606,0.09161971100060222,0.10624962756446367,0.004052198010553168,4.798939176352425e-10,0.10454767112937391,0.13769911333651408,0.12896285113715786,1.2978697528804438e-09,0.08018336841753412,0.09707740633188343,-1.8856124518973312e-05
2021-02-02,7.731524838161466e-09,0.04210973995164605,0.0999968475930616,0.05407759489791094,0.05484122193532802,0.09254922033294347,0.10707442982836013,0.003952794963880375,4.737383506691921e-10,0.10646982715035049,0.13794539380412743,0.1283305639619419,1.272003438411463e-09,0.07892267630565299,0.09374860102884358,-1.8921231313687687e-05
2021-02-03,7.717132194801658e-09,0.04181795285865933,0.09886932151020365,0.053990993067547746,0.055039999635832795,0.09496004256546246,0.10481283612722733,0.0040148820702619655,4.802542245447945e-10,0.10511428477495505,0.13831315850651746,0.12726446277271303,1.2754239773436636e-09,0.08104833622248948,0.09477262076156316,-1.8900346243795705e-05
2021-02-04,7.837974482735543e-09,0.042086762953656376,0.09834167529543315,0.05444833698145053,0.05645623470608074,0.09411999105786283,0.10445444193036871,0.004066317856784708,4.784559242374538e-10,0.10496993372898168,0.1388877349658573,0.12571569191035556,1.2676061381388162e-09,0.08300396538651639,0.0934680043627564,-1.9100720140794477e-05
2021-02-05,7.74478975008579e-09,0.04195571638852271,0.09944714839117663,0.054506850816225014,0.056326841994651586,0.09449350516481198,0.10234336191658337,0.004108965361671097,4.828548834183473e-10,0.10466953999736389,0.14164942192829044,0.12376529186943507,1.2973319645042794e-09,0.08353928621454883,0.09321321953754905,-1.915910580623047e-05
2021-02-08,7.74011616519326e-09,0.041893926712151544,0.10072112633656365,0.05381587073920238,0.05578832829776779,0.09572258551486855,0.10149597505454319,0.004160485761947925,4.949405475399599e-10,0.10400025343829161,0.14319308211764378,0.12134457275331054,1.314405297809828e-09,0.08383872504769346,0.09404420601738771,-1.9147340833979466e-05
2021-02-09,7.719253060813922e-09,0.041331777850841425,0.10162090014643506,0.052726526089282966,0.05576992760154108,0.09722303097573444,0.10212460591032099,0.004290823736422331,5.04305974837902e-10,0.10332390582856421,0.1437876955403063,0.12170074570910833,1.2827431126867261e-09,0.08271541557886407,0.09340384462213529,-1.920909585847429e-05
2021-02-10,7.561091544324893e-09,0.041300005486391365,0.10122394002854233,0.05165308980808753,0.055978482409533646,0.09800383315645857,0.1023240387726895,0.004266514189067806,5.081984214959131e-10,0.10430769835951058,0.14435968550942815,0.11989235774814395,1.287757645268979e-09,0.08443955638763155,0.09226996954501422,-1.9180757546845484e-05
2021-02-11,7.755887809874883e-09,0.04132085320396963,0.1018552421242197,0.05155772708837892,0.05646378874054034,0.09638702761329686,0.10217939510854238,0.004225815022305042,5.12302975637217e-10,0.1065616326910707,0.14676125335497658,0.11580379729109143,1.3421093086458504e-09,0.08541986229324557,0.09148288456908114,-1.9288711018559973e-05
2021-02-12,7.750759670328944e-09,0.04130702808866616,0.10091101180709917,0.05156844918814554,0.05593347256131546,0.09569551188838668,0.10103345482356177,0.004131988525755666,5.124280744451671e-10,0.10732639596806484,0.14770950077830647,0.11719010576662807,1.3473102741407612e-09,0.08444094140893627,0.09277137315262715,-1.9243567991208017e-05
2021-02-15,7.605414676232045e-09,0.04068584089627183,0.09926656183816092,0.05189825821732668,0.05624059621870548,0.09572868184064745,0.10189672480702079,0.00405681624592257,5.12102595135323e-10,0.10650189838464005,0.1488779185269978,0.1162963106100537,1.3306308906977236e-09,0.08479201506342433,0.09377749212680112,-1.9124224120864972e-05
2021-02-16,7.587138875569485e-09,0.040821881135871645,0.09852404537544834,0.05061385729906531,0.056605829761778706,0.09686936341544848,0.10267698471911897,0.0039610726555925815,5.115568892501303e-10,0.10326707699832374,0.15282174719237587,0.11465128757278674,1.365746051879627e-09,0.08662411521332232,0.09258192488230525,-1.919568587970171e-05
2021-02-17,7.525886467197872e-09,0.041076659930300824,0.09789088127429808,0.050812312556525796,0.05642980645450377,0.09492244907316813,0.09986824788837424,0.003985142818045932,5.087563213091436e-10,0.10267903759853199,0.15499803853563798,0.11726741633270545,1.3632924050392454e-09,0.08634728485928829,0.09374195615017976,-1.924286949546362e-05
2021-02-18,7.423953763418883e-09,0.04114037076568525,0.09840740111091498,0.05117552825887163,0.05506823888853321,0.09394027059123075,0.09862899536489068,0.003988642853424764,5.121262589199992e-10,0.10501324422592397,0.1536865337859832,0.116234194609924,1.3902330397518648e-09,0.08678189686442524,0.09595389827692757,-1.9224923048405638e-05
2021-02-19,7.440372931457245e-09,0.040638760230602346,0.09694662672174752,0.05024316662352347,0.05548874584194878,0.09533607709968138,0.10105542265363578,0.004035010891058194,5.208150879954901e-10,0.10404111572793262,0.15077414208510095,0.1178766364430114,1.4001727134226213e-09,0.08693898780774255,0.09664450973021514,-1.9211217560754588e-05
2021-02-22,7.439262134026996e-09,0.04103656695093536,0.09799373341500044,0.050399682168474784,0.05588609737131108,0.09567150464011606,0.10012294754925094,0.004066047888006599,5.085223585551262e-10,0.1054317440223385,0.1474278429823438,0.11810344356062329,1.3754813039626527e-09,0.08756710903813161,0.09631241717222448,-1.914608202281633e-05
2021-02-23,7.344637798192902e-09,0.04131065979655293,0.09761984544289562,0.051034710503863046,0.056026489474626594,0.096399205715425,0.09908152812537115,0.004042505276930748,5.06378724929503e-10,0.10711507756679399,0.15183544788890585,0.11681365419382023,1.4052761453617096e-09,0.0843382157329082,0.09440183891307763,-1.9187887463580794e-05
2021-02-24,7.30156347545879e-09,0.04087757675163962,0.09626549466039766,0.051446080796239566,0.056067245635850874,0.09719397298760726,0.1003439783094414,0.004071600905498545,5.130862678219924e-10,0.10737167027266852,0.14943962909107145,0.11931789316582504,1.3957121557136016e-09,0.08319886320243601,0.09442523090822691,-1.9245897264769824e-05
2021-02-25,7.225896706577467e-09,0.040634591230344644,0.09645899554213079,0.051565395968882745,0.055364844443866496,0.09643048948000017,0.10163729865278592,0.004093853895328485,5.280803347550724e-10,0.10917378750240324,0.15198426052927427,0.11635691812718893,1.4124092062396277e-09,0.08300311200677808,0.09331565177030252,-1.920831567249319e-05
2021-02-26,7.770945865689701e-09,0.04215059942809903,0.09685409369687649,0.05393309291593378,0.0548949906370382,0.09067120913887339,0.10629400380038914,0.004053266404459199,4.893605652526818e-10,0.10450056355865187,0.13585502584155745,0.13121528279042818,1.2701480014323172e-09,0.08056349904081424,0.09903246381281881,-1.8100596394194277e-05
2021-03-01,7.809809265897498e-09,0.04208718978392862,0.09674960177837108,0.054163712858992276,0.05471888112128967,0.09225600936651246,0.10746066661778535,0.004102085425412081,4.822034598944656e-10,0.10434456735847619,0.13516263272513468,0.12896357262026814,1.2779460438631372e-09,0.07976280703464406,0.10024635140346297,-1.8087664236325707e-05
2021-03-02,7.754343754498217e-09,0.04295084211724231,0.09610998291599171,0.054469614763388415,0.055419296871051175,0.09187246564060267,0.10904566046833633,0.004043698411124487,4.942053149744488e-10,0.10471135365699266,0.1343023097639552,0.12874293784227456,1.3004579125252396e-09,0.079182742389715,0.09916722464482136,-1.8139034502863555e-05
2021-03-03,7.7193912579796e-09,0.04233768491833909,0.09776744553508623,0.05398937940682069,0.05584991602790383,0.09190929677129275,0.10735488795392165,0.004034373989450637,4.98859449527137e-10,0.10417941715540455,0.13660413070155772,0.13068472665373032,1.3186680277983867e-09,0.07835871578144846,0.09694810712331053,-1.80915551851942e-05
2021-03-04,7.65191457129191e-09,0.04229734040997989,0.09805783228873514,0.05249308506512927,0.05568533263358673,0.09183581725574348,0.10665420615629585,0.004096827692621721,5.006091723521276e-10,0.10600955798209366,0.13576179127526578,0.132398999487326,1.3529263294978362e-09,0.08002254626376659,0.09470468838003265,-1.8034396026921675e-05
2021-03-05,7.63775595998318e-09,0.04217384000882085,0.09863534585943962,0.052939827133630935,0.05515441684010535,0.09197903871285461,0.10382164843913737,0.00418364266385974,4.971868344337762e-10,0.1061866166719793,0.13519341849880984,0.13507393085157596,1.2867368874021963e-09,0.08007162594238681,0.09460467964633786,-1.8040690617793334e-05
2021-03-08,7.625384999413237e-09,0.043026827182917955,0.09795754313903633,0.053556051754250676,0.05554765815919391,0.09373004433050927,0.10317996163373075,0.004152104992183473,5.067428342326446e-10,0.10720090746218144,0.13220211062235876,0.13424558550138738,1.2993668992178863e-09,0.08154105427192748,0.09367822692273695,-1.8085403909039807e-05
2021-03-09,7.44737313618461e-09,0.04344216161406426,0.09708867454744988,0.052546472821454956,0.05387392887077945,0.09512934580180174,0.1038217034630386,0.004157474840695681,5.19534555441384e-10,0.10875487892257915,0.136284417816683,0.13169786443627846,1.3046141387606875e-09,0.07951009082308563,0.09371113643930677,-1.8159668739374786e-05
2021-03-10,7.390045811102074e-09,0.04348452955944986,0.09662111158416271,0.05264295902723026,0.05404900406163609,0.09724694090201187,0.10284320050568307,0.004080861692266993,5.1875404112449e-10,0.10685244843833511,0.13884553179771966,0.1304067316114654,1.2851844773158394e-09,0.07843382140977857,0.09451090893856398,-1.805872228802135e-05
2021-03-11,7.363093221628345e-09,0.04311000759439191,0.09815141268894795,0.052017785916846505,0.053961665513103566,0.09786218441379517,0.10037913351088378,0.004100567571697453,5.09642746639082e-10,0.108010386069205,0.13642489517710663,0.13168638379703787,1.3077253632015852e-09,0.07952159703688068,0.09479198766876609,-1.801613912400781e-05
2021-03-12,7.346240821113698e-09,0.04285525165626966,0.09970551416127296,0.051599440261756474,0.05328251180685054,0.09870064982091935,0.09930734426007132,0.004045754051750796,4.987842063425376e-10,0.10721726378289749,0.13626665186111153,0.13225374227981068,1.3298586222460707e-09,0.08030595365815846,0.09447792391905326,-1.8010694806197503e-05
2021-03-15,7.306366578434964e-09,0.04292431576814364,0.10072103101440653,0.05149451141592193,0.05279619515623015,0.0971110403492436,0.09704037878976962,0.0040702047081293035,5.013847180145752e-10,0.10781993846692407,0.13553681017632588,0.13495159218136046,1.3143168385842808e-09,0.08144209650418277,0.09410981932588722,-1.7942978593368058e-05
2021-03-16,7.211575741840348e-09,0.04286911023216966,0.10043685944827445,0.051333922200313874,0.05247014334219085,0.09637203409261484,0.09945666891424508,0.004109232341072621,5.031945371963813e-10,0.10724930045201929,0.13678451920398668,0.13518320771705702,1.305807615616468e-09,0.08043276973849264,0.09332003232763397,-1.780903064892427e-05
2021-03-17,7.001334945700574e-09,0.04299707486095482,0.09999509439163058,0.05231921795892751,0.05253162707931326,0.09499472793839023,0.0994884567976814,0.004052463635933535,5.072623164554238e-10,0.1078496602034344,0.13905952474506333,0.13353153320090705,1.3081067351699126e-09,0.0785266071393127,0.09467182338669819,-1.782015495102682e-05
2021-03-18,7.021442692696542e-09,0.04312678382700633,0.09980050383569196,0.05246641032063533,0.05345307253712467,0.0944697412836766,0.0994901544795156,0.003982833047077511,4.998270564009985e-10,0.10782265112524875,0.14129910465320203,0.13272718583968451,1.3005048145041655e-09,0.07781588739210657,0.09356344346741724,-1.7780630161553302e-05
2021-03-19,7.044237861244412e-09,0.042493883831385984,0.1012328121039307,0.05209424674542992,0.053952567814711194,0.09298750042235791,0.1004511814458048,0.004023391931383919,5.030218156463665e-10,0.10623471093042997,0.1419752826361665,0.13017922844166982,1.2957736523925966e-09,0.07934040263678985,0.09505256747181443,-1.778525490842116e-05
2021-03-22,7.048437366473634e-09,0.04209484562032492,0.10199031981330815,0.052133846235275165,0.05246184309806629,0.09397626019802273,0.10048087236050113,0.004094600335319743,4.951807630847561e-10,0.10106974926477656,0.14272179739858057,0.13091935668969995,1.2583476178917336e-09,0.07799044341943266,0.10008384654059031,-1.7789775863904954e-05
2021-03-23,7.0705641039726764e-09,0.042663794904122795,0.10189173149319859,0.05119571102322133,0.05267574972124206,0.0942356772617244,0.10055980333656521,0.004113472596995788,5.002409640788307e-10,0.10146963101375657,0.14068577561862836,0.13283196031165567,1.2230859590640817e-09,0.0755596279082907,0.102134949761244,-1.789374453675736e-05
2021-03-24,7.165717425650549e-09,0.04300805006140378,0.10122812790080477,0.05122239436248358,0.05296661326786771,0.09311723758553295,0.10043288689943065,0.004188133427504114,5.153618245003858e-10,0.10170480554878779,0.1436780861094847,0.1296934011180098,1.2483294810271324e-09,0.07512319262076733,0.103655106691558,-1.8044523043975558e-05
2021-03-25,7.153253947567623e-09,0.04361035030146325,0.10033859022022551,0.05162662871458456,0.0528246109276028,0.09299744685431063,0.10026114722105955,0.004141268318754779,5.15681390363739e-10,0.10169310502032357,0.14436709890240207,0.12999701987580392,1.266994612771457e-09,0.07646094590033087,0.101699830623366,-1.8051816157631726e-05
2021-03-26,7.224945079478703e-09,0.04316546061122561,0.1011628807266685,0.05209164462494807,0.051697120369059366,0.09328909653411278,0.09982360850344005,0.004104936648647816,5.270869254503518e-10,0.10086855148614673,0.142779177099034,0.13043790031054686,1.2849742944013785e-09,0.07642910242036638,0.104168592348938,-1.808072014043758e-05
2021-03-29,7.2030303457569686e-09,0.04187686271839145,0.09978465357405727,0.05134576645265364,0.05158747419789642,0.08944067706042545,0.10244751507549113,0.004103509475221671,5.241395018356442e-10,0.10192114770940254,0.14705169194769907,0.13133425042804228,1.296335442301534e-09,0.0760254218218037,0.10309895286398134,-1.793234857130312e-05
2021-03-30,7.133022991630938e-09,0.04130994816832118,0.09853035392458391,0.05028932665772967,0.05127527917510343,0.08706217818776038,0.10218980332653746,0.00408068333104206,5.226444660238461e-10,0.10059053936779322,0.1536106650515064,0.13368344438902577,1.2618137008411674e-09,0.07597518423809144,0.10142041996978025,-1.7834704756390588e-05
2021-03-31,7.770923402888795e-09,0.042150477587007955,0.09685381372912724,0.05393293701620815,0.05489483195683805,0.09067094704345363,0.10629369654550844,0.004053254688032674,4.893591507004333e-10,0.10450026148791373,0.13585463313718787,0.13121490349776244,1.2701443299253773e-09,0.08056326616287758,0.09903217754824355,-1.5209930588261626e-05
2021-04-01,7.754411568942917e-09,0.041868169067804745,0.09681114625563696,0.05416702556897884,0.0544995723312613,0.0911878840565317,0.10448021556332002,0.004012409670371392,4.971548536007905e-10,0.10610607225260398,0.13579866797989212,0.1297363490254064,1.2547749920991277e-09,0.08050016026995119,0.1008476118269103,-1.5293375010398403e-05
2021-04-02,7.784419772547381e-09,0.041456594757332516,0.09514656316495347,0.05407414787726962,0.0536985061873467,0.09015487952744225,0.1058500966652787,0.004040514489372096,4.960126461073533e-10,0.10353321019426875,0.13564006427113967,0.13146097353529104,1.2408759009335293e-09,0.08211072453125151,0.1028489313546621,-1.52160769167629e-05
2021-04-05,7.914494222102561e-09,0.041626468427029335,0.09584888396357506,0.055009660813464756,0.05404913493458942,0.08967576671848468,0.10533008590652922,0.00405893501841771,4.870970912305854e-10,0.10343032352485351,0.13822216822027783,0.12676596254847805,1.275949928402254e-09,0.08390193612651561,0.10209589203516142,-1.522791491793272e-05
2021-04-06,7.912481518389432e-09,0.04140582929066436,0.09660655701460527,0.05533624196404164,0.052851281182626116,0.08987930231506919,0.10449255409296185,0.004042717526207301,4.793585413099266e-10,0.10569335951271716,0.13983595719472267,0.12455220237907257,1.2398250571658405e-09,0.08289653414191471,0.1024225970373705,-1.514328363836873e-05
2021-04-07,7.948552898475948e-09,0.04202799199360906,0.09765853076098695,0.056084249637504906,0.05318832150941102,0.08849274432145217,0.10447244565592984,0.004113626189716712,4.801949839238303e-10,0.10678897631097328,0.13947159530486455,0.12270684826014275,1.2403906355339671e-09,0.08358434195374785,0.10142549329752364,-1.5174865001214393e-05
2021-04-08,7.955000850501596e-09,0.041756280938911476,0.09914516387748587,0.05606977485735228,0.054297726733503825,0.09051454486424686,0.10469374254035828,0.004068004818681341,4.668510368989585e-10,0.10469424440791955,0.13682326692770164,0.12598105609229598,1.2471187994610517e-09,0.08446485457220863,0.09750654775050853,-1.5218050144780729e-05
2021-04-09,7.840494783491816e-09,0.042001281513353875,0.09914825229541514,0.05580564978256182,0.054506257713329676,0.09213810335289165,0.10407433427343292,0.004060136302955045,4.668344013048054e-10,0.10826990830841288,0.13179866704352317,0.12707569766310017,1.2411564705869044e-09,0.08510252620892164,0.09603434367617313,-1.5167682556549594e-05
2021-04-12,7.821715831915481e-09,0.042223126180865184,0.10228805485978879,0.05621877912149398,0.05384665760367838,0.09147336041674065,0.10325514462336526,0.0039499764949228675,4.637541854157006e-10,0.1093172009475522,0.12886651348115857,0.12911290754453744,1.2497792525210306e-09,0.08383302085526692,0.09563038368918678,-1.5135353806323201e-05
2021-04-13,7.958534287306335e-09,0.04263808327908642,0.10254466349750199,0.05620241878128062,0.054029906387565406,0.09110032578829896,0.10057613738119157,0.004074650670562684,4.660244469841823e-10,0.11027989860444636,0.12908569378631476,0.12785258249655762,1.2490643496348824e-09,0.08161286798667633,0.1000179296824074,-1.5168015513341633e-05
2021-04-14,7.75318927408427e-09,0.041590285729157586,0.10060292676043393,0.05622168365201371,0.05327237814123779,0.0883865939198669,0.10083241107679408,0.00405876060722611,4.6313348986485034e-10,0.10993748259009686,0.1322090421643998,0.13070837799933327,1.216780100201612e-09,0.08285505999159681,0.09933993599101058,-1.4948056270415605e-05
2021-04-15,7.81278045080242e-09,0.04099993410518588,0.10072050940983107,0.05586694024544773,0.05397335783983169,0.08987788039043236,0.09831637745654809,0.00407029879391858,4.723444767547049e-10,0.10997122202447444,0.13420322031566315,0.1319123794048543,1.228108548927351e-09,0.08271989122695966,0.09738296855725817,-1.4989283638622089e-05
2021-04-16,7.710061030352842e-09,0.041188954252121115,0.10048749187953183,0.05563902264918925,0.05356305254132181,0.08930795906467477,0.09946498230887514,0.004041317602469926,4.6185319175786986e-10,0.11098151171148804,0.1334508237803847,0.1316828024661573,1.2599062470826155e-09,0.08250599686679601,0.09770102309688881,-1.4947651719231098e-05
2021-04-19,7.616415411555002e-09,0.04105663017164958,0.10105134542254139,0.05459527593612799,0.05364503734169896,0.0893448267657838,0.09943582167921121,0.004097334016849649,4.6377759236293375e-10,0.11343998214970265,0.13120729922651458,0.13189118322289412,1.260914782078574e-09,0.0808465327481622,0.09940365142538327,-1.4929447627097802e-05
2021-04-20,7.804902037080963e-09,0.04116262303588718,0.10188503355425428,0.05480182475951558,0.05333112455931989,0.08750966972523293,0.0987740954211379,0.004028276401822985,4.769120624461836e-10,0.11357499119800403,0.1308651699552778,0.13427569221774832,1.239898090691149e-09,0.07996410339457585,0.09984235342837453,-1.4967172863577528e-05
2021-04-21,7.8615082069193e-09,0.0412717575177626,0.10191442499962182,0.05472160135130104,0.05346551936740314,0.08753398295038346,0.0971799181349035,0.004021857884168505,4.682717685946391e-10,0.11346904293196887,0.1295663135706383,0.13972771800554737,1.2364243479579701e-09,0.07775730014701489,0.0993854812246718,-1.4927651589609447e-05
2021-04-22,7.922218234293518e-09,0.04208959554077494,0.10155537684029534,0.05388345906838218,0.05415337094324962,0.08623792631519692,0.09689516395501724,0.004019204191572557,4.692049791490369e-10,0.11503310873523961,0.12852767217220856,0.1395158933333395,1.2400002533520995e-09,0.07821644840202349,0.0998877373833757,-1.4966512099168697e-05
2021-04-23,7.946883757911797e-09,0.04240777903108511,0.10188950636991462,0.054114168107959264,0.053065572386788676,0.08621924952026526,0.09744101116993592,0.0040574512898503825,4.640235073981779e-10,0.11377176871230585,0.12724152695698143,0.1406808831106102,1.2616499225179032e-09,0.07758682324605863,0.10153919898339185,-1.4948557704306634e-05
2021-04-26,7.969085703022729e-09,0.042424473627514295,0.10182797854918456,0.05467096450724836,0.053368042732928125,0.08889149734241537,0.09649342662626394,0.004094690282249346,4.612316299007821e-10,0.1124482794201532,0.1274620266467277,0.1412799728446571,1.3288304659820662e-09,0.07748082648342988,0.09957278106226028,-1.4969884179725268e-05
2021-04-27,8.026018100460431e-09,0.04172389618867277,0.10219586151693615,0.054934658626279165,0.05413454692254664,0.0904235822542646,0.0962904891305761,0.004105371056836968,4.581670252282665e-10,0.11101137701922772,0.12872129748629071,0.1389182045464023,1.3256241781367223e-09,0.07645102883200333,0.1011047116723037,-1.5035062149500423e-05
2021-04-28,8.194534688042885e-09,0.041336422342408995,0.10054877981811194,0.055075196631895265,0.05436280011439331,0.09104460126676005,0.09610125541029284,0.0041105273443260764,4.6257278682000785e-10,0.11327360702190419,0.1251697890017623,0.13863700076000904,1.3362537027761287e-09,0.07549465681292294,0.1048604443547286,-1.5090872876645763e-05
2021-04-29,8.100176708833132e-09,0.041091188610617696,0.10059716324655375,0.05440294795814032,0.05285491923281665,0.09005497684190626,0.09691237603771045,0.0040690294742207625,4.543316345223627e-10,0.11429257857802345,0.12384416251354935,0.13672465777313092,1.3327803328386722e-09,0.07615796396164912,0.1090130300988754,-1.5004214482692341e-05
2021-04-30,7.770961526995992e-09,0.04215068437701766,0.09685428889340124,0.05393320161089859,0.05489510127057973,0.09067139187461788,0.10629421802179528,0.004053274573277736,4.893615514937176e-10,0.10450077416561811,0.13585529963926596,0.1312155472373526,1.2701505612464286e-09,0.08056366140581539,0.09903266339955837,-2.0115999672133043e-05
2021-05-03,7.851826679594845e-09,0.041889997177891054,0.09601126308201036,0.053024386833999355,0.05649781889557209,0.08886872286007276,0.10502611230087347,0.004052076347997465,4.906980839004292e-10,0.10540768518250204,0.13898300938302283,0.1315365488852536,1.2391328684455626e-09,0.07970696693014694,0.09901538687536447,-1.9984336364117576e-05
2021-05-04,7.985215994049834e-09,0.04119517615397563,0.09701998227506113,0.05300538988106337,0.05693638064311418,0.08854302695105516,0.10359006030182591,0.004085748873409675,4.943368435447735e-10,0.10675707416050981,0.13864471438522846,0.129920675673544,1.2026492060357683e-09,0.0807237907976573,0.09959790060600417,-1.993038465093379e-05
2021-05-05,7.885161178380312e-09,0.040830933508077524,0.09620471291280364,0.051929037994389665,0.05618355514562464,0.0869684364077245,0.10267684701438942,0.004029889763996571,4.808501517954616e-10,0.10975699181915102,0.14101006581245074,0.12781288558600634,1.2046512270377383e-09,0.08108782933579398,0.10152866306496235,-1.9857936032942934e-05
2021-05-06,7.8109893784071e-09,0.0412138466451001,0.09547980291666319,0.0510514468254626,0.05658852824043327,0.08827093706333457,0.10610126699162425,0.003955496313974315,4.851291281256539e-10,0.1089029785684047,0.14259815467958134,0.12447182929633444,1.1763849666333667e-09,0.0798365994027528,0.10154892410700543,-1.9820523174488866e-05
2021-05-07,7.693199411621961e-09,0.041113281757777856,0.09566734038765592,0.05094022481526996,0.057183713417852604,0.08794829408623728,0.10342918288478575,0.003996090845878284,4.765150317132076e-10,0.10946666052816499,0.1449450214880815,0.1243305218522092,1.1355018402414792e-09,0.07781743999138827,0.10318185532450996,-1.9636685027798547e-05
2021-05-10,7.681920948567819e-09,0.04115298971503737,0.09646928114409367,0.051358238964732454,0.05739141427285169,0.08773703297631132,0.10302390935502027,0.004045998371178936,4.806025078345861e-10,0.10907182153231745,0.1475457348120824,0.12411500633554616,1.1190685888041953e-09,0.07678016132921392,0.10132803728966551,-1.963537964335763e-05
2021-05-11,7.68704508510502e-09,0.04180344281144547,0.09594690545579429,0.051640882188468844,0.0571251346574455,0.08774078343421879,0.10126979335511252,0.004047263030727833,4.808867091578946e-10,0.1103716919293449,0.14860232083348318,0.1220396824899855,1.1444423646528403e-09,0.07735314306666066,0.10207864270060188,-1.969526566351886e-05
2021-05-12,7.718926618167008e-09,0.0417616417552968,0.0965852407471016,0.05214690157556674,0.05615629004305809,0.08751616780739338,0.10136599542203677,0.004079962059295139,4.91587750992789e-10,0.10953973101648093,0.1480703793255913,0.12153498773183614,1.1335173054710385e-09,0.07721793822938766,0.10404452968565248,-1.977474272870951e-05
2021-05-13,7.624382496303028e-09,0.04184654444088286,0.09459639174758572,0.05169555400963635,0.0558083830686853,0.08920084253603325,0.10077340085049953,0.003944348486254272,4.760066357276704e-10,0.10937167762380229,0.14923781474949221,0.12205937912696775,1.134601966728157e-09,0.0786988963204686,0.10278648284392487,-1.972503922417693e-05
2021-05-14,7.698790081899172e-09,0.041209701742890174,0.09379869087513097,0.050693816205580486,0.05570037046344736,0.08927592966564933,0.10107632145494733,0.003953698549159501,4.701673867884628e-10,0.1092177618312505,0.1458493146429216,0.12506612181708054,1.1304043117423769e-09,0.07812784191999858,0.10605016817390955,-1.974664132776988e-05
2021-05-17,7.581318512545948e-09,0.040596135911208045,0.0923634270292853,0.05047808427434608,0.055799103591390696,0.08981394847851303,0.10422919567354233,0.0038148068023810267,4.72831492914488e-10,0.1079151828408122,0.14399040749543454,0.12335619407208898,1.1087988539566437e-09,0.0802673498740888,0.1073958271455414,-1.9672351581332323e-05
2021-05-18,7.6262424618422e-09,0.041387223836374096,0.09137869603850891,0.049995425751155224,0.054639248093710034,0.0895291661525353,0.10507042641516535,0.003842924364682814,4.766911962069536e-10,0.10618169066246765,0.14673655561496696,0.1246001583071958,1.1298460191570192e-09,0.07797118026545677,0.10868707592701074,-1.97806620094105e-05
2021-05-19,7.561440852443008e-09,0.0413355080705878,0.0921642793302445,0.05018980541000615,0.05422927964490452,0.08979574480065589,0.10320003666952733,0.003917088666538608,4.766560116749348e-10,0.10834979500082303,0.14592777092216988,0.12387876312583994,1.118153624310132e-09,0.07946291134808552,0.10756883907387611,-1.9831219509639944e-05
2021-05-20,7.653620579646288e-09,0.041426364514126054,0.09075026452826776,0.05016810357636521,0.05378294030687902,0.0903923525018667,0.10217546880690473,0.003993335568965456,4.790068763449122e-10,0.1087341874112951,0.14841380498732687,0.12669546794922393,1.1249201866523853e-09,0.07885093604265767,0.10463671207047284,-1.9947521898871956e-05
2021-05-21,7.623703875513398e-09,0.04127532462595081,0.09109556259179392,0.050103126296957644,0.054378879665617996,0.08992698796819475,0.10237858104324758,0.004071643565736384,4.827930833488067e-10,0.10894194744136525,0.14738966954108085,0.12570615967446974,1.1113847368040057e-09,0.07830497988829017,0.10644712368265376,-1.9995203240508557e-05
2021-05-24,7.5912539408982e-09,0.040624439059378514,0.09263882300928263,0.050182422269295944,0.05334002451080234,0.08923669373137763,0.10232720704152556,0.004161775189494945,4.73932099270167e-10,0.11038058569016185,0.15044564776739186,0.12414285443267169,1.1039564334620418e-09,0.07668896160342392,0.10585050448655985,-1.994796050919689e-05
2021-05-25,7.558799315350406e-09,0.04073607641093786,0.09336601695153733,0.0495604400046151,0.05186676678486162,0.08887429229648054,0.10234608038829628,0.004160889612903166,4.698867359160025e-10,0.11018760706466309,0.1535745979706028,0.1244897244787291,1.092787520672428e-09,0.07571948993782095,0.10513787458156255,-1.9865604483939775e-05
2021-05-26,7.677806890165157e-09,0.04067292490231032,0.09337723981196228,0.04930410651930064,0.052579577881117286,0.09114534610606705,0.1030144566071541,0.004167750924895693,4.7038024703792e-10,0.1061675889970459,0.1555145546022775,0.12484490918395928,1.1016770595104325e-09,0.0747865949502242,0.10444480743483495,-1.986717101335243e-05
2021-05-27,7.627378201216461e-09,0.040983900704473206,0.09274998849288797,0.050350162187814365,0.052718223069682414,0.08942580036254134,0.1025760123321997,0.004118956601857199,4.5393638038179714e-10,0.10853687246045243,0.15690547403271093,0.12566718238794586,1.1022695274268549e-09,0.07273443978697015,0.10325278808488692,-1.9809688006613665e-05
2021-05-28,7.743137951047127e-09,0.040839602872806684,0.09086655342345767,0.05058323537974548,0.05301066941752554,0.09023605467852884,0.10434454809214339,0.004186784890151191,4.5904990623961046e-10,0.11137103523126195,0.15418729982928506,0.12768472820022,1.1227510167779513e-09,0.07162830391525984,0.10108112245819763,-1.9947713522215352e-05
2021-05-31,7.770963927806198e-09,0.04215069739931779,0.09685431881618034,0.053933218273364406,0.05489511823022094,0.0906714198872135,0.10629425086100605,0.004053275825522124,4.893617026801831e-10,0.10450080645075091,0.13585534161126497,0.13121558777591708,1.2701509536548093e-09,0.08056368629566459,0.09903269399533832,-2.042495223745517e-05
2021-06-01,7.909430834350084e-09,0.04146488605367267,0.09594246352084801,0.052873575950745225,0.055221308072781666,0.0921222964628217,0.10809110355583448,0.004100979608403937,4.852678115232981e-10,0.10334534272328527,0.13146670745178668,0.1349928072112672,1.273765253433133e-09,0.07941805760932137,0.10098076714214939,-2.0305031381553246e-05
2021-06-02,7.843669414912701e-09,0.041673520776661276,0.0958537153458326,0.05331253232428212,0.05523369616197732,0.09050153584154375,0.10831537344079155,0.004166426079791598,4.855961178566806e-10,0.10470741438514528,0.12939213711934525,0.13509436853993742,1.2613555770357048e-09,0.08059934251752449,0.10117024682104503,-2.0318944498783804e-05
2021-06-03,7.967088508272413e-09,0.04251929067407068,0.09745914533883641,0.053973793622192956,0.05506990257568878,0.09133983628977217,0.1085392600785992,0.004184907323911807,4.874285441446176e-10,0.10408598904620192,0.1264746056484585,0.134837101754298,1.2776560130624496e-09,0.07936935020094776,0.10216730862966718,-2.0500914818358016e-05
2021-06-04,8.070046387282539e-09,0.04274854466388394,0.09870400007226424,0.053952669240405066,0.05558112407084484,0.09005779315116297,0.10708216574589481,0.004003418430966925,4.936710467212646e-10,0.10607419006802396,0.12475792919705518,0.1336379256505265,1.2549605396134255e-09,0.07955692162246415,0.10386370384721429,-2.0395579384753065e-05
2021-06-07,7.939133979499704e-09,0.04293749938487582,0.09843899935553686,0.05404075249495677,0.05591107186614802,0.0898753872453242,0.10697702620393276,0.003993062806918645,5.010177232913347e-10,0.10681697321803188,0.1252698325305236,0.13084648407980717,1.247359001289054e-09,0.0809087857770186,0.10400451190781247,-2.039655839756676e-05
2021-06-08,8.005861582197547e-09,0.043800904737491174,0.09976353349900788,0.054219998819619815,0.05569045633015322,0.0871334909997003,0.10698276481952522,0.0039839970673390705,5.051238897546696e-10,0.10681937073453263,0.12492468343327251,0.12723376654351062,1.2298638448931773e-09,0.08181764043678512,0.10764981941225,-2.043657403681384e-05
2021-06-09,7.94966137507877e-09,0.04367922002172472,0.10017986211142366,0.05339232143636777,0.05560340067063343,0.08579168864545396,0.10758885492982868,0.003968959134412293,5.043787489026213e-10,0.1049048669280942,0.12561903721089537,0.13094393282469557,1.2011564819197556e-09,0.08084478669093406,0.10750336753691304,-2.0307796573306906e-05
2021-06-10,8.034561196044655e-09,0.04357319960026315,0.09743460667218257,0.05440432370001248,0.05630441025707518,0.08415732511652382,0.10706927484148249,0.004071038937666794,5.169966016876958e-10,0.1068033664066922,0.12570059626502136,0.13159126689568593,1.2026735669127627e-09,0.08280271953896266,0.10610823128914391,-2.036927494396534e-05
2021-06-11,7.993334403906336e-09,0.044130084833721016,0.09763698734981242,0.055407457403768935,0.055991199552159296,0.08432045568817816,0.10601901419169037,0.004082453721968982,5.070303678862839e-10,0.10628738901446699,0.12311944273970106,0.13350575474464738,1.2212491677109711e-09,0.08042347591255275,0.10909669128186196,-2.0416156143358733e-05
2021-06-14,8.212784935947305e-09,0.04431840618509974,0.09733239011083787,0.05742311348775522,0.05530833714965055,0.08467228493483384,0.10669494305580689,0.004176776532565352,5.117760732996943e-10,0.10588980304248435,0.12171504528939779,0.1332782786979282,1.2046155661354656e-09,0.0808268783449754,0.10838422233055195,-2.0489091063844535e-05
2021-06-15,8.08925002730936e-09,0.04484049798764258,0.09672385444048719,0.05653939921525527,0.05514965172293871,0.08467878950593447,0.10410024034738373,0.004193287213052915,5.03462194472391e-10,0.10862655312942018,0.12266689295376813,0.13229613986463445,1.1881576841146151e-09,0.08062617362447339,0.10957897597401448,-2.046575987547817e-05
2021-06-16,8.078007966528349e-09,0.04469178723327726,0.09667906382179513,0.056088013740747844,0.05486287920002673,0.08233154559546509,0.10536474776988417,0.004207034146065338,4.972232934362646e-10,0.11172685869155065,0.12273331945020115,0.1298754468399154,1.2050349523579762e-09,0.08114724261868937,0.1103124892979361,-2.0438185820467723e-05
2021-06-17,8.100182864883248e-09,0.045201903275292284,0.09706639263534614,0.056834047695539576,0.053963854351795605,0.08244159808841413,0.1085642588010624,0.00419041846308236,4.962276557297195e-10,0.11173262560923952,0.12117119063141844,0.12592743011858049,1.2087270844547943e-09,0.08193093692238353,0.11099590657667613,-2.0572973968259348e-05
2021-06-18,8.135626111842752e-09,0.04548300737537037,0.09870838448160596,0.05704094602192719,0.05390195886800675,0.08262870612307417,0.11006104170735602,0.0042996896129907,4.945411538298739e-10,0.11257654603479605,0.12257053799153972,0.1245705031026428,1.2165287985429813e-09,0.08023209965861974,0.10794725638430881,-2.0687208934342667e-05
2021-06-21,8.183564706178167e-09,0.04541718061123251,0.09916889803197301,0.05717206873178946,0.05339767646486676,0.08279228810054975,0.10851000518696627,0.004395904264849659,4.8587065672679e-10,0.11253477394584925,0.12082791351630819,0.12611245096728138,1.2127955257616783e-09,0.07969581264661732,0.10999575079338467,-2.0733143899054174e-05
2021-06-22,8.193462265813988e-09,0.04569848906503495,0.09821516993984836,0.05630795152846952,0.05352305512246385,0.08254235130201172,0.10954775229371057,0.004395887909226915,4.879139292801062e-10,0.10983026275515245,0.12467350522421068,0.12591947538893072,1.2291949478121754e-09,0.07858424709414635,0.11078259079899164,-2.0748332768634146e-05
2021-06-23,8.119668339273266e-09,0.04606236647153379,0.09817034582479217,0.05651991009164172,0.054163349941736924,0.08152127125316783,0.10891728018002442,0.004440041825423923,5.04905079484643e-10,0.10998936598637817,0.12632330199377828,0.12615181107195692,1.2757501633394728e-09,0.076366002674032,0.11139575634977614,-2.0813564565878024e-05
2021-06-24,7.93390041396142e-09,0.04455203451337547,0.09773880766901136,0.056182669395773745,0.05356971916123006,0.08079983256948371,0.11262318497116705,0.004390877562663592,5.049561197181004e-10,0.10807692378850535,0.125993206318715,0.1247240073016683,1.257316628786922e-09,0.07832196483619083,0.11304741268490488,-2.065046886255023e-05
2021-06-25,7.96811949239754e-09,0.0436454884610035,0.09765715410610733,0.058104355553170194,0.05358690270699249,0.08220144097597883,0.11518052426398928,0.004418665166367272,5.002648435888669e-10,0.10433333926261476,0.12780941426635947,0.1234198250971853,1.2654366325446768e-09,0.07679834735220237,0.11286524172173124,-2.0708667523170808e-05
2021-06-28,7.965455566409269e-09,0.043736820751116776,0.09642425891342692,0.05886865275594391,0.053169739150765775,0.08039581685685403,0.11495555719871649,0.0044188082711865495,5.012435603734352e-10,0.10649610087243024,0.1272730858845375,0.1231288239887038,1.2405639518835427e-09,0.07792390073296715,0.1132291159623796,-2.069104629181007e-05
2021-06-29,7.920189596522653e-09,0.04282100548261777,0.09776487530790745,0.05794465581265408,0.05270301958860826,0.08063752305782881,0.11292397269458876,0.00431871625471139,4.847164016009277e-10,0.10752954322370284,0.12596817442210678,0.12902520559184946,1.2172440444807681e-09,0.07651243592266614,0.11187151434748165,-2.0651328873657842e-05
2021-06-30,7.77094653956659e-09,0.042150603083293055,0.09685410209582002,0.05393309759287602,0.054894995397393787,0.09067121700165272,0.10629401301793794,0.004053266755948272,4.893606076888e-10,0.10450057262067804,0.13585503762256376,0.13121529416908767,1.270148111576359e-09,0.08056350602707836,0.09903247240066514,-1.8187315449984412e-05
2021-07-01,7.77466068234405e-09,0.04213018065376588,0.09672402125391885,0.05386420070028803,0.05498115640577863,0.09050106431734706,0.10726975126971722,0.004099950318374765,4.858396920715686e-10,0.10724744143038986,0.13456364229170778,0.1284640007576935,1.2869696752187951e-09,0.07988398256716805,0.10028889456245176,-1.8296076071303376e-05
2021-07-02,7.601595221527954e-09,0.04274475652952761,0.0974762357696292,0.052965879006188155,0.05402456821804438,0.09249664575423523,0.10626914677459698,0.0040541545815094195,4.69820878898538e-10,0.10673980419344296,0.134166960768206,0.1301142568403567,1.256392005029269e-09,0.07773630134573584,0.10122958171964593,-1.8300828926438992e-05
2021-07-05,7.707458135961799e-09,0.04225018365963176,0.09905134723003499,0.05322498432510558,0.05498660554708524,0.09283074861047162,0.1031188059992839,0.004063926323493857,4.794094847393382e-10,0.10574692471527562,0.13394530914524072,0.13033580262319036,1.198122354812523e-09,0.0804826166223883,0.09998111304409324,-1.8377230285165256e-05
2021-07-06,7.747078823282436e-09,0.04222954347886388,0.10043816049202749,0.05349674569325658,0.054855732395268954,0.09181357113067762,0.10428434301445993,0.003958270863548322,4.842898550428631e-10,0.10400763530343572,0.13674917514112242,0.13077829210330455,1.2125074622047906e-09,0.08066160403264433,0.09674529712579209,-1.8380218277843947e-05
2021-07-07,7.595014532305004e-09,0.0420253101097631,0.09945820354378197,0.05359750954332942,0.05449161526733509,0.08963741069521096,0.10198565889226267,0.003918871250878733,4.623405987473699e-10,0.10549830272303043,0.13616936466408966,0.1319784431042338,1.1656255487784963e-09,0.08156384653355532,0.09969361801258932,-1.8163563041163425e-05
2021-07-08,7.49844401973617e-09,0.042344504998140825,0.09944122834654262,0.05263986768508743,0.05481090145417882,0.09058645726223806,0.10115139344696511,0.003983442824423706,4.5089723293756794e-10,0.10305305411399865,0.1364765221536976,0.1320444958755854,1.1510919296850031e-09,0.08277719131053715,0.10070908704196341,-1.8155613791968686e-05
2021-07-09,7.502256298315317e-09,0.041974143064973005,0.09933936564683571,0.05198045023920704,0.05576096845901231,0.08897979519025452,0.10325840394880524,0.003956156306891612,4.3846195176462554e-10,0.10447402985923424,0.13576239024972936,0.13297173151336902,1.1673344373081471e-09,0.08268937556250941,0.09887119604204332,-1.8015190917358457e-05
2021-07-12,7.515888788974325e-09,0.041667842639152755,0.09934671447410148,0.0503288054949453,0.05565886286633916,0.08761663756945962,0.10480575550869477,0.003962599970536878,4.368951964942848e-10,0.10451712602528619,0.132625843625208,0.1356524413027271,1.1996539832368938e-09,0.08270085974153542,0.10113438116608851,-1.787953651312963e-05
2021-07-13,7.447361975301802e-09,0.041177379840552954,0.09902241942025043,0.050393955369364536,0.05519046305835686,0.08790131762396405,0.10486108824874509,0.003892632478844433,4.387029731214688e-10,0.10554610828866876,0.13253140536059968,0.13781226398916271,1.1700213215703945e-09,0.08312262776986094,0.09856613825476578,-1.78087592225469e-05
2021-07-14,7.361715704358861e-09,0.04087524905032977,0.09792423831916038,0.0500320822826794,0.05499889940244254,0.08876967241778763,0.10432148995173335,0.0038021873653199534,4.4578770478466765e-10,0.10409906919712675,0.13231239155858823,0.13875648472125748,1.173359184272674e-09,0.08472676068125803,0.09939925374909223,-1.7787677638349416e-05
2021-07-15,7.2946612481443374e-09,0.04173684593564928,0.09803912739257561,0.04990284160496904,0.05559456696976796,0.08897891905582767,0.10479856093126348,0.003933364564168947,4.4363304404733026e-10,0.10351073518814696,0.13246981321998214,0.14116956442393594,1.1416247139530088e-09,0.08164370893357216,0.09823970962949437,-1.776672927261329e-05
2021-07-16,7.137490130450714e-09,0.04130065027156337,0.09796484171134713,0.04909061123199737,0.05429829887356537,0.08851787531261164,0.10537829490162581,0.0038158403253385786,4.4634845373696206e-10,0.1041994889546626,0.1337192181723585,0.1432210815020954,1.1787577338909974e-09,0.08064052991355042,0.09787091303693332,-1.7652970245749405e-05
2021-07-19,7.021740407816159e-09,0.040793324832043884,0.09836361890883649,0.04774126939430274,0.05307391383836378,0.08898241030206044,0.10552932052864428,0.003750139297507425,4.465360070442625e-10,0.10348582250612823,0.1353166479219586,0.14167685730169072,1.1855675220502805e-09,0.08350934840422762,0.09779474993490321,-1.7431824511337687e-05
2021-07-20,7.019256280416424e-09,0.04105911583951296,0.09790097287747915,0.049012954050932214,0.05315242528054085,0.0886109701704926,0.10427154015569019,0.0038060711623219526,4.520152433372972e-10,0.10262922778483453,0.1365063357297329,0.13800225239302208,1.1888432518287154e-09,0.08415997049098593,0.10090556948987058,-1.7414085530806653e-05
2021-07-21,6.969156108979177e-09,0.04053489596867748,0.09697415606902808,0.048272652231922224,0.054029281497550735,0.0903961034034705,0.10475514994108255,0.0038732610824254807,4.530826192242566e-10,0.1025188329059212,0.13582853400547648,0.13734264738874874,1.1571318365675775e-09,0.08460849546661936,0.10088339462636184,-1.7413166655340618e-05
2021-07-22,7.047581844454234e-09,0.04074410781447713,0.09721417624799457,0.04799420448830051,0.054308943184558506,0.0916462100899593,0.1035879533634023,0.003895052736318994,4.566547307617231e-10,0.10182652570043538,0.13513668907760237,0.13849659158767688,1.1392597189735243e-09,0.08553532397182477,0.09963169561741275,-1.748252345962786e-05
2021-07-23,7.124522432332874e-09,0.04174559962078896,0.09639979070506134,0.048334301574719886,0.05388240206801682,0.0929629179740156,0.10192504902520992,0.003925754868099249,4.5123110188739893e-10,0.10161345880888774,0.13303382494080634,0.1405830017364621,1.1238916449015017e-09,0.08650201175456103,0.09910937244326344,-1.74942195376022e-05
2021-07-26,7.1382854088188065e-09,0.04193533388521741,0.09590075034653142,0.04860121785736395,0.05505565814795181,0.0923263419891494,0.1038666753166983,0.004021970490457624,4.4721107233746105e-10,0.09964429824260838,0.13412547637789568,0.13974885206264834,1.164622458871037e-09,0.08684993141324866,0.09794102862984579,-1.7543509735831227e-05
2021-07-27,7.069076838484813e-09,0.042448109367921184,0.09542481750133391,0.04868593367164592,0.055765385904500905,0.09187214146491754,0.10393982371405114,0.004026467610695043,4.5237085287920165e-10,0.10069944690563178,0.13383970831368186,0.14010405017369396,1.1587582489203782e-09,0.0846414012055702,0.09857026576736626,-1.756028121576569e-05
2021-07-28,7.196798834380835e-09,0.04207753620328909,0.09465160833080595,0.04821284393158203,0.05627310772110036,0.09243084378109817,0.10375464281538314,0.003975634253628458,4.5317913153594953e-10,0.09829829091379128,0.13421379911995207,0.1422344142896904,1.1339286388478788e-09,0.08232473141721577,0.10157009854316368,-1.7560104606908677e-05
2021-07-29,7.130143945724241e-09,0.0424134635285525,0.09416860772172586,0.04795880047728612,0.05638097871966672,0.09107621248122719,0.10359370054107979,0.00394107818518142,4.4284140872858557e-10,0.09849205102430639,0.1332112823032034,0.14140495313696502,1.1063498872808587e-09,0.08444523612985369,0.10293112219990298,-1.7495128286456786e-05
2021-07-30,7.770892598129519e-09,0.04215031049807295,0.09685342979040307,0.053932723220362314,0.0548946143479393,0.09067058761426455,0.10629327518609402,0.004053238620503955,4.893572108291908e-10,0.10449984723786486,0.13585409459510558,0.13121438334805738,1.2701392949394042e-09,0.08056294680160068,0.09903178497425563,-1.1245764913272004e-05
2021-08-02,7.791147142420736e-09,0.04170820980114827,0.0967483450702397,0.05396873382942903,0.05488193333227756,0.0904037604324649,0.1051589252969237,0.004202528722267926,5.050592054545142e-10,0.10305480147480417,0.139934407941894,0.13089565630682312,1.2785745739119643e-09,0.08082368946117621,0.0982302875347967,-1.128877902636693e-05
2021-08-03,7.824496227403402e-09,0.04155505594760122,0.0957778218294454,0.05290150382722981,0.05402273384195438,0.0880743149586851,0.10467153597600966,0.0041115680675092095,5.006826776323038e-10,0.1047494989734319,0.1419830941974547,0.130215030977045,1.2707112790533803e-09,0.08320628985209944,0.09874277242230879,-1.1230466664853427e-05
2021-08-04,7.800776594131246e-09,0.0409591062390036,0.09619686497473362,0.05341279504033016,0.053617895482878875,0.08842142846886254,0.10418256596591548,0.0041019302601694885,4.82335940585919e-10,0.10442250278048663,0.14426181514569256,0.12887705308061723,1.2723979323196357e-09,0.08209631499803463,0.09946094698329389,-1.1228975529183541e-05
2021-08-05,7.769275309540526e-09,0.04048985670993875,0.09739147831706038,0.05387872474216249,0.05312372989266485,0.08882057823175951,0.10474633855085573,0.00413181281611124,4.693743079855481e-10,0.10586871080667835,0.14268619623623097,0.1278833874152397,1.3290597272731695e-09,0.08241320358476256,0.09857717745967538,-1.120433084933419e-05
2021-08-06,7.583825650332957e-09,0.04093328600558263,0.09568491089560589,0.05309797207991306,0.052751888026635045,0.09016575278099934,0.10552906279854113,0.00411060722599806,4.701667743183805e-10,0.10458395315073545,0.14260585756552985,0.1276843817419509,1.3479097650064392e-09,0.08363572343404449,0.09922776227117992,-1.116737861798879e-05
2021-08-09,7.54204904140035e-09,0.04115550036733227,0.09539527674036295,0.05233372488345107,0.05238960017788224,0.090087330820814,0.1066197760499409,0.004092150696163708,4.608667938154625e-10,0.10448362640497663,0.14260924831677974,0.1278563705638286,1.3672549441427179e-09,0.08504085458469768,0.09794767282239832,-1.1141798798971014e-05
2021-08-10,7.505251970075697e-09,0.04076192634320403,0.09621151014156391,0.05325839069246875,0.05224448923504163,0.08990633646034504,0.10885155961122722,0.004126185042614433,4.6439551977641553e-10,0.1026762324184846,0.1443538870683359,0.12601140673119057,1.341786744809121e-09,0.08461498294307328,0.0969942341437398,-1.1150142723333587e-05
2021-08-11,7.450703338572222e-09,0.03996025089634891,0.09670887367647689,0.05367212854468624,0.05075012517724194,0.09057483951909606,0.10712098589294645,0.00415545222803152,4.6162273510388834e-10,0.10221548422021257,0.14321556253964157,0.127960471358869,1.3062525523142585e-09,0.08513945285594035,0.09853745399614694,-1.1090124217023495e-05
2021-08-12,7.503149773469902e-09,0.04091271372984855,0.0961880056313487,0.05428075596129168,0.050704159720073486,0.09204483962883873,0.1071569941170206,0.004134551450151294,4.708050449369173e-10,0.10148910599057119,0.14001722822708929,0.12691888381088556,1.321240243059323e-09,0.0873537346596936,0.0988101086944592,-1.1090916466972557e-05
2021-08-13,7.616334588668786e-09,0.04045631036753076,0.09598195388792713,0.054246314014185164,0.050770979029818857,0.09239666671287093,0.10845558341352286,0.004119991604058858,4.731100697706676e-10,0.10170759672230849,0.13831593523341423,0.12704444136728715,1.3217861749259877e-09,0.08734963922997839,0.0991656965449046,-1.111753903839244e-05
2021-08-16,7.646862026741382e-09,0.040412990482937526,0.09762653570532051,0.05369930365343341,0.05049775902049511,0.09601796586776988,0.10730667009849273,0.00405507259296846,4.799503082718666e-10,0.09877870635672882,0.13828168205676827,0.13211643546823038,1.2906411673440288e-09,0.08450474317580299,0.09671327801660838,-1.115191300987359e-05
2021-08-17,7.68773690982796e-09,0.04074690508666547,0.09678930416446896,0.05395612832727738,0.051196233850927766,0.09792590225591963,0.10663493518451986,0.003911402463046702,4.727329209606174e-10,0.09784380864626822,0.1373118749166754,0.13132851530129613,1.312315486902971e-09,0.08622858335054336,0.09613751194613177,-1.1114966526006474e-05
2021-08-18,7.708482212453853e-09,0.04058475643612989,0.0961260199678403,0.05410745384719273,0.050857475990118105,0.0997594204491447,0.10378811616554107,0.003854106896736037,4.683652122947602e-10,0.0977872062146757,0.13910514583707667,0.13031736474291722,1.2702872941006562e-09,0.08691832459810885,0.0968056277088802,-1.102830149601034e-05
2021-08-19,7.587846543351294e-09,0.04069578203478828,0.09474055782432987,0.05384695432595793,0.0504436729804787,0.10108544285874337,0.10425489482967429,0.0037950496910474484,4.758938135189932e-10,0.09589865773579094,0.14027237307009008,0.1289214450569328,1.266036241184797e-09,0.08798986560744256,0.098066351044691,-1.1056389743926374e-05
2021-08-20,7.704892283200791e-09,0.0407752789366237,0.09532175012899657,0.05372901466186219,0.05070044134568599,0.1019499556459714,0.10442169701902673,0.0037090067552428617,4.796637120947062e-10,0.09673196267080166,0.13914992486333694,0.12651641463406937,1.3028354561113005e-09,0.08905524792097728,0.09795038063493149,-1.1084704917611891e-05
2021-08-23,7.691806072124713e-09,0.04080690831060653,0.09755144157809122,0.05431041782342325,0.05082755583299069,0.10356883641941562,0.1042359870622622,0.0038232605970232106,4.938795920942072e-10,0.09693426091972901,0.13903206676662702,0.12207370458383884,1.2810168661492835e-09,0.08770922822813489,0.09913750622886704,-1.1183817711858728e-05
2021-08-24,7.731152262669826e-09,0.04058335776686186,0.09806058076381519,0.05507907968773437,0.051579857954599004,0.10189196647596911,0.10492903501763241,0.0037798986246474083,5.047193088791684e-10,0.09894566849865374,0.1381763287872954,0.1215252864339378,1.28153713516664e-09,0.08483337125803347,0.10062683275535274,-1.1273541941386761e-05
2021-08-25,7.784731311932762e-09,0.041373712526756416,0.09782693143518105,0.0552139267066563,0.05112459092258277,0.10155333060864061,0.10425748691958263,0.003870544682561024,5.043641780406593e-10,0.1001068549414285,0.1386728272433195,0.12009457754980388,1.2903731184559801e-09,0.08660841754526226,0.09930816808780335,-1.1378749046866642e-05
2021-08-26,7.846552349478709e-09,0.04103114157211292,0.09735106567958941,0.05557115144184722,0.05073337535719194,0.1016466396773476,0.10386307344670717,0.0038795530303468526,4.867961088228026e-10,0.09731832050762813,0.14013684475432758,0.12226942891086107,1.270573976219456e-09,0.08628071466369276,0.09993006120437184,-1.1379849946963226e-05
2021-08-27,7.889994062227682e-09,0.04014974062318466,0.09632827711989828,0.05530816328636249,0.05112094338376205,0.10481154360307988,0.1034569466140424,0.0037991460388407277,4.893208358904424e-10,0.09923847309342616,0.1402804384260287,0.1203162464457997,1.2910616018504293e-09,0.08726771972683822,0.09793371811504395,-1.1366146683655476e-05
2021-08-30,7.871997466703062e-09,0.040318374336149175,0.09699091723289809,0.05494664033115136,0.05060592901485838,0.10585133292482955,0.10118805067264473,0.003801093421366354,4.766682016086559e-10,0.10031307772507972,0.13891465222878016,0.12220789173295833,1.2949942609027502e-09,0.08485450706587055,0.10001882093258785,-1.1297262834157903e-05
2021-08-31,7.770936262067036e-09,0.04215054733682738,0.0968539740010009,0.053933026263420364,0.05489492279577596,0.09067109708403549,0.10629387243832308,0.004053261395282479,4.893599604827739e-10,0.10450043441298566,0.1358548579468857,0.1312151206297227,1.2701464317363822e-09,0.08056339947745879,0.09903234142483278,-1.6864736994005818e-05
2021-09-01,7.816341693452199e-09,0.04213973621134256,0.09712222023238869,0.05412024372854429,0.054537924358225666,0.09164568899932175,0.10730997904529253,0.0041556379472843805,5.001666346377555e-10,0.10374183356763306,0.1381333722259441,0.12955916280153346,1.290151529666685e-09,0.08008708785990742,0.09746401809714024,-1.6914681217925745e-05
2021-09-02,7.866572936064626e-09,0.0411547238638233,0.09565095501869103,0.05421832821681623,0.054804600744059837,0.0915687115321899,0.1054368777343665,0.004123789126137712,5.050822899497625e-10,0.10509985474703527,0.1386571102307287,0.13262623843666327,1.3044860533871699e-09,0.07932392642007406,0.09735184934842926,-1.6975095156280234e-05
2021-09-03,7.671975810782499e-09,0.04063238436640992,0.09567823460830845,0.05401314911789779,0.05509534054750074,0.09016437916534352,0.10612067864163273,0.004065439187171131,5.102231260439446e-10,0.10386793228941173,0.13865188797713587,0.1343855881931671,1.2853671047143449e-09,0.07874157262021293,0.09860017802474673,-1.677420650469425e-05
2021-09-06,7.663167811390913e-09,0.04009462858790774,0.0979080618825798,0.053732499191205395,0.055213821668651596,0.0915234580169015,0.10527866086279995,0.004008616818033953,5.12316376494418e-10,0.10101481095789643,0.1380596744972691,0.1349976615005519,1.2798553155128097e-09,0.07656458851718316,0.10162028074351816,-1.6772699838112417e-05
2021-09-07,7.684945304329081e-09,0.04075231725996081,0.09782051783884167,0.05329366925170696,0.055503755831951315,0.09145316945106248,0.10381607638191016,0.004100524347405594,5.086450107554554e-10,0.09833816427856988,0.1413311138580303,0.13414053402608006,1.269000253871774e-09,0.07426813266852768,0.10519881593831576,-1.680059495309757e-05
2021-09-08,7.539616639624362e-09,0.04049981450474617,0.0981169934920896,0.053191211797102046,0.055091981988421496,0.08886139422432072,0.10199965299432444,0.004084238734625816,4.993911687301203e-10,0.0980014808498922,0.14195798623763128,0.13543159771238844,1.2336704746589184e-09,0.07674153393980629,0.10603878709491127,-1.668284293798399e-05
2021-09-09,7.577932513863344e-09,0.041156367412851884,0.10114138325600305,0.052584567953956496,0.055227621730458365,0.08660348817885448,0.10280365587186083,0.004127131197819419,5.017591481503993e-10,0.09752559678762501,0.13798620055141397,0.1370222688408867,1.2720445487834091e-09,0.07633061685883383,0.1075078565770694,-1.6764569369571063e-05
2021-09-10,7.482507955341136e-09,0.04144126792071426,0.10094471991445382,0.05224670756581227,0.054847251611957575,0.08637309346296937,0.10358486306505155,0.004060346060107023,5.000401757088957e-10,0.09770759271418845,0.13587504923455235,0.141536643331485,1.2562562033026625e-09,0.07559787554237388,0.10580137938827316,-1.6799050742992334e-05
2021-09-13,7.60523945543502e-09,0.041650265702018796,0.0998718664493618,0.052883570799136095,0.05495537039749559,0.08662008855936461,0.10306125774046627,0.004015707219647109,5.023701904847449e-10,0.096849857391465,0.13983046157691287,0.13846990129026918,1.2897951877970744e-09,0.0754287471123366,0.10637968236797014,-1.6786003848918846e-05
2021-09-14,7.679802790344054e-09,0.04146512270482224,0.10100280629422748,0.051343796449046124,0.05458549622916752,0.08577031700774068,0.10152962288904503,0.004011952078937185,5.06330331261755e-10,0.09811860363944488,0.140684902454972,0.13722070386498633,1.3010751612602375e-09,0.07577239836572877,0.10851108339896488,-1.681486429147869e-05
2021-09-15,7.783801904747443e-09,0.04173446768404663,0.10064593173744646,0.05127734803776653,0.0545610285222351,0.08596178858177177,0.10254164786495025,0.004078363639801495,5.091765904978675e-10,0.09877258669896481,0.14191970949018676,0.13690695011791945,1.2882766385871465e-09,0.0738286135876769,0.10778846948992418,-1.6915033945529557e-05
2021-09-16,7.824149246378509e-09,0.04146815231151845,0.10046454128489207,0.05159270479317134,0.054951296211793586,0.08484440649492866,0.10401276044688398,0.004147270802920937,5.011071598005993e-10,0.09760412956638563,0.14480035763862437,0.1367074999655396,1.2394217569084584e-09,0.07202418486161269,0.10739960974969084,-1.6923692640363064e-05
2021-09-17,7.672396716974975e-09,0.040944729271262074,0.09965095212953014,0.05201653293523933,0.05429809730761633,0.08529184559976852,0.10513464355016171,0.004196407749526786,4.990601096265614e-10,0.09385022613700583,0.14468154082088144,0.137984898379721,1.2275551437928447e-09,0.07370807653839088,0.10825881667295346,-1.677649106939195e-05
2021-09-20,7.68137556165718e-09,0.04122326701732736,0.09959762263652708,0.05032243381369719,0.05374966043238902,0.08625140295079738,0.10357230356517826,0.0041664792082294075,4.893800106107458e-10,0.09606976077449576,0.14804173870204843,0.13540262852569696,1.2260038395455365e-09,0.07251727463332003,0.10910212146328102,-1.6703119747228344e-05
2021-09-21,7.776778130427574e-09,0.04187769867312435,0.10071673601292724,0.052414986754442415,0.0534864236142232,0.08501051665965001,0.10382030207197401,0.004105567011177368,4.822705899479522e-10,0.09531724069670458,0.14697670454693512,0.13427285296880626,1.2469341577747436e-09,0.07241917628026483,0.10959861140164885,-1.682619786110426e-05
2021-09-22,7.873735541758789e-09,0.0417196790761619,0.10083508948932979,0.052849182146574004,0.05243929369053037,0.08275168221180942,0.1047387382163017,0.0041514880713060635,4.991405706702035e-10,0.09595638158577736,0.14956337555735835,0.1344055205897225,1.2588584341415297e-09,0.0749432510857998,0.10566319856103987,-1.688991344571409e-05
2021-09-23,7.864781634008912e-09,0.04240851204346378,0.10063957918088795,0.053583740683307575,0.05178293291776181,0.08231368392554823,0.10427728817738036,0.004001640294042437,4.881321594255872e-10,0.09387319036491865,0.15083519666014764,0.13573941832207823,1.2600793836173108e-09,0.0757137357409423,0.10484787378310063,-1.680170657280158e-05
2021-09-24,7.95458753593771e-09,0.04241616228088709,0.10071451144664999,0.05342840872128883,0.05222260215075227,0.08188599505732946,0.10567584858831539,0.003938482171764328,4.803096718127378e-10,0.09490467006621231,0.15067115002738543,0.1347508523160237,1.2802659970147415e-09,0.07490865035097113,0.10449945654063672,-1.679943337989284e-05
2021-09-27,8.10803411065602e-09,0.04333631303529407,0.10304383257244756,0.053579181608685814,0.05332682588002697,0.08138609338898625,0.10502598179494518,0.0038308996756243325,4.952972516679776e-10,0.09421747828148175,0.15130635783000415,0.13351877343815846,1.3040841298055364e-09,0.0748695448467829,0.1025756044878222,-1.68967476750161e-05
2021-09-28,8.107832431085797e-09,0.04253011389439587,0.10169117319059177,0.0520701924967127,0.052191456205931366,0.08124290091199295,0.10183179932823942,0.0037355725247604776,4.933214213812814e-10,0.09305599321194494,0.15557758348919773,0.13711565448857907,1.2792997326117297e-09,0.07534087694340703,0.10363349621648622,-1.6822782692979184e-05
2021-09-29,8.086340390581174e-09,0.042013613744305706,0.1019895766060301,0.052127845797856606,0.052077444727035946,0.08196116900095088,0.10112090120519925,0.0036863966004079874,4.957201587215437e-10,0.09391909058314436,0.15311658552908933,0.13972462279264825,1.2437293836701387e-09,0.07479959121039585,0.10348002246168658,-1.6870084540854175e-05
2021-09-30,7.770997475426398e-09,0.042150879365879544,0.09685473694087278,0.05393345110562815,0.054895355215052476,0.09067181132003775,0.1062947097383333,0.00405329332370629,4.893638152778859e-10,0.10450125758569351,0.13585592810522443,0.13121615423983893,1.2701564369567762e-09,0.08056403409292305,0.09903312152417985,-2.474208788771644e-05
2021-10-01,7.868383653061626e-09,0.04207259794799335,0.09622464407795542,0.05337280613340322,0.055311281619689186,0.08941840064457889,0.10858969057646772,0.004150932391718062,4.896632226710545e-10,0.10415257200151307,0.13769059868797434,0.1332243155396963,1.2483521852865242e-09,0.07954840308714015,0.09626840044373808,-2.4652758266860763e-05
2021-10-04,7.935321575064461e-09,0.04255357632670487,0.09526618832964244,0.053344207630086654,0.05466406461177353,0.08880947141887882,0.10992171293474762,0.004127612231020241,4.898424110599269e-10,0.10201823481998491,0.13878549468013826,0.133782208077361,1.2385124143738206e-09,0.07967052587438303,0.09708145526075117,-2.47618591488711e-05
2021-10-05,7.869621491356403e-09,0.04189436107481674,0.09707186612128182,0.05293019460171313,0.05457403193342603,0.08992034885105704,0.11510833066088987,0.004053263383369828,4.929357391111863e-10,0.10086482602358439,0.13753320259664736,0.1321210255929702,1.2137623081378557e-09,0.07959329431612219,0.09435998771460918,-2.474244680732918e-05
2021-10-06,7.946771095837806e-09,0.04195455157081038,0.09760311268904363,0.052696440515869136,0.05438305418159919,0.09034144805850584,0.11341599184134163,0.0040369381968975455,4.871711791876173e-10,0.09958107973353297,0.13298584645815487,0.1352624535707734,1.2005760123960103e-09,0.08137890892587868,0.09638492321679183,-2.4758593717394153e-05
2021-10-07,7.89079477711766e-09,0.04170796922609785,0.10082530521789616,0.05403721118872843,0.05464937614507714,0.09112085540665286,0.11305090580381566,0.004083467520254926,4.845861740996164e-10,0.09696392070067464,0.13085000379372955,0.1360522564316397,1.18324313675009e-09,0.08172934503633232,0.09495425558038033,-2.488160990375521e-05
2021-10-08,7.818947690678838e-09,0.04199668401794155,0.10092583984756949,0.053942502190567766,0.05514363366627267,0.09153690916602415,0.11507814202487662,0.004050660235952594,4.807735776888005e-10,0.09486647562582212,0.12975355728620583,0.13807017809759592,1.208542467778187e-09,0.0830457714701657,0.09161447057832499,-2.483371558323985e-05
2021-10-11,7.898161127414957e-09,0.041212182243513924,0.10189995452658615,0.053714088039835184,0.05561483762737031,0.08997702936795925,0.11690487236305455,0.003966972615829582,4.760635810018816e-10,0.09341169412834985,0.12609118233780248,0.1383194615321841,1.2471236143603224e-09,0.08710279606619077,0.09180974581795183,-2.4826287976290013e-05
2021-10-12,7.953005347997483e-09,0.041162774496640554,0.10208904325309505,0.05331691106246076,0.05555399496771382,0.09028652890794163,0.11559815290748368,0.003949261802987619,4.740610553570994e-10,0.09429598050267358,0.12350774011765997,0.1377490610613041,1.2847830815398811e-09,0.08866474300381061,0.09385053100511506,-2.4732800736029416e-05
2021-10-13,7.992727539331136e-09,0.0414943735832342,0.10369104214658821,0.054534246379749116,0.05450172752083839,0.0891994016977759,0.11822107972252006,0.003953288361635739,4.716769366451968e-10,0.09292502100174631,0.12301568394382449,0.13517386657575972,1.3387017006688089e-09,0.08908343025311509,0.09423167467608781,-2.4845665981276007e-05
2021-10-14,8.022995084470556e-09,0.04182603849710582,0.1045716049389066,0.055113420335115584,0.05399513729907162,0.08871505761966758,0.11925803570433875,0.003917624065626289,4.709182886454184e-10,0.0933593220798821,0.12439564456879168,0.13093147479326414,1.3535592671487052e-09,0.08858080665883473,0.09536062063329574,-2.4797041373412922e-05
2021-10-15,8.024643173997658e-09,0.04220689787803514,0.10535415123189362,0.05557306344929662,0.05455892064519517,0.08842829707160468,0.11848496600980128,0.003938761530467513,4.727708358908588e-10,0.09227709285774317,0.12435941036520246,0.12996771205986474,1.3242942002261242e-09,0.09005378108199891,0.09482155253044453,-2.4616533255932266e-05
2021-10-18,8.193331808201968e-09,0.04158152806182488,0.10489802414690744,0.05568950212250931,0.05540929325901065,0.08903907524799598,0.11919615621049198,0.0038829624048972284,4.6551781710070344e-10,0.09291418497965206,0.12184619644800494,0.1290527135590128,1.3385681975612446e-09,0.08861986974167343,0.09789513571178113,-2.4651891179611696e-05
2021-10-19,8.34945713034302e-09,0.04122440391218867,0.1046171681576204,0.054635662624963534,0.05529541573846978,0.09059265500473244,0.1194286699274309,0.003938041482772212,4.5847344003028866e-10,0.0947855069299153,0.12167993377528147,0.13007578820910518,1.3467438464866838e-09,0.08724086090451832,0.09651071273240182,-2.4829554074493042e-05
2021-10-20,8.38056336706379e-09,0.04116985411362546,0.10524114310204252,0.05454936941742045,0.05510032747572029,0.08812507036566429,0.11837428978541442,0.003916157672705193,4.693377203271111e-10,0.09530587633576665,0.12407178115971298,0.1307220151375072,1.3232528025712883e-09,0.08698965761442363,0.09645913900782303,-2.4691360979932006e-05
2021-10-21,8.263244076655308e-09,0.040798711674522495,0.10447012561127063,0.05527138303400426,0.0534361570081444,0.0890370463573504,0.11629315979590309,0.0038209243171570145,4.75194825792494e-10,0.09591411190288733,0.12597276628425055,0.13184304830591362,1.3644306433075497e-09,0.08745254456381876,0.09571456981551482,-2.4558773606838543e-05
2021-10-22,8.256003412646942e-09,0.041143883630447076,0.1031719287259484,0.05463766619365411,0.053023248111568624,0.08629165749826898,0.11605156539396144,0.003704296304556106,4.737253266721101e-10,0.09682778385719197,0.12452258141112085,0.13505801009732665,1.324475800742506e-09,0.08901615796091467,0.0965756639262036,-2.4453165366934662e-05
2021-10-25,8.188033712564898e-09,0.04261685020704427,0.10394301573395318,0.05453103410625523,0.05254577614643248,0.08675845718567554,0.11681152626407931,0.003740512664717455,4.755644293037022e-10,0.09859733842051958,0.12478003233877144,0.1317513891008461,1.332173049240974e-09,0.08590035954859727,0.09804834488986214,-2.4646602525178372e-05
2021-10-26,8.073273434743927e-09,0.0424832625293585,0.10491671568855032,0.05368279406041464,0.052973126177699864,0.08587375716564798,0.11902022680633531,0.0037040028768384596,4.674796128704889e-10,0.09919487596366212,0.12333880069537212,0.12929748852123762,1.3151035090842257e-09,0.08544933237761015,0.10009013050717734,-2.452322576109255e-05
2021-10-27,7.907583901668711e-09,0.04239693775306771,0.10538828776431167,0.0536830932475908,0.053698512885186886,0.08560729288093434,0.11847169914287489,0.0037272608748612564,4.672009282383396e-10,0.09839295539665995,0.1241194522152495,0.12762111182196664,1.2984641931795852e-09,0.08446464958898711,0.10245319888729888,-2.446213223858328e-05
2021-10-28,7.643703453539265e-09,0.04243879328868031,0.10511346320291128,0.052492818333452415,0.05374311148751582,0.08588032492770178,0.11907235531058906,0.0035770520184473307,4.753378415345659e-10,0.0969963508980944,0.12515396380054017,0.12886435626634074,1.275054196513678e-09,0.08525279010910522,0.1014389940596627,-2.4383097136781234e-05
2021-10-29,7.770966891158008e-09,0.042150713472915165,0.0968543557502626,0.05393323884006648,0.054895139163730546,0.09067145446353103,0.1062942913948785,0.004053277371183945,4.893618892916384e-10,0.10450084630071765,0.13585539341785893,0.13121563781320375,1.2701514380096672e-09,0.08056371701753486,0.09903273176011446,-2.080629647792271e-05
2021-11-01,7.729778045712609e-09,0.04201576079041715,0.09661271408368713,0.05427141159301921,0.05577692999420485,0.09103552703895708,0.10793595763651527,0.003995728552256965,4.86103294871926e-10,0.1032768428286676,0.1364854210515244,0.13036612523145527,1.2859009571286549e-09,0.07916864197467309,0.09907971661337257,-2.078689053293031e-05
2021-11-02,7.757614711343676e-09,0.0410205792736599,0.0985477358682804,0.053944524374637426,0.05425519541542965,0.09097119829208254,0.10769315981770186,0.003980431113906136,4.919509526051914e-10,0.10420144520257468,0.13678894441696698,0.13101979850919812,1.2802999872736747e-09,0.08152425206709972,0.09607344925839008,-2.0723139793058336e-05
2021-11-03,7.722913532001488e-09,0.04081127926187479,0.09884353161679064,0.05311783887859791,0.05280500423265503,0.09063961231989219,0.10749475984124887,0.004041726352083806,4.799917585262976e-10,0.10548170754623044,0.14125045099180994,0.12947232458518165,1.2444962005315279e-09,0.0804815050769018,0.0955808490213826,-2.0599172051353345e-05
2021-11-04,7.790989178747313e-09,0.040708907688423134,0.10085760864746951,0.052625195808198494,0.051874861055050805,0.09225760904663334,0.10457474367507678,0.004044823819888932,5.040595911055176e-10,0.10585494491237793,0.13920801223080578,0.12983629644234737,1.2481262773647027e-09,0.08102691810699666,0.09715073557509585,-2.066655153949781e-05
2021-11-05,7.70157079433092e-09,0.04133599547814116,0.1009606568546212,0.05297944395407589,0.0513986130217569,0.09363500986413066,0.10405495362197419,0.004054724400072039,4.963576115241593e-10,0.10406926146045119,0.14056292465304507,0.12868895819275933,1.2277912024137845e-09,0.07997291712920745,0.09830715974731781,-2.0627803272468545e-05
2021-11-08,7.607387383737038e-09,0.04102683342328418,0.10034414233731784,0.05149095480925835,0.05016672468085126,0.09345719768822774,0.10238600037913535,0.004090215752927982,5.004095624799734e-10,0.10459175696662944,0.14383001107261678,0.12773574254500308,1.2343309607442263e-09,0.07865030828624073,0.10225059600270452,-2.049328632517711e-05
2021-11-09,7.754658144919204e-09,0.041057864166228655,0.10082989111241944,0.052330030464609927,0.05011318602405408,0.09273996906899337,0.10367405583194947,0.0040980623794842795,5.021874390599987e-10,0.10332690069150278,0.13995468017128912,0.12836238175096573,1.255110963312636e-09,0.07840332078445351,0.1051301497137567,-2.0501671663855372e-05
2021-11-10,7.669495791793114e-09,0.04044355581086623,0.10032298849763485,0.052056882315111096,0.05036693086513931,0.09143116599330564,0.10514535840514588,0.004194726755778048,4.998201840571225e-10,0.10489792507155793,0.1369996067117288,0.13016064859512236,1.2730236007398408e-09,0.07931818663275483,0.10468242311759858,-2.040821408323713e-05
2021-11-11,7.472840402669776e-09,0.04027575687596375,0.09988322249588624,0.051597230954854086,0.050565138690450095,0.09116521374590993,0.10423572788574094,0.004142263706411258,4.957784218609259e-10,0.10699964104813386,0.13588812478307502,0.1293716811013754,1.2662038081383476e-09,0.08002359523409275,0.10587284601945872,-2.0451776174583835e-05
2021-11-12,7.288507298828138e-09,0.04086502936682546,0.10186574543735802,0.05119503229637667,0.05018447883259489,0.0910342068034434,0.10362516561520015,0.004173760110470331,4.835952489012439e-10,0.10561399911449416,0.1399016174661406,0.12792345615345949,1.2997166078089348e-09,0.08091099717104147,0.1027270365250653,-2.05339642892485e-05
2021-11-15,7.241098974024585e-09,0.040310071711880224,0.10011034237198292,0.050704945709444844,0.049851924714026885,0.09073082084147333,0.10398163347833853,0.00414652891895521,4.679381611396123e-10,0.10356086887981189,0.1447868057590169,0.12791656120859624,1.3373510377647177e-09,0.08196608337791439,0.10195367864507802,-2.027466290743804e-05
2021-11-16,7.294468201246583e-09,0.040478025542726566,0.09868071916186534,0.05094850089229205,0.050818832693876805,0.09045223559386302,0.10504907051215318,0.004216321150839785,4.638072207682396e-10,0.10332580623148531,0.14308338743440496,0.12675131912841242,1.3134911784540636e-09,0.08101529467461434,0.10520083997355395,-2.0362061854243518e-05
2021-11-17,7.18338004680693e-09,0.040261949975443516,0.09749903441577636,0.05129904916932422,0.051291197823413015,0.09085998532058352,0.10480066244540509,0.00417545110212792,4.526808181262267e-10,0.10576221048159139,0.14042522637046834,0.12735887981971322,1.329471873707407e-09,0.07969298839175497,0.10659357860945175,-2.02228905861263e-05
2021-11-18,7.181000267396022e-09,0.04066016697595065,0.09628321319622556,0.05016775748997167,0.05059988292188645,0.09043307547722329,0.1041143903744876,0.00412186530019904,4.366547115624487e-10,0.10576259561846671,0.14386389862876356,0.1274334814046313,1.3340555386883e-09,0.07994962793757102,0.10663010302354985,-2.006730063726619e-05
2021-11-19,7.218921440239416e-09,0.04068155728651872,0.0956286944806457,0.04954041482413574,0.05027650840334563,0.09049316748977934,0.10332606449211015,0.004126590594192845,4.380661780928973e-10,0.1067832228951655,0.14638078458573983,0.12719541698944942,1.2993487614783561e-09,0.07919899672333244,0.10638856557436276,-1.9993295114599834e-05
2021-11-22,7.068353535155808e-09,0.04110698891917323,0.09543855878655046,0.0495833827930727,0.05093329289199222,0.08945379777823358,0.10377166216486869,0.00410624602201095,4.3540549779487185e-10,0.10515325609033725,0.14983307379447,0.12597714947622365,1.3110305446428288e-09,0.07624889510303966,0.1084136052027855,-1.991783754763799e-05
2021-11-23,7.160197696933849e-09,0.041273094513011234,0.09549795526321446,0.049965719165036275,0.0525133248905542,0.08770855888057026,0.10520162657960772,0.004066270461293671,4.3669167491348465e-10,0.1050922830962323,0.1492861414622625,0.12637508156762434,1.2892742910524106e-09,0.07794167495746711,0.10509823436647105,-1.9974089508681925e-05
2021-11-24,7.2438809026082555e-09,0.04140748880445101,0.09491412485549668,0.05041426297373037,0.051863907632855914,0.08834091225054612,0.10387573113505065,0.004120488921847539,4.336217880321002e-10,0.10506766808099267,0.15102257938768343,0.12558524741124968,1.296846495172047e-09,0.07631761293064802,0.10709006766385266,-2.0101022753904863e-05
2021-11-25,7.347450143359266e-09,0.0424794441121274,0.09479087519890712,0.05075549558145903,0.05062945586049658,0.08984501847099013,0.10473624420504164,0.0040834831155566785,4.406520587921096e-10,0.10443484424949222,0.14959467808465288,0.12633550370747143,1.2701176436126598e-09,0.07758453114771499,0.10475046727409652,-2.0050066226533094e-05
2021-11-26,7.275317946885565e-09,0.04209387120670204,0.09558347618674434,0.05040592725101154,0.04981139239673852,0.08916930893829673,0.10471963286165938,0.004016371486830989,4.332629110246228e-10,0.10789483440344079,0.14756747955257807,0.12569944064497568,1.2624971237845435e-09,0.07702549601772195,0.10603280825257223,-2.0048170350310266e-05
2021-11-29,7.364813828550662e-09,0.04210378722438832,0.09462542786642579,0.05131665967873372,0.04992427105354325,0.09146228566376621,0.10190035931591122,0.00404164057727116,4.471789355065806e-10,0.10768650953394661,0.1475578262496979,0.12678408483910075,1.2546936112651797e-09,0.0768698443585675,0.105747405197421,-2.0110625459780938e-05
2021-11-30,7.770931907740662e-09,0.042150523718406954,0.09685391973034432,0.053932996042866416,0.05489489203623786,0.09067104627786031,0.10629381287816247,0.004053259124098881,4.893596862773359e-10,0.10450037585775088,0.1358547818226748,0.13121504710531834,1.2701457200290774e-09,0.08056335433497877,0.09903228593356103,-1.6304392698475966e-05
2021-12-01,7.867779684082462e-09,0.042044231762781825,0.09727829942985114,0.053795301397735584,0.05425038299140271,0.08774481932697299,0.10620379750452895,0.003994363385871897,4.818287516677987e-10,0.10332581558386314,0.13920433901038248,0.13606323506679513,1.270598729058611e-09,0.07960887971366759,0.0965027647685683,-1.6239562629138542e-05
2021-12-02,7.95764638991131e-09,0.04310230635309632,0.09769979230502117,0.052696231653590275,0.05507902681276459,0.08948476502794651,0.1046728031123822,0.004033040741959739,4.885447569034804e-10,0.10395394811788694,0.1384184332404697,0.13940182930617118,1.2708284256108505e-09,0.07802369018933891,0.09345047284762398,-1.6349425271253605e-05
2021-12-03,8.031883889003401e-09,0.04326187825511963,0.09754854107990621,0.05230074364761398,0.05459168455978597,0.08803799100475031,0.10381547468458786,0.0039026889169115533,4.820835585940916e-10,0.10321470608084468,0.139467999346871,0.1389957549305275,1.2856950358740697e-09,0.07976622966201742,0.09511260249681079,-1.630446540941566e-05
2021-12-06,8.010352307834908e-09,0.04296134287653437,0.09583634356980239,0.05237492302022251,0.055316472424505485,0.08780922892389022,0.10576372213012906,0.0037919986269647006,4.705704851970111e-10,0.10386887609441248,0.1391105452325688,0.1411114967962457,1.2766615962366613e-09,0.07797703395560798,0.09409419217759982,-1.6185586068112153e-05
2021-12-07,7.922262810681363e-09,0.042621873997222524,0.0971902377383583,0.05309072316080163,0.05576300868876879,0.08618754102756498,0.10564213080449576,0.0037400947872729636,4.805886906446206e-10,0.10331817805556123,0.13718694178414814,0.1417254887383241,1.2672194010060093e-09,0.08039684923213207,0.09315316187650485,-1.6239561226192193e-05
2021-12-08,7.834414055082508e-09,0.04178426949840667,0.09737317058924415,0.05286686886338843,0.05491979113906084,0.08770278797704331,0.10684154335371754,0.003747412638884706,4.914902546529183e-10,0.10463230170506475,0.13568987509126815,0.13958562866231897,1.2886122038042773e-09,0.0811819240900478,0.0936906881633677,-1.6271386329485117e-05
2021-12-09,7.805007866893769e-09,0.042222430468557434,0.09699758628333516,0.05303542077241049,0.05613033694022926,0.08734418419148461,0.10503897826039046,0.0037080563126831493,5.009905942405051e-10,0.10552213788641226,0.13602452471381807,0.13902249679983067,1.3055849526949082e-09,0.08029795069162982,0.0946722248182792,-1.633775064394185e-05
2021-12-10,7.804506225614069e-09,0.04212833546567322,0.09699937652293984,0.053175490312302905,0.05649005463672009,0.08822408846832643,0.1005161520222937,0.0036916201251605244,5.016252352186508e-10,0.10875836727110158,0.13460518335097632,0.14040867185781394,1.3495113152202213e-09,0.07894701015213432,0.09607208724069588,-1.644708178158077e-05
2021-12-13,7.680648824678247e-09,0.04156418652755207,0.09536042958308574,0.05229303168065663,0.05787653101374754,0.08844667716296085,0.10117548359581832,0.00368702919048395,4.856856107825626e-10,0.10853841330152059,0.13583792289521304,0.13727453143068089,1.3613576207748305e-09,0.07932097018001849,0.09864109035719267,-1.630644662300918e-05
2021-12-14,7.732728087874214e-09,0.04154626867473464,0.09601658376142896,0.053731175950638886,0.057207289511883315,0.08704112070736604,0.10240591177017024,0.0037041041074302125,4.910840548409401e-10,0.11134494222091687,0.13611109838764301,0.13441194986851426,1.4258454016951658e-09,0.07874807493280783,0.09774794925400587,-1.6478797197986644e-05
2021-12-15,7.757802162364767e-09,0.04109148752017715,0.09527402586590925,0.05364913147065896,0.05755455367450496,0.08606498333163295,0.10378080819073475,0.0035671844201229977,4.932026245002322e-10,0.10914094220378338,0.1381850606811664,0.13381763411385517,1.3994746567133943e-09,0.07916121032274638,0.09872932693531482,-1.635838108692293e-05
2021-12-16,7.875106182580562e-09,0.04103043406293298,0.0956347668947924,0.05413415738769595,0.05805014276787412,0.08768681284986644,0.10188531602442429,0.00361706283673818,4.956129549140658e-10,0.10871838592385889,0.13779192261625933,0.13457567814887478,1.3233374565932417e-09,0.07888268164642089,0.09800913151221069,-1.6502366005616347e-05
2021-12-17,7.900326328981142e-09,0.04062291657481275,0.09524425288535508,0.05499615928884093,0.058650807438103275,0.08855201567732376,0.10103091223404442,0.0036389734872765665,4.931044656903138e-10,0.10821774084442212,0.1384924711654685,0.13301951780627277,1.3559770866531941e-09,0.0785382709571159,0.09901242092843617,-1.6469036880221913e-05
2021-12-20,8.021395739989062e-09,0.04111197157808577,0.09394637341663468,0.05536730761018629,0.05935547648528054,0.08971614926573664,0.09968455005368214,0.0036114095210656462,5.012735867234807e-10,0.10713189405503017,0.13807346310428048,0.13680930575161598,1.35740429128678e-09,0.07764754557381474,0.09756103502703263,-1.6491322519362357e-05
2021-12-21,8.011754369708837e-09,0.04038268099952385,0.09329494294670959,0.05534290021871167,0.06003764589563659,0.09010472691993315,0.09831312602045242,0.003656526030563157,4.969961556327062e-10,0.10464929674768696,0.13713129908549043,0.13956405362670457,1.3559023683397135e-09,0.07735732608266353,0.10018188219238511,-1.6416631113957583e-05
2021-12-22,7.865388391823688e-09,0.03966654704680214,0.0912315096511475,0.055316739993971006,0.059876370378180846,0.09145756200045317,0.09817821463669876,0.003618812997961077,4.947301111972129e-10,0.10436258773438985,0.13281523738135395,0.14528647027575528,1.3621449348377202e-09,0.0773080406993287,0.1008982318812618,-1.6334399567695848e-05
2021-12-23,7.891939484517303e-09,0.03948035687387456,0.09031549570288458,0.0555177919026046,0.05996489017588541,0.0902217499599596,0.09974449408169667,0.003622565307725117,4.985497596361935e-10,0.10629141088842631,0.1324608379606345,0.14562584371582857,1.377400504448583e-09,0.07606337767241778,0.10070745318895782,-1.6277198785382083e-05
2021-12-24,7.787505020753041e-09,0.03853630182925724,0.09124724248173473,0.05383950395006034,0.058176101213069334,0.09043331530397059,0.09927102363515704,0.0035191919498637554,4.959110105106782e-10,0.10717394116065418,0.13052614013888963,0.14986589693712402,1.3169605999091716e-09,0.07594321413838423,0.10148415725259965,-1.6039591141351313e-05
2021-12-27,7.799127445857474e-09,0.03819346057533861,0.09034129828416003,0.053746580495503266,0.05835543387521991,0.09051847421214439,0.0999896134981015,0.0034452449645665712,4.909501837262393e-10,0.10491188683257732,0.12885550596190318,0.15143174455050826,1.310835207392093e-09,0.07903146305255397,0.1011952103286685,-1.592623215838939e-05
2021-12-28,7.840257417796952e-09,0.03841557100895976,0.090146639501968,0.053968333438159106,0.059439915605386924,0.09109033122694975,0.09940156848869387,0.00341677154892653,4.900762243316669e-10,0.10555343647155348,0.13200128752713422,0.14875135767253228,1.3100631668573578e-09,0.07964149780402499,0.0981892780893975,-1.599802408321719e-05
2021-12-29,7.806014140132681e-09,0.038287173545292985,0.0896930170737961,0.054282958590672725,0.05954049118343279,0.09077451967823347,0.10034611034346956,0.003513255252221486,5.038889323409505e-10,0.10279253480419254,0.13374353182088056,0.14887547140846286,1.3187207147806728e-09,0.0793725397176698,0.09879443835209004,-1.605139903859809e-05
2021-12-30,7.794608962008297e-09,0.037953986201616045,0.08857357565911518,0.053852224855468867,0.05954423650829521,0.09122037386040625,0.10122572492032035,0.003479273634093674,5.046651345319917e-10,0.10405301177913136,0.13591256536788568,0.1483445596825601,1.3102634066579406e-09,0.07944811690612841,0.09640834289385986,-1.6001878418448635e-05
2021-12-31,7.770915875542718e-09,0.042150436757724785,0.09685371991116802,0.0539328847737833,0.05489477878266857,0.09067085921456093,0.10629359358355679,0.004053250761826071,4.893586766801023e-10,0.10450016026318243,0.13585450154087853,0.13121477639575177,1.2701430995933504e-09,0.08056318812484348,0.09903208162020069,-1.424126056315902e-05
2022-01-03,7.943096313075768e-09,0.04211383496375832,0.09772707104480281,0.053973966208379534,0.05513167476950646,0.09377437371676056,0.10673871947552424,0.004108163773729067,4.974487876225187e-10,0.10374784923261902,0.13511069255441313,0.12964060112013834,1.2610900919502024e-09,0.07703615314182179,0.1009112455063128,-1.4355209401359991e-05
2022-01-04,8.009635228180425e-09,0.04172169420241469,0.09519698931855125,0.05300084992596012,0.054237393381720685,0.09156271199237286,0.10682753911241857,0.004111181368242809,4.837375421073279e-10,0.1038064239155718,0.13699148524968027,0.13239388682318762,1.3105787044106997e-09,0.07497841589064644,0.10518561609106003,-1.4197075778736132e-05
2022-01-05,7.962418327290935e-09,0.04136661526978968,0.09529423810836368,0.05251681308605797,0.05436703929386249,0.0897957600884193,0.10622912580220108,0.00417618646466696,4.822011376183185e-10,0.10379491312372748,0.13773159856935946,0.13470446061620953,1.2697089169605928e-09,0.07561069155315603,0.10442670627036076,-1.4157960502959273e-05
2022-01-06,8.033269844498505e-09,0.042117349848198975,0.09475885847454174,0.052290804655354524,0.05348336512410001,0.08982833817299987,0.10894547090137975,0.004200370618543335,4.761737743945604e-10,0.1037924530521034,0.1354349803153039,0.13315612726953194,1.2881535692692469e-09,0.07456269561910354,0.10744343481218606,-1.4258660944291872e-05
2022-01-07,8.019769886719256e-09,0.042112486777054384,0.09438406931882569,0.05270560280328367,0.05394369419292994,0.09013588691497602,0.10968360909829886,0.004184352171453036,4.796300466820553e-10,0.10317040142194693,0.13534151878555367,0.13244687635435923,1.276968130393818e-09,0.07357966276101811,0.1083260710680148,-1.4241444082625141e-05
2022-01-10,8.096600376488805e-09,0.04249496051467374,0.09285126440892753,0.05334154496296189,0.053592630486619254,0.09059151769862778,0.10806093561982676,0.004181996496271797,4.806389091616267e-10,0.10054050012334967,0.13633481557194035,0.1351205604989831,1.269965524593535e-09,0.07522147688724592,0.1076819861011316,-1.4199217764277723e-05
2022-01-11,8.137624448900513e-09,0.04141991850411628,0.095001622526698,0.05410187175537003,0.053256612628854734,0.08805450467409566,0.10818083277744202,0.004085226627015009,4.825013684714063e-10,0.10091123347763005,0.1339005860660964,0.13731360066521006,1.284564340574761e-09,0.0763617197132195,0.10742641540227249,-1.4154722710474865e-05
2022-01-12,7.992650943051188e-09,0.04164271928423322,0.09430314934380947,0.053004183844947414,0.05389349484092579,0.09002994205075701,0.10765209411620619,0.004192070324487337,4.810888852543511e-10,0.09988930604103234,0.13197442803109308,0.1405131489994971,1.2617119559926338e-09,0.0770642599493122,0.10585528163215872,-1.408819391170289e-05
2022-01-13,7.968514997634867e-09,0.04213431940104149,0.09404690347683584,0.052832976504556206,0.05471408200322773,0.09200920659830131,0.10875200848292998,0.004159549374578276,4.781885169050861e-10,0.10017219585175978,0.1328748785691414,0.1383997192590753,1.2798525018604895e-09,0.07731577207513435,0.10260248287532672,-1.4104198464506708e-05
2022-01-14,7.867849526474723e-09,0.041757386299952015,0.09361255945452958,0.05377246436204138,0.05466502158990258,0.09067618469467575,0.10866981031975638,0.004123512575552169,4.787322446286294e-10,0.10070695632913881,0.13498740702974077,0.13784766130201614,1.3119652002612916e-09,0.07831741417535637,0.10087765873711181,-1.4046528320879592e-05
2022-01-17,7.983161759450352e-09,0.04164147475406636,0.09220845415910771,0.05446273628169643,0.055709277156231425,0.0900982423257203,0.10729181689878758,0.004089187082726255,4.809715884670449e-10,0.1021039515946112,0.1354424325388651,0.13728548655101044,1.3386854423468198e-09,0.07742517796405765,0.10225571105406661,-1.3958163765852329e-05
2022-01-18,8.057669861285834e-09,0.042329879043342816,0.09321388359637388,0.05509042111938916,0.056130598747385824,0.09277253731364406,0.10753304813658272,0.004096022984178127,5.022233435449777e-10,0.10493281059922463,0.13182338509162056,0.137663258993301,1.3122547565186193e-09,0.07703260656116356,0.09739566202161241,-1.4124079966750563e-05
2022-01-19,8.0094151087658e-09,0.04164511597253449,0.09284098848355385,0.05381391277471544,0.055929347557260284,0.09185832944100186,0.10921527427175116,0.004159113943741643,5.058038102298259e-10,0.10393677792245348,0.13545961361789471,0.1334690760882214,1.2743678445426866e-09,0.07658171677449702,0.10110477826266505,-1.405489987705122e-05
2022-01-20,8.048047079560025e-09,0.0418495502182424,0.09201764615997426,0.05476953723490047,0.05696503114800722,0.09342686655736351,0.10903721471712008,0.0041460761936630685,4.995567357327432e-10,0.1048010182990843,0.1340261141604441,0.1317425826782366,1.2738662112998245e-09,0.0764397536290521,0.1007927461145095,-1.4146932067699866e-05
2022-01-21,8.080543771685864e-09,0.041868842891364444,0.09170289658844887,0.05486902693987371,0.056264762618254735,0.0935318589315878,0.10923725501478124,0.004057099329405944,5.068681344257136e-10,0.10335608093136614,0.13421082644683813,0.13432222725008622,1.2945126519299163e-09,0.07648763752486623,0.10010561458375028,-1.4138932548235089e-05
2022-01-24,8.155832363345304e-09,0.042171251804307,0.09112888592129244,0.054393074061569714,0.05487475099689534,0.09376381752156356,0.10917348774997278,0.00412472200827732,5.098697005152113e-10,0.10556099255690089,0.13278121963111184,0.1369928391812416,1.2834053574593431e-09,0.07762759980517427,0.09742149006683912,-1.4141254253503155e-05
2022-01-25,8.106289369430164e-09,0.04098319328748672,0.09011902318883354,0.05421991611982073,0.0540823234158951,0.09174850867319344,0.10952457049446669,0.004085393492874363,5.020888129843926e-10,0.10478198014808696,0.13734246626616517,0.1385449956904404,1.2991759437549026e-09,0.07762431176706064,0.09695732896556089,-1.4021417438651437e-05
2022-01-26,8.036891480816576e-09,0.0412888649753129,0.09094770753568414,0.053822471013667716,0.05409613581119844,0.09071932395854167,0.11106330013504566,0.004193134705638742,5.178035698231812e-10,0.10700235649797434,0.13718612606161928,0.13600326458139642,1.2777114595030415e-09,0.07695066160737445,0.09674086380751505,-1.4220523375460014e-05
2022-01-27,7.998623417311726e-09,0.040733075112302924,0.0909883754798291,0.05350877083076667,0.053932948242309514,0.0917585834908957,0.10895705231730114,0.00420510408623552,5.161268823163974e-10,0.10612899628210674,0.13873844792285975,0.13761274829807238,1.2528340467303293e-09,0.07647370816552111,0.09697635139552031,-1.4171391305197624e-05
2022-01-28,7.992294453745975e-09,0.04104888434638187,0.09143337541520637,0.054736148154302174,0.05303147578676972,0.091791788995407,0.10783258157830822,0.004249540767600351,5.047558989816173e-10,0.10691781093002814,0.1376083307720047,0.13619495906756096,1.2236544022081973e-09,0.07598984937188984,0.09917943907146529,-1.4193977629498256e-05
2022-01-31,7.770875966415773e-09,0.04215022028554077,0.09685322249909138,0.05393260779042902,0.054894496859310984,0.09067039355582925,0.10629304769107928,0.004053229945528252,4.893561634785875e-10,0.10449962358124833,0.1358538038323156,0.13121410251544574,1.2701365765138305e-09,0.08056277437612279,0.0990315730207022,-9.105483012256782e-06
2022-02-01,7.716916836890276e-09,0.0422872581892112,0.09713735342700285,0.053620915892555854,0.05342026253020999,0.0936339183201177,0.1082048897708518,0.004072556481696902,4.81278786947715e-10,0.10375642122626691,0.1339406882215404,0.13330029200750534,1.26925429900803e-09,0.07899557036298259,0.09763891668474993,-9.05258214163752e-06
2022-02-02,7.794390105734026e-09,0.042949848333333415,0.09869173051824641,0.05406155616610045,0.05323326742422615,0.08970664553489809,0.10859781472906302,0.004071031038729245,4.821242242974482e-10,0.10381286842835855,0.13103000796187705,0.13452172326939665,1.2830625650692142e-09,0.07996298686513069,0.09936955600726408,-9.045836200732637e-06
2022-02-03,7.876793501610463e-09,0.042979740450962395,0.09909896734562369,0.0543845065022274,0.05356684375843766,0.09130706693226635,0.11008970825151931,0.00421195954594638,5.004356311112845e-10,0.10447066604917384,0.1235202089874767,0.13803510020546847,1.2774850000273852e-09,0.07920611184164136,0.09913819827058813,-9.08779604590691e-06
2022-02-04,7.841125317330761e-09,0.043233914091296635,0.09740584864379587,0.0537001082843771,0.053779512651905476,0.09202072931437287,0.11102718270278916,0.004164527677606259,4.931283297843066e-10,0.10364369470137212,0.12399661081570201,0.14149342314374952,1.2316476305854712e-09,0.07889228989313922,0.0966512316903565,-9.083176364084487e-06
2022-02-07,7.727291305860347e-09,0.04370670609912822,0.09809279015353058,0.0540413964901733,0.05444755941664335,0.09156921237011016,0.11052020216892286,0.0042991064305073065,4.919799679564953e-10,0.10496892988116262,0.12418211556206016,0.13727778680495958,1.1892011060407244e-09,0.07817571855507224,0.09872755810388706,-9.091444629890157e-06
2022-02-08,7.766004013822533e-09,0.044005612694544956,0.09681817708028613,0.05491456431284916,0.05368540880194492,0.09160988121216647,0.11025616412335411,0.0042789892772234365,5.006541038671765e-10,0.10359572381931051,0.1212090810598281,0.13703455675736836,1.1784055567837966e-09,0.08281420923807795,0.09978668982860035,-9.06765061833399e-06
2022-02-09,7.73864270108023e-09,0.043551470845249185,0.09489089185591505,0.054292123788572226,0.0537850096199386,0.09333154759698502,0.11198266016004649,0.004295212161796266,4.985377156582047e-10,0.10409028235269939,0.12026684594823654,0.14109845595472253,1.175300433727299e-09,0.08274300562931132,0.09568155365592733,-9.068981880936197e-06
2022-02-10,7.686888522084265e-09,0.04370841573000305,0.09334738624433836,0.05356808314124303,0.05404556204905374,0.09113357572839975,0.11304937431686239,0.004242993798533818,4.933701958020951e-10,0.10180497122195731,0.12045019069981103,0.14628477580455213,1.1860342009051699e-09,0.08107537087327973,0.09729831422908929,-9.023203416591825e-06
2022-02-11,7.606235333563797e-09,0.04398434634629596,0.09345727673166934,0.05137461121051756,0.05299087301813556,0.09155594992935276,0.1124476198690408,0.004150816697892075,4.851637961314092e-10,0.09807554657975155,0.11940681868610106,0.15064409608844853,1.1941355863453959e-09,0.08370634881775948,0.0982146402842606,-8.953544760056511e-06
2022-02-14,7.674733182487351e-09,0.04483331157077996,0.09377806407865831,0.051233024435955676,0.05362427681164385,0.09321074013798586,0.11166073108417239,0.0041063426651971584,4.859361380564435e-10,0.0992972289259615,0.12089998883394924,0.14696955318039123,1.2337340804425811e-09,0.08270185915092028,0.09769381528058749,-8.945550606440961e-06
2022-02-15,7.63173481242119e-09,0.04619497775410369,0.09430587649611531,0.05088692196234747,0.05435294549364263,0.09442086234627542,0.11172545489516039,0.004168333563953243,4.81508964656824e-10,0.09885367561664064,0.11734339541088017,0.14415681655229806,1.2770374570277089e-09,0.08545700324743552,0.09814269743247973,-8.97016161348823e-06
2022-02-16,7.74234725462308e-09,0.04606620549840165,0.09395073455066168,0.050863252557875334,0.05421163530771259,0.09406094864551026,0.11333264415449368,0.004173025408029756,4.861283155424063e-10,0.10034098170748687,0.11797291309560225,0.14167225506259476,1.2456666288290173e-09,0.08561748365389063,0.09774686852571696,-8.9576421188039e-06
2022-02-17,7.720659910832419e-09,0.04589311527295689,0.09622679256363073,0.0499098907984365,0.05271571979839925,0.09413276203822732,0.11236748748689157,0.004177351280808225,4.886750732949177e-10,0.1019954093232053,0.11470944610729608,0.13987712831011537,1.2509113686327998e-09,0.08653616347088522,0.10146764750025764,-8.923411356682701e-06
2022-02-18,7.743336458944556e-09,0.04559112448158378,0.09473175082035538,0.04929166308543594,0.05202618614634839,0.094363755194481,0.11209548970047707,0.004075073176090593,4.826917543356073e-10,0.10278629196685081,0.11469859831397532,0.14040976317432036,1.2521355590157453e-09,0.08859426956262872,0.10134489267938131,-8.867780092437988e-06
2022-02-21,7.7172593355444e-09,0.045182474171483245,0.09501903700293139,0.047929167100040866,0.0519301712521398,0.09415446168406871,0.11008114898930153,0.004023403720946762,4.887399921626303e-10,0.10320946971642983,0.11495238109957624,0.1412187415151597,1.2549477844105708e-09,0.09065847962699067,0.10164992316507236,-8.86850508829918e-06
2022-02-22,7.579067386298643e-09,0.045736902257467224,0.09500475701984984,0.04740984403074915,0.05093123133771965,0.09424931965650107,0.10946536625172525,0.004096720731546886,4.843039758914421e-10,0.10146764463360511,0.11616404938498535,0.14286621722892662,1.2538142311255594e-09,0.09142452286798128,0.10119224488934589,-8.829607589156697e-06
2022-02-23,7.568255677334375e-09,0.04610964219376492,0.09530454990237068,0.047150133432714826,0.05158579275707571,0.09107339000374669,0.11210741668295815,0.003983989507968603,4.781640533527736e-10,0.10106111298773125,0.1155008443805131,0.14480910333170696,1.226504496578228e-09,0.09155919434459059,0.09976361703150863,-8.795829574326635e-06
2022-02-24,7.586616931294154e-09,0.046064075091956265,0.09537112346208382,0.046839770053580976,0.051253524318198816,0.09138871657480094,0.11351331496588972,0.00394957605175918,4.719348621526747e-10,0.1020122530347057,0.1154310700010469,0.14683005103683,1.206993777966761e-09,0.08859249501943575,0.09876281203270638,-8.790908540058467e-06
2022-02-25,7.522646628714035e-09,0.04597337454084776,0.09460702691450397,0.047185195542955034,0.05101861142052425,0.09146801530069325,0.11363749265918889,0.00395651437723026,4.713061911387515e-10,0.10272319845632512,0.11383949560976156,0.15016169965861434,1.2009513912039989e-09,0.08640425082304602,0.09903389411228328,-8.778610877988568e-06
2022-02-28,7.771016511444256e-09,0.042150982619663234,0.0968549741985103,0.05393358322227621,0.0548954896880034,0.09067203343183551,0.10629497012034979,0.004053303252748777,4.893650140349768e-10,0.10450151357442751,0.13585626090109548,0.13121647567001096,1.2701595483618041e-09,0.0805642314444724,0.09903336411803938,-2.719177197408484e-05
2022-03-01,7.695904347407202e-09,0.041122755734632935,0.09708723920134306,0.05311645303903859,0.05541673421798366,0.09000764065280718,0.10690100286415195,0.004123879416421937,4.794463737461804e-10,0.10334142163442105,0.1353760835878042,0.1343115359013403,1.252660747009847e-09,0.07951440875889597,0.09970795139851475,-2.7115835367047028e-05
2022-03-02,7.623073121889699e-09,0.04102132502206288,0.09508140581982491,0.05425058724161049,0.054296020638421864,0.08928758666574058,0.10644136524735186,0.004219389693906436,4.682294826721832e-10,0.10611980426411766,0.13652178098630316,0.1347528993877577,1.2264809910884712e-09,0.08004704077237779,0.09798778607864862,-2.700113590763578e-05
2022-03-03,7.685551675796637e-09,0.04046794090147808,0.09461677916993104,0.053708767849003115,0.05345100325450754,0.0898130010119194,0.10682914935911025,0.004276522868269318,4.5426454574398875e-10,0.10749756820293319,0.1415705850119155,0.13326978970883857,1.2629555131657703e-09,0.07939580233455586,0.09512997612122405,-2.6895196457514084e-05
2022-03-04,7.667110299226764e-09,0.04091846302803826,0.09381177268504039,0.053369550006708566,0.053868757258510085,0.08987320508873424,0.10774290067698128,0.004293884167054056,4.5782596608918115e-10,0.10685598917850946,0.1422115625365872,0.1312905588924592,1.2925667735807366e-09,0.07854594685840395,0.09724430322408019,-2.6903018609897267e-05
2022-03-07,7.690876002283372e-09,0.04122135698726357,0.093812042501434,0.053032612897589836,0.053013697396090076,0.08914148308909199,0.10786083291984233,0.004330537959707759,4.672689981811267e-10,0.10670848781176281,0.14096631791093947,0.12881752044755285,1.310827766831966e-09,0.0809827657637667,0.1001393755796504,-2.7040733664460888e-05
2022-03-08,7.712520043403381e-09,0.04132852749248797,0.09516742411664252,0.053033289513141756,0.05322914672496196,0.08844417204845519,0.10548698050614695,0.004272844943399701,4.655044358806092e-10,0.10642326818662981,0.14484171507787705,0.12853536540453614,1.3332097754363462e-09,0.0800598820711407,0.09920430523463694,-2.6930831290709942e-05
2022-03-09,7.620914187523307e-09,0.04104732177084084,0.09578000509495604,0.05307881229105272,0.05388179836010415,0.08872310804432643,0.10507522995587319,0.0044067949295441096,4.652802345472384e-10,0.10844578370475343,0.14404044399406807,0.13020345506882539,1.3563008512261125e-09,0.08044868825732561,0.09489549305961077,-2.6943973776065746e-05
2022-03-10,7.634286369131153e-09,0.04162546564490257,0.09648330480572483,0.05343920197573941,0.052844201874656875,0.08805521223091242,0.10584361897593386,0.004440310060177988,4.745253933464649e-10,0.10840082859011285,0.1452573877216244,0.13048610789951082,1.3353858689491017e-09,0.07729398584273442,0.09585734617843793,-2.6981244666120393e-05
2022-03-11,7.638163908706843e-09,0.04131929621863596,0.09469459378062124,0.05376877936555047,0.05261979147201202,0.08859584703153651,0.10840133812372582,0.0043015640985587114,4.691721048836358e-10,0.10795370695461277,0.14855242212361466,0.1267806801126699,1.3796299605420334e-09,0.07742591798889036,0.09561299855648167,-2.6945313875943943e-05
2022-03-14,7.661579924684318e-09,0.0413414763676129,0.09624524746777502,0.05337697444588638,0.05310790613601091,0.08860810661596726,0.10783550917937203,0.0044821098577395736,4.745327340413331e-10,0.10954792269377009,0.1520803280282176,0.12439244120920202,1.429549905110117e-09,0.07428070611636323,0.0947283355310255,-2.7073214605102016e-05
2022-03-15,7.605667158533342e-09,0.04146239364330272,0.09619104455680902,0.05312090846051762,0.05294824249843508,0.0872492978950381,0.10536055158112935,0.004515673364629442,4.781011278170498e-10,0.11193596977796923,0.1497309815169304,0.12551069843605492,1.418688379075121e-09,0.07569343147001904,0.09630778463748005,-2.698734077170614e-05
2022-03-16,7.645679892385802e-09,0.041455741217487165,0.09751124465902693,0.05369406188720197,0.05268520482841865,0.08605587557062593,0.10531028450546985,0.00462857775450626,4.879320062029474e-10,0.1103906764056722,0.14742057268174633,0.12866677692113934,1.3954370979307024e-09,0.07667276108845497,0.09553528287437796,-2.7069923176528178e-05
2022-03-17,7.809584196625194e-09,0.041383239919968534,0.09931957347089562,0.05413903698779528,0.05317328588835309,0.08440322736606054,0.1028174021179686,0.0046430337231839125,4.928035246622999e-10,0.10914935907207164,0.1457421359664648,0.1307140425270294,1.4182461619551334e-09,0.07697285936790017,0.09757002265793335,-2.722878625888585e-05
2022-03-18,7.692965274191835e-09,0.041075205030987126,0.10069975291162994,0.05397567301644334,0.05305408768946719,0.08657311327015058,0.10050135870017206,0.0046781210359406415,5.031277510801196e-10,0.10820508538905459,0.14723851124874202,0.12808998573434058,1.396198108755299e-09,0.0772400170819071,0.09869619697797541,-2.7117679101703187e-05
2022-03-21,7.772288236303568e-09,0.04171745957029476,0.10060438255157703,0.05470424632434863,0.052824944622252894,0.08756252934916432,0.10077208578291894,0.004707296067247442,5.062654770517043e-10,0.10550865322861509,0.14455982339386775,0.12831610526011542,1.3549674241361576e-09,0.07841659836883612,0.10033297067124917,-2.7104824008748255e-05
2022-03-22,7.73243158907281e-09,0.04090727928128885,0.1012725651638694,0.0555286073273392,0.052491654762828674,0.08742584647295855,0.10023551777570805,0.004704741766412532,5.013399651391315e-10,0.10461471281022322,0.1455190703305212,0.13234038146868526,1.3113115995802875e-09,0.07765563421587421,0.09733085648490467,-2.6877405697027354e-05
2022-03-23,7.849917507893389e-09,0.04067123354110527,0.09971536960963977,0.05594832560841479,0.05361787201315311,0.08819541787309616,0.10054482891719681,0.004733669155439222,5.120614063331955e-10,0.10323761305439311,0.14531871499890422,0.13139085373370507,1.2850832375519108e-09,0.07723132927839575,0.09942163871191972,-2.6876142425146395e-05
2022-03-24,7.841563121084167e-09,0.040676331456497614,0.09924120043492968,0.055929673421162625,0.05276360262288018,0.08729713816999651,0.10017892474193833,0.004722884532163433,5.113268039285695e-10,0.10238457900942978,0.14354948911524307,0.13754764514195272,1.2976293648034153e-09,0.07734427995478674,0.09839094104510876,-2.6699296608637905e-05
2022-03-25,7.79014836533728e-09,0.040530043452939174,0.09933122655655352,0.05460185157384711,0.051644526435256764,0.08639717497427366,0.10024454403354878,0.004696961922745324,5.214590382675747e-10,0.09982457945284552,0.14151665402173105,0.14079270176343558,1.2980585045839542e-09,0.07843856340938674,0.10200779529774741,-2.6632503976455287e-05
2022-03-28,7.708370221397128e-09,0.040329737328208756,0.09865156856664274,0.05317030907804634,0.05125143593543112,0.08703854428882314,0.10059210287365318,0.00472028979130177,5.166116301192174e-10,0.09844125111730115,0.14389236352220414,0.13910106363096822,1.300016955087418e-09,0.07838851341213432,0.10444933246453075,-2.6521534244376818e-05
2022-03-29,7.722000597312212e-09,0.03950992215219858,0.09667725836584279,0.053134958983677955,0.05084118126701069,0.08590757375537889,0.10123927140258496,0.004699012340388519,5.133345367588759e-10,0.09892618161395939,0.1420087244639101,0.14177662589716294,1.2730693619945784e-09,0.07877303508867202,0.10653256676381577,-2.632160300723474e-05
2022-03-30,7.604955553164999e-09,0.03928813649090441,0.09766220445292341,0.05372781087787612,0.05063072820776189,0.08492551837225526,0.10233963911678065,0.004768366881736491,5.034783168905437e-10,0.09689184643885693,0.14225708889840413,0.14301452420258615,1.2640682669238935e-09,0.07960355604051436,0.10491682981666534,-2.625916976740339e-05
2022-03-31,7.77093724950607e-09,0.0421505526928224,0.09685398630806295,0.053933033116594004,0.05489492977117606,0.09067110860545038,0.10629388594489622,0.00405326191032319,4.893600226648728e-10,0.10450044769166983,0.13585487520972062,0.1312151373029945,1.2701465931316282e-09,0.08056340971450654,0.09903235400869612,-1.6991807356810096e-05
2022-04-01,7.603662525553946e-09,0.041675480836286645,0.0965818263953937,0.0541009241288868,0.05527165078453169,0.09062027180876353,0.10651452020791086,0.0040486031493981705,4.931926299475508e-10,0.10476703326660525,0.13569154898171462,0.1303292067307981,1.2691495413345495e-09,0.08109732536639996,0.09931854414767036,-1.694517036427713e-05
2022-04-04,7.656616366306357e-09,0.042384778239274404,0.097188730499119,0.05388287987256689,0.05605854503372735,0.08934447161084579,0.1053302132879768,0.004082322649377082,4.987528175399669e-10,0.10311399238502725,0.1353412127376487,0.12947010671234885,1.2629666545790913e-09,0.0827982431060333,0.10102149308669928,-1.6998638980517175e-05
2022-04-05,7.663596898766697e-09,0.04219780340007844,0.0958826512672601,0.054825146830781685,0.05652977131334388,0.08864437886640703,0.10648727962604486,0.004083526618411634,4.972827546245517e-10,0.10395024089999745,0.13390042006230432,0.12890032007741128,1.2674708172736765e-09,0.08216496734243334,0.10245049810223325,-1.7013835057651412e-05
2022-04-06,7.85540445881393e-09,0.04218013090297508,0.09484632935156649,0.05395885729984963,0.05684160518090211,0.08853991399652612,0.10757769571141103,0.004121648108211196,4.89076667200095e-10,0.10178059518552725,0.13555487549495226,0.13017104774146754,1.2675474858808999e-09,0.08029183361982097,0.10415259146133198,-1.7133666570361973e-05
2022-04-07,7.959948345975967e-09,0.04235403808185564,0.09410389763479977,0.054059982192924017,0.05597625536472682,0.08986808590847549,0.10785239360626654,0.004024325991082407,4.876264754996166e-10,0.10266939021979513,0.1350343874735692,0.12977129891034883,1.2423338549975769e-09,0.08125385015115327,0.10304923692236678,-1.715214727248422e-05
2022-04-08,7.803354390675027e-09,0.042226216170733535,0.09517403509769948,0.05386306641945022,0.057205109239279156,0.09043963777784135,0.10844122315124445,0.0040206717811366146,4.875907149849387e-10,0.10234886917916673,0.13450762255863702,0.13106750409814677,1.2232314995770607e-09,0.07974793226631009,0.10097526373971505,-1.7160993537059968e-05
2022-04-11,7.937691427752484e-09,0.042366189360901425,0.09529460456005648,0.05310403071617719,0.05752536421103781,0.09013028257890877,0.10854789203691723,0.003957613954269032,4.878492046607803e-10,0.10149114207443417,0.13260282304479845,0.13245673948543718,1.1881808578991418e-09,0.08043104515999906,0.1021093852682032,-1.7122064861545354e-05
2022-04-12,7.823086263426417e-09,0.041755981902007584,0.09448307458792572,0.05295112683966067,0.05707023718084877,0.09008395899620039,0.11046224057651502,0.0039056409006085185,4.725992488287171e-10,0.1021826757839087,0.13541342748199853,0.13255153109683074,1.1587047524968569e-09,0.07978305689395367,0.09937405119299132,-1.7012887839881847e-05
2022-04-13,7.88836126311547e-09,0.041278990585284475,0.09439482996555389,0.05246369986481702,0.0572936407005631,0.08987599420518942,0.11099448864995089,0.003916472182111215,4.668352108213337e-10,0.10343584264089069,0.13565032691854648,0.1306766191483021,1.2073741932690114e-09,0.08068669655775429,0.09934943692150024,-1.7047903034533606e-05
2022-04-14,8.01523894231569e-09,0.0421623551886166,0.09450450621516501,0.052818339636044195,0.05676421118443135,0.08995943520439503,0.11101172737180419,0.003938027091389602,4.705041514835914e-10,0.1046404958554197,0.13657569559136423,0.12839123165035196,1.1910869205612919e-09,0.08012720994903105,0.09912384556140073,-1.7090176243757694e-05
2022-04-15,8.090563050649678e-09,0.04164540589981642,0.0940958325993237,0.05337228415866348,0.05653424009304998,0.09045578931379243,0.11076345699298086,0.003951066299622885,4.687691423364644e-10,0.10569512100204735,0.13312711292840093,0.1275774342864292,1.1970618807056493e-09,0.0808934481580233,0.10190587634229437,-1.707783083878853e-05
2022-04-18,8.031342670438887e-09,0.04211641909717886,0.09309163832673605,0.05399310934545543,0.0568941996282265,0.08908385461310607,0.11083646429201832,0.0039346109459429774,4.715068855520588e-10,0.10497242315893004,0.13202022848405498,0.13008869868631692,1.1910455229144334e-09,0.08184235996745201,0.10114299606939732,-1.7012308710600644e-05
2022-04-19,8.106192344864687e-09,0.041563826578621746,0.09189460965870311,0.05459440382740818,0.05623515139578667,0.09034997252609447,0.1114796575109838,0.0039019277158944027,4.560178729213724e-10,0.10430369053072287,0.13143815790396057,0.13185142277580653,1.2168967525992716e-09,0.08033962989191255,0.10206444123936635,-1.6901334368256417e-05
2022-04-20,8.183116272698236e-09,0.042110817713499955,0.09260178752836437,0.05350218660474922,0.056261240171032595,0.08922362874855276,0.11144312362044696,0.003965762607144017,4.5921452196990424e-10,0.1064269857673716,0.1324993381063463,0.12929388030944067,1.1660987365072052e-09,0.0807677546759688,0.10192042021188014,-1.6935873226920392e-05
2022-04-21,8.09609432408235e-09,0.0413284371662795,0.09174216160849454,0.053311662395364764,0.05664223001441926,0.08932521643189761,0.11371919376565015,0.0039028082190294537,4.6466529087075154e-10,0.1063811976403456,0.13383750301095473,0.12820001750285825,1.1867356983274123e-09,0.08111676658371546,0.10050970441717208,-1.6908503676505524e-05
2022-04-22,8.10919234419426e-09,0.04130078866851799,0.09239161480630656,0.05268574927644114,0.0567265151460473,0.08994608568878758,0.11398625134615287,0.00398496502216649,4.709240957301382e-10,0.10658021524214006,0.13457774556886243,0.1291025987220877,1.1976066234665386e-09,0.07858431470685791,0.10015008045051779,-1.6934422608766576e-05
2022-04-25,8.033928016287652e-09,0.042037572604075195,0.09278028330632036,0.052826249627261165,0.057626716196871396,0.09088090401824644,0.11280939091657745,0.004000903478240598,4.709420087427636e-10,0.10422053267656971,0.1337516695762135,0.1293623455442141,1.2013493206412398e-09,0.07685895331113969,0.10286148153876853,-1.7012500717305105e-05
2022-04-26,7.971664880271048e-09,0.04176910783543893,0.09255395455031079,0.05199758156270579,0.05755906577067215,0.08985161947851854,0.11070647888660498,0.004006809174981007,4.782075429404604e-10,0.10470355461254739,0.13486659963857478,0.1273952888696539,1.1601503972592345e-09,0.07843758529337425,0.10616923831677802,-1.6893600183370904e-05
2022-04-27,8.057512341773797e-09,0.041472156116323926,0.09106247727174716,0.05117362371676734,0.056176887099242276,0.08940398708811968,0.11269996031867155,0.003984556047618843,4.786597838056042e-10,0.10656438731764967,0.13351940928341116,0.13131521381527558,1.1965874762179936e-09,0.07798544552208381,0.1046587135553851,-1.6826885055562385e-05
2022-04-28,8.115359217154936e-09,0.04135176339946638,0.08998344316300001,0.05196067554856196,0.057046844068815744,0.08964763114379215,0.11086349351746712,0.003918225928131228,4.798124302062126e-10,0.10582704763690227,0.13289782505057773,0.13369872181952674,1.213100109787277e-09,0.08001939209972568,0.10280176026175987,-1.6833445998546654e-05
2022-04-29,7.770894048774197e-09,0.04215031836655431,0.09685344787068285,0.05393273328834573,0.054894624595485386,0.09067060454035168,0.10629329502857308,0.004053239377149213,4.893573021807857e-10,0.1044998667455527,0.13585411995590124,0.13121440784272703,1.2701395320448313e-09,0.08056296184082667,0.09903180346118359,-1.1432443724303869e-05
2022-05-02,7.550345978478672e-09,0.041219200418628636,0.09680721519267832,0.05352335770640308,0.05487125410693777,0.09004719753751077,0.10629100187347144,0.003975867281731853,4.897450709601672e-10,0.10530770106087944,0.13749225057709089,0.13464914300158642,1.2660129874624468e-09,0.08036007002044246,0.09546707253221261,-1.1340615677808735e-05
2022-05-03,7.541920971437571e-09,0.041301252315457455,0.09829473198200353,0.05336133628232829,0.055625661885620334,0.09041149285196907,0.10647110931678333,0.0040063393630963605,4.889233115646496e-10,0.10504393604964073,0.13425993504958125,0.13465422743768274,1.2607104258730881e-09,0.07994671261662616,0.09663463841797865,-1.1382860322656994e-05
2022-05-04,7.54899837870834e-09,0.041182096607495486,0.0988349712713096,0.05343611537675922,0.055141525419515405,0.08941575021607359,0.10637716645957548,0.004018495548304021,4.965589737845648e-10,0.10645079126044024,0.13242157872674362,0.13375838728717676,1.2692810023504427e-09,0.08110367689111123,0.09787075646145549,-1.132084079855632e-05
2022-05-05,7.549260726149089e-09,0.04068649440019726,0.09783704195890656,0.053642017060059784,0.055412353872386196,0.08822517533191426,0.10652722718600478,0.004057827814811976,4.884967588054499e-10,0.10837274325686488,0.1317335237884057,0.13672516189205944,1.2586362563643507e-09,0.0796673733765922,0.09712437658858337,-1.132582318010778e-05
2022-05-06,7.598686830728777e-09,0.04082970135790317,0.09834191215162161,0.05425343220164901,0.055715582179141736,0.08881994724666034,0.10486373035241693,0.004111572311292378,4.915972388647615e-10,0.111936953252782,0.13073344543341708,0.13358504534180027,1.2821980302846445e-09,0.0807974189467835,0.09602265782005825,-1.1407968008606243e-05
2022-05-09,7.48525473731572e-09,0.04144620816269779,0.09980074285026803,0.05268445561799276,0.05538503692776748,0.09068387056600728,0.10415748956527435,0.004081830460131738,4.894086229300936e-10,0.10996502251890912,0.12709962579687195,0.13593301819915266,1.2405759584476422e-09,0.08115198437846484,0.09762210593800841,-1.1400196785615241e-05
2022-05-10,7.3930327318772744e-09,0.041117482612158605,0.10125609946005325,0.053085689907813725,0.05505350370436084,0.09222430421302948,0.10602040791663744,0.004103976991268266,4.836598520879403e-10,0.10944140877228908,0.12790509921051388,0.13573387420973465,1.263212182941165e-09,0.0790312055863481,0.09503835226979367,-1.1413993905715434e-05
2022-05-11,7.433393471864692e-09,0.0410672595842521,0.10095289419745583,0.05220823859316633,0.05527901640537774,0.09252011097651709,0.10737399626905895,0.004124182491070695,4.846251208833354e-10,0.1118859096119423,0.12569148095463953,0.1375173987578886,1.2311969139657708e-09,0.07814463996895818,0.09324631749751813,-1.1454457061099745e-05
2022-05-12,7.512630143665672e-09,0.04117455018491916,0.10127180023911356,0.051717291438280494,0.05526298830301047,0.09192521973217709,0.10829858186904912,0.004080289429619366,4.959079753685337e-10,0.10935885274588274,0.12448841772675202,0.14191073586761957,1.226186292107526e-09,0.07654919906880453,0.09397355354569913,-1.1489385651783609e-05
2022-05-13,7.47139062797442e-09,0.040786412697800214,0.09997894648072023,0.05331060655364753,0.05504514858324605,0.0895788660624638,0.11038940713195686,0.004112304079973229,4.898859058211065e-10,0.10769486602676566,0.12575527678441653,0.14122209234373612,1.1839807922527047e-09,0.07899078131750376,0.09314675838064941,-1.1475588136717002e-05
2022-05-16,7.572856772802879e-09,0.04129301823602709,0.0988505833006145,0.05391782462650307,0.054586297924688235,0.08740034095483494,0.1097162397740129,0.00413405539549445,4.863684844182558e-10,0.10715113634633965,0.1280506651142473,0.14144330162723748,1.1662347785975393e-09,0.07998695751234089,0.09348103706961063,-1.1467107411129972e-05
2022-05-17,7.401623396636544e-09,0.041524665411928334,0.09939750281811191,0.054001748420224385,0.05525215286949079,0.08676673511251984,0.1103698828932856,0.004048092693710682,4.900251465469293e-10,0.11056343210161035,0.12618011110119035,0.13984762136890838,1.1535323749732428e-09,0.08030535430565743,0.09175417091044509,-1.1479052264164279e-05
2022-05-18,7.385815294027166e-09,0.041626673138259566,0.09936761490418158,0.052588538239301715,0.055585635236601996,0.08728687609317332,0.11094529750740867,0.004045491111133995,4.887428148019336e-10,0.11167878641173136,0.12935386618014627,0.13680436399932455,1.1685827470927866e-09,0.07972022857897862,0.0910080264250416,-1.14068684241746e-05
2022-05-19,7.317461942567786e-09,0.04172945935555238,0.09882814534150168,0.052592465420416165,0.0551433109709143,0.08726024884793959,0.11094525116895762,0.004073472321097602,4.796847997489329e-10,0.10978474957472723,0.130843541713424,0.13572737524426662,1.1973693889857905e-09,0.0805043101724207,0.09257912636665008,-1.1465492384242765e-05
2022-05-20,7.406475073409673e-09,0.04155209353571594,0.09810805528406738,0.05306190242798874,0.05542716297702578,0.08696313704691042,0.11291787005276772,0.004057368013836993,4.794761693819234e-10,0.10972287420326872,0.12875227783509238,0.13579135283220478,1.2257113180314048e-09,0.08109347994496635,0.0925638667998479,-1.1450065355724415e-05
2022-05-23,7.386773736209394e-09,0.04164517298527369,0.09879570021272711,0.05337669094145494,0.05514744003298956,0.08723858645292762,0.11353962952544688,0.003995728550989528,4.802373972715058e-10,0.1059500375398032,0.1296478115284561,0.13719072166091933,1.240796051779188e-09,0.08044838380271928,0.09303552247645143,-1.1434817965841327e-05
2022-05-24,7.516874788423004e-09,0.04241571207990104,0.09917563833191247,0.05368601967359283,0.056127293581471414,0.0859235675387615,0.11352800714707328,0.004088861421230132,4.892992937365861e-10,0.10702180898762832,0.12704216786046826,0.13768085115070292,1.2334183267437351e-09,0.08129559777137446,0.09202594469708315,-1.147948079227784e-05
2022-05-25,7.4483071864849775e-09,0.04155423628231208,0.10054722818234059,0.05347505506365597,0.056273071396076464,0.08598260184855169,0.11197604624903253,0.004019024526141534,4.823843703563401e-10,0.10590865792172911,0.1279058306914842,0.13595356015179672,1.2723620222667746e-09,0.08289449580548128,0.09352166646973015,-1.1483791385872561e-05
2022-05-26,7.403981877972503e-09,0.04198871793695373,0.09983212864455457,0.05320242052200926,0.056123461816212465,0.08634972750761,0.11241246257298931,0.0039734926356357276,4.763666710325841e-10,0.10647118239083334,0.12879906081276704,0.134441800458446,1.2313916393054647e-09,0.08221323236069265,0.09420372933230393,-1.1426102748309922e-05
2022-05-27,7.542930545769726e-09,0.041550526845562465,0.09954513780836716,0.0530583701070438,0.05715003425852892,0.08646846248056882,0.11124182827308633,0.0040124768664267325,4.744096263470936e-10,0.10465077277969113,0.12718684577394948,0.13864938765261628,1.2421967801724252e-09,0.08254352758162346,0.09395406336241817,-1.1443049419751208e-05
2022-05-30,7.52792366512974e-09,0.041472198825415175,0.0993917898495004,0.05288112227914091,0.057486030407255126,0.08609659548489376,0.10927251100324102,0.003959606571996495,4.58397591115352e-10,0.10745808509983941,0.12838900951820437,0.1361033382450195,1.2306201175669077e-09,0.08122955731844182,0.09627153277078554,-1.1386590674887554e-05
2022-05-31,7.770904394867452e-09,0.04215037448508093,0.09685357682042757,0.05393280509386575,0.054894697681658194,0.09067072525831854,0.10629343654643911,0.004053244773592958,4.893579537063698e-10,0.10450000587566564,0.13585430083076397,0.13121458254032184,1.2701412230963322e-09,0.08056306910157568,0.09903193531116991,-1.2763849283756263e-05
2022-06-01,7.73891337063013e-09,0.042223938464227395,0.0959659725260778,0.053945454998874834,0.05528202306239018,0.08960936294692552,0.10716582658618568,0.004046990146328628,4.958306236736101e-10,0.10394142440839962,0.1363923384715095,0.1308401359258494,1.2652817378644681e-09,0.08077189602127176,0.0998273565942652,-1.2729652331128047e-05
2022-06-02,7.644075064727394e-09,0.04281836071119001,0.09400175382061496,0.0535018865576378,0.055199853132272346,0.0900548088604858,0.10941386713198423,0.003939427298077558,4.91981895932698e-10,0.10049112569247372,0.13643870997781063,0.13142075907457357,1.300434231624635e-09,0.08094232446694664,0.10178983517356234,-1.2721334120705616e-05
2022-06-03,7.696418477532432e-09,0.04268740362863284,0.09269972621619346,0.05374631866958578,0.05427748486650782,0.09168432185397343,0.10933780146235399,0.0040122373058498655,4.892332401510329e-10,0.10106977678389531,0.13712135963756417,0.1315358658621486,1.2927150298243544e-09,0.08165894031091332,0.10018148958222857,-1.2735658214027449e-05
2022-06-06,7.532592602429548e-09,0.042794480606412756,0.09250086626764582,0.053254990601325054,0.05482904887669214,0.09047109134293971,0.11019800920890938,0.00398288973738484,4.770948547354988e-10,0.1029572279003797,0.13797030897608636,0.12999863546074172,1.2965846712189429e-09,0.08027960841193724,0.10077543943317976,-1.2606129906607877e-05
2022-06-07,7.293715427899176e-09,0.041958606578220974,0.09261150927850091,0.05261128441767086,0.054460346891607635,0.0880916864340935,0.1119105226415212,0.0040130626229592905,4.713405462307663e-10,0.10138156949752623,0.1390003361201172,0.13313248753502524,1.3064128544275267e-09,0.0827065337659432,0.09813453112919542,-1.2485983850468671e-05
2022-06-08,7.245959257331975e-09,0.04150470104364865,0.09317039904204955,0.0527851477463065,0.05443138924098536,0.08912524203152071,0.11392765246052461,0.003931819540668293,4.6783214981378e-10,0.10282142580257625,0.13815273196203748,0.13153926355696402,1.3318026608201222e-09,0.08089104264987408,0.09773167439780038,-1.2498520550055737e-05
2022-06-09,7.276822513418717e-09,0.041312305217473574,0.09407164631411892,0.052505527480565174,0.055432596232327574,0.08909661507532722,0.11511149500822565,0.003978740267306847,4.6411336533579605e-10,0.09968523093141332,0.13915903635902133,0.13189231812954405,1.3467915706576884e-09,0.08067974293696437,0.09708724738439216,-1.2510424407380545e-05
2022-06-10,7.4190472917663305e-09,0.04072057026670616,0.09487551227042137,0.05219309361142087,0.0552437029004618,0.08879668047750891,0.11394663884899814,0.004013982000867766,4.74065429304702e-10,0.10049406347349517,0.1395095145110388,0.12981119330027396,1.3602227530885052e-09,0.08392616248932078,0.09648139154025613,-1.2514944105261965e-05
2022-06-13,7.415457251127801e-09,0.040615129254022504,0.09467015439813585,0.05070946604262377,0.05569270396430694,0.08811709842157457,0.11183298500558723,0.004070114496813777,4.679944203300492e-10,0.10029934619544582,0.14330220039663696,0.1271559017945312,1.3281869695709748e-09,0.08462865536484994,0.09891878644177386,-1.2550987941220695e-05
2022-06-14,7.3181916507266315e-09,0.04085660642543377,0.09543925695797235,0.04960421205425724,0.05633945809606424,0.08927885809443001,0.11158002528809086,0.004150541138851782,4.768450044822897e-10,0.10066462599664656,0.14254881489462704,0.12533178027874384,1.3301308393875613e-09,0.0856908713939408,0.09852751112914063,-1.2570873366750858e-05
2022-06-15,7.184049343149732e-09,0.0414851490267592,0.09587804694615808,0.04951499192879982,0.05707371699587594,0.09126265155555086,0.10764612811242623,0.004187272946695024,4.680124143619667e-10,0.10172192598670372,0.1432391657228156,0.12702949036661573,1.322205649623887e-09,0.08300331891818198,0.09797073209171983,-1.2599572569583056e-05
2022-06-16,7.221629707192312e-09,0.041970633586565706,0.09480127662628389,0.05017184185394487,0.05670932836146415,0.09182643206586695,0.1070714470686525,0.004204716767595497,4.749708335292286e-10,0.09994865264325752,0.14189837438116787,0.12764164414982415,1.3802722072954442e-09,0.081841465911245,0.10192679199189568,-1.2614484636558157e-05
2022-06-17,7.403120898661999e-09,0.04218542867981051,0.09507606344422946,0.05008044622346008,0.057013335849678104,0.09073160427499809,0.1076299422677669,0.0043208545786288036,4.736319777967068e-10,0.10020631482192241,0.13886847431846086,0.12926813801268577,1.3955806117811712e-09,0.08246497944070671,0.10216709748110592,-1.2688665786989652e-05
2022-06-20,7.308279472368748e-09,0.04197382748404474,0.0940944031545402,0.04975932527129586,0.05659280982177546,0.09112409178606411,0.10753737215526875,0.004289868651655421,4.795363800857812e-10,0.09986926357176351,0.140413907085603,0.12931616103864982,1.3373469769575637e-09,0.08360512137520879,0.10143639783866235,-1.25583596948155e-05
2022-06-21,7.293986631541411e-09,0.04203285726756866,0.09361186159735504,0.04982002540527972,0.056110013110185944,0.09249001563637753,0.10723341185768705,0.004261207576872526,4.723672036924786e-10,0.1001643265651809,0.14067271622013622,0.13001302288256322,1.3117734106753777e-09,0.08107790840275193,0.10252516186653954,-1.253746662559634e-05
2022-06-22,7.421550232755017e-09,0.04173944147984706,0.09554884404899337,0.05015723548300458,0.0563031925081591,0.09234600012466497,0.10560737569121914,0.004336456323938393,4.686302985587107e-10,0.09931561783419443,0.14346070004155131,0.1263536058027722,1.2815158087190433e-09,0.08135789838008202,0.10348620089895828,-1.2577789081145233e-05
2022-06-23,7.4492374195354276e-09,0.041577959628086414,0.09808171628684513,0.04998810351142586,0.056104302042612415,0.09133822417510039,0.10571254415547078,0.00437141025729774,4.767068824547525e-10,0.09696333727757482,0.142809054305557,0.12723759231242285,1.2940567736699388e-09,0.08132880667592307,0.10449950482096527,-1.2564669282671737e-05
2022-06-24,7.3860460359802685e-09,0.04219901829428874,0.09905447808296211,0.04917942323994677,0.05533111209026285,0.09004881756072775,0.10660741436217748,0.0042890572599312065,4.740704436888912e-10,0.09758963787399867,0.1425756402308949,0.1277246939898353,1.2692229394670626e-09,0.08217056276806951,0.10324268665504369,-1.2551537478389494e-05
2022-06-27,7.360202411831639e-09,0.04228341901169799,0.09912733664585467,0.049175803696173345,0.05480913277488636,0.08967683947098722,0.10658245411398938,0.0042045072911929045,4.707184975677949e-10,0.09815914687246541,0.13960582727308396,0.1302001511564437,1.2973640395282622e-09,0.08030186434143376,0.10588605183045426,-1.25436069479266e-05
2022-06-28,7.340254532203457e-09,0.04240617430354289,0.09846774161355336,0.04963332384917072,0.05501102172181638,0.08863314150107923,0.10478226247546235,0.004112751475325441,4.714985334219193e-10,0.09892204532713837,0.14092589124533125,0.12980538839796815,1.2697459477796754e-09,0.07922597602527093,0.1080867971004227,-1.2524117580788824e-05
2022-06-29,7.335300146145525e-09,0.04263547362707751,0.09771142303988464,0.05002458566064409,0.0549259830829661,0.09018745095939282,0.1063092554503158,0.004100694620361842,4.725646908050186e-10,0.09848583126130485,0.13826628916130293,0.12847001692779497,1.2795917234369025e-09,0.08003729803733713,0.1088582598195441,-1.2570735383419952e-05
2022-06-30,7.770907546184818e-09,0.042150391578227406,0.09685361609724055,0.05393282696511478,0.054894719942981375,0.09067076202781363,0.10629347965137716,0.004053246417296186,4.893581521545991e-10,0.10450004825331777,0.13585435592345277,0.13121463575147613,1.2701417381738435e-09,0.08056310177213573,0.0990319754713677,-1.3169382208704827e-05
2022-07-01,7.749955457141899e-09,0.04267837856959781,0.09585505693345613,0.054225899244449385,0.053957116359523306,0.09106931858092394,0.10676263756073877,0.004157126917604046,4.788813202847424e-10,0.10372139820906615,0.1379280125334216,0.13221356486663788,1.2766751610987067e-09,0.07931877922225536,0.09812588978935637,-1.3188292542566099e-05
2022-07-04,7.864189291144081e-09,0.042782882069250246,0.09653223369248695,0.05431825123467318,0.05334439166876821,0.09244383559069794,0.107822288048046,0.004306413850591889,4.731582816991734e-10,0.1053812731192198,0.1354348296745344,0.13299600807741188,1.3028052448103413e-09,0.07657814684475976,0.09807266097275544,-1.3224483348545864e-05
2022-07-05,7.793337041799485e-09,0.042322577128696096,0.09657969760802733,0.05481714807632057,0.05306655494963816,0.09235671261206375,0.10760642403833814,0.004291404556950092,4.638869347175373e-10,0.1068234626399942,0.13561589825237697,0.13342679695783963,1.2800488084960206e-09,0.07568392769754062,0.09742255877249924,-1.3172827557502352e-05
2022-07-06,7.673095976625995e-09,0.04156115003181283,0.09586765242107505,0.05509804220182818,0.052601599686855995,0.0910768688481551,0.10634054751514486,0.004260517173298449,4.6111706416815276e-10,0.1103362005694084,0.13783966681694,0.13564619339370806,1.305488058656453e-09,0.07426394020043897,0.09512076941465003,-1.31577130168751e-05
2022-07-07,7.617447887761375e-09,0.042260144736029015,0.09561534322835458,0.05448766917736997,0.05250165992374047,0.09110522935796701,0.10708952535233246,0.004290362470242351,4.570274677660667e-10,0.1118997095172216,0.13689370652901756,0.13576911247886225,1.3259423365423416e-09,0.0736606438244599,0.09444008170788788,-1.3197703902622763e-05
2022-07-08,7.634342708680886e-09,0.041753968330791605,0.09490424269143391,0.054655799458673035,0.05363707505193778,0.09151741323492078,0.10742941380745442,0.004308988755203355,4.483412861183448e-10,0.11175304476759353,0.13640759763949656,0.13609016174408284,1.3246471790468346e-09,0.073948583604176,0.09360685234993273,-1.3150843027963906e-05
2022-07-11,7.58412155290506e-09,0.04094229328375629,0.09390763799208501,0.055136648315237784,0.05346700626327644,0.09085357309161993,0.10941132838750046,0.004196619615685306,4.379145871435118e-10,0.11393421382369771,0.13557446746717325,0.13460925852889613,1.2879805060297526e-09,0.07404741230251817,0.09393258613130089,-1.305451276397017e-05
2022-07-12,7.483638733261884e-09,0.04076513610693932,0.0932977169941082,0.05514067676352934,0.05259113755031762,0.0920533922153938,0.11045660667780038,0.004163579036492984,4.353234731024434e-10,0.11338774427597889,0.1335103660378846,0.1332513967598866,1.2785416673693417e-09,0.07602650153222655,0.0953687504082362,-1.301355629835846e-05
2022-07-13,7.498253272068364e-09,0.04063999428534906,0.0915491382813051,0.054743380664470195,0.052854270301591726,0.08996390251395361,0.110664753383704,0.004272120083285615,4.392693454473054e-10,0.11511500754586763,0.13310670548635992,0.13454533722720946,1.2542648688227985e-09,0.07663095628842932,0.09592734702761288,-1.2922280926133965e-05
2022-07-14,7.532009455973312e-09,0.04125490531539043,0.09118180402059714,0.054726614636081854,0.05301459404523594,0.08894515416324776,0.11121770106078731,0.0041762339589290305,4.469808794772754e-10,0.1154302849676183,0.13225365872805425,0.1329267283860203,1.2517261988045096e-09,0.07775660120430211,0.09712865271592891,-1.2942432909742248e-05
2022-07-15,7.463859892315786e-09,0.04080467275059927,0.09161340095132212,0.054147584097510595,0.05293191430863671,0.08888517341477549,0.11143708201183553,0.0042177146370024985,4.376492725930195e-10,0.11176709529821587,0.13076133486235827,0.1366794350950061,1.2934516639372574e-09,0.08018667772563953,0.09658081448011137,-1.2908827974185349e-05
2022-07-18,7.3003118567028655e-09,0.03963241373022778,0.09054134922683386,0.05375020740183539,0.053496503983196574,0.08942266400326372,0.11122084201575205,0.004143861358437404,4.2927832291073774e-10,0.11165697127892592,0.1315916326637656,0.13691509801441448,1.2638539881261912e-09,0.08074777611186978,0.09689351085212487,-1.283963409160454e-05
2022-07-19,7.202046721790972e-09,0.03918601000757081,0.09091122850815972,0.05342899005644587,0.05435086895682152,0.08970567394065071,0.11013580570100384,0.004130078135043869,4.283270360755132e-10,0.11004997012673107,0.12924575243259895,0.1381094674453265,1.278690696405625e-09,0.0813897964316629,0.09936914304984713,-1.2793700927636503e-05
2022-07-20,7.234886310515459e-09,0.04023887209084734,0.09090789298072552,0.05332659192952852,0.05371263016022139,0.09007343374144475,0.11047007890865564,0.004202162839349978,4.341577101507812e-10,0.1090914049306501,0.12970997447058066,0.1386225469252127,1.2513378341074677e-09,0.08074302515772797,0.098914292537645,-1.29155929713107e-05
2022-07-21,7.328119941243397e-09,0.04029185044913484,0.09150361226294577,0.0523803624076172,0.05446251234177681,0.0915293991093534,0.10743980727810216,0.0041582983250635945,4.371679081461897e-10,0.11013882079287866,0.12823823192571487,0.13786188798685722,1.2378450724869313e-09,0.08088273525658013,0.1011253775196754,-1.2904658832929588e-05
2022-07-22,7.249332897232242e-09,0.04055901165136715,0.0904196432771766,0.051694307914698125,0.0548180816054714,0.09230078519296996,0.10831301670992127,0.004067332528347096,4.3272635967667757e-10,0.11118405571580868,0.1279125425590326,0.13493481527604925,1.2438602219613898e-09,0.0795802400632619,0.10422901561760035,-1.2857037623801522e-05
2022-07-25,7.32961703390844e-09,0.040666597101172534,0.09143513893191205,0.0515576409205566,0.05514199591442136,0.09373629668565182,0.10831323909253002,0.004039369004599632,4.204102409671649e-10,0.11068363982519298,0.12920478410446282,0.13665375577358466,1.250935359892656e-09,0.07855125889204755,0.10002908464575876,-1.2809892853359833e-05
2022-07-26,7.276070200328708e-09,0.040435461472626805,0.09089085520844258,0.05179080753742907,0.05632913878506683,0.09365019638786494,0.1077297345609736,0.0040147073377043195,4.2016990784068324e-10,0.10900051041205401,0.12915112207630114,0.13737208853172236,1.25264776283332e-09,0.0790258827774817,0.10062225951044486,-1.2773547000007492e-05
2022-07-27,7.1764981675651266e-09,0.04082370448643126,0.09051785491830963,0.05130303225093448,0.05575252745008898,0.0944766236142878,0.10775817691973345,0.003931991010964562,4.2456190978459685e-10,0.10692401977522008,0.1298824297257779,0.13839624675812875,1.2764899052031619e-09,0.08187387925909409,0.09837231564185177,-1.2810688372883409e-05
2022-07-28,7.199865030319004e-09,0.04086348673105995,0.09128827194828532,0.051627386344044436,0.05572850607675386,0.09430861679945773,0.10655129108741443,0.0040027830807743085,4.2915735116197465e-10,0.10888150789893845,0.12975154162764443,0.13741973220137024,1.2574766559871685e-09,0.08274889135649324,0.09684083218524905,-1.2856223984561926e-05
2022-07-29,7.770901717708975e-09,0.04215035996383261,0.0968535434533494,0.05393278651344588,0.05489467876985619,0.0906706940212979,0.10629339992722976,0.0040532433772074074,4.893577851173965e-10,0.10449996987431207,0.13585425402752527,0.13121453733551502,1.2701407855192922e-09,0.08056304134674915,0.09903190119362427,-1.2419334345163186e-05
2022-08-01,7.864763862842448e-09,0.042312127030258925,0.09688812844305289,0.05352963204470507,0.05434942115758021,0.0920421887019009,0.10628139590380971,0.00392154325210435,4.831298138460572e-10,0.10282698464809237,0.13428900860061163,0.1321061731884267,1.264394690053797e-09,0.08023977967262999,0.1012259875688028,-1.2379824263994258e-05
2022-08-02,7.807664578619673e-09,0.04308220276774693,0.09612548208464841,0.05355224801779926,0.05413283761878558,0.09213771821181695,0.10686392756005565,0.003943726752748821,4.775103761076911e-10,0.10099189805954759,0.13967533278668556,0.13097894388649894,1.2794587004053345e-09,0.07786568589042293,0.10066235568838092,-1.2368889771394839e-05
2022-08-03,7.881760364474403e-09,0.043753010210892715,0.09430423141145394,0.05423326747357284,0.05395444186320681,0.09352447619893407,0.10651560048313233,0.003938412515739673,4.80770890275249e-10,0.10043189675697216,0.140123307589767,0.12975716027997128,1.2520032588902632e-09,0.08018782859586422,0.0992888558208228,-1.2498814864173092e-05
2022-08-04,7.908800912256495e-09,0.04431374112183111,0.09416380690916391,0.053999976408300863,0.05438626560008392,0.09536472893796132,0.1053904036424039,0.003950969075358366,4.70916742785716e-10,0.10035656061171688,0.14095971890792078,0.1285827669919492,1.2487609588002697e-09,0.07856071974671328,0.09998289282815186,-1.2560410033992738e-05
2022-08-05,8.01736399104883e-09,0.043985741818390114,0.09388370958509419,0.054517739028885216,0.055398258028945754,0.09390020536214003,0.10555910025679396,0.003982350192152116,4.720578871182533e-10,0.09688307869610278,0.14267185775004468,0.13240885784919212,1.2563935913504823e-09,0.077400374365409,0.09942132190979427,-1.2604588759621017e-05
2022-08-08,8.156907104670935e-09,0.04442200573905353,0.09460142260238998,0.05478212462426981,0.05499665545736474,0.09373508698618854,0.10553702360717745,0.0040168562829369136,4.83064344243427e-10,0.09865575786508664,0.13952649586274488,0.1330399662829647,1.2739183757758892e-09,0.0783543142671141,0.09834489107923038,-1.2610570411626312e-05
2022-08-09,8.35995716115999e-09,0.04373649162276398,0.09326044101787828,0.0547925901718689,0.0562721439636056,0.09250539351425245,0.1049063945578445,0.004068506041071317,4.81805978056095e-10,0.09791662082391103,0.14048268826257698,0.13334993940024462,1.2940527916021865e-09,0.08002095813926637,0.09870039805782051,-1.257570892058638e-05
2022-08-10,8.385140286516128e-09,0.04384372118553818,0.09378220392973587,0.05484594045281641,0.05629249032121706,0.09396175099733965,0.10709814831228441,0.003983414159001893,4.821100733963891e-10,0.09691974225476828,0.13985072535002666,0.134331341391632,1.310026507348542e-09,0.07990738046729964,0.09519570742873905,-1.2576427676036232e-05
2022-08-11,8.305430537217895e-09,0.044225448003567175,0.09097696090639337,0.05557587088668909,0.05663301944849975,0.09552315101113075,0.10678740112502619,0.003866322689014091,4.851090364410744e-10,0.09882302802363374,0.1419290295850482,0.13281926884156334,1.311950820842821e-09,0.0791299883644679,0.09372307000832963,-1.2568995853766392e-05
2022-08-12,8.328309746543707e-09,0.0434190884386908,0.08954416005177683,0.054535671301440054,0.05526867207400088,0.0951211325905626,0.10780533087616435,0.0038329895823795957,4.714267565919868e-10,0.09951417790058595,0.14493755381511503,0.13059593252999493,1.2932935760208136e-09,0.07940598870917147,0.0960317804392914,-1.2488402203888782e-05
2022-08-15,8.293446939181012e-09,0.04286592656167594,0.09022536968622126,0.05508031341161294,0.05531932483405579,0.09452273816997032,0.10935003436469586,0.003865244976511358,4.664952316301997e-10,0.09968795743604784,0.1419090694758092,0.1322440424877087,1.2887212979093435e-09,0.07886228781691884,0.09608017575111666,-1.2495021008033236e-05
2022-08-16,8.292554512626562e-09,0.04323432507447073,0.09076196066135354,0.054959321964318554,0.05581146828460969,0.094975393735372,0.10868596625361913,0.0038572963304131947,4.653471835349408e-10,0.10044606150635355,0.14103688345163773,0.1313501186618338,1.3330229121210319e-09,0.08020242024680371,0.09469126018155055,-1.2486443260936301e-05
2022-08-17,8.333641253979004e-09,0.043268434484438456,0.09111098746009136,0.05502653820913588,0.05659953306928092,0.09536803893209947,0.10856593009881692,0.003913318790434023,4.668602906139664e-10,0.10061709256027683,0.14173218393715087,0.13112633588833952,1.3331094666541817e-09,0.0793399818203175,0.09334409312923587,-1.2478513228420415e-05
2022-08-18,8.280267509524849e-09,0.042790473881206895,0.09052674765361021,0.05508915846814194,0.056850156490226185,0.09534048685808424,0.1054542785481663,0.004013650087704649,4.759473569473384e-10,0.10164875512850337,0.1465977090348146,0.12939966841093403,1.3819259166289872e-09,0.07821238930640634,0.09408903018319426,-1.2514189133951953e-05
2022-08-19,8.10414644424122e-09,0.04239796498642499,0.090059477799935,0.05448196744628977,0.05681343609153954,0.09458250749787336,0.10374967231073462,0.003944981142129322,4.772811398802004e-10,0.0997024774419949,0.14742145866944642,0.13087417617975816,1.3293919837180512e-09,0.07910911944837239,0.0968751458190462,-1.2394744364279257e-05
2022-08-22,8.132837994263409e-09,0.04270561318048902,0.0911782813345428,0.05437725773147298,0.05701154265449255,0.09310981487441367,0.10408170052603802,0.003978206968348916,4.816031498504532e-10,0.10149385381955668,0.1457818278919588,0.12988914448280392,1.3756444883318716e-09,0.07901289051341934,0.09739226265410456,-1.2406621726905174e-05
2022-08-23,8.135600836409567e-09,0.04239286182596726,0.09287202511103047,0.05410531675540484,0.05629211477872324,0.09267504270618263,0.10138620959454188,0.003946117446811806,4.752526472149761e-10,0.10259209801533746,0.14437362199186407,0.13200339084184373,1.4112377657038547e-09,0.0802446042200487,0.09712900292482732,-1.2416234674526059e-05
2022-08-24,8.160909406198025e-09,0.041813790593428095,0.09290779503149124,0.0536709772691126,0.05687403239936349,0.09591512386143869,0.10226860060043956,0.0038423653581577733,4.736511538359477e-10,0.10299583159535002,0.14487553906473796,0.13064862184018744,1.420308154157126e-09,0.07859688135010773,0.09560286679152223,-1.2435810205572243e-05
2022-08-25,8.188975204936242e-09,0.041275608303408574,0.09320568815177901,0.05269258467946319,0.05794593142941878,0.09472526491516646,0.10170746776300545,0.0038509135334204854,4.685402294276708e-10,0.10297815810550491,0.14587956020604062,0.13245520857371212,1.4367032508100299e-09,0.07817242487825111,0.09512357981363535,-1.2400447024847147e-05
2022-08-26,8.402809330555817e-09,0.04183344337641007,0.09263719823134645,0.052959816256598895,0.05793794257972581,0.09493699308509115,0.10042071306659071,0.003843882518570874,4.830927152327509e-10,0.10432848771238978,0.14057238861892338,0.13573381875717028,1.4702744684830632e-09,0.07798742267966258,0.09682032829164404,-1.2445530300576606e-05
2022-08-29,8.302260147220857e-09,0.04147401306304996,0.09377613468399326,0.05259444150517879,0.056409060151633425,0.09450540817231927,0.0999421254367755,0.0038947561640354615,4.814304704076253e-10,0.10327034725605538,0.14243678947993893,0.13552501598102767,1.4457974243853112e-09,0.07934833069136918,0.09683596198390411,-1.2394798768977607e-05
2022-08-30,8.286022392328043e-09,0.041467464153866526,0.09251355575207776,0.05217686195754312,0.056306009262129,0.09409592772296548,0.10147373719861562,0.0038997776166048515,4.866825355157442e-10,0.10310683577074282,0.1446263788676942,0.1362054489681704,1.4437602623157226e-09,0.07920095961636793,0.0949394006576261,-1.2367760869155018e-05
2022-08-31,7.770891246157534e-09,0.04215030316480482,0.09685341293994193,0.05393271383720202,0.05489460479743016,0.09067057183948798,0.10629325669329819,0.0040532379153256255,4.893571256913212e-10,0.10449982905708778,0.1358540709593485,0.13121436051951252,1.2701390739618625e-09,0.08056293278534118,0.09903176774480647,-1.1071783974443324e-05
2022-09-01,7.748172104525912e-09,0.04192392532325883,0.0967760086939952,0.05358100684568328,0.05522999637838645,0.09092040729011583,0.10743000546467615,0.003994012421611049,4.870363131313287e-10,0.10416910339914602,0.1369065391941887,0.1295102319766372,1.2910838754030616e-09,0.08234096045484297,0.09722886354527172,-1.1070514105825772e-05
2022-09-02,7.708811074658181e-09,0.0416808411212217,0.09948774630926475,0.05329760622038347,0.05633662456421917,0.08941697812894384,0.10596625078269471,0.003954184640146401,4.808181596265189e-10,0.10371640164784153,0.1353136054332165,0.12770365233661568,1.317178498537721e-09,0.08416981381105934,0.0989673488934016,-1.1063395816322819e-05
2022-09-05,7.737500500622299e-09,0.04167013983615445,0.09883850505778599,0.05265490893135553,0.056522213523172736,0.08797645818403017,0.10443499267453243,0.004014657069601446,4.938895255251312e-10,0.10424833706421027,0.137608233459508,0.127058275446113,1.285139948567499e-09,0.0850355203177643,0.09994879659640697,-1.1047677165224998e-05
2022-09-06,7.772109742830302e-09,0.0417267733429633,0.10024976292250852,0.052261458291679254,0.056209800174944265,0.0871812655615299,0.10496918953339068,0.00396855899645903,4.908394113912771e-10,0.10352423867043531,0.13758637016751676,0.1243797483728387,1.2924272666567133e-09,0.0873293328458323,0.1006245789487965,-1.1087384271219216e-05
2022-09-07,7.917025013137385e-09,0.042461636053948065,0.10150423820199428,0.05252126480613428,0.05645790561493203,0.0884018261679245,0.10485258311551056,0.0038790305007538536,4.965266983872722e-10,0.1021428533018689,0.13602688043410593,0.12491986531325758,1.295905796670032e-09,0.08545738230930139,0.10138565428132805,-1.1129810516997487e-05
2022-09-08,7.97265000835636e-09,0.041890467474148325,0.10269025495724896,0.05147829940497801,0.05779568623999564,0.0877650819408038,0.10485766798319775,0.0037679339381815713,4.951480240223457e-10,0.10231761334942384,0.13559267458431853,0.12351442919416285,1.2721703030820698e-09,0.0870674186791304,0.1012735669455686,-1.1104431126604662e-05
2022-09-09,8.135016969359766e-09,0.04190702259445311,0.102799312146252,0.05226188037800546,0.05698735749820133,0.08690687885555114,0.10703806051288137,0.003727328399314475,4.846482376933832e-10,0.10591400286117192,0.1333294698092844,0.12464627809165929,1.2814410374931147e-09,0.0831141090487154,0.101379455706288,-1.1165802884262201e-05
2022-09-12,8.167964265902703e-09,0.04205070418988648,0.10378871515608425,0.05202436269983569,0.05747634928562808,0.08613513054124354,0.10499923878473112,0.0036588439666706755,4.741504079683756e-10,0.10758065677556061,0.13007270365294463,0.12523815419593617,1.2756615374814393e-09,0.08297389891916526,0.10401239343244723,-1.116151790991194e-05
2022-09-13,8.146590341782569e-09,0.04237701723354771,0.10399571374034712,0.052017601658511624,0.059179042474092114,0.08468506958958656,0.10700751752325291,0.0036992604236830893,4.716036342597542e-10,0.11049753586897958,0.12640970368101428,0.12436498870867739,1.2509608098784207e-09,0.08375551030835146,0.10202220531471648,-1.1176393915064177e-05
2022-09-14,8.179332157899238e-09,0.042295207306892194,0.10345594013803479,0.05225018443971657,0.05898842099939875,0.08350906043106482,0.11106341299554164,0.003674192006842986,4.5615168895446175e-10,0.10907370116758645,0.1238422067013018,0.126127981235471,1.258355377780473e-09,0.08438873495254334,0.10134212110536472,-1.1173373598437652e-05
2022-09-15,8.140252138396541e-09,0.04204724236789954,0.10314943499927234,0.0526421895748498,0.05910887604666356,0.08387610303865542,0.1115912768784478,0.003712991133385054,4.572238095894728e-10,0.10947373754153027,0.12599087595828293,0.12448469529638323,1.237231585524085e-09,0.08241930279097977,0.10151441173983113,-1.114720088852193e-05
2022-09-16,7.981421414789072e-09,0.04215917003398915,0.10282402596903197,0.053223348225416474,0.05851386058525578,0.08349909349618463,0.1130697979624734,0.003778798514629829,4.5178958196827626e-10,0.10958708286096387,0.12636967381057326,0.1250532258587146,1.2294458601576888e-09,0.08420217936206076,0.09773085597030756,-1.1122312258180636e-05
2022-09-19,7.88457276943928e-09,0.042004725554073974,0.1024912931399548,0.053611202893744575,0.05888595699803686,0.08252392355246714,0.11413037056123196,0.0037106769801542308,4.543842151213524e-10,0.11177166780469737,0.12783656970175364,0.12428922557293177,1.212695413571484e-09,0.08121760673151154,0.09753780000868745,-1.1029050897809964e-05
2022-09-20,7.820647402651492e-09,0.041770947907042125,0.1014277305479925,0.0534634896791947,0.05901709579323929,0.08302836399873413,0.11350265564571531,0.0037768852297094886,4.541945842295627e-10,0.11070467142075519,0.1286562407395772,0.12876027854933017,1.2232332586819528e-09,0.08090864702790841,0.09499403788484302,-1.1053922116678239e-05
2022-09-21,7.788194772155086e-09,0.0417843229880948,0.10079883157055784,0.05233748517904092,0.058292495085337424,0.08441248915885899,0.11547779207636584,0.003722417217059195,4.578789610608727e-10,0.1084816675623089,0.13134485517099895,0.1290639639788242,1.2414410131325112e-09,0.078247007441336,0.09604769181345277,-1.102872975074171e-05
2022-09-22,7.776508243166916e-09,0.042085633693994005,0.10165481779078077,0.052306623216290773,0.057791035179599076,0.08514651885264389,0.11523886317981097,0.003671864910469373,4.5108288463677273e-10,0.10587084004655377,0.13011052081173463,0.1313172990539472,1.2439573878157858e-09,0.07740986802429589,0.09740711656273288,-1.1010794401664472e-05
2022-09-23,7.737816812848463e-09,0.042250123435132264,0.10175889570310673,0.05293227764037471,0.056855528754538254,0.08447572163569962,0.11303876600713608,0.003669741149994335,4.6063513582944353e-10,0.10537327437834906,0.12944715904806273,0.1336775428444223,1.27139323848588e-09,0.0775386104943856,0.09899339010708261,-1.104066812951447e-05
2022-09-26,7.65436994107282e-09,0.04281421834492812,0.1040612184111234,0.05322044972318789,0.0553883915736207,0.08383138239622276,0.11392264308268255,0.003646301927887256,4.691500874467055e-10,0.10629649426079933,0.12792387579532488,0.13370951779362972,1.2511158134420355e-09,0.07726158654779347,0.0979349424429194,-1.1031674755566947e-05
2022-09-27,7.790566144115796e-09,0.04402201719683506,0.10313756484169974,0.05239545601328033,0.05559542973701122,0.08275559586505317,0.11476800427162923,0.0037101287935142426,4.828390096304097e-10,0.10736208409831671,0.12840459758553352,0.13014466585626322,1.2604069718323946e-09,0.0779028421102507,0.09981270661513315,-1.110251833242072e-05
2022-09-28,7.84269096299589e-09,0.04441997485403053,0.10286516499582296,0.05171019150953152,0.05559228100158207,0.08219393222761581,0.11686275516886015,0.0037332574136293858,4.855457181585285e-10,0.1071740157947679,0.12335877921387303,0.13529556930222866,1.2554066485666526e-09,0.07838834577279226,0.09841697304541958,-1.1249883797382972e-05
2022-09-29,7.914201563405796e-09,0.044482903929369516,0.10194675900513371,0.051478655159218796,0.05672817741543421,0.08212347818700814,0.11658861136973131,0.003683962250197212,4.719692870374819e-10,0.1069283690965321,0.12403614243904029,0.13783875303621454,1.2062318852264075e-09,0.07680548457825918,0.09736994088098855,-1.1246939530478e-05
2022-09-30,7.77094008649057e-09,0.04215056808098739,0.09685402166715144,0.053933052806262566,0.05489494981201024,0.09067114170731717,0.10629392475026771,0.00405326339007278,4.893602013185866e-10,0.10450048584229962,0.13585492480710673,0.13121518520652253,1.2701470568319619e-09,0.08056343912629269,0.09903239016305485,-1.735688979306159e-05
2022-10-03,7.862808381316004e-09,0.042830724671661345,0.0977910365481897,0.05477919006507213,0.05623811550696097,0.09094754975141045,0.10407007340755221,0.004036931737217871,4.923679969565948e-10,0.10466219158522011,0.13316802625918872,0.12766212297165752,1.2542253980007087e-09,0.08178937359749262,0.10204200998967632,-1.735570070170176e-05
2022-10-04,7.952338572401158e-09,0.0434074307122673,0.0979754717478771,0.05383429007822238,0.05608478185071481,0.09090385110428496,0.103669216499241,0.004051788345105438,4.970466290245995e-10,0.10636136394133724,0.1329645251115741,0.12393608338297765,1.247390053894644e-09,0.08210606539965687,0.10472252130990382,-1.7399179937934928e-05
2022-10-05,7.917364107290174e-09,0.0436762446697186,0.09838336571782351,0.05391830476398002,0.056780151083546365,0.0902340904260317,0.10298202725171453,0.0040558448888378135,4.929140444753289e-10,0.10733126894867251,0.13159412944752535,0.12456876771478313,1.2468319588430537e-09,0.08253793232940282,0.10395527572775218,-1.7412626898385622e-05
2022-10-06,7.930898795863572e-09,0.043935411162417996,0.09908958200599627,0.05418604831981039,0.05824841965175333,0.08953983211885094,0.10341752120905474,0.003985753815289062,4.981919613106607e-10,0.10602081709503906,0.13168413912851928,0.12443601606986078,1.2595782763150606e-09,0.08213990507162491,0.10333403964093761,-1.7494977823298255e-05
2022-10-07,8.090575261690736e-09,0.04434876709570064,0.09913326941442228,0.054384917771417546,0.05980420608676183,0.08986115863986568,0.10313715766759682,0.003973439617144825,4.974466080932192e-10,0.10575053892273092,0.12982836232462916,0.12290622314510533,1.2497262788640241e-09,0.08359374467245367,0.10329580966852883,-1.760486410578313e-05
2022-10-10,8.077284265579216e-09,0.04493431387335786,0.10055662835750878,0.054230602426380836,0.05937141348589064,0.08890594516092376,0.10415179195648648,0.003963949423461714,4.948609563976606e-10,0.10447493909068552,0.1282872412503526,0.12364708688293094,1.2216932453535368e-09,0.08516659112849041,0.10232709408495902,-1.760691526707367e-05
2022-10-11,7.992456470523038e-09,0.043924058585433606,0.09963378250818232,0.05353921114903846,0.058801941915784466,0.08977158526261822,0.10346893566402003,0.003884419981236546,4.852901013652919e-10,0.10450671371375957,0.1298293603293532,0.12314264930747447,1.2256138252375425e-09,0.08536008361362886,0.10415469147568003,-1.7443209570236716e-05
2022-10-12,7.819002621841996e-09,0.044074001833429174,0.10036077278168287,0.052545157977839596,0.05798140031366702,0.08850796426104507,0.10212601306978669,0.0038457646857914356,4.855181535713949e-10,0.10558306438337015,0.13169766899169516,0.1210342339938966,1.2038257643628582e-09,0.08714541006679018,0.10511591953600037,-1.7381403340905748e-05
2022-10-13,7.8589433875389e-09,0.044477818431937294,0.10076780442577254,0.05309431698107436,0.058000889386062834,0.08920943920891013,0.10049385445801086,0.0038255073271126006,4.828262059325879e-10,0.10545026973812492,0.13031966047787083,0.12050110214413555,1.177315649896563e-09,0.08842926140857797,0.10544751955512287,-1.7453061797943e-05
2022-10-14,7.762943498765319e-09,0.04427778908732508,0.10154002955671663,0.0529769379561713,0.057744109525534486,0.08948955611040169,0.10137660893966212,0.003763236279514561,4.88805934074221e-10,0.10457965876638008,0.13083454134581382,0.12094345572425119,1.1714472032306042e-09,0.08715616262157841,0.10533542332666573,-1.7518663211675513e-05
2022-10-17,7.86454038476187e-09,0.04357124632817866,0.10317017472666873,0.0527056366203473,0.057646441570766926,0.08805828955880679,0.10011453437672539,0.0037288177654669105,4.802536241859332e-10,0.10403438530384301,0.12971885961456844,0.12447874609711229,1.1453180204801074e-09,0.08715626904093471,0.1056340655799966,-1.747607352770921e-05
2022-10-18,7.766953893615064e-09,0.04377358822273172,0.10249395050049366,0.05108436092679154,0.05798015793899889,0.08660829618346132,0.09848680402176138,0.0037571685254270478,4.767785079922706e-10,0.10529791931537515,0.13199100359794644,0.12287744640314328,1.158952306716223e-09,0.08578921738741152,0.10987750963872041,-1.7432064947128715e-05
2022-10-19,7.789299317277483e-09,0.044649009143454176,0.10441463735583573,0.05176030307144686,0.05806005865886455,0.087272506939775,0.09654825104541495,0.0038056219453773744,4.83908244084225e-10,0.10654408978115606,0.12686466422661616,0.12143319383501207,1.154987820025375e-09,0.08709508817070477,0.1115701603260737,-1.7593927926673382e-05
2022-10-20,7.751034688394665e-09,0.044788640272046376,0.10292185737211898,0.051954524694638286,0.05820815173981184,0.08741705555051198,0.09600865605818454,0.0038921824247644694,4.859473877380457e-10,0.10462259799490864,0.1269891028886942,0.12260544793370506,1.1396786476675808e-09,0.08856159953285923,0.11204770638086119,-1.753221976550526e-05
2022-10-21,7.56043915574985e-09,0.04481276001282824,0.10221872856806857,0.05214759980951527,0.0587342179693543,0.08742770822079363,0.09793574195962965,0.003873330284857058,4.893311540157573e-10,0.10568981743192818,0.12650587045293255,0.12394190453365776,1.125337605936473e-09,0.08769125007203882,0.10903854615922741,-1.7484649939252375e-05
2022-10-24,7.567281040232805e-09,0.044899850546253554,0.1033839078929462,0.05255307664373176,0.05845735273124439,0.08600123221105167,0.09838928184930507,0.003929665005841557,4.942487712434624e-10,0.10734815727939995,0.1259345123056519,0.12283605183952398,1.109645841127865e-09,0.08751396679567068,0.10877039291567922,-1.745718747536354e-05
2022-10-25,7.569189242633336e-09,0.044766260189134474,0.10306540466943066,0.052000900448183056,0.0590322238750436,0.0859516776932511,0.09800776582522776,0.003882223122354568,4.8376560752934e-10,0.10936880616813817,0.12688571228454404,0.11930636228163681,1.1229715192456541e-09,0.0888660146776817,0.10888406369396633,-1.742410451847678e-05
2022-10-26,7.728790234587596e-09,0.045130385001669306,0.1020933306145656,0.0525312128799025,0.05956381051625938,0.08580218230163647,0.09936579085416998,0.0038136114962770804,4.938856131717424e-10,0.10854264826562574,0.1256344066948095,0.11981709260149917,1.1385607883882504e-09,0.08969012805545594,0.10803291476621417,-1.7523409321406367e-05
2022-10-27,7.631749820257016e-09,0.04426555596304987,0.10105580126355929,0.05276804286037616,0.05910214249170593,0.08608201467443717,0.10054283106395065,0.003753040982700186,4.887812392724526e-10,0.1113512782041927,0.1276041101358395,0.11556409030721737,1.1377238400469539e-09,0.08902316922065008,0.10890529664307404,-1.7383069007684356e-05
2022-10-28,7.568360774887157e-09,0.04383457078833219,0.10019576959040927,0.052359373598254474,0.05961792081227068,0.08468227084633095,0.09958775018205894,0.0036539670639088567,4.955663525053148e-10,0.113431269748489,0.12680221928331475,0.1148723656772201,1.1456927292798391e-09,0.09133076105001248,0.10964910957735485,-1.7357427576207303e-05
2022-10-31,7.77101705239049e-09,0.042150985553824454,0.09685498094065702,0.053933586976633,0.054895493509319236,0.09067203974358312,0.10629497751962165,0.004053303534902229,4.89365048100039e-10,0.10450152084885551,0.1358562703581507,0.13121648480408732,1.2701596367785541e-09,0.08056423705260841,0.09903337101182544,-2.7261384609651682e-05
2022-11-01,7.780198554840517e-09,0.042309535015500846,0.0969603666909494,0.052192781189094956,0.05605537260390328,0.09139206398027987,0.1069457816939011,0.004056612310978482,4.913965220477408e-10,0.10371419688033505,0.13745649089691445,0.12855577938819077,1.276643008596725e-09,0.08153989466500583,0.09884841184400851,-2.7296707300572472e-05
2022-11-02,7.845314486505724e-09,0.04208928319538721,0.09642003463833554,0.052592729778118845,0.056797804502880696,0.0896406706014081,0.10823972048460748,0.004045712841277933,4.924777802812366e-10,0.10207699826547846,0.1362571145793357,0.13132482547895286,1.2840090799895776e-09,0.08139402468204424,0.09914849495217326,-2.7423621801667306e-05
2022-11-03,7.846624800829795e-09,0.04209067035530359,0.09592017157631712,0.05302046095047317,0.057218907444461876,0.08972881645761022,0.10785751170511082,0.004066090306807041,4.926926671629767e-10,0.10332344355452928,0.13766764548025212,0.12853736655901932,1.2543944063796948e-09,0.08002763900184377,0.1005685636188731,-2.7296604313128768e-05
2022-11-04,7.705866175496033e-09,0.042129334794677654,0.09600320704951298,0.05356593244789789,0.057173341809503335,0.08792345976554612,0.1061500200990755,0.003986421918679628,4.873575625555584e-10,0.10273773213624844,0.13469033719541515,0.13135890940350767,1.221862946333344e-09,0.08176615373300859,0.10254234700839458,-2.7206776554199762e-05
2022-11-07,7.742253762710991e-09,0.041678524622978864,0.09600390950642178,0.05258852090723039,0.057596606439614895,0.08752458560591163,0.10518756594665352,0.003903456966778077,4.677902588624102e-10,0.10073053440974744,0.13664393773852407,0.13002001660529888,1.2140995951184172e-09,0.08246392137326689,0.10568551029730537,-2.7099843875317866e-05
2022-11-08,7.818505946485325e-09,0.04116072681132853,0.09374804594964678,0.053874115636413325,0.059034494138708295,0.08751717752082454,0.10312929772862993,0.003947081271970565,4.659150969737139e-10,0.10031448486568202,0.13829659895175334,0.1304492334624196,1.1861185311033015e-09,0.08179023536031559,0.10676552188405095,-2.702305228280354e-05
2022-11-09,7.905910823093335e-09,0.04153223098074013,0.09529742785987932,0.05399468903988712,0.059543741110115504,0.08427184941175371,0.10316977136712313,0.0040158455148712425,4.662524468320857e-10,0.10024457174997033,0.13686385907324417,0.1335377391007739,1.2055164121376462e-09,0.08357595686719908,0.10397949701312685,-2.718866636415669e-05
2022-11-10,7.904078988634159e-09,0.04146891463589256,0.09513633910943844,0.05368666247270839,0.05937643585462881,0.08531138064228116,0.10065316794034401,0.004123080082399257,4.703112846359192e-10,0.10033314570669417,0.13909133419909803,0.13047627122559058,1.193400335571727e-09,0.08352966785633163,0.10684080893883403,-2.7218232031885946e-05
2022-11-11,7.835839529149911e-09,0.04131748873884184,0.09376114524936266,0.05354845318189509,0.06009608631862375,0.08570398446463788,0.09973526467696955,0.004129234908432411,4.705607393604062e-10,0.10031841627662287,0.14047446280366396,0.13185817870209235,1.1813789795692384e-09,0.08384428707074607,0.10523997786803248,-2.6989747699945485e-05
2022-11-14,7.772702938238572e-09,0.04123351555130477,0.09375191040378605,0.052567454133713734,0.060771524957218805,0.08273060373225775,0.10347562387842471,0.004220757583607534,4.691576827375871e-10,0.1004258097635963,0.1412979910318875,0.13067607268751655,1.1865663427998095e-09,0.08371115672202008,0.10516457256988264,-2.7002443643290304e-05
2022-11-15,7.747756056298183e-09,0.040486469092461175,0.09333622361803968,0.05241158993576866,0.06057430565883093,0.08210780369272895,0.10456572653328068,0.004179795313423139,4.685329442128731e-10,0.10196976158130808,0.14046254818010817,0.1305447423464555,1.179138703047263e-09,0.08520831596430746,0.10417957307265718,-2.6864384797280952e-05
2022-11-16,7.916103900288476e-09,0.04082896538856784,0.09335293974459927,0.05332578933686197,0.06092975997087471,0.08355811642924012,0.10168758578705941,0.0042206072795909705,4.698590613588968e-10,0.10126494634032601,0.14056516441365777,0.13054915773142547,1.1897306579225523e-09,0.08390570657954952,0.10583836535416324,-2.7113931609897904e-05
2022-11-17,7.940856723474835e-09,0.04055086871521274,0.0932643365635739,0.053478511856640376,0.061254562161986825,0.08474722298933274,0.1000443905135637,0.00413812730101291,4.708400545411855e-10,0.10141518609205212,0.14099616362840836,0.13344968078725497,1.1788790105540413e-09,0.08377136312853287,0.10291642347981918,-2.6846807966260367e-05
2022-11-18,8.071240562018082e-09,0.04026518583507383,0.09261723667149481,0.053074334700494656,0.060558053009432664,0.0836577119873404,0.0989887397117485,0.004043923081782024,4.6374492570626734e-10,0.10412422187253781,0.14219087272709788,0.13507695020786714,1.1991999409451958e-09,0.08628300731274434,0.09914649587269647,-2.674272449595598e-05
2022-11-21,8.035018914000581e-09,0.04022691823915992,0.09281765886670697,0.053277493422224396,0.06067074548060117,0.08451017630147065,0.09976739839802692,0.004032186803203356,4.521109344760281e-10,0.10328612765576058,0.14198345590747327,0.13552685712638182,1.1843235533472e-09,0.0861604250969348,0.09776747736287543,-2.6930332272625648e-05
2022-11-22,8.002469296948183e-09,0.03967708791197566,0.09170863271548875,0.05233178089405117,0.060390941444173514,0.08334380485309076,0.10071586255557706,0.004044552868629151,4.5045001762332457e-10,0.1017416609754876,0.14248917458886712,0.13675525679745268,1.1842875958184315e-09,0.08845546393613622,0.09837261865210799,-2.6847830244402944e-05
2022-11-23,8.0438961658131e-09,0.03959578249856106,0.09206646135191696,0.05168029697596073,0.05985584028611903,0.08344218412862436,0.10085141487577315,0.00406049491267976,4.5634249041123793e-10,0.09917664849362413,0.13980043335214778,0.13685721600272602,1.1656336674214473e-09,0.0936100704311154,0.09902989760051581,-2.6750575636268e-05
2022-11-24,8.028582858481508e-09,0.0393444368787359,0.09148771716731911,0.051642348604300045,0.05987423120462715,0.08286879661846286,0.10037974115703265,0.004133831720563195,4.6528307525825966e-10,0.09947391198046464,0.13664398176863965,0.13798229203898305,1.1964215823776249e-09,0.09586900383764849,0.10032641145525052,-2.6714122314754542e-05
2022-11-25,8.125100760144943e-09,0.039311800614628,0.0919846096369133,0.05117182443416481,0.06000959610872909,0.08417535289633461,0.09945912036489667,0.004078481203988067,4.654106824888446e-10,0.09901079183675471,0.13792625144991558,0.1367788183915258,1.231177458397194e-09,0.09352077400244936,0.10259924073795466,-2.6671499943566464e-05
2022-11-28,8.104464145721044e-09,0.03878044727127607,0.09266137042425719,0.05126755759085202,0.059487057854373575,0.08276147778598152,0.09993427879205682,0.00415520959427031,4.717741256349174e-10,0.09959104264983631,0.1396912043553838,0.1374041557565168,1.206380201618941e-09,0.0915642904633943,0.10272868975159237,-2.679207240938072e-05
2022-11-29,8.112078235284579e-09,0.03921185048809446,0.09365418069383168,0.05175486287574915,0.059437194353199475,0.0815082829049785,0.10075438256444492,0.004197261283698478,4.562724022970727e-10,0.09856878599513193,0.13850741852200413,0.13806025291134696,1.1927147161457177e-09,0.09175966697034191,0.10261270335477708,-2.6852678663902463e-05
2022-11-30,7.770947707637807e-09,0.04215060941906,0.09685411665421238,0.053933105699700404,0.054895003648803536,0.09067123063067951,0.10629402899526792,0.004053267365205356,4.893606812458675e-10,0.1045005883284313,0.13585505804328835,0.13121531389240032,1.27014830249563e-09,0.0805635181367888,0.09903248728649401,-1.8337630788588637e-05
2022-12-01,7.785909141225162e-09,0.04247589526529317,0.09709956179337674,0.05418285797729907,0.05590840562561601,0.0916291847928529,0.10804904446353536,0.004073246678661739,4.909029742235144e-10,0.10348191401729263,0.1361656300287481,0.12490092966874136,1.267538884690779e-09,0.08112013712943067,0.10093166443916086,-1.8481424359466486e-05
2022-12-02,7.830627613439365e-09,0.04298050086117737,0.09560711811446632,0.05460175372589039,0.055228994245059365,0.09097175764082774,0.10868948665614246,0.004182160361120843,4.978188206528606e-10,0.10439724503846885,0.137291674742451,0.12446105915931299,1.2662997165275023e-09,0.08246069777330027,0.09914617326326049,-1.863117622410227e-05
2022-12-05,7.828682415569097e-09,0.0425635917067338,0.09590343933022127,0.054887165986759086,0.05379803205976911,0.08978085843525993,0.10682779314157224,0.004051845274015488,4.874479677871788e-10,0.10774881336234271,0.13787886407495853,0.12777769259736754,1.2776727888789031e-09,0.08090303475939391,0.09789737877351407,-1.8519095710770625e-05
2022-12-06,7.855705325531866e-09,0.04266369236873124,0.095111323721498,0.053828028677896246,0.05583527669971135,0.08944326551643414,0.10615339331585252,0.004050649876770003,4.847838986553962e-10,0.10775524281146895,0.14049661913346037,0.127281745809232,1.2494194062630872e-09,0.08052546409250687,0.09687376500644872,-1.8476619919047645e-05
2022-12-07,8.002785053545502e-09,0.043395163209717834,0.09572238857033392,0.053318856182879126,0.0552963021103713,0.08993861407948515,0.10720795824216013,0.004050908555916274,4.839419143113255e-10,0.10734672135588266,0.14121382828132836,0.12284059606990995,1.2320768452957657e-09,0.08004932002828224,0.09963790262356939,-1.8569028640185307e-05
2022-12-08,7.877101725214082e-09,0.04312443330148075,0.09518669128773924,0.05368006538953665,0.055696957368574745,0.08915888917480531,0.105677518116315,0.003981179923064432,4.78423176419448e-10,0.10578936141073557,0.1413686039748537,0.12275016231135641,1.2352281817868882e-09,0.08125366529225472,0.10235087821841919,-1.8415359888740895e-05
2022-12-09,7.835109108894766e-09,0.043322097636596966,0.09421418142969896,0.05406060488243603,0.05605460548275973,0.08973706976174142,0.10514164916584688,0.00391862128560048,4.6558042921758383e-10,0.10506311701377864,0.14397638042910166,0.12135271790345802,1.24451982574175e-09,0.08199644776919468,0.10118078970608528,-1.829201150811859e-05
2022-12-12,7.985793130320987e-09,0.0423301047210505,0.09359982930182971,0.05385646503271153,0.05587541324612077,0.0907417209059004,0.10627974615239291,0.00396773323195352,4.729596263896967e-10,0.10423567323503129,0.14212438034035496,0.12302219649115348,1.2394464011009151e-09,0.08021531014662654,0.10376982864212454,-1.841114544938271e-05
2022-12-13,8.032624888039886e-09,0.0426880338285671,0.09311689828623518,0.0538560727932415,0.0564012634530422,0.08935845278898842,0.10711191964531395,0.003955239043464784,4.760203721542788e-10,0.10380833753925987,0.1441002893086784,0.12263256066471727,1.1988781700137037e-09,0.08177213363014356,0.10121706389614692,-1.827458532253455e-05
2022-12-14,8.09438245409141e-09,0.04247533977323007,0.09391775304592447,0.054337971385824343,0.0564697980535273,0.0895848321817631,0.10729922788379768,0.003827389598662804,4.750084574983151e-10,0.10161820621827174,0.143947864475443,0.1198128652879228,1.1695452878661078e-09,0.08384810799109987,0.10287883039563424,-1.8196030037476524e-05
2022-12-15,8.094843499395639e-09,0.042560071942413145,0.09368068720607797,0.054703077543625134,0.05601787122736615,0.09074764551886529,0.10696125112011784,0.003805743137444243,4.753149365806729e-10,0.10072146834180182,0.14476881715773035,0.11877548284678524,1.1796702461556345e-09,0.08574491242074789,0.10153115595588943,-1.8194168693103867e-05
2022-12-16,8.080669312301013e-09,0.04273786396218588,0.09319683838590896,0.054970611602836714,0.0563729040800504,0.09197320346391763,0.10604968810070324,0.0037537079106744198,4.730071378373616e-10,0.0991829138549829,0.1460576401842583,0.1164243012182445,1.227721846964246e-09,0.08775556963994029,0.1015429289502598,-1.8181135361153e-05
2022-12-19,8.215922336361755e-09,0.04238717154266751,0.09655252280040788,0.05506579641513702,0.056773840951045915,0.09055863698039439,0.10766842806495514,0.0037269187695896907,4.778433977651553e-10,0.0992039572814283,0.1447661204537931,0.11585425044896575,1.2434512580806816e-09,0.08646549783021516,0.10099518008796197,-1.833156377885764e-05
2022-12-20,8.214350561252972e-09,0.043225772889982146,0.09643303684200027,0.054141368211806505,0.05616436877421132,0.09002669543907718,0.10649119754457236,0.003751124687246308,4.764174546722495e-10,0.09998132779997332,0.14314539896674333,0.11772069843495479,1.2322831561032252e-09,0.0844221135962596,0.10451509720345627,-1.8210313334580535e-05
2022-12-21,8.023533406200508e-09,0.04264232842657296,0.09520196014229418,0.055364408591145414,0.05705356568102678,0.09120463551423211,0.10538792839546264,0.003857187274651517,4.762109940258883e-10,0.10090464048401399,0.1427274640962062,0.1169421660819296,1.2197800352366356e-09,0.08361808330358178,0.1051137180423258,-1.8095752967457677e-05
2022-12-22,8.007839661982938e-09,0.042399485484380106,0.09623586485167471,0.05319571705781973,0.05710299382533986,0.09155917107692053,0.106458529369757,0.003833568765672778,4.752058440937098e-10,0.101920456042455,0.14542428510492353,0.11575650799968805,1.2192808142986954e-09,0.08574013552870563,0.10039126954312977,-1.7994352793009034e-05
2022-12-23,7.98052868647123e-09,0.043164400823075315,0.09768116360304091,0.053686496338555614,0.05697601860329443,0.09082022704672797,0.10595765294218334,0.00393068380934873,4.723532617332236e-10,0.10242633646592608,0.14413992270772344,0.117805793768344,1.2119508110153874e-09,0.08588713235138422,0.09754220894431333,-1.8047068750056638e-05
2022-12-26,7.893085897651663e-09,0.043356812372604255,0.09670809633579887,0.0552267858584886,0.055797520226000576,0.09029252516219505,0.10646077446241957,0.003928143219177698,4.667397137695684e-10,0.10136880132434868,0.1424854969347529,0.11778296310206349,1.259323637415439e-09,0.08641511121381272,0.10019508216827117,-1.812199908273137e-05
2022-12-27,7.978984882884677e-09,0.04411276812082315,0.09435878241861072,0.0553723615276712,0.05703352578263485,0.09018706134910805,0.10967226882942752,0.004035850282944129,4.664062474599844e-10,0.10121311442450814,0.14103701640024074,0.11727557250742884,1.2399925371330939e-09,0.08765042065156974,0.09806947629822,-1.822827857064608e-05
2022-12-28,7.976719589944898e-09,0.04413015732626885,0.09212000706308413,0.05602598090009526,0.05705408686679893,0.09052455325454076,0.10792161806384154,0.004048001296605341,4.714874169967079e-10,0.10048221778351057,0.14478250571558718,0.11670036649167724,1.2576999554129193e-09,0.08762582556705752,0.0986027861259745,-1.8116160948705458e-05
2022-12-29,7.84737186870872e-09,0.04427797143095328,0.09135464283070586,0.05546272849344424,0.0582439940365068,0.09025017340183762,0.10643253618149068,0.0040264589288751245,4.622914867091957e-10,0.10269954229488593,0.14313030496514964,0.1177278006258836,1.2874940069051949e-09,0.0868219951549699,0.09958994678225783,-1.810472411773485e-05
2022-12-30,7.770924428393533e-09,0.04215048314947617,0.0968538265106256,0.0539329441335711,0.0548948392011393,0.09067095900901818,0.10629371057275896,0.004053255222928164,4.893592152796475e-10,0.10450027527849017,0.13585465106550376,0.13121492081378758,1.2701444975423977e-09,0.08056327679456275,0.09903219061721384,-1.5341899503774665e-05
2023-01-02,7.798921792102863e-09,0.04223989985615857,0.09348631632007422,0.05400729277881418,0.053682096343700865,0.09123966753257648,0.10819519176768512,0.003992303698782427,4.865258966533843e-10,0.10333342875725587,0.13831498765942277,0.13118509278740814,1.3062924757454837e-09,0.08102666740784913,0.09931235155884799,-1.5306060315889323e-05
2023-01-03,7.81928818111001e-09,0.042674557889109295,0.09191800741562044,0.054171040114137745,0.053747958646695945,0.09228224844065161,0.10815169318366706,0.003942064050509789,4.876460263563526e-10,0.10182291460998875,0.13430500486941319,0.1330963106939863,1.3226029384343612e-09,0.08190677171875843,0.10199675184467384,-1.533310674946125e-05
2023-01-04,7.780899428370288e-09,0.0421157118197546,0.0919806507092888,0.05403426513257236,0.05327768417699631,0.09232826147323261,0.10742561772720574,0.0038455892411267552,4.852323335545155e-10,0.10019129057766638,0.13503326970295004,0.13184672504529338,1.3507119820105881e-09,0.08444695576848474,0.10348932025829688,-1.5351249712372978e-05
2023-01-05,7.68906627783862e-09,0.042882262861264495,0.09382134766142951,0.05420687027488223,0.054296457055273036,0.091953537769619,0.10504115868668873,0.003815927510274421,4.992396165335702e-10,0.09818140439722521,0.13546123803388443,0.13234553116915326,1.342888482062446e-09,0.08403808032425363,0.10397156733041597,-1.5392605558313845e-05
2023-01-06,7.61530014256035e-09,0.04208424255852706,0.09363956674861054,0.05464265501098901,0.054639826916989306,0.09062005866142823,0.10284051964899694,0.0037849499917272968,5.087724947625545e-10,0.09876314544642975,0.1364539454507819,0.13379498894372488,1.3474321285824686e-09,0.08389094497665718,0.1048604694640568,-1.5323290423732063e-05
2023-01-09,7.606859629553995e-09,0.04165183994907116,0.0947601695811889,0.05564887167531335,0.054123391433240596,0.09196084223955717,0.10561919016337364,0.0038009967867505276,5.047566572633146e-10,0.09937997888605123,0.1358268853708865,0.13298402559536524,1.3636619126588104e-09,0.08180238764687603,0.10245679383809651,-1.5382641049067155e-05
2023-01-10,7.61158567133484e-09,0.04166189494307208,0.0951587874512941,0.05687567216170584,0.054222025838332924,0.09271983189187927,0.10429234342196916,0.003844801498696201,5.011464982180025e-10,0.09955917048524075,0.13568547194673086,0.13540231635748579,1.3333691489098573e-09,0.07846398400373016,0.1021290768943499,-1.5386340588057524e-05
2023-01-11,7.652287406632187e-09,0.041765550159752494,0.09651858745394211,0.05721829320895651,0.05390620318338935,0.0900510442042708,0.10407139278287743,0.0039051492213096036,4.988002961486217e-10,0.0997196784859149,0.13677514885946446,0.1332474175641834,1.349638858531133e-09,0.08090742100199899,0.10192950176734644,-1.5397394132948055e-05
2023-01-12,7.609068422542342e-09,0.041950309339393844,0.09468392425563517,0.057735700259605456,0.05448343744556429,0.09246512781871344,0.1043432531211647,0.003948457826201296,4.950340584225818e-10,0.09969665986939655,0.13411234765334376,0.1335250151487894,1.3496804390148938e-09,0.08179109579425464,0.10128013444621749,-1.5472432062872872e-05
2023-01-13,7.599342887793012e-09,0.04172364553273336,0.09415567247790299,0.057674553438581556,0.05440391382499789,0.09318788658903968,0.10397606193502813,0.003921553482601135,4.927983212819538e-10,0.09841272562252606,0.1330933716744674,0.13785686560286714,1.3257852610020327e-09,0.08123795815520456,0.10037121968151552,-1.5437435391807055e-05
2023-01-16,7.550330743268269e-09,0.041413437182517845,0.09405538321517218,0.05631475974811034,0.05486824133677844,0.09356940712719845,0.10182797712198668,0.0037805788543971777,4.837585537036206e-10,0.09766273910817487,0.1381208841792969,0.13858934928883207,1.2788941810868325e-09,0.07991616345130106,0.09989644079390625,-1.537072065571645e-05
2023-01-17,7.57224006119259e-09,0.04088407650270557,0.09397096443318177,0.05588408486625229,0.054166139840665296,0.0939414145384129,0.10296067323391303,0.0038283151166246636,4.882392320619146e-10,0.09698259995963213,0.1398288373154794,0.1394253529344735,1.282980720997063e-09,0.0790947916353732,0.09904811569592141,-1.5375416095064638e-05
2023-01-18,7.524245715560924e-09,0.04160035252200997,0.09361900203339969,0.05510679674204928,0.053247577373640935,0.09270595838820059,0.10525832067301219,0.00378064354326368,4.914431700174056e-10,0.09576337225904687,0.1394723146750442,0.14033734832380645,1.261610050427838e-09,0.07765018766744426,0.10147338079984392,-1.526427806085876e-05
2023-01-19,7.64803730419483e-09,0.04223156437000414,0.09508902395916598,0.055794520390963914,0.054945183795677616,0.09342854778414766,0.10684792908950617,0.0037299005326637386,4.889757524906866e-10,0.09466901986160339,0.14339848204785163,0.1352897099591461,1.2620122123726272e-09,0.07396374548078545,0.10062773270202381,-1.536937256482697e-05
2023-01-20,7.644231284658819e-09,0.04300289205238188,0.09589887957625431,0.05549590074730428,0.05589436832810936,0.09385193098640252,0.10736503172199732,0.003682326313568034,4.839045214854246e-10,0.09386970190147724,0.1441441412550629,0.13607333331823648,1.302024103912861e-09,0.07481983591168005,0.09591707870124673,-1.5430243880777193e-05
2023-01-23,7.690516909250411e-09,0.042524006771517256,0.095242466328983,0.055179578225709715,0.055648026230512404,0.09253923341731016,0.1080619942052787,0.0036223059486543384,4.883110770136678e-10,0.09749902753184583,0.14158460515558605,0.1359455482663379,1.249259066650625e-09,0.07470252741449195,0.09746615325479407,-1.5482179108480768e-05
2023-01-24,7.76530987400781e-09,0.04268182789383657,0.09644094730722634,0.05696049368958453,0.05697634140682309,0.0921987718472134,0.10627110182882722,0.0036126138556738826,4.829521673428459e-10,0.09849144900594817,0.13931877197149672,0.13621446576705257,1.2717258372367804e-09,0.07480913435395609,0.09603959551207211,-1.552395969878496e-05
2023-01-25,7.84258698860333e-09,0.041823760610426315,0.09599605597782912,0.056873513906827766,0.05692914611844673,0.09232033783565183,0.1070431028490832,0.0036074203275344844,4.798777003841229e-10,0.09778244760327484,0.13782194113398508,0.13791001400362599,1.2563058071604731e-09,0.07590462466502369,0.0960031286601024,-1.5503270581876848e-05
2023-01-26,7.803184889522657e-09,0.042082526559373945,0.09523798070465658,0.05728898063963067,0.05707697728232611,0.09161839151345821,0.10781419752450881,0.0036357134192333456,4.881838618964035e-10,0.09926369280964159,0.13894363005305937,0.13531604717912135,1.3105727824934753e-09,0.07398403350345463,0.09775331785168848,-1.5498642094474154e-05
2023-01-27,7.818229204770282e-09,0.04149468457206455,0.09491222956879711,0.057119725057661545,0.0578646193760447,0.0905993793404746,0.10722167712885802,0.0035085610774551086,4.99796344947579e-10,0.0974310967318219,0.13941994479321657,0.13483786789693367,1.3059672250801155e-09,0.07494240321830996,0.1006632640561532,-1.5462441783668925e-05
2023-01-30,7.82289307276155e-09,0.04169684995032759,0.09508554869379075,0.057688736890564446,0.05744366477160385,0.09169831853779677,0.10865365777119836,0.0035567550244540364,4.941327587641896e-10,0.09702884209684629,0.1397516344520255,0.1315277151561968,1.3405718209097116e-09,0.07482019547931665,0.10106350344978657,-1.543193150536123e-05
2023-01-31,7.770902507822896e-09,0.042150364249511074,0.09685355330102677,0.05393279199711392,0.05489468435132555,0.0906707032403281,0.10629341073471364,0.0040532437893248344,4.893578348733207e-10,0.1044999804994472,0.13585426784063748,0.13121455067687957,1.2701409146620806e-09,0.08056304953807401,0.09903191126278828,-1.2521011571562594e-05
2023-02-01,7.760364959553707e-09,0.04190964021460088,0.09677116825806786,0.054665116345263144,0.05507323912636988,0.09162831101318031,0.10584810017255517,0.003985123171937189,4.862954604723553e-10,0.10264036670695272,0.13853706016604353,0.1322563562084443,1.2749546408843247e-09,0.08194300579067401,0.09475495136329083,-1.244805899499356e-05
2023-02-02,7.810562392816324e-09,0.04139235118470193,0.0968568531239337,0.05452370697018733,0.055572512059965155,0.0919927390052281,0.10788541650711318,0.003955507873473959,4.919709447144681e-10,0.10301833616680006,0.13502968747161467,0.13036614198725538,1.273189490836504e-09,0.08370968445443833,0.09570951049881762,-1.2456879252184155e-05
2023-02-03,7.704637016704772e-09,0.04122890197851198,0.09871905172113758,0.0544581178275431,0.05521612598887585,0.09234870606710485,0.10873615979341443,0.003920658765561129,4.944837786793885e-10,0.10225626386891744,0.13629115412276524,0.1304451363127056,1.2811000909853525e-09,0.08237120093411275,0.09402093565907028,-1.2422519941168012e-05
2023-02-06,7.74181534981476e-09,0.04102924329103818,0.09862535417142478,0.054050422008719755,0.05559790510714674,0.09126909671891961,0.10811377368188564,0.003948965488298294,5.011582497769533e-10,0.10103814507694496,0.14008279019088907,0.1306411731052518,1.2529730231707786e-09,0.08261773925107373,0.09299775191190712,-1.2369499446273504e-05
2023-02-07,7.785590131927801e-09,0.04107606408379467,0.09886276171827865,0.053572547639640956,0.05635988012932175,0.09006828915580714,0.10667915060221024,0.00397644943152088,5.139911065637029e-10,0.10066650747671547,0.1419320319713957,0.13325331542492677,1.2732755463186205e-09,0.08230687589754075,0.09125850307641509,-1.2386180424977494e-05
2023-02-08,7.593418784717588e-09,0.04080779188229407,0.09973444475461711,0.052679483127113895,0.05662338920797521,0.0886359661299472,0.10643230357357553,0.004001418140362142,5.070852256567418e-10,0.10056387363459396,0.14046683841914623,0.13435274285649862,1.2739656029583653e-09,0.08209972920092795,0.09361434501068966,-1.2335312211083238e-05
2023-02-09,7.692656308024267e-09,0.040798121377540304,0.1003222090148255,0.05299443163977987,0.057068782617727215,0.09213697151522504,0.10770732742682564,0.003913080810058453,5.065198529387989e-10,0.09823401072533089,0.1407024781759012,0.13076960791776884,1.2634126776651099e-09,0.08039581950901074,0.09496956616077135,-1.2416353353937133e-05
2023-02-10,7.638903065643767e-09,0.04063821840875346,0.09951388144305648,0.05178662047203898,0.057029618766701595,0.09376051951139082,0.10756303371330046,0.0038630356801777586,4.924285279223981e-10,0.09619718124884029,0.14078331669614993,0.13224650228652804,1.2607467308755983e-09,0.08102652005187672,0.09560386941321566,-1.232708410828039e-05
2023-02-13,7.613310939268762e-09,0.0400416550322252,0.09889908461824637,0.05087175803766495,0.05658624678287943,0.09340905300698722,0.10912757283528053,0.0037613999114278498,4.920436733007416e-10,0.09763624099674698,0.14139917157172424,0.13305987579992012,1.2638582770622778e-09,0.08230125199658052,0.09291890488921706,-1.2224848113090404e-05
2023-02-14,7.520484582373e-09,0.040076758664547026,0.0966851491620768,0.05164134573400056,0.05748409108232721,0.09298807189682991,0.10869915648452096,0.0037617191755444685,4.929846530229332e-10,0.09794314773087645,0.14284782034579505,0.13283495463299858,1.2863753885839485e-09,0.0830760084862741,0.09197400088018187,-1.2233575817546913e-05
2023-02-15,7.575592591273283e-09,0.03932059235424137,0.09609023633004686,0.05194599042888976,0.05668829662750965,0.09288295442367618,0.10894310364111284,0.0036971946196712934,4.899949944275065e-10,0.09722011341348694,0.14087272639782383,0.13731378629868726,1.2629633620390344e-09,0.08418597429827783,0.09085118914568044,-1.2167307655216816e-05
2023-02-16,7.471432289787388e-09,0.03922407535035084,0.09642848227883281,0.05231415373344562,0.05756709292566292,0.09606420837194196,0.10894513052541217,0.0036502930546567377,4.916637134569519e-10,0.0965023437147794,0.14252178120174117,0.13387881701153542,1.3112399469900764e-09,0.0852289748588617,0.08768675977342184,-1.2122074978372684e-05
2023-02-17,7.472989493287e-09,0.03982419351269181,0.09833772271214795,0.05191357531090285,0.05847598858655333,0.09433073956611189,0.10958905213112351,0.0037343277125003213,4.911411263345567e-10,0.09492544050041954,0.14389329327461856,0.13347646768613722,1.3353905184235765e-09,0.08446888695111474,0.08704250669888786,-1.2203942730719818e-05
2023-02-20,7.305468537059202e-09,0.03975864012614342,0.09783978348716783,0.05103673051578776,0.05842162292289629,0.09526237328316943,0.10891851287410642,0.003736554523646707,4.91573826453075e-10,0.09285958785031198,0.14822273221934712,0.13200898092362992,1.3466381258230398e-09,0.08539347047839128,0.08655316182657888,-1.2160174857565336e-05
2023-02-21,7.352435986274111e-09,0.03988629908134745,0.09641451785033577,0.05088174705779465,0.058033734789378226,0.09477749908964622,0.10709430653931425,0.0037995702834193643,5.037248191859624e-10,0.09435809759351026,0.15141944714564715,0.1313735530907911,1.332986048521963e-09,0.08427189655833578,0.08770148791408852,-1.216618275564588e-05
2023-02-22,7.3205371406186655e-09,0.039598391409842254,0.0971356574708729,0.050791685101145526,0.05707745699466563,0.09335558793907577,0.10739886365235003,0.0038314640530751694,5.046781350209617e-10,0.09653151696376272,0.15446598111360013,0.13153541822654677,1.3053272379347478e-09,0.08175917134564584,0.08653088167125803,-1.2085072383277871e-05
2023-02-23,7.354036033692089e-09,0.040229954458561944,0.09733288688391444,0.05134716023421764,0.056770331419849863,0.09387689070607719,0.10833665171371892,0.003715348643889181,5.004297655625309e-10,0.09773190563476704,0.15480499185607116,0.1285962241529505,1.2469643948599296e-09,0.08103953154124133,0.0862301658579369,-1.2052204626435243e-05
2023-02-24,7.319966239878162e-09,0.04044041030884109,0.0982374891989695,0.051940589743675714,0.055358997384072656,0.09265437019489023,0.10831424663509572,0.00376025544717583,5.060680721902675e-10,0.09884177258368887,0.15446453745914643,0.12840514476199877,1.236071074729507e-09,0.08251182883544605,0.0850824433750679,-1.2094990174263954e-05
2023-02-27,7.388024837665258e-09,0.040577583906579055,0.09831871930576126,0.05161851549340914,0.05452223822904334,0.09201364591491132,0.10798583068650736,0.0036393346332424794,5.053345376668347e-10,0.10041107692928987,0.15612327239243315,0.12753040360751863,1.2390649593668694e-09,0.08180883395750842,0.08546264360351588,-1.2107792144243117e-05
2023-02-28,7.770945124001396e-09,0.04215059540508727,0.09685408445275746,0.053933087768356515,0.054894985397653785,0.09067120048487211,0.10629399365528958,0.004053266017600207,4.893605185462687e-10,0.10450055358472499,0.13585501287504273,0.13121527026674804,1.270147880204614e-09,0.08056349135153083,0.09903245436078796,-1.8005150904852912e-05
2023-03-01,7.775927111451772e-09,0.042228127384782085,0.09495598747755,0.05422240915060134,0.055419652969469727,0.09059944341221415,0.10972470354222669,0.004015075733537986,4.868763714642709e-10,0.1038924585286002,0.13573373586287124,0.13053605617424208,1.239301324965814e-09,0.07979554168031903,0.09889480120200907,-1.8002620528431026e-05
2023-03-02,7.841451650282965e-09,0.04303493096380487,0.09602771179403582,0.05357576898409065,0.05478478841748079,0.09014294381215913,0.1120327356480652,0.003993865617127232,4.758908293796954e-10,0.10278669614463488,0.13700435861149943,0.13168085239507415,1.231485955182316e-09,0.08056446437242049,0.09438881615937814,-1.794246859926157e-05
2023-03-03,7.839777239104609e-09,0.04335926542878707,0.09505608271895312,0.05300298629558542,0.053485090271456655,0.09188345892092907,0.11083050454123784,0.0040035171449036506,4.796922584756852e-10,0.10509954827269294,0.1365385916155337,0.13036782806339364,1.2341696420421614e-09,0.08238057352842629,0.09401046114792964,-1.7917503468131302e-05
2023-03-06,7.75461620381543e-09,0.04260494789032732,0.09363369655403972,0.05343357436840461,0.053183827926409875,0.09101131528452838,0.10957439245682418,0.0040016849780185075,4.772071900450653e-10,0.10448626535178675,0.1393016315526313,0.13354238731854615,1.1974972046629207e-09,0.08274854161542279,0.09249560592840453,-1.7880654664551998e-05
2023-03-07,7.723939386880326e-09,0.04267053078012039,0.09327312716145243,0.05349288157257898,0.05353801798279692,0.09122043837562892,0.10846108094795842,0.003960394428252387,4.663617199707359e-10,0.10296163911742776,0.14353548253907014,0.13158695313546695,1.1709381596782323e-09,0.08312694583589236,0.09219034700818506,-1.7848246070057054e-05
2023-03-08,7.68765529310091e-09,0.04315675646913439,0.09356351890330084,0.05302038788527376,0.053115967257774975,0.09038675887462372,0.10944659095848112,0.003932626057838581,4.5275629248410983e-10,0.10261686648140324,0.13960347648790075,0.13608705277245126,1.1482101064748602e-09,0.0826756976835473,0.09241208463713091,-1.7793757482390964e-05
2023-03-09,7.643791149043684e-09,0.042902753532465775,0.09371419314404326,0.0537920340499473,0.05345701258221147,0.09183784011870713,0.10759689727568829,0.003939290817233541,4.525466519350785e-10,0.10289395250371423,0.14232818701993913,0.13521749505834255,1.13702526178865e-09,0.08326106558587862,0.08907700616828094,-1.7737089815294545e-05
2023-03-10,7.619579419672045e-09,0.042805760428851855,0.09270179202334296,0.05439815472307227,0.05272416173928486,0.09160541082639283,0.10794020275467942,0.004011883634764311,4.5215652925056244e-10,0.10431788312761957,0.1438492324900335,0.13541494566164422,1.114637468491945e-09,0.08103989688319327,0.08920838356447502,-1.7717043727424076e-05
2023-03-13,7.574798762837128e-09,0.04317269867978575,0.0933831065653389,0.05424664648692505,0.05194953005016321,0.09214872158466797,0.10639536619351472,0.003966566656180466,4.4534863521781205e-10,0.10404174845728531,0.14650562899190525,0.13534352627670287,1.1055147522824478e-09,0.07875772848410864,0.09010642262213368,-1.7700174373770675e-05
2023-03-14,7.536699503062473e-09,0.04332730280179768,0.09325084553771038,0.05490213667984383,0.05197860011344852,0.09230952732327928,0.10736376715941115,0.004095427678021248,4.523888355151147e-10,0.10417050329062214,0.14690065278600054,0.1345040556824148,1.0900312558033087e-09,0.07817766985852227,0.0890372404429157,-1.7738433106978865e-05
2023-03-15,7.623069502675349e-09,0.043083967733587365,0.09509553785833062,0.05567147866655011,0.05227068057927146,0.09280813789911177,0.10713457421621495,0.004133522594524332,4.622152637785877e-10,0.1036018043081744,0.14404720319457487,0.13685707081827253,1.1023678817661847e-09,0.0770134790917793,0.08830036196251118,-1.782811055558257e-05
2023-03-16,7.581915111184932e-09,0.04288639816838891,0.09502823313152382,0.05565805463552093,0.0520055068353143,0.09217097079337803,0.10711465672396375,0.004155519110225297,4.614103493409397e-10,0.10578032231191241,0.14567134403496657,0.13359181353600535,1.1159211027280067e-09,0.07810492881043044,0.08785011615764954,-1.7873408525949024e-05
2023-03-17,7.52506670337684e-09,0.04317945296828903,0.09566452514655786,0.05531600868041229,0.051438179291338315,0.09269958105262162,0.10751386863237268,0.004159547882811765,4.6404231470216494e-10,0.1046959320151075,0.1456594675595517,0.1357418520154547,1.1169069609131004e-09,0.07626367202710219,0.08768589361633378,-1.798999396946114e-05
2023-03-20,7.44764838681332e-09,0.043289645968989265,0.09598200239953959,0.05425835084861173,0.051908898052854875,0.09137442018711407,0.10977479848807248,0.004156750280126071,4.554791712772196e-10,0.10284848937185333,0.14649555095036476,0.13486384264020057,1.115192171284866e-09,0.07851860194423066,0.0865466230403812,-1.7983190658375793e-05
2023-03-21,7.426177851326421e-09,0.043761634175422295,0.09593590357495617,0.05307934360242281,0.05205336533502119,0.08971451873779965,0.11149200047261344,0.0040949384004210524,4.740221328620259e-10,0.1048543044736402,0.14414842078143367,0.13448618795733766,1.126420496787545e-09,0.07939397136333678,0.08700331973944664,-1.791764047208313e-05
2023-03-22,7.452896289125089e-09,0.04335282186464106,0.09478406832615394,0.052442511494259964,0.05217404920184856,0.08941390286235168,0.11103850835931428,0.0041082014807189374,4.559562124549049e-10,0.10452830216915764,0.14352234577041392,0.13718905489064318,1.0876730632944528e-09,0.08101128166907116,0.08645271126389652,-1.7768348996500183e-05
2023-03-23,7.515907136497681e-09,0.04425777866121852,0.09572733736617482,0.05288895814006065,0.052533283751209775,0.08921156719847395,0.11143847298865985,0.004082888005451268,4.574976807828892e-10,0.10114997020172777,0.1451121020378362,0.13747285441211998,1.0857560498731477e-09,0.08167608688397242,0.08446652393201269,-1.7832638078523105e-05
2023-03-24,7.650852565505691e-09,0.04420120067241226,0.09555652697369692,0.05229377221409598,0.05254049895269184,0.09078639291123117,0.11298526944777623,0.004132031434799531,4.6118940060050764e-10,0.10058605465803142,0.14170734232436175,0.13701290421179724,1.0813435169525776e-09,0.08324468724397759,0.08497113410609407,-1.7824344351528792e-05
2023-03-27,7.702269412713812e-09,0.04436314180539506,0.09429375048019176,0.05079189954145502,0.05298275043629089,0.09160706773405627,0.10999126679126593,0.004185833980358038,4.600208629132495e-10,0.10001695248376495,0.14423395917542373,0.13898864095475902,1.0848958892068377e-09,0.0832888996290383,0.08527349914352982,-1.767140271492575e-05
2023-03-28,7.727269569287434e-09,0.04465233507479557,0.0940389788744969,0.05095900830871598,0.053124816194310406,0.09151470500826697,0.11099017368103004,0.0041968352606518555,4.668240204546924e-10,0.09821184964449109,0.1450255928657276,0.1403230388855665,1.0869636915032217e-09,0.08364369570491416,0.08333675370551838,-1.779248954274045e-05
2023-03-29,7.747318955064251e-09,0.04491166952558481,0.09447256173318824,0.051530828378705866,0.0532198432155747,0.09201836965558775,0.111157145915216,0.004235292516124308,4.556478167179085e-10,0.09680017710856613,0.14867924111805572,0.13443862775794382,1.0838243191912118e-09,0.08539516381621447,0.08315884522601318,-1.7775253566218578e-05
2023-03-30,7.698771655547524e-09,0.04486161997011429,0.0938871930236305,0.051427167134711134,0.052654823387444025,0.09311077959193544,0.11303365134163983,0.00421777022373763,4.4527898320099654e-10,0.09580261081245814,0.14791514552124194,0.13529487790490888,1.0624162129402015e-09,0.084023587226455,0.0837884928513378,-1.7728196081268478e-05
2023-03-31,7.770988115272658e-09,0.042150828595214344,0.09685462027950067,0.053933386142874566,0.05489528909368696,0.0906717021059894,0.10629458170652939,0.004053288441521116,4.893632258399714e-10,0.10450113171409978,0.1358557644669814,0.13121599619019592,1.270154907055427e-09,0.08056393705367586,0.09903300223894705,-2.353755972259264e-05
2023-04-03,7.654624448297854e-09,0.04197063487176918,0.09564827017054593,0.053789899863882516,0.055240893118485755,0.09164384997968661,0.10724999189617679,0.0040278454983736734,4.887796828682864e-10,0.10496282042003095,0.1317424503955506,0.1322346019512316,1.2354453216382868e-09,0.08340854462098478,0.09810367005118321,-2.348221675111224e-05
2023-04-04,7.595661064393217e-09,0.041396342883979156,0.09443625354608685,0.05486836623050524,0.05554470919786192,0.08930049998429501,0.10879245996988496,0.004072307765936329,4.839449912084999e-10,0.10485978554196809,0.13096178194072683,0.13586074253993063,1.2113340698338398e-09,0.08316196930328423,0.09676810927633737,-2.333747173675093e-05
2023-04-05,7.45842365668712e-09,0.04212154205568372,0.09280874357514277,0.05475898696387561,0.054126921100066776,0.08844823341181493,0.10892804334988918,0.004007037551089998,4.860285534558819e-10,0.10396906998088652,0.13284657108817657,0.1383858569138952,1.1937693086903635e-09,0.08292633681298352,0.09669587376165609,-2.3225703382380903e-05
2023-04-06,7.529571062885782e-09,0.04228333762670472,0.09334561446417484,0.05481097655890124,0.05440758364323025,0.09026240008955569,0.11029931787606267,0.0040624930987785005,4.931576036667875e-10,0.1041277952356234,0.13405991967592498,0.13639384835518742,1.2252258588532415e-09,0.07904089178503274,0.09692911858154417,-2.3306238675309385e-05
2023-04-07,7.525618725023939e-09,0.04123448174141903,0.09270539827876993,0.05377938976083165,0.053564257398267624,0.09034814380066981,0.10937595102051272,0.003902054190288125,4.806846143360847e-10,0.10454825148476617,0.13356215083418832,0.13888807221279634,1.2477029594034536e-09,0.07769844003627661,0.10041644102772877,-2.304104052145314e-05
2023-04-10,7.578868145337116e-09,0.04111327671189605,0.09270649654987081,0.05275021371920824,0.054989611968362266,0.09283925257543607,0.1086338325901374,0.003916847747101235,4.847705482570389e-10,0.10372154510106847,0.13069181862233123,0.13938581060201932,1.2495913032115161e-09,0.07770533057973363,0.10156914802578132,-2.3194106175953248e-05
2023-04-11,7.652546870434681e-09,0.040835300467488504,0.09253562418419443,0.05299597570597334,0.05515929218721606,0.09177716208304913,0.10838747903107093,0.003933278056834828,4.749802588565255e-10,0.10538716829408547,0.13325961831149744,0.13721553661399144,1.2495800975960605e-09,0.07834969817756432,0.10018696044865064,-2.310293872377104e-05
2023-04-12,7.719345442383352e-09,0.04107410107424978,0.09145315952785948,0.05350127665798303,0.05465488801757469,0.09328177704074042,0.10787095212610634,0.003941397219271963,4.867810844099522e-10,0.10666786681010312,0.13151252623085954,0.13547017877032014,1.242011562325812e-09,0.07927032462202287,0.10132473690161091,-2.3194446840265142e-05
2023-04-13,7.614102585066916e-09,0.04035805504460075,0.0912121820517253,0.053089105074849624,0.05577265247089745,0.09280541800926002,0.10989895045782434,0.0038546569107615752,4.728052660808538e-10,0.10424165459400188,0.1333163284525374,0.13872851258794366,1.218387421630531e-09,0.0781850119363572,0.09856052043876228,-2.3057334816811218e-05
2023-04-14,7.4784348958329e-09,0.0406235994380647,0.09137158746475775,0.05306202894550323,0.05479130621121877,0.0947021430417531,0.10909297839429327,0.0038817920333119506,4.623718128491002e-10,0.10388564301334151,0.13388738914561477,0.13943743518226162,1.2212335450337423e-09,0.07886182363517473,0.09642530060624091,-2.3036273576449734e-05
2023-04-17,7.549901219308304e-09,0.040983777866595274,0.09230860583816021,0.05351832735803191,0.054364364817079715,0.0938303724890633,0.10666406771010321,0.003957686437887761,4.717520822144776e-10,0.10608045507943353,0.1356238597960278,0.13549544988346085,1.2088603255040007e-09,0.07974329111959395,0.09745294090097492,-2.3208526926251803e-05
2023-04-18,7.521425371509651e-09,0.04106924549884646,0.09217118871490869,0.05350747119598316,0.05385839116305436,0.09486627715669245,0.1058848762164528,0.003877354370661135,4.656799838865603e-10,0.10535745950675163,0.13761526717571976,0.13521476977451657,1.2033094388982186e-09,0.07782823369134886,0.09877262149744949,-2.3165152800084132e-05
2023-04-19,7.468159290843065e-09,0.04099073267588209,0.09356247648800552,0.05377433364971512,0.05275028847271226,0.09264136025260292,0.10571273494002172,0.0038079500686856926,4.698325366051307e-10,0.10535552755295423,0.13789470949045787,0.13352069375331047,1.2393308068909097e-09,0.08181168651329977,0.09820063601825095,-2.313905322135431e-05
2023-04-20,7.528219117564414e-09,0.04122480563267716,0.09374316618294089,0.05351549880032206,0.05230532841969374,0.09173398506484587,0.10680758663154741,0.003798398783997964,4.540757552118243e-10,0.10660760109559617,0.13849501874537007,0.1372365025543854,1.2537194194388014e-09,0.08001134090655118,0.094544000938129,-2.324299207142554e-05
2023-04-21,7.443168077262483e-09,0.04077950004916577,0.0942739413381886,0.053272106263249464,0.052791209757808745,0.08978010644449738,0.10772678203420581,0.003820569300569543,4.3857725775484016e-10,0.10833007197342205,0.13811518620143134,0.13756075940858264,1.2295243842126013e-09,0.08152872644920453,0.09204416474718023,-2.313307877609697e-05
2023-04-24,7.524577188655687e-09,0.041244894588873864,0.09357247481170491,0.054655036714922195,0.053107270548321046,0.09082190593361769,0.1058469496208438,0.003947997099265081,4.3201834346582036e-10,0.11041689441466072,0.13634412816716998,0.13658282416296114,1.2507636758987525e-09,0.08333873056111442,0.09014408325779819,-2.319908861234842e-05
2023-04-25,7.572508021401874e-09,0.04152009891024269,0.09226966380936652,0.05544537470585154,0.051970466359797456,0.08975656523458062,0.10613452588350575,0.0038858436288787502,4.321199559496921e-10,0.11042673892369025,0.13544049530836755,0.13800418215414098,1.2413276985237915e-09,0.08339516809933845,0.09177397195101124,-2.3104214727587624e-05
2023-04-26,7.683291073606551e-09,0.04214904257716687,0.09177769526634405,0.05618032487061042,0.05178724136681802,0.08892213004679053,0.10680353045859362,0.003864086120376057,4.403975291046682e-10,0.1126458112083194,0.1322386329454391,0.13708616057005787,1.218556105690157e-09,0.08331084903201644,0.09325774999003815,-2.3263794815216133e-05
2023-04-27,7.687013460710139e-09,0.042015095078447334,0.09332997304870497,0.05485171886101168,0.052717279538655966,0.08855968593326627,0.10700573169571455,0.0038466388252280433,4.518372947892994e-10,0.11082963309394746,0.13266901341861673,0.13873325763524716,1.1878209579525066e-09,0.08217302218831801,0.09329226519180223,-2.3323835632056806e-05
2023-04-28,7.770891806514659e-09,0.04215030620425319,0.09685341992401857,0.05393271772627722,0.05489460875586708,0.09067057837772141,0.10629326435807969,0.004053238207603649,4.893571609787475e-10,0.10449983659254566,0.13585408075575334,0.13121436998134894,1.2701391655512898e-09,0.08056293859471515,0.09903177488596375,-1.11438945357617e-05
2023-05-01,7.678757794562314e-09,0.042142167648891636,0.0956688983596689,0.05481331065567127,0.05441988986638868,0.09096476970212715,0.10635228715015672,0.004009938705435401,4.801733270238035e-10,0.10397559719916027,0.13559434264014886,0.12864010233967937,1.2610663118501242e-09,0.08155277059822517,0.10187694188274209,-1.1026168293084884e-05
2023-05-02,7.718137322726939e-09,0.04281259241445164,0.0947468036216923,0.055097984305483405,0.05514935170151925,0.08966972476574783,0.10536487292901887,0.004097491704094606,4.719493192851487e-10,0.10154055379775714,0.13858242014086927,0.13089411605039772,1.2673450876417652e-09,0.08127691309083097,0.1007781578172643,-1.0991796559152359e-05
2023-05-03,7.663883882923244e-09,0.043077906986870904,0.09407786835671307,0.055926395623475574,0.05402671283990955,0.08879304191669903,0.1038386640078303,0.003996285691896521,4.664306413989644e-10,0.10123592009917397,0.13844680202976137,0.13441558470610532,1.2657479693155353e-09,0.08220754609880847,0.09996814562360903,-1.0883376915798932e-05
2023-05-04,7.755554415883445e-09,0.04395590090146871,0.09426015798747188,0.055082465889571594,0.05346707909316188,0.08878515392143572,0.10409574902981615,0.004021166923081645,4.679235545162396e-10,0.10088475064627894,0.13653450328742375,0.1348485304787203,1.302364422242897e-09,0.08344457908223206,0.10063079276668063,-1.0839533185907252e-05
2023-05-05,7.80606389625927e-09,0.043652664926405065,0.09344983979870927,0.05444079953329198,0.05322183266340648,0.08803624252643939,0.10547414436562261,0.003982163702721006,4.609814730343859e-10,0.10362125456334326,0.13514358471737445,0.1348093717044806,1.3089404027067417e-09,0.0814869741286536,0.10269192068195987,-1.0802888393257087e-05
2023-05-08,7.952230650344027e-09,0.044902514108995484,0.09394148491298418,0.05519574782415926,0.05392588272837782,0.08946237098569862,0.10472764257116102,0.004039590879569408,4.5702397424924076e-10,0.10554029534961284,0.132171408882855,0.1322903915530705,1.344958268010924e-09,0.08172440658570432,0.10208919101956047,-1.0937155961911578e-05
2023-05-09,8.012184368252936e-09,0.044853842771871516,0.09441278309195136,0.054852001574536624,0.05544138401644794,0.0883897976213792,0.10673793326346777,0.004019061560274236,4.4393392603696323e-10,0.1058886973913229,0.13229611876881125,0.12941162169890216,1.3178116442321096e-09,0.08135705772474029,0.10235057746432512,-1.088672196016776e-05
2023-05-10,7.807609608859019e-09,0.045231498099729366,0.09370328197431765,0.053897432976316106,0.05595552866622432,0.08817720635428686,0.10826448334473207,0.00403572361083866,4.430280208101132e-10,0.10542754777397226,0.13306852544017678,0.12826063299873158,1.2956331404312778e-09,0.08210640369360006,0.10188258565380574,-1.0860133002364624e-05
2023-05-11,7.798791995972096e-09,0.045665407256942264,0.09345804566574023,0.05383335347281399,0.05547398034126328,0.0885484416354638,0.10863672187755877,0.0040821278085493035,4.386842388886025e-10,0.10455391211182445,0.13461841179083972,0.12866003045025673,1.273629486787547e-09,0.08396959624810835,0.098510804107273,-1.0842277739800063e-05
2023-05-12,7.82780858289773e-09,0.044916816831636466,0.09501701355844121,0.05269041440025913,0.056050682546910195,0.08814437836006044,0.10772181565152739,0.004078673158511247,4.41277286950469e-10,0.10273543282020801,0.13239145816650671,0.12963370330722265,1.2313855567158075e-09,0.08280242122424522,0.10382798090932766,-1.0800435327964106e-05
2023-05-15,7.757462710890701e-09,0.045447201537013364,0.09443637460468196,0.05301105650961112,0.05651156432929779,0.08944702153593094,0.10746617464759724,0.004195106861601663,4.37586491555645e-10,0.10315158631807818,0.13297613104945186,0.1272407849983462,1.2258240994484474e-09,0.08308987046761981,0.10303791773878945,-1.0800018892987635e-05
2023-05-16,7.937608800205269e-09,0.04506985629122995,0.09565945942364971,0.053544890640190496,0.05651742008303465,0.08848148962433193,0.10638706919534227,0.004165807601666831,4.2615265650945475e-10,0.1015875012223905,0.12984177413100306,0.13019010308722273,1.2397388389544535e-09,0.08432371989540345,0.10424169879056015,-1.0799589526052083e-05
2023-05-17,7.915537716863888e-09,0.04553848630909002,0.09462057142043614,0.053381680946969524,0.0567885003321947,0.08661666606390817,0.11036893438901081,0.004150183573358005,4.2528901163190826e-10,0.10314436018226075,0.1312290732668734,0.1297473091794763,1.2375825223503297e-09,0.08168690565985048,0.10273806956467087,-1.0750466508315776e-05
2023-05-18,7.847766100650727e-09,0.04513220413200692,0.09459043892088592,0.05259896511431526,0.05509075576716002,0.08662744334056766,0.11102091208133853,0.004147575611449093,4.1867333280435797e-10,0.10343949785461883,0.13669947236677019,0.12829952695583902,1.1933347358917945e-09,0.07976251289054331,0.10260128999729895,-1.0604492567953494e-05
2023-05-19,7.789289621450316e-09,0.04556479573030078,0.09572779450442628,0.05394877093507636,0.056411905742012866,0.08828574714934476,0.10864323747538603,0.004235431680575743,4.2646592730507957e-10,0.10468995913659489,0.13394814165763572,0.1276497741080266,1.1784646120317803e-09,0.07746530452614137,0.10343981334784162,-1.0685387583186815e-05
2023-05-22,7.689534334738863e-09,0.04652853743777228,0.09505141249022166,0.05446331884260981,0.055049300984371004,0.08723259428527749,0.10822609071197213,0.004159561556568977,4.216389351891851e-10,0.10380841005797374,0.1327699698529987,0.1309853077659296,1.1803848393204772e-09,0.07775557176958843,0.10398054149792825,-1.0626544770176672e-05
2023-05-23,7.728481893803512e-09,0.046457417463884966,0.09465957420903275,0.05453296522908939,0.055788931219326966,0.08844098740816486,0.107815843765418,0.0042026253139036095,4.20214397525038e-10,0.10381481682548507,0.13169471905364774,0.1305309042433504,1.2076964863270062e-09,0.07785916989599122,0.10421265281982832,-1.0616803515976027e-05
2023-05-24,7.615642914066147e-09,0.04626973021826406,0.0943294559715193,0.05396806832086687,0.05575741584708675,0.08788407655814405,0.10784898886463734,0.004206732559178154,4.1395739893970726e-10,0.10310176847085192,0.1317729428393637,0.1330541686416346,1.2124047525819226e-09,0.07687643963880775,0.1049408075359629,-1.0604708322581435e-05
2023-05-25,7.736291627157986e-09,0.04668707511282024,0.09486541082673727,0.054406371774753444,0.05672279233999346,0.08908314981644376,0.10866131104810159,0.00427005556459342,4.0728796391980813e-10,0.100695472889399,0.13210791452300286,0.13321185865825952,1.2009051617607746e-09,0.07803927111091037,0.10125990657548425,-1.05995849840275e-05
2023-05-26,7.66575175736814e-09,0.04626936451719526,0.09281396322360795,0.0551177377473039,0.055564757973528334,0.08806244529206206,0.10956176918416038,0.004292381948549958,3.990423624118363e-10,0.10137181387681073,0.13222279786463462,0.1379304235418149,1.2048804299024604e-09,0.07754898677147173,0.09925410296411698,-1.0554174931322885e-05
2023-05-29,7.594323740161924e-09,0.04577826596298886,0.09397627578731642,0.05500681510842888,0.05582369364336295,0.08957784567833947,0.10584872405807266,0.004360956863698229,3.9854106211907834e-10,0.10184705581768401,0.13018583526672312,0.1359026244852936,1.2128245831618918e-09,0.0807603783456484,0.10094204755701539,-1.0527780261318197e-05
2023-05-30,7.74532601951856e-09,0.046048545596773564,0.09410410758232635,0.05494590091029363,0.055933733440728696,0.0879163189970564,0.10565241515606207,0.004361093131170505,4.007087264210948e-10,0.10288101774745494,0.13201309729058577,0.13697552402209498,1.2102724156251317e-09,0.07851148546317262,0.10066735945831155,-1.0608152338338127e-05
2023-05-31,7.770875220187519e-09,0.04215021623790375,0.09685321319838817,0.053932602611342924,0.05489449158785578,0.09067038484885596,0.10629303748388055,0.004053229556301257,4.893561164862798e-10,0.10449961354627005,0.13585379078643156,0.13121408991510686,1.2701364545440803e-09,0.08056276663977252,0.0990315635108145,-9.009453291782226e-06
2023-06-01,7.85443683255849e-09,0.04203074331601847,0.09456575826325189,0.05385576533323171,0.05483283719182516,0.0904816094391896,0.10548076463514401,0.004069214375059145,4.902718499502018e-10,0.10455515187786141,0.13689072461405205,0.13038976494330595,1.2605589183440717e-09,0.08267291258692572,0.10018375744693589,-9.013628068574857e-06
2023-06-02,7.91423066360867e-09,0.04254513625124915,0.09508927582984414,0.054423134421987464,0.05377651749561883,0.09071329611750904,0.10521774289757499,0.004165938715452465,4.970363200354895e-10,0.10353825642548381,0.13772871156116137,0.13077335079622934,1.2707839993687318e-09,0.08115263816601263,0.10088500169492244,-9.01005509669206e-06
2023-06-05,7.922566754562043e-09,0.042805181753931366,0.0946543634318512,0.054236338228406525,0.05472477040865274,0.08979094847318614,0.10418113321772954,0.0041771090349971875,4.930336898324133e-10,0.10247090991203857,0.13844588451535983,0.12790368113526038,1.2527583911322622e-09,0.0844904883853869,0.1021282190698833,-9.03723504257774e-06
2023-06-06,7.864274811718352e-09,0.04297440382955823,0.09521029178966084,0.05484281692464044,0.05462968002441156,0.0908999401714906,0.10130162188369045,0.00411414832007869,4.941931879023494e-10,0.10298967450725707,0.1363988746039097,0.1284638750250057,1.2390923192179161e-09,0.0840694576385875,0.10411423835335286,-9.032669204016516e-06
2023-06-07,7.978658651582391e-09,0.042793209777579735,0.09468489046137395,0.054911254741199296,0.054940757983651625,0.09067857092235242,0.1033484855657011,0.004159644649573119,5.002220151037564e-10,0.101588010080644,0.13983727002070034,0.12311504603257158,1.2650748222658545e-09,0.08603677218246449,0.1039151620616115,-9.08422337862e-06
2023-06-08,8.039068628103817e-09,0.04257886864538828,0.09433705728060379,0.05488716739279891,0.05682231203645218,0.0918484530814572,0.1038847639819565,0.004088589992329615,4.991950113264038e-10,0.09989030131325491,0.14111492588705168,0.1229018724895763,1.2350858488573412e-09,0.0858162797353615,0.10183844083895652,-9.04244853684021e-06
2023-06-09,7.9972971020938e-09,0.04193059979831453,0.09374612325246712,0.0549981183587855,0.056416446469836526,0.09079651679169513,0.10349820849743031,0.0041024756171015924,4.878542441795208e-10,0.0996562499099439,0.14321233005160702,0.1233084427809319,1.228575975936886e-09,0.08627363606593216,0.10206982354132861,-8.98084910180714e-06
2023-06-12,8.050212789173173e-09,0.04105228106282787,0.09213307147978265,0.055608986087485865,0.055363683612906056,0.09123125813320838,0.1029726282580285,0.004043355944055425,4.902523360252023e-10,0.09994269198398711,0.1480736075823316,0.12198621016148599,1.2594066375264715e-09,0.08681602548829545,0.1007851649909402,-8.97458520705383e-06
2023-06-13,8.125000985952197e-09,0.04135981227425309,0.09233308730017999,0.05587990141228096,0.055063405772093364,0.0904341289267198,0.1042251875273592,0.004038286909743532,4.906262380967231e-10,0.1005755747414366,0.14900857672640616,0.11928840097631814,1.2904802913980981e-09,0.0871899647757748,0.10061265104782027,-8.988296493414709e-06
2023-06-14,8.10447655967954e-09,0.04118763409903225,0.0924913559197183,0.055860110126869415,0.055184818591998,0.09140889609287225,0.1047928362964351,0.004003428969945421,4.79388388205017e-10,0.10252660683064434,0.14750168011688536,0.11759583165309431,1.2433748232042642e-09,0.0871832245737482,0.10027249437675172,-8.927475234357363e-06
2023-06-15,7.978223280451966e-09,0.0413246878667942,0.09188106819607869,0.05751495056114842,0.05473911503523998,0.09079517868130507,0.10344059034980875,0.004071489516363451,4.762323304908305e-10,0.10126914140074367,0.14904082080733608,0.11474667639309838,1.2558211502349477e-09,0.08992948622976792,0.10125569950526359,-8.914253224960375e-06
2023-06-16,8.03784961527362e-09,0.04174977108589748,0.09371697628467718,0.05840201343501047,0.05511682679933411,0.09199242012889465,0.10236843304110559,0.0041230094056149994,4.699060658086858e-10,0.10086299703453837,0.1418462717249227,0.11572577018704326,1.243848459909577e-09,0.09191525090160207,0.10218917552603664,-8.92530628163887e-06
2023-06-19,8.130099064999278e-09,0.041328061831249714,0.09485336957984902,0.05986857509549842,0.05568185185948367,0.093016474847631,0.10270720009171262,0.004096644828723789,4.757259301665197e-10,0.09861462066724948,0.1410463310794625,0.11239947312981889,1.2299579042652587e-09,0.0931032340890477,0.10329308416982098,-8.931105330638466e-06
2023-06-20,8.213641234547564e-09,0.04180582537127867,0.09383715552679303,0.06020144841284497,0.05576801418181066,0.09314673044462253,0.1045695718439823,0.004087127387302494,4.76179832031558e-10,0.09637982730471975,0.1417890938216828,0.1114523037576436,1.2441473982291454e-09,0.09242017758383272,0.10455173118098986,-9.016751471990764e-06
2023-06-21,8.216868131283796e-09,0.04258946913851419,0.09451248108497397,0.059039949686357694,0.05501429471759586,0.0933901403434413,0.10345706687118834,0.003922916568817064,4.866841117142671e-10,0.09765354142156171,0.1432776348186611,0.1105395989981873,1.2561155776039847e-09,0.09142900706890938,0.10518292017071842,-9.030848594060077e-06
2023-06-22,8.126007818268582e-09,0.04314134899947505,0.09269423082669861,0.059736972314655266,0.054915440999433296,0.09259624955490718,0.10346085537764521,0.003955020925032163,4.954865645233096e-10,0.09791930268481014,0.14091505653591524,0.11041421538003938,1.2934940900525688e-09,0.09348449422181782,0.10677580981879005,-9.007554208078549e-06
2023-06-23,8.19262985987082e-09,0.04347739849785441,0.09392266697920387,0.05946933497363554,0.05405432873423602,0.0927539956332281,0.10240607709736595,0.0038993118290320938,4.906323379920658e-10,0.10179015326051159,0.14136121298702814,0.11119793212374415,1.2670500058797e-09,0.09043968995208754,0.10523689984141754,-9.011859657281079e-06
2023-06-26,8.391301291062119e-09,0.0440846860083826,0.09552952506799672,0.060609226487592635,0.054236832260038906,0.09541102273228065,0.10261720561680857,0.004019635716719727,4.991617602938516e-10,0.10003111011055298,0.14115833497411506,0.10901915349225054,1.3069470011821904e-09,0.09138360706089857,0.10190875513382437,-9.104858871395444e-06
2023-06-27,8.432692261436765e-09,0.043906655774340685,0.09413404941211624,0.06186617884210692,0.05438849977795564,0.09519658569455954,0.10222214225536179,0.0039396553165790315,4.902823682468457e-10,0.10219211489183683,0.1403080664224945,0.10924404896987379,1.2622514338547072e-09,0.08934562122722627,0.10326548682652172,-9.115596198986708e-06
2023-06-28,8.403730202047224e-09,0.04437531991280048,0.09483787676724198,0.06127710931875128,0.05432536857154695,0.09416197483719112,0.10434112851660729,0.003976640651842569,4.881980351741488e-10,0.10182052983885782,0.14262875241179926,0.10957625072602123,1.2881463607152925e-09,0.08520885207519487,0.10347923638460024,-9.050192529589029e-06
2023-06-29,8.286070218881559e-09,0.044751041375163406,0.09554185864091229,0.06074285200913436,0.054836974962726076,0.09544410304896717,0.10350507279852438,0.004078953110429217,4.836028471360497e-10,0.10057604144065002,0.14334175023718385,0.10795660337929797,1.2786711596979956e-09,0.08662610113327099,0.10260760318297134,-8.965367575351956e-06
2023-06-30,7.77098813150744e-09,0.04215082868327387,0.09685462048184479,0.053933386255549665,0.05489528920837161,0.09067170229541648,0.10629458192859503,0.004053288449989056,4.89363226862326e-10,0.10450113193241863,0.13585576475080485,0.1312159964643262,1.2701549097089747e-09,0.08056393722198624,0.09903300244584215,-2.3539648924970548e-05
2023-07-03,7.810216971481256e-09,0.04255272398733296,0.09803299973983608,0.05346260269901904,0.05531508071923749,0.09008924420994706,0.10441043806480611,0.004009723150626723,4.851048667939054e-10,0.10561017574537893,0.1387399632561957,0.12828294315317557,1.2812984329853744e-09,0.0790433444713037,0.10047433900796279,-2.358778144249004e-05
2023-07-04,7.767164665830918e-09,0.0421168035874137,0.09892183978209054,0.053126993430438293,0.055129614741743764,0.08757044509952303,0.10580145050042877,0.004058676795842537,4.854351379896935e-10,0.10317169114484062,0.14154942341280638,0.12692836734311674,1.2720169295474911e-09,0.08243287427346341,0.09921540226176462,-2.359189808932196e-05
2023-07-05,7.798259721599982e-09,0.04223107869025747,0.09904737792939165,0.0531441333379222,0.05522243405554446,0.08762561332556904,0.10542939327802996,0.00413401593671966,4.746630677581939e-10,0.10452044857935236,0.14304607071307582,0.12807962692237254,1.2935016476800572e-09,0.08207822573381224,0.09546508868309742,-2.3516751569368806e-05
2023-07-06,7.836893324743318e-09,0.04204441504552717,0.09882468034203354,0.052686745722912987,0.055218247890893336,0.08745832132667083,0.10264006133856683,0.004199412595582724,4.931830059207014e-10,0.10612584056330954,0.14342099352349413,0.12872331063987746,1.2916327057251294e-09,0.08270704490867567,0.09597456119772049,-2.364471697389412e-05
2023-07-07,7.79936435833808e-09,0.04289787505470597,0.0975529358328875,0.05329443816683022,0.055332148012684476,0.08988728826748042,0.10345786176215921,0.004192125430769945,4.930451453944806e-10,0.10655663895079534,0.14125529545261664,0.12750256651462283,1.2556051962986382e-09,0.08160553961569807,0.09648899264244758,-2.3715251712840535e-05
2023-07-10,7.815589103976929e-09,0.04200796441694285,0.09734055091037831,0.053603007605068205,0.0551873179923974,0.08910242162543479,0.10282243651469467,0.00415769757765088,4.881282801045974e-10,0.10679076783403191,0.1464641149561403,0.12584774345145358,1.2480826440925465e-09,0.08149728962067337,0.09520237062649532,-2.36926831616942e-05
2023-07-11,7.935503111504275e-09,0.04120262604461237,0.09726380998245789,0.054376799986798875,0.05526683020805693,0.08861085131510014,0.10396018877389518,0.004232630830480378,4.921733229834466e-10,0.10600868315074832,0.1483133801334724,0.12564814097328983,1.2710434315165434e-09,0.08414140391764897,0.09099844943270913,-2.3804447990458116e-05
2023-07-12,7.892475564008683e-09,0.04021820923724183,0.09918815815579582,0.05373974152285528,0.055413571656542156,0.0880106231301716,0.10218619908285195,0.004151155327702801,5.006135357286702e-10,0.10691287720242879,0.15203460347199835,0.12499156825370135,1.2696352056481277e-09,0.08322129235082894,0.08995563681396243,-2.3645868805666388e-05
2023-07-13,7.74053610500137e-09,0.0398710695213746,0.09741407728510271,0.053503486162050654,0.055006610345405424,0.08750825803639918,0.10352069960212167,0.004110330045226291,5.015397580347795e-10,0.10929582743832099,0.15381932074549695,0.1262510106403152,1.2512323622317585e-09,0.08280580353530378,0.0869169136950819,-2.3416545507689636e-05
2023-07-14,7.692044777348648e-09,0.039546092938743074,0.09637947428666632,0.053546957288513615,0.0536136107664758,0.0883785842166972,0.10365310309402334,0.004062155911365749,4.95076873630695e-10,0.10893554584361811,0.15592899862168688,0.12512450634839045,1.2411090004056181e-09,0.08195823894355389,0.08889587840318097,-2.3156091146153135e-05
2023-07-17,7.666134499797014e-09,0.03954002311598363,0.09791922298044158,0.053648084074780535,0.05436651165944899,0.0873687244190376,0.10339562607477931,0.0041488969084772145,4.902754889197072e-10,0.10872023018638757,0.15663970380953085,0.12308993121952656,1.2326643676702086e-09,0.08216623062102729,0.08901995974510085,-2.3154203596511624e-05
2023-07-18,7.74137269720813e-09,0.04006755152164381,0.09680100577220094,0.05360002702291073,0.054694352453759955,0.08887888043247481,0.10418044146305638,0.004157431027368156,4.941216973615674e-10,0.10963717041521205,0.15398276191870694,0.12325020159798265,1.2617900304576319e-09,0.08170149485653046,0.08907176944826091,-2.3097427392242483e-05
2023-07-19,7.75640033767734e-09,0.03929625791983979,0.09723876037106127,0.05401832992819861,0.05459067913917986,0.08794722077494328,0.10339676171355545,0.0042211078466859245,5.108612389611887e-10,0.11249269186607405,0.1513130452871292,0.12559613023162597,1.2528301832560715e-09,0.08120787841847664,0.08870431778940893,-2.3190806270932844e-05
2023-07-20,7.833042975228591e-09,0.039805480615458924,0.097451189282589,0.05414483338890523,0.055079834232789456,0.0888827443640644,0.10539078567582731,0.004158339374725957,5.127592199746494e-10,0.11100962394492665,0.15171344893200847,0.12555525071796106,1.256222695340643e-09,0.08030984993950627,0.08652187008871408,-2.3260159501895044e-05
2023-07-21,7.687603193696826e-09,0.03980319984333596,0.09712387993235633,0.053796419575869656,0.05604051103496474,0.08802528218767751,0.10755756622604218,0.004260145033833448,4.986441681092509e-10,0.11133540887684562,0.15096190473196547,0.11957536582654714,1.2263330298816475e-09,0.08157467376521449,0.08996891802308936,-2.328447032234671e-05
2023-07-24,7.78579504520239e-09,0.04010280294410164,0.09751574259500911,0.05507024227828003,0.05775121384336928,0.08774321477595855,0.10511324073307639,0.004151724306463471,5.106831853257828e-10,0.11175088191856222,0.15209015914705193,0.1164887113135086,1.215639800351773e-09,0.08150719346332165,0.09073824100639437,-2.33778372153912e-05
2023-07-25,7.679661527312314e-09,0.039289871009286485,0.09573761863519833,0.0552852899766323,0.05735577203773968,0.08756841229702292,0.10282743314346637,0.003939360926906203,5.018137225081099e-10,0.10918427280990556,0.1514777783645563,0.12176409914510457,1.2186899926203502e-09,0.08475248421089197,0.09084073976900234,-2.314172587826415e-05
2023-07-26,7.627008736353452e-09,0.03939343345772191,0.09749474091634396,0.056398904103592135,0.05690956954621603,0.08778504527020439,0.10076955982352181,0.003982547898667311,5.130318709635215e-10,0.10918002472765674,0.14974693974326064,0.1224302066086552,1.2269118624089355e-09,0.08483166588110774,0.09110046871635831,-2.311606025882509e-05
2023-07-27,7.598100277666041e-09,0.039706057537575154,0.0980637832193544,0.05564764546325973,0.05609648550309312,0.08732288087883303,0.10156976343607012,0.0039831046362409535,5.071561374284988e-10,0.10941508062368852,0.14866651664277283,0.12401950061628501,1.231842197999785e-09,0.084194068702206,0.09133816514833515,-2.3061744812605585e-05
2023-07-28,7.772855515468577e-09,0.039890654543991266,0.09952460163905935,0.05618829965920028,0.05698289747703627,0.08750710324310505,0.10280109007776338,0.00408869575571439,5.054418402337334e-10,0.10830514100083656,0.14712022115872586,0.12287926863098465,1.2581347710569576e-09,0.08292584326427004,0.09180947204970608,-2.3298036825296027e-05
2023-07-31,7.770935542320932e-09,0.04215054343283292,0.09685396503036107,0.05393302126812968,0.05489491771139418,0.09067108868605532,0.10629386259335745,0.004053261019868373,4.893599151581292e-10,0.10450042473412874,0.13585484536397402,0.1312151084765447,1.270146314095095e-09,0.08056339201565615,0.099032332252432,-1.677211517645497e-05
2023-08-01,7.769245707431184e-09,0.043174179755078666,0.09601197967005966,0.053538276476980624,0.05493264153920686,0.0910391073822835,0.10814609574524661,0.0040992860850467445,4.887510155748214e-10,0.10480504612907303,0.1358318363185033,0.12984358574726793,1.256716254226036e-09,0.08249081299408981,0.09610399087582767,-1.6848233377633027e-05
2023-08-02,7.849560459342815e-09,0.04281607697343291,0.09475313537593655,0.05373432711991633,0.055657610902882626,0.09190698565843333,0.10836688537486873,0.004142970331387939,4.740882109780712e-10,0.10347680037889849,0.13321429281137323,0.13192130531914897,1.2426101400888604e-09,0.08338394057573745,0.09664242250743794,-1.6762895713461325e-05
2023-08-03,7.82362211249696e-09,0.042770692507118596,0.09655117550856104,0.05352087803424523,0.05602048548839713,0.09144212045747988,0.10845301737146391,0.004161297788773681,4.709737679444246e-10,0.10245845419483042,0.13452318097985405,0.13071747857685262,1.2313411190423567e-09,0.08238826934756163,0.09700978160542784,-1.6841386503338764e-05
2023-08-04,7.890137578503745e-09,0.04340632391580641,0.09576065313724466,0.054823181864151346,0.05532050238384773,0.09268742930967208,0.10737109650140227,0.004109080902770984,4.656823361198225e-10,0.10235921546681725,0.1357691863254071,0.1321812326968302,1.2108698019547644e-09,0.08089988700262415,0.09532903207139677,-1.683114466068406e-05
2023-08-07,7.872099471980479e-09,0.04326170540719989,0.09466658007891376,0.054929452332643326,0.05677686829275763,0.09198698712546702,0.10662925745935874,0.004137366774283339,4.61353920720143e-10,0.10332027427106777,0.13406188360574353,0.13613948850345556,1.2171006231503467e-09,0.07991693940772941,0.09418999420643913,-1.6807015613074273e-05
2023-08-08,7.845080076160012e-09,0.043926719219234946,0.09350855297690065,0.05459111031288413,0.056476530877915654,0.09211292606220828,0.10640904280181922,0.004056543795570876,4.5937542729039985e-10,0.10333440436396263,0.13292579989540065,0.13795603845194318,1.2389148690189266e-09,0.07994629592217095,0.09477285346431337,-1.6827687694940273e-05
2023-08-09,7.731535310822682e-09,0.04400608267869886,0.09510177307523461,0.054660170285431686,0.05631676426384009,0.09539113523157373,0.10970100375205799,0.004109003830618287,4.700811842968814e-10,0.10039618995748986,0.13206439027464914,0.13773583213968177,1.241694083352565e-09,0.0797429413290976,0.09079163015259634,-1.6926414280470975e-05
2023-08-10,7.779069146734664e-09,0.04435976413534242,0.09699310598327456,0.05430551213278992,0.05586679325118657,0.09235652923974928,0.10955737028629299,0.004172661781462398,4.670795460832308e-10,0.10402028522507013,0.1318808486414138,0.13846453009814907,1.21544211578771e-09,0.0803894587510416,0.08765009624297493,-1.696523033855516e-05
2023-08-11,7.834949089615028e-09,0.04471425975651283,0.09848366635928954,0.05370830195946966,0.05601711114114088,0.0930954629414688,0.11029892837981889,0.004124903724909012,4.508811472552645e-10,0.10467242021083686,0.13167484958996342,0.13726984612409066,1.2329174160305774e-09,0.08040356293118188,0.08555364984119924,-1.697247862934187e-05
2023-08-14,7.631859368195087e-09,0.043859022966626963,0.10024401340289404,0.05373484651440132,0.055712870359053375,0.09216571200987546,0.10908996739767796,0.004161165567782203,4.441999500805404e-10,0.10481062897060238,0.12994538705932196,0.14069710004128338,1.2396272254249979e-09,0.08161484505745745,0.08398126780588037,-1.6836468543528106e-05
2023-08-15,7.663266610161088e-09,0.043466910268327684,0.099784343024838,0.05442851051119589,0.054693183517153444,0.09188079211184111,0.1091142935386413,0.004168240560811687,4.3875814291669993e-10,0.10760087947795066,0.12651601408553395,0.14336403084103375,1.259100712008146e-09,0.08397965062179259,0.08101987718953119,-1.6735109776764994e-05
2023-08-16,7.613757894052977e-09,0.04420230524453615,0.09794002589534731,0.0535242333251121,0.054470795350248145,0.09228230004071,0.11167400004317589,0.0041654508259770405,4.3566204029671244e-10,0.10833890616491748,0.12773873131300426,0.14473045291536607,1.2578093995177029e-09,0.08116190331204318,0.07978764753365883,-1.6761271325788888e-05
2023-08-17,7.72080816318168e-09,0.04431533238472543,0.09766640603284098,0.05424972225535011,0.05376331709873604,0.09208709284637068,0.11197155324721149,0.004142848264239301,4.3668918325102307e-10,0.10811943699473778,0.1249591924204396,0.14531073187654173,1.2297020327806493e-09,0.08148833425127638,0.08194279151061945,-1.6768570288470896e-05
2023-08-18,7.656252534298697e-09,0.04354055292395625,0.09697996560355328,0.053429114377461756,0.05384778002173796,0.09139945915926219,0.1139187992937913,0.004187847683665221,4.333023472523742e-10,0.10872221130449139,0.123488184002257,0.14460713341923612,1.2153287087633383e-09,0.08218338304495727,0.08371222918141598,-1.6669320669377244e-05
2023-08-21,7.64586972074794e-09,0.04355984315518371,0.09708659469956225,0.05329648867184405,0.0526395351177104,0.09258051138056915,0.1156812747310304,0.004137916568539971,4.27208204611134e-10,0.10881345681605824,0.12352376745292037,0.14288598239099967,1.1785829976055107e-09,0.08194104375203232,0.08387009479015957,-1.651877827109492e-05
2023-08-22,7.642532280621616e-09,0.043398420926541455,0.09610664610465261,0.05351824490943881,0.05230594420252673,0.09137503146842674,0.11458282551672296,0.004007118890309627,4.230622909797311e-10,0.10920701561024784,0.12333854547545374,0.14553416120979681,1.165045004460608e-09,0.08209970400038227,0.08454272832066297,-1.6395865802203028e-05
2023-08-23,7.792899985941806e-09,0.043358706721639335,0.09480003367986763,0.05391339041563812,0.05336855840377239,0.0907912041678523,0.11562420340045362,0.004067878712324497,4.285128916532964e-10,0.10918444267239777,0.12168491765016644,0.14503030892637134,1.171989613706534e-09,0.08328769186082917,0.08490500718146811,-1.6353186183252498e-05
2023-08-24,7.69691989300172e-09,0.0432217678757812,0.0948476558697608,0.053678445366159545,0.05236981458157886,0.08979942531601735,0.11609706461770522,0.003954023023099762,4.1165673170115066e-10,0.1107889348640416,0.12165232596111078,0.14527631198697474,1.1401715554598088e-09,0.08369799192484416,0.08463243610198605,-1.6206737808375556e-05
2023-08-25,7.605748497711973e-09,0.04398508865670431,0.09531671078885275,0.053608498727968065,0.05230056664580112,0.08776927246883624,0.11741748781181419,0.00398206214104745,4.118653733243781e-10,0.11337377593395792,0.11933741221678967,0.14431501824891152,1.1271170177266435e-09,0.08356773311861802,0.08504261898044772,-1.625488447994908e-05
2023-08-28,7.677132240605961e-09,0.044064231577645184,0.09491977472795063,0.05493964072805635,0.05412395466838729,0.08840918261818005,0.11685444300431702,0.004087667390751078,4.0524978881919416e-10,0.1134117043461002,0.11865156183929837,0.14228735709130905,1.1279109119925853e-09,0.08271897564356698,0.08554783497261817,-1.633781847351832e-05
2023-08-29,7.71508442215979e-09,0.04399352800693582,0.09498844056829407,0.05505558389749322,0.054918619644656136,0.08866698165320719,0.11872864633640114,0.004141727836898582,4.1069548054332735e-10,0.11642650136186863,0.11708020312618575,0.14185747004447388,1.1686387040242397e-09,0.08274755741483208,0.08141114192885708,-1.641111452213605e-05
2023-08-30,7.713048660275723e-09,0.044127853954722594,0.09246271665956436,0.05599536878360883,0.05453896222939384,0.0892006060398457,0.11858287169285844,0.004073671836942799,4.049314344992098e-10,0.11495665301645996,0.11936941773361909,0.14178312856783729,1.1602551227382915e-09,0.08150380676117462,0.08342136848926059,-1.643504352342867e-05
2023-08-31,7.771015740268091e-09,0.042150978436705566,0.09685496458686586,0.05393357787004283,0.054895484240312854,0.09067202443377059,0.1062949595719039,0.0040533028505091405,4.893649654716216e-10,0.1045015032039597,0.13585624741906127,0.1312164626484174,1.2701594223143601e-09,0.08056422344948037,0.09903335429021701,-2.709253178676071e-05
2023-09-01,7.910564112784672e-09,0.04218739829586797,0.09721496499665555,0.05355793580402052,0.054302477413103074,0.09127614646299974,0.10666761256928037,0.004010366952612169,4.792169464982919e-10,0.1025093376041124,0.13858178537310245,0.129951678316724,1.263542802838792e-09,0.08275579699155873,0.0970115875315403,-2.7097964901195936e-05
2023-09-04,7.797644805582204e-09,0.041548134700575036,0.09818112421695202,0.054378636914574126,0.05439564055272075,0.09151821851455784,0.10506088409276204,0.004091090780285725,4.776412282168571e-10,0.10311798152193871,0.1373522040778433,0.1284395315571987,1.2911387955318646e-09,0.08297661358882101,0.09896682045844629,-2.6890543100422387e-05
2023-09-05,7.797453051184986e-09,0.04109239615917644,0.09733114225835764,0.0543151360644092,0.05385663159980274,0.09001237344018427,0.10652267188930348,0.004050443795579609,4.775656954727957e-10,0.10336634275094525,0.13575200799983167,0.13130317904797265,1.2631932679323956e-09,0.08319996818932844,0.09922451712108739,-2.681985419088241e-05
2023-09-06,7.781428820458926e-09,0.04049153734215645,0.09810014257831282,0.05469847703048781,0.05333835806430987,0.09070142301002655,0.10691450944433728,0.0039716035638769406,4.708919514187476e-10,0.10505646015368392,0.1362601280205252,0.12989335284826514,1.242676036601522e-09,0.0823221029086018,0.09827866869154349,-2.677315112398266e-05
2023-09-07,7.696948265926441e-09,0.039663939240621365,0.09902638056855631,0.0551524540321803,0.052367834832191595,0.09061037382401925,0.10532579157433027,0.003946241373052437,4.672353795583885e-10,0.10408422050826246,0.14031242256754667,0.1285965238764104,1.2219375127570442e-09,0.08097413840082274,0.0999663603569757,-2.6690541090476455e-05
2023-09-08,7.51815204999206e-09,0.039054147881577135,0.09980016037322287,0.05488325908357458,0.05208939843945218,0.09237937746774515,0.10487554127159023,0.0038771679382463464,4.6178144598328025e-10,0.10148467029426209,0.14209739414132916,0.12887745938076045,1.2368083178145513e-09,0.08215248037132039,0.098455412775112,-2.6478634934316593e-05
2023-09-11,7.492360672211191e-09,0.039251230455247234,0.0994135271240093,0.055296669854781065,0.05310438225684782,0.0927044613472177,0.10568840885121214,0.0038942525558472328,4.699805144326125e-10,0.10101570491226365,0.13784299184316487,0.1306618102160032,1.2656429088868506e-09,0.08331022025363374,0.09784295125887793,-2.6620157090084697e-05
2023-09-12,7.395022845198796e-09,0.03935833312201663,0.09934265495185614,0.05509492603006819,0.054161441431513864,0.0913821783315896,0.10799000888021669,0.003887841903695354,4.562312174767983e-10,0.10052942177254681,0.139702896365684,0.12959994294485228,1.2304964627358277e-09,0.0829006307928544,0.09607626822720325,-2.6553835847777126e-05
2023-09-13,7.498866872439979e-09,0.040038558594850955,0.09913392013712488,0.055164677920083276,0.055176620175425586,0.09123425387109066,0.10742660824247728,0.003859435879479182,4.6300927863199e-10,0.10198239992302514,0.13948730710875315,0.13086405005573418,1.2757047251773187e-09,0.08222179838611192,0.09343715733676927,-2.67968685064035e-05
2023-09-14,7.510257410776263e-09,0.039884231242970865,0.09810722747681414,0.05542815375979339,0.05559100157409877,0.08841862420952372,0.10620389062752975,0.003975912728894468,4.658312280476209e-10,0.10279320069424017,0.14178285190422368,0.13058003374494104,1.2903878496212198e-09,0.0830971059632011,0.0941644741919573,-2.671738466486008e-05
2023-09-15,7.457728296230378e-09,0.03979643239221379,0.09710309377330516,0.05522123193542544,0.05459102536991193,0.08718786150057481,0.10539781517101379,0.0039079772430366585,4.6061110862370154e-10,0.10215132572707668,0.1421808269416417,0.1321857492289594,1.2752511990244894e-09,0.0848115182564635,0.0954917394579902,-2.6606191203685953e-05
2023-09-18,7.470249715796847e-09,0.039737136816259726,0.09714414257353776,0.055806118882168534,0.05523852151969696,0.08842032557053116,0.10515085288799479,0.003927397141760783,4.684608190130726e-10,0.1008780012669237,0.14105373198406487,0.13185684306036913,1.291836145433669e-09,0.08599222617065684,0.09482121217866263,-2.6519283173592195e-05
2023-09-19,7.36846699276252e-09,0.039862627025373784,0.09624766473612252,0.05489192313455394,0.05443139247723156,0.0888593539301393,0.10716834480239838,0.003932841303584689,4.703361240235708e-10,0.10282112854673289,0.13765306546683603,0.13313969197019881,1.2928347302930006e-09,0.08696606806914153,0.09405242029625335,-2.6530890204506208e-05
2023-09-20,7.350687688715223e-09,0.040134254437804065,0.098491597038281,0.05573562098939933,0.05439165836412148,0.08781198444222027,0.10531474346130822,0.004028430270039604,4.662577948741425e-10,0.10287593052211559,0.14139070580925506,0.13025012094775934,1.3342305744367258e-09,0.08706000246814166,0.09254160978998721,-2.6667691608950184e-05
2023-09-21,7.371962643607715e-09,0.04005074709321689,0.0994848561313489,0.05561604851688773,0.05341347094851073,0.08803529378161927,0.10394673053804615,0.004062080952085694,4.605485049330865e-10,0.10265843098476221,0.142592633585059,0.1305045898802798,1.3475755119378334e-09,0.08863345996625954,0.0910284506426916,-2.6802200854144892e-05
2023-09-22,7.4203318225342895e-09,0.03897976516371792,0.10047180950310973,0.055826500541111504,0.053160132460724006,0.08903833689555658,0.10636718863522975,0.004064436159379008,4.5745145375066546e-10,0.10368609343022575,0.14054981193296942,0.13001746106090112,1.386813181171671e-09,0.08940333386403114,0.08846211021272389,-2.6989124276393106e-05
2023-09-25,7.244222043335436e-09,0.038776447217916156,0.100715945152214,0.054418651703787436,0.053089107859013565,0.08994712074287103,0.10834550047096746,0.00405624618046221,4.578282864223416e-10,0.09959042713174655,0.14436999196277028,0.12791043294520787,1.3551927047096525e-09,0.0884086834491808,0.09039823442423953,-2.6798297619881305e-05
2023-09-26,7.342809364103832e-09,0.03855099461909652,0.10108388236166949,0.05406350675908316,0.052053545272361924,0.09101184576854676,0.10669101268761805,0.004115871054236336,4.634427278862531e-10,0.09985065690672333,0.14763117200793618,0.13182438726590326,1.3418876837240974e-09,0.08651955038032608,0.0866301684480247,-2.660267966561087e-05
2023-09-27,7.502630355046169e-09,0.03840154847165247,0.10238444969058312,0.053637754749549585,0.05306109891900262,0.09025721654296848,0.10505072250729576,0.0041067755058360285,4.6014112928354573e-10,0.10085546306582531,0.14763098228665966,0.1333344440665358,1.3362242506398954e-09,0.08554983151842985,0.0857563153539042,-2.6611977238539405e-05
2023-09-28,7.691630937802194e-09,0.03871190006459613,0.10077457416705457,0.053629408687654034,0.05343561958218417,0.09293786255619581,0.1071407373912977,0.004077303904778537,4.79512084735827e-10,0.10141329831440014,0.15152059670062434,0.13153137944849647,1.2878330242301854e-09,0.08386642155875827,0.08098764814231048,-2.675997732686237e-05
2023-09-29,7.770955919419514e-09,0.04215065396080913,0.0968542190027152,0.05393316269234884,0.05489506165791692,0.09067132644555062,0.10629414131919487,0.004053271648408389,4.89361198367233e-10,0.10450069875717846,0.1358552016051964,0.1312154525513586,1.2701496446975064e-09,0.08056360327055231,0.0990325919369431,-1.9394378639905702e-05
2023-10-02,7.804124504476806e-09,0.04187716564102834,0.09740876958266656,0.05343931029492373,0.054651741606462564,0.0929117771709937,0.10576391822821345,0.004009462466485357,4.981349598257896e-10,0.10285528466390007,0.13441170422734378,0.1325746809589737,1.2919033950423582e-09,0.08241088416111966,0.09770468808598932,-1.939668226332643e-05
2023-10-03,7.876223687355584e-09,0.0418303181121475,0.09712453223683913,0.05437585754936271,0.05448791990390322,0.09359093390251681,0.10638429229082513,0.003963589817274551,5.072055144054438e-10,0.10414825232156663,0.1305928333320328,0.13371449372971894,1.2793960615794588e-09,0.08439019236474841,0.09541623718761104,-1.9462411372286158e-05
2023-10-04,7.851860123936327e-09,0.041996347977798165,0.09721378031106366,0.05487150337094613,0.05350388005727042,0.0956127337827167,0.1071858721449125,0.0040418606056061126,5.140448583256753e-10,0.1041847273696401,0.1279490019807547,0.1325214077730329,1.3158740318836047e-09,0.08657530981853022,0.09436302903430602,-1.946390835673742e-05
2023-10-05,7.575257529258625e-09,0.041536760585706746,0.0960607837969917,0.05423535149095156,0.05337748898801034,0.09584579267503675,0.10767654544378606,0.004032237382659889,4.959965261978083e-10,0.10274346206631722,0.1315864225094085,0.13222038180516035,1.3131049153876777e-09,0.08640382259171392,0.0943002293437215,-1.928806382356042e-05
2023-10-06,7.375653886962095e-09,0.041274635806682405,0.09565012411495925,0.05482130603676913,0.05320485333435577,0.09346783010997889,0.10789482307497483,0.003971461372940784,4.852377583958246e-10,0.101041453157726,0.13225881145194973,0.13453934613056898,1.3194793744526317e-09,0.0870875443693862,0.0948070104268016,-1.920856746477246e-05
2023-10-09,7.368207382745742e-09,0.041485293068984304,0.09297457564769175,0.054787959622695864,0.05243236987705237,0.09468823935385648,0.10748726116559612,0.003966182092727551,4.735733229264057e-10,0.10246009912350335,0.1333774072218452,0.13557844940902486,1.298549875800906e-09,0.08572331188865448,0.09505800940793918,-1.9167019902008306e-05
2023-10-10,7.318375648588561e-09,0.0416606151155951,0.09079218898535367,0.054475113895819945,0.05357171224941916,0.0952158386076555,0.10772559065718507,0.004077717700126898,4.571647791522542e-10,0.10116912756133573,0.13252168864284603,0.13755597601685424,1.318673289479221e-09,0.08438515946129545,0.09686842133376844,-1.9159321468979082e-05
2023-10-11,7.2714851018703565e-09,0.04206279005719841,0.08955100150390312,0.054260859973459495,0.053119986636892734,0.09626689786347892,0.10670494931438783,0.004065447584365694,4.5950706239034557e-10,0.10178504835220854,0.13411230393605617,0.1377287963744835,1.306031475507868e-09,0.08365992840501138,0.09670108654468394,-1.910558315322313e-05
2023-10-12,7.266389047400279e-09,0.04187315123482553,0.08930129907798807,0.053158327188975674,0.05339316569552893,0.09620958746668348,0.10783580404663068,0.0040538547351110605,4.4638608026975017e-10,0.1009357954993668,0.13330801871124892,0.13907217144651196,1.2551949875794627e-09,0.08349793602288391,0.09737992340852919,-1.904350225437481e-05
2023-10-13,7.217658776547647e-09,0.041886695884290025,0.08866099565946595,0.05269369828795843,0.053109906266097996,0.09530271230700299,0.10879898962259386,0.004010593119953816,4.4030120465291896e-10,0.10368341783147982,0.1353577154658634,0.13468615174019485,1.2382102230766135e-09,0.08385897313848115,0.09796917274865258,-1.9030968205326838e-05
2023-10-16,7.111294173130776e-09,0.04235090622778505,0.0893964821037087,0.05295423943164518,0.05395524127566042,0.09580511247603603,0.10940335970935079,0.004097190518201245,4.473015431909883e-10,0.10228762552738337,0.1366931685612753,0.13313021540810366,1.2487526456462865e-09,0.08456180245326449,0.09538366203930862,-1.9014539071263598e-05
2023-10-17,7.083425312283539e-09,0.04234814154479547,0.08873387310836774,0.05300263829672061,0.05433852147051298,0.09551569530531236,0.10944945430152549,0.0041667475372340135,4.4929672715509096e-10,0.10234813380000124,0.13423791458632123,0.1343055831239436,1.2529290612463208e-09,0.08633090660088942,0.09524133962616477,-1.895808744025487e-05
2023-10-18,6.9674946501035135e-09,0.0416541343421734,0.08951581537801785,0.052702898676050464,0.05467699412212621,0.09574623752224082,0.10930965909320073,0.004165239062896579,4.4398393924841643e-10,0.10243167497034399,0.1331124673690164,0.1336116246919036,1.247245083274342e-09,0.08607546733343456,0.09701674838490569,-1.8969605034028582e-05
2023-10-19,6.918278844136804e-09,0.04184095045561561,0.09047530396148516,0.05291319316104589,0.05471647163765535,0.09559899335669603,0.1099584203205643,0.004146959906945531,4.4794068625657835e-10,0.10282956342169948,0.13160076921138794,0.13487960027512572,1.242367198980983e-09,0.0854384429238786,0.09562017775291763,-1.88549936040579e-05
2023-10-20,6.977163109178832e-09,0.042557133669999594,0.09198203090450903,0.053500520586747896,0.055503310069079444,0.09784485835854126,0.11051539727584188,0.004110532314223823,4.598605792821938e-10,0.10271743085304921,0.131069070022775,0.1317414874062766,1.2639435213188808e-09,0.08352085802502915,0.09495634374523328,-1.8981932273288475e-05
2023-10-23,7.0118473131111174e-09,0.042844330899987654,0.09128678745757011,0.05339159544107266,0.05488931438098219,0.0971141244583708,0.11086659608386942,0.004079747587718909,4.580304679422359e-10,0.10035003650115688,0.13343331820119986,0.13283869906693987,1.281209386185951e-09,0.08546545293171674,0.09345895534329847,-1.8967104970771014e-05
2023-10-24,7.005580741997137e-09,0.042128892815025985,0.0946232146734468,0.053437808085310574,0.05572707001941577,0.09582524242945953,0.1126573121915107,0.004198423118650643,4.5886899648931714e-10,0.09904826590306084,0.13350420149093725,0.12820974194225018,1.2839961857697188e-09,0.08699229980070161,0.09366652954377849,-1.9010761994499202e-05
2023-10-25,6.981315905983458e-09,0.042321961199232976,0.09517124314924363,0.0523838314681273,0.05574991257709861,0.09875444260691424,0.1105602101108919,0.004190896600098168,4.718316339241737e-10,0.10069220575971438,0.1323285186102109,0.1285949966649809,1.28338163329077e-09,0.08577160119535981,0.09349916346015923,-1.8992138561091617e-05
2023-10-26,6.932081514846635e-09,0.04218421718481597,0.09399044110938606,0.0513930100291784,0.05548201008307782,0.10049397885015396,0.1102124657059778,0.004153598477104255,4.751118310547653e-10,0.10002647921471033,0.135766763261351,0.12805818323363138,1.2938479882975827e-09,0.08424999600511364,0.09400775260416978,-1.890445971182168e-05
2023-10-27,6.9395644529985534e-09,0.04209739091196827,0.09334490841028849,0.05094389959795115,0.055594200194870345,0.10116503503716248,0.10987529397993737,0.004165009516651932,4.742323436626866e-10,0.1000530909424888,0.1351593632849258,0.12794274213688536,1.3534802946907128e-09,0.08463094494592605,0.09504698433977869,-1.8872066111984104e-05
2023-10-30,6.975003285076755e-09,0.04202709808814758,0.09474563125911467,0.05082705594526761,0.05636727473169356,0.10084306943922618,0.108575088567527,0.0041914415516211894,4.670127523312973e-10,0.10100773512011928,0.1327116229011828,0.12741687538928734,1.3212151238429218e-09,0.08910271485613241,0.09220326991165524,-1.8886524206295486e-05
2023-10-31,7.770928292203948e-09,0.04215050410727564,0.09685387466767913,0.053932970949772084,0.05489486649560773,0.090671004091865,0.10629376342345258,0.004053257238262362,4.893594585957743e-10,0.1045003272374631,0.1358547186143032,0.13121498605564935,1.2701451290756966e-09,0.08056331685173108,0.09903223985737994,-1.5839120873932244e-05
2023-11-01,7.711995426330525e-09,0.041874941823562266,0.09632204201042488,0.05418330282465121,0.05406353661336263,0.08914047817658707,0.10741166596113182,0.004002367363497971,4.77298900830072e-10,0.10309309696194667,0.13432396365290591,0.13385781765846458,1.2831329189758694e-09,0.08176418515511365,0.09997832953163105,-1.5737205706857047e-05
2023-11-02,7.78838458208536e-09,0.04162428665151388,0.09621297617297772,0.053623890710119755,0.05398306994979974,0.09002106144002267,0.107728054710623,0.004081447950076277,4.697685232556305e-10,0.10401928024158132,0.1317724809843131,0.13424059810531638,1.3014806601110213e-09,0.08155275484074764,0.10115583782926063,-1.5749145985890753e-05
2023-11-03,7.739280971186089e-09,0.04103858759508521,0.09706687877493188,0.054853757609725384,0.05348474735183776,0.09169934161848657,0.1081100104216016,0.00401616781560737,4.6327160062628717e-10,0.10436137890143922,0.13131166165920946,0.13167516630333065,1.2667621557316347e-09,0.08054858384177582,0.1018494985493914,-1.578991173713836e-05
2023-11-06,7.74339235273994e-09,0.040855700923807775,0.09734152820490183,0.05554572053417875,0.05377865855763622,0.0916238978793071,0.10954728942070147,0.003964681677822986,4.621030131887629e-10,0.10412386480295936,0.12879450378528123,0.13086090790387325,1.2217991572620812e-09,0.08343385338477137,0.10014517961858549,-1.5796121121272574e-05
2023-11-07,7.839543732234541e-09,0.040769230029337133,0.0976929873900837,0.05509926437674686,0.05378419820496992,0.09216732405165126,0.11026881978985832,0.0039988573285333305,4.5851827091525486e-10,0.10311267411136013,0.12518833340389354,0.1317227676559728,1.2422668462602636e-09,0.08570378675064423,0.10050750040931755,-1.5753042697496654e-05
2023-11-08,7.900132260795231e-09,0.040674260056651576,0.10028700146046945,0.05478234524668671,0.05437552508556627,0.09330130059641377,0.11184566128843405,0.004062020284268915,4.664922843596386e-10,0.10077046532372679,0.12714220804176804,0.1287214723912009,1.2776273050283524e-09,0.08614825828051792,0.09790545970891969,-1.5987408875992618e-05
2023-11-09,7.842439957443529e-09,0.04045657396037578,0.10162180556995186,0.054932119924598906,0.054630607529260494,0.09476470652405784,0.1117633792316304,0.004107849761671106,4.715189506596838e-10,0.09882287654938747,0.13026234389603053,0.12572666020360931,1.299134749778288e-09,0.08383168310999373,0.0990953746343793,-1.5990508040413508e-05
2023-11-10,7.96504701487704e-09,0.04029289888713707,0.1011514704100165,0.05521511895222755,0.054313612587207113,0.09680090316838279,0.11185683688320518,0.004082164567393274,4.669444873478883e-10,0.09722987723174589,0.12872699163291743,0.12478173270383457,1.2859848424915836e-09,0.08269799925860383,0.1028663406020782,-1.595660272567379e-05
2023-11-13,7.913731647282975e-09,0.04048787173117054,0.10214242859519237,0.05580365621267414,0.054461389356666945,0.09683644001476521,0.11293136199160293,0.004112004051465796,4.668004757094603e-10,0.09521290325247012,0.12821238217811765,0.12281360658536847,1.2755920261977933e-09,0.08305345700935714,0.10394849578861413,-1.6006423589676504e-05
2023-11-14,8.070865563929512e-09,0.04038899300585397,0.10330997872447346,0.05617145233857702,0.05549004188519072,0.09785684713508472,0.11174611055814587,0.004024395006062251,4.704636231606171e-10,0.09473824861041948,0.12658994212921423,0.12058453775803993,1.2834485147871435e-09,0.08562036824700783,0.10349512579971672,-1.605102256363204e-05
2023-11-15,8.114296819767338e-09,0.04034049745516017,0.10185785482063338,0.056638729011065585,0.05474787326344672,0.09787884456544196,0.11122845963577672,0.0040753335752975305,4.630898899308533e-10,0.09531863438115111,0.12487985533685726,0.11955919069331986,1.2017944505965664e-09,0.088898274260077,0.10459248794613603,-1.6044723544217495e-05
2023-11-16,7.995095251668623e-09,0.03958348002493049,0.10055912503471201,0.05668127554149929,0.05309488812243488,0.09698262807028862,0.11305160390002521,0.003980594305671664,4.602715716630168e-10,0.09786343937538569,0.12524788333140416,0.11895212620235328,1.2037947519285014e-09,0.08762004316510835,0.10639882457098312,-1.5921303958330703e-05
2023-11-17,8.010841923260976e-09,0.03902326044456801,0.10071717047917997,0.05638060413985156,0.05322458120588908,0.09723143074750014,0.11556004940343859,0.004043778486001972,4.648387301764651e-10,0.0984481142542622,0.12384530104767034,0.1152727842018622,1.2135487411279397e-09,0.08943342182538074,0.106835503970589,-1.6009895423261033e-05
2023-11-20,7.879716893921117e-09,0.0387619309271438,0.0994877688565324,0.05682202813412529,0.053413104274505394,0.09732178293690277,0.11543353413401426,0.003925490906563837,4.6417947544226626e-10,0.09792175745860143,0.12367398125042538,0.11494437306964957,1.2096854107287517e-09,0.09279973598492883,0.1055103271878289,-1.5824674803501485e-05
2023-11-21,7.907571272458525e-09,0.038375149687813914,0.09981444552834141,0.05713677106772792,0.05337313266074805,0.09889507027920465,0.11347502412823864,0.003878640367275643,4.632963996386844e-10,0.0987627079351516,0.12341528267978702,0.11685503066728226,1.1897568626850656e-09,0.09042690344756724,0.10560757023672655,-1.5738246489253935e-05
2023-11-22,7.821532710490517e-09,0.038195105834233356,0.09877681981074765,0.05634053565477402,0.052788826547918964,0.09794049361844485,0.1118790297844756,0.003828948194751663,4.559461427795229e-10,0.09908412449221658,0.1225800099671379,0.12010764020422225,1.1813913429725374e-09,0.08864290584059943,0.10985112586612543,-1.55752745178758e-05
2023-11-23,7.847704664670066e-09,0.03855740554581313,0.09935828082024852,0.05671625007932548,0.053108549902573486,0.09651645027704137,0.11239009956238082,0.003755719730564719,4.5461487237948706e-10,0.09793871103978957,0.12325542807791072,0.12075452013434199,1.1910994252966369e-09,0.08908970363759373,0.10857443517427856,-1.5563475280852503e-05
2023-11-24,7.785726998482711e-09,0.03870579465763365,0.09996216569522208,0.055670146163689295,0.05184315604275799,0.0951098988713312,0.113373878932395,0.003800316187949226,4.4603495070400017e-10,0.09789483999508372,0.12626088309405276,0.1209758626137405,1.2145608490413494e-09,0.09024952421529917,0.10616899974272011,-1.5475658197505573e-05
2023-11-27,7.825485955906401e-09,0.03898821569695802,0.1007721601669026,0.056649046570703215,0.05246664176265582,0.09217580455958398,0.11215447506518268,0.0037087370459909373,4.5038983404698544e-10,0.0989647283214936,0.12775301164973268,0.1198796651833831,1.2378389025728642e-09,0.09209288014836926,0.10441020387880574,-1.5579563476233044e-05
2023-11-28,7.746419876821817e-09,0.03913738739727034,0.10311762622439766,0.05797787596053243,0.053032342817021565,0.09167309336188562,0.1139471508727492,0.0036996969791630225,4.470520413553022e-10,0.09606043190058652,0.12848731496727506,0.11909392649625773,1.2450661599120361e-09,0.08860404036032547,0.10518473887134415,-1.5635647346936464e-05
2023-11-29,7.596926260034376e-09,0.03971807607644425,0.10409394808785775,0.058014506425817784,0.05360136440733967,0.09087647373942366,0.11450621398262456,0.003756151589778256,4.2821930866639375e-10,0.09577647991688418,0.12895906412318145,0.11918255507787938,1.2821158673297962e-09,0.08714836435729367,0.10438248415739183,-1.5691249178014495e-05
2023-11-30,7.770989188905991e-09,0.04215083441873818,0.09685463366085542,0.05393339359426689,0.054895296677975,0.09067171463311728,0.10629459639210147,0.004053289001520117,4.893632934499924e-10,0.10450114615189028,0.13585578323670217,0.1312160143188901,1.270155082538985e-09,0.0805639481843232,0.09903301592126529,-2.3675722152981497e-05
2023-12-01,7.743835647197907e-09,0.041904291737261394,0.09867316469961149,0.05317816544177477,0.05364657333148401,0.08955100827074454,0.10434370172933624,0.004085708947572366,4.879802208776204e-10,0.10441251743103193,0.13875129142484308,0.1300267221919558,1.290839484548608e-09,0.0830036305453947,0.09844694052138796,-2.372579505382684e-05
2023-12-04,7.853610845838737e-09,0.04210234944658206,0.10037715225859291,0.052598100022761066,0.052957052902407,0.08975279772329861,0.10384822062307748,0.004085660923731684,4.899853739336865e-10,0.10636241908503331,0.13886216334289225,0.12917880777047747,1.2925100674633247e-09,0.0824574834902354,0.09744167378010254,-2.389100529787582e-05
2023-12-05,7.760611056337547e-09,0.04227848801036066,0.10011064334545677,0.053369073056448786,0.05221151499989965,0.08944920690265994,0.1067737879468993,0.004045978999538105,4.900605118156193e-10,0.10474250202304898,0.13633769866203735,0.13304842921062685,1.3013016123780098e-09,0.08297392476335053,0.09468271118831761,-2.396866061752003e-05
2023-12-06,7.753445813516467e-09,0.042591158774409124,0.1009231399044216,0.053551635316211064,0.05127978806597865,0.0894349516816304,0.10729084116827424,0.003926947006275563,4.799423861238514e-10,0.1057565655313304,0.13771623039110387,0.12905699465445072,1.314222722317913e-09,0.08279121001459724,0.09570438885672643,-2.3860913020067087e-05
2023-12-07,7.653766882179168e-09,0.042574575839482945,0.10114528129501023,0.05297214634923898,0.050942558224366115,0.08809166270757562,0.10894339998680289,0.0038939662475472297,4.702132770936691e-10,0.10388647709736279,0.13708512613689544,0.1298348997262322,1.275005804398954e-09,0.08501781798134624,0.09563577050988928,-2.3691500735832983e-05
2023-12-08,7.685275288297126e-09,0.04252161857254514,0.10114283444879069,0.05287127165135157,0.05156322354301809,0.08806975432290831,0.11005793648435042,0.003869681025588351,4.715493842263104e-10,0.10258713116770064,0.13978445385881405,0.12801222545392527,1.2678035077476511e-09,0.08453685123262904,0.09500668877565434,-2.3679961904088518e-05
2023-12-11,7.732529960184799e-09,0.04235803707285009,0.10260174240370254,0.052344131558363836,0.05164041161297905,0.08714761716828186,0.11062751930576552,0.0038669726313738627,4.702544330147236e-10,0.10443532938263762,0.13824973420110315,0.1292318166407253,1.2502892292101955e-09,0.08468458743878668,0.09283575047857542,-2.3659348218491563e-05
2023-12-12,7.639912033508834e-09,0.04208045397828383,0.1040157299604255,0.05210750975578017,0.05238096728816569,0.08690314033833982,0.10943498200212488,0.003929350514270575,4.706875956402602e-10,0.10282502968436556,0.13854063501701383,0.1278939424872182,1.2001361646608536e-09,0.08566409277727961,0.09424767541391299,-2.3518527916453097e-05
2023-12-13,7.748302200066932e-09,0.04212951796307866,0.10341842458385807,0.05244681515187453,0.05276236182884914,0.08846379751394164,0.1090461789335763,0.003908669454372002,4.6434015220638343e-10,0.10338521667660658,0.13468426916477494,0.1292036555669592,1.2091352537587314e-09,0.08633842820759445,0.0942360959870536,-2.3440454316668696e-05
2023-12-14,7.892369559740199e-09,0.04267479556030902,0.10316278905014002,0.052307906242785626,0.05241613088471567,0.08946267471287035,0.10802882285445432,0.003985538513464557,4.754842897596903e-10,0.10241446832527534,0.13486200761458916,0.12980404420867067,1.2332768215522201e-09,0.08926208423036934,0.09164225897480373,-2.3530773578451872e-05
2023-12-15,7.95177246394046e-09,0.0430107260069592,0.10268194850551024,0.05257082794696216,0.05325110029267411,0.09009756830193821,0.10691284441675618,0.00419248064900347,4.825151561598445e-10,0.10370221895074772,0.1339020112743394,0.1317931516978514,1.2431386258500866e-09,0.08713450743245992,0.09077437949012462,-2.3774642752731003e-05
2023-12-18,7.976452862648579e-09,0.04366648188681725,0.10264396328761699,0.053007703829101346,0.052923925996560844,0.08961672178028975,0.10803067795923889,0.004273329221355875,4.897932384837635e-10,0.10156622460131537,0.13320963410796413,0.13187202985150936,1.2324839810553158e-09,0.08739846207378081,0.09181450168034715,-2.3665974627938113e-05
2023-12-19,8.073582789909812e-09,0.044531798221634535,0.10255859551735923,0.052322503324837184,0.053302571336465654,0.09203973378232351,0.10764110748068507,0.004327327479534907,4.96288736756645e-10,0.1021667746310855,0.13361919090200883,0.13020654747280372,1.1867344783909784e-09,0.08588957320685796,0.0914179915310011,-2.372464320308542e-05
2023-12-20,8.08182319256104e-09,0.04407502792335499,0.10104617591300769,0.05131302842664689,0.053236759873703174,0.09278931168935814,0.10819404208309051,0.004324972098046096,4.810376797386313e-10,0.1006949600710795,0.13659556974113057,0.13148388522060275,1.1444394276039384e-09,0.08504016734496324,0.0912295904105213,-2.3500502805247286e-05
2023-12-21,8.06147289192313e-09,0.04324908824050035,0.10163680918978918,0.05109351803823721,0.052984647184131255,0.09281619160345811,0.10852667893969498,0.004345672312278031,4.770733005704616e-10,0.10084988919642102,0.1333725666019823,0.13283835506963193,1.0926061251398816e-09,0.08502205992648491,0.09328812071864723,-2.360665240860067e-05
2023-12-22,8.037436838154678e-09,0.043873130134619374,0.10364120719071367,0.04950790837617366,0.053268637799353674,0.09004166322941652,0.10914114033716531,0.004376938178894932,4.628608223151516e-10,0.10462576384485109,0.1349793931590823,0.13190669070072195,1.1290250020335874e-09,0.08285575080840125,0.09180553609044267,-2.3769479158925315e-05
2023-12-25,7.880863230176036e-09,0.04477661927647233,0.10425746776255065,0.050000994688262586,0.05359202444959438,0.09092479874014452,0.10952524626306438,0.004404686160397296,4.647683217623445e-10,0.10390187108660016,0.13522505267812696,0.13286055477498737,1.1341932658375183e-09,0.08084034819912263,0.08971414569190281,-2.3819251050842363e-05
2023-12-26,7.945251733732164e-09,0.04454774097448958,0.10470766299121333,0.049278140566146066,0.052531832028400394,0.08977084712012501,0.10899221893971586,0.004355145814825995,4.72835590652309e-10,0.10400539542513529,0.13902853368736423,0.1335355937949881,1.0843556955660115e-09,0.08225751119409581,0.08701313393468965,-2.376597363220933e-05
2023-12-27,7.970595227573476e-09,0.04424431420480753,0.10724412949454634,0.050146716814372515,0.05211701693828385,0.08972748473340275,0.10948097365730103,0.004413748240787553,4.736251402067804e-10,0.10248089135825095,0.1375910554514721,0.13370198188331003,1.1093287616199774e-09,0.08301274835502466,0.08586271456479963,-2.3785249907989407e-05
2023-12-28,7.984369172772022e-09,0.043879643388734166,0.10780797018369813,0.05137914517425687,0.05166896576440192,0.09026614330440118,0.10792447424812365,0.004388338819494282,4.71869037194693e-10,0.1017523084622315,0.14249294439495408,0.13247062146850808,1.1162280660505973e-09,0.0797739621027078,0.08621914971556502,-2.3676599542668643e-05
2023-12-29,7.770933594298845e-09,0.04215053286651318,0.0968539407509597,0.0539330077481724,0.05489490395030819,0.09067106595658055,0.10629383594755774,0.004053260003794833,4.893597924851361e-10,0.10450039853790893,0.13585481130781207,0.13121507558347434,1.270145995694169e-09,0.08056337181998394,0.09903230742695643,-1.6521430461681924e-05
