,ASSET_1,ASSET_2,ASSET_3,ASSET_4,ASSET_5,ASSET_6,ASSET_7,ASSET_8,ASSET_9,ASSET_10,ASSET_11,ASSET_12,ASSET_13,ASSET_14,ASSET_15,CASH
2020-12-18,0.0,0.0,0.0,0.0,0.0,0.0,0.0,0.0,0.0,0.0,0.0,0.0,0.0,0.0,0.0,1.0
2020-12-21,0.0,0.0,0.0,0.0,0.0,0.0,0.0,0.0,0.0,0.0,0.0,0.0,0.0,0.0,0.0,1.0
2020-12-22,0.0,0.0,0.0,0.0,0.0,0.0,0.0,0.0,0.0,0.0,0.0,0.0,0.0,0.0,0.0,1.0
2020-12-23,0.0,0.0,0.0,0.0,0.0,0.0,0.0,0.0,0.0,0.0,0.0,0.0,0.0,0.0,0.0,1.0
2020-12-24,0.0,0.0,0.0,0.0,0.0,0.0,0.0,0.0,0.0,0.0,0.0,0.0,0.0,0.0,0.0,1.0
2020-12-25,0.0,0.0,0.0,0.0,0.0,0.0,0.0,0.0,0.0,0.0,0.0,0.0,0.0,0.0,0.0,1.0
2020-12-28,0.0,0.0,0.0,0.0,0.0,0.0,0.0,0.0,0.0,0.0,0.0,0.0,0.0,0.0,0.0,1.0
2020-12-29,0.0,0.0,0.0,0.0,0.0,0.0,0.0,0.0,0.0,0.0,0.0,0.0,0.0,0.0,0.0,1.0
2020-12-30,0.0,0.0,0.0,0.0,0.0,0.0,0.0,0.0,0.0,0.0,0.0,0.0,0.0,0.0,0.0,1.0
2020-12-31,1.361037069948949e-12,2.241758258626589e-12,5.419983144605833e-12,3.7877579055717735e-12,4.250231450475233e-12,8.912023519852995e-12,0.0020021366158345317,1.8558394464608096e-12,0.0,0.08087846406494725,0.2500875306267886,0.25008753062948347,1.1465184457549224e-12,0.18085701721905872,0.23643744335780223,-0.0003501225428899004
2021-01-01,1.3746171340380533e-12,2.284714367837803e-12,5.491984551631499e-12,3.834937133087344e-12,4.269174492636558e-12,8.989999630155468e-12,0.0020435921227444803,1.8277327774422353e-12,0.0,0.08021791070591516,0.25260285641135616,0.25627780555474,1.1389976907638976e-12,0.1736720452325598,0.23553710697211475,-0.0003513170286424192
2021-01-04,1.3850332609890285e-12,2.294815589725453e-12,5.511928861987681e-12,3.818956839645794e-12,4.198948458272078e-12,9.041225076351239e-12,0.00201882126821549,1.8826983147651633e-12,0.0,0.07943249181788534,0.2499122710561751,0.25568881271179444,1.133415170822541e-12,0.17708501595901946,0.23621346802939897,-0.00035088087175585964
2021-01-05,1.3789976420365692e-12,2.3448074018942215e-12,5.529360337443514e-12,3.8628737307488445e-12,4.179124331740074e-12,9.10796344645893e-12,0.002032856033437184,1.8373704645240356e-12,0.0,0.08125233445174679,0.24901429242260298,0.2516594827322091,1.1436459229879199e-12,0.1778863175305477,0.2385064303293777,-0.0003517135293056949
2021-01-06,1.385127469954736e-12,2.363088878755992e-12,5.630850414712791e-12,3.8986051482729415e-12,4.1371702097667795e-12,9.292748332029832e-12,0.0020836795530019938,1.9248554437577374e-12,0.0,0.08179394417152294,0.2413211930665363,0.2547547067821516,1.1360155804075461e-12,0.1846702982668187,0.23572874688606238,-0.0003525687558623593
2021-01-07,1.3730142293994708e-12,2.369122550121658e-12,5.5514643804279664e-12,3.9613532385034764e-12,4.0634324808665265e-12,9.36560475024351e-12,0.0020404501661883878,1.9305482626318354e-12,0.0,0.08287568852931566,0.23975944024093868,0.25656693440736883,1.1450933090163723e-12,0.18769432304955538,0.23141824616185463,-0.00035508258498116236
2021-01-08,1.3894477023096767e-12,2.3189361197576245e-12,5.548957896014923e-12,3.964459248129286e-12,4.121095813174764e-12,9.429008953559127e-12,0.002014774553270987,1.9160465966643875e-12,0.0,0.08331965721768221,0.23908380082209246,0.256178473782443,1.166814690255849e-12,0.18717142719555946,0.2325891276580657,-0.0003572612589687335
2021-01-11,1.4390482050171996e-12,2.319623375703504e-12,5.519318094865426e-12,4.0600106862875335e-12,4.148468012142124e-12,9.531743935753473e-12,0.002023570702055589,1.937808479581719e-12,0.0,0.0856348148875629,0.2461014608859679,0.2538630054077642,1.1606775903013563e-12,0.180202893371309,0.23253676466528533,-0.00036250995006158616
2021-01-12,1.4458059981826442e-12,2.321792133073242e-12,5.482734895725975e-12,4.04184879276064e-12,4.0965211925214285e-12,9.516986517477144e-12,0.0020360315757075795,1.885670322619842e-12,0.0,0.08652200909030325,0.2434645205271242,0.2558373216824092,1.2131466582242336e-12,0.179152422140603,0.23334857331480813,-0.00036087836095983084
2021-01-13,1.4344609706905129e-12,2.324069669596619e-12,5.505440776295592e-12,4.047659941912441e-12,4.0426850920217465e-12,9.53511319573797e-12,0.0020747283798553313,1.8963616264440097e-12,0.0,0.08614988994786606,0.24627334386705887,0.25689602333701345,1.192268963882267e-12,0.1800994094690197,0.22886709409034334,-0.0003604891211349184
2021-01-14,1.431617874942888e-12,2.3379526470375363e-12,5.545631188429136e-12,4.008839099294243e-12,4.1113642033567554e-12,9.64502069070368e-12,0.0020636128921530665,1.8628788597128452e-12,0.0,0.08591969831801835,0.24778675594040162,0.2564293882999394,1.1553089370707886e-12,0.17961078177012402,0.22855162960388334,-0.00036186685461844553
2021-01-15,1.4292823027787956e-12,2.303916729995499e-12,5.603699232944386e-12,3.891573882762844e-12,4.145675554251106e-12,9.54581118633588e-12,0.0020720932387767637,1.8512297692730448e-12,0.0,0.08477818407380877,0.24160474706979393,0.2606654655917448,1.1446675374347012e-12,0.17903590808169065,0.23220265731400275,-0.0003590553997336511
2021-01-18,1.4149990079061618e-12,2.317297455759096e-12,5.56695365977464e-12,3.88504599479006e-12,4.148761730703714e-12,9.361243609156931e-12,0.00205015960659003,1.886575022651203e-12,0.0,0.08469649363181454,0.2425646877796416,0.2593888237280652,1.1720120214321482e-12,0.17840431362028006,0.23325441724686427,-0.0003588956430085508
2021-01-19,1.4331864818889632e-12,2.3037386199815013e-12,5.67231024740452e-12,3.824819628649664e-12,4.239837231695756e-12,9.336521086119704e-12,0.002047890399783343,1.840102711686325e-12,0.0,0.08351834457914026,0.240728002278277,0.25938780903237785,1.1944954215292376e-12,0.17950400088349225,0.2351734966242188,-0.0003595438271345734
2021-01-20,1.416424163396814e-12,2.2801601166322675e-12,5.774924885285448e-12,3.787726997205871e-12,4.319726783265521e-12,9.296085614222671e-12,0.002045515570350339,1.8658368709826066e-12,0.0,0.08328256361387323,0.23895710440882,0.25887134746932094,1.200349255543301e-12,0.18223691187120813,0.234965540554354,-0.0003589835178678556
2021-01-21,1.4144322440809112e-12,2.301322712321086e-12,5.757210971534283e-12,3.774177874311694e-12,4.209942211549509e-12,8.919071098891904e-12,0.002041755186182502,1.8502608372391828e-12,0.0,0.08301562231343122,0.23706916168435996,0.2619744668698152,1.1938993220743106e-12,0.17852734797272002,0.23772797016603261,-0.0003563242219616186
2021-01-22,1.409374402143588e-12,2.31011848866252e-12,5.7191109671035614e-12,3.74064040081539e-12,4.2082845038522206e-12,8.908171818799336e-12,0.0020521843210216375,1.840767555107368e-12,0.0,0.08235318641648774,0.23981719397327092,0.2603435282770705,1.187327696713388e-12,0.18152377230191086,0.23426584395972072,-0.0003557092788062277
2021-01-25,1.3962565581454407e-12,2.318757085680507e-12,5.719952036293055e-12,3.719271468470574e-12,4.222247279064898e-12,9.013496984702284e-12,0.0020632466006939,1.859025113690695e-12,0.0,0.08237393164451744,0.2422543382709964,0.2595683782365918,1.1763553804987817e-12,0.180616545637327,0.23348109938984077,-0.00035753980939254705
2021-01-26,1.4112046053965175e-12,2.391251200607179e-12,5.717405350169387e-12,3.7287796006416655e-12,4.250227627391618e-12,9.126520304083543e-12,0.0020860229657898867,1.907014225549959e-12,0.0,0.07992131237195166,0.2421286279577196,0.26638085253502514,1.1527792805111319e-12,0.17202982216279727,0.23781343502417632,-0.00036007304714513847
2021-01-27,1.42888353699431e-12,2.389058632424681e-12,5.714604717154758e-12,3.725237292038192e-12,4.299840519746991e-12,9.146902064670176e-12,0.0021217145768877748,1.848921547124607e-12,0.0,0.07934625048797915,0.24365273012579924,0.2667398217594465,1.1812374681957616e-12,0.16796169889502738,0.2405414585428192,-0.00036367441769401607
2021-01-28,1.4221853063288826e-12,2.4099023915446876e-12,5.628862291225743e-12,3.702361212661034e-12,4.1644327132319105e-12,8.77980162540347e-12,0.0021249953450476135,1.830817265709523e-12,0.0,0.07690537901471672,0.2433376605185218,0.27250489137075035,1.178540942423419e-12,0.1671964386742465,0.23829063395060446,-0.00035999890300424906
2021-01-29,1.3605884625544845e-12,2.2410193593316136e-12,5.41819668002656e-12,3.786509433915565e-12,4.248830544284677e-12,8.909086054196167e-12,0.0020014766975189886,1.8552277487216346e-12,0.0,0.0808518059541334,0.25000510001708687,0.2500051000197809,1.1461405452083381e-12,0.18079740547367965,0.23635951191290594,-2.0400104071409305e-05
2021-02-01,1.3447491406336015e-12,2.2514994946378836e-12,5.56351225147773e-12,3.819594499674136e-12,4.2589984276140905e-12,9.060100218192292e-12,0.0020134902271330382,1.866650791914184e-12,0.0,0.08140775776661213,0.2550261062433278,0.24729162649353792,1.1786775065750745e-12,0.18110002390679458,0.23318145217330702,-2.0456840056156336e-05
2021-02-02,1.3762631196066946e-12,2.2761864243465707e-12,5.6873048716537355e-12,3.859975080424135e-12,4.315461379175505e-12,9.245276991504706e-12,0.0020497974984917556,1.839415264470509e-12,0.0,0.08374927530405935,0.25808560286305116,0.24858674432017014,1.1669580613824911e-12,0.1800690584754791,0.2274802581584251,-2.0736649443408854e-05
2021-02-03,1.3670734931754602e-12,2.2495085298582047e-12,5.596047092127904e-12,3.835200335470545e-12,4.310207120260775e-12,9.440340733111726e-12,0.0019968216065268936,1.8592932732797904e-12,0.0,0.08228408697123916,0.2575251686404786,0.24533223679506935,1.1644508083356018e-12,0.18402676852485714,0.22885553125570618,-2.061382369946926e-05
2021-02-04,1.3895167726491188e-12,2.2656583697025032e-12,5.570336539619954e-12,3.870574080576583e-12,4.4244129307276076e-12,9.363811698520963e-12,0.0019914790085715202,1.8845187111196034e-12,0.0,0.08223241850440978,0.25878798077638165,0.2425274973425849,1.1581769791476596e-12,0.1886078489560886,0.22587362329397545,-2.0847911938741127e-05
2021-02-05,1.3706556116813905e-12,2.254752150975495e-12,5.623347661134093e-12,3.868126098300166e-12,4.406744933106047e-12,9.384940455350664e-12,0.0019479027336106155,1.9010361626821845e-12,0.0,0.08185726382969903,0.2634837167780303,0.23835767118409346,1.1833153041133335e-12,0.18950053899595987,0.22487378242640935,-2.0875977795342686e-05
2021-02-08,1.3693440243929203e-12,2.2506352344337726e-12,5.693371851200364e-12,3.817739399892896e-12,4.363070544641964e-12,9.50364836598292e-12,0.0019310911969941118,1.924191599702675e-12,0.0,0.08130508009170674,0.2662608951334328,0.23361299444724185,1.1984641288305544e-12,0.1901125253202468,0.22679826956014168,-2.085577988444792e-05
2021-02-09,1.3695109604932641e-12,2.2267080178549576e-12,5.760459864560669e-12,3.7510271577511145e-12,4.373952971281261e-12,9.67988585657984e-12,0.0019485407787442016,1.9900779608620903e-12,0.0,0.08100451772403121,0.2681218550894729,0.2349605878774456,1.17289888060196e-12,0.1880951783643961,0.22589030228772644,-2.0982152140839864e-05
2021-02-10,1.342083038375928e-12,2.2260450721808717e-12,5.740662474433261e-12,3.6763936991645835e-12,4.392379001878001e-12,9.76222470544104e-12,0.0019532662082038213,1.979735942004868e-12,0.0,0.08181434276788753,0.2693153312870579,0.23157834158358434,1.1780390178142993e-12,0.19210638855296913,0.22325329064352784,-2.0961073528127104e-05
2021-02-11,1.3784870620886154e-12,2.2301260420147603e-12,5.7841353286562685e-12,3.67447888058705e-12,4.436341674945784e-12,9.613922347321021e-12,0.001953095031226333,1.9634544958115757e-12,0.0,0.08369321169888125,0.2741592141111346,0.22397808318144224,1.2293900990845026e-12,0.19459470385853622,0.22164279912476195,-2.1107036292947173e-05
2021-02-12,1.3694641385438883e-12,2.2162527933111316e-12,5.69677199594283e-12,3.653602372394685e-12,4.36879806201696e-12,9.488745738443328e-12,0.001919819810790095,1.9085550102352825e-12,0.0,0.08379751334390417,0.2743058577938201,0.22532474414348336,1.2268872732067008e-12,0.1912319409328229,0.22344105759079053,-2.0933645540142874e-05
2021-02-15,1.3397075223865151e-12,2.1763029295723915e-12,5.58693940906922e-12,3.665816285321881e-12,4.379462463846264e-12,9.463243662021169e-12,0.0019303505970002669,1.8681494492948822e-12,0.0,0.08290154772991733,0.2756370823443607,0.22292798059831875,1.2080233961981463e-12,0.19144455861854356,0.2251792208006369,-2.074071846507043e-05
2021-02-16,1.3326092148780262e-12,2.1772422087533583e-12,5.5290548459275795e-12,3.5647167849517764e-12,4.395109851148555e-12,9.54821238276615e-12,0.0019394864808274187,1.8187657576911634e-12,0.0,0.08015024514810924,0.2821176110486664,0.21913677303939774,1.2363042974522665e-12,0.1950134490948553,0.2216631929568246,-2.0757798282733693e-05
2021-02-17,1.3079052498841284e-12,2.1677175608789508e-12,5.4355656163430285e-12,3.540938612459896e-12,4.335218348312714e-12,9.257599780339454e-12,0.001866529778049957,1.8105131883617784e-12,0.0,0.07885306921131484,0.28311643521127494,0.2217724143382195,1.2210635925688147e-12,0.19233941012566574,0.2220727305944398,-2.0589288041293093e-05
2021-02-18,1.2855267139782725e-12,2.1632315164552408e-12,5.444493627939099e-12,3.553358272857082e-12,4.215322727586849e-12,9.128690870527578e-12,0.0018367046635298816,1.8055527476960674e-12,0.0,0.08035411369579207,0.279706089613422,0.2190237978786131,1.240692336557664e-12,0.19260872633780649,0.22649106350919973,-2.0495727200100615e-05
2021-02-19,1.2895632720362727e-12,2.1388353560534927e-12,5.368643149111169e-12,3.4918515412341526e-12,4.251445882435414e-12,9.272910652282958e-12,0.0018836336748054813,1.8282342668478202e-12,0.0,0.07968400323138129,0.2746597850637207,0.22232445352825286,1.2507203262251205e-12,0.1931361208101617,0.22833250375034408,-2.0500087558178058e-05
2021-02-22,1.2945613217343544e-12,2.1684666098477544e-12,5.448474881129635e-12,3.5168300296380793e-12,4.299127676737756e-12,9.342997135273605e-12,0.0018737656078698832,1.8497133732514623e-12,0.0,0.08107413949789065,0.26964510149001425,0.2236489548176021,1.2336106313103478e-12,0.19531461886464407,0.22846393252158737,-2.051282876196929e-05
2021-02-23,1.2843111662941029e-12,2.193567279325558e-12,5.454084657457973e-12,3.578461482098322e-12,4.330889280393314e-12,9.459848406212957e-12,0.001863294246381092,1.847947601425419e-12,0.0,0.08276918404327366,0.279057248941052,0.22228237688803335,1.2664620947604428e-12,0.18902761603061133,0.22502093742353063,-2.0657602297582474e-05
2021-02-24,1.279227362845715e-12,2.1747331309588267e-12,5.388729777176345e-12,3.6142233474601042e-12,4.342350662988309e-12,9.556130165960556e-12,0.0018906540203001887,1.86481717197056e-12,0.0,0.08312655386193205,0.27518066435299443,0.22748302712274704,1.2602548658261e-12,0.18683156036143694,0.2255083000390467,-2.0759787937680525e-05
2021-02-25,1.269308079031451e-12,2.1675051759138193e-12,5.413796341212598e-12,3.632155794277852e-12,4.299254693528048e-12,9.506059158809775e-12,0.0019200709665235251,1.879952240868335e-12,0.0,0.08474456692097641,0.28060420085937626,0.2224226712210206,1.278693570577916e-12,0.1868833644061159,0.2234458994686613,-2.077387212058052e-05
2021-02-26,1.3605924049408638e-12,2.2410258528191307e-12,5.4182123795752324e-12,3.786520405552932e-12,4.24884285552509e-12,8.909111868805416e-12,0.0020014824969173286,1.855233124354905e-12,0.0,0.08085204022707287,0.2500058244218046,0.2500058244244985,1.1461438662190614e-12,0.18079792934496652,0.23636019677871659,-2.3297722941825596e-05
2021-03-01,1.3736646332822556e-12,2.2479113000747793e-12,5.437175601828141e-12,3.820142230281762e-12,4.254625049210051e-12,9.106380659506647e-12,0.002032725294947985,1.886184500204211e-12,0.0,0.08110139495888617,0.24987176835588296,0.246841906601744,1.1584664314960472e-12,0.17982153146029184,0.24035406109026963,-2.3387791307084757e-05
2021-03-02,1.3715798550044655e-12,2.306942044405359e-12,5.431608160123249e-12,3.86332432116325e-12,4.333320928916473e-12,9.119526011515565e-12,0.002074308310025493,1.8697949719789416e-12,0.0,0.08184422003139151,0.24967771924164786,0.24780553956104254,1.1855039250968038e-12,0.17951781777576045,0.2391039811784834,-2.3586127832710594e-05
2021-03-03,1.3649194763648481e-12,2.273212504725947e-12,5.523344466387861e-12,3.827922431785522e-12,4.365462846646946e-12,9.119987992815456e-12,0.00204143084220022,1.8648302882234135e-12,0.0,0.08139994146939142,0.25386806191082967,0.25145504769351196,1.2016835060187808e-12,0.17758744545934774,0.23367158875002927,-2.3516154851422734e-05
2021-03-04,1.3509440162910152e-12,2.2676146416569753e-12,5.5313789348613835e-12,3.71620918916141e-12,4.346021318402441e-12,9.098926999137056e-12,0.00202504229612473,1.8908371207861315e-12,0.0,0.0827047503531941,0.2519213977547007,0.2543685940953873,1.2310396314476353e-12,0.18108420830515196,0.22791941360114717,-2.3406435138981934e-05
2021-03-05,1.3430195981295825e-12,2.2518977724962015e-12,5.54157260942741e-12,3.732758623810062e-12,4.287268314745117e-12,9.076455548254412e-12,0.0019633302784504126,1.9231375053086525e-12,0.0,0.08250961259909294,0.24985749446530578,0.25846376015758254,1.1661031546663662e-12,0.18046633272094686,0.22676279015836465,-2.332040906539653e-05
2021-03-08,1.3479159051124258e-12,2.309560254552127e-12,5.5325174212010075e-12,3.79612400694835e-12,4.340608046582525e-12,9.29802459948416e-12,0.00196148619532316,1.9187064299414836e-12,0.0,0.0837370536742435,0.24561770517093984,0.25823350066534734,1.1837594741925995e-12,0.18474739256791672,0.22572636320111727,-2.350150461506443e-05
2021-03-09,1.3172562149871833e-12,2.333283565584146e-12,5.4868059186761434e-12,3.7268466926292635e-12,4.212399822414318e-12,9.442619698264624e-12,0.001974895701320999,1.9223654576898727e-12,0.0,0.08500296678081148,0.2533574061766934,0.2534880101235084,1.1892683739774853e-12,0.18025626382988566,0.22594406983240417,-2.3612474254988095e-05
2021-03-10,1.306778034393737e-12,2.3349545097936052e-12,5.458968755454133e-12,3.732723355662302e-12,4.224994868515028e-12,9.65031501091093e-12,0.0019557761712853984,1.886451973914734e-12,0.0,0.08349440331867218,0.25805178165394105,0.25093789618475315,1.171253261469879e-12,0.17777023372800235,0.2278133840512288,-2.347513764945502e-05
2021-03-11,1.2994592449275645e-12,2.310305523173664e-12,5.5345562138247875e-12,3.681162959549011e-12,4.209897331615874e-12,9.692328296845728e-12,0.0019051741422256828,1.891844858973887e-12,0.0,0.08423373822748961,0.2530557742164416,0.2529034670746557,1.1894592219462007e-12,0.17988229960343236,0.22804292057055378,-2.3373864607699165e-05
2021-03-12,1.2949623036591466e-12,2.2939553881530125e-12,5.615585273646462e-12,3.6472688033481575e-12,4.152029685116423e-12,9.763888772521422e-12,0.001882617991707675,1.8643636421570976e-12,0.0,0.08351699832462876,0.25246536613298215,0.2536947512456381,1.2081701046952348e-12,0.1814431939909614,0.2270204116400696,-2.3339355827894627e-05
2021-03-15,1.2803385087681819e-12,2.284102997370787e-12,5.639328536451872e-12,3.618387779794265e-12,4.089872509138315e-12,9.54998749481967e-12,0.001828793648651798,1.8645703945238247e-12,0.0,0.0834911843408879,0.24963235210241483,0.2573433261154065,1.1870091548746163e-12,0.18292508605215965,0.2248023722013001,-2.3114490334315257e-05
2021-03-16,1.2660193174930776e-12,2.2853019256204564e-12,5.633615094989346e-12,3.6136445150673983e-12,4.071985366874917e-12,9.494498605294061e-12,0.0018777291326569532,1.8858625780879715e-12,0.0,0.08319990366336392,0.25238722574954364,0.25825245444799255,1.1814626778913753e-12,0.1809856577694489,0.2233200127452594,-2.298353769755397e-05
2021-03-17,1.2285524266172936e-12,2.291082367542618e-12,5.606288175799031e-12,3.681331264034331e-12,4.074904983274576e-12,9.354556204455903e-12,0.001877476048606209,1.8589647198763547e-12,0.0,0.08362763448643831,0.25646838581149856,0.25498123591125027,1.1830052378802633e-12,0.1766162445146131,0.22645201064569467,-2.298744737983568e-05
2021-03-18,1.2341492658434478e-12,2.3018517959318673e-12,5.6047720117686375e-12,3.697885853537938e-12,4.1533430379220805e-12,9.318476318224334e-12,0.0018806600994334109,1.830090714908308e-12,0.0,0.08374705265938866,0.2610363582907851,0.25387080904663595,1.1781048516950403e-12,0.1753115708694531,0.2241765239729887,-2.297496800363703e-05
2021-03-19,1.235483691396068e-12,2.2631762856534226e-12,5.672939992660121e-12,3.663731037896085e-12,4.1831064727604435e-12,9.152472331774718e-12,0.0018947282286208237,1.84473729253664e-12,0.0,0.08233559671571679,0.2617194537066534,0.2484598650778569,1.1712855792065309e-12,0.17836037553013812,0.22725291205701148,-2.2931345184338295e-05
2021-03-22,1.2266762576631977e-12,2.2246156521915732e-12,5.671265146477752e-12,3.638209450196398e-12,4.036123566174035e-12,9.178381794284646e-12,0.0018806560841881348,1.862892586346737e-12,0.0,0.07772782137629493,0.26106441576088224,0.24794338407577926,1.1286736668248153e-12,0.17397204858362952,0.2374344341828239,-2.276009256491309e-05
2021-03-23,1.230957444824116e-12,2.2554718485729864e-12,5.6677645634142275e-12,3.5739903078731757e-12,4.053997677411726e-12,9.206937130386828e-12,0.0018827916443706991,1.8721332891503003e-12,0.0,0.07806264248256188,0.25743015779673084,0.2516535749294463,1.0974294293805714e-12,0.16860861423527743,0.24238511999835557,-2.2901115701371257e-05
2021-03-24,1.244609138986856e-12,2.26836016938134e-12,5.617698104918614e-12,3.5675001429476225e-12,4.066860793254585e-12,9.076412755503037e-12,0.0018760228583673628,1.9016605568898294e-12,0.0,0.07806079561703146,0.2622914296096116,0.24513353838225027,1.1174630745298271e-12,0.16724314168505555,0.24541811196062452,-2.3040141801135446e-05
2021-03-25,1.2422353188369898e-12,2.2997400976320878e-12,5.56739593825699e-12,3.595048980752847e-12,4.0552751969178246e-12,9.063211220782174e-12,0.0018724997612306266,1.8800646411073474e-12,0.0,0.07803868266499135,0.2635049132316801,0.24566606705322738,1.1339806514838263e-12,0.17019267690499312,0.2407482059308894,-2.3045575848900076e-05
2021-03-26,1.2508486859385438e-12,2.269319049646197e-12,5.595968977705398e-12,3.6163388068868505e-12,3.956583850567188e-12,9.063834351807967e-12,0.0018586275199408084,1.8578723338895495e-12,0.0,0.07716923639280054,0.25980969887207983,0.24574549939336848,1.1465561096641055e-12,0.16960160546380046,0.24583834422424097,-2.301189498825384e-05
2021-03-29,1.2385120494229972e-12,2.1864929569554447e-12,5.4819191934798365e-12,3.5401400967123977e-12,3.921146343878333e-12,8.630399828074003e-12,0.0018944157349144116,1.8445040550087563e-12,0.0,0.07744038248891416,0.26575122552555086,0.2457392557400303,1.1487698619675769e-12,0.16755014323665637,0.24164724396160833,-2.2666715666230236e-05
2021-03-30,1.2129043648140052e-12,2.1330279088983743e-12,5.353118554289345e-12,3.4289375221067128e-12,3.854293330302879e-12,8.307939203575914e-12,0.0018687421017042568,1.8139487433306326e-12,0.0,0.07558372021716135,0.2745330044335496,0.2473671975419697,1.1058056901098348e-12,0.1655867835274856,0.2350828460120836,-2.2293861164135663e-05
2021-03-31,1.3605840371868877e-12,2.2410120703278258e-12,5.418179057128319e-12,3.7864971181443994e-12,4.24881672479588e-12,8.909057077042657e-12,0.0020014701876371493,1.8552217145202647e-12,0.0,0.08085154298044805,0.2500042868656461,0.25000428686834,1.1461368173410438e-12,0.1807968174229929,0.23635874314427816,-1.7147498307815164e-05
2021-04-01,1.3543351834624782e-12,2.2204972271981033e-12,5.402397793544716e-12,3.793526459846294e-12,4.207791406432434e-12,8.937690217356118e-12,0.001962457430964779,1.831984368386637e-12,0.0,0.08189091879245476,0.24928324061335258,0.2465758463116521,1.12946769658131e-12,0.1802084002962969,0.240096335457024,-1.719893062277624e-05
2021-04-02,1.3469193299975075e-12,2.1782008219146573e-12,5.260079740840937e-12,3.751766827587689e-12,4.107346460781774e-12,8.754178992051186e-12,0.001969679066234842,1.8276422494599e-12,0.0,0.07916135343020689,0.24667411791645247,0.24752765630966744,1.1065583899203494e-12,0.1821026207572951,0.2425815251898657,-1.6952698055114386e-05
2021-04-05,1.3722202253467308e-12,2.191589290905756e-12,5.309719685326683e-12,3.824462731004633e-12,4.142601823204319e-12,8.725425094419291e-12,0.0019640021547261146,1.8397208499293522e-12,0.0,0.07924406125669366,0.2518828563038417,0.2391744893083917,1.1401577096386e-12,0.1864548161677553,0.24129677528749255,-1.7000507446993466e-05
2021-04-06,1.373216749890444e-12,2.182110924273315e-12,5.356941106324483e-12,3.850940969061257e-12,4.054765082485999e-12,8.753806093889207e-12,0.0019502963138701126,1.8341673688499915e-12,0.0,0.08105732698261683,0.2550735940364514,0.235228176494271,1.1089639780437868e-12,0.18440119453051615,0.24230633421939515,-1.6922605635539686e-05
2021-04-07,1.3852100816153084e-12,2.224104395719627e-12,5.437780148152994e-12,3.919216950796551e-12,4.097582014996485e-12,8.65458175182375e-12,0.001958024889547211,1.874094910012465e-12,0.0,0.08223793379987644,0.2554662904463276,0.2327061833561636,1.1140808271296236e-12,0.18670393691147674,0.24094465894285214,-1.7028374950392458e-05
2021-04-08,1.3969415133812656e-12,2.226633592441791e-12,5.5627995649441505e-12,3.9481861586913585e-12,4.21505684039398e-12,8.920048411758038e-12,0.001977186288231856,1.8674915005541276e-12,0.0,0.08124169806487393,0.25253304040272706,0.2407436191103672,1.1286946480975373e-12,0.19011439641899586,0.2334072671862972,-1.720750075889321e-05
2021-04-09,1.385852506067125e-12,2.254369164781188e-12,5.599412834063977e-12,3.955328210553701e-12,4.258961374726607e-12,9.139525642603843e-12,0.0019783633347077046,1.8760885670476067e-12,0.0,0.08456672311352852,0.24485265512079468,0.24442610720438976,1.1306566038040487e-12,0.19280441145085356,0.23138900263859985,-1.7262892474270825e-05
2021-04-12,1.3888884318248912e-12,2.2766940094983053e-12,5.80328809317013e-12,4.002925922140894e-12,4.226762760723965e-12,9.115296651400416e-12,0.0019718137829955397,1.8335764411096735e-12,0.0,0.08577723092419784,0.2405058608637978,0.24948620410598668,1.1437451994589927e-12,0.1908013380806861,0.23147485749522573,-1.7305282680927986e-05
2021-04-13,1.4072093809139161e-12,2.2893503305614393e-12,5.793254105518346e-12,3.9848451807352915e-12,4.223219359432275e-12,9.03974971495287e-12,0.0019125352757510753,1.8834547621255876e-12,0.0,0.08616684274371988,0.23989654962393356,0.24600655642664657,1.1382589913826913e-12,0.18496316276226635,0.24107162245595284,-1.7269318029620353e-05
2021-04-14,1.3543530855096915e-12,2.206136459365151e-12,5.6149515676754434e-12,3.938094909435787e-12,4.1137452577140025e-12,8.66460481350135e-12,0.001894264145315275,1.8534639093317943e-12,0.0,0.08486243623238288,0.24273529659941362,0.2484657249818755,1.0954542894576614e-12,0.18551179367556303,0.23654729779419378,-1.6813457584790086e-05
2021-04-15,1.363445329163558e-12,2.172722289396245e-12,5.616088018780953e-12,3.909469333031183e-12,4.1638525380179885e-12,8.802292098915567e-12,0.0018452144554635596,1.856938760451425e-12,0.0,0.08480654126558297,0.2461587647355616,0.25051238948559007,1.1045859360634354e-12,0.18503037803176492,0.23166355555283544,-1.6843555788008055e-05
2021-04-16,1.346511881734735e-12,2.1843493250533015e-12,5.607228632570832e-12,3.896392359283063e-12,4.135247315321212e-12,8.752928585336465e-12,0.0018681487587034742,1.8450771851054778e-12,0.0,0.08564878420535837,0.2449592770714346,0.25026088839587984,1.1340213999606944e-12,0.18468807871004556,0.2325916319945809,-1.6809164904529056e-05
2021-04-19,1.3321377597168807e-12,2.1805736958305614e-12,5.6470872723565925e-12,3.8289914542188e-12,4.147743221400921e-12,8.769579567142916e-12,0.001870381740586507,1.8734368862028406e-12,0.0,0.0876764298295436,0.24119970372336552,0.2510301161489254,1.1366189651192224e-12,0.18124285213343558,0.23699733008571391,-1.6813690486619846e-05
2021-04-20,1.360927920370305e-12,2.1795139957994667e-12,5.676255612022693e-12,3.831717684988475e-12,4.1108554304234455e-12,8.563169855712721e-12,0.0018522499871136081,1.8362259126588157e-12,0.0,0.08751219389048195,0.23983468964938576,0.254786618334978,1.1142542658937339e-12,0.17871611412060495,0.23731493859093541,-1.680460217267842e-05
2021-04-21,1.368287117431929e-12,2.1812893649973204e-12,5.667491902668203e-12,3.81909955930074e-12,4.113665274912981e-12,8.549858008102296e-12,0.0018190170362726492,1.8299417611012707e-12,0.0,0.08727039663282306,0.2370193084944324,0.2646460884455797,1.1090970782680576e-12,0.1734656596386906,0.2357962592500712,-1.6729526508273264e-05
2021-04-22,1.377321675222337e-12,2.222042112496931e-12,5.641250515627042e-12,3.756426227883076e-12,4.161959702740161e-12,8.413907466191823e-12,0.001811671924011308,1.8267025414110393e-12,0.0,0.08837504115708832,0.23485806622989583,0.2639513038929379,1.1110689241178254e-12,0.17429609033264007,0.23672458087716305,-1.6754442247084876e-05
2021-04-23,1.3796703141666214e-12,2.2356969812988787e-12,5.651865281738003e-12,3.7672137455017646e-12,4.072631417751933e-12,8.400275775759019e-12,0.0018193200813475861,1.841496747650584e-12,0.0,0.08728330071422766,0.2321814879234121,0.2657817106724862,1.128880500315217e-12,0.17265032605280936,0.24030056537739614,-1.6710850156796308e-05
2021-04-26,1.389623102456701e-12,2.2464354481035746e-12,5.6733494459881316e-12,3.822751612808212e-12,4.113898746390104e-12,8.698805015717173e-12,0.0018095689224079793,1.8665892829947358e-12,0.0,0.08664819794119752,0.2336090192407257,0.26809003910934703,1.194232129947085e-12,0.17317442172290998,0.2366855614880921,-1.6808453686127358e-05
2021-04-27,1.4022782622093831e-12,2.21364449585177e-12,5.704942347487561e-12,3.848675659496471e-12,4.181117457107351e-12,8.865977429746517e-12,0.001809282287176467,1.875105316254521e-12,0.0,0.08570768185121068,0.23637673745772378,0.2641221206917225,1.1936723391728765e-12,0.17120576100067,0.24079533121818178,-1.6914535970559737e-05
2021-04-28,1.429591352606332e-12,2.1898252196761955e-12,5.604647499182837e-12,3.8527824513782375e-12,4.1925015089417936e-12,8.913590105454356e-12,0.0018030407714406612,1.874667879031474e-12,0.0,0.08732418414872477,0.22951305464560312,0.263195412980673,1.2014540972334355e-12,0.1688125783086379,0.24936868118689387,-1.6952071232346325e-05
2021-04-29,1.4045647138287783e-12,2.1636395775853247e-12,5.573357202766123e-12,3.782687899922674e-12,4.0515058346161224e-12,8.763262590131639e-12,0.0018072380991673112,1.84449413262816e-12,0.0,0.08757567300428891,0.22570597672790557,0.2579916514116107,1.1910677960427908e-12,0.16926359416453796,0.2576726191289363,-1.675256522137338e-05
2021-04-30,1.3605930218169606e-12,2.2410268688730756e-12,5.418214836127019e-12,3.7865221223153655e-12,4.248844781898915e-12,8.909115908088699e-12,0.002001483404365221,1.8552339654951057e-12,0.0,0.08085207688440742,0.25000593777141356,0.25000593777410757,1.146144385866791e-12,0.18079801131655515,0.2363603039415635,-2.3751121377977564e-05
2021-05-03,1.3678009770762616e-12,2.2159067938621116e-12,5.34389937885454e-12,3.703895084555296e-12,4.3507855966849406e-12,8.68784352525501e-12,0.0019676070348163942,1.8453086043763387e-12,0.0,0.08114143300495216,0.25446858495176455,0.249350472437076,1.1125018163501842e-12,0.1779710905775289,0.23512428833573426,-2.347637050016677e-05
2021-05-04,1.3896716082219277e-12,2.177012054304052e-12,5.394740905529708e-12,3.698932160317548e-12,4.380252718409356e-12,8.647503127854338e-12,0.00193879760414515,1.8588158558723603e-12,0.0,0.08209947342666052,0.2535999085656425,0.24604544781355706,1.0786862237504734e-12,0.18006447461807354,0.23627528794298913,-2.338999969349809e-05
2021-05-05,1.3613448728171852e-12,2.140601606021265e-12,5.306862273954881e-12,3.594998209232554e-12,4.287958727279912e-12,8.42616760129939e-12,0.0019064217347164825,1.8188208887712924e-12,0.0,0.0837351827718377,0.2558750607060688,0.24012853536811435,1.0718883701243633e-12,0.17943792274482118,0.23893999626747411,-2.3119621041245587e-05
2021-05-06,1.3576414703646352e-12,2.1752598890476498e-12,5.302423920285961e-12,3.5580981108749686e-12,4.3480170847050724e-12,8.610088816536983e-12,0.0019833003563588946,1.7972943718482856e-12,0.0,0.08364442469517394,0.26050328973445047,0.2354299267425851,1.0538023450267607e-12,0.17786154132582305,0.24060074893455163,-2.3231817145656155e-05
2021-05-07,1.3321408659258347e-12,2.1617937598595114e-12,5.292864133660866e-12,3.5369981699888265e-12,4.377229432015752e-12,8.546364822261513e-12,0.0019260835717126211,1.8089130686995028e-12,0.0,0.08376126411880294,0.26379509924699773,0.23427851644290476,1.0133550837346357e-12,0.17271142770906026,0.2435505386870876,-2.2929804635529287e-05
2021-05-10,1.3337363005569545e-12,2.1696540046693453e-12,5.351469617249747e-12,3.5755353639429936e-12,4.404847321463354e-12,8.548578966990472e-12,0.0019236543338584304,1.8363904412271836e-12,0.0,0.08368177740212238,0.2692446335833705,0.2344962914722137,1.0013536614873482e-12,0.1708638277846489,0.23981280483910736,-2.2989443542829367e-05
2021-05-11,1.3319313456010593e-12,2.1994972063041523e-12,5.311745607750686e-12,3.5879541155340906e-12,4.3755579807098024e-12,8.531684080172235e-12,0.0018870838895632402,1.833255613433559e-12,0.0,0.08450809339753708,0.27062521709163834,0.23010975373526282,1.021990794814213e-12,0.17179137257960372,0.24110149228011202,-2.3013001910905934e-05
2021-05-12,1.335069236627368e-12,2.193377544122762e-12,5.337544724181417e-12,3.616647665075213e-12,4.293674124187409e-12,8.494660279374594e-12,0.0018855065170318604,1.8447698114825924e-12,0.0,0.08372144949372638,0.2691753732635677,0.22874928493593913,1.010428711002698e-12,0.17118513563031357,0.2453063147743208,-2.3064643025536163e-05
2021-05-13,1.314396553974882e-12,2.190636351104899e-12,5.210509489245915e-12,3.5735984105760954e-12,4.253093897020256e-12,8.629816056432503e-12,0.0018683426293517867,1.7776088197828619e-12,0.0,0.08331914447805225,0.27040883417191425,0.22898363210175254,1.0080821267743714e-12,0.17389670426065348,0.241546273627912,-2.2931297594021103e-05
2021-05-14,1.3195743505659372e-12,2.1448642529962677e-12,5.136792798753366e-12,3.484152769770595e-12,4.2203966108937955e-12,8.587299591974569e-12,0.0018631580051555535,1.7715528887331818e-12,0.0,0.08272234774513404,0.26274595470712697,0.23327200233879353,9.985638487151055e-13,0.1716398746011228,0.24777948667407676,-2.2824099072635726e-05
2021-05-17,1.2989489095296625e-12,2.1121316150221136e-12,5.056281552386685e-12,3.4680153198457477e-12,4.2262807492795455e-12,8.635787806945348e-12,0.0019205498525662076,1.7086733943071291e-12,0.0,0.0817048937750911,0.2592991815272406,0.2299957629444312,9.791083215329121e-13,0.17627357981427655,0.25082876170234797,-2.2729643438770034e-05
2021-05-18,1.3015170112998492e-12,2.144837967076188e-12,4.982738327479433e-12,3.4213722410811376e-12,4.1221875682664845e-12,8.574614934222306e-12,0.001928450992547897,1.7145109338135638e-12,0.0,0.08007686611906006,0.263207232709128,0.23140321118209156,9.93777469820084e-13,0.17055887455918092,0.25284812948551505,-2.276507477903847e-05
2021-05-19,1.2911397070802263e-12,2.1432898678416894e-12,5.0282306782786175e-12,3.436489380426332e-12,4.093420011688206e-12,8.604691042908498e-12,0.0018951229955981213,1.7485226496492088e-12,0.0,0.0817551207154582,0.2618948058085228,0.23018503509927854,9.840129194954285e-13,0.17391383180351883,0.2503789188711711,-2.2835320877498733e-05
2021-05-20,1.304528456127272e-12,2.1441363680552635e-12,4.9421783255590344e-12,3.4288234892596566e-12,4.052424799202146e-12,8.646277375249047e-12,0.0018729325570051119,1.7793509589384558e-12,0.0,0.08189755447775549,0.26587725492801806,0.23499534273013956,9.881866559743168e-13,0.17226397115907016,0.24311587203755086,-2.2927916824992728e-05
2021-05-21,1.300073978286659e-12,2.1373787991397132e-12,4.9634443057732854e-12,3.426081490589248e-12,4.099360362679053e-12,8.606031680038872e-12,0.0018775868053440413,1.8151435697679733e-12,0.0,0.0820947478771998,0.26417356103390893,0.23327604999284807,9.767808163095941e-13,0.17115610807073,0.2474449403176791,-2.2994125034341632e-05
2021-05-24,1.2961729241141154e-12,2.1063268101211664e-12,5.053896435393774e-12,3.43583154244896e-12,4.02611736968862e-12,8.550740821782275e-12,0.0018790114123210903,1.8576642546097035e-12,0.0,0.08328375767343378,0.2699910156631053,0.2306655300145068,9.714758455830428e-13,0.16783527949355906,0.2463683744437446,-2.2968727968951264e-05
2021-05-25,1.2876258375418704e-12,2.1071964063066686e-12,5.081706560469233e-12,3.38534424473993e-12,3.905798539270036e-12,8.496183218696395e-12,0.001874981358456293,1.852943785296858e-12,0.0,0.08294454160178659,0.27496442807974464,0.2307713658408363,9.594077913484033e-13,0.1653276606566379,0.24413984306763653,-2.2820632174454784e-05
2021-05-26,1.311213741031894e-12,2.1092626613333665e-12,5.095199851862937e-12,3.3763714272210374e-12,3.969512712626787e-12,8.735376977418227e-12,0.0018920096837882821,1.860703804960789e-12,0.0,0.0801210171593062,0.2791435558800196,0.23201640432765813,9.69663972487919e-13,0.1637046593813178,0.24314523382160072,-2.288028111810136e-05
2021-05-27,1.3045090578055926e-12,2.1285019925982005e-12,5.068384638124538e-12,3.453055094713851e-12,3.985808012716108e-12,8.583126231055883e-12,0.0018867158641711662,1.841612337886971e-12,0.0,0.08202898028423752,0.2820526415209175,0.23388654719546006,9.716061735779448e-13,0.15944572847929736,0.2407222341173294,-2.2847488749596353e-05
2021-05-28,1.3328975275767994e-12,2.1347657615971273e-12,4.9976714862021004e-12,3.4915413195906506e-12,4.033915986536608e-12,8.717073556394685e-12,0.0019316943072494287,1.8840811124155767e-12,0.0,0.08471693099612751,0.27896429900947245,0.23918297815967365,9.960791954543227e-13,0.15803941249852754,0.23718784091424522,-2.3155912883780515e-05
2021-05-31,1.3605963130698816e-12,2.2410322898814953e-12,5.418227942702695e-12,3.786531281852269e-12,4.248855059786993e-12,8.90913745909865e-12,0.0020014882459218034,1.855238453276617e-12,0.0,0.0808522724642979,0.2500065425318082,0.2500065425345022,1.1461471583718658e-12,0.1807984486640744,0.23636087569338657,-2.6170162956966753e-05
2021-06-01,1.3843706354426831e-12,2.203822309101636e-12,5.365397413937942e-12,3.7108777380383855e-12,4.272653072812876e-12,9.048628287325588e-12,0.0020346324588655174,1.8764367840593925e-12,0.0,0.0799311843487269,0.24184838453330035,0.25711612953908697,1.149018947720107e-12,0.17816704632015742,0.24092863046155147,-2.600769069977451e-05
2021-06-02,1.3721238805092907e-12,2.213722542829306e-12,5.357557940348509e-12,3.739677657128308e-12,4.271318364704547e-12,8.884660499929928e-12,0.002037759913970152,1.905359390109623e-12,0.0,0.0809412056479423,0.23790424208672556,0.257171497869054,1.1372140586314593e-12,0.1807201231747357,0.24125118282474114,-2.6011546050574625e-05
2021-06-03,1.403130044426229e-12,2.2739098645996787e-12,5.48409241351381e-12,3.811641462478081e-12,4.287423510597786e-12,9.027538666717103e-12,0.00205576756906333,1.926740866851807e-12,0.0,0.08100442574533456,0.23411102937577338,0.2584159039138034,1.1596925627361903e-12,0.17916454876887222,0.24527474640404334,-2.6421806264350958e-05
2021-06-04,1.4204955675417504e-12,2.2849365183313375e-12,5.551143943182352e-12,3.808093506077626e-12,4.324889066742942e-12,8.896025077766006e-12,0.00202707524410103,1.8421882930850537e-12,0.0,0.08250718467611691,0.23080874934477016,0.2559794636480271,1.1384778059823327e-12,0.17949104879255937,0.24921275012867922,-2.627186351995525e-05
2021-06-07,1.3980621965403068e-12,2.2960379522246324e-12,5.538656552731788e-12,3.8159753925859255e-12,4.352461863199325e-12,8.881881658679448e-12,0.0020259688062196674,1.8382250700183515e-12,0.0,0.08312120321159773,0.2318569490455273,0.25074193094309233,1.1320757133342249e-12,0.18262070640213743,0.24965952615387352,-2.6284591701354544e-05
2021-06-08,1.4052571122497538e-12,2.3346390688812058e-12,5.595042911208002e-12,3.81626069965733e-12,4.321278792734368e-12,8.583090179874838e-12,0.002019530442409767,1.8281250810315686e-12,0.0,0.0828544659351034,0.23047097069002445,0.2430309843831149,1.1125906246385235e-12,0.1840753516272447,0.25757494794970875,-2.625105660217419e-05
2021-06-09,1.389341383697473e-12,2.318057313437617e-12,5.5940282560207415e-12,3.741708602131795e-12,4.295814213827094e-12,8.414269243880063e-12,0.0020221645812632085,1.8133270978847558e-12,0.0,0.08101662951982942,0.23074699885331704,0.24903321191088593,1.0819086128064369e-12,0.1810978669257677,0.2561091007025467,-2.597252225836334e-05
2021-06-10,1.3987247792009551e-12,2.3034485171440567e-12,5.419599898238846e-12,3.797819656397934e-12,4.3330760809519915e-12,8.221912967697003e-12,0.00200458205763554,1.8527402821545854e-12,0.0,0.08216242324869667,0.22999992902577834,0.24929221764702988,1.079067266103506e-12,0.18476328696644617,0.2518035109838469,-2.5949957839959148e-05
2021-06-11,1.3911716705583882e-12,2.332257283793987e-12,5.4293894836867615e-12,3.866800628292018e-12,4.307807714960946e-12,8.235624447880026e-12,0.00198438244528345,1.8574331634848243e-12,0.0,0.08174339550173,0.22521620835643974,0.2528507676214033,1.0954376673916847e-12,0.1794058315855368,0.2588254171165835,-2.6002655492812542e-05
2021-06-14,1.4352258058205488e-12,2.35181345392231e-12,5.434643444004567e-12,4.023901458385587e-12,4.272717510991599e-12,8.303896167239938e-12,0.0020052221437783496,1.908139871025451e-12,0.0,0.08177152868866734,0.22356010641338658,0.25345490856222963,1.0849479452411818e-12,0.18104501176649856,0.258189424940531,-2.6202543906708688e-05
2021-06-15,1.4075262696503251e-12,2.3692322190266344e-12,5.377318105504826e-12,3.944847834141411e-12,4.242040583145048e-12,8.268633400855938e-12,0.00194799955818475,1.907401157668983e-12,0.0,0.08352229922023773,0.22433439956092047,0.25049956136216917,1.0654988313969082e-12,0.1798147331112921,0.2599070667201862,-2.6059561572965402e-05
2021-06-16,1.4043801376272473e-12,2.359375561563993e-12,5.370277424287062e-12,3.910040700781078e-12,4.2164095839379236e-12,8.032625434620227e-12,0.0019699926462361443,1.912034042645415e-12,0.0,0.08583337348840803,0.22426584669021932,0.24570783388811887,1.0797188710384605e-12,0.18082361265917832,0.261425343016944,-2.6002417389580116e-05
2021-06-17,1.4180104086694617e-12,2.4028699695263005e-12,5.4292191100095575e-12,3.9895507959041705e-12,4.176104442328785e-12,8.09919477619644e-12,0.0020439032713387233,1.91770222428338e-12,0.0,0.08643363779473973,0.22294833282687207,0.23989239648765612,1.0905447606519325e-12,0.18383723942711921,0.2648708457482649,-2.6355584513888115e-05
2021-06-18,1.4392062088702468e-12,2.443262717541974e-12,5.5791748241073294e-12,4.0462207997402356e-12,4.215221352213014e-12,8.203021330261665e-12,0.0020938932319199384,1.988420949718697e-12,0.0,0.08800313718615885,0.22789688713702758,0.2398053168993488,1.1091367191198693e-12,0.18192030411892987,0.26030724228253066,-2.6780884939442554e-05
2021-06-21,1.4427957774220047e-12,2.4314842763334633e-12,5.586267307018324e-12,4.041820900338985e-12,4.1616782082055835e-12,8.191493168251151e-12,0.0020574107179449743,2.026048090650515e-12,0.0,0.08767328452441693,0.22389782587604515,0.24195347015743293,1.1019974121250164e-12,0.18009382353886824,0.2643509348297406,-2.6749673432401302e-05
2021-06-22,1.4387175181570352e-12,2.4366820703407195e-12,5.510240189931441e-12,3.964684364274918e-12,4.154633931846534e-12,8.133842450498519e-12,0.002068713824068996,2.017873168466383e-12,0.0,0.08522132622275319,0.2300925208350321,0.2406093647578126,1.1123961751482756e-12,0.1768660772355778,0.2651686584535267,-2.6661357540518725e-05
2021-06-23,1.4256523271319292e-12,2.455899191625739e-12,5.507310238651322e-12,3.979308556203733e-12,4.2040187962480935e-12,8.032618236769415e-12,0.0020566528738816792,2.037987802493845e-12,0.0,0.08533834730854456,0.2331197479627691,0.24103514664780545,1.1544406651653024e-12,0.1718606178374382,0.26661623050443467,-2.6743163670874442e-05
2021-06-24,1.3880325734038102e-12,2.3668427619169326e-12,5.4634105077103855e-12,3.9413599495878626e-12,4.143010914654247e-12,7.932940923745601e-12,0.0021189933304221076,2.008183628669606e-12,0.0,0.08355339091911049,0.23167560170588933,0.23745128062105028,1.1336740849007153e-12,0.17562949808190856,0.269597673630524,-2.6438317282362398e-05
2021-06-25,1.4022086339419631e-12,2.3323037451248812e-12,5.4909153250461875e-12,4.100117507150457e-12,4.168686628102276e-12,8.117963149712757e-12,0.0021798405205919217,2.032764529197996e-12,0.0,0.08113310524105033,0.2363958791224287,0.23634872965092324,1.1476985890137771e-12,0.17322463155024856,0.2707444824686012,-2.6668582636709118e-05
2021-06-28,1.3967952042268939e-12,2.328939889519832e-12,5.4024693225740135e-12,4.139396507989436e-12,4.121643646695924e-12,7.911638120189975e-12,0.002167908551498881,2.0256595515465986e-12,0.0,0.08252281142573725,0.2345735003734129,0.23495970840203645,1.1211711652139368e-12,0.17514339890731553,0.2706592242081893,-2.6551896637986003e-05
2021-06-29,1.384438914922688e-12,2.272919391142344e-12,5.46015479160855e-12,4.061462278568724e-12,4.072466435717117e-12,7.910177803461288e-12,0.0021228203406732497,1.973477019561387e-12,0.0,0.08305852479602556,0.23142981818620684,0.24542812366112363,1.0965956663342224e-12,0.17142384116456721,0.26656328844041866,-2.641661724688455e-05
2021-06-30,1.3605884772905706e-12,2.2410193836033566e-12,5.418196738709265e-12,3.786509474926003e-12,4.248830590302363e-12,8.909086150687546e-12,0.0020014767191963243,1.855227768814996e-12,0.0,0.0808518068298127,0.2500051027248099,0.25000510272750387,1.1461405576218093e-12,0.18079740743183687,0.23635951447283798,-2.041093496311656e-05
2021-07-01,1.3667073792582158e-12,2.2489322363107726e-12,5.4326574659804615e-12,3.796864787137767e-12,4.272595319380288e-12,8.928091416880676e-12,0.0020279639985661415,1.8841343689754995e-12,0.0,0.08331040156349218,0.24862344957327598,0.24574635549421897,1.1659852484166164e-12,0.17999265247192603,0.2403197923510258,-2.061548160109276e-05
2021-07-02,1.3370520261936553e-12,2.2830497055892657e-12,5.478052624945553e-12,3.735687736639741e-12,4.200670972742314e-12,9.130202221274066e-12,0.002010201681012219,1.8641594310889557e-12,0.0,0.0829637091482442,0.24803296611477585,0.24904624559391003,1.1389361484028213e-12,0.17525419119808208,0.24271331892037212,-2.063268556423582e-05
2021-07-05,1.352452191121758e-12,2.2512737177230523e-12,5.553349646564302e-12,3.745045562999217e-12,4.26531836525627e-12,9.141415440487814e-12,0.0019459760675672932,1.864213957423248e-12,0.0,0.08199675879414209,0.2470350148624813,0.24887772326692031,1.083534054496538e-12,0.18101468469723092,0.2391505118902384,-2.066960783687237e-05
2021-07-06,1.363013723684757e-12,2.256148040494984e-12,5.646052183630521e-12,3.774161098915922e-12,4.266463813670556e-12,9.065254057711367e-12,0.0019731960392837485,1.8205681698925474e-12,0.0,0.08086222150453369,0.2528757755279211,0.2503856656960731,1.0994546503278674e-12,0.18189890353419003,0.2320249655231613,-2.0727854453983455e-05
2021-07-07,1.321136742388828e-12,2.2198265497551827e-12,5.5276897067240955e-12,3.738475925543874e-12,4.190179601113731e-12,8.750226821632837e-12,0.0019078627977722853,1.7820477606344112e-12,0.0,0.08109289904282059,0.2489538411079631,0.24982374234162197,1.044982136279638e-12,0.1818518961873303,0.23639001020110129,-2.02517071840533e-05
2021-07-08,1.2992655267367626e-12,2.227987629092327e-12,5.505251020584411e-12,3.657399213340794e-12,4.198338983254046e-12,8.808478191001131e-12,0.001884896480969413,1.8043655718340066e-12,0.0,0.07890523566223777,0.2485449635850573,0.2489766458386209,1.0279391754813847e-12,0.18383932703955758,0.23786909547836224,-2.016411333424652e-05
2021-07-09,1.3037863255907004e-12,2.215059089832737e-12,5.515943273430898e-12,3.6223080254462044e-12,4.2837944886252e-12,8.677942595766768e-12,0.0019298733309807828,1.7973272096005924e-12,0.0,0.08023078916873612,0.2479786315303742,0.2514695450561322,1.0455395587152056e-12,0.1841896448516031,0.23422158360552917,-2.0067571817424732e-05
2021-07-12,1.299929242896422e-12,2.1884132542168123e-12,5.490055833144734e-12,3.490493290361056e-12,4.255567587300093e-12,8.504265240402255e-12,0.0019494557111170156,1.7916731372791815e-12,0.0,0.07988128078814491,0.24109476820711642,0.255316292605122,1.0693651221632864e-12,0.18333710359397204,0.23844092059108496,-1.9821524647021433e-05
2021-07-13,1.2886428579631592e-12,2.163603968632902e-12,5.47453863735218e-12,3.4965470079857434e-12,4.22160835595469e-12,8.535644903383618e-12,0.0019513417667477969,1.7608107948141352e-12,0.0,0.08070315712627672,0.24102892832124226,0.2594953157244049,1.0434088854260684e-12,0.1843530578042344,0.23248795096192915,-1.975173281991094e-05
2021-07-14,1.2664953099581619e-12,2.135373793999701e-12,5.38268084649135e-12,3.451468693048363e-12,4.182754139322005e-12,8.57037860099799e-12,0.001930132826348528,1.710004449445583e-12,0.0,0.07913882218998398,0.23924635062776534,0.2597702306681078,1.0403660408541225e-12,0.18682978750059825,0.23310429102006963,-1.9614860613146904e-05
2021-07-15,1.2614607652013348e-12,2.1916802674263795e-12,5.4169139854223405e-12,3.460387312595157e-12,4.249959242879014e-12,8.635084470353326e-12,0.001949004354189358,1.7781647698005576e-12,0.0,0.07909922053059175,0.2407719005848275,0.2656569855764224,1.017472375694153e-12,0.180964054277305,0.2315785279050482,-1.969325639540504e-05
2021-07-16,1.2298834670517443e-12,2.1610473620003616e-12,5.393523405181721e-12,3.391936384718098e-12,4.1360755326770626e-12,8.559734022735877e-12,0.0019528032157066105,1.7188889433408721e-12,0.0,0.07934183194770437,0.24217679639468426,0.26855728561866393,1.0468239363372117e-12,0.17810363733015694,0.22988714290865084,-1.9497443204809702e-05
2021-07-19,1.2031832295882434e-12,2.122584833079582e-12,5.385243964710993e-12,3.2802865163883486e-12,4.020239350151983e-12,8.556615401889027e-12,0.0019446838784032516,1.6798619069815788e-12,0.0,0.07835848815872183,0.24370166120530248,0.26417849522716985,1.0469933913794958e-12,0.18341002435723203,0.2284257928471051,-1.91457012296484e-05
2021-07-20,1.1987847263441675e-12,2.129357823026437e-12,5.342210457683359e-12,3.3565397641445344e-12,4.0128874776164115e-12,8.492751945620773e-12,0.0019151586742996002,1.6992848591346136e-12,0.0,0.07745319813075141,0.24503220553751112,0.2564766447739409,1.0464183462805421e-12,0.18422842934005298,0.23491342655826294,-1.9063042097230175e-05
2021-07-21,1.1921199758343229e-12,2.1055123250723457e-12,5.300046319845248e-12,3.3110958239252277e-12,4.0855709745402036e-12,8.677614023803439e-12,0.00192709900450564,1.7320312628916308e-12,0.0,0.07749284724486943,0.24420302780435782,0.2556564382468471,1.0201246967065662e-12,0.18550461482508226,0.23523506517817647,-1.909233126288585e-05
2021-07-22,1.2061711955167005e-12,2.117495957680989e-12,5.315967402289866e-12,3.2937333607698086e-12,4.108884858756641e-12,8.802259766699577e-12,0.001906632313497572,1.7426948546180236e-12,0.0,0.07701014531668159,0.243087349054148,0.2579404525359276,1.0048985362581538e-12,0.18763562694588146,0.23243897229477364,-1.9178488501891738e-05
2021-07-23,1.2183483684049302e-12,2.1677808929533372e-12,5.267150195458657e-12,3.3143776483526106e-12,4.073300690776104e-12,8.92146798186116e-12,0.0018745003617095166,1.755003907358673e-12,0.0,0.07678654984595287,0.23911017879121255,0.2616134614561729,9.905372610633926e-13,0.18960199770265904,0.23103248753690128,-1.9175722316100567e-05
2021-07-26,1.2243793533434124e-12,2.184193685035055e-12,5.255668667735095e-12,3.3427204435475017e-12,4.174532463039629e-12,8.887069252241512e-12,0.001915963323938061,1.8034335760434968e-12,0.0,0.07552534785803044,0.24179851266688587,0.2608446210692705,1.0295273696941655e-12,0.19093807608515856,0.2289967666493179,-1.9287680502928608e-05
2021-07-27,1.215468531063343e-12,2.216298850992228e-12,5.242352728747774e-12,3.3567217008936402e-12,4.23866919605065e-12,8.864938003659689e-12,0.0019219932787743414,1.8098576128257064e-12,0.0,0.07651142563583468,0.24187236820891006,0.2621460114192436,1.0268440769598088e-12,0.18653693411551625,0.2310306205641401,-1.9353250390072845e-05
2021-07-28,1.23156727342048e-12,2.186543045277577e-12,5.175241946630989e-12,3.308356810339059e-12,4.256998246041702e-12,8.876597757228846e-12,0.0019094803248441647,1.7785430515076578e-12,0.0,0.0743332181632964,0.241399410239553,0.26487136657246557,1.0000809324989473e-12,0.18057186024072094,0.2369339258072152,-1.9261375909131013e-05
2021-07-29,1.2145473453067913e-12,2.1938596625579284e-12,5.1251453285969165e-12,3.2757841698666165e-12,4.245536283102693e-12,8.706266549913278e-12,0.001897747247817427,1.7549727772735755e-12,0.0,0.0741370882390262,0.23849397868527925,0.2621152690800646,9.712684776039281e-13,0.184370858999877,0.23900415953897533,-1.9101818527228675e-05
2021-07-30,1.3605780194078569e-12,2.2410021584700672e-12,5.418155092857518e-12,3.786480370701879e-12,4.248797932542337e-12,8.909017672834317e-12,0.0020014613352583206,1.8552135089893854e-12,0.0,0.08085118537907492,0.25000318111215053,0.25000318111484443,1.1461317480488006e-12,0.18079601776985352,0.23635769774417834,-1.2724484325406212e-05
2021-08-02,1.358102156649573e-12,2.207707508166158e-12,5.38838304853964e-12,3.772281361098735e-12,4.229063723433405e-12,8.843585407756572e-12,0.0019713604674945324,1.915053471722301e-12,0.0,0.0793811626588833,0.2563750780078427,0.24829490876290009,1.1486500682009962e-12,0.18058042757197276,0.23340977926719567,-1.2716765151816804e-05
2021-08-03,1.3500106021806977e-12,2.177176398871984e-12,5.27994785811772e-12,3.659987716142645e-12,4.1204167746643675e-12,8.527876727062943e-12,0.001942219287388241,1.8545026582133798e-12,0.0,0.07986397831417258,0.25747655432298533,0.24448569839531847,1.129947654812203e-12,0.18400851662056122,0.2322355551336568,-1.2522102182395574e-05
2021-08-04,1.3451161325271283e-12,2.1446743869424073e-12,5.299888630771839e-12,3.6931594803424806e-12,4.087102219307082e-12,8.556384927866382e-12,0.0019319943965266223,1.849053152172436e-12,0.0,0.07956722856083889,0.2614529773434847,0.24182939258976083,1.1307732922570195e-12,0.18144565714634037,0.23378526291415333,-1.251297921086172e-05
2021-08-05,1.3463955154851309e-12,2.130724687278147e-12,5.392584848580639e-12,3.744038183688294e-12,4.069719713451898e-12,8.638067384270685e-12,0.0019521800394707754,1.8718539732869217e-12,0.0,0.08107332072576999,0.2598928695010382,0.24116696822999686,1.187045292743542e-12,0.1830585065328564,0.23286870300623247,-1.2548063745190357e-05
2021-08-06,1.3106382099472e-12,2.1481274639529466e-12,5.283501384632283e-12,3.679622247150526e-12,4.030104316344533e-12,8.74474085743101e-12,0.001961351526846474,1.857118636753567e-12,0.0,0.07986890506425931,0.25903121820205577,0.24012855639523484,1.2005657543634759e-12,0.185262395787386,0.23376004523346275,-1.247223749942016e-05
2021-08-09,1.3029360386601885e-12,2.158989765254382e-12,5.265559210326225e-12,3.625318838845583e-12,4.0009453886514815e-12,8.73390191536041e-12,0.001980890103780483,1.848096077005637e-12,0.0,0.07976276019425704,0.25894152048379726,0.24036302651131428,1.2173456094049015e-12,0.18830520890359687,0.23065903283911568,-1.2439064014577619e-05
2021-08-10,1.302868326516032e-12,2.148715425950822e-12,5.336372830632916e-12,3.707269041727113e-12,4.009216707996133e-12,8.758634359586955e-12,0.002032164108737687,1.87250562724153e-12,0.0,0.07876320238810612,0.26338072591298795,0.2380436802686612,1.200464697014803e-12,0.18827102782182292,0.22952170823313764,-1.2508761789661752e-05
2021-08-11,1.285636264838191e-12,2.0938135299738677e-12,5.3317656440925135e-12,3.713645789013977e-12,3.871165648636844e-12,8.770801096164872e-12,0.0019878530458245576,1.8744692427717292e-12,0.0,0.07793916078452172,0.25973550145461927,0.24027479813513197,1.1616589462161024e-12,0.18830101927040868,0.2317740340404608,-1.2366759069822194e-05
2021-08-12,1.2982834406168125e-12,2.1496766639399767e-12,5.3177841604984305e-12,3.766193293830269e-12,3.878406149922452e-12,8.937914455600089e-12,0.0019940465683501102,1.870223392376295e-12,0.0,0.07760032159153973,0.2546405928260391,0.23898117564055293,1.1782524240201494e-12,0.19373511843275995,0.23306114691967292,-1.2402007311496504e-05
2021-08-13,1.320293108407326e-12,2.129607496952212e-12,5.316157170695094e-12,3.770729613375609e-12,3.890663536415023e-12,8.98858836119288e-12,0.0020219254021125815,1.8670667932866868e-12,0.0,0.07791048830739825,0.25200944500060407,0.2396577937105311,1.1809083503226454e-12,0.19408252365223175,0.23433027855221536,-1.2454653557159007e-05
2021-08-16,1.3320800091546248e-12,2.1377504074495313e-12,5.433739562574659e-12,3.7509953587997075e-12,3.888686719129027e-12,9.386645232148043e-12,0.002010308210973971,1.8466511967893537e-12,0.0,0.07603763190070764,0.25318150005858775,0.25044677951154937,1.158732576248153e-12,0.1886814112790981,0.22965492338454963,-1.2554374401627367e-05
2021-08-17,1.3412386716351445e-12,2.1586942504714594e-12,5.3953398500436405e-12,3.7746713908418615e-12,3.948474733925852e-12,9.587734126930106e-12,0.002000764326912498,1.7839358834092692e-12,0.0,0.07543260328621873,0.2517885112988582,0.24933206618613712,1.1799849143157475e-12,0.19282341880917186,0.22863516788964292,-1.2531826111448797e-05
2021-08-18,1.338962585562708e-12,2.140678581949028e-12,5.3348770144575365e-12,3.768664537517869e-12,3.905153997443292e-12,9.724433949567015e-12,0.001938813647675645,1.7500985507356717e-12,0.0,0.0750584856039415,0.2539586568583042,0.2463277860040812,1.137187737286596e-12,0.19351377577777307,0.22921486168573543,-1.2379606611205021e-05
2021-08-19,1.3135130079491369e-12,2.1392137934293654e-12,5.240052766133493e-12,3.737728904412818e-12,3.8601691471772615e-12,9.820086272938495e-12,0.001940891084750267,1.717404069638828e-12,0.0,0.07335784411342901,0.25521620211304474,0.24285807641308754,1.1295166140821908e-12,0.1952313091471567,0.23140804590691527,-1.2368807341062438e-05
2021-08-20,1.338918653826971e-12,2.151659345019934e-12,5.292532237250805e-12,3.743926489826972e-12,3.894782010090514e-12,9.942268971674754e-12,0.0019514940852472728,1.6849399478544602e-12,0.0,0.07428067000361184,0.2541504337789255,0.23924674822028738,1.166830671304584e-12,0.19835726473212087,0.23202583746083905,-1.2448310247793034e-05
2021-08-23,1.3483085352986724e-12,2.1721189403222914e-12,5.463595430026211e-12,3.817463714977696e-12,3.938619062554585e-12,1.0188280678427411e-11,0.0019650224327863487,1.751999752903706e-12,0.0,0.07508556499979019,0.25615108207731174,0.23285985842812842,1.1573013294413089e-12,0.19706396668486864,0.23688717456162586,-1.2669214348913182e-05
2021-08-24,1.3605859507613023e-12,2.168795906723127e-12,5.513915425010697e-12,3.886863120290513e-12,4.0127831587740526e-12,1.0063117549367567e-11,0.001985940836211748,1.7390060380508767e-12,0.0,0.07694789339967396,0.25558517756038146,0.23273406549439749,1.1623678717309418e-12,0.19135924765832812,0.24140049657867832,-1.2821557578449652e-05
2021-08-25,1.3701396512285198e-12,2.2112337404725646e-12,5.501277115109406e-12,3.896733075486966e-12,3.9777258527953594e-12,1.0030584129193155e-11,0.001973410029895233,1.7808710524740104e-12,0.0,0.07785799519364285,0.25652685432681555,0.23001499706711814,1.170488526291391e-12,0.1953809801414696,0.2382587055978605,-1.2942386740887676e-05
2021-08-26,1.3735343047299451e-12,2.181037772062852e-12,5.44484132468687e-12,3.900684690534644e-12,3.925890537292768e-12,9.985377915948532e-12,0.00195528773292966,1.7753398796183197e-12,0.0,0.07527892897180101,0.2578298686958526,0.2329110347969387,1.1462813766050869e-12,0.1935866217104664,0.23845113153793812,-1.2873475659479432e-05
2021-08-27,1.387420802520355e-12,2.1438935724311738e-12,5.412142241147163e-12,3.899883000592536e-12,3.973874797957666e-12,1.034311822448083e-11,0.0019565009085778296,1.7464521679943446e-12,0.0,0.07711338918843678,0.2592679886282018,0.2302328805636835,1.1700627053427262e-12,0.196691742096993,0.23475041504180533,-1.2916457775026173e-05
2021-08-30,1.3822565187331266e-12,2.1497881595454123e-12,5.441500223859344e-12,3.868794486720426e-12,3.928157547948029e-12,1.043063812631313e-11,0.0019108289058225587,1.744823198047476e-12,0.0,0.07783580985798595,0.2563728406985663,0.23351484790543756,1.171931402135403e-12,0.19097635022642184,0.23940214200829804,-1.2819632650132992e-05
2021-08-31,1.3605824610849828e-12,2.2410094743372095e-12,5.418172780704299e-12,3.786492731862364e-12,4.248811802962351e-12,8.909046756782059e-12,0.0020014678691320895,1.8552195654295817e-12,0.0,0.08085144932194009,0.250003997260431,0.25000399726312494,1.1461354896550121e-12,0.18079660798777938,0.23635846934607452,-1.5989077447623813e-05
2021-09-01,1.3745003281959093e-12,2.2502049559360903e-12,5.456872382051777e-12,3.816206539626907e-12,4.239588559048575e-12,9.044075898504193e-12,0.002029412323407623,1.9103731117326363e-12,0.0,0.08061454797632137,0.25530550785729783,0.24792538227583377,1.1692642722605794e-12,0.18051146327656398,0.23362979262275124,-1.6106361436963578e-05
2021-09-02,1.37526345722787e-12,2.1847863533797036e-12,5.342856674032808e-12,3.800819697920047e-12,4.235465442881038e-12,8.98376285179637e-12,0.001982356404457756,1.8846727914185657e-12,0.0,0.08119338309209456,0.2547784744759378,0.2523139886249884,1.1753586735906405e-12,0.17774832050799333,0.2319995464578684,-1.6069592323290278e-05
2021-09-03,1.3358081634860244e-12,2.1483158330633573e-12,5.322723490204986e-12,3.771092482358002e-12,4.2406803218784294e-12,8.810138002219752e-12,0.0019871276148909467,1.8504762667798154e-12,0.0,0.07991651678601681,0.25373648213750394,0.2546250410314417,1.1534391712981356e-12,0.17572838826793372,0.23402225920529446,-1.581507171419525e-05
2021-09-06,1.3340415876627229e-12,2.1195134657024605e-12,5.445821097295402e-12,3.750843029557077e-12,4.249057767850474e-12,8.941374792196482e-12,0.0019710164840162905,1.8242937017510975e-12,0.0,0.07770774029448095,0.2526086024320117,0.25574009674712617,1.1482925723690432e-12,0.17084015570985814,0.241148199193777,-1.581089008345833e-05
2021-09-07,1.3303251609989425e-12,2.1421914701094362e-12,5.410418578175791e-12,3.699333308198424e-12,4.247400277390881e-12,8.884369893454764e-12,0.0019327269708028405,1.855648014300952e-12,0.0,0.07522415418289895,0.2571432120308472,0.2526903182458167,1.1321641005750543e-12,0.1647860721713266,0.24823926468115154,-1.5748311545778717e-05
2021-09-08,1.2912844368937132e-12,2.1062728967806314e-12,5.369091044643383e-12,3.652946849228581e-12,4.171044700560924e-12,8.540762037745559e-12,0.0018787120396790086,1.8286178481292078e-12,0.0,0.07416918088782418,0.2555363816403603,0.25240863114655415,1.0889362866182617e-12,0.1684628336582619,0.24755973219203603,-1.5471592764565705e-05
2021-09-09,1.3004511019376666e-12,2.1447134831259667e-12,5.545696095219157e-12,3.6185320193837133e-12,4.18970485543839e-12,8.34045079657602e-12,0.0018973206112054203,1.8515299889576638e-12,0.0,0.0739571390081523,0.24888527833030433,0.25588568755340113,1.125061495461761e-12,0.16789703975759798,0.2514931132962101,-1.5578584987363494e-05
2021-09-10,1.2851402583639906e-12,2.161351134947506e-12,5.539503390218643e-12,3.598264508477894e-12,4.164299972789969e-12,8.325161395639994e-12,0.001913323956469976,1.8230793549532572e-12,0.0,0.0741566063411308,0.24528066456324568,0.26453538949884586,1.1120189986670634e-12,0.1664232142513599,0.24770642493516998,-1.5623574230890976e-05
2021-09-13,1.3039645859383107e-12,2.16850103141662e-12,5.471166784542329e-12,3.635837729937596e-12,4.165305292758896e-12,8.334554171480795e-12,0.0019003658348343462,1.7999238326325824e-12,0.0,0.07337871154187217,0.25198515351517825,0.2583567625299187,1.1397360962100587e-12,0.16576421118366141,0.2486303798543537,-1.558448783759262e-05
2021-09-14,1.309053334109835e-12,2.1462444289814643e-12,5.500784073798377e-12,3.509345017014676e-12,4.113091119761491e-12,8.204556964941299e-12,0.0018611823186639915,1.7877310868643342e-12,0.0,0.07390551102578433,0.2520432235544746,0.2545296984741442,1.1429844071320253e-12,0.16554622441132852,0.25212968023202,-1.5520044129309274e-05
2021-09-15,1.3318206510361787e-12,2.1683920244752005e-12,5.502170936898602e-12,3.5181175183968326e-12,4.126865485262964e-12,8.254110134481685e-12,0.001886875016117169,1.8242279194257125e-12,0.0,0.0746807360149361,0.25522131495094913,0.254912429924123,1.136040326562349e-12,0.16191223069099578,0.25140208518493967,-1.5671809922632118e-05
2021-09-16,1.3399455959230255e-12,2.1565209289969136e-12,5.497265709595483e-12,3.542983685422033e-12,4.160176683057198e-12,8.154251493314986e-12,0.001915691330297636,1.856742232834772e-12,0.0,0.07386461260241746,0.2606393191700899,0.2547733090922187,1.0939558667105282e-12,0.15809908796729988,0.2507236739483712,-1.5694138496648048e-05
2021-09-17,1.3073562775034998e-12,2.118604363209639e-12,5.425356015926798e-12,3.554144850751746e-12,4.090075379094577e-12,8.15607600119864e-12,0.0019266269194131683,1.8693032804743544e-12,0.0,0.07066696200390528,0.2591172282514686,0.25586212996885904,1.078039224083937e-12,0.16098260733394854,0.2514599249741048,-1.5479479298400196e-05
2021-09-20,1.3059733863165924e-12,2.1282698250449744e-12,5.4103851618383245e-12,3.430739801264631e-12,4.0397533254712574e-12,8.229479005339994e-12,0.001893772626294487,1.8518411413809987e-12,0.0,0.07217723298734646,0.2645451250857444,0.2505151353768111,1.0742807762455724e-12,0.15802935756712624,0.25285475381144384,-1.5377482237372148e-05
2021-09-21,1.3269939432591465e-12,2.1699063574039732e-12,5.49104191154252e-12,3.586373595684915e-12,4.034563788347342e-12,8.140530985636566e-12,0.0019051992054245352,1.831393038132428e-12,0.0,0.07187186020953364,0.2635955024063771,0.24932681868820075,1.0965877759075304e-12,0.1583885510046995,0.25492761549162146,-1.5547033534349555e-05
2021-09-22,1.3411902277473188e-12,2.15794051176953e-12,5.487886596981939e-12,3.6097626217694975e-12,3.948664041135464e-12,7.910377943747256e-12,0.0019186942140698696,1.8486407961638422e-12,0.0,0.07222733842565011,0.2677657794913002,0.24913698876397936,1.1051394879591343e-12,0.1636225131394629,0.24534426456919453,-1.5578631066579004e-05
2021-09-23,1.3357084873818086e-12,2.1870917600017323e-12,5.461069613774975e-12,3.649126017021181e-12,3.8877242731780365e-12,7.845270127265827e-12,0.0019045992844626712,1.7766514969743354e-12,0.0,0.07045061469499442,0.26924519960966614,0.2508664288542893,1.1029442713187611e-12,0.16481649145843708,0.24273211757368954,-1.5451502784736115e-05
2021-09-24,1.3562218441149964e-12,2.196005353095303e-12,5.4864194064310534e-12,3.652717838474663e-12,3.936002563401738e-12,7.834901606103922e-12,0.0019376604970087936,1.7554203781252885e-12,0.0,0.07150210797024026,0.2699997930591293,0.25000928477064843,1.1249777355471722e-12,0.1636989958076887,0.24286766744716687,-1.5509579224959527e-05
2021-09-27,1.3910557633386605e-12,2.2577189864830788e-12,5.648522460157366e-12,3.686004531187773e-12,4.044440978106357e-12,7.835920505647651e-12,0.0019378251791903405,1.7181810845318765e-12,0.0,0.0714296695758514,0.2728389745229794,0.24927737000457592,1.1530953722237223e-12,0.16463991719078472,0.23989194077882503,-1.5697279941611788e-05
2021-09-28,1.3677846868341896e-12,2.178705207290554e-12,5.481256358482033e-12,3.522353768876007e-12,3.892209264907952e-12,7.691468068205252e-12,0.0018475034680758332,1.6474389414290888e-12,0.0,0.06937061006805786,0.2758546142780357,0.2517164284655009,1.1122846111148635e-12,0.1629088271756508,0.23831738401417973,-1.5367496394203388e-05
2021-09-29,1.3647962678272032e-12,2.153251698917031e-12,5.499908699972408e-12,3.5279010981877525e-12,3.885521074505609e-12,7.763093156594881e-12,0.0018354629000703166,1.6265111557375775e-12,0.0,0.07004673198182784,0.27161784655261845,0.2566257906173526,1.0818632012626068e-12,0.16181396697262243,0.23807561885406658,-1.541790546088786e-05
2021-09-30,1.3605884518410707e-12,2.2410193416855954e-12,5.418196637363118e-12,3.786509404100198e-12,4.248830510828946e-12,8.909085984045102e-12,0.0020014766817591546,1.8552277341133795e-12,0.0,0.08085180531749792,0.25000509804852095,0.25000509805121485,1.1461405361835088e-12,0.1807974040500622,0.23635951005178668,-2.0392229807040605e-05
2021-10-01,1.3802644184761567e-12,2.2411196733886435e-12,5.393205420388047e-12,3.754288284772789e-12,4.289180091752367e-12,8.802671783770043e-12,0.0020485861510900526,1.903538245454817e-12,0.0,0.08073557753756047,0.2538641128827673,0.25431490244290567,1.1286116724093343e-12,0.17885834343483098,0.23019883484372114,-2.0357321768268045e-05
2021-10-04,1.3869124579177605e-12,2.2584450917056447e-12,5.319945597688088e-12,3.738544917696231e-12,4.2234779780728505e-12,8.710731949568742e-12,0.0020661263546215463,1.8859170675897478e-12,0.0,0.07879170803153777,0.25494638269674247,0.2544452952140427,1.1156180414609183e-12,0.1784773772092858,0.23129348304954067,-2.0372584410632416e-05
2021-10-05,1.3934186667371153e-12,2.252538922077645e-12,5.491677715129028e-12,3.758045956575503e-12,4.271669218783269e-12,8.935042223054308e-12,0.0021919134784532724,1.876168271404468e-12,0.0,0.07891975269382018,0.25595027135871895,0.2545723684847044,1.1076232752168503e-12,0.1806363849791058,0.22774993183090367,-2.0622854792358915e-05
2021-10-06,1.399391480752802e-12,2.243450845319172e-12,5.491564313694006e-12,3.721008133688055e-12,4.233464391043851e-12,8.92784035830866e-12,0.0021478882837963616,1.858402602075584e-12,0.0,0.07748962250404957,0.24613546954870133,0.25920139245399476,1.089604355672329e-12,0.18367978325322132,0.2313663674947802,-2.05235675082965e-05
2021-10-07,1.3995078280163031e-12,2.2462732263258818e-12,5.713576055132972e-12,3.843070284131064e-12,4.284731249518181e-12,9.069497342004953e-12,0.0021563413038025265,1.8933149803036682e-12,0.0,0.07599463673633244,0.2439206572419568,0.26258618866689654,1.0815814352136192e-12,0.1857948087683367,0.22956814083660831,-2.0773583464894213e-05
2021-10-08,1.3935044223829924e-12,2.2728145293625264e-12,5.747067520369452e-12,3.8549783889136e-12,4.344494170332894e-12,9.155185195244348e-12,0.0022056761989589007,1.88723091559332e-12,0.0,0.07471211006416233,0.24305221051720788,0.2677758926879357,1.1100757264048314e-12,0.18970489654664166,0.22257004831250848,-2.083435718038653e-05
2021-10-11,1.4044556056399246e-12,2.2253411094767745e-12,5.789484566621128e-12,3.8300200665058405e-12,4.371761839749535e-12,8.978928709111063e-12,0.0022356484366703477,1.8440827740700934e-12,0.0,0.07340091388314587,0.2356606124343691,0.26765592595307347,1.1429366934944506e-12,0.19852495037101967,0.22254273016639808,-2.0781274263286015e-05
2021-10-12,1.4096343706054162e-12,2.215484921272449e-12,5.7814692962114595e-12,3.789404814866931e-12,4.352855956974708e-12,8.980675597242388e-12,0.0022035097293397077,1.829912453452971e-12,0.0,0.07385613536215527,0.23008570630816372,0.26569011715751906,1.1736420507698069e-12,0.2014313849570235,0.22675378252013223,-2.063606386664298e-05
2021-10-13,1.4238447240954966e-12,2.2446352923022347e-12,5.9019122057663785e-12,3.895540767980736e-12,4.2920194815862615e-12,8.917444379643083e-12,0.0022649124279293937,1.841048788060274e-12,0.0,0.07315069920099994,0.23032886399051364,0.2620426033645237,1.2290854664699887e-12,0.20340682761419326,0.22882692852167968,-2.0835149585011285e-05
2021-10-14,1.4345225207454235e-12,2.2709445501957726e-12,5.9740451690507575e-12,3.951473055732972e-12,4.267851396505393e-12,8.901824538160013e-12,0.0022932286986186864,1.8311873748409153e-12,0.0,0.07376438503720599,0.2337740376114339,0.25475719086925847,1.2473225323571304e-12,0.20300720348351847,0.23242482554939292,-2.0871279307412472e-05
2021-10-15,1.4358959490401654e-12,2.2933462339152787e-12,6.023276176695639e-12,3.987423777079355e-12,4.3156558520762006e-12,8.879721562896263e-12,0.002280076194340924,1.84245169223826e-12,0.0,0.07296411785451053,0.23388165206551548,0.25307209543727854,1.221271897904407e-12,0.20653809437313153,0.2312846989712488,-2.073492602481931e-05
2021-10-18,1.468698437169395e-12,2.263400916917266e-12,6.007908109345691e-12,4.0029138295458326e-12,4.390747829942167e-12,8.957020677522992e-12,0.002297858131991053,1.819593838120266e-12,0.0,0.07359906609522687,0.22956428626268963,0.25173915937687125,1.2366398547167963e-12,0.20361237529579992,0.23920805659645034,-2.0801789175872315e-05
2021-10-19,1.5017639729331918e-12,2.251576875498317e-12,6.012156627561564e-12,3.940492208140694e-12,4.396594018486087e-12,9.1442328453755e-12,0.0023101538814937765,1.8516671030193913e-12,0.0,0.07533617590677323,0.23002903917109496,0.25459592936494746,1.2484153177534741e-12,0.20112421317463225,0.23662551127856937,-2.1022807857891778e-05
2021-10-20,1.4991521213712275e-12,2.236355131060194e-12,6.015087231626394e-12,3.912848565454007e-12,4.35722979011638e-12,8.846730805162073e-12,0.0022772921417922045,1.8313520567248865e-12,0.0,0.07533735360603439,0.2332736930073525,0.2544677622007198,1.2199610315505553e-12,0.19945323475731028,0.23521145623822548,-2.0791981353223877e-05
2021-10-21,1.4701634638258882e-12,2.2041972014464956e-12,5.938695328309255e-12,3.9431762801735475e-12,4.202754836637172e-12,8.889895081388281e-12,0.0022251438239587387,1.7771441737681031e-12,0.0,0.07540770901760095,0.2355656538417774,0.2552606244708276,1.2511147830499689e-12,0.19942907195150297,0.23213236524426362,-2.0568379608330518e-05
2021-10-22,1.4545039522455009e-12,2.2010974851200876e-12,5.807516804936361e-12,3.859828411829726e-12,4.129478078674325e-12,8.531486328096e-12,0.002198795890177225,1.7060428786019304e-12,0.0,0.07538123111998063,0.23057563616760016,0.2589267592238969,1.2025958927467295e-12,0.20100870275997113,0.23192915436749742,-2.027955801601439e-05
2021-10-25,1.4541185112693362e-12,2.2982140842393127e-12,5.897926796408635e-12,3.8832444553336825e-12,4.125169396333055e-12,8.646549810606256e-12,0.0022309752444516252,1.7365627963327748e-12,0.0,0.07737551714855227,0.23290860453504306,0.25461672689448894,1.2193025188439863e-12,0.19553123164819908,0.2373575486926179,-2.0604192613944855e-05
2021-10-26,1.4380596319013569e-12,2.297915461986249e-12,5.9711200692406315e-12,3.834362435568793e-12,4.1712539554626445e-12,8.584174634900689e-12,0.0022800106658773596,1.7247959776389317e-12,0.0,0.07807907581794954,0.2309123775767334,0.2506275851965689,1.2073072720570764e-12,0.19509084081492387,0.24303067274308232,-2.056284436445043e-05
2021-10-27,1.4070544641540354e-12,2.2908177633352073e-12,5.9916071763952474e-12,3.830323439796651e-12,4.2238953840867826e-12,8.54847625733928e-12,0.002267099539759943,1.7337883177483128e-12,0.0,0.07736584929350426,0.2321278283726073,0.24711617366006855,1.190769560496654e-12,0.19263848660105537,0.24850505240045373,-2.0489896665899787e-05
2021-10-28,1.3565826649817306e-12,2.2871487599649637e-12,5.960527038834867e-12,3.735709873448531e-12,4.2164701948670145e-12,8.553561032573307e-12,0.0022727007194251526,1.6596131650135382e-12,0.0,0.07607045632635163,0.23345721520335125,0.2488781610494353,1.1662770374001766e-12,0.19393313046872954,0.24540870707769996,-2.0370873928635083e-05
2021-10-29,1.3605874696742834e-12,2.2410177239629376e-12,5.418192726134286e-12,3.786506670735991e-12,4.248827443729409e-12,8.909079552851052e-12,0.0020014752369549456,1.8552263948817698e-12,0.0,0.08085174695307645,0.25000491757756105,0.250004917580255,1.1461397088200498e-12,0.18079727353799943,0.23635933943115542,-1.9670345968058313e-05
2021-11-01,1.3593486926169604e-12,2.243701275019512e-12,5.428527180556273e-12,3.827064520418408e-12,4.3361295755091254e-12,8.984328175272846e-12,0.0020413565703102836,1.8369570796066878e-12,0.0,0.08025738318701835,0.2522727680354795,0.24948253874435683,1.1654724618550088e-12,0.1784506025358433,0.23751508962690573,-1.9738729095732413e-05
2021-11-02,1.3633864966469116e-12,2.1891802621515307e-12,5.533772703877367e-12,3.801622301190678e-12,4.215177903850911e-12,8.972336307081495e-12,0.002035484378127454,1.828774159262226e-12,0.0,0.08092500158739882,0.25267486290757857,0.2505758755051888,1.1596666556304106e-12,0.1836447758518644,0.23016366556469284,-1.9665823914615657e-05
2021-11-03,1.3535745968335174e-12,2.172051827729825e-12,5.535198000556011e-12,3.733122457165306e-12,4.091286561319954e-12,8.915175734478022e-12,0.0020261761000616068,1.8518555640725624e-12,0.0,0.08169516729481047,0.26020229597041794,0.24693890352169157,1.1241525356664565e-12,0.180799858188121,0.22835709359786832,-1.9494701747320108e-05
2021-11-04,1.3625878237685033e-12,2.1619731933359856e-12,5.635915242101547e-12,3.69059546347953e-12,4.010630422914825e-12,9.054926804320404e-12,0.0019669240160072,1.8493141574281836e-12,0.0,0.08180903034737004,0.25589181411869927,0.24710388216687484,1.1250221570486688e-12,0.18163611174264827,0.23161175424980737,-1.9516670297917304e-05
2021-11-05,1.3478772918056093e-12,2.1967892695135367e-12,5.645560893049331e-12,3.7179988989363446e-12,3.976548094323418e-12,9.196448678477731e-12,0.0019584959440794875,1.855118119362205e-12,0.0,0.08048439974291867,0.25856044588510857,0.2450890322121736,1.107455306688978e-12,0.17939690896581656,0.23453021072133934,-1.9493500480042752e-05
2021-11-08,1.316897553374287e-12,2.1566189135233354e-12,5.549992138955746e-12,3.5741948125775547e-12,3.838981339128398e-12,9.079042720583394e-12,0.0019061009971677906,1.850980561145188e-12,0.0,0.0800077596105923,0.26168946008035293,0.24062483158371123,1.1012317595470268e-12,0.17450901263977103,0.241281990576772,-1.9155516835390236e-05
2021-11-09,1.3431530313956467e-12,2.159474826353349e-12,5.580023416208439e-12,3.6344997487372944e-12,3.837060516439605e-12,9.014479020642808e-12,0.0019311757532135666,1.8555838594672867e-12,0.0,0.07908505742840477,0.25478304514228617,0.24194249407719967,1.1204064726648132e-12,0.17405971588283697,0.2482176859169961,-1.9174229481842525e-05
2021-11-10,1.328118571818784e-12,2.1267102336745305e-12,5.550784678547641e-12,3.6147561652558524e-12,3.8556652273556476e-12,8.885362297345199e-12,0.001958163782206461,1.8989472219566657e-12,0.0,0.08027034435321327,0.24935013925725855,0.2452795198678611,1.1361538330536578e-12,0.17605314443762562,0.24710777101835793,-1.908274491933265e-05
2021-11-11,1.2908918329452847e-12,2.1126950236714038e-12,5.512905845778762e-12,3.5740560367395916e-12,3.861349777071684e-12,8.837799544243387e-12,0.0019364648633431658,1.8706006103418422e-12,0.0,0.08167791799945064,0.24672088262379568,0.2431951528461661,1.1272971472442664e-12,0.1771834600508121,0.24930519818873464,-1.9076600489953787e-05
2021-11-12,1.2615059304736411e-12,2.1477882967607784e-12,5.633298377148561e-12,3.553115629486831e-12,3.839758554688711e-12,8.84231866471661e-12,0.0019288782360959334,1.88850165431211e-12,0.0,0.08077749540257521,0.25450346383772476,0.2409419578352613,1.1593912502412624e-12,0.17949784143195005,0.24236955386165238,-1.919063358515839e-05
2021-11-15,1.2435675660155349e-12,2.1021680270826855e-12,5.49322937008779e-12,3.4917733108794175e-12,3.784692749344917e-12,8.74441154753378e-12,0.0019204827482706627,1.8616103443471208e-12,0.0,0.07859207957488616,0.2613449714822341,0.23905796913142383,1.1836981491237977e-12,0.18042638993080967,0.23867690825179685,-1.8801147326359264e-05
2021-11-16,1.2526107402820611e-12,2.1107206965410042e-12,5.4142547407198415e-12,3.5082030502522724e-12,3.857722425441255e-12,8.71671099816256e-12,0.0019400082712588552,1.892759178123361e-12,0.0,0.07840603471651726,0.2582450272482123,0.23685716711974017,1.1624661158502927e-12,0.17831607042016243,0.24625457254683192,-1.8880350638296968e-05
2021-11-17,1.235348367871648e-12,2.102540448302191e-12,5.35728561025585e-12,3.5375349030168757e-12,3.899305281830239e-12,8.768879665439094e-12,0.0019382665520078829,1.8771681889077777e-12,0.0,0.08037283973118015,0.253820089479274,0.23834243913088915,1.1783394076903608e-12,0.17566356312902043,0.24988158082771103,-1.877887803912185e-05
2021-11-18,1.226361796250434e-12,2.108588242228322e-12,5.253734589197015e-12,3.4354938433245742e-12,3.820031786931871e-12,8.667060276143226e-12,0.001912199948824153,1.8402068678682755e-12,0.0,0.07981489796250031,0.2582294401478041,0.23682566475167316,1.174189592980884e-12,0.17500525518841553,0.24823104694535106,-1.8504972094093814e-05
2021-11-19,1.229609323519547e-12,2.1041725658143158e-12,5.20435535432963e-12,3.3836488550895274e-12,3.785678564052915e-12,8.650106768949742e-12,0.0018927514686434197,1.8374917500409582e-12,0.0,0.08037408622442686,0.26205904918196904,0.23576419067647503,1.1406468758097509e-12,0.17290815837584692,0.24702015249075818,-1.8388445455251913e-05
2021-11-22,1.202802279477228e-12,2.1241275796055288e-12,5.189000773878525e-12,3.3833190047362645e-12,3.831435586352295e-12,8.542512220394563e-12,0.0018990815914556977,1.8266701306969512e-12,0.0,0.07907093904393979,0.2679809526555271,0.23328096516953647,1.1497924057121333e-12,0.1663069915027055,0.2514793713952295,-1.8301385643779294e-05
2021-11-23,1.22364307747773e-12,2.141833607316374e-12,5.2144403139051605e-12,3.423991697352388e-12,3.967190501053874e-12,8.41167656769228e-12,0.0019334861724029306,1.8166245864264846e-12,0.0,0.0793631255345943,0.26814487181031116,0.23501887338523755,1.135548566210004e-12,0.17072630919739645,0.24483176545177215,-1.843157904958967e-05
2021-11-24,1.234623357680643e-12,2.1430437317275555e-12,5.168659458349939e-12,3.4454616974875168e-12,3.907619044844215e-12,8.449595397156015e-12,0.0019039965319463598,1.835908871805856e-12,0.0,0.07913169587003835,0.27053616515525397,0.23292352837740296,1.1391539145802646e-12,0.1667204749683775,0.24880263802271224,-1.8498953055383495e-05
2021-11-25,1.2576772298836527e-12,2.2080064004569805e-12,5.184214557804012e-12,3.4837456477125575e-12,3.831065744702969e-12,8.630528655464806e-12,0.0019280505595856378,1.8272690426646007e-12,0.0,0.07899437472182563,0.2691342393003514,0.23532578369549825,1.120487835223191e-12,0.17021924642276487,0.2444168369258434,-1.853165341211119e-05
2021-11-26,1.2458902235484392e-12,2.188948888282059e-12,5.229913489660921e-12,3.461307829823035e-12,3.770858856048237e-12,8.569471670449444e-12,0.0019286116372619862,1.7980462455879996e-12,0.0,0.08164820571102366,0.2656065118233275,0.23424627449670934,1.114265911044951e-12,0.1690687248805551,0.24752020965739613,-1.853823365248339e-05
2021-11-29,1.2602252666841785e-12,2.187744117111909e-12,5.17342490902864e-12,3.521077671434239e-12,3.776434329539192e-12,8.782927669888927e-12,0.0018752146913065663,1.8079369500212911e-12,0.0,0.08142652520077522,0.2653804443389349,0.23608190282400504,1.1065084705881094e-12,0.16859449299622412,0.2466600012938611,-1.8581372723161546e-05
2021-11-30,1.3605894330430994e-12,2.241020957819204e-12,5.418200544750049e-12,3.78651213477949e-12,4.248833574915747e-12,8.90909240892195e-12,0.002001478125144168,1.8552290720294953e-12,0.0,0.08085186362458947,0.2500052783422086,0.2500052783449026,1.1461413627342694e-12,0.1807975344339262,0.23635968050482153,-2.11134045582518e-05
2021-12-01,1.3689060618167242e-12,2.2213491736802704e-12,5.407808576385458e-12,3.753156013065602e-12,4.1726125484617165e-12,8.567493562473228e-12,0.0019872402469053156,1.816804557346526e-12,0.0,0.07944169293236167,0.25456253515204164,0.25761657155755235,1.1393588226725523e-12,0.17753498267634515,0.2288778749594327,-2.08975530863647e-05
2021-12-02,1.3921096331352682e-12,2.289698312774818e-12,5.460926437746402e-12,3.696572070151007e-12,4.259502279028387e-12,8.785141284378626e-12,0.00196929840148136,1.8444232721148928e-12,0.0,0.08036149034638006,0.25450890919613184,0.26538038632178196,1.1457935392428596e-12,0.17495093263617503,0.22285013699342304,-2.1153924247647433e-05
2021-12-03,1.3933367462441221e-12,2.2789405332129114e-12,5.4068376794537414e-12,3.6381227621426174e-12,4.186479411942814e-12,8.570766018705913e-12,0.0019368216679306175,1.7698717055056326e-12,0.0,0.07912221588583476,0.25429246914052195,0.2623927028013883,1.1494955198280717e-12,0.17736123617913685,0.2249154734877939,-2.0919191000280568e-05
2021-12-06,1.3930930400463786e-12,2.2687952578167113e-12,5.325282170500097e-12,3.652436876039963e-12,4.252719874882822e-12,8.569974205845775e-12,0.0019781266923264706,1.723994430414541e-12,0.0,0.07982375056632972,0.2542780172131724,0.2670560681732136,1.1442869524940645e-12,0.17381857692283934,0.22306627924662803,-2.0818842840046284e-05
2021-12-07,1.377245158373032e-12,2.2500050996369873e-12,5.398443211067782e-12,3.70093507228087e-12,4.28540627993189e-12,8.408477092323915e-12,0.0019750951972558176,1.6997451074355892e-12,0.0,0.07937010229448789,0.25066577561766823,0.2681152515885377,1.1353884416373914e-12,0.17914389439508246,0.22075076114110803,-2.0880262395815278e-05
2021-12-08,1.3656994540363207e-12,2.2118230611452622e-12,5.42340216834026e-12,3.6954133266671335e-12,4.232152289171125e-12,8.579714980125557e-12,0.002002984736378814,1.7077304190010046e-12,0.0,0.08059954428954923,0.24860869638574776,0.2647895668268378,1.1577145774412622e-12,0.18138815721856008,0.2226320289368709,-2.0978422318171276e-05
2021-12-09,1.3598203613746185e-12,2.2337798890060707e-12,5.399493290370706e-12,3.705143473314797e-12,4.3230438297841626e-12,8.539904886265784e-12,0.0019681017841522612,1.6888601864818494e-12,0.0,0.08124001001205029,0.24908390758690221,0.2635753706044731,1.1723140698914826e-12,0.1793137650691386,0.22483989724200937,-2.105232714830856e-05
2021-12-10,1.3560128137852684e-12,2.222703917063106e-12,5.384819976879919e-12,3.704765138715589e-12,4.338845158836623e-12,8.602335732798344e-12,0.0018782054149970335,1.6767740687271965e-12,0.0,0.08350245293149389,0.24581048543452785,0.26547512900290277,1.2084412431958808e-12,0.1758146346571026,0.22754022775502536,-2.113522454426729e-05
2021-12-13,1.3303869348295597e-12,2.1861919981605684e-12,5.2775474314748915e-12,3.632074093318198e-12,4.431659145731305e-12,8.597504867206325e-12,0.0018847086471753176,1.6695361243263613e-12,0.0,0.083077175553678,0.24729842650841832,0.2587507275346297,1.2152984274204262e-12,0.17610393211610134,0.23290591964089916,-2.089002924198516e-05
2021-12-14,1.3476394823747063e-12,2.1986796928611432e-12,5.346519078746462e-12,3.754898042234445e-12,4.4073359234957035e-12,8.512876004112846e-12,0.001919353140372764,1.6875760515626541e-12,0.0,0.08574912034682493,0.24931866015626958,0.2549120793720159,1.2806901614345546e-12,0.1759065075904662,0.23221551993460238,-2.1240569088098264e-05
2021-12-15,1.3462813462202497e-12,2.1653990606826506e-12,5.282694902086741e-12,3.7332806556092596e-12,4.415304027094557e-12,8.381745374140934e-12,0.001936881488167725,1.6183105775824532e-12,0.0,0.0836956755259049,0.25204522854559047,0.2527097642739567,1.2516785591868647e-12,0.1760802017280202,0.23355324443615974,-2.0996025994583324e-05
2021-12-16,1.369333512539394e-12,2.166446072423378e-12,5.313155251858458e-12,3.774461642669697e-12,4.462106234146057e-12,8.556535373882666e-12,0.001905255778225242,1.6441750528553016e-12,0.0,0.08353606368760878,0.2518238371410097,0.2546425313654745,1.185916388201744e-12,0.17580671464948674,0.23230681995448665,-2.1222604763760217e-05
2021-12-17,1.3743433305266292e-12,2.1459038669106274e-12,5.293865121234276e-12,3.836307281151103e-12,4.510326681917924e-12,8.644890690721452e-12,0.0018901373097141773,1.6548867628856245e-12,0.0,0.08318918396305587,0.2532191996236906,0.2518124073824702,1.2157190055788288e-12,0.17511869728577092,0.2347915637775246,-2.11893709026477e-05
2021-12-20,1.3952365950650686e-12,2.1714766954174877e-12,5.2210976912891245e-12,3.861732054872738e-12,4.5639671110768135e-12,8.75748468899348e-12,0.0018647243428320337,1.6421538253649975e-12,0.0,0.08234455575464239,0.252422690749982,0.2589554775115933,1.2168520555433757e-12,0.17311177967571478,0.2313219874257339,-2.1215489328457222e-05
2021-12-21,1.3837004729514322e-12,2.11786642052036e-12,5.148212334523327e-12,3.832720892537034e-12,4.583760452358658e-12,8.733189511320401e-12,0.0018260591477018858,1.6509058823712705e-12,0.0,0.07986729390818303,0.2489266027939882,0.26230078214327524,1.206906230774892e-12,0.171244600352775,0.23585563161213177,-2.0969986712589604e-05
2021-12-22,1.3526374360619917e-12,2.0714505957028266e-12,5.01291078249101e-12,3.814596658296639e-12,4.551981527747201e-12,8.826564444430125e-12,0.0018157883778089105,1.6269213319506336e-12,0.0,0.079309326403046,0.24006530076936142,0.271892951958752,1.207299988365996e-12,0.1704067799121678,0.23653062865184707,-2.0776101447624744e-05
2021-12-23,1.3595166369203392e-12,2.0652413061559085e-12,4.971036293674401e-12,3.834985984238088e-12,4.566480606626592e-12,8.722136377189229e-12,0.0018479005033974598,1.631383952187047e-12,0.0,0.08091278394395095,0.23983277732508693,0.2729925415654058,1.2229020258963279e-12,0.16794897597318342,0.23648575929233714,-2.0738631735398897e-05
2021-12-24,1.332640786634984e-12,2.002505645070284e-12,4.989056176634578e-12,3.694423069645204e-12,4.400916909186799e-12,8.684684784918663e-12,0.0018269477770744174,1.5743340877470889e-12,0.0,0.08104424020268694,0.2347645485304124,0.27908026442816636,1.1614972615490663e-12,0.16657303871939738,0.23673126085988647,-2.0300545464127973e-05
2021-12-27,1.3288972938961833e-12,1.9761657253857586e-12,4.918306742923856e-12,3.6722061576264105e-12,4.395522394218723e-12,8.655526112087803e-12,0.0018322686934678389,1.5346335500399477e-12,0.0,0.07899294215572315,0.23076430847798748,0.2807849800876864,1.151129394418296e-12,0.17260222697704522,0.23504334407594657,-2.0070495488964263e-05
2021-12-28,1.3419625126636898e-12,1.996670069166353e-12,4.929961044745045e-12,3.704075969851854e-12,4.497508999159114e-12,8.749700542471129e-12,0.0018297517497641242,1.5288510864344019e-12,0.0,0.07983634224483878,0.23746985541146673,0.2770655614753571,1.1556676196418022e-12,0.17472315146965836,0.22909559000068289,-2.0252379672293745e-05
2021-12-29,1.3332795024982152e-12,1.9857936991235527e-12,4.894793623478132e-12,3.7178014720287965e-12,4.495604286658616e-12,8.70095003223295e-12,0.0018432374404902551,1.56870310074144e-12,0.0,0.0775839052743143,0.24009599451070718,0.27671109029496876,1.1608479629645127e-12,0.17376532574944187,0.23002072373543012,-2.027703321025034e-05
2021-12-30,1.3333520443267538e-12,1.971500296590615e-12,4.8410387584448765e-12,3.693898563761373e-12,4.5027104933623374e-12,8.75695650686564e-12,0.0018622169100744543,1.5558877685475593e-12,0.0,0.07865445858694323,0.24436014096637027,0.2761427653052396,1.1551536569932297e-12,0.17419475721450256,0.22480590614457413,-2.024515551480633e-05
2021-12-31,1.360582180312832e-12,2.241009011878617e-12,5.418171662600789e-12,3.786491950475172e-12,4.248810926170196e-12,8.909044918295755e-12,0.002001467456105717,1.855219182583262e-12,0.0,0.0808514326372951,0.2500039456691735,0.25000394567186746,1.1461352531365092e-12,0.18079657067827853,0.23635842057073184,-1.5782712417606474e-05
2022-01-03,1.402470295876406e-12,2.257966980909594e-12,5.513185558195324e-12,3.8213691410200415e-12,4.303173169937858e-12,9.291778785121913e-12,0.002026817769841965,1.8962289546128334e-12,0.0,0.08094707075734661,0.2507343421413355,0.24909007670677802,1.1475737442937683e-12,0.17434094841625167,0.24287678749026467,-1.6043311452356132e-05
2022-01-04,1.394062184916574e-12,2.2050594205631704e-12,5.293909421234409e-12,3.698989163029418e-12,4.1730348624809074e-12,8.943322718501973e-12,0.001999592524709069,1.870575436892276e-12,0.0,0.07983840109546422,0.2506012549092852,0.2507545881423935,1.1756097036135628e-12,0.16726560377542715,0.24955619996332087,-1.5640439354612404e-05
2022-01-05,1.3785103518269495e-12,2.174723167114799e-12,5.271273705318225e-12,3.645811587400669e-12,4.160873560973244e-12,8.724322642348359e-12,0.0019778689849984134,1.890097051162396e-12,0.0,0.07940709402303452,0.2506218247042781,0.2537806850714101,1.1329216005764325e-12,0.16778349030328915,0.24644455169159454,-1.5514806983277854e-05
2022-01-06,1.3939180120598753e-12,2.2191919251232793e-12,5.253498089408587e-12,3.638321020238639e-12,4.102488706251708e-12,8.747200593803931e-12,0.0020330259712045234,1.905336417769002e-12,0.0,0.07958456427717793,0.2469994475517524,0.2514302789462745,1.1519752867842889e-12,0.1658316600069521,0.25413668366890413,-1.566045067762911e-05
2022-01-07,1.394464121057522e-12,2.2235416959390576e-12,5.243581457654598e-12,3.674794336790586e-12,4.1463877891045325e-12,8.7953680999491e-12,0.0020510490263282105,1.9020102311602976e-12,0.0,0.07927180549930982,0.24734135840797153,0.25061017790713574,1.1443428030172218e-12,0.16398502999509101,0.2567562531451474,-1.5674009508214477e-05
2022-01-10,1.398098445547302e-12,2.2282372557212745e-12,5.122792375923091e-12,3.693443458634849e-12,4.090947605455894e-12,8.778765137227301e-12,0.0020067470983900835,1.887808317138359e-12,0.0,0.07671747170476237,0.24743554169460413,0.2539031177227749,1.130206046840561e-12,0.1664860608407708,0.253466580495505,-1.5519585137513978e-05
2022-01-11,1.4025032149092574e-12,2.167726141364682e-12,5.231438553678594e-12,3.738947171589451e-12,4.057546977948231e-12,8.516646998480015e-12,0.0020051432942756907,1.840609071294484e-12,0.0,0.07685354927052152,0.2425542889761265,0.25753207359532004,1.1410186173157972e-12,0.16868749762241486,0.2523828886685112,-1.5441455266372324e-05
2022-01-12,1.3780900576299241e-12,2.180292630165055e-12,5.195134948097456e-12,3.664609647276768e-12,4.107777339308839e-12,8.711332079540159e-12,0.0019961726772037614,1.889533057358066e-12,0.0,0.07610688391747363,0.2391645458851661,0.2636424061139488,1.121185874961946e-12,0.17031023105497942,0.24879513559162986,-1.537526864941209e-05
2022-01-13,1.3866678645716257e-12,2.2264861226310217e-12,5.229057788379985e-12,3.6866418736944586e-12,4.20899072288009e-12,8.985395313915549e-12,0.002035266174934694,1.8922587517795914e-12,0.0,0.07703009664796039,0.243029053674048,0.2620847872499394,1.1478512858178078e-12,0.17245036862741378,0.24338596305656562,-1.553545962525093e-05
2022-01-14,1.3672759864204084e-12,2.2035474201433035e-12,5.197782997966731e-12,3.7470621589811115e-12,4.199460103875206e-12,8.843093675628556e-12,0.00203094387408265,1.873297037504291e-12,0.0,0.07733530514546305,0.24655490929545373,0.26068202764401616,1.17504122361409e-12,0.1744453727151214,0.23896689205487212,-1.545075761560804e-05
2022-01-17,1.3844185209888035e-12,2.192842935636481e-12,5.109131685832818e-12,3.787239278112214e-12,4.270746460668943e-12,8.768385522755523e-12,0.0020010039362538838,1.853824569277713e-12,0.0,0.07824439086026497,0.2468695213296003,0.2590768725257669,1.1964695729417689e-12,0.17209793407474877,0.24172559874885366,-1.5321504051352684e-05
2022-01-18,1.42016552736534e-12,2.2655073590686333e-12,5.249210433198993e-12,3.893466169285138e-12,4.373337224067262e-12,9.176134652946292e-12,0.002038263489651901,1.887257082945519e-12,0.0,0.08172576501431492,0.2441980632166373,0.26403353531446333,1.192005609665833e-12,0.17402236383829342,0.23399776597996436,-1.5756882782340856e-05
2022-01-19,1.4034635082359304e-12,2.215916293417406e-12,5.197852626249389e-12,3.781165693814573e-12,4.332353343670325e-12,9.03295218707455e-12,0.0020581289176388497,1.9051989030406418e-12,0.0,0.08047996220360375,0.24947694269334314,0.2545027758449546,1.1508686858559529e-12,0.17199918672362133,0.24149859224541456,-1.558865759595347e-05
2022-01-20,1.419217414687283e-12,2.2409809813704242e-12,5.184578169618606e-12,3.872828904791104e-12,4.440691029971154e-12,9.245726724229898e-12,0.0020678643415929223,1.9113265137081426e-12,0.0,0.08166615674222288,0.24840944697816952,0.2528111030449338,1.1577449311331784e-12,0.17277411424763517,0.2422871053140907,-1.5790698118043706e-05
2022-01-21,1.4212145033619313e-12,2.236139818341364e-12,5.153306592466726e-12,3.869698402843364e-12,4.374609878745964e-12,9.231865229117426e-12,0.002066230146891275,1.86540813443489e-12,0.0,0.08032916804132346,0.24810005054728757,0.25708602841464806,1.1734267640958674e-12,0.17242937892668597,0.24000488431345082,-1.5740419612945687e-05
2022-01-24,1.4340035278932473e-12,2.251579960114284e-12,5.119433121883774e-12,3.834920359668486e-12,4.265189059340966e-12,9.251838782574641e-12,0.002064372122907003,1.895901608894083e-12,0.0,0.08201694459833386,0.24537981858408173,0.26211467883095874,1.1629911867807357e-12,0.17494400339662075,0.23349592047261356,-1.573803473156819e-05
2022-01-25,1.4116271840997813e-12,2.1671683899146975e-12,5.014160946633557e-12,3.786060661044614e-12,4.163293670010414e-12,8.966186547800014e-12,0.0020511543431272167,1.859820306635545e-12,0.0,0.08063112214781719,0.25137553659943024,0.262542913887729,1.1659945685308191e-12,0.1732593362617922,0.2301553917835131,-1.545505194324945e-05
2022-01-26,1.407116716793317e-12,2.1951485513993614e-12,5.087655059759689e-12,3.778648260808329e-12,4.186894876366914e-12,8.913590325478156e-12,0.0020912283796935267,1.9191990270405782e-12,0.0,0.08278536208038062,0.25244831087364455,0.25912117157229353,1.1529366762419168e-12,0.17268529216412573,0.23088439424895185,-1.5759347730987426e-05
2022-01-27,1.3938662844152798e-12,2.1554701543563475e-12,5.0661221625021805e-12,3.739053282078425e-12,4.154739695948331e-12,8.973531875121153e-12,0.00204197339915752,1.9156748387841042e-12,0.0,0.08172559892505665,0.2541107003496727,0.26096128273517205,1.1252008634236867e-12,0.17081223906382037,0.23036383693876303,-1.5631440165936377e-05
2022-01-28,1.3927906476269737e-12,2.172224345684444e-12,5.090998893490378e-12,3.8248940934470185e-12,4.085374500695672e-12,8.976954965479578e-12,0.0020209391647227253,1.935956291825317e-12,0.0,0.08233464482957137,0.2520457340296687,0.25827772160688495,1.099015429190258e-12,0.16973481168710636,0.23560180531351776,-1.5656660050001045e-05
2022-01-31,1.3605731476266e-12,2.240994134180276e-12,5.418135692230688e-12,3.7864668125642086e-12,4.24878271899792e-12,8.908985772579652e-12,0.0020014541686852313,1.8552068660815393e-12,0.0,0.08085089587763958,0.25000228593319385,0.2500022859358878,1.146127644128931e-12,0.18079537039892873,0.23635685142519824,-9.14376849871464e-06
2022-02-01,1.3605482510042493e-12,2.263959265477611e-12,5.471926798097787e-12,3.790837537513777e-12,4.163513154857877e-12,9.264333326819326e-12,0.002051662341794262,1.8770525295472083e-12,0.0,0.0808357187304393,0.24820064910078626,0.25574831218703054,1.1533189237330064e-12,0.178514640941153,0.23465817071181314,-9.1540423621123e-06
2022-02-02,1.3696237036449503e-12,2.2917630480306943e-12,5.5409441591056284e-12,3.8092412998356625e-12,4.135100259091606e-12,8.846155896001623e-12,0.0020522444190157803,1.8700909173475646e-12,0.0,0.0806099234148797,0.2419970942129944,0.25723087474290435,1.161977198668322e-12,0.18009808981734135,0.2380208900742555,-9.116710415795317e-06
2022-02-03,1.3964924226112482e-12,2.3138855005482594e-12,5.61360869556308e-12,3.866296280330431e-12,4.198256567549067e-12,9.084569709312198e-12,0.0020990593389713847,1.9521469059634473e-12,0.0,0.08184679524767373,0.23016930144863282,0.26631167453066645,1.1672814379668401e-12,0.17999017172898893,0.23959223865505175,-9.240979577693112e-06
2022-02-04,1.389881908260051e-12,2.327089116451367e-12,5.5165610070247896e-12,3.816853444436715e-12,4.214054656900108e-12,9.153686285319752e-12,0.0021164972014791564,1.9297650730333504e-12,0.0,0.08118215685108757,0.23100936178610804,0.27292750666691046,1.1251660752383963e-12,0.17924004411683528,0.23353366772442885,-9.234376322309698e-06
2022-02-07,1.3743339329444459e-12,2.360489186480394e-12,5.574243761630743e-12,3.854094545460101e-12,4.280822268555706e-12,9.139560451025751e-12,0.0021139539732459283,1.998859937629206e-12,0.0,0.08249810003595945,0.2321369625328242,0.26569097394431096,1.0900613365286717e-12,0.1782123675460992,0.23935691596151895,-9.274023631120413e-06
2022-02-08,1.3729413374798794e-12,2.362388911189686e-12,5.468839222496862e-12,3.892895350574702e-12,4.195603411789077e-12,9.08882071847615e-12,0.0020962647013165357,1.977583139827114e-12,0.0,0.08093090406374308,0.22522146945676744,0.26363072081954764,1.0736922020333577e-12,0.18765502704404674,0.2404748082019519,-9.194316806047713e-06
2022-02-09,1.3730025420630012e-12,2.346379877414594e-12,5.379166142479672e-12,3.862550697397733e-12,4.218437231073067e-12,9.292784358915307e-12,0.0021367130261476202,1.992188132001074e-12,0.0,0.08160841152821777,0.2242707967266755,0.2724208566590787,1.0746971295754268e-12,0.18816498563795758,0.23140746498330678,-9.228590923191168e-06
2022-02-10,1.3520550624320262e-12,2.3345211546343144e-12,5.246018788970491e-12,3.778163238516943e-12,4.202305563911819e-12,8.995660417991668e-12,0.0021384585198119346,1.9509914888697117e-12,0.0,0.07912814293579448,0.22267504366381002,0.27999770607702157,1.075156426247254e-12,0.18278212118332007,0.2332876303883373,-9.102797030282335e-06
2022-02-11,1.322483632561867e-12,2.3222428941362274e-12,5.191795209458962e-12,3.5817882886197776e-12,4.072915659351916e-12,8.933424406861978e-12,0.0021026146532202826,1.8866584487978786e-12,0.0,0.07535281425779494,0.21820763072932708,0.28502582446682173,1.0700518818837267e-12,0.18654341358786453,0.23277663092808792,-8.928651497817759e-06
2022-02-14,1.3434923990515055e-12,2.3832066354999972e-12,5.245139881415224e-12,3.5962737116278254e-12,4.149704491848806e-12,9.156905464770909e-12,0.002102138211280703,1.8791709813176502e-12,0.0,0.07681167732152622,0.22244284810847953,0.2799695819373069,1.1130742509621143e-12,0.18556162785421038,0.23312110804754937,-8.981509220134273e-06
2022-02-15,1.342666358784708e-12,2.4679056459000963e-12,5.301118057212079e-12,3.5898957329239757e-12,4.22718948481734e-12,9.322312244770374e-12,0.0021139068195646536,1.917107577948979e-12,0.0,0.07685211972295622,0.21698201882236637,0.27598886898217706,1.15792150274027e-12,0.19270521552030104,0.23536692149625962,-9.0513929510895e-06
2022-02-16,1.3662161851735263e-12,2.4684149794889408e-12,5.297010620646954e-12,3.5989989894035867e-12,4.228857809778758e-12,9.31465943217679e-12,0.002150753671758766,1.9250277343547045e-12,0.0,0.07824260794348288,0.21880101981483402,0.272046494321607,1.1328678615363824e-12,0.19364675003319778,0.23512144008324268,-9.065897455158044e-06
2022-02-17,1.358585363829294e-12,2.452274040983325e-12,5.410188575988171e-12,3.5216804375873756e-12,4.100685331731309e-12,9.295744047961672e-12,0.0021264836654112927,1.9216429124340937e-12,0.0,0.07931061660417466,0.2121543545244182,0.26784945299149515,1.1344613256855126e-12,0.1951781150167512,0.24338998320578795,-9.00603723378968e-06
2022-02-18,1.354506534574635e-12,2.421710534073769e-12,5.29459105975734e-12,3.4574607751564403e-12,4.023080840547708e-12,9.263370523753812e-12,0.002108773738487135,1.8634921514281772e-12,0.0,0.07945228016763183,0.2108780335963266,0.26727714777053774,1.1288467055879184e-12,0.19863674009697507,0.241655921490889,-8.896889654520196e-06
2022-02-21,1.3396946660123936e-12,2.38178027997323e-12,5.2703231150014405e-12,3.336364040194808e-12,3.985164775978079e-12,9.172642858645507e-12,0.002055154891774259,1.8258938619945226e-12,0.0,0.07917361450891794,0.20973985502078837,0.26677591458500577,1.1227912932134401e-12,0.20172147643749,0.24054281458380014,-8.830056211160892e-06
2022-02-22,1.30968451197549e-12,2.3999744742693524e-12,5.2454186815416364e-12,3.285112645907614e-12,3.890620708344688e-12,9.13986946866977e-12,0.0020343071684217986,1.850659261198781e-12,0.0,0.07748126356051388,0.210980794996146,0.2686531988692551,1.1166440720573966e-12,0.20249513748000791,0.23836404899731128,-8.751099893853956e-06
2022-02-23,1.308967134440875e-12,2.4216626967448237e-12,5.266601585716484e-12,3.269991994163616e-12,3.944090312347089e-12,8.839654601407893e-12,0.002085240560706033,1.8013176942716367e-12,0.0,0.07723874631180329,0.2099608705082205,0.2725463426603792,1.0932833607651358e-12,0.20297188396992955,0.235205641254993,-8.725293976927908e-06
2022-02-24,1.3180825119003952e-12,2.4302208930327565e-12,5.294137595156352e-12,3.263172351373009e-12,3.936424903834193e-12,8.910413664553359e-12,0.002120948486127224,1.7938416562162067e-12,0.0,0.0783186104628646,0.21078389327479125,0.2776009441461661,1.0807621333763693e-12,0.1972842195249005,0.23390014396442718,-8.759887303834242e-06
2022-02-25,1.3073478242381887e-12,2.4261398015375255e-12,5.253246325541388e-12,3.288191196222818e-12,3.919520279628772e-12,8.920733982020294e-12,0.0021238850175404607,1.7975145607368852e-12,0.0,0.07888732183625552,0.20793792608869546,0.283982258837224,1.0756638241235865e-12,0.1924671294233416,0.23461022894117722,-8.750172222522973e-06
2022-02-28,1.3606064495256717e-12,2.2410489855938926e-12,5.418268308553666e-12,3.786559491547216e-12,4.248886713798591e-12,8.909203832259534e-12,0.0020015031570287385,1.8552522748211718e-12,0.0,0.0808528748145156,0.25000840508298633,0.25000840508568023,1.1461556971793638e-12,0.1807997956142787,0.2363626365842136,-3.3620367669232726e-05
2022-03-01,1.3429143158763231e-12,2.1790129193336267e-12,5.4129582545003955e-12,3.716623126889481e-12,4.274776032996314e-12,8.814118122101305e-12,0.0020061310211727987,1.8811948548245042e-12,0.0,0.07968586038198815,0.24828520808502824,0.2550430567781334,1.1265559292380137e-12,0.17784245693565587,0.2371707002628561,-3.3413493582844186e-05
2022-03-02,1.3273213626935805e-12,2.168925504562663e-12,5.2896322146086e-12,3.787749577745077e-12,4.179244645262799e-12,8.724648308628429e-12,0.001993174428146642,1.9205906859482128e-12,0.0,0.08165083511013697,0.24984358461146813,0.25532636602713366,1.1006201683576346e-12,0.17864557080957955,0.23257366900071338,-3.3200015677073274e-05
2022-03-03,1.3391903395186998e-12,2.1412497271398886e-12,5.267679032556779e-12,3.752694979364921e-12,4.117246952457263e-12,8.782482946882639e-12,0.002001916240654064,1.9480371800760995e-12,0.0,0.08277212266795025,0.25927494209901,0.25270307133881886,1.1341903828902029e-12,0.17732328811876816,0.22595775373298047,-3.3094226664713486e-05
2022-03-04,1.3358861074610743e-12,2.16494061270599e-12,5.222506014025344e-12,3.728739810479581e-12,4.149143675560145e-12,8.787772363412778e-12,0.002018902090051002,1.955812551894888e-12,0.0,0.08227251687970309,0.2604311262201529,0.24893316825367504,1.1607036678258975e-12,0.17541328227146602,0.23096410585670438,-3.310160025798755e-05
2022-03-07,1.3330455605364355e-12,2.1696037391712462e-12,5.195312300512653e-12,3.685895556309602e-12,4.0620107934863235e-12,8.670814298202602e-12,0.002010582160749799,1.962231373774346e-12,0.0,0.08173091124652689,0.25680578212822414,0.24297168524112325,1.1709691741793223e-12,0.17991308959282054,0.23660104730949014,-3.3097707184712094e-05
2022-03-08,1.334121309208368e-12,2.170890409176191e-12,5.2598240150265905e-12,3.678564688116663e-12,4.070355245382569e-12,8.585766679903581e-12,0.00196239644362994,1.932214470978615e-12,0.0,0.08134929603336366,0.2633376359123098,0.24195421873686507,1.1885792693931597e-12,0.17750677536435827,0.23392257468842823,-3.2897207175418104e-05
2022-03-09,1.3263347508796884e-12,2.1693011960489095e-12,5.32604481995637e-12,3.704231237118947e-12,4.145452605431066e-12,8.665500875766106e-12,0.0019666872307267584,2.0049710225098486e-12,0.0,0.08340209133643983,0.26348190026933316,0.24659265299786448,1.21655782940543e-12,0.1794593198918066,0.22513046272831594,-3.311448304539313e-05
2022-03-10,1.331343683443345e-12,2.20429539286288e-12,5.375981803255138e-12,3.7369089441075675e-12,4.073829729413532e-12,8.617626154119013e-12,0.0019850675402719644,2.024296921872331e-12,0.0,0.08353577947182969,0.26624424158517673,0.24762675118591926,1.200215298606598e-12,0.17277003128976656,0.22787135611571036,-3.322721723923667e-05
2022-03-11,1.3341209668621393e-12,2.1915334521092807e-12,5.28463875089355e-12,3.7658865239407e-12,4.062928253570272e-12,8.684212593837866e-12,0.0020362436865548057,1.9641371797526572e-12,0.0,0.08332244163425556,0.2727132453093308,0.2409743736522993,1.2419368102158e-12,0.17333791655270042,0.22764901444663907,-3.32353103093327e-05
2022-03-14,1.3462762526865918e-12,2.2059252071567248e-12,5.403548155081687e-12,3.760976485609836e-12,4.125331211371631e-12,8.737760802053694e-12,0.0020378232544537673,2.0589107814782073e-12,0.0,0.085062508809669,0.2808724534161653,0.23785998482904974,1.2946304467282646e-12,0.16729880756828944,0.22690201641925895,-3.359432581964871e-05
2022-03-15,1.3277255120840191e-12,2.1979322819666858e-12,5.365244390858426e-12,3.718495791659205e-12,4.0860749496999336e-12,8.547591756545252e-12,0.0019780528537006194,2.0607850104483313e-12,0.0,0.08634930427972273,0.2747279936009004,0.23843130616350733,1.2764054279859382e-12,0.1693675290788304,0.2291790831162337,-3.326912147554876e-05
2022-03-16,1.3334886770322962e-12,2.195567829093391e-12,5.433902041527492e-12,3.755175998783462e-12,4.062053965768323e-12,8.422957223928144e-12,0.0019752991598702835,2.110376620627596e-12,0.0,0.08507928035587448,0.27024120804468854,0.24420310995499997,1.2543367091060596e-12,0.17140176806923033,0.2271326747632666,-3.3340376498125844e-05
2022-03-17,1.354876114887814e-12,2.1801436826267112e-12,5.5054193486312296e-12,3.766283588056556e-12,4.078016406909831e-12,8.2175352306541e-12,0.0019183470266985192,2.1057785388247935e-12,0.0,0.08367795484315758,0.2657523195241676,0.2467774477825855,1.2681012736240137e-12,0.1711631491738462,0.2307441404052252,-3.3358784156942926e-05
2022-03-18,1.3342905344007607e-12,2.163342716321152e-12,5.5804461523356445e-12,3.753924342326903e-12,4.06779706588635e-12,8.426563829531748e-12,0.0018746380938146365,2.1211299153904972e-12,0.0,0.08293206840547147,0.26840976330254374,0.24175939347957448,1.2480567257909123e-12,0.17171173144708426,0.23334561910700924,-3.321386419354233e-05
2022-03-21,1.3480923340741797e-12,2.1972402573376177e-12,5.575342154016831e-12,3.804719079158893e-12,4.0503596342724934e-12,8.523145166608646e-12,0.0018797489912042136,2.1344276453151544e-12,0.0,0.08086805775490936,0.26353518600850806,0.24219404311010728,1.2112401036566446e-12,0.17433304399058436,0.2372231193135054,-3.319919766326452e-05
2022-03-22,1.3413673929868547e-12,2.154870655742632e-12,5.613159111116426e-12,3.862595731194965e-12,4.025369180777422e-12,8.511034495888981e-12,0.0018700024194521622,2.1335686998759425e-12,0.0,0.08019413694618134,0.2653211240517711,0.24982482269499895,1.1723794790659086e-12,0.1726655127893536,0.230157326333033,-3.292526360460209e-05
2022-03-23,1.3606690265513685e-12,2.1407389120824525e-12,5.522470354554739e-12,3.888707842080203e-12,4.108476190337247e-12,8.579150262167328e-12,0.0018742866730369068,2.1449861336674553e-12,0.0,0.07907579243690947,0.2647458818349414,0.24783582682348249,1.1480196225430502e-12,0.17158601536849338,0.23491509446298578,-3.289762874279635e-05
2022-03-24,1.3517247721070933e-12,2.129199524526534e-12,5.465897999650291e-12,3.8659722279447565e-12,4.020720330287026e-12,8.444938341903131e-12,0.0018571666141961706,2.1282965450525222e-12,0.0,0.07798990137895168,0.2600803493466184,0.25801819743133286,1.1528344385914987e-12,0.17088927375350774,0.2311976123706422,-3.250092380882495e-05
2022-03-25,1.3277625534324565e-12,2.097687108789706e-12,5.409341117540135e-12,3.731752852655464e-12,3.891193084416471e-12,8.263900424200505e-12,0.0018374871206429022,2.0928153337210432e-12,0.0,0.07518485535238721,0.2535143208274919,0.2611357774192168,1.1402487391908153e-12,0.17135835778255443,0.237001256555506,-3.2055085754003796e-05
2022-03-28,1.306447771515421e-12,2.075600819889016e-12,5.3421658434208446e-12,3.6135118935912897e-12,3.839894743457802e-12,8.278505707510977e-12,0.0018335056234957887,2.0914010965709555e-12,0.0,0.0737267014928289,0.2563229496353943,0.2565496847641372,1.1355575536126165e-12,0.1702875468259908,0.24131135393009126,-3.1742299621391075e-05
2022-03-29,1.2988828934644077e-12,2.0180656625698164e-12,5.195751551761343e-12,3.583862443224976e-12,3.78041600897537e-12,8.109283173444922e-12,0.001831378236757778,2.0662645929369026e-12,0.0,0.07353085310218466,0.25105880147890797,0.25951134575028234,1.103628429118624e-12,0.1698316849529496,0.24426720176298908,-3.126531122772328e-05
2022-03-30,1.280092988624663e-12,2.0081457078063523e-12,5.2523691954127985e-12,3.626392439637813e-12,3.767409314949039e-12,8.022207503760255e-12,0.0018525826463724141,2.0982328575907865e-12,0.0,0.07206929321930627,0.251674384005868,0.26196093470105064,1.096594376016907e-12,0.17174269785332721,0.2407313205880754,-3.121304115147676e-05
2022-03-31,1.360574713220005e-12,2.240996712862387e-12,5.418141926807287e-12,3.786471169601153e-12,4.248787608015622e-12,8.908996024030956e-12,0.002001456471731894,1.855209000843378e-12,0.0,0.08085098891168895,0.2500025736074955,0.2500025736101894,1.1461289629627505e-12,0.18079557843775418,0.2363571233978801,-1.029446570530339e-05
2022-04-01,1.331150105556128e-12,2.2155102808461974e-12,5.4023596789738005e-12,3.797866524836735e-12,4.277504038187225e-12,8.90308263575498e-12,0.0020054040369185304,1.8528855238615277e-12,0.0,0.08104888335149324,0.24967626347614053,0.24828900989307548,1.1451111446873895e-12,0.18197498911452917,0.2370157152508004,-1.0265151882766888e-05
2022-04-04,1.3346838056742951e-12,2.243573861196046e-12,5.413040753469093e-12,3.766371190616655e-12,4.319834614926837e-12,8.74017311278939e-12,0.001974619124829317,1.8603215294205953e-12,0.0,0.07942867136611055,0.2479658226643783,0.2455967167736522,1.134655531019882e-12,0.1849965368510136,0.24004788666194227,-1.0253470738823418e-05
2022-04-05,1.3373370418652457e-12,2.236078357118889e-12,5.346039202199118e-12,3.836355463828428e-12,4.36083087950002e-12,8.681010238641238e-12,0.0019984570783459347,1.862871051085813e-12,0.0,0.08015893033002472,0.24558985282661067,0.24477877884066032,1.1399264644154653e-12,0.18377899876628082,0.24370525580092908,-1.0273671651856575e-05
2022-04-06,1.3658176176934423e-12,2.2270041966998936e-12,5.269004521665179e-12,3.761990717729999e-12,4.368921968258879e-12,8.639211405525215e-12,0.0020115705500164264,1.87341611638042e-12,0.0,0.07820010528496939,0.24771913816023639,0.2462918875268123,1.1358449311825936e-12,0.17893549897516067,0.24685210783738823,-1.0308363224694971e-05
2022-04-07,1.3860607804077105e-12,2.239524412932649e-12,5.23556458046887e-12,3.774667831902181e-12,4.308833002773646e-12,8.781897494355065e-12,0.002019717764068776,1.8319109604962375e-12,0.0,0.07900074744154631,0.2471363696469549,0.2459020924197874,1.1149130336364351e-12,0.18134974430756193,0.24460166327917782,-1.033488777050789e-05
2022-04-08,1.3684095684413505e-12,2.2485673008775688e-12,5.332577031104401e-12,3.7875350603526995e-12,4.434589102421452e-12,8.900295621058772e-12,0.0020451164905330526,1.843200481633129e-12,0.0,0.07931147231936209,0.24791449877740357,0.2501159269647851,1.1055390160755518e-12,0.17924835382788332,0.24137504498838938,-1.0413397377227507e-05
2022-04-11,1.3881855404770422e-12,2.2498919414701023e-12,5.3248269765763376e-12,3.72401658882965e-12,4.44730050926229e-12,8.845754526414784e-12,0.002041566685242586,1.8093638748228493e-12,0.0,0.07843314617616945,0.24373973405500834,0.2520803028403737,1.0709433598748563e-12,0.18029263656495856,0.24342297519837647,-1.0361548989448048e-05
2022-04-12,1.3709618649126876e-12,2.222055534362646e-12,5.290359152705536e-12,3.720945235966046e-12,4.421205764623674e-12,8.859425609482267e-12,0.0020818525901127563,1.7892818124615723e-12,0.0,0.07913028292104175,0.2494188339622215,0.2527804898316659,1.0465276090528048e-12,0.17920862220418957,0.23739023515574614,-1.0316693698346218e-05
2022-04-13,1.3826606335090212e-12,2.1970848413289768e-12,5.286410678564868e-12,3.687385446366522e-12,4.439346267913021e-12,8.840632957049707e-12,0.002092276574813256,1.794580872076364e-12,0.0,0.08011577811888947,0.2499021021721409,0.24925176553962664,1.0906900260881194e-12,0.18127241245043438,0.2373760049838661,-1.0339868489592851e-05
2022-04-14,1.4098580046183286e-12,2.2520224525213694e-12,5.311232362586828e-12,3.725413310103354e-12,4.413847282980207e-12,8.880071592532186e-12,0.002099987129236343,1.8108262535039253e-12,0.0,0.08133488965979757,0.2524948824650365,0.24575695250026894,1.0797743410723875e-12,0.18065080233115094,0.23767288797748426,-1.0402091857705783e-05
2022-04-15,1.4212882575219702e-12,2.2215672950780567e-12,5.28150499085448e-12,3.7596725974831626e-12,4.390346272635227e-12,8.91765435184635e-12,0.002092612401914593,1.814499782721303e-12,0.0,0.08204961614295078,0.24580470606144342,0.2438871014018512,1.0838037994266478e-12,0.1821452048368171,0.24403114041727614,-1.038129114357795e-05
2022-04-18,1.4073563843614254e-12,2.241074648622525e-12,5.2120729883950374e-12,3.79389306697865e-12,4.407250325138412e-12,8.760437148137386e-12,0.002088754826314396,1.8024237828351483e-12,0.0,0.08128480083925582,0.24315134145645867,0.24806588807072277,1.0756598016510404e-12,0.18382096794169434,0.24159856243531525,-1.0315598461593418e-05
2022-04-19,1.4196072601437208e-12,2.2103232097097648e-12,5.141918969794543e-12,3.833807046488979e-12,4.353544326760735e-12,8.87953407749498e-12,0.002099596328978233,1.786362975804046e-12,0.0,0.08071777360100171,0.24193184059959555,0.2512740703288073,1.0983371818687486e-12,0.18033586492193232,0.24365109625632933,-1.0242065367761855e-05
2022-04-20,1.4340266970403623e-12,2.240893113535169e-12,5.184916521476521e-12,3.759593261509819e-12,4.35844540702104e-12,8.774638694016833e-12,0.002100296761117706,1.8167886585035393e-12,0.0,0.08241541860734664,0.24404644278884255,0.2465630712919985,1.053184565666072e-12,0.18141679806169336,0.24346824224536404,-1.02697849853608e-05
2022-04-21,1.4219047028157468e-12,2.2041079793509482e-12,5.148109595782287e-12,3.754464244368608e-12,4.3976338753077685e-12,8.803996367645975e-12,0.002147917394447995,1.7918899109792015e-12,0.0,0.08256158059871307,0.24705464017221535,0.24501606621419622,1.0741862390840227e-12,0.18260242271995336,0.24062764866494557,-1.0275793067799776e-05
2022-04-22,1.4289360791854296e-12,2.2099502539840916e-12,5.201775941989745e-12,3.722709753947562e-12,4.418807673810776e-12,8.894638760369133e-12,0.0021601133611853355,1.8356881142051104e-12,0.0,0.08299080653619528,0.24924629274478946,0.24756071685890926,1.0876271395913958e-12,0.17748924567007454,0.2405631505317431,-1.0325731696995221e-05
2022-04-25,1.4160639416030374e-12,2.2499947830034395e-12,5.225098791925171e-12,3.733666502873821e-12,4.490168049028252e-12,8.989559528811244e-12,0.0021384005334926055,1.8435383828977653e-12,0.0,0.08117576845955209,0.24778464972556727,0.2481271895706361,1.091326954001501e-12,0.1736402358341029,0.24714413204743613,-1.0376199826339393e-05
2022-04-26,1.3909808149555944e-12,2.213177562881888e-12,5.160015073677694e-12,3.638195797884043e-12,4.4398637021025115e-12,8.798504537082252e-12,0.002077466438612111,1.827721196437942e-12,0.0,0.08073311784602788,0.24734137639294745,0.24190064251465404,1.0433188321076986e-12,0.17542734698261198,0.2525302500171532,-1.0200220518368533e-05
2022-04-27,1.4033772063865363e-12,2.1934058957640962e-12,5.0675353116317675e-12,3.5739660825820976e-12,4.325286742325861e-12,8.738586156730853e-12,0.002110989503796585,1.8142309065647082e-12,0.0,0.08201697049912697,0.24442076541030922,0.24888574977637845,1.0741094530377354e-12,0.17409567004036175,0.24847999601333134,-1.014127149471617e-05
2022-04-28,1.40935173408158e-12,2.1806935200389464e-12,4.992960577716396e-12,3.618405634572095e-12,4.37952554984108e-12,8.736979375043432e-12,0.0020705659968778822,1.7788539898438192e-12,0.0,0.08121318043707794,0.24257708784273935,0.252668119739425,1.0857727421135032e-12,0.17811802338384808,0.24336313836449383,-1.0115792644585648e-05
2022-04-29,1.3605751052684313e-12,2.240997358603651e-12,5.418143488040195e-12,3.786472260669544e-12,4.248788832300095e-12,8.908998591150452e-12,0.0020014570484498447,1.855209535420247e-12,0.0,0.08085101220883144,0.2500026456455208,0.2500026456482148,1.1461292932188195e-12,0.18079563053384368,0.2363571915039807,-1.0582617806537678e-05
2022-05-02,1.3203485991504584e-12,2.1888211272116748e-12,5.408954987488909e-12,3.75315000847572e-12,4.241802438292817e-12,8.836958261149206e-12,0.0019989739228857446,1.8175769945942163e-12,0.0,0.0813767011298096,0.25270872444368003,0.2562340830343867,1.1410129246245092e-12,0.18012045527523668,0.227571546983289,-1.0484817996517665e-05
2022-05-03,1.3245377577147243e-12,2.202594440502788e-12,5.515647364222186e-12,3.757853789489862e-12,4.318583808124799e-12,8.910803200152219e-12,0.0020109580748432798,1.83937077446599e-12,0.0,0.08152138404215269,0.24782724946271115,0.25734391597788997,1.1411122211766572e-12,0.17996330041916042,0.23134376105218413,-1.0569057952206364e-05
2022-05-04,1.323731201223524e-12,2.1928447192201547e-12,5.537388541836077e-12,3.757302561631213e-12,4.274379166659426e-12,8.799041062895903e-12,0.002006077759815436,1.842099764601222e-12,0.0,0.08248549016869394,0.2440560023133396,0.2552366550768854,1.1470937143395136e-12,0.18228544399781305,0.23394082587740087,-1.0495222822150766e-05
2022-05-05,1.3226226771106325e-12,2.164565662721249e-12,5.476697293845724e-12,3.76849077162267e-12,4.291626652856856e-12,8.674309551052231e-12,0.0020071555680745614,1.8585075799014233e-12,0.0,0.08390151423029533,0.24257615476294225,0.26067028894354966,1.136481641094705e-12,0.17890110042828633,0.23195427672260488,-1.0490684446454565e-05
2022-05-06,1.338232622723051e-12,2.1835252717515408e-12,5.533699847037066e-12,3.831343590361508e-12,4.33764029128694e-12,8.778380950780553e-12,0.0019861280333386645,1.8929545269809595e-12,0.0,0.08711335511856144,0.24199145571389674,0.2560132577141491,1.163801248113938e-12,0.18238601206073837,0.23052041327084824,-1.0621940592255408e-05
2022-05-09,1.3171154698530217e-12,2.2145782105533555e-12,5.610930943334098e-12,3.717325398457096e-12,4.30817672689534e-12,8.95484680426533e-12,0.001971045462573028,1.877636029006668e-12,0.0,0.08550470746499024,0.23506165862092782,0.26028777615440646,1.125048572775715e-12,0.1830279363490131,0.23415748144271134,-1.060552374782041e-05
2022-05-10,1.3143523566075927e-12,2.2197529884251735e-12,5.751673921545734e-12,3.784403724668824e-12,4.32671149516254e-12,9.20121995811214e-12,0.002027064284599922,1.9073626693996112e-12,0.0,0.08597833806453392,0.23899966736928663,0.26259652306736647,1.1574337216049252e-12,0.1800896522031783,0.23031948324216803,-1.072826079622545e-05
2022-05-11,1.3283056927177329e-12,2.228412511214204e-12,5.7638619432999885e-12,3.7409402297225265e-12,4.366716666172695e-12,9.278075521254462e-12,0.0020634735234891844,1.926584083964238e-12,0.0,0.08834958239120451,0.23606794189518093,0.26741151708063865,1.1338851741837062e-12,0.1789827101307401,0.22713559646053155,-1.0821511551871255e-05
2022-05-12,1.339219765096258e-12,2.228833660278657e-12,5.768093025112001e-12,3.6968040368746915e-12,4.354898145392697e-12,9.196135562725678e-12,0.00207621097909115,1.9014722603084973e-12,0.0,0.08614537768792087,0.23324323014395565,0.27528759455945434,1.1265408516255992e-12,0.17490469443532405,0.22835372043662633,-1.0828271984551638e-05
2022-05-13,1.3274391130621855e-12,2.200481029283417e-12,5.675519323605953e-12,3.7980231430851354e-12,4.3233063408327e-12,8.93160634491985e-12,0.0021092567098544572,1.910018480645399e-12,0.0,0.08455248170792365,0.23483327918492805,0.27304067915482066,1.0841477433951968e-12,0.17988317710579876,0.22559190540909754,-1.0779301673729955e-05
2022-05-16,1.3356462726565668e-12,2.2115527073008945e-12,5.570508403570968e-12,3.813246598509276e-12,4.2559757968114435e-12,8.650788348075477e-12,0.0020810930563817886,1.9061066096458132e-12,0.0,0.08351157737308647,0.23737436205106857,0.27147237717945283,1.060103695876639e-12,0.18082224813630204,0.22474903489259923,-1.0692717694996396e-05
2022-05-17,1.3150322776940218e-12,2.240291460293909e-12,5.642463864102865e-12,3.847229253409076e-12,4.339527335521654e-12,8.651143803021864e-12,0.002108865501674794,1.8801784012530826e-12,0.0,0.08680387893119249,0.23562457966157013,0.2703809315319418,1.0562576403336395e-12,0.18287523812939507,0.22221728867806573,-1.0782462812325823e-05
2022-05-18,1.3151302152573007e-12,2.2507692278243125e-12,5.653261343774328e-12,3.754846856699381e-12,4.3753891074615095e-12,8.722281731734647e-12,0.0021245555168750443,1.8831319272049276e-12,0.0,0.08787375628979961,0.2420861732247679,0.265082960257464,1.0724089505279838e-12,0.1819448728486514,0.2208984202253808,-1.0738391966011258e-05
2022-05-19,1.29671716627692e-12,2.2455177822873007e-12,5.595634213293782e-12,3.737137990519364e-12,4.319777932104225e-12,8.677848847004209e-12,0.002114376762916086,1.8870731678500977e-12,0.0,0.0859696176982011,0.2437010147064412,0.26173619557635125,1.0935624404406869e-12,0.1828541805630208,0.2236353565370036,-1.0741872787288427e-05
2022-05-20,1.3157556762391002e-12,2.2415351285166584e-12,5.56867968586348e-12,3.77987396950521e-12,4.352814217627103e-12,8.669813010072854e-12,0.0021573233096021083,1.884287945798826e-12,0.0,0.08613488025273053,0.24040243724343555,0.2625109047921263,1.1222316934173532e-12,0.18465054657718938,0.22415466189817487,-1.0754102193780884e-05
2022-05-23,1.310812830299592e-12,2.2440860725190133e-12,5.601544813113268e-12,3.7981170959170045e-12,4.326084908854848e-12,8.687710759174925e-12,0.0021668169878480163,1.8536214485856875e-12,0.0,0.08308166554160874,0.2418083735532471,0.26492453149045825,1.1347937539680278e-12,0.18298023628759308,0.22504910408273543,-1.0727972447408872e-05
2022-05-24,1.3387034804329602e-12,2.2938382561264393e-12,5.6433367288433475e-12,3.833885150425791e-12,4.418806381724662e-12,8.587568676819905e-12,0.002174397612473535,1.9036567811900806e-12,0.0,0.08422432829201759,0.23780185104765428,0.266828469820609,1.1321086797651336e-12,0.18557312381086472,0.22340863804656205,-1.080865933301108e-05
2022-05-25,1.3203599643949397e-12,2.2368611423276244e-12,5.694934772410075e-12,3.801165896964727e-12,4.409802933894863e-12,8.553742980881838e-12,0.0021347585826928424,1.8624928152188995e-12,0.0,0.08296299547255408,0.23831170214593567,0.2622629243199625,1.1624548984360125e-12,0.18834818310846693,0.2259901990744068,-1.0762733060831624e-05
2022-05-26,1.3134254539306742e-12,2.2618387935341583e-12,5.658408489685047e-12,3.784445796086048e-12,4.4011718615650345e-12,8.596306644975891e-12,0.002144585745607018,1.842687441222533e-12,0.0,0.08346230039897765,0.24014471655840477,0.25952903298311636,1.1258147352618336e-12,0.18693162370242966,0.22779845678008806,-1.0716197607603084e-05
2022-05-27,1.3329896730321686e-12,2.2297294173167653e-12,5.620702669178195e-12,3.759857601758767e-12,4.464645345708898e-12,8.57541722082492e-12,0.0021141883030077477,1.8536955168036974e-12,0.0,0.08172356581930008,0.23623765961627158,0.2666343997162878,1.131377980049726e-12,0.18696946021342356,0.22633141761358105,-1.0691310840363245e-05
2022-05-30,1.3275525065533099e-12,2.2208668169273273e-12,5.600294888419555e-12,3.739452147994513e-12,4.481491897102348e-12,8.520661749933485e-12,0.0020724129391749804,1.825440656047733e-12,0.0,0.0837401606521862,0.2379713132745773,0.26119016813551693,1.118487558251968e-12,0.18360798315393684,0.23142857810437523,-1.0616288601691422e-05
2022-05-31,1.360577119587311e-12,2.2410006763795473e-12,5.4181515095515975e-12,3.786477866506761e-12,4.248795122592728e-12,8.9090117808406e-12,0.002001460011588523,1.8552122820408328e-12,0.0,0.08085113190800843,0.25000301577212913,0.25000301577482303,1.1461309900526548e-12,0.18079589820010517,0.23635754142862017,-1.2063124239742502e-05
2022-06-01,1.351963730837201e-12,2.239921242422684e-12,5.356562892617531e-12,3.778946403759275e-12,4.269261710284429e-12,8.785152238471127e-12,0.002013400840473484,1.8482315720350585e-12,0.0,0.08024018326335207,0.25043515297994096,0.24873539487775462,1.1392077797440937e-12,0.18086157416574533,0.2377262979033189,-1.2004059354438796e-05
2022-06-02,1.3305755577804586e-12,2.263255515192168e-12,5.227986271565072e-12,3.734345623421293e-12,4.247528633227686e-12,8.79695465172082e-12,0.00204821639412654,1.7926143563336764e-12,0.0,0.07729661960742852,0.24961602392703897,0.24893738125398332,1.1666313367219046e-12,0.18058897936879534,0.24152473233402935,-1.1952913962013373e-05
2022-06-03,1.340097941498127e-12,2.2570259886199846e-12,5.157155206322474e-12,3.752557931225792e-12,4.1778358882780784e-12,8.958881451116298e-12,0.002047420631119113,1.826306480591954e-12,0.0,0.07776557099295184,0.25094193115268165,0.24923188466923957,1.1600622948670562e-12,0.1822437232578366,0.2377814393129481,-1.1970045406720078e-05
2022-06-06,1.3136208320417571e-12,2.266221002781723e-12,5.154128375359958e-12,3.724060058218685e-12,4.226881325524106e-12,8.85413670603918e-12,0.002066751056103438,1.8157791010728042e-12,0.0,0.07934153173872859,0.25288987571880733,0.24670382812005612,1.1653518693403753e-12,0.17944516714612382,0.23956471299818824,-1.1866806527606644e-05
2022-06-07,1.2646278390752881e-12,2.2091435284228124e-12,5.130536349522045e-12,3.657831064389091e-12,4.174246784062468e-12,8.57155652860852e-12,0.002086765840374919,1.818984682872493e-12,0.0,0.07767676415874449,0.2533086568042165,0.25119414767368464,1.1674143159049572e-12,0.18380389752502851,0.23194145389854212,-1.1685928585446862e-05
2022-06-08,1.2669861836069226e-12,2.2037495364714945e-12,5.20520490800734e-12,3.700995430738034e-12,4.207355457851018e-12,8.745558711844704e-12,0.002142367698022734,1.797251066348539e-12,0.0,0.07944705537384916,0.25389592300569164,0.2502896807697587,1.2001803612204112e-12,0.1812914813941719,0.2329452884464943,-1.1796716315664796e-05
2022-06-09,1.274791340207763e-12,2.1976863169401977e-12,5.265504044211795e-12,3.68835881833034e-12,4.2928561581414256e-12,8.759299444139464e-12,0.002168727010169259,1.822141475262926e-12,0.0,0.0771696150215913,0.2562294199533731,0.2514365278959655,1.2159853941680034e-12,0.181160204099051,0.23184733629523996,-1.1830303906658548e-05
2022-06-10,1.2956582164610393e-12,2.159459772371513e-12,5.293956052762431e-12,3.65498980209329e-12,4.264900365105819e-12,8.70261740468277e-12,0.0021400932875627466,1.832554573408491e-12,0.0,0.07755341268307178,0.25607453918791634,0.24669821286024554,1.2242863173915718e-12,0.1878627402137968,0.22968279945027373,-1.179771129545383e-05
2022-06-13,1.2833523487334646e-12,2.134444007792491e-12,5.2348584563647825e-12,3.5190693695597574e-12,4.260789442685674e-12,8.558132544796378e-12,0.0020814537389590645,1.8414239303319407e-12,0.0,0.07670510492132772,0.2606640217343809,0.23947271804611445,1.1846712144572516e-12,0.1877268478712617,0.23336157864835766,-1.1724988418118318e-05
2022-06-14,1.2704549343288356e-12,2.1538067286264925e-12,5.293786461715075e-12,3.453065824633658e-12,4.323664090054816e-12,8.69791098425057e-12,0.002083199261157584,1.8836464456588486e-12,0.0,0.07722369217727879,0.2600994028605379,0.2367708544335131,1.1900918882068942e-12,0.1906737983321091,0.23316083296633944,-1.1780059202374327e-05
2022-06-15,1.2497836513975215e-12,2.1915285864489895e-12,5.32928069594939e-12,3.454085324490505e-12,4.389201156307018e-12,8.909830899651047e-12,0.0020139691692663635,1.9043027121789205e-12,0.0,0.07819847780340437,0.2619072822485233,0.24048147973069423,1.1854826104984943e-12,0.18508105400953528,0.23232956872989383,-1.1831719930782303e-05
2022-06-16,1.2511614644137994e-12,2.2080689047924685e-12,5.24778716886098e-12,3.4855314409737874e-12,4.343266140593414e-12,8.928051772546719e-12,0.0019949898372232035,1.9043820201218255e-12,0.0,0.07651970372419455,0.25839007160678545,0.24064790241243159,1.2324619882468202e-12,0.18174083398162058,0.2407182954801062,-1.1797070962281406e-05
2022-06-17,1.2829786183699096e-12,2.220015446798313e-12,5.264530577251236e-12,3.480195033431348e-12,4.367820919066828e-12,8.824172981020811e-12,0.0020059798023157947,1.9575524577002373e-12,0.0,0.07673930467534625,0.252946398044253,0.24378535761339568,1.2464938806627885e-12,0.1831787559107948,0.24135607382555216,-1.1869900301311101e-05
2022-06-20,1.2621850189845819e-12,2.201280571292196e-12,5.192249464886068e-12,3.4459833403063675e-12,4.320688196168533e-12,8.831855067900684e-12,0.0019973591612307104,1.936827985202655e-12,0.0,0.07621806416155937,0.2548814663307344,0.24303690449097912,1.190371776994844e-12,0.18507243093011547,0.23880548248223718,-1.1707585237507835e-05
2022-06-21,1.2610180749306001e-12,2.2066538609099108e-12,5.1709592384293705e-12,3.4537516825741597e-12,4.2882541205584295e-12,8.973503731161447e-12,0.0019937713204513222,1.9258755571029657e-12,0.0,0.07652222973726312,0.25561508522874604,0.24459904200686278,1.168815113963343e-12,0.1796635010312317,0.2416180708305348,-1.170018353849948e-05
2022-06-22,1.2825741698479056e-12,2.1904000672861887e-12,5.275907578748202e-12,3.4757798858021426e-12,4.301348923066425e-12,8.956055853548592e-12,0.0019627770910523455,1.9591244134805483e-12,0.0,0.07584441374504473,0.2605799894303792,0.2376222178948502,1.1414121010439854e-12,0.1802140109300801,0.24378832414020493,-1.1733260193941795e-05
2022-06-23,1.2860638673020895e-12,2.1797307273471808e-12,5.41031636662965e-12,3.4605744512149864e-12,4.281842408651776e-12,8.849406202079703e-12,0.001962755112268348,1.9729290587645364e-12,0.0,0.07397355104191641,0.2591353862486293,0.23904392440323244,1.1514224620549768e-12,0.17996833291376796,0.24592775948109577,-1.1709229502492237e-05
2022-06-24,1.2752933857268645e-12,2.212531169106138e-12,5.4645712753521386e-12,3.4049625875814276e-12,4.223293762006939e-12,8.725432390246327e-12,0.00197958602372746,1.935972229333749e-12,0.0,0.07445947942862813,0.2587400667913397,0.23998523072100875,1.1294490810561884e-12,0.18185084843630006,0.2429964868384522,-1.169826782774914e-05
2022-06-27,1.2685709145312933e-12,2.2130133886525534e-12,5.458864487443834e-12,3.398656512159525e-12,4.176011798947383e-12,8.673934370644626e-12,0.001975602556218221,1.8944331460683874e-12,0.0,0.07476080327899258,0.2528999810308738,0.24420133136548278,1.1524377990321597e-12,0.17739917397889457,0.24877477784483662,-1.1670083534440954e-05
2022-06-28,1.2588481495070868e-12,2.2084128872802017e-12,5.395604238847991e-12,3.4132366653673515e-12,4.170573044633837e-12,8.530396438033855e-12,0.0019325861787405326,1.8438851845041515e-12,0.0,0.0749675823484723,0.2540231367317537,0.2422515107227941,1.122301925623674e-12,0.17415293474178073,0.2526838433179823,-1.1594069466959962e-05
2022-06-29,1.2630528188420676e-12,2.2292751143317834e-12,5.375673032667319e-12,3.4539650587338197e-12,4.180856457124365e-12,8.714863354348856e-12,0.0019686276094789453,1.8458662700221894e-12,0.0,0.0749368736376986,0.2502304685445897,0.24072264787661735,1.1355485115275887e-12,0.17664323740121263,0.255509828883251,-1.1683981047302785e-05
2022-06-30,1.3605811899417793e-12,2.2410073806427487e-12,5.4181677187005604e-12,3.7864891942785435e-12,4.248807833450469e-12,8.909038433380459e-12,0.0020014659992327252,1.855217832164742e-12,0.0,0.08085137378534216,0.2500037636906981,0.25000376369339206,1.1461344188618925e-12,0.1807964390760184,0.2363582485248671,-1.505479851602899e-05
2022-07-01,1.356681244774639e-12,2.2686916831563905e-12,5.361391582232879e-12,3.8064155054556944e-12,4.175525508327603e-12,8.946672667056124e-12,0.002009957067330823,1.9024404901874416e-12,0.0,0.08023524249308196,0.25377646967969786,0.2518640468539314,1.1518334067289397e-12,0.17797360990134595,0.2341557478194803,-1.5073843837846543e-05
2022-07-04,1.3878776643083457e-12,2.2927474459689522e-12,5.4431896678880576e-12,3.843915426600801e-12,4.161690602261964e-12,9.15558356450802e-12,0.002046419396035814,1.9867909530510367e-12,0.0,0.08218240780918636,0.25121632173837644,0.2554155775190949,1.1849700479472794e-12,0.17322200205397587,0.23593250962221574,-1.5238168341884017e-05
2022-07-05,1.3771678501268018e-12,2.2710383848448927e-12,5.452970421571337e-12,3.884281265510619e-12,4.145415873059853e-12,9.158887595894778e-12,0.00204498669976795,1.982449151937934e-12,0.0,0.08341578866755006,0.2518803453710892,0.2565771781366948,1.1657907178657391e-12,0.1714225898730563,0.23467430967062597,-1.5198448222397226e-05
2022-07-06,1.3527326486906461e-12,2.224937678047882e-12,5.400044242567286e-12,3.895007740607395e-12,4.099435787980582e-12,9.010736280335306e-12,0.0020161790852972488,1.96355397456275e-12,0.0,0.08595626944124511,0.2554087753213971,0.2602318801126618,1.1861644170849983e-12,0.16781095250792577,0.22859108882660642,-1.5145324266022574e-05
2022-07-07,1.3473466252741112e-12,2.269811436893056e-12,5.403576686860784e-12,3.864549672006382e-12,4.1051277470123175e-12,9.043238799007936e-12,0.002037068872150342,1.9838234249804787e-12,0.0,0.08746151549179362,0.2544916796782687,0.261325850938106,1.208718394357315e-12,0.16699610074582877,0.2277030256513459,-1.5241406719562757e-05
2022-07-08,1.3527022323746922e-12,2.2465560854778857e-12,5.37279248351515e-12,3.883270310852562e-12,4.201258814289305e-12,9.100078473991559e-12,0.0020471168488614883,1.9959290435701585e-12,0.0,0.08750001181740857,0.254032553584,0.2624030220298896,1.2096547094892012e-12,0.16794279948806565,0.22608971011700302,-1.5213914590644802e-05
2022-07-11,1.3460247670386654e-12,2.20652515962183e-12,5.3251588464227965e-12,3.923909159487678e-12,4.1948595882505e-12,9.04900075092234e-12,0.0020883290448315043,1.947092367496354e-12,0.0,0.0893552590291703,0.2528983126684367,0.2599765913310021,1.1781150462042602e-12,0.16844519437255834,0.22725144095852884,-1.512743369849432e-05
2022-07-12,1.3267381146938892e-12,2.1945740579586382e-12,5.284784616611973e-12,3.919902816263662e-12,4.12162761569488e-12,9.158472274708222e-12,0.002105973783955277,1.9296493028401464e-12,0.0,0.08882939400129004,0.24877551657113317,0.2570725519752747,1.1682019434695665e-12,0.172758080964377,0.23047354615127902,-1.5063476413162375e-05
2022-07-13,1.3216307574128426e-12,2.175167082839999e-12,5.15570637982483e-12,3.869122332467314e-12,4.118261384151875e-12,8.898753237627978e-12,0.0020977234045261614,1.9684875167695872e-12,0.0,0.08966029631742212,0.24658702684590156,0.25806566708639267,1.1393835268246398e-12,0.17312319158399092,0.2304809659338084,-1.4871200688352191e-05
2022-07-14,1.3262536685200606e-12,2.205871903565885e-12,5.129887085316987e-12,3.864071390021387e-12,4.126624731198961e-12,8.789190549193487e-12,0.002106097764077072,1.922382233720343e-12,0.0,0.08981599832671891,0.24476183218153708,0.2547062516734738,1.1359408833289317e-12,0.1754906505286235,0.2331340490022475,-1.4879505178176429e-05
2022-07-15,1.3067370126184828e-12,2.1693197286465326e-12,5.124690048409326e-12,3.801321610965851e-12,4.096624042784238e-12,8.733028636661341e-12,0.00209818277434442,1.930372352371165e-12,0.0,0.08646828997516841,0.24061589749328766,0.26039907443552784,1.1670932691534235e-12,0.17994007926655148,0.2304932320167884,-1.4755989997422326e-05
2022-07-18,1.2731474296276222e-12,2.098827570136516e-12,5.045080851813953e-12,3.758791580072291e-12,4.1242642268190385e-12,8.75176675832472e-12,0.002085990542794415,1.8892162979872977e-12,0.0,0.0860481069210142,0.2412047291378294,0.2598365094930441,1.1359646964256736e-12,0.18049651796607616,0.23034276589043515,-1.4619979270537278e-05
2022-07-19,1.2509709808887909e-12,2.0668611340894812e-12,5.045366407773405e-12,3.721337695093582e-12,4.173319048990171e-12,8.744239827783084e-12,0.0020573524869416104,1.8753777144867282e-12,0.0,0.084469402468543,0.23595426866437372,0.26105156350182157,1.1446888507957491e-12,0.18120168688402052,0.23528023519476726,-1.4509228489804784e-05
2022-07-20,1.2584737680083901e-12,2.1254319660215366e-12,5.052402394735105e-12,3.719521742531609e-12,4.130215102054538e-12,8.792654772830916e-12,0.0020665503566201387,1.9108408467787116e-12,0.0,0.0838534978453099,0.23714069522098916,0.2623964030918178,1.121805793751549e-12,0.18001904213703,0.23453847975007483,-1.4668429953052991e-05
2022-07-21,1.2719284978456581e-12,2.123617497421028e-12,5.074488256086744e-12,3.6456035968982385e-12,4.178800087518444e-12,8.915415465107662e-12,0.002005507180885737,1.886796032247854e-12,0.0,0.08447510561800399,0.23394184409618562,0.2603909570603846,1.1073045074145472e-12,0.17993967502646435,0.239261535235781,-1.462424590936465e-05
2022-07-22,1.2593355901315786e-12,2.13953674658989e-12,5.018686952905387e-12,3.600949038946839e-12,4.209699167657285e-12,8.998283572688707e-12,0.0020235454217473053,1.8471080271073115e-12,0.0,0.08535012032783675,0.23354836095086942,0.2550815219895432,1.1136421491831508e-12,0.17719426101176428,0.24681677307857172,-1.4582808519826102e-05
2022-07-25,1.2822734361325975e-12,2.160360099190541e-12,5.11088812637314e-12,3.616789351602772e-12,4.264475642935193e-12,9.202757950590347e-12,0.0020378385659624862,1.8473622823502635e-12,0.0,0.0855659519217796,0.23757361978209926,0.26015518206498695,1.1278851458677754e-12,0.17613817187206196,0.23854386769681923,-1.4631932322229979e-05
2022-07-26,1.2698129945001253e-12,2.142862196035379e-12,5.06812082721597e-12,3.6243187470224403e-12,4.345700506972807e-12,9.171965769037573e-12,0.0020219357356886037,1.831622459822418e-12,0.0,0.08406004346510501,0.23689796425480808,0.2608872979434191,1.1266849684088702e-12,0.1767718942232772,0.23937541931600664,-1.4554966885756013e-05
2022-07-27,1.2490587146653076e-12,2.1576035092876425e-12,5.03371256563531e-12,3.5805036965333507e-12,4.289618113353097e-12,9.227955379662848e-12,0.002017016182226836,1.78904792177451e-12,0.0,0.08223633464550169,0.23759699212825103,0.26212360670288526,1.1450338000779365e-12,0.1826487132018922,0.23339189503877322,-1.4557928002803718e-05
2022-07-28,1.2559988510910442e-12,2.164657848288158e-12,5.0881951183064614e-12,3.6114020685959e-12,4.297600908361474e-12,9.232665650804494e-12,0.0019989985319012068,1.825433954135597e-12,0.0,0.0839338618716141,0.23790176932681206,0.2608708372007255,1.1305648141305662e-12,0.18502399083555426,0.23028518537605738,-1.4643171270991887e-05
2022-07-29,1.3605760559903602e-12,2.240998924533619e-12,5.418147274047897e-12,3.786474906522902e-12,4.2487918012039795e-12,8.909004816444663e-12,0.0020014584469974874,1.8552108317752815e-12,0.0,0.08085106870466911,0.250002820338558,0.25000282034125193,1.1461300940935733e-12,0.18079575686745797,0.2363573566620555,-1.1281389955355393e-05
2022-08-01,1.3742134992557045e-12,2.2450309544310695e-12,5.409074630140593e-12,3.750538234095698e-12,4.1980464602810156e-12,9.025396835969948e-12,0.0019971682092440597,1.7912851031396114e-12,0.0,0.07939512109287218,0.24662054257909044,0.25119048366690416,1.1386279302175524e-12,0.17970461216986994,0.24110329491519691,-1.1222662109841084e-05
2022-08-02,1.3646689165140166e-12,2.2866147742414015e-12,5.368198505146556e-12,3.753312063305345e-12,4.182642442644664e-12,9.037627787671929e-12,0.0020087512292118145,1.8019890624854958e-12,0.0,0.07800292324267882,0.2565937804111856,0.2491260737001141,1.1525587457059546e-12,0.17444287624271243,0.23983681144874933,-1.1216303599530565e-05
2022-08-03,1.3776339647455176e-12,2.3222421614037705e-12,5.2665435370208075e-12,3.801081679398642e-12,4.168901308568915e-12,9.173746726947609e-12,0.002002224202703013,1.7995793452920722e-12,0.0,0.07757119322321841,0.25741938811647846,0.24680473904467862,1.127837994329096e-12,0.1796470299739844,0.2365667596480878,-1.1334238188269484e-05
2022-08-04,1.3861976212143856e-12,2.358532553897718e-12,5.273299013780965e-12,3.795236921339928e-12,4.213932164567179e-12,9.38022230423752e-12,0.0019865726205545607,1.8103282078057403e-12,0.0,0.0777281743035417,0.2596747902559414,0.24524988946529855,1.1280399097237907e-12,0.17649033721764065,0.2388816578197531,-1.1421712075571868e-05
2022-08-05,1.3998837105909802e-12,2.332175519518356e-12,5.237626003075191e-12,3.8170602180038934e-12,4.2760252632618976e-12,9.201057551262162e-12,0.0019821883092989235,1.817770237333784e-12,0.0,0.07475263088416442,0.26182971534557764,0.2515874338026141,1.1306201413674132e-12,0.1732225363522352,0.23663691358939234,-1.1418312494905686e-05
2022-08-08,1.4294419673076266e-12,2.363894710041976e-12,5.296909627162921e-12,3.84955651565825e-12,4.260505068035253e-12,9.218368081441896e-12,0.0019889997373544865,1.84020619230089e-12,0.0,0.0763979387694136,0.2569910257826901,0.2537083059138895,1.1505705693430717e-12,0.1759968518905785,0.23492834326128847,-1.1465384624110118e-05
2022-08-09,1.4557651451220162e-12,2.3127045796175405e-12,5.188820100690311e-12,3.825955480988027e-12,4.331761348646191e-12,9.039932053331344e-12,0.0019646179066042254,1.8520871229312467e-12,0.0,0.07534629026527101,0.25711672798841867,0.25269208263414605,1.1613681341119987e-12,0.17860433076798446,0.23428731182871174,-1.1361420304589606e-05
2022-08-10,1.4728101680641255e-12,2.3384753746840127e-12,5.263089549311839e-12,3.862884695318686e-12,4.370898258478469e-12,9.261863763464918e-12,0.0020230530659902657,1.8290731967837617e-12,0.0,0.07522581186682234,0.2581793021436223,0.2567588013221862,1.185897547301274e-12,0.17989716027017685,0.22792733188231176,-1.146058069461705e-05
2022-08-11,1.4629908690829694e-12,2.3655964456847735e-12,5.1202925371699845e-12,3.925514251317766e-12,4.409943010639674e-12,9.442759996834304e-12,0.002022964931421545,1.7803965552156557e-12,0.0,0.0769229293034072,0.2627670812490225,0.2545963056658832,1.1910436209288432e-12,0.17865761840593558,0.22504458705259242,-1.1486637961059173e-05
2022-08-12,1.4553314581365678e-12,2.3039587654995777e-12,4.999495696140719e-12,3.821347455086818e-12,4.269410096638782e-12,9.328093851086466e-12,0.002025975347977853,1.7509827551698054e-12,0.0,0.07684368793874276,0.26619888598308217,0.24833975363272195,1.1647502570096957e-12,0.17785221521737693,0.228750803894269,-1.132204326417846e-05
2022-08-15,1.4541361613098415e-12,2.2822918135837494e-12,5.054550712572515e-12,3.8725516880814105e-12,4.287761988659828e-12,9.30073229862718e-12,0.0020619484324025847,1.7716837857052224e-12,0.0,0.07723797762459403,0.26151729465468515,0.252323481144509,1.1645540675863086e-12,0.1772312698948718,0.22963939453977356,-1.136632002434465e-05
2022-08-16,1.4584219490996342e-12,2.3089391788691026e-12,5.10014601066086e-12,3.875850696692452e-12,4.339124382687167e-12,9.37382422640825e-12,0.002055687992628256,1.7734422174163811e-12,0.0,0.07806313014784992,0.26070407389817185,0.2513835605708348,1.2082675652551688e-12,0.1807937046348714,0.22701123594636355,-1.1393220157722855e-05
2022-08-17,1.4718091816092713e-12,2.320474721052745e-12,5.141281036252163e-12,3.8969040679372625e-12,4.418891620496661e-12,9.452145653845488e-12,0.0020620497351152953,1.8067627039859332e-12,0.0,0.07852476813057352,0.263090668483054,0.25201023519169036,1.2134256355145e-12,0.17960142439162533,0.22472228788677176,-1.1433848551920604e-05
2022-08-18,1.4540943746787902e-12,2.2818352005316497e-12,5.079360394157452e-12,3.879226885559128e-12,4.4133023954016e-12,9.395857860406237e-12,0.0019915962654201095,1.8425823908867886e-12,0.0,0.07888028716858109,0.2705799850597675,0.2472822462987448,1.2507301956257728e-12,0.17604542901359557,0.22523185771245047,-1.1401548156490396e-05
2022-08-19,1.4070082318799367e-12,2.2352356874018753e-12,4.9957726534426116e-12,3.792913659393354e-12,4.360378697113713e-12,9.215332885010053e-12,0.0019371576390705154,1.7904964803147052e-12,0.0,0.07649155681942174,0.26901117447701617,0.24726057002765897,1.189523593187274e-12,0.17604223829816065,0.2292684672235409,-1.1164513855729741e-05
2022-08-22,1.415475516896606e-12,2.2570134927229556e-12,5.070321828669598e-12,3.794970104247016e-12,4.386385810781322e-12,9.094242907235689e-12,0.0019481549290976652,1.810034265115697e-12,0.0,0.07805813597357295,0.266675974277922,0.24600540213487668,1.2339486855217021e-12,0.17626219075660768,0.2310613447010205,-1.1202802159815604e-05
2022-08-23,1.40982978481229e-12,2.230790249111069e-12,5.1421631128989084e-12,3.759653398813615e-12,4.31229446002407e-12,9.012612321416697e-12,0.0018894909137968203,1.787665414470917e-12,0.0,0.07856138884820331,0.2629572562910072,0.24892796204201703,1.2603985234603979e-12,0.17823535758562253,0.2294397072627219,-1.11629722841194e-05
2022-08-24,1.4264544066281037e-12,2.219360390739822e-12,5.188661932946435e-12,3.761747643712072e-12,4.394577765235783e-12,9.40843256347622e-12,0.001922429947252668,1.755727770012648e-12,0.0,0.07955311300288627,0.266155019791548,0.2485053358123948,1.279477240957225e-12,0.17608632327837254,0.22778905546861086,-1.127733049954147e-05
2022-08-25,1.42684591765756e-12,2.1838859590143554e-12,5.188882328121435e-12,3.6815257227938955e-12,4.463281346936079e-12,9.262414149311517e-12,0.0019058522725349857,1.754084335497187e-12,0.0,0.07928861516536079,0.26715433437997343,0.2511470659594867,1.2901649580551887e-12,0.17458305059974974,0.22593229139062168,-1.1209796978291605e-05
2022-08-26,1.4624521687920714e-12,2.210903199222964e-12,5.1514140398003364e-12,3.69602114989417e-12,4.457630083259696e-12,9.272641735841672e-12,0.0018796168709862304,1.7489059272929482e-12,0.0,0.0802376621044757,0.2571446214043101,0.25707318410700564,1.318822124319781e-12,0.17397334074724233,0.2297028125924132,-1.1237855751998176e-05
2022-08-29,1.437384005317115e-12,2.180426657968834e-12,5.1874351664671695e-12,3.651296780241385e-12,4.3172691929931475e-12,9.182141447765683e-12,0.0018608609534909901,1.7627711152697224e-12,0.0,0.07900786018219132,0.25919039574902825,0.25533331544936555,1.2900738245980938e-12,0.17608211174848604,0.22853658931464838,-1.1133426219356233e-05
2022-08-30,1.4340467543489074e-12,2.1792830396001745e-12,5.115716459089044e-12,3.620978786729281e-12,4.307802168270993e-12,9.139004328002644e-12,0.0018886858883739026,1.7643966826109306e-12,0.0,0.07885384220382924,0.2630782712123654,0.2565211850146251,1.2877837455807932e-12,0.17569064011011903,0.22397848060857262,-1.1105066734215133e-05
2022-08-31,1.3605754701075151e-12,2.2409979595285244e-12,5.4181449409188326e-12,3.786473276014499e-12,4.248789971615535e-12,8.909000980104115e-12,0.0020014575851418307,1.855210032895869e-12,0.0,0.080851033889082,0.25000271268388996,0.25000271268658386,1.1461296005541218e-12,0.1807956790143075,0.23635725488331263,-1.0850771283210162e-05
2022-09-01,1.3591220366859555e-12,2.2331098479533587e-12,5.423888909182464e-12,3.7687808262352974e-12,4.282703465400425e-12,8.950172672697637e-12,0.0020266262560935137,1.8315036501908934e-12,0.0,0.08074512543777615,0.25240830825023064,0.24721500300033702,1.1671973667194976e-12,0.18512969984470104,0.23248610689754245,-1.086971569723594e-05
2022-09-02,1.3501856297977237e-12,2.216825489430322e-12,5.567491414259283e-12,3.743213506214007e-12,4.3619501345910636e-12,8.788948387326334e-12,0.00199600911246547,1.8105153281254005e-12,0.0,0.08027341000872891,0.24909660221676158,0.24340020776401328,1.1889986417730835e-12,0.1889571887024658,0.23628742856936366,-1.084640282681612e-05
2022-09-05,1.3449036665531726e-12,2.1994008981214044e-12,5.4890923729416836e-12,3.669950188072283e-12,4.3430361430971255e-12,8.581590909532893e-12,0.0019522049058497048,1.824223824767989e-12,0.0,0.08007147256510427,0.25139414896936013,0.24032834235556252,1.151255075567569e-12,0.18944878926145395,0.23681579053290244,-1.0748618836537736e-05
2022-09-06,1.349490250160429e-12,2.2000602909509256e-12,5.561578417014884e-12,3.6386741644938654e-12,4.314462147871232e-12,8.495028541194453e-12,0.0019601149573588383,1.8013696853178649e-12,0.0,0.07943118915774758,0.25108831287007943,0.2350130874118967,1.1565584484878054e-12,0.19435331050021634,0.2381647609139966,-1.077583981274033e-05
2022-09-07,1.3819104080900551e-12,2.250627116263999e-12,5.660905834520623e-12,3.676070765479312e-12,4.356386754365775e-12,8.65944291437078e-12,0.001968275454273047,1.7700284512648898e-12,0.0,0.0787850923281757,0.24955304159901376,0.2372798860750703,1.1657943598033685e-12,0.19119143355236623,0.241233145150289,-1.0874188109152413e-05
2022-09-08,1.3916139219990582e-12,2.220343794290207e-12,5.727026351824105e-12,3.603056506226231e-12,4.459593614961052e-12,8.597034594538355e-12,0.001968362724446376,1.7193271743047564e-12,0.0,0.07891956065008854,0.24875541949531838,0.2346093456705997,1.1444371982492932e-12,0.19479271359303668,0.2409654471841654,-1.0849346517686553e-05
2022-09-09,1.4310886255005474e-12,2.238637763931742e-12,5.778061489720555e-12,3.6865821373863255e-12,4.431700277426752e-12,8.579719035924601e-12,0.002025047290675089,1.714134543706397e-12,0.0,0.0823340806811269,0.24652131589794368,0.23861565259812098,1.1618159682939867e-12,0.1874061305458468,0.2431087678051075,-1.099484784263099e-05
2022-09-12,1.4334928228269014e-12,2.241010645190741e-12,5.81990255737997e-12,3.66116480490557e-12,4.459176513336957e-12,8.483456870932875e-12,0.0019817858175319226,1.6786678194912903e-12,0.0,0.08343227332227376,0.23993196990165036,0.2391827743614861,1.1538458747009042e-12,0.18664835425669274,0.24883380699630384,-1.0964684869452998e-05
2022-09-13,1.4429115960714847e-12,2.2792039213761384e-12,5.885226331828594e-12,3.694409109874552e-12,4.63356835750201e-12,8.417469291150442e-12,0.0020382948461280465,1.7128444859353006e-12,0.0,0.08648377355924018,0.2353230764498201,0.23970303205756507,1.1419266186147297e-12,0.19014206578207174,0.24632083770932287,-1.1080433355527667e-05
2022-09-14,1.4525210075229283e-12,2.2807867847509692e-12,5.870078279138834e-12,3.720687723069284e-12,4.6307906012872435e-12,8.322408343736628e-12,0.00212111621636341,1.7057116169265683e-12,0.0,0.08559390088421331,0.23114979766932817,0.2437404277440814,1.1516977895758465e-12,0.19208348518096816,0.24532237884947827,-1.1106573567318645e-05
2022-09-15,1.4497953253412585e-12,2.274025388185085e-12,5.869749606352431e-12,3.759530384011681e-12,4.6537744848079815e-12,8.383356384420061e-12,0.0021374105898962904,1.7287489613578842e-12,0.0,0.08615827112772625,0.23584582458064274,0.24126612319419954,1.1356656323238576e-12,0.18814762806935334,0.24645585526951097,-1.1112860583720796e-05
2022-09-16,1.4260523746083091e-12,2.2873690450366894e-12,5.869940813430701e-12,3.813188218371435e-12,4.6216577535119494e-12,8.372358976751308e-12,0.0021726547636225324,1.7650139904608304e-12,0.0,0.08652324375073167,0.2373112665127528,0.24314294941003584,1.1321273695152667e-12,0.1928321927190977,0.23802881631597902,-1.112350150744608e-05
2022-09-19,1.4148187956143249e-12,2.288810089095336e-12,5.876158632530696e-12,3.857527429816978e-12,4.6710894846809226e-12,8.31023622717765e-12,0.002202483958710996,1.7406641584267582e-12,0.0,0.08862833250081895,0.2411004505040516,0.2426988307514266,1.1215148709902855e-12,0.18679868558509083,0.23858229443174395,-1.10777611237103e-05
2022-09-20,1.3998685228853194e-12,2.270428479459828e-12,5.800763164593017e-12,3.837361033065403e-12,4.669884843596082e-12,8.34030377601824e-12,0.0021849396048858306,1.7673294407204952e-12,0.0,0.08756462287383074,0.2420447449582434,0.250806043323798,1.1284555828833585e-12,0.18562670440265955,0.23178402002177742,-1.107521440920683e-05
2022-09-21,1.3935108847817204e-12,2.270261498024819e-12,5.762526599037772e-12,3.755063005878903e-12,4.6107332883244046e-12,8.47600324779848e-12,0.0022220862121607827,1.7411564320358597e-12,0.0,0.08577250735632659,0.24700564901419345,0.2512986224748212,1.1448017820803025e-12,0.17944950777639357,0.23426267276096882,-1.1045624018386663e-05
2022-09-22,1.3894841786357668e-12,2.2834515064097563e-12,5.803377471324322e-12,3.747627952302784e-12,4.564710487012967e-12,8.5378144560258e-12,0.0022144037409066036,1.7151213231413371e-12,0.0,0.08359176986347147,0.24434397970597493,0.2553303602611433,1.1455264453421927e-12,0.1772826641774192,0.23724783454189827,-1.1012320000912787e-05
2022-09-23,1.3728692713600402e-12,2.2762904447561467e-12,5.768554627379463e-12,3.765842379377323e-12,4.4593056223978705e-12,8.411113573050517e-12,0.0021568851487583623,1.7021011076124352e-12,0.0,0.08261509529935504,0.24139236098502562,0.2580956837587458,1.1625758161596584e-12,0.17633142931028536,0.23941951018261043,-1.0964713699330268e-05
2022-09-26,1.365201198653761e-12,2.318804769911567e-12,5.9300725026089735e-12,3.80624350667904e-12,4.367066059137122e-12,8.390825450840987e-12,0.0021851745653718255,1.7001178292061631e-12,0.0,0.08377691160409577,0.23980546727337576,0.2595141737449367,1.1500464262269682e-12,0.17662485081029694,0.23810443533356715,-1.101336067253832e-05
2022-09-27,1.3882855259263837e-12,2.382147606496019e-12,5.8723310885337634e-12,3.743986010391922e-12,4.379582007877524e-12,8.275952567437191e-12,0.002199477268798727,1.7283748755673686e-12,0.0,0.08454324282684454,0.24049752379291334,0.25237579290068546,1.1575805471220697e-12,0.17793609366980312,0.2424589439699045,-1.1074457877966336e-05
2022-09-28,1.400166829247998e-12,2.40814117618658e-12,5.867686381404204e-12,3.7018741047188976e-12,4.387457991324673e-12,8.235031917303984e-12,0.0022437769143048296,1.742375680700794e-12,0.0,0.0845517067453561,0.23147548559601447,0.2628511031836236,1.1551270485899671e-12,0.1793771648195114,0.2395120049799068,-1.1242267615010893e-05
2022-09-29,1.4131560600244435e-12,2.411932236701093e-12,5.816213308591006e-12,3.68587860267415e-12,4.477809812639255e-12,8.229267872615618e-12,0.0022388655804944733,1.7196393390327073e-12,0.0,0.08437118586172099,0.23278314309319673,0.2678341194108304,1.1100549280941076e-12,0.17578273811420006,0.23700118900466938,-1.1241093975981685e-05
2022-09-30,1.360577804891772e-12,2.241001805141554e-12,5.4181542386019e-12,3.786479773704916e-12,4.248797262653889e-12,8.909016268190437e-12,0.002001461019697108,1.8552132164863958e-12,0.0,0.08085117263164003,0.25000314169529764,0.2500031416979916,1.1461315673434743e-12,0.1807959892645761,0.23635766047874618,-1.2566816913948535e-05
2022-10-03,1.3790023860083004e-12,2.2810336963899396e-12,5.47987004161255e-12,3.8524210624689844e-12,4.360154513363657e-12,8.951363119574803e-12,0.0019629175516317162,1.8508785119129427e-12,0.0,0.08111391106100894,0.24547515733657563,0.24364692525642082,1.133688035408401e-12,0.18385912162381293,0.24395455445445532,-1.2587313193846573e-05
2022-10-04,1.3933902387538997e-12,2.3095689662433574e-12,5.485031789760667e-12,3.782402207909425e-12,4.344169194745135e-12,8.938631433889286e-12,0.001953514278412907,1.855939584467065e-12,0.0,0.0823531075880974,0.24486907862225918,0.2363127838988127,1.126447162330951e-12,0.18439711241701076,0.25012701012230953,-1.2606956138201488e-05
2022-10-05,1.38926542145875e-12,2.327227559952083e-12,5.515821052119536e-12,3.7937757292282225e-12,4.404381674701927e-12,8.885586511437749e-12,0.0019433674173160304,1.860480523585052e-12,0.0,0.08322409178545222,0.242695309112905,0.2378621410675536,1.1275691381479077e-12,0.18563470266050128,0.24865302284600518,-1.2634919037568166e-05
2022-10-06,1.3964954037589966e-12,2.349204101657388e-12,5.574796040785398e-12,3.825915719751054e-12,4.5340368385899435e-12,8.847981882444383e-12,0.0019583941287764453,1.8347071572874817e-12,0.0,0.08249477488257924,0.24370858607729923,0.23843760347725831,1.1430702219091651e-12,0.18538401019014403,0.2480293701769454,-1.2738962508869667e-05
2022-10-07,1.4294604870615898e-12,2.3793769854200158e-12,5.596236583879017e-12,3.8530269383216695e-12,4.670982897456455e-12,8.909957102732225e-12,0.0019597324472852267,1.8352640289387133e-12,0.0,0.0825645340516976,0.24109188372831564,0.23630786326599518,1.1379896224622239e-12,0.18930736325979022,0.24878148582380574,-1.286260670199943e-05
2022-10-10,1.4288057439873722e-12,2.4136532987252725e-12,5.6833238911320595e-12,3.846653478953125e-12,4.642682702263007e-12,8.825706272783793e-12,0.0019813602152867313,1.8330533571682334e-12,0.0,0.08166540850359992,0.23851271965869728,0.23801441270284965,1.1137831399288997e-12,0.19309812549699454,0.24674085276382124,-1.287937103701018e-05
2022-10-11,1.4043161345772821e-12,2.3435596977947934e-12,5.5933900826863544e-12,3.772136415293179e-12,4.567305580462801e-12,8.851856128062122e-12,0.001955165203648602,1.7842264261832428e-12,0.0,0.08114223938758648,0.23976058066482672,0.23545322638410507,1.109861800068535e-12,0.19223851855479,0.24946294380078093,-1.2674025164451883e-05
2022-10-12,1.3648962401152382e-12,2.3362521647190787e-12,5.597526512213501e-12,3.678000610273781e-12,4.47425542439805e-12,8.670446777459338e-12,0.0019172269629794663,1.7549719029967098e-12,0.0,0.0814443071931562,0.24162764730807806,0.2299153946687581,1.0830351680179155e-12,0.19498166279638368,0.25012630794862284,-1.2546906937946091e-05
2022-10-13,1.3718855518308976e-12,2.357687019030354e-12,5.620298757358136e-12,3.71648664478297e-12,4.475815437549352e-12,8.739274435797601e-12,0.0018866098506394693,1.7457495634902962e-12,0.0,0.08134289203235191,0.23910239167793532,0.22890553187490223,1.05919832585563e-12,0.19785666881487043,0.25091850451229936,-1.2598792085092175e-05
2022-10-14,1.3578231826705989e-12,2.3517528229986122e-12,5.674635405358689e-12,3.715647130031449e-12,4.4648644371271045e-12,8.784155074731077e-12,0.0019069680892085136,1.7207487508821823e-12,0.0,0.08083179192322668,0.24052458211198643,0.23020285989627223,1.0560151784568169e-12,0.1953960894860049,0.25115037976840465,-1.2671304229073841e-05
2022-10-17,1.3688245863681702e-12,2.3028379927739375e-12,5.737365271324325e-12,3.678428595105168e-12,4.435379136384695e-12,8.601130600307627e-12,0.0018739605927802162,1.6966208173402802e-12,0.0,0.08001465700417568,0.23730005061518974,0.23576601469179945,1.0273801984104975e-12,0.1944348253853067,0.2506230699797402,-1.2578297840098539e-05
2022-10-18,1.3396712837813831e-12,2.2927073439564976e-12,5.648454539950448e-12,3.5331843820751902e-12,4.4209001899031075e-12,8.383355101272321e-12,0.0018268985763511608,1.6941325183213034e-12,0.0,0.08025747697884492,0.2392831463638927,0.2306382030376057,1.0302526302787784e-12,0.18966238188695722,0.2583443268146198,-1.2433686614271703e-05
2022-10-19,1.34922423659789e-12,2.348478125927031e-12,5.778711454778361e-12,3.59511980966593e-12,4.445770158295577e-12,8.483479973762208e-12,0.0017985355397239847,1.7232590427531257e-12,0.0,0.08155175225522265,0.23096526664617967,0.2288941567283767,1.0310833936323122e-12,0.19336611765029038,0.26343677351809097,-1.2602366639620212e-05
2022-10-20,1.335466324612378e-12,2.343311864810653e-12,5.665845916816705e-12,3.5894462383912827e-12,4.43344030369601e-12,8.452404666709232e-12,0.0017789859694797882,1.7530957221838501e-12,0.0,0.07965571735230621,0.22996406362427277,0.22987650003284257,1.0120135304909122e-12,0.19557785820037082,0.26315936626725744,-1.2491475114736238e-05
2022-10-21,1.3111639938389432e-12,2.3599382393234485e-12,5.6640144207235816e-12,3.626395206856321e-12,4.50282405190449e-12,8.50883167254436e-12,0.001826585818225679,1.7560371739373508e-12,0.0,0.08099558222116211,0.2305902443313821,0.2339051070828298,1.0058274193685646e-12,0.19492485784931546,0.25777016188753826,-1.2539219188409943e-05
2022-10-24,1.316137174164596e-12,2.3713471720064455e-12,5.745106987388939e-12,3.665137354638662e-12,4.4945294605580165e-12,8.394151678599646e-12,0.0018403395302382733,1.786717963866901e-12,0.0,0.08250382400899059,0.23021112943463878,0.23248700811359455,9.946638375416558e-13,0.19509207839013587,0.25787817614155195,-1.2555647917761329e-05
2022-10-25,1.316616826835053e-12,2.3645570952515993e-12,5.728050450247947e-12,3.6270347618368076e-12,4.5392382381239145e-12,8.390256580784088e-12,0.0018334091678081372,1.7653454870558545e-12,0.0,0.08406625511094634,0.23197598003648495,0.22583184824969824,1.006721691230222e-12,0.19812839208823135,0.2581766485785743,-1.2533260481251974e-05
2022-10-26,1.3472230433195219e-12,2.3888340091489325e-12,5.686031196894463e-12,3.671776404116944e-12,4.5898051650881914e-12,8.393385345119267e-12,0.0018627464626596018,1.7378152831593355e-12,0.0,0.08360775993170225,0.2301743014317285,0.22727847483374547,1.0228568349255614e-12,0.2003888714703655,0.25670047720198763,-1.2631361026873081e-05
2022-10-27,1.3325602752144622e-12,2.347024446681118e-12,5.637776708315773e-12,3.694575451306021e-12,4.561941971840892e-12,8.435017855600562e-12,0.001888003168787325,1.7131099052128857e-12,0.0,0.08591641281770615,0.23417884463891486,0.21958222902913757,1.023835637554832e-12,0.19923551722828878,0.25921154450523176,-1.2551416812493597e-05
2022-10-28,1.3139554648511601e-12,2.31091797425986e-12,5.557917405296017e-12,3.645054932974414e-12,4.5755092741902905e-12,8.250535952904137e-12,0.001859403363647794,1.6583745707226775e-12,0.0,0.08702214921684655,0.2313800616055065,0.2170230843578356,1.0251268836827831e-12,0.20323423595692708,0.25949352689686495,-1.2461425966053593e-05
2022-10-31,1.3606087707193346e-12,2.2410528088219136e-12,5.418277552115655e-12,3.7865659514150925e-12,4.248893962396388e-12,8.909219031355116e-12,0.0020015065715917415,1.855255439880271e-12,0.0,0.08085301274946419,0.2500088315971526,0.2500088315998466,1.1461576525201916e-12,0.18080010405860514,0.23636303981870832,-3.5326424334559556e-05
2022-11-01,1.363543786996871e-12,2.251674520524864e-12,5.429458793295893e-12,3.6679183897224666e-12,4.34289617417583e-12,8.988717675362972e-12,0.002015723408214252,1.8585792946372402e-12,0.0,0.08032205461769758,0.2532001271405141,0.2451780355885328,1.1531306774362015e-12,0.1831679680254203,0.23615149785690193,-3.540666633690243e-05
2022-11-02,1.3719139899907952e-12,2.234997335534155e-12,5.387257004237722e-12,3.687848374082451e-12,4.390680855729694e-12,8.796957028314464e-12,0.0020355982145306194,1.84948478721374e-12,0.0,0.07887922046923526,0.2504355475014351,0.2499049778385056,1.157218236251427e-12,0.18243578267475632,0.23634436586374546,-3.5492591084798415e-05
2022-11-03,1.3741125990484967e-12,2.2382790528002066e-12,5.3670206442137705e-12,3.723177576376725e-12,4.429582459946327e-12,8.81824621437049e-12,0.002031321679319776,1.8614682667060817e-12,0.0,0.0799570014783322,0.2533912291697948,0.24495165612170186,1.1321505720625194e-12,0.1796306381007883,0.24007353232932951,-3.537890821044208e-05
2022-11-04,1.338718634088049e-12,2.2224981113238837e-12,5.328898779089198e-12,3.731533385054079e-12,4.390815801613355e-12,8.57202563913534e-12,0.0019832469655285843,1.8104656529879147e-12,0.0,0.07887075766079477,0.24593738139996815,0.24833556864026105,1.0940092332246476e-12,0.18207167529623658,0.24283635174029441,-3.498173157251917e-05
2022-11-07,1.3337374232809057e-12,2.1802396079914894e-12,5.2841573102119954e-12,3.632659631101221e-12,4.386151475948129e-12,8.461431537486563e-12,0.0019487503793311407,1.757889262116933e-12,0.0,0.0766800284836123,0.2474078998012535,0.24373881741906903,1.0779233910776406e-12,0.1820823674159782,0.2481766879078076,-3.4551435165990606e-05
2022-11-08,1.340851666812026e-12,2.143526974018443e-12,5.136923207711017e-12,3.704827022929099e-12,4.47555198902224e-12,8.422889720859632e-12,0.0019020761390425179,1.7695882102984735e-12,0.0,0.07602191490745326,0.2492807391472274,0.24345014860185848,1.0483726995934925e-12,0.1797874598770106,0.2495919607950099,-3.429949564459534e-05
2022-11-09,1.3551080098145559e-12,2.1617039416650707e-12,5.218997199339791e-12,3.711110292997282e-12,4.511717655519143e-12,8.106163744393889e-12,0.0019017934219164021,1.7994433579589365e-12,0.0,0.0759278422335213,0.24656478001205895,0.24907926021512528,1.0649415575116952e-12,0.18361338276847503,0.24294743235969532,-3.44910387216249e-05
2022-11-10,1.3481786263993083e-12,2.1478689880150702e-12,5.184734064072947e-12,3.671921502110557e-12,4.477072072588727e-12,8.166086627456471e-12,0.0018463434331463136,1.8384724159343312e-12,0.0,0.07562385058709457,0.2493540907964599,0.2421805437690645,1.049090533633513e-12,0.18261560807099922,0.24841392325918354,-3.435994383152533e-05
2022-11-11,1.3338944910544541e-12,2.1357913123154504e-12,5.0996777378403346e-12,3.655221435124745e-12,4.522368321756836e-12,8.187433863969111e-12,0.001825885592500935,1.8375734936365648e-12,0.0,0.07546312832460726,0.251335354641997,0.24426124440950145,1.0364678401234525e-12,0.18294072461553723,0.24420766647651618,-3.400408846854001e-05
2022-11-14,1.3245143932770852e-12,2.1336536796614483e-12,5.1044460994393516e-12,3.5919672873848762e-12,4.577923608176989e-12,7.911551364871997e-12,0.0018963196156865556,1.8802439660168597e-12,0.0,0.07562199780952,0.2530701122558529,0.24232165868956793,1.0420949326706664e-12,0.1828390383560549,0.24428492849377967,-3.405524802836252e-05
2022-11-15,1.3197025174511352e-12,2.0941074527910738e-12,5.079654991904631e-12,3.579795828761467e-12,4.561128906638309e-12,7.848657694791851e-12,0.0019154831591304711,1.861205398996896e-12,0.0,0.07675200031959989,0.251466946476338,0.241975301410052,1.0351317939109239e-12,0.18603003265203397,0.2418941026939086,-3.386673844232288e-05
2022-11-16,1.3475477288824436e-12,2.110522557957498e-12,5.0774371144328474e-12,3.6399949368193044e-12,4.585069602166334e-12,7.982375588388952e-12,0.001861613325894358,1.8782214513035252e-12,0.0,0.07617456795535346,0.2514957405456392,0.24183451937773529,1.0437872083133689e-12,0.18307335601073857,0.245594363045808,-3.416028883393024e-05
2022-11-17,1.3529058496077891e-12,2.0979219632746586e-12,5.076912792788165e-12,3.653510369497493e-12,4.613414211971322e-12,8.102826443410975e-12,0.0018330817301639199,1.84307599682507e-12,0.0,0.07635217242614704,0.25248045777077144,0.24741686564769574,1.0351423963457634e-12,0.18293498536888467,0.23901628941094835,-3.3852382386873387e-05
2022-11-18,1.3697693285948425e-12,2.075036815440826e-12,5.022071007253333e-12,3.6117902470397157e-12,4.5432103434587856e-12,7.967534903236753e-12,0.0018066823947227241,1.7941106088695155e-12,0.0,0.0780867066926963,0.25362912538343,0.24945943790607636,1.0488886619182342e-12,0.18768665430818288,0.22936498322244261,-3.358993498327485e-05
2022-11-21,1.3685633430929648e-12,2.0805766271758094e-12,5.051175914994822e-12,3.6387531985357205e-12,4.568158098829109e-12,8.077888491495181e-12,0.0018274921452972974,1.7953859645946045e-12,0.0,0.07773886352991341,0.2541768546105687,0.25119726936399445,1.0396305019713463e-12,0.18809913833235017,0.22699433013763148,-3.394814737568968e-05
2022-11-22,1.3515949188165518e-12,2.0349384430501357e-12,4.9489906841768406e-12,3.5442052492475423e-12,4.508978127539231e-12,7.899629142517932e-12,0.0018294025583261468,1.7857975901460536e-12,0.0,0.07593457198774162,0.2529441635962676,0.2513495490192271,1.0308853336262514e-12,0.19149091384930103,0.22648495943665722,-3.356047462586768e-05
2022-11-23,1.350254399200965e-12,2.018306076548877e-12,4.937811193983476e-12,3.478603758469279e-12,4.44160028023866e-12,7.860418237808985e-12,0.0018206229468060628,1.7818342301006547e-12,0.0,0.07356593601333501,0.24664818335991587,0.249993313747602,1.0084209844843382e-12,0.20140613260979898,0.22659904499175235,-3.323369608742014e-05
2022-11-24,1.3416128985558081e-12,1.9964600202398136e-12,4.884667494693525e-12,3.4603906700521973e-12,4.422950470334276e-12,7.771237998732202e-12,0.0018039449254855014,1.805844316422639e-12,0.0,0.07345404571301972,0.23999328944066478,0.2509130404641766,1.0303937517609388e-12,0.20533714489884944,0.22853157343329653,-3.303890220622563e-05
2022-11-25,1.357941295084573e-12,1.995097522044531e-12,4.911920097884744e-12,3.4293669448664087e-12,4.433602349809103e-12,7.894925425455022e-12,0.0017876633055879756,1.7819269131785738e-12,0.0,0.0731228257568619,0.24228104134079678,0.24876119520047066,1.060482587464192e-12,0.20033706445718788,0.2337432009553396,-3.299104310996139e-05
2022-11-28,1.3534388694749552e-12,1.966600322265911e-12,4.9442103839492366e-12,3.4331105130445946e-12,4.391578237288414e-12,7.756278999867763e-12,0.0017948067488606943,1.8140383188850496e-12,0.0,0.07349415667108745,0.24519051152793697,0.24970414683982775,1.0383151417580921e-12,0.19599340012444563,0.2338560924706391,-3.311440949519554e-05
2022-11-29,1.3567062107693453e-12,1.991406743457502e-12,5.004546575553476e-12,3.4708485294580146e-12,4.3943614734297805e-12,7.650085219117302e-12,0.0018122015617760897,1.835096343999632e-12,0.0,0.07284693477754588,0.24347085235121949,0.25126609736567507,1.0280657882276044e-12,0.19670096229209424,0.23393618983780928,-3.3238212851340146e-05
2022-11-30,1.3605805294955973e-12,2.2410062928247052e-12,5.418165088642017e-12,3.786487356260827e-12,4.248805771016464e-12,8.90903410880177e-12,0.002001465027691602,1.8552169316146363e-12,0.0,0.08085133453889255,0.25000364233518296,0.250003642337877,1.1461338625113369e-12,0.18079635131475963,0.23635813379308632,-1.4569376455624026e-05
2022-12-01,1.372025741085175e-12,2.2729214232608015e-12,5.467063041992073e-12,3.828649881642922e-12,4.355257429250117e-12,9.061447885079934e-12,0.002047683026263027,1.8764319632273384e-12,0.0,0.08058154187092631,0.252197447270646,0.23951358216847374,1.1511843208019467e-12,0.18322409169485973,0.24245043262615715,-1.4778686710841614e-05
2022-12-02,1.3789327545658343e-12,2.298301185595601e-12,5.379236362958057e-12,3.8555285576468815e-12,4.299296978997666e-12,8.990088109344285e-12,0.002058367544839373,1.9252466646331665e-12,0.0,0.08123697558662839,0.25410369332802063,0.2385017422187782,1.1492477773251856e-12,0.18612062185075293,0.23799348736989678,-1.4887928192122944e-05
2022-12-05,1.3737794887237212e-12,2.268065401503232e-12,5.377079016455771e-12,3.862157458460839e-12,4.173289729567734e-12,8.841438943344513e-12,0.002016050845058368,1.8587474561110735e-12,0.0,0.08355242137753223,0.2542999691988224,0.24400287350873173,1.1555231335870218e-12,0.18196762982992679,0.23417580193678528,-1.4746725766938736e-05
2022-12-06,1.3777284850706725e-12,2.27209164813402e-12,5.329599361341188e-12,3.785452009386886e-12,4.328833888970389e-12,8.803126573170387e-12,0.0020021711841309293,1.8571301529675188e-12,0.0,0.08350934077295882,0.2589790214041729,0.2429160015958982,1.1293208522579635e-12,0.1810142074317836,0.23159396202096644,-1.470443879436301e-05
2022-12-07,1.4062130415106462e-12,2.315475807870854e-12,5.374120250687377e-12,3.756830571938105e-12,4.295263910817774e-12,8.868843802654055e-12,0.0020259366719018665,1.860808112066691e-12,0.0,0.08335217668325366,0.260799920263171,0.23488940687393572,1.1157795860975244e-12,0.1802887341354651,0.23865863164620923,-1.4806302929988172e-05
2022-12-08,1.3730267868574879e-12,2.282574230480799e-12,5.301181465516969e-12,3.751944525897747e-12,4.291684839262134e-12,8.721437067738747e-12,0.001980997981335011,1.8141096912782253e-12,0.0,0.081484075737715,0.25899166277829744,0.23283388154663812,1.1096611830023636e-12,0.1815333784147599,0.2431905695104846,-1.4565997875707744e-05
2022-12-09,1.3651109256759352e-12,2.2920354131569916e-12,5.244729050410419e-12,3.7768923861990156e-12,4.31735727103749e-12,8.774161507276804e-12,0.0019700921945126474,1.784823884700039e-12,0.0,0.08088935404192424,0.2636540236390712,0.23008269120440292,1.1175201431444755e-12,0.1831128851507583,0.24030541585648085,-1.446211582276656e-05
2022-12-12,1.3895173385062285e-12,2.236578831910419e-12,5.203611384256708e-12,3.7576348504935005e-12,4.297842117445568e-12,8.860613074083028e-12,0.001988773363998115,1.8047936801622015e-12,0.0,0.08014574724414926,0.25991704281158096,0.2329383197866416,1.1114868065642661e-12,0.17889745190318945,0.2461272018419845,-1.4536980205863389e-05
2022-12-13,1.3976937529940667e-12,2.2555353728004703e-12,5.176865988041827e-12,3.7576820921808295e-12,4.338375762823159e-12,8.725715008136945e-12,0.0020043853141334124,1.799146199439665e-12,0.0,0.07981875798180368,0.2635358173007892,0.23220516811213363,1.0751281584292566e-12,0.18237312524684576,0.24007717545800814,-1.4429442239856935e-05
2022-12-14,1.4066487342571024e-12,2.2414432798914514e-12,5.2147502861840566e-12,3.7864844361877256e-12,4.338124068712133e-12,8.736696913925728e-12,0.0020053371879788853,1.7387766258740184e-12,0.0,0.07803539905377907,0.26292230067022204,0.22657758343417578,1.0474893815146363e-12,0.18676529563589575,0.2437084331356107,-1.4349146172485968e-05
2022-12-15,1.4069043765497811e-12,2.2461948645294365e-12,5.202236305012337e-12,3.812402099722981e-12,4.303943083994879e-12,8.85120370726975e-12,0.001999270094533024,1.7291584000796785e-12,0.0,0.07735642028937324,0.2644547720841542,0.22464381998787838,1.0566895100759704e-12,0.19101411390148454,0.24054595308250862,-1.434946854062896e-05
2022-12-16,1.4027353616478908e-12,2.2528391047462818e-12,5.169082627021679e-12,3.826394962317237e-12,4.325961141652314e-12,8.959846524016553e-12,0.0019798244268603216,1.7034448144730824e-12,0.0,0.0760822707600732,0.2664851108262455,0.2199295562724529,1.098396250146967e-12,0.19525585867818032,0.24028170078377253,-1.4321776323615987e-05
2022-12-19,1.4370691124955613e-12,2.2513588296057525e-12,5.395961463883877e-12,3.862193874614978e-12,4.389887607251239e-12,8.889187219432016e-12,0.0020253429564209566,1.7041602807275838e-12,0.0,0.07667760131114555,0.2661390021288876,0.2205184080535988,1.120935806916002e-12,0.19384970714346642,0.2408044885558686,-1.4550178438578205e-05
2022-12-20,1.4296980994452086e-12,2.2845613584150955e-12,5.362667053580111e-12,3.778601995398558e-12,4.321313593146534e-12,8.793327774673589e-12,0.0019933046934051124,1.7067573784836471e-12,0.0,0.07689678787614064,0.2618597557555612,0.2229643782837342,1.1053816875285414e-12,0.18833381372919078,0.24796634218677047,-1.4382553584756983e-05
2022-12-21,1.3991771372644846e-12,2.2580673874423817e-12,5.304406628695059e-12,3.871404194459008e-12,4.398186300680587e-12,8.92554601443891e-12,0.0019764542883424895,1.758397032924066e-12,0.0,0.0777564396039838,0.26159825515904084,0.22191656219175068,1.0962742224042593e-12,0.18689953315770702,0.24986707517948495,-1.4319609321227969e-05
2022-12-22,1.4006238282281524e-12,2.2519341188985486e-12,5.378076544909433e-12,3.730900142495824e-12,4.415184076515929e-12,8.987084810477167e-12,0.0020025136076948493,1.7528654529805208e-12,0.0,0.07877450666753931,0.2673396269339242,0.2203246586101403,1.0991084035926454e-12,0.1922167724224922,0.23935620375613972,-1.4282026946441428e-05
2022-12-23,1.402216310331473e-12,2.3030216512146442e-12,5.483755205394455e-12,3.782502552831798e-12,4.4254684032808536e-12,8.955230752265792e-12,0.0020021866111306352,1.8054715247870715e-12,0.0,0.0795267405262291,0.26618764543433976,0.225248313717562,1.0974860069419763e-12,0.19342492055136423,0.23362458235830447,-1.4389228185459071e-05
2022-12-26,1.3818328368845613e-12,2.3049153352492993e-12,5.409478486325107e-12,3.8769416466024566e-12,4.31824593352875e-12,8.870974375199225e-12,0.002004412823555802,1.797774331552313e-12,0.0,0.07842078453888518,0.262180024349238,0.22438958871217674,1.1362572867384198e-12,0.19390961588133496,0.2391099703426532,-1.4396676940412389e-05
2022-12-27,1.4052925051895516e-12,2.3592412423605075e-12,5.30988725615226e-12,3.910595982509761e-12,4.4405125607481675e-12,8.91403161747059e-12,0.0020773266251709415,1.8582036839833487e-12,0.0,0.0787723983806708,0.26107931121255545,0.22476992291806613,1.1255604016500716e-12,0.197867317350467,0.23544829189592617,-1.4568412179906583e-05
2022-12-28,1.3958845777784188e-12,2.3450365290886208e-12,5.150661749725118e-12,3.931384026966958e-12,4.413628115977329e-12,8.890013493904917e-12,0.0020310588324315257,1.8518466006595284e-12,0.0,0.0777020698475715,0.26629409166996715,0.22223320558483756,1.1343129122763602e-12,0.1965433162813913,0.23521064371406702,-1.4385959378866155e-05
2022-12-29,1.3716635350620326e-12,2.350174060121387e-12,5.101969615296139e-12,3.887365778497213e-12,4.500474481692606e-12,8.8528325819345e-12,0.0020007215169407866,1.839864397093464e-12,0.0,0.0793249962357504,0.26295123510441937,0.2239308547316016,1.1598430454087437e-12,0.19451544669623566,0.2372911059606623,-1.4360274674381484e-05
2022-12-30,1.3605888717511846e-12,2.2410200333177244e-12,5.418198309548097e-12,3.786510572707498e-12,4.248831822119589e-12,8.909088733601964e-12,0.002001477299462694,1.8552283066809983e-12,0.0,0.08085183027029741,0.25000517520606924,0.25000517520876325,1.146140889909871e-12,0.18079745984846216,0.2363595829979805,-2.0700860000883853e-05
2023-01-02,1.3582751127395683e-12,2.2339065972894998e-12,5.20217681707224e-12,3.771693577592947e-12,4.133009847371326e-12,8.917594461751867e-12,0.0020265158778992047,1.8176737325258407e-12,0.0,0.07952656243938912,0.2531877438798581,0.24862752800850604,1.1725307741428786e-12,0.1808764927138487,0.23577570041886126,-2.054336696937785e-05
2023-01-03,1.3571316752549415e-12,2.249120638624268e-12,5.097288944145215e-12,3.770099030720936e-12,4.1238279395879834e-12,8.9884287729457e-12,0.0020187240745741094,1.7886181192771526e-12,0.0,0.07809414669881845,0.24500064231301708,0.25138093201354483,1.1830821377592006e-12,0.18221140199231528,0.24131466166512505,-2.0508785952341584e-05
2023-01-04,1.3412335815361092e-12,2.204487876807793e-12,5.0658809354952235e-12,3.734863055894452e-12,4.0597916935041775e-12,8.93141194673231e-12,0.001991458901740858,1.7329127332239287e-12,0.0,0.07631726177647377,0.24464461405070326,0.24731787747881365,1.19996344410085e-12,0.1865776369297791,0.2431715434707488,-2.039263652995411e-05
2023-01-05,1.3249194629795913e-12,2.243791625943944e-12,5.165369885519359e-12,3.745424309791419e-12,4.135910786546409e-12,8.891912172245334e-12,0.0019465441160742016,1.7189180556212967e-12,0.0,0.07475896971768255,0.2453302912338312,0.24816281331474907,1.1925771144174332e-12,0.1856064105494796,0.24421541114096185,-2.0440101197299016e-05
2023-01-06,1.303499999500238e-12,2.1874215090111635e-12,5.121147562584115e-12,3.750477977008652e-12,4.134444059976902e-12,8.704807984569503e-12,0.0018931156452195658,1.6936487200735215e-12,0.0,0.07470284047493513,0.24548805575420693,0.24921570411664082,1.1886706941924906e-12,0.18405180041876906,0.2446686965757782,-2.021301363380855e-05
2023-01-09,1.318285522887906e-12,2.191932743110764e-12,5.247032976587624e-12,3.867152154313299e-12,4.146416055791999e-12,8.943713257973464e-12,0.0019685016606213286,1.7220302056648834e-12,0.0,0.07610639885098386,0.24740591641692677,0.25079282247766405,1.217983592349883e-12,0.1817067387583031,0.24204016604364123,-2.05442367950714e-05
2023-01-10,1.3241019976836157e-12,2.2007680529929763e-12,5.289067190814467e-12,3.9673787180209795e-12,4.1697098475498255e-12,9.051692308254348e-12,0.0019511362543505393,1.7484749137692841e-12,0.0,0.07653247573219916,0.2480846587734297,0.25632085436354246,1.195438806409573e-12,0.17495148362547888,0.2421800182505289,-2.0627028476204536e-05
2023-01-11,1.3271913235708428e-12,2.199628915616057e-12,5.3485628329370755e-12,3.979311856946105e-12,4.132994235579826e-12,8.76479696546182e-12,0.0019411652106268937,1.7705943596006515e-12,0.0,0.0764260338841829,0.2493272319044135,0.2514853025131646,1.2063976466066356e-12,0.1798587587556549,0.24098208766260476,-2.057995937712041e-05
2023-01-12,1.324880560357476e-12,2.2180399229303865e-12,5.2675100349488006e-12,4.0310714153574515e-12,4.19366305240293e-12,9.035122788022503e-12,0.0019538826785788,1.797264202022482e-12,0.0,0.07670859689200236,0.24543373802212165,0.2529993593646043,1.2111748348962008e-12,0.18253755889967893,0.2403876256197102,-2.076150577506443e-05
2023-01-13,1.3206032775251069e-12,2.2017475920947575e-12,5.227893160241335e-12,4.018938745239604e-12,4.179364688002756e-12,9.087964854938206e-12,0.0019432047639927517,1.7815321104762023e-12,0.0,0.0755728468251043,0.24309331490245636,0.26069714625859813,1.187408526946985e-12,0.18094904803229903,0.23776511328360123,-2.0674095057253985e-05
2023-01-16,1.304412108447423e-12,2.1725964971233323e-12,5.191781257573317e-12,3.901233070665904e-12,4.190382623794728e-12,9.071802132760805e-12,0.001891928995699758,1.7074434469320833e-12,0.0,0.0745582898308966,0.2508005320424251,0.2605495023258317,1.1387125395461877e-12,0.17696380383914515,0.23525640729419206,-2.0464356868678213e-05
2023-01-17,1.3077288086537966e-12,2.1440576682581237e-12,5.185264149054184e-12,3.870011691159264e-12,4.135280740063798e-12,9.104608145717872e-12,0.0019122891576899535,1.7283837622416057e-12,0.0,0.07401254397190823,0.25381093104902247,0.26202734532918986,1.1419421260028386e-12,0.17508227324848646,0.2331750804938499,-2.0463278764310193e-05
2023-01-18,1.2959528989361044e-12,2.175766128087252e-12,5.151979651012437e-12,3.805942573437615e-12,4.0542441240595205e-12,8.960757864243803e-12,0.0019497169014137154,1.7022806474274322e-12,0.0,0.07288595877806456,0.25248437955076475,0.2630334984189356,1.1199071941938268e-12,0.17142325243167972,0.23824345473531908,-2.026084444409124e-05
2023-01-19,1.3350041207004307e-12,2.2385084108672503e-12,5.303308387550158e-12,3.9053051450305865e-12,4.2398064762078625e-12,9.15214839521291e-12,0.002005799826997123,1.702037173220397e-12,0.0,0.07302283360685297,0.26308580812719085,0.2569856785912872,1.1353422840564822e-12,0.1654826539411133,0.23943790079444394,-2.0674916896868495e-05
2023-01-20,1.3438051930931495e-12,2.2955624554714736e-12,5.3864162723035046e-12,3.911958306251478e-12,4.343645199636915e-12,9.258839489132145e-12,0.002029804565160411,1.6922477674914917e-12,0.0,0.07291991054777426,0.26632979208510466,0.26030773132129276,1.1796472708265692e-12,0.16858550106228543,0.22984816443304254,-2.0904044072206664e-05
2023-01-23,1.350177773819879e-12,2.2670367194049662e-12,5.342566541816263e-12,3.884584884079905e-12,4.318858575395022e-12,9.117424315627393e-12,0.0020403152362725332,1.6624926510560823e-12,0.0,0.07564041435386541,0.2612592739346714,0.259723927023442,1.1303646824310993e-12,0.16810153993110605,0.23325547652549475,-2.0947033925667124e-05
2023-01-24,1.371683323506255e-12,2.289428214951959e-12,5.4430261307589985e-12,4.034592052984404e-12,4.449112846204731e-12,9.139681253679474e-12,0.002018827086041122,1.6682294858078913e-12,0.0,0.076879718894072,0.25865743343579106,0.2618362945505408,1.1577617816067959e-12,0.16937553123748297,0.2312533273503263,-2.1132583807905465e-05
2023-01-25,1.382107892611912e-12,2.238178066063495e-12,5.405300920057514e-12,4.019050660364886e-12,4.43507600861791e-12,9.130421645323708e-12,0.002028757618544504,1.6619522152326625e-12,0.0,0.0761485606134139,0.2552826052624553,0.26447824367456746,1.1410603547032975e-12,0.17145565465974927,0.2306272334186513,-2.1055276794803624e-05
2023-01-26,1.3777302079376144e-12,2.2562283008744614e-12,5.372622741378318e-12,4.055964961133749e-12,4.454890603530156e-12,9.077908325528017e-12,0.0020471850907676312,1.6781126402934724e-12,0.0,0.0774463408855578,0.2578405287380214,0.2599878984062021,1.1925705339181203e-12,0.1674292228910238,0.23526991222921048,-2.1088270249344254e-05
2023-01-27,1.3698433437002705e-12,2.2077196630958423e-12,5.313351713940586e-12,4.013094900519254e-12,4.4818715025292144e-12,8.908376716272308e-12,0.0020203842448047204,1.6070549564507199e-12,0.0,0.07543593692224777,0.25674835531676066,0.2570904409711565,1.1793030721022027e-12,0.16830270431562103,0.2404230565231565,-2.0878322827869498e-05
2023-01-30,1.3779685193667055e-12,2.230304195451753e-12,5.3514355898051875e-12,4.07468225606346e-12,4.47298905702936e-12,9.064505569955434e-12,0.0020582831784954447,1.6378157286053143e-12,0.0,0.07552503628784965,0.2587313509052867,0.2521161837887104,1.217005762445928e-12,0.16892413881628407,0.24266595521820047,-2.094822425345782e-05
2023-01-31,1.3605793665387032e-12,2.2410043773234457e-12,5.418160457462673e-12,3.786484119758848e-12,4.248802139347587e-12,8.909026493800369e-12,0.0020014633169383594,1.855215345867028e-12,0.0,0.08085126543117355,0.2500034286444435,0.2500034286471375,1.1461328828528397e-12,0.18079619677898712,0.23635793176585218,-1.3714613497675522e-05
2023-02-01,1.3609610261862213e-12,2.231857322675452e-12,5.422423209245385e-12,3.8441881484027705e-12,4.26960754728286e-12,9.017872069922491e-12,0.0019963444725590146,1.8270249307326283e-12,0.0,0.0795426269132324,0.25535817646545156,0.25240133223037753,1.1523619855207657e-12,0.18419439313633704,0.22652078380344684,-1.3657050530848094e-05
2023-02-02,1.374558494374248e-12,2.2120246831845494e-12,5.446219722695123e-12,3.847663745998863e-12,4.323393283652819e-12,9.085426430451064e-12,0.0020418909030480554,1.819794530144932e-12,0.0,0.08011496429254837,0.24976434497956704,0.24966477961280067,1.1547942474269656e-12,0.18882417594651532,0.22960355879726127,-1.3714561004648484e-05
2023-02-03,1.3629524688744973e-12,2.214722150060722e-12,5.579732600060554e-12,3.862975655378276e-12,4.317956426410322e-12,9.167906780731596e-12,0.0020686708299308145,1.813120861662801e-12,0.0,0.07993493768516198,0.2534057442798134,0.25111228838776395,1.167998369147867e-12,0.18676904529562777,0.2267230611896749,-1.374769746024442e-05
2023-02-06,1.3633196188352338e-12,2.1940035994990935e-12,5.5491611282113324e-12,3.8166714924609545e-12,4.32809812612712e-12,9.01964561602358e-12,0.0020475040713731738,1.8179310023317778e-12,0.0,0.07862459699217986,0.2592745670212933,0.25034936511783884,1.1371748415415658e-12,0.18647866685544998,0.22323892686498362,-1.362695234468707e-05
2023-02-07,1.3666068762490708e-12,2.1894238279446082e-12,5.5445804192796345e-12,3.770727781762355e-12,4.373266268165647e-12,8.872271526261332e-12,0.0020138192393824345,1.824679995266622e-12,0.0,0.07808277840715935,0.26185009973097145,0.2545315576573385,1.1518743560956065e-12,0.18517790039324789,0.2183574458673235,-1.3601324516703683e-05
2023-02-08,1.3269256266367574e-12,2.16541568227806e-12,5.568500812199266e-12,3.691318766844023e-12,4.3741017839217265e-12,8.692206962780119e-12,0.002000191433639928,1.8279417322365885e-12,0.0,0.07765499839136117,0.25799025115991836,0.255486121578774,1.1473543805640401e-12,0.18388738087670303,0.2229945415357944,-1.3485004984625631e-05
2023-02-09,1.3561255361209892e-12,2.184000245412137e-12,5.6507297149648305e-12,3.746145310569591e-12,4.447397704274906e-12,9.115244951105679e-12,0.002042009159960961,1.8033563903440093e-12,0.0,0.07652505182863382,0.26070272432108904,0.25086607392654353,1.147887803596138e-12,0.1816594538402348,0.22821838023321203,-1.3693339125115536e-05
2023-02-10,1.3408261653856138e-12,2.1660331058703606e-12,5.580961505111266e-12,3.644935637821571e-12,4.425127011809249e-12,9.235753401871701e-12,0.0020304551063908714,1.7725944237179926e-12,0.0,0.07461429090042998,0.25972450559104276,0.25260225246519447,1.1405123033060917e-12,0.18229285117903188,0.22874918082917362,-1.3536100570408264e-05
2023-02-13,1.3359610257346758e-12,2.13364024102046e-12,5.54493394520508e-12,3.5795446473747733e-12,4.389498502858217e-12,9.19856404684109e-12,0.0020594136588589634,1.7254759610115742e-12,0.0,0.07570934065027271,0.26078784441712716,0.25408491512333986,1.1430079333763698e-12,0.18510904331424055,0.22226286289713057,-1.3420090020393682e-05
2023-02-14,1.317097837035181e-12,2.1313449944972918e-12,5.410231725060741e-12,3.6266076943394204e-12,4.45044742536102e-12,9.139244588415656e-12,0.0020473272029468918,1.7222562293074861e-12,0.0,0.07579917186098517,0.2629457088901856,0.2531606080870632,1.1611025538314988e-12,0.18648710476750827,0.21957348263600793,-1.3403473655329724e-05
2023-02-15,1.3212574318177196e-12,2.0824751944562556e-12,5.354685618796175e-12,3.6329019769698627e-12,4.370670178372502e-12,9.091126476297725e-12,0.0020434285073192573,1.6857079184331568e-12,0.0,0.07492817382718339,0.2582367282806236,0.26061326800875606,1.135251883618778e-12,0.18819650251578876,0.21599517452028696,-1.3275688632190817e-05
2023-02-16,1.315245361814197e-12,2.0967400039205984e-12,5.4236559110404915e-12,3.6927757437642645e-12,4.479824570182171e-12,9.49020007502444e-12,0.0020625268420194584,1.6798473866489998e-12,0.0,0.07506871244711545,0.26369652932800647,0.2564639501975139,1.1896404760888823e-12,0.19230525492705378,0.21041637593229262,-1.3349703369585249e-05
2023-02-17,1.3190925285539765e-12,2.1346016025506897e-12,5.5460645429611e-12,3.674452562633175e-12,4.562913714594953e-12,9.344261300368946e-12,0.0020803525097777154,1.7231873523703585e-12,0.0,0.07404260707506856,0.2669572375485358,0.2563876731413525,1.2148420716645815e-12,0.19110789704921757,0.20943770901216757,-1.3476365639272363e-05
2023-02-20,1.2837410467360652e-12,2.1215331755562e-12,5.493241847162115e-12,3.5961931901825545e-12,4.5382327451009935e-12,9.394238810846424e-12,0.0020583533367813478,1.7164843924889495e-12,0.0,0.07210648026510647,0.273756491270507,0.25243198276581036,1.2195817182454793e-12,0.19233352459716113,0.20732653556511343,-1.3367829843010203e-05
2023-02-21,1.2842341360232367e-12,2.115561484728487e-12,5.380706151948295e-12,3.5637381688229145e-12,4.481024032541633e-12,9.290285244493303e-12,0.0020117231443218665,1.7349486367939553e-12,0.0,0.07283000268499468,0.2779808459597743,0.2497079967543791,1.1999667386132596e-12,0.1886673279883648,0.20881539754181622,-1.3294102701338046e-05
2023-02-22,1.2797229536918028e-12,2.1020328956421425e-12,5.425447674455739e-12,3.560380789741605e-12,4.410841191447845e-12,9.158496336124415e-12,0.0020191173906564017,1.7509629182245413e-12,0.0,0.07456934605513932,0.2838089696779889,0.25022302408477587,1.1760426130721844e-12,0.18319367106894674,0.2061990881188552,-1.3216425226463253e-05
2023-02-23,1.293797860799104e-12,2.149211565173114e-12,5.471219817098204e-12,3.6223292374990916e-12,4.415154440246179e-12,9.268516306864808e-12,0.0020497691663601183,1.7087535542212004e-12,0.0,0.07597929059285281,0.2862502631095005,0.24619568637206507,1.1306426786589341e-12,0.18274208273117276,0.2067961727440572,-1.3264745068081337e-05
2023-02-24,1.2872445759018507e-12,2.1595163598195176e-12,5.519670211314693e-12,3.662601635795058e-12,4.303521759351978e-12,9.143842713963702e-12,0.0020484550926800184,1.7286557834523854e-12,0.0,0.07680875219183508,0.2854966648055562,0.2457230879362166,1.1202787100716984e-12,0.18598125705897472,0.20395508893878958,-1.3306052977534675e-05
2023-02-27,1.2967077100645215e-12,2.162663166008059e-12,5.513582063852551e-12,3.6328718048410005e-12,4.230300485387455e-12,9.063101251827377e-12,0.0020383060404825406,1.6698402252435514e-12,0.0,0.07787778008195591,0.28800607621685176,0.24357854255194758,1.1208267005316656e-12,0.18404114312607084,0.20447144640596038,-1.3294451958882385e-05
2023-02-28,1.3606006902180334e-12,2.241039499463245e-12,5.41824537357929e-12,3.786543463429012e-12,4.248868728696644e-12,8.90916612051291e-12,0.0020014946848710296,1.8552444217284565e-12,0.0,0.08085253257258396,0.2500073468230335,0.25000734682572745,1.1461508456197792e-12,0.18079903030727593,0.23636163608540023,-2.9387327857939404e-05
2023-03-01,1.3669066220728685e-12,2.2541221270315763e-12,5.333261823246112e-12,3.82204936856256e-12,4.3065972943796845e-12,8.93764379999926e-12,0.0020743400586998814,1.8450986451465383e-12,0.0,0.08070285189039533,0.25078105637887993,0.24970584083113695,1.1227788601145385e-12,0.17979030406238214,0.23697510721586373,-2.950046634639102e-05
2023-03-02,1.385828932756287e-12,2.309527928850577e-12,5.422425818319193e-12,3.796753348367481e-12,4.280129789548525e-12,8.940375055470412e-12,0.0021293495865327555,1.845209938419334e-12,0.0,0.08027277082707819,0.2544882864308933,0.2532487622274091,1.1216910764997821e-12,0.1824978079785852,0.22739258274397614,-2.9559823576643504e-05
2023-03-03,1.3833259286257075e-12,2.3232270908077563e-12,5.359010295320617e-12,3.750178590170234e-12,4.171932974322835e-12,9.098482759686176e-12,0.002103143841299585,1.846722622098753e-12,0.0,0.08194827875289239,0.2532191063919376,0.2503241625257521,1.122344804888711e-12,0.18631446722073788,0.2261203129106202,-2.9471672295142397e-05
2023-03-06,1.3575657994663833e-12,2.2649028139763584e-12,5.237410724788201e-12,3.7509875534686984e-12,4.1158919727544e-12,8.941426628583124e-12,0.002062996652388186,1.831397677657988e-12,0.0,0.08083100503114952,0.256316781824532,0.25440829244674223,1.0804526401416023e-12,0.18567862087980486,0.22073148348591443,-2.918034911126023e-05
2023-03-07,1.348170581413037e-12,2.2616374499834812e-12,5.201713285275123e-12,3.743973779596999e-12,4.1309703052458065e-12,8.93529695348723e-12,0.0020359578808520746,1.8071059338094103e-12,0.0,0.07941446764945555,0.26332101544694503,0.24993689329544394,1.0533448958019322e-12,0.18597252460046504,0.21934818186129496,-2.9040762938717912e-05
2023-03-08,1.3410263279481534e-12,2.286025930278605e-12,5.214754091963463e-12,3.708660846838537e-12,4.0959277929338765e-12,8.848284178778544e-12,0.0020532154000008538,1.7933507432287959e-12,0.0,0.07910070304322386,0.2559528056485471,0.25832816460684627,1.0322750112901693e-12,0.18485118725615773,0.2197428586218639,-2.893460495997776e-05
2023-03-09,1.3375178766929644e-12,2.2796328266433377e-12,5.23938168005757e-12,3.774327365201112e-12,4.135035692008688e-12,9.018271181039132e-12,0.002024787274515019,1.801971876724517e-12,0.0,0.07956074210149493,0.2617592024654069,0.2574750886513668,1.0253958213572915e-12,0.18673843765075743,0.21247067390642085,-2.893207857342836e-05
2023-03-10,1.3337979928665221e-12,2.275360574418366e-12,5.1847888309058865e-12,3.818335133873894e-12,4.079928365040599e-12,8.998933291380353e-12,0.002032034890836373,1.8358896319878743e-12,0.0,0.08069302882485115,0.26465912171061134,0.2579509943583627,1.0055955522263977e-12,0.1818272257177054,0.21286650504908025,-2.8910579979968476e-05
2023-03-13,1.3239321657068403e-12,2.2913571314395805e-12,5.214910213724818e-12,3.8018794817218935e-12,4.0138399585088525e-12,9.038467377427951e-12,0.0019998905100540114,1.8123771287103398e-12,0.0,0.08035639932913455,0.269134395250646,0.2574208196435094,9.958405879654921e-13,0.1764366442920085,0.21468068984453684,-2.8838898381839177e-05
2023-03-14,1.3233608977821578e-12,2.310190030609366e-12,5.231590718023196e-12,3.8656022124773746e-12,4.034646337393875e-12,9.096084196902187e-12,0.002027419930934618,1.8799034347542584e-12,0.0,0.0808276687274694,0.27110721924121506,0.25700645141102035,9.864309635849167e-13,0.1759465653394566,0.213113710121294,-2.90348001178682e-05
2023-03-15,1.346063954448139e-12,2.3101514895367314e-12,5.365124917748502e-12,3.941843592522629e-12,4.080165363490814e-12,9.196714838017155e-12,0.002034484263150327,1.9080744366817977e-12,0.0,0.08083907331077847,0.2673381289376733,0.26297508417941173,1.003212680857452e-12,0.17430246604475616,0.21254010914779745,-2.934591271881879e-05
2023-03-16,1.3390301643496896e-12,2.2999583367365826e-12,5.362261399401987e-12,3.941579420870726e-12,4.060173299787309e-12,9.135166152142467e-12,0.0020344602781674245,1.918562310713854e-12,0.0,0.0825533156603238,0.2703994653296903,0.2567454970663392,1.0157236855636142e-12,0.17680349954477548,0.21149318769064776,-2.9425599016396937e-05
2023-03-17,1.3307097968425615e-12,2.318670780090486e-12,5.405150666663631e-12,3.9224250391178625e-12,4.021076939151409e-12,9.199444801836227e-12,0.002044684765763598,1.9229071325954186e-12,0.0,0.08181275165316136,0.27072725314161233,0.2612151235568991,1.0179364001634582e-12,0.17285887644687384,0.21137096626538834,-2.965585883686637e-05
2023-03-20,1.3159291596742823e-12,2.3226636998468474e-12,5.418599288267893e-12,3.844242284737317e-12,4.054515360488576e-12,9.060430348997472e-12,0.002085954667541181,1.920023138347321e-12,0.0,0.0803025719177449,0.27205583160660085,0.2593106910692616,1.0155322138999495e-12,0.17782256774771552,0.20845200306639497,-2.9620104210942848e-05
2023-03-21,1.3126654223122007e-12,2.348935996986167e-12,5.418184050727697e-12,3.76222754832754e-12,4.0674414189109384e-12,8.899431761395833e-12,0.002119440744615091,1.8922357985005934e-12,0.0,0.08190174505767783,0.2678051020380191,0.25868898096725335,1.0261713621090766e-12,0.1798776474202954,0.2096366077983674,-2.9524054955485753e-05
2023-03-22,1.3093873118963678e-12,2.312860155332012e-12,5.320620455993736e-12,3.694514272813739e-12,4.052111513887166e-12,8.815743561408684e-12,0.002098000276919779,1.886835189304893e-12,0.0,0.08115123598657333,0.2650225527319697,0.26228536694845966,9.84854492157652e-13,0.18242717244227924,0.20704477182831263,-2.9100242891427324e-05
2023-03-23,1.3236300883648169e-12,2.366812152956977e-12,5.386480456995857e-12,3.734917846673528e-12,4.089814107814566e-12,8.816926905025652e-12,0.0021106161139728416,1.8797144268754563e-12,0.0,0.07871711643128448,0.26860192262610744,0.2634594147144428,9.854807149250653e-13,0.18436612212807094,0.20277408365891422,-2.9275701376585682e-05
2023-03-24,1.3512343082050252e-12,2.3705212338766587e-12,5.392188566335188e-12,3.703408487417311e-12,4.102029866260698e-12,8.998133618695109e-12,0.002146008945238236,1.9077595195435306e-12,0.0,0.07850129054625814,0.2630470538469712,0.2633260651817701,9.842720616910385e-13,0.18844227110307496,0.20456665580520222,-2.9345457324430876e-05
2023-03-27,1.3484293914329883e-12,2.358417848003012e-12,5.274439297380249e-12,3.565617692441795e-12,4.100414863625128e-12,9.000141405840387e-12,0.0020708878514436053,1.915714056947331e-12,0.0,0.07737511620657046,0.2653977814240188,0.2647892565239904,9.788772042485329e-13,0.1868949653689714,0.2035008320493155,-2.8839452852165028e-05
2023-03-28,1.3544380158076857e-12,2.3766553084375014e-12,5.266533612703743e-12,3.581664115854455e-12,4.116369077215658e-12,9.001912810040378e-12,0.002092215785829018,1.9230659394873885e-12,0.0,0.07607030441121831,0.2671763298844786,0.2676539150237699,9.8192599107192e-13,0.18791751399337323,0.19911879296435767,-2.9072091629294815e-05
2023-03-29,1.3607736923470067e-12,2.3954252371201497e-12,5.301808586754934e-12,3.6293797235077115e-12,4.1323001023305686e-12,9.070262352679573e-12,0.002099716820907754,1.944719913268458e-12,0.0,0.07513266822061561,0.27447643390458304,0.256962699700937,9.811242421399347e-13,0.19225104875680543,0.19910653684069665,-2.9104273361234e-05
2023-03-30,1.3550828362300737e-12,2.3977743527454705e-12,5.280008778709242e-12,3.629675699077197e-12,4.097003745198967e-12,9.197191195075786e-12,0.002139641606423602,1.940736189010173e-12,0.0,0.07451435430328848,0.2736385681849882,0.2591417026554076,9.637618742940747e-13,0.18955995543853366,0.20103486588821973,-2.9088105722616473e-05
2023-03-31,1.3606052708259035e-12,2.241047044162614e-12,5.4182636146823396e-12,3.7865562112329154e-12,4.248883032968043e-12,8.909196114174342e-12,0.0020015014231171374,1.8552506676073978e-12,0.0,0.08085280477128978,0.25000818849952877,0.2500081885022228,1.1461547042592915e-12,0.18079963898656523,0.23636243182214964,-3.275403383928977e-05
2023-04-03,1.3416907832816634e-12,2.2338964585410756e-12,5.356604134342448e-12,3.78059451790069e-12,4.280288423421256e-12,9.014522357511764e-12,0.0020216905823419594,1.8456125454609814e-12,0.0,0.0812984437649403,0.2427026641957336,0.25222330235977924,1.1160476156895926e-12,0.18738726166713346,0.23439935000348014,-3.27126023779851e-05
2023-04-04,1.3291192111590793e-12,2.199628237948568e-12,5.27984279067945e-12,3.849915549333651e-12,4.296599269295228e-12,8.769262990414664e-12,0.002047321403609038,1.862851057143931e-12,0.0,0.08108219840517866,0.2408591737596122,0.2587044440048656,1.0924282866842004e-12,0.18651943718337435,0.23081988156013433,-3.245634545378438e-05
2023-04-05,1.2961769332349385e-12,2.2228515232233074e-12,5.1533544796185894e-12,3.815956902355507e-12,4.15828602228546e-12,8.626154832557839e-12,0.0020358501769398725,1.8204545225349523e-12,0.0,0.07984350454132579,0.24265421942372822,0.2617101065168648,1.0692230080337018e-12,0.18471862803585307,0.22906977121874178,-3.207994161608919e-05
2023-04-06,1.3210995557499423e-12,2.2528045974112653e-12,5.232908160773873e-12,3.8562365461200404e-12,4.219962029405497e-12,8.887569985019296e-12,0.0020812632151759455,1.8633615440790908e-12,0.0,0.0807328297395158,0.2472205244300374,0.26041838445547566,1.1079294609476579e-12,0.1777534811871767,0.2318260170630796,-3.250011920314771e-05
2023-04-07,1.3080128224540825e-12,2.176302610493149e-12,5.148238969892748e-12,3.7481457971586475e-12,4.115557492068104e-12,8.812515024783116e-12,0.002044468877385275,1.7729735972128407e-12,0.0,0.08029800506596353,0.2439908007808108,0.26269166112359243,1.1176649754794973e-12,0.1730944178611198,0.23791247499450155,-3.1828731572825005e-05
2023-04-10,1.320178616144714e-12,2.1747001603016113e-12,5.159675575688064e-12,3.684540904134531e-12,4.234408886360452e-12,9.075505496108748e-12,0.002035083887775379,1.7836277262911587e-12,0.0,0.0798390778662157,0.2392748222596947,0.2642155992206457,1.1218298277605503e-12,0.17349226946460367,0.241175258243449,-3.211097093865972e-05
2023-04-11,1.3329840717419296e-12,2.159949860643625e-12,5.150054255129643e-12,3.701627135805642e-12,4.247383162403587e-12,8.971487002824343e-12,0.0020304249836496746,1.7910709622213239e-12,0.0,0.08111942977277589,0.24397076339592075,0.26009607419423425,1.1217955366532152e-12,0.17492716701073774,0.23788812467792733,-3.198406372215552e-05
2023-04-12,1.3456610576899364e-12,2.1742637666569463e-12,5.093752113572861e-12,3.739815436813776e-12,4.211802634897592e-12,9.12563019376533e-12,0.0020223140174628826,1.7961582449957373e-12,0.0,0.08216881245949828,0.24095868643690496,0.25698658861747725,1.1158645837355264e-12,0.17711967973243467,0.2407760543275277,-3.213561990865301e-05
2023-04-13,1.3290935293229967e-12,2.1392227126191465e-12,5.08713835282862e-12,3.715977199354846e-12,4.303699246422266e-12,9.091195505015768e-12,0.0020630950474128727,1.7589833597689368e-12,0.0,0.08040745347992588,0.2445909720128498,0.26352031252664193,1.0961068031063389e-12,0.17492879314321247,0.23452136222492675,-3.1988463491185515e-05
2023-04-14,1.3073228329733675e-12,2.156450448105679e-12,5.103489003347542e-12,3.7195191375969685e-12,4.234163050976996e-12,9.290579036573163e-12,0.0020509628774749286,1.7739589895288134e-12,0.0,0.08025015012442427,0.24599827421943415,0.2652546842432483,1.1002756476047906e-12,0.17670137055925508,0.2297765639776873,-3.200603020998928e-05
2023-04-17,1.3174906370774248e-12,2.1717368962757728e-12,5.146741354268795e-12,3.744894746172553e-12,4.193767801832044e-12,9.188837147958381e-12,0.002001765875955308,1.8054556833844343e-12,0.0,0.08180123006291225,0.24874973487596336,0.25730162345760055,1.0872090003800394e-12,0.17836161534398964,0.23181621889638915,-3.2188541466367075e-05
2023-04-18,1.310682365826901e-12,2.1732164448358164e-12,5.131878646265734e-12,3.7388887951412224e-12,4.148914419492288e-12,9.277266016701348e-12,0.0019843583849291327,1.7663305596101843e-12,0.0,0.08112987141335995,0.25204853745549455,0.25640883519868146,1.0807003089246378e-12,0.1738342920096149,0.23462618887553796,-3.208336624592865e-05
2023-04-19,1.2951405101540713e-12,2.1586287098854345e-12,5.18428546762619e-12,3.7394623830705965e-12,4.044007467740794e-12,9.016107568922245e-12,0.0019716031150465276,1.7263694506045383e-12,0.0,0.08073815732056165,0.2513455368119491,0.25197847454860856,1.1076975804906216e-12,0.18185264992057953,0.23214547132705074,-3.189307206780431e-05
2023-04-20,1.3102201468075788e-12,2.1787108256251492e-12,5.212853543940698e-12,3.734757566545236e-12,4.024220323334899e-12,8.959692988962074e-12,0.001999139018822131,1.7281910917108265e-12,0.0,0.08198952773922132,0.2533415560730826,0.25991611721007546,1.1245610087549791e-12,0.17848615909518525,0.22429965161507492,-3.215077973493662e-05
2023-04-21,1.2970837328034388e-12,2.157948303961925e-12,5.249110733913201e-12,3.722552839561839e-12,4.066826040990731e-12,8.780134097166558e-12,0.0020189368985296537,1.7405137170544457e-12,0.0,0.08342138778451517,0.2529716645067937,0.26086529089858235,1.1042768797156446e-12,0.18210497816510207,0.21864978161286974,-3.2039894511162125e-05
2023-04-24,1.3165332819177823e-12,2.1913355868166055e-12,5.230964113857018e-12,3.834517706104702e-12,4.107594059465941e-12,8.917665923466305e-12,0.001991668062811892,1.8057837802144601e-12,0.0,0.0853696421579581,0.2507300796187035,0.2600503104142665,1.1278611768583894e-12,0.18689496218870547,0.21499559780800373,-3.2260278981570483e-05
2023-04-25,1.3182340019234264e-12,2.1948260169032177e-12,5.1321056649684745e-12,3.8703381109528e-12,3.999384657296035e-12,8.768591505715326e-12,0.001987002087346338,1.768386820349497e-12,0.0,0.08494644461682767,0.2478115585952947,0.26143068582085305,1.1137042069300404e-12,0.1860778284063485,0.21777844667617904,-3.1966231014973046e-05
2023-04-26,1.340932282668579e-12,2.2337585451555262e-12,5.1177679646231985e-12,3.931647946079344e-12,3.9954539758128174e-12,8.709240102638552e-12,0.002004629147275085,1.7629725055321304e-12,0.0,0.0868745962361218,0.24257060396977417,0.2603542793380884,1.0960635537396649e-12,0.18636403026146944,0.2218641301725908,-3.226915350760837e-05
2023-04-27,1.3415047974100485e-12,2.2265317473229204e-12,5.204027858906532e-12,3.83844786408998e-12,4.066973792792474e-12,8.673242764469397e-12,0.0020083088465040824,1.754911343940126e-12,0.0,0.08546901051953301,0.24334607543665168,0.26346729939992997,1.068356554629654e-12,0.18380817442254352,0.22193348192245585,-3.2350575792246456e-05
2023-04-28,1.3605791331795716e-12,2.2410039929586316e-12,5.418159528169425e-12,3.7864834703218015e-12,4.248801410616282e-12,8.90902496577287e-12,0.002001462973658318,1.855215027670639e-12,0.0,0.08085125156400669,0.2500033857652228,0.25000338576791675,1.1461326862743962e-12,0.18079616576981225,0.23635789122703244,-1.354309661444407e-05
2023-05-01,1.3401260971178409e-12,2.2333691796281706e-12,5.334692023519834e-12,3.8359377017500345e-12,4.198519249784528e-12,8.909201181088618e-12,0.001996137259398127,1.829496620566373e-12,0.0,0.08018706374611986,0.2487233301415902,0.244310773895601,1.1342878133012904e-12,0.1824292146678261,0.24236683721223812,-1.3356951588991128e-05
2023-05-02,1.3407851055578427e-12,2.258432706031217e-12,5.258902594391915e-12,3.8380727520962174e-12,4.235170333434277e-12,8.741850165462924e-12,0.001968481759955504,1.860818180157939e-12,0.0,0.07794789568428208,0.2530317827305657,0.24744480885968267,1.134676885341037e-12,0.18097344321423955,0.238646841613673,-1.3253891067170784e-05
2023-05-03,1.3230235908120964e-12,2.258199043256823e-12,5.189075915958114e-12,3.871384606769993e-12,4.122977942529251e-12,8.60217855377439e-12,0.0019278206844622083,1.8034926728672327e-12,0.0,0.07722741508142279,0.25120128636802813,0.2525107342798128,1.1261508216207522e-12,0.18189942658999683,0.23524635795257356,-1.304098459271028e-05
2023-05-04,1.337007630404637e-12,2.3010559296666884e-12,5.191980870295757e-12,3.8077219440689165e-12,4.074659198234208e-12,8.58958604704398e-12,0.001929935979742527,1.812225845839196e-12,0.0,0.07685369516799173,0.24739089376773046,0.25297569727633396,1.1571354711736926e-12,0.18438268629527038,0.23648006207238803,-1.297058772838162e-05
2023-05-05,1.3456686495388215e-12,2.285102825747457e-12,5.1471695914563196e-12,3.7632350390006676e-12,4.055829154475526e-12,8.516837816131664e-12,0.0019554238840605092,1.7945862018934996e-12,0.0,0.07893562844409392,0.2448621879198474,0.2528934985297838,1.162937975456288e-12,0.18005085886813782,0.24131532861799118,-1.2926291985971466e-05
2023-05-08,1.3840902604895975e-12,2.373203910663146e-12,5.224163362754514e-12,3.8522271039930734e-12,4.149124840967722e-12,8.738294850530415e-12,0.0019603140109025817,1.8380275199046023e-12,0.0,0.08117306446481426,0.24178715348015212,0.25056204996895876,1.2064654801559848e-12,0.18231743138648876,0.2422131998562876,-1.3213196369617997e-05
2023-05-09,1.4016991965742098e-12,2.3828269273805395e-12,5.27738251591928e-12,3.847930205771312e-12,4.2876739064020745e-12,8.677944652694011e-12,0.0020082212178422912,1.838094055455529e-12,0.0,0.08185999014330318,0.24326030776390242,0.2463705067348626,1.1881954292477935e-12,0.1824316126937584,0.2440825813445591,-1.3219927129827458e-05
2023-05-10,1.3666400805847606e-12,2.404174511081306e-12,5.2405244295301315e-12,3.7829879762617855e-12,4.329750406864164e-12,8.661702141851868e-12,0.002038031738575725,1.846701326981805e-12,0.0,0.08154706987617383,0.2448114163185961,0.2443098570838412,1.168823024994778e-12,0.18421036667616572,0.24309645296954951,-1.3194691703261425e-05
2023-05-11,1.3663558941611539e-12,2.429476962367315e-12,5.231630659429875e-12,3.781975820589018e-12,4.296448598403149e-12,8.706192509893184e-12,0.0020469254290633575,1.869658452903742e-12,0.0,0.08094592251057424,0.2478912618848983,0.24529669356981448,1.1500328584701392e-12,0.18856432702916648,0.23526805469735446,-1.318514970300647e-05
2023-05-12,1.3627071409295412e-12,2.3744348531541612e-12,5.2850316765032755e-12,3.678110437696272e-12,4.313472513334798e-12,8.61128177171099e-12,0.00201676302847647,1.8561814213970823e-12,0.0,0.07903160133079273,0.24223815978126795,0.24557932970310173,1.1048085754395021e-12,0.18475931525626224,0.2463878815062586,-1.3050634745767753e-05
2023-05-15,1.3564040258016281e-12,2.41304528555147e-12,5.27585150748213e-12,3.716778236289829e-12,4.368079134162986e-12,8.777000101826262e-12,0.002020831185157917,1.9175715756928393e-12,0.0,0.07970094608456213,0.24437868573345525,0.24210695206137386,1.1046588474490636e-12,0.18621661529784905,0.24558907717090397,-1.3107562231514398e-05
2023-05-16,1.38201926419787e-12,2.382865512049829e-12,5.3215262868066644e-12,3.7382923131166364e-12,4.350012743957381e-12,8.645451472205764e-12,0.0019920586568853878,1.8961068000426275e-12,0.0,0.07815969854618113,0.23760693107789913,0.24666863105024733,1.1124621902391997e-12,0.1881807243003185,0.24740500781759855,-1.3051477958743195e-05
2023-05-17,1.3871665663945292e-12,2.423347715629802e-12,5.2980693717640815e-12,3.751208913725681e-12,4.3993892072991324e-12,8.518448456164983e-12,0.002080098550864343,1.9013176481279514e-12,0.0,0.07987518344044661,0.24171216624381267,0.2474332714204089,1.1177714283035522e-12,0.18348544037109063,0.24542691680657394,-1.3076861993765498e-05
2023-05-18,1.3713038902404423e-12,2.394766388268746e-12,5.281031792542877e-12,3.6854937000414346e-12,4.255495960258612e-12,8.494816478409915e-12,0.0020863219156805612,1.894615786027772e-12,0.0,0.07987157586761302,0.2510583985269603,0.24396316541913468,1.074683513276362e-12,0.1786435985624194,0.2443898015933787,-1.2861913638860259e-05
2023-05-19,1.3727756775637838e-12,2.4384850884016435e-12,5.390433105288637e-12,3.812537244749248e-12,4.394973797317746e-12,8.731787675907174e-12,0.0020591751770719607,1.9513653388894487e-12,0.0,0.08153140870808243,0.2481182303525721,0.24481234927267553,1.0704069397007069e-12,0.1749886696719837,0.24850323812639905,-1.3071337947450883e-05
2023-05-22,1.3478156106626276e-12,2.476502642477973e-12,5.323201434222068e-12,3.8279421020405e-12,4.265461684599698e-12,8.580647802108605e-12,0.002040099196490287,1.905974910374293e-12,0.0,0.08040465136595763,0.2445966793702751,0.24984149713282996,1.066313017638559e-12,0.1746879443146609,0.24844205716296966,-1.2928571977388883e-05
2023-05-23,1.3574427756641641e-12,2.4778291252104723e-12,5.312216509435975e-12,3.840760849465741e-12,4.331707998022157e-12,8.71749617775188e-12,0.002036567432402217,1.9296884207987532e-12,0.0,0.08057584540489578,0.24311735115944713,0.24948947573283808,1.0932406862225673e-12,0.17528230638395287,0.24951139728075958,-1.294342335592986e-05
2023-05-24,1.3323667952085394e-12,2.4581203851229413e-12,5.272886728320566e-12,3.78603756076542e-12,4.3122473181078665e-12,8.628558906553533e-12,0.0020291874976453824,1.923983367126148e-12,0.0,0.07970793080672821,0.24230575646715674,0.25331287336526803,1.0931896344364725e-12,0.17238975932362566,0.25026737037956315,-1.2877868794534069e-05
2023-05-25,1.363152362493644e-12,2.4980273417159305e-12,5.34076346039019e-12,3.844077626269456e-12,4.4182772524712425e-12,8.808824930630682e-12,0.002059090241902978,1.9669090402340545e-12,0.0,0.07840426825815645,0.24465869971244641,0.25542652975083247,1.0905634194963497e-12,0.17624862830508517,0.24321574738722282,-1.2963684976900176e-05
2023-05-26,1.345503772547711e-12,2.466111202667458e-12,5.205079536506311e-12,3.879291089127028e-12,4.311351087793468e-12,8.674246418153822e-12,0.0020681311541253175,1.969553173826313e-12,0.0,0.07862589067396249,0.243925256128238,0.2634521732352751,1.0899454571777536e-12,0.17446458013326208,0.23747682691487748,-1.2858268681500327e-05
2023-05-29,1.3277473051537449e-12,2.4303824056524864e-12,5.249626869196752e-12,3.856325090531751e-12,4.3144822371655845e-12,8.788965943243003e-12,0.00199021878355999,1.9931835521274478e-12,0.0,0.07868518910060536,0.23922706610344024,0.25856260380905177,1.0928359159859375e-12,0.180977939737468,0.24056975832709263,-1.2775890271507377e-05
2023-05-30,1.3534712280718091e-12,2.443510422049382e-12,5.254141799479912e-12,3.8501304087964795e-12,4.3208274987863754e-12,8.621635685530239e-12,0.0019855353612916364,1.9922501499561362e-12,0.0,0.07944430480157144,0.24246363069344945,0.26047367813233124,1.0899914885173543e-12,0.1758504535160363,0.23979526446081043,-1.2866994416369558e-05
2023-05-31,1.3605725217144265e-12,2.2409931032430475e-12,5.418133199695028e-12,3.786465070654427e-12,4.248780764406333e-12,8.90898167412845e-12,0.0020014532479449305,1.8552060126202137e-12,0.0,0.08085085868334387,0.25000217092322585,0.25000217092591975,1.1461271168693375e-12,0.18079528722661017,0.23635674269261678,-8.683728626652453e-06
2023-06-01,1.3644908021866639e-12,2.217234280184042e-12,5.248961100467167e-12,3.7516177271640855e-12,4.210949895498438e-12,8.821180817696514e-12,0.001970687229466826,1.8480142392837745e-12,0.0,0.08026370267937495,0.2499481012773515,0.24649641689343174,1.1286241971976196e-12,0.18408558101696082,0.23724413095369376,-8.620078870638499e-06
2023-06-02,1.375228821965182e-12,2.2449420431028322e-12,5.279364961073365e-12,3.7921073991670435e-12,4.130881445354365e-12,8.846022826077158e-12,0.0019662743541830367,1.892423448823076e-12,0.0,0.07950332665535301,0.25154228693352293,0.2472845942329694,1.138069138094993e-12,0.18074649231358925,0.238965644340232,-8.618858548565265e-06
2023-06-05,1.3692512689136224e-12,2.246479930477965e-12,5.2268708325415155e-12,3.758706556438526e-12,4.1810464062358006e-12,8.70884678798574e-12,0.0019364005339852796,1.887262187777004e-12,0.0,0.07825931272757809,0.25148816592690343,0.24055358624265485,1.115874136887103e-12,0.18716560335477525,0.24060552941182678,-8.598226217929107e-06
2023-06-06,1.3572439202138559e-12,2.2521537572847902e-12,5.250093086202871e-12,3.7953321865169174e-12,4.167846112003184e-12,8.80387093804913e-12,0.0018802019297893058,1.8561725686905535e-12,0.0,0.07854365395781497,0.2474174173369805,0.2412635916904046,1.1021318047249363e-12,0.1859680951035186,0.2449356216142894,-8.581661382213698e-06
2023-06-07,1.3783022915973463e-12,2.2448039014230367e-12,5.226117357195512e-12,3.8037045568776355e-12,4.1955899326945474e-12,8.790834549801438e-12,0.0019200280869114779,1.8784948394441628e-12,0.0,0.07754882797132859,0.25389712800822845,0.23143938785291085,1.1263191081756747e-12,0.19050205942048973,0.24470120753140048,-8.638899913747717e-06
2023-06-08,1.3953596112236528e-12,2.2442099442035175e-12,5.231745635846945e-12,3.8201643425014816e-12,4.359966049384017e-12,8.946704730496682e-12,0.001939193474866929,1.855210336096212e-12,0.0,0.0766164327132752,0.2574385747709843,0.2321402558597642,1.1048624258188318e-12,0.19091984296490874,0.24095434036151545,-8.640174272970888e-06
2023-06-09,1.3798678822680542e-12,2.196920307018179e-12,5.168106761229089e-12,3.805160003499237e-12,4.303123375852919e-12,8.79172934899767e-12,0.00192050737756621,1.8504589964625633e-12,0.0,0.07598310002096556,0.2597137510664205,0.2315253961662474,1.0925138239458814e-12,0.1907977948212965,0.24006798088598438,-8.53036706832806e-06
2023-06-12,1.382472941859938e-12,2.1407971907298167e-12,5.055320719988305e-12,3.829350091296686e-12,4.202987058224342e-12,8.79232615682033e-12,0.0019017785700970202,1.8152248846161606e-12,0.0,0.0758435259428452,0.2672681427125571,0.22796678050655259,1.1146689515377865e-12,0.19109536465448224,0.2359328919572814,-8.484372148491059e-06
2023-06-13,1.3987172598888971e-12,2.1620912704999085e-12,5.078643785771405e-12,3.857384749339303e-12,4.190379691182666e-12,8.736746157823776e-12,0.0019296034573909114,1.8173679501901285e-12,0.0,0.076509828205133,0.2696112665736838,0.22346848042408782,1.144955307192802e-12,0.19238623124740542,0.2361031081092282,-8.51804531535518e-06
2023-06-14,1.4024989204494744e-12,2.164379260566227e-12,5.114022038183189e-12,3.876235627228095e-12,4.221637891137333e-12,8.877217805184517e-12,0.0019502847815957235,1.8111268734784483e-12,0.0,0.07840293877790454,0.2682840110530648,0.22145273081165248,1.108945699172451e-12,0.19337996007369462,0.2365385792374535,-8.504763941689906e-06
2023-06-15,1.3739756186165754e-12,2.1610826389748806e-12,5.0557170399881776e-12,3.9717728869035064e-12,4.167296549865997e-12,8.77498683650989e-12,0.0019158111740173898,1.8330121457143564e-12,0.0,0.0770669478781443,0.26977290704932294,0.21504259987387533,1.1146314157460743e-12,0.19850704537419617,0.23770313973387222,-8.451111880784638e-06
2023-06-16,1.391119045168198e-12,2.1941558457052755e-12,5.182347985100418e-12,4.053060215279022e-12,4.216891443588573e-12,8.934850918798098e-12,0.001905370106361227,1.8654255785007753e-12,0.0,0.07713908455971023,0.2580254853770124,0.21795460374755665,1.1094878209924165e-12,0.20389800201351935,0.24108595778196149,-8.503615068714784e-06
2023-06-19,1.4130099758787017e-12,2.181139193695053e-12,5.2672755417792626e-12,4.1723345921066e-12,4.2780598479801275e-12,9.072356618959236e-12,0.0019197255820397581,1.8613021782512627e-12,0.0,0.07573713823920193,0.25765076877549287,0.21258137564017845,1.1017175937640939e-12,0.20740304626710873,0.24471649043867932,-8.544972048355182e-06
2023-06-20,1.4284665129860915e-12,2.2078018321459477e-12,5.214264445786756e-12,4.198286679683892e-12,4.287491869796897e-12,9.091023827673036e-12,0.0019558184384062967,1.858196725976009e-12,0.0,0.07406937335526928,0.2591775737236393,0.21092833844545986,1.1151590592827853e-12,0.2060165482637063,0.2478609803214712,-8.632577352810017e-06
2023-06-21,1.4272599893828266e-12,2.246404464730581e-12,5.24529383771938e-12,4.112193753087731e-12,4.22431328051704e-12,9.103505278389684e-12,0.0019326170528448869,1.7813326489673698e-12,0.0,0.07495540651050019,0.2615745195088774,0.20894222057989037,1.1244936884666416e-12,0.20355498875446487,0.24904888294269473,-8.635378537195497e-06
2023-06-22,1.4058518386325641e-12,2.2664439913396493e-12,5.123879482711282e-12,4.144158342228851e-12,4.199915838711316e-12,8.990142182900732e-12,0.0019249845748594379,1.7887526286339429e-12,0.0,0.07485982741506751,0.256235899075216,0.20787336919914964,1.153340154863316e-12,0.20730170464753633,0.25181279383348415,-8.578774385547477e-06
2023-06-23,1.4247218890344934e-12,2.2959332907320287e-12,5.2186847479157586e-12,4.146967777683909e-12,4.155478464974382e-12,9.052118613630696e-12,0.001915231889127292,1.7726945599671845e-12,0.0,0.07822232549182831,0.2583790423502696,0.21043356893293036,1.1356151155632877e-12,0.20158898618502058,0.24946947246784648,-8.627346224707348e-06
2023-06-26,1.4764386458105662e-12,2.355389822646084e-12,5.3704118446912584e-12,4.276176743477143e-12,4.2185597113465245e-12,9.420967096012371e-12,0.0019417581892475504,1.848893808421807e-12,0.0,0.07777488365856731,0.2610434947701795,0.20873748291617697,1.185153798347239e-12,0.20608925967602668,0.24442193967862771,-8.818918977750731e-06
2023-06-27,1.4849258042937385e-12,2.347782250087043e-12,5.296257936366826e-12,4.36840214308262e-12,4.233790626113631e-12,9.407424058190549e-12,0.0019358528958617347,1.813576632312479e-12,0.0,0.07951958076594781,0.2596817329583201,0.2093378878388473,1.1455525644626013e-12,0.20165674306400927,0.2478770389335691,-8.836486653115302e-06
2023-06-28,1.485979318646875e-12,2.3827095951872627e-12,5.358045166603042e-12,4.344799601240383e-12,4.246461004204335e-12,9.343876045096855e-12,0.001984198263880143,1.838214526655871e-12,0.0,0.07955989635728494,0.2650745335332525,0.21084759300914777,1.1739146472176026e-12,0.19311959935676035,0.2494229890157697,-8.80956626933979e-06
2023-06-29,1.4676230101359718e-12,2.4068997489225258e-12,5.4068394316398645e-12,4.314116792720377e-12,4.293615864613087e-12,9.486933363457173e-12,0.001971589105934721,1.8886600667418215e-12,0.0,0.0787188304950529,0.26684487386350886,0.20807823817140003,1.1672272534896637e-12,0.19665982312970146,0.24773538678620777,-8.741582237568881e-06
2023-06-30,1.360604700305004e-12,2.241046104460113e-12,5.418261342728307e-12,3.786554623476714e-12,4.248881251351711e-12,8.909192378423282e-12,0.00200150058385948,1.8552498896747363e-12,0.0,0.08085277086857318,0.25000808366758404,0.250008083670278,1.1461542236605265e-12,0.18079956317473728,0.23636233271206222,-3.233470606003127e-05
2023-07-03,1.366695087369629e-12,2.2611264670400705e-12,5.481061943065927e-12,3.7513660881244436e-12,4.278936875616572e-12,8.846924563368874e-12,0.0019649039424007525,1.8342651061439882e-12,0.0,0.08166434663916246,0.25517044322430543,0.24428061052299835,1.1555519532417991e-12,0.17728615267044365,0.23966592535762696,-3.238238591352222e-05
2023-07-04,1.3519586365620156e-12,2.2261029657774238e-12,5.5014473478870485e-12,3.7080616599704134e-12,4.241990039465926e-12,8.55400097548161e-12,0.00198052981912125,1.8468198877364334e-12,0.0,0.07935597529393977,0.2589579540515045,0.24042029905382906,1.1411019043414655e-12,0.18390871436337067,0.23540874378828458,-3.221639862131355e-05
2023-07-05,1.3624671833515298e-12,2.2405233924668078e-12,5.529109897393303e-12,3.723184008147724e-12,4.265085044836401e-12,8.591525279499197e-12,0.001980974724114406,1.888163872780447e-12,0.0,0.08069522044172452,0.26267851143238197,0.2435117693432636,1.1647319480596806e-12,0.18380498607945842,0.22736077229911122,-3.223434881905569e-05
2023-07-06,1.3614287263279854e-12,2.2179320780135393e-12,5.48529863704774e-12,3.670144517332196e-12,4.240503165145201e-12,8.526346116207353e-12,0.0019175943854955527,1.907122997988428e-12,0.0,0.08146861064669274,0.2618689217115872,0.24334348464489766,1.1564334754472183e-12,0.1841596377304489,0.2272739762517647,-3.222539945208579e-05
2023-07-07,1.3646673777225874e-12,2.2792519398303672e-12,5.453707331277873e-12,3.7392138599204296e-12,4.2798537157619725e-12,8.826260179918046e-12,0.0019467938715594737,1.917525071026299e-12,0.0,0.08238844496231423,0.2597721547210729,0.2427717083134361,1.1322735214963002e-12,0.18301564405468157,0.23013780836235878,-3.255431441590457e-05
2023-07-10,1.3630275244723653e-12,2.2246592375517997e-12,5.424011365252685e-12,3.748546318451135e-12,4.2546710729572935e-12,8.720537637756236e-12,0.0019285001177995879,1.895548869887323e-12,0.0,0.08229904740722609,0.26846915582809705,0.23883605385150442,1.1218037763625404e-12,0.18217427334644481,0.22632538623711676,-3.241681694140743e-05
2023-07-11,1.3862333954242709e-12,2.1856254558058026e-12,5.428715123845495e-12,3.808959486213526e-12,4.267860762606499e-12,8.686796467892833e-12,0.0019530700580672271,1.932909247711099e-12,0.0,0.08183169042793836,0.2723093052248743,0.23885234274106182,1.1443343329834851e-12,0.18839640796561213,0.2166898072540306,-3.262370042588763e-05
2023-07-12,1.3763693504784975e-12,2.1297735494305243e-12,5.526694475768722e-12,3.757925244442637e-12,4.2719059742711475e-12,8.613262621181781e-12,0.0019164737022117355,1.8924739633085284e-12,0.0,0.08238913750796209,0.2786662999989116,0.23719963222365406,1.1411200865994878e-12,0.18601894459253707,0.21384186313430853,-3.2351188294573336e-05
2023-07-13,1.3507226901041959e-12,2.112720240495243e-12,5.431262080501965e-12,3.743760445662235e-12,4.243203229185436e-12,8.569491250334239e-12,0.0019427245340958828,1.875042138972319e-12,0.0,0.08427852556538451,0.2821150807104181,0.23974058744317245,1.1252882131924527e-12,0.18520678964527354,0.2067483496872657,-3.205761406178228e-05
2023-07-14,1.3365581022071047e-12,2.086596980828195e-12,5.350747732894513e-12,3.730883201531265e-12,4.1181758843187e-12,8.617949117086516e-12,0.0019369446886808254,1.8451930471401118e-12,0.0,0.08364381738779676,0.2847693130085589,0.23659194981921144,1.1114415053408786e-12,0.18253225978902862,0.21055728163846144,-3.1566359935486705e-05
2023-07-17,1.3346748019072365e-12,2.090378347913239e-12,5.44691839928716e-12,3.745278000835473e-12,4.184217866765522e-12,8.536225279267118e-12,0.0019359318536271246,1.8882993879361395e-12,0.0,0.08364261113112335,0.2866296665292763,0.23320244681621882,1.1060493768938548e-12,0.18335525611612077,0.21126571336673564,-3.162584143413962e-05
2023-07-18,1.3542091217617e-12,2.1283816950895425e-12,5.410426628995612e-12,3.7597899549571545e-12,4.229548780015972e-12,8.72523594758302e-12,0.001959940212607363,1.9012183324112775e-12,0.0,0.08475079269211269,0.2831132021818618,0.23462103365675102,1.1375892951663055e-12,0.1831887226133742,0.2123980075432443,-3.1698928597772576e-05
2023-07-19,1.3571545663445357e-12,2.087897835406786e-12,5.436162035206259e-12,3.7900161883409776e-12,4.222516814916828e-12,8.635789779118628e-12,0.001945650834735135,1.930788600038544e-12,0.0,0.08697843657645395,0.2782695758092945,0.23914257500354952,1.129774973620355e-12,0.18212444170339712,0.21157115455315517,-3.1834509175540456e-05
2023-07-20,1.3811586219235125e-12,2.131301420231605e-12,5.490148315655974e-12,3.828255256200204e-12,4.293282527095711e-12,8.795111535572248e-12,0.0019985018907531767,1.9167795273733144e-12,0.0,0.08649517329652613,0.2811624955677175,0.24091257872147637,1.1415904616217113e-12,0.1815025944059043,0.20796083259981943,-3.217651117449018e-05
2023-07-21,1.3574527584998321e-12,2.1342274711499477e-12,5.479534594071986e-12,3.8090612324916304e-12,4.374411631165804e-12,8.722722134531039e-12,0.0020425072379867634,1.966515312760479e-12,0.0,0.08687308941879811,0.2801698458206065,0.22976667059102662,1.1160222113061041e-12,0.18462481991805418,0.21655532319498974,-3.2256210421767566e-05
2023-07-24,1.3773536965038992e-12,2.1543000563835623e-12,5.511897439362663e-12,3.9065223665368784e-12,4.516348260890851e-12,8.71097766689415e-12,0.001999810339866379,1.920039664346366e-12,0.0,0.08735980644078777,0.28278989367074875,0.22425281312610734,1.1083529179299743e-12,0.18481593951686676,0.2188141827937043,-3.2445917287036684e-05
2023-07-25,1.3390635146785816e-12,2.0803128580248964e-12,5.333663371489734e-12,3.8654450664057706e-12,4.4209949863360524e-12,8.568748960576856e-12,0.0019282216914041162,1.7956597692200883e-12,0.0,0.08412738230403534,0.27760563857732085,0.23104145174567461,1.0951736576815445e-12,0.18941418848975503,0.21591477403946507,-3.165687615412143e-05
2023-07-26,1.3314213596938427e-12,2.0882094827572377e-12,5.437839054479447e-12,3.947869220567214e-12,4.3916768035391245e-12,8.599885316893551e-12,0.001891818679711314,1.8174457907334796e-12,0.0,0.08422143882024455,0.27475113196957063,0.23257413030235277,1.1038378664224572e-12,0.1898105051005129,0.21678263345126234,-3.1658352372676225e-05
2023-07-27,1.3258814270698293e-12,2.1039983089633434e-12,5.467542831843259e-12,3.893832590253505e-12,4.327321017635928e-12,8.551426503606317e-12,0.0019061320284134375,1.8170235812632592e-12,0.0,0.0843713586901701,0.27266732045599196,0.2355055744921136,1.1078612952035319e-12,0.1883137955052109,0.2172673910138774,-3.1572214372391544e-05
2023-07-28,1.3666948758973164e-12,2.129860142526785e-12,5.591203546850528e-12,3.9615731295228e-12,4.42913884223642e-12,8.63465768603204e-12,0.001943916306053745,1.8793815048813613e-12,0.0,0.08415079734677157,0.27188396744534676,0.2351154324016371,1.140115323801156e-12,0.18688818267213184,0.22004984214427442,-3.21383453480805e-05
2023-07-31,1.3605860780252926e-12,2.241015431783916e-12,5.418187184246969e-12,3.786502797785295e-12,4.24882309790339e-12,8.909070440381734e-12,0.002001473189787045,1.8552244973014978e-12,0.0,0.08085166425552515,0.2500046618651581,0.25000466186785203,1.1461385365145532e-12,0.18079708861321592,0.2363590976758522,-1.8647496356100308e-05
2023-08-01,1.3671926535333071e-12,2.307086658212327e-12,5.398339179249144e-12,3.777861758142539e-12,4.273317268063317e-12,8.9906211319822e-12,0.0020466829733257613,1.8858114571177616e-12,0.0,0.08149880580966307,0.25123068934913206,0.24864681873248032,1.1397739805213754e-12,0.18606188506191293,0.23053394522144638,-1.882717710065492e-05
2023-08-02,1.3793743347733145e-12,2.284718127275882e-12,5.320032381384996e-12,3.786338463683455e-12,4.323596507498146e-12,9.063504837874257e-12,0.0020479637503987265,1.903214805285649e-12,0.0,0.08035223953072082,0.24604122704779513,0.25226865352660854,1.1253881609344337e-12,0.18781063915793236,0.23149798230672314,-1.870534936481259e-05
2023-08-03,1.377621729936844e-12,2.2869536026765975e-12,5.432047620232523e-12,3.778993673424472e-12,4.360665581808264e-12,9.036063071867049e-12,0.002053773898936401,1.915535022200287e-12,0.0,0.07972382192977459,0.24896569267623986,0.250476697331964,1.1174578430643664e-12,0.18594669873633138,0.23285214668177026,-1.8831284321782067e-05
2023-08-04,1.3926491463757777e-12,2.326478808870549e-12,5.400427308485636e-12,3.880182881719699e-12,4.316453349151563e-12,9.18097542097721e-12,0.0020381371321663583,1.8960117106471674e-12,0.0,0.07983664570362527,0.2518712601566137,0.2538858438228232,1.1015018637723966e-12,0.18302315162942417,0.22936382626362478,-1.8864737772174636e-05
2023-08-07,1.3891781649969237e-12,2.318248372982409e-12,5.337623629389939e-12,3.8869008320092385e-12,4.429172594366652e-12,9.109711347619269e-12,0.002023637095507715,1.908668823597358e-12,0.0,0.08056958334228044,0.24865256910897174,0.2614345834254931,1.1069410842845754e-12,0.18076202245346967,0.22657643834493071,-1.8833800139832962e-05
2023-08-08,1.3804667357185747e-12,2.3471794063593445e-12,5.257312414138895e-12,3.8519559225212674e-12,4.393193901251285e-12,9.096199773098582e-12,0.002013705580314345,1.8660527504151482e-12,0.0,0.08035107618336002,0.2458431467361907,0.2641683764512419,1.1235714031548873e-12,0.18031335132594595,0.22732914694653417,-1.8803252903071213e-05
2023-08-09,1.380147829554185e-12,2.385401709745905e-12,5.424158366473516e-12,3.912565847036706e-12,4.4440747160042254e-12,9.556056890509767e-12,0.0021060047004250546,1.9175009651858983e-12,0.0,0.0791945484306623,0.24777977380429392,0.26755825039399866,1.1423656122482265e-12,0.182453873102531,0.22092673643774524,-1.9186899818436994e-05
2023-08-10,1.3917478289343262e-12,2.4099670327999177e-12,5.544439786528523e-12,3.895898651454238e-12,4.418455231814898e-12,9.272810201732125e-12,0.0021079649804110544,1.9515751824057566e-12,0.0,0.08223735866308726,0.24799042461098098,0.2695771042680384,1.120721872911128e-12,0.1843456943420404,0.21376072714116862,-1.927403573226915e-05
2023-08-11,1.4120019529420671e-12,2.4470008303147575e-12,5.670837604543204e-12,3.88124766927088e-12,4.462760920785026e-12,9.415393617070357e-12,0.002137761657260245,1.9433548885822093e-12,0.0,0.08335843963668856,0.2494147928127213,0.26920666785284564,1.1451536259961786e-12,0.18572714632106282,0.21017461504940738,-1.9423360363715536e-05
2023-08-14,1.3720160622645243e-12,2.3942899479292348e-12,5.757993448632454e-12,3.873607969324765e-12,4.427597826652254e-12,9.298417997587898e-12,0.0021091259753540296,1.9556134470345155e-12,0.0,0.08326305776813546,0.2455330519897121,0.27524886061312726,1.1485518063073778e-12,0.18806109926932654,0.20580402463891595,-1.9220284799405232e-05
2023-08-15,1.3788388807645496e-12,2.3749108376733756e-12,5.7364851301847595e-12,3.9269633840245675e-12,4.350273721319531e-12,9.277589718789864e-12,0.002111397985811944,1.960611489703803e-12,0.0,0.08555267615656291,0.2392573814968535,0.2807057677373569,1.1675909016583951e-12,0.1936754718727575,0.19871642561168004,-1.9120891196120542e-05
2023-08-16,1.3752897609836276e-12,2.424538132416086e-12,5.6524827448121725e-12,3.876826972378901e-12,4.349533281726287e-12,9.354582370339414e-12,0.002169382292952452,1.9669636802837188e-12,0.0,0.08647643658593457,0.24251466391194493,0.2844897444624454,1.1709561430992305e-12,0.1879093296097097,0.1964596688033301,-1.922569648842843e-05
2023-08-17,1.3921810603052912e-12,2.426475570177568e-12,5.626807399666028e-12,3.922485028703539e-12,4.285512934636214e-12,9.318426162747497e-12,0.0021713485039914354,1.9528602634571796e-12,0.0,0.0861499296293008,0.23682166363540696,0.28512952898676586,1.1427822782955546e-12,0.1883342785909794,0.2014124509658948,-1.9200342406737525e-05
2023-08-18,1.3773654187144924e-12,2.378569347429069e-12,5.5744090598073956e-12,3.854266293093777e-12,4.282373307755876e-12,9.227571039417657e-12,0.0022040284481920323,1.9695317432614222e-12,0.0,0.08643097143819319,0.23349553901167133,0.2830962974837801,1.1268272185728325e-12,0.18950379575488438,0.20528841063344236,-1.9042799954192614e-05
2023-08-21,1.3801445718583721e-12,2.387662551996499e-12,5.599391585527195e-12,3.857688012821813e-12,4.200427836594666e-12,9.37838612629798e-12,0.0022456890702787853,1.9526238959025657e-12,0.0,0.08679575541760863,0.2343518981589402,0.2806718518835192,1.0964491776146234e-12,0.18958333239268188,0.20637040762337683,-1.8934576258111997e-05
2023-08-22,1.3697275803044519e-12,2.3618907176936e-12,5.5034398521521225e-12,3.846179933407348e-12,4.144114629554509e-12,9.190418849441941e-12,0.0022085402470664196,1.8774497801916995e-12,0.0,0.08648995076777197,0.23233572809101413,0.2838398790735709,1.0761436997735001e-12,0.1885990424455733,0.20654551932901236,-1.865998337844362e-05
2023-08-23,1.3973496639392629e-12,2.360865603868306e-12,5.431232166245442e-12,3.876443446019865e-12,4.230339854233522e-12,9.136095165391697e-12,0.002229685541604221,1.906835241560998e-12,0.0,0.08651371190155437,0.22933112591886337,0.28299340290559083,1.083079664624582e-12,0.1914202117065478,0.2075304823683794,-1.8620371962194276e-05
2023-08-24,1.3774176682375383e-12,2.348768220676473e-12,5.423244301448993e-12,3.851939243141978e-12,4.142986459349036e-12,9.018474599088986e-12,0.002234389047086,1.8498097260967365e-12,0.0,0.08761193291768873,0.22881756423112576,0.28291438897984467,1.0515974676674926e-12,0.19198384908930224,0.20645629293402057,-1.8417228132260553e-05
2023-08-25,1.365820699588459e-12,2.3985355206002924e-12,5.46895891858282e-12,3.86025675397101e-12,4.151852526831391e-12,8.845147402013693e-12,0.0022676362244085195,1.8693858241892624e-12,0.0,0.0899668538148204,0.22524160046534009,0.2820166865834018,1.0431610999919915e-12,0.19234961650802795,0.2081761423568728,-1.8535981874660612e-05
2023-08-28,1.3868981072922758e-12,2.41724509534081e-12,5.478808446974643e-12,3.979808408476822e-12,4.322339247825878e-12,8.963007411682569e-12,0.0022702811088101786,1.9304575960213227e-12,0.0,0.09053606258883172,0.22528861842327563,0.2797199189601951,1.0501491346304764e-12,0.19153654749182486,0.2106673135548559,-1.8742157322038827e-05
2023-08-29,1.4099780411085684e-12,2.441458857844525e-12,5.546593113401989e-12,4.0346313198498815e-12,4.4368533470353e-12,9.0937798730277e-12,0.002333544323910622,1.978756731567696e-12,0.0,0.09402464567214326,0.22489271736682923,0.2821210058859537,1.100734499654523e-12,0.1938330468604825,0.20281408524409805,-1.9045383460092697e-05
2023-08-30,1.402378202624093e-12,2.4363565263832862e-12,5.371426219903475e-12,4.082460646959015e-12,4.383588170493274e-12,9.101599743701705e-12,0.0023187285886144106,1.9362628107712786e-12,0.0,0.09236158654492076,0.22811424975537725,0.2805273336686094,1.0872344945683278e-12,0.18994066247640096,0.20675641429167563,-1.897535539966751e-05
2023-08-31,1.3606113326741085e-12,2.2410570286065176e-12,5.418287754447392e-12,3.78657308131968e-12,4.248901962840312e-12,8.909235806946102e-12,0.0020015103403233756,1.855258933228714e-12,0.0,0.0808531649914359,0.2500093023506369,0.2500093023533309,1.146159810674786e-12,0.18080044449569452,0.23636348487788422,-3.720943827191351e-05
2023-09-01,1.3834336585955484e-12,2.2403846011482277e-12,5.432101684995308e-12,3.755826566908277e-12,4.1981149063800834e-12,8.958164348156529e-12,0.002006191239391183,1.8334715604270995e-12,0.0,0.07921957393695034,0.25472835652910447,0.24731150646195627,1.1388630115023275e-12,0.18550271992650075,0.23126882549122704,-3.7173614070569965e-05
2023-09-04,1.3630606531206023e-12,2.2054246102654e-12,5.483572848211864e-12,3.8116311384693186e-12,4.203389382952158e-12,8.977804348646526e-12,0.0019750661947916005,1.8695196374893845e-12,0.0,0.07965340182243259,0.25235250734674586,0.24432167262847349,1.1632024553421413e-12,0.18591242367941693,0.23582180045513382,-3.687215607197149e-05
2023-09-05,1.3578114516151714e-12,2.1728868803949025e-12,5.415298525301492e-12,3.79261175378136e-12,4.14581273148731e-12,8.796294439910112e-12,0.0019948838829023747,1.843862325993134e-12,0.0,0.07953971697195808,0.2484581340579563,0.2488132401653289,1.1336712882443586e-12,0.18569954176760342,0.23553111763145013,-3.663450585742392e-05
2023-09-06,1.361335188719128e-12,2.1510917771789453e-12,5.4835176272308664e-12,3.837176465043906e-12,4.125049446418945e-12,8.904933250276337e-12,0.0020115518932150582,1.8163970805219833e-12,0.0,0.08121695014072985,0.2505502108330156,0.24728865682220663,1.1204546715123018e-12,0.18459636744441305,0.2343730039615769,-3.674112395694479e-05
2023-09-07,1.3395856250546002e-12,2.096219264606523e-12,5.506640196955309e-12,3.8489969641910404e-12,4.029028356809225e-12,8.849947194891542e-12,0.0019714034602336503,1.79545588371338e-12,0.0,0.08004883158462987,0.25666597048684936,0.2435525535606286,1.096053000242717e-12,0.18063388383951784,0.23716379520609357,-3.643816651479139e-05
2023-09-08,1.307377633910321e-12,2.062272569962213e-12,5.54504492636733e-12,3.827019324136705e-12,4.004267505975283e-12,9.015209502682736e-12,0.0019613406667936912,1.7625593141186201e-12,0.0,0.0779845523178492,0.25971457240449414,0.24388127639869425,1.1084675659397682e-12,0.18310980481157954,0.23338457212638244,-3.611875442551046e-05
2023-09-11,1.307620888242749e-12,2.0802014861477096e-12,5.54360835098438e-12,3.86983962830307e-12,4.097107224676661e-12,9.079765974243483e-12,0.00198371558460155,1.7767505949768833e-12,0.0,0.077905884885416,0.2528530072329126,0.24815520664484686,1.138426537092891e-12,0.18636417443528847,0.2327744547665252,-3.6443578484045344e-05
2023-09-12,1.295888953752947e-12,2.0943724571076555e-12,5.562216822353474e-12,3.87142355816633e-12,4.195679218455855e-12,8.986707791428354e-12,0.0020351701142954873,1.7810497316521164e-12,0.0,0.07784659917243154,0.25730838356438657,0.24714090085321777,1.1113203937526497e-12,0.1862031725567972,0.2295022745417335,-3.650083176072758e-05
2023-09-13,1.320293342294522e-12,2.1406328053453477e-12,5.5767471466183496e-12,3.89463437561459e-12,4.294510598586495e-12,9.01453980159697e-12,0.002034115108150718,1.7763878811595973e-12,0.0,0.07934475247848076,0.25812480336234195,0.2507302269435204,1.157592223029211e-12,0.18555075871428267,0.2242523522542332,-3.700889018504911e-05
2023-09-14,1.3117621213905702e-12,2.1153899746934956e-12,5.475012940807829e-12,3.882053289834445e-12,4.292285063180714e-12,8.66672193418094e-12,0.001994938730759085,1.8154165427988055e-12,0.0,0.07933829160961907,0.26028205664681126,0.24819246197445843,1.1615854813434313e-12,0.18603177742504287,0.22419707867077143,-3.6605086182442536e-05
2023-09-15,1.2893452004697009e-12,2.08927565962325e-12,5.363886776723246e-12,3.828243540733425e-12,4.172224773931514e-12,8.459204477997565e-12,0.0019596708436063386,1.766256849987975e-12,0.0,0.07804136384543374,0.25835920847420946,0.24869029365501624,1.1362896168586141e-12,0.18793967094024505,0.22504587437818668,-3.608216480221536e-05
2023-09-18,1.294886989006989e-12,2.0916175241987473e-12,5.380185512513505e-12,3.878907146688276e-12,4.232749706234132e-12,8.60121301408287e-12,0.0019601911262420307,1.7796752026220971e-12,0.0,0.07727008826748498,0.2569813386275622,0.24872014838240136,1.1540771063417504e-12,0.1910543422879521,0.22404994962207397,-3.605834212995381e-05
2023-09-19,1.2796788593670651e-12,2.102222702429252e-12,5.340696980787228e-12,3.822637497832522e-12,4.1788529829200215e-12,8.660397988021964e-12,0.0020016090124955624,1.7855394796673949e-12,0.0,0.0789086132888117,0.25126384349182146,0.251618719498862,1.157170916454869e-12,0.19358631870678972,0.22265703886507215,-3.614289217986762e-05
2023-09-20,1.279147881367913e-12,2.1207864360433518e-12,5.4761564631201204e-12,3.889165685037494e-12,4.1841657472291755e-12,8.575459945457073e-12,0.0019709283236212377,1.832600570349866e-12,0.0,0.0791087920849583,0.25860320655918684,0.2466507651762855,1.1966146617068323e-12,0.1941835484978235,0.21951916134554048,-3.640201596998829e-05
2023-09-21,1.2797692932402949e-12,2.111291183293322e-12,5.51809813465819e-12,3.8715021536080276e-12,4.099049425376337e-12,8.57662109271575e-12,0.0019406546862884711,1.843471024436009e-12,0.0,0.07875196047674297,0.2601752067365688,0.24653914924131412,1.2056807213992917e-12,0.19721831139424734,0.21541121519910558,-3.649776277275183e-05
2023-09-22,1.2987827879751363e-12,2.071769184720118e-12,5.618770659044999e-12,3.918180324127822e-12,4.113230497840847e-12,8.745831054218564e-12,0.002002210573140821,1.859741945526459e-12,0.0,0.08019585132807831,0.2585614206491214,0.24764321078731433,1.2510129502497011e-12,0.20057088244726956,0.21106347939101136,-3.7055204813132705e-05
2023-09-25,1.2650836695098789e-12,2.0562904781814285e-12,5.6196544612576195e-12,3.810711667861585e-12,4.098422416234652e-12,8.815066812411566e-12,0.002034825858241168,1.8517867973318464e-12,0.0,0.0768534350046811,0.2649870723163098,0.2430776405620024,1.219717339720068e-12,0.1978897922911066,0.21519394373137657,-3.670979245435441e-05
2023-09-26,1.2817935870096194e-12,2.043527005928535e-12,5.637955437062172e-12,3.784346287501102e-12,4.016890101530734e-12,8.915888111751365e-12,0.0020029612642316714,1.878264644625674e-12,0.0,0.07702380335398902,0.2708657960111168,0.25041662025485406,1.2072651240447358e-12,0.19358471721424955,0.20614252929615692,-3.6427423363990135e-05
2023-09-27,1.3105269710591138e-12,2.0369018519300335e-12,5.714132381502814e-12,3.756936199081524e-12,4.09724985388391e-12,8.847594211108452e-12,0.001973423651341081,1.8753077937259945e-12,0.0,0.07784846134671003,0.27103799832677533,0.2534465098514749,1.2029356877462406e-12,0.19153694018142045,0.20419312998170294,-3.6463368266237315e-05
2023-09-28,1.3584020457287442e-12,2.0760763925587504e-12,5.686496089906634e-12,3.7979016494220814e-12,4.1718101220201164e-12,9.211140688263731e-12,0.002034948356842087,1.882444385854085e-12,0.0,0.07914490992146216,0.28125601538270567,0.25278471565908667,1.1721956180319655e-12,0.18984491774957535,0.1949715646313091,-3.7071730337534743e-05
2023-09-29,1.3606042026677028e-12,2.2410452848038708e-12,5.418259361014623e-12,3.786553238555125e-12,4.248879697335472e-12,8.909189119911494e-12,0.002001499851816331,1.855249211122363e-12,0.0,0.08085274129690208,0.2500079922278381,0.2500079922305321,1.1461538044578771e-12,0.180799497047811,0.23636224626321098,-3.196894707668417e-05
2023-10-02,1.3669220046454244e-12,2.2273362125076053e-12,5.451317620610496e-12,3.753282086370421e-12,4.2316266791913055e-12,9.132741365187644e-12,0.0019922596949018176,1.8358824902096452e-12,0.0,0.07960939950233531,0.24744397947126856,0.2526921108135015,1.1662193193495996e-12,0.1850142128175968,0.23328002235763315,-3.19846864025829e-05
2023-10-03,1.3862958700122805e-12,2.2357230673844957e-12,5.46198762347738e-12,3.837733587466506e-12,4.239570985874069e-12,9.24448058791298e-12,0.0020137440407951308,1.8237519685832955e-12,0.0,0.08100429868361805,0.24158918599276577,0.2561108155623683,1.1605758887174898e-12,0.1903841712083404,0.22893003447651722,-3.2249993795024784e-05
2023-10-04,1.3885754502523962e-12,2.2552641002159787e-12,5.492987920545651e-12,3.891119815531333e-12,4.182789422324638e-12,9.489066943343474e-12,0.0020385592858643896,1.8686047224152066e-12,0.0,0.08141776570399632,0.2378231294448295,0.2550319057919747,1.1993388210441155e-12,0.19624199761405442,0.22747904787967455,-3.24057501616367e-05
2023-10-05,1.3336246888465723e-12,2.220535911104723e-12,5.403389006022936e-12,3.828683797193047e-12,4.154111598381981e-12,9.469349036894265e-12,0.0020386666128687832,1.855758672035048e-12,0.0,0.07992977912864145,0.24348239401908947,0.25330640953181427,1.1914238750174681e-12,0.194971060893283,0.22630365811555922,-3.1968330713099236e-05
2023-10-06,1.289296926297131e-12,2.1909104220933865e-12,5.342220879774115e-12,3.84266577782604e-12,4.111378531717065e-12,9.169072894492666e-12,0.0020283453352091287,1.8148550471458696e-12,0.0,0.07804951241000131,0.24299497498312464,0.25592533381426424,1.1887367006152596e-12,0.19512343675010316,0.2259100079884977,-3.161131014929605e-05
2023-10-09,1.2845763609146998e-12,2.1962470953499662e-12,5.1790031314214554e-12,3.830134527502125e-12,4.040930373101134e-12,9.264137076313965e-12,0.002015319715881732,1.8076315645218432e-12,0.0,0.07893526089058474,0.24439966939774183,0.25721737078538365,1.166775675521146e-12,0.1915569879840684,0.22590685040511418,-3.14592075439857e-05
2023-10-10,1.2726994430175884e-12,2.200015734619059e-12,5.04479504751811e-12,3.798744806650972e-12,4.118418522327649e-12,9.292470674891497e-12,0.0020147395503525177,1.853819706747209e-12,0.0,0.07774587453507456,0.24222467163798564,0.2603167814677392,1.1818953178843767e-12,0.188095413044599,0.22963388770306759,-3.136796758130521e-05
2023-10-11,1.2624297725675984e-12,2.2175383471070987e-12,4.9675064602790165e-12,3.777474995863456e-12,4.076860595836437e-12,9.379332520896755e-12,0.001992312891503937,1.845149915410935e-12,0.0,0.0780883576584013,0.24472198765348466,0.26020785868930724,1.1686067748318656e-12,0.1861669447015118,0.22885376604178595,-3.122766468984382e-05
2023-10-12,1.2594214830287337e-12,2.2038247141316033e-12,4.945316721773799e-12,3.694490657870263e-12,4.090928757672189e-12,9.357970015084542e-12,0.0020100381634590805,1.836791304884665e-12,0.0,0.07730647178906255,0.24284489751295896,0.2623035892916864,1.121228926296783e-12,0.18549370003075055,0.23007237698399802,-3.107380042559229e-05
2023-10-13,1.251253203582976e-12,2.2050270034202507e-12,4.910948094556235e-12,3.663012094803515e-12,4.070129108833617e-12,9.271819386019498e-12,0.0020284419799406653,1.817593004224323e-12,0.0,0.07942849853147317,0.2466335364590645,0.2540875276960591,1.1063024851264572e-12,0.18633711593593064,0.23151593961155142,-3.106024231547977e-05
2023-10-16,1.2403903995462837e-12,2.2431659928548495e-12,4.982118631539141e-12,3.703746914465325e-12,4.160324299746908e-12,9.377979585980416e-12,0.002052245360678086,1.8682504378860632e-12,0.0,0.07884080336413576,0.2505975500195048,0.2526957475522005,1.1225787570467964e-12,0.18905360204920854,0.22679127577766972,-3.122415209603292e-05
2023-10-17,1.2338092392444202e-12,2.239896792084746e-12,4.938306271306307e-12,3.701970921732484e-12,4.184044656146089e-12,9.336632970786432e-12,0.002050251656003797,1.8973221132678476e-12,0.0,0.07877761336270092,0.24575375035487546,0.2545718114889381,1.1247650896267345e-12,0.19274005293043497,0.22613760828845972,-3.1088110069873596e-05
2023-10-18,1.2132144726102625e-12,2.2024598728068427e-12,4.980174890258096e-12,3.6798173008266645e-12,4.208713514007987e-12,9.35607084225198e-12,0.002046955258384003,1.8960075099380947e-12,0.0,0.0788158212131296,0.24361270301859336,0.2531726168466396,1.1192919639167763e-12,0.19210616444727607,0.2302768358889699,-3.1096701648351496e-05
2023-10-19,1.2104331869075785e-12,2.222968220375576e-12,5.057742265796721e-12,3.712252829310973e-12,4.231990061405705e-12,9.386570047329415e-12,0.002068998252039122,1.8967573627116276e-12,0.0,0.07950216289071338,0.24200338804590568,0.2568032864158704,1.12027174661974e-12,0.19160068530702987,0.22805253639908032,-3.105733947796776e-05
2023-10-20,1.2367046188545194e-12,2.290595636857833e-12,5.209235422730074e-12,3.802558736217367e-12,4.349003786669809e-12,9.732758830795825e-12,0.002106680949020764,1.9046902367253928e-12,0.0,0.08045433461457761,0.24417859100442255,0.25410968423423885,1.1546368709739932e-12,0.18975054303001349,0.22943184157585747,-3.1675437811010255e-05
2023-10-23,1.2360869519266384e-12,2.2935007639245523e-12,5.141719483301087e-12,3.77415981611656e-12,4.2774818201495275e-12,9.607487251867758e-12,0.002101871478082907,1.8801350591832227e-12,0.0,0.07817219351131326,0.2472299699767126,0.25483127808979655,1.16403846024596e-12,0.19311150269216348,0.22458466262758908,-3.147840503257174e-05
2023-10-24,1.2421620268994252e-12,2.2683136392734713e-12,5.360628217591047e-12,3.7993872234178515e-12,4.368014890709822e-12,9.535091801985061e-12,0.0021482378444123915,1.9460746373021514e-12,0.0,0.07760669243807908,0.24879938230239437,0.24738119265146508,1.1733524541529782e-12,0.19770419813220064,0.22639203088767937,-3.173428592406942e-05
2023-10-25,1.242055672948327e-12,2.2864331589089846e-12,5.4099518334035155e-12,3.737075303245558e-12,4.384617954240326e-12,9.85987163016391e-12,0.0021153951266299465,1.9491708158498003e-12,0.0,0.0791621934182921,0.24744431564183822,0.2489656269369613,1.17676634352501e-12,0.19559072803299293,0.22675355147781867,-3.1810664579055574e-05
2023-10-26,1.2300690013832433e-12,2.2730278670968778e-12,5.328848640390991e-12,3.656795584703495e-12,4.3521293528994696e-12,1.0007294967809564e-11,0.0021032233929704305,1.926768362969899e-12,0.0,0.0784330290817457,0.253209231965716,0.24727755415160577,1.1832587226266433e-12,0.19161816429734424,0.22739037803012804,-3.158094946850024e-05
2023-10-27,1.2288912001884297e-12,2.2637337905405393e-12,5.28148120206088e-12,3.6174640399093103e-12,4.352056271066307e-12,1.0053620858712936e-11,0.002092522528669638,1.9281303941054173e-12,0.0,0.07829425978999432,0.2515634929554685,0.24655193891899643,1.2352754334480147e-12,0.19209293130198313,0.2294363171590247,-3.1462684097584297e-05
2023-10-30,1.2370986837137248e-12,2.263488460086047e-12,5.369118705597069e-12,3.614811866851988e-12,4.419475808624938e-12,1.0037298288781548e-11,0.0020709947233158218,1.9434014604484217e-12,0.0,0.07916491567781642,0.24739399105784632,0.2459225912144714,1.2077140293628272e-12,0.20255913708834664,0.22291990624157484,-3.153603346393596e-05
2023-10-31,1.360580707141343e-12,2.241006585424243e-12,5.418165796070909e-12,3.786487850647859e-12,4.248806325766627e-12,8.90903527201995e-12,0.002001465289015161,1.855217173843147e-12,0.0,0.08085134509533909,0.2500036749771931,0.2500036749798871,1.1461340121576096e-12,0.18079637492064107,0.23635816465345513,-1.4699944496056153e-05
2023-11-01,1.3420707027309121e-12,2.2128491137669367e-12,5.355724113781499e-12,3.780984729208912e-12,4.159076219751807e-12,8.705514399577626e-12,0.002010244843781907,1.8208105583282557e-12,0.0,0.0792786800663174,0.2456871200431974,0.2534918026948397,1.1508293415595521e-12,0.18237811336069837,0.23716855571502388,-1.4516752386424276e-05
2023-11-02,1.356588026637382e-12,2.2015895123492898e-12,5.3544901510829186e-12,3.745326890526488e-12,4.15663571392948e-12,8.799450790203363e-12,0.002017986612099691,1.8584634984505733e-12,0.0,0.08006314165763394,0.24123791848567114,0.25444622783326976,1.168339222653328e-12,0.18207075809667334,0.2401785081701772,-1.4540884165754952e-05
2023-11-03,1.356214064378299e-12,2.1837805230022555e-12,5.434787637121417e-12,3.854471415744689e-12,4.143252236639144e-12,9.017885023008302e-12,0.0020374286599965635,1.839834098387663e-12,0.0,0.08081381903876202,0.24185283666012897,0.2510978838483259,1.1440720006205264e-12,0.18091997228976045,0.24329272644890207,-1.466697485018417e-05
2023-11-06,1.3622969993741394e-12,2.1826402171971607e-12,5.471703788819253e-12,3.918518989835561e-12,4.1824840618194025e-12,9.046074178875353e-12,0.002072674205420267,1.8234255697586725e-12,0.0,0.08094853745180498,0.2381541333580184,0.2505313109758966,1.107824594656104e-12,0.18814115676595478,0.2401669179416202,-1.4730727810090188e-05
2023-11-07,1.378941336736174e-12,2.177591766201303e-12,5.490378404879768e-12,3.886257923108986e-12,4.182091178041807e-12,9.097934971927955e-12,0.0020859149734978014,1.838781371097942e-12,0.0,0.08014662625830928,0.2314403726191274,0.25213166854362973,1.1261611602767833e-12,0.1932217397272532,0.24098836551096475,-1.468766196021161e-05
2023-11-08,1.4024455633465174e-12,2.192604315351961e-12,5.6882697173482326e-12,3.899627169521344e-12,4.267159823600797e-12,9.295017135531169e-12,0.0021353037566955863,1.885093606863981e-12,0.0,0.07905022435300078,0.23722565729279654,0.24866473362697822,1.1689245562113903e-12,0.1960194315486665,0.23691969337900456,-1.5043986941316287e-05
2023-11-09,1.3976333731239634e-12,2.1893747986395895e-12,5.786458607125808e-12,3.925538450982533e-12,4.303897154555193e-12,9.477625155633404e-12,0.002142054203092443,1.913796665311884e-12,0.0,0.07782475161688557,0.24399515734947647,0.24382654578057741,1.1932375346849712e-12,0.19149225740187117,0.2407343392024882,-1.5105584578758246e-05
2023-11-10,1.418618088794236e-12,2.1791875865110433e-12,5.756164991631986e-12,3.943355924379464e-12,4.2763144689950134e-12,9.675366060205512e-12,0.0021425381091117776,1.9006705273005514e-12,0.0,0.07652354470175253,0.24097224730463168,0.24184644539587194,1.1804392620061893e-12,0.1887874522114724,0.24974283661068966,-1.5064363860112337e-05
2023-11-13,1.4135864377278127e-12,2.196114359384618e-12,5.829497413789912e-12,3.997003432001824e-12,4.300446623215666e-12,9.707127004899527e-12,0.0021694242383484517,1.9201438530894385e-12,0.0,0.07515451050311454,0.24070841784673688,0.23872564902795754,1.174311983676835e-12,0.19015149220138383,0.25310566159267234,-1.5155440752024816e-05
2023-11-14,1.4459971705764417e-12,2.197350353201291e-12,5.913893316019681e-12,4.035466988089486e-12,4.394871457779995e-12,9.838964534238794e-12,0.0021531218962453024,1.884894786637272e-12,0.0,0.07500511370157102,0.23837833914845813,0.2350988473465172,1.1851039022792424e-12,0.19661895991252992,0.2527608614130582,-1.524344927622833e-05
2023-11-15,1.4459160313486543e-12,2.182842419722224e-12,5.799233455248338e-12,4.047030693179606e-12,4.3126402400568615e-12,9.787952724220876e-12,0.0021315571316690785,1.8984297339959287e-12,0.0,0.07505647888624935,0.23388632406580906,0.23183910765661747,1.1037050348604787e-12,0.20304228224443294,0.2540594050438091,-1.5155059164679178e-05
2023-11-16,1.420386616314803e-12,2.13543253399679e-12,5.708056970577709e-12,4.037879556068716e-12,4.169840413203012e-12,9.669137232171256e-12,0.0021599740284937215,1.848715271210841e-12,0.0,0.07682836592372741,0.23386949767043658,0.2299676173557522,1.102214250030088e-12,0.1995204268711748,0.25766911133563786,-1.4993215314117137e-05
2023-11-17,1.4289550226934634e-12,2.1137465050998197e-12,5.7402102193240324e-12,4.032746646782486e-12,4.196975606732689e-12,9.733250930759962e-12,0.002216853469699891,1.8856754056778003e-12,0.0,0.07760076296121506,0.23218822364475464,0.22375808025583824,1.115650766163473e-12,0.20447547147228767,0.2597757459431017,-1.5137777144331402e-05
2023-11-20,1.4012235735299332e-12,2.093105779577314e-12,5.6526278777464936e-12,4.051766112861697e-12,4.198831384980094e-12,9.712202383649245e-12,0.0022075862728153295,1.8248617930560875e-12,0.0,0.07694744649813766,0.23115081066603269,0.22243139410745294,1.1086639101311311e-12,0.21151663792494427,0.25576104092835394,-1.4916427780095143e-05
2023-11-21,1.408057060599156e-12,2.074990797339661e-12,5.678771866831746e-12,4.079656987100119e-12,4.201299363980598e-12,9.882404572287234e-12,0.002173032867650036,1.8054931073146434e-12,0.0,0.07771204201799138,0.23097572577120087,0.22643111259279297,1.091857608607435e-12,0.20638387964401608,0.2563390618723101,-1.485479618404003e-05
2023-11-22,1.377323715877466e-12,2.042400133409593e-12,5.5575462189596825e-12,3.978285506629317e-12,4.109320006812793e-12,9.67870592181952e-12,0.00211875979323507,1.7626367964308322e-12,0.0,0.0771021392625067,0.22687365643131013,0.230158141017287,1.0721821936567954e-12,0.20007329165076554,0.26368855009717856,-1.4538281861312558e-05
2023-11-23,1.3825519246725503e-12,2.0626975679172926e-12,5.592767335505337e-12,4.006610505259889e-12,4.136061984581723e-12,9.542254327073902e-12,0.0021293925392076372,1.729701484439658e-12,0.0,0.07624500136321155,0.22822599714325986,0.23150146513421546,1.081477434439227e-12,0.20117188617759718,0.26074079139342926,-1.453378045502852e-05
2023-11-24,1.3677810726630662e-12,2.0648207660532094e-12,5.61095723625629e-12,3.921665937678552e-12,4.026174975600921e-12,9.376785566164193e-12,0.0021419991576566385,1.7453250898268792e-12,0.0,0.07599681845378775,0.23313447460570152,0.2312744692168108,1.0996825726060748e-12,0.2032185332816123,0.2542481164425053,-1.4411187287422878e-05
2023-11-27,1.3728358983669327e-12,2.07696713015833e-12,5.648482177768194e-12,3.985022077477116e-12,4.0688752300120444e-12,9.074758869184992e-12,0.002115985997450821,1.7008755377399183e-12,0.0,0.076719531052,0.23555846527326577,0.22885709404559962,1.119185525530028e-12,0.2070781800205984,0.2496852311608184,-1.448757878006742e-05
2023-11-28,1.3704171046805075e-12,2.1024831369974445e-12,5.828657390816967e-12,4.11286878644991e-12,4.1474040324439435e-12,9.101321790848526e-12,0.0021679241319301403,1.7110278335916742e-12,0.0,0.07509559530321215,0.23890885641256093,0.22927299200774498,1.1352063542650215e-12,0.20091216650641736,0.2536571278653314,-1.4662256706343663e-05
2023-11-29,1.3499085566925285e-12,2.143105719667589e-12,5.9098410996053064e-12,4.133651480089614e-12,4.210426387069299e-12,9.062097957160852e-12,0.0021881866620640125,1.7448123734268694e-12,0.0,0.07520444364263698,0.24084551895655928,0.2304574107474477,1.1741521046240396e-12,0.19848452531219207,0.2528346940619607,-1.4779412588698587e-05
2023-11-30,1.3605973059533e-12,2.2410339252554712e-12,5.418231896607781e-12,3.786534045040798e-12,4.24885816035231e-12,8.909143960464833e-12,0.0020014897064905795,1.8552398071208695e-12,0.0,0.08085233146554606,0.25000672497192533,0.2500067249746193,1.1461479947628645e-12,0.1807985806001822,0.236361048175696,-2.68999234251548e-05
2023-12-01,1.3463735600587538e-12,2.212365639367066e-12,5.481411272319408e-12,3.7074355874964765e-12,4.123207857553344e-12,8.737572123386038e-12,0.0019510327473412244,1.857017750732227e-12,0.0,0.08021954721822114,0.2535518243999297,0.24601048044396118,1.1566776266563067e-12,0.18497264605559097,0.233321237649069,-2.6768542735230813e-05
2023-12-04,1.3702727057000254e-12,2.2306576068646115e-12,5.595725265151543e-12,3.679921057885185e-12,4.084559553426151e-12,8.788129959733558e-12,0.0019486128435181307,1.8635417731299867e-12,0.0,0.08200569767392452,0.2546489059937613,0.2452677508334882,1.1622571070974371e-12,0.1844032959180974,0.2317527866643179,-2.704995588265662e-05
2023-12-05,1.3593251456656243e-12,2.24872233167414e-12,5.602625180500695e-12,3.748417084971055e-12,4.0427559280429035e-12,8.792548512125866e-12,0.00201131899259212,1.852636597357237e-12,0.0,0.08107156722559465,0.25099417931706863,0.2535996976066822,1.1747245559773372e-12,0.18628163414763418,0.22606884635755375,-2.724367594739944e-05
2023-12-06,1.3611274129672555e-12,2.270452567703935e-12,5.6608110926371654e-12,3.7697068465527635e-12,3.979550691004174e-12,8.810938047076435e-12,0.0020256086671047472,1.8021803381245865e-12,0.0,0.0820407374088652,0.2541027760159193,0.2465455222155374,1.1890596529085863e-12,0.18628986493338925,0.22902267299204018,-2.718226169993094e-05
2023-12-07,1.338611252021181e-12,2.261093510269298e-12,5.652085869688919e-12,3.714989813932967e-12,3.93861731813232e-12,8.64619237795196e-12,0.002049127763285067,1.7803713857917939e-12,0.0,0.0802890745552418,0.25199378820940715,0.24710539925487604,1.1492699447152834e-12,0.19058563720635702,0.22800386146653584,-2.688848418430646e-05
2023-12-08,1.3469075935623356e-12,2.2629612270368492e-12,5.663662645544733e-12,3.715599921785613e-12,3.994866103295696e-12,8.661956608381449e-12,0.002074381402970038,1.772934628934451e-12,0.0,0.07944918560900896,0.25748830310760057,0.24414136453747234,1.1451462846171371e-12,0.1899001962128699,0.22697350018828763,-2.6931086773498767e-05
2023-12-11,1.3605137273736856e-12,2.2631122508595753e-12,5.7679294100491564e-12,3.693007007745393e-12,4.016565067041397e-12,8.604936699636612e-12,0.0020933091048394776,1.7786545066544106e-12,0.0,0.08119830240454892,0.2556618223140317,0.24743567344688597,1.133763452677629e-12,0.19097946220696077,0.222658443853726,-2.7013359611333476e-05
2023-12-12,1.3411368950909835e-12,2.2431283350274802e-12,5.834016555510693e-12,3.6678864880193325e-12,4.064826946830228e-12,8.561129546388088e-12,0.0020659975145342997,1.803203350081917e-12,0.0,0.0797630565224915,0.2556125568547654,0.2443128300547041,1.0857902102379913e-12,0.19274563216642412,0.22552671788744658,-2.679102896720798e-05
2023-12-13,1.3638415051522205e-12,2.251815452346698e-12,5.816197612196625e-12,3.70175173919832e-12,4.105493556746366e-12,8.738437351367179e-12,0.0020642233011863077,1.7985622720773666e-12,0.0,0.08041442976164119,0.24916927278176393,0.2474820476466765,1.0968895083934884e-12,0.19478811886978198,0.22610868189521308,-2.6774285135963802e-05
2023-12-14,1.3877056139960808e-12,2.278506827934033e-12,5.795579815135933e-12,3.687975992007071e-12,4.074165692432104e-12,8.827600223086559e-12,0.002042765186733044,1.8319605811686596e-12,0.0,0.07957367928762593,0.24922970951844875,0.24836460472677702,1.1175865033352547e-12,0.20116755096529823,0.21964853882427932,-2.6848538163352096e-05
2023-12-15,1.403573782074352e-12,2.3053508454381035e-12,5.790942970140191e-12,3.720890896484422e-12,4.155121077487191e-12,8.924732722548184e-12,0.002029504687150562,1.93455709449578e-12,0.0,0.08088677945840365,0.24841548357389673,0.25314869548357055,1.130892985041558e-12,0.19713441867549603,0.21841235010912846,-2.7232017012062294e-05
2023-12-18,1.4074767751665179e-12,2.3397453354791983e-12,5.786936684749462e-12,3.750604258931757e-12,4.128262290305904e-12,8.874243346966525e-12,0.0020500639444109158,1.971228496593092e-12,0.0,0.07919521379578319,0.24705140498999378,0.2532186403278834,1.1208393359783341e-12,0.1976679225710816,0.22084385315870345,-2.7098817235855554e-05
2023-12-19,1.4337112353375545e-12,2.4013450633277118e-12,5.819039888290198e-12,3.7257586294401235e-12,4.18434360699059e-12,9.172370430979007e-12,0.002055712680035641,2.0088815500734453e-12,0.0,0.08017210022431986,0.249393127590563,0.2516168702539715,1.0861244550317715e-12,0.1954955172856061,0.22129401137364904,-2.7339437976671583e-05
2023-12-20,1.4287593250684574e-12,2.366090117929161e-12,5.707599602137597e-12,3.6375435030518634e-12,4.1604963272939655e-12,9.205736340909559e-12,0.002057036276735606,1.998813273870578e-12,0.0,0.07866393349144363,0.2538087587631912,0.2529494902421678,1.0427331747180687e-12,0.19269693734923415,0.21985080394119533,-2.6960093515619418e-05
2023-12-21,1.4227940715275135e-12,2.3178939290643513e-12,5.7314242262166e-12,3.615965449928803e-12,4.133914504816627e-12,9.193105410234627e-12,0.0020599327102539173,2.0050435313849204e-12,0.0,0.07865408197185726,0.24740838603169787,0.2551306791922769,9.938524814592398e-13,0.19233585176936313,0.22443810517439086,-2.703687925393253e-05
2023-12-22,1.4247063683649765e-12,2.361540323404283e-12,5.8698112907655285e-12,3.5189507387785002e-12,4.174103161951952e-12,8.956991196239217e-12,0.0020805835064835678,2.0282308635985595e-12,0.0,0.08195295662930607,0.2514754084873703,0.25444045553849154,1.0314353185855274e-12,0.1882484559959393,0.2218294812896324,-2.734147658890474e-05
2023-12-25,1.4080683842373736e-12,2.4293506774437144e-12,5.951699738034077e-12,3.5822790807879163e-12,4.232860095855652e-12,9.116815194915329e-12,0.0021045200458245684,2.057330708349841e-12,0.0,0.08203355213037081,0.2539378127066156,0.2583197224578072,1.044401934802586e-12,0.18513098226464614,0.21850102711473257,-2.761674981983512e-05
2023-12-26,1.4122380541754263e-12,2.40444521723049e-12,5.946516091623881e-12,3.5122496372877865e-12,4.127685405331412e-12,8.95460467916458e-12,0.002083457348153821,2.0236813546749838e-12,0.0,0.08169101829881496,0.25973139546155793,0.258290740352823,9.933508313901276e-13,0.18740310684851946,0.21082769426941383,-2.7412608657813533e-05
2023-12-27,1.4233163843709195e-12,2.3991484126181833e-12,6.118826038421698e-12,3.590740452981988e-12,4.114092371123515e-12,8.991808183451318e-12,0.0021025107100835325,2.0604279541407817e-12,0.0,0.08086708345351566,0.2582385975443022,0.25981252637108593,1.0209432769842602e-12,0.1900012506735471,0.20900559335682714,-2.756213908070075e-05
2023-12-28,1.426264823873119e-12,2.3801898793784387e-12,6.153104843430202e-12,3.68024941792293e-12,4.080121777253865e-12,9.048889723290292e-12,0.0020733297315366317,2.0492686479547845e-12,0.0,0.08031969027051071,0.2675304260184575,0.2575079745922152,1.027645078647165e-12,0.18265085009250412,0.20994517490717118,-2.744564224107543e-05
2023-12-29,1.3605889500257403e-12,2.2410201622434058e-12,5.418198621256558e-12,3.786510790545111e-12,4.248832066554502e-12,8.909089246141038e-12,0.002001477414607503,1.8552284134121163e-12,0.0,0.08085183492169593,0.25000518958884455,0.2500051895915385,1.1461409558472535e-12,0.18079747024972379,0.23635959659572606,-2.0758391101946395e-05
