,ASSET_1,ASSET_2,ASSET_3,ASSET_4,ASSET_5,ASSET_6,ASSET_7,ASSET_8,ASSET_9,ASSET_10,ASSET_11,ASSET_12,ASSET_13,ASSET_14,ASSET_15,CASH
2020-12-18,0.0,0.0,0.0,0.0,0.0,0.0,0.0,0.0,0.0,0.0,0.0,0.0,0.0,0.0,0.0,1.0
2020-12-21,0.0,0.0,0.0,0.0,0.0,0.0,0.0,0.0,0.0,0.0,0.0,0.0,0.0,0.0,0.0,1.0
2020-12-22,0.0,0.0,0.0,0.0,0.0,0.0,0.0,0.0,0.0,0.0,0.0,0.0,0.0,0.0,0.0,1.0
2020-12-23,0.0,0.0,0.0,0.0,0.0,0.0,0.0,0.0,0.0,0.0,0.0,0.0,0.0,0.0,0.0,1.0
2020-12-24,0.0,0.0,0.0,0.0,0.0,0.0,0.0,0.0,0.0,0.0,0.0,0.0,0.0,0.0,0.0,1.0
2020-12-25,0.0,0.0,0.0,0.0,0.0,0.0,0.0,0.0,0.0,0.0,0.0,0.0,0.0,0.0,0.0,1.0
2020-12-28,0.0,0.0,0.0,0.0,0.0,0.0,0.0,0.0,0.0,0.0,0.0,0.0,0.0,0.0,0.0,1.0
2020-12-29,0.0,0.0,0.0,0.0,0.0,0.0,0.0,0.0,0.0,0.0,0.0,0.0,0.0,0.0,0.0,1.0
2020-12-30,0.0,0.0,0.0,0.0,0.0,0.0,0.0,0.0,0.0,0.0,0.0,0.0,0.0,0.0,0.0,1.0
2020-12-31,1.6481764172918328e-12,3.0278025510263154e-12,7.775699622941719e-12,5.5602892647614455e-12,6.0243067550740724e-12,1.0616689213790789e-11,3.8894921176588654e-11,2.524873461796757e-12,0.0,1.7177043512281313e-10,0.2500875306201494,0.2500875306258675,1.5249830730371238e-12,0.25008753044746834,0.2500875306000365,-0.0003501225428900115
2021-01-01,1.6682636781052258e-12,3.0925724641918592e-12,7.896234656302075e-12,5.6418641010147045e-12,6.0643967010495246e-12,1.073301296126106e-11,3.978712946379659e-11,2.4920750432793986e-12,0.0,1.7074031047688263e-10,0.253155552253591,0.25683854220033364,1.5182945045447805e-12,0.24067766668118054,0.2496803243266732,-0.0003520857114126174
2021-01-04,1.6772812887939896e-12,3.0995491058973942e-12,7.907825926864657e-12,5.606242507377842e-12,5.951781764417395e-12,1.0770900616898919e-11,3.9220128864734604e-11,2.5614855331620303e-12,0.0,1.687041106828895e-10,0.2499191520039651,0.25569585271081424,1.5075959279733765e-12,0.2448783816623879,0.24985750390855313,-0.0003508905327273065
2021-01-05,1.6723046692319047e-12,3.1714953982370912e-12,7.943914649602748e-12,5.678633256728734e-12,5.931956069978329e-12,1.0865562050507655e-11,3.954794737013252e-11,2.503306828095888e-12,0.0,1.7281025267039118e-10,0.2493689700698486,0.25201792799706835,1.5233289651015823e-12,0.24633002779088,0.2526352883747579,-0.0003522144842035893
2021-01-06,1.6766420633502702e-12,3.190330691498465e-12,8.074811690807437e-12,5.720596257833092e-12,5.861580846906276e-12,1.1065571007018598e-11,4.046196693939019e-11,2.6176658612386676e-12,0.0,1.7364150638592524e-10,0.24121945791068722,0.2546473083861569,1.5103762155744059e-12,0.2552528489556877,0.24923280461509162,-0.00035242012144453373
2021-01-07,1.6621951255850105e-12,3.198891597813467e-12,7.962002718632266e-12,5.813423575485442e-12,5.757855605637972e-12,1.1153773742000306e-11,3.962765783791224e-11,2.6257483653943915e-12,0.0,1.7596078659247926e-10,0.23968946195039453,0.2564920505374428,1.5226429584232565e-12,0.2594663460165396,0.244707120187815,-0.00035497894747688914
2021-01-08,1.6830166045069421e-12,3.1328529570468203e-12,7.962792944076056e-12,5.821187449129121e-12,5.842781735467044e-12,1.12354709830663e-11,3.9150570822006244e-11,2.607460491286898e-12,0.0,1.7700088965853118e-10,0.23914571598637874,0.256244815930999,1.552381001847986e-12,0.25888606831940697,0.24608075328560317,-0.0003573537783772479
2021-01-11,1.7518487545939337e-12,3.149515671723067e-12,7.96002604540992e-12,5.991421504653748e-12,5.911119889320136e-12,1.1414914738621159e-11,3.9518922535651644e-11,2.6503156003468345e-12,0.0,1.8283250467211276e-10,0.2474011514593411,0.25520368560782525,1.5519692109370332e-12,0.25049897822760236,0.2472606088499779,-0.0003644244074791174
2021-01-12,1.7622986498279518e-12,3.1564422803184235e-12,7.917253142972394e-12,5.972153741051282e-12,5.84447422575717e-12,1.1411637800616023e-11,3.981249920194478e-11,2.582264511315572e-12,0.0,1.8496001871728062e-10,0.2450594339809773,0.25751328821019526,1.6241757715890236e-12,0.2493532900535105,0.24843722993185696,-0.00036324244158327846
2021-01-13,1.7477010599085382e-12,3.158148786935286e-12,7.946544250490364e-12,5.978109458085929e-12,5.765129693659015e-12,1.1428344014207672e-11,4.0551330362270926e-11,2.5957630510130967e-12,0.0,1.840835238153129e-10,0.24777762096678219,0.2584651854705083,1.595522332356397e-12,0.25056109273476546,0.24355879160963212,-0.00036269104653824163
2021-01-14,1.7441738583277824e-12,3.1768989552838586e-12,8.004264692515875e-12,5.920559047493181e-12,5.862857876649621e-12,1.1559654739575863e-11,4.0332611102892944e-11,2.549838940663004e-12,0.0,1.8358499545467652e-10,0.2492912348279509,0.2579863423839181,1.5460054790996085e-12,0.2498722319964213,0.24321425451741463,-0.00036406398998685787
2021-01-15,1.7393618832359004e-12,3.127114195945021e-12,8.078943060419044e-12,5.7408822983756925e-12,5.9051100862984124e-12,1.1427831038712031e-11,4.0452621556834666e-11,2.5310325596452675e-12,0.0,1.8094134782295957e-10,0.2427971885619721,0.2619519813629968,1.5300355929669555e-12,0.24879119603135713,0.24682046130174543,-0.0003608275195457315
2021-01-18,1.7221138511967042e-12,3.1455206433161796e-12,8.026590898588765e-12,5.7316982664749745e-12,5.909965876683302e-12,1.1207746776904566e-11,4.002753470280214e-11,2.579557892309043e-12,0.0,1.80781062545055e-10,0.24378083478001214,0.2606893219314869,1.5667078731892054e-12,0.24793281291016994,0.2479577251563653,-0.00036069503873278696
2021-01-19,1.7412525251218853e-12,3.121744026778308e-12,8.164448056128461e-12,5.633151689698382e-12,6.029329184675024e-12,1.1158946026582892e-11,3.991454765643051e-11,2.511693234145276e-12,0.0,1.7796012927567587e-10,0.24151934715876927,0.2602404942769467,1.5940200532234085e-12,0.24903255319288453,0.2495683308687171,-0.0003607257551469177
2021-01-20,1.7186932601079697e-12,3.0858543389354527e-12,8.301549928787033e-12,5.57141035299813e-12,6.135106152977653e-12,1.1096453568144967e-11,3.981743522943813e-11,2.543572917228593e-12,0.0,1.7723149913547084e-10,0.23943699433868057,0.25939123054137536,1.5997897484565483e-12,0.2525017117292076,0.24902976758665968,-0.00035970445302459036
2021-01-21,1.7179801413661004e-12,3.117586737681666e-12,8.28430220459933e-12,5.5569921856827744e-12,5.985120259490533e-12,1.065699239112979e-11,3.97836938611717e-11,2.5248432568276496e-12,0.0,1.7683881580278165e-10,0.2377810899273294,0.2627611867507538,1.5927731717099284e-12,0.2476074326191602,0.252207684724662,-0.0003573942779644425
2021-01-22,1.7090955650338884e-12,3.124490828824817e-12,8.216300010099665e-12,5.4987928411887605e-12,5.973182942935682e-12,1.0626924410461151e-11,3.9922872226887325e-11,2.507866378521165e-12,0.0,1.7514677878312068e-10,0.24015218548050085,0.26070719224230166,1.581469431148852e-12,0.25136013928993073,0.24813668888852275,-0.0003562061555637431
2021-01-25,1.693907930639657e-12,3.137508129991625e-12,8.221002117925474e-12,5.469704753950733e-12,5.995549532872439e-12,1.0757142745178552e-11,4.015514137659062e-11,2.5338173545106945e-12,0.0,1.7526538422723619e-10,0.2426958760066937,0.26004147290050883,1.567520949203136e-12,0.2502102170269903,0.2474106252798173,-0.0003581914688068581
2021-01-26,1.713084252470937e-12,3.2375685249311064e-12,8.222341664441972e-12,5.487024284667856e-12,6.038953467279518e-12,1.0898657397639908e-11,4.0623119360750644e-11,2.6008071161900802e-12,0.0,1.701504583811197e-10,0.24271752618106843,0.2670287363185199,1.537039876875637e-12,0.23845992907008134,0.25215475698619355,-0.0003609488063722733
2021-01-27,1.7360422794511722e-12,3.237392110658682e-12,8.225408171010807e-12,5.4865436368046414e-12,6.114719911308156e-12,1.0932425662227163e-11,4.135384266295514e-11,2.5237563417045054e-12,0.0,1.6907198561204308e-10,0.24445617128691247,0.2676193922563056,1.5763436965685136e-12,0.23302185560414068,0.25526745423093183,-0.0003648736285489765
2021-01-28,1.7244185094503388e-12,3.2590496111241504e-12,8.085649473833302e-12,5.441851752681437e-12,5.910212462448832e-12,1.0472496657665718e-11,4.133423623411133e-11,2.494002946548506e-12,0.0,1.635403731179203e-10,0.2436475648210089,0.27285194179815764,1.569572561941104e-12,0.23149224324271336,0.25236870727630906,-0.0003604573820208152
2021-01-29,1.6476333893946675e-12,3.026804975017421e-12,7.773137748028974e-12,5.558457305418139e-12,6.0223219149836765e-12,1.0613191312499314e-11,3.888210639108672e-11,2.5240415868153028e-12,0.0,1.717138415827034e-10,0.2500051337939146,0.25000513379963085,1.5244806338912434e-12,0.25000513362129034,0.2500051337738083,-2.0535237930009403e-05
2021-02-01,1.6294881347233519e-12,3.0428939118358863e-12,7.986689000118004e-12,5.610591079344443e-12,6.040573349323797e-12,1.0799955529731615e-11,3.914036747195315e-11,2.5411978558668226e-12,0.0,1.7300453956484557e-10,0.25518833914567274,0.24744893916887734,1.5687551258051645e-12,0.2505828630418695,0.24680046383884083,-2.0605446625375904e-05
2021-02-02,1.6728668149497175e-12,3.0858353741735794e-12,8.189817066650652e-12,5.687557829779856e-12,6.139710358862056e-12,1.1055002874741084e-11,3.997019789647834e-11,2.5119162444153078e-12,0.0,1.7853473803136773e-10,0.25905377816540653,0.24951928586627847,1.5579925534726657e-12,0.24993203199030242,0.24151585603561634,-2.0952316009246106e-05
2021-02-03,1.6565213658303407e-12,3.0401698930706045e-12,8.033306502149496e-12,5.633452857771996e-12,6.11313623768955e-12,1.1253092464193613e-11,3.881592071718536e-11,2.5311538967682486e-12,0.0,1.7486496794030582e-10,0.2576861741500142,0.24548561924993179,1.5498032273892637e-12,0.2546297311483476,0.24221923854187974,-2.076334366480118e-05
2021-02-04,1.6809606175653793e-12,3.0569842447732955e-12,7.98330969945621e-12,5.676106818067225e-12,6.2648424485500275e-12,1.1143598480052907e-11,3.8648702983160346e-11,2.561295422788621e-12,0.0,1.7446912678823973e-10,0.25852592781385597,0.24228191001575494,1.5389301514695836e-12,0.26054121827904214,0.23867190839686486,-2.0964758541755004e-05
2021-02-05,1.6569802103023952e-12,3.040134608826794e-12,8.053630589189526e-12,5.668537538409193e-12,6.235447720826046e-12,1.1160908125443296e-11,3.77764972036203e-11,2.581932152307401e-12,0.0,1.7355134181066394e-10,0.2630322575340916,0.23794926350494838,1.5712297356755045e-12,0.2615907330858174,0.2374487238785987,-2.097825475272117e-05
2021-02-08,1.6538849763567467e-12,3.0318162421007496e-12,8.146481557445621e-12,5.589596286942081e-12,6.168019266832692e-12,1.1291772738613632e-11,3.741631050635731e-11,2.6109978839838896e-12,0.0,1.7222341322409608e-10,0.26556227296734536,0.23300003468319108,1.589893398339585e-12,0.26219620063798155,0.23926243030673244,-2.0938844972586704e-05
2021-02-09,1.6549804711231912e-12,3.001205021474817e-12,8.246930104592847e-12,5.494889965193438e-12,6.186745138609076e-12,1.1507384798895956e-11,3.777481149958919e-11,2.701860520841446e-12,0.0,1.7167947664294002e-10,0.26756286329034246,0.23447073209549693,1.556819160412313e-12,0.25955413754898266,0.2384333439198624,-2.1077104489559137e-05
2021-02-10,1.620915462573263e-12,2.9986098377568935e-12,8.213926042726591e-12,5.38250474307363e-12,6.209284223662657e-12,1.159868665893026e-11,3.784494339467385e-11,2.686295098041291e-12,0.0,1.7329746201032043e-10,0.26860142532789794,0.2309644695231752,1.5627549658274314e-12,0.26493889309225366,0.23551625579370222,-2.104398844435926e-05
2021-02-11,1.6665768435734977e-12,3.0071638253711986e-12,8.284549398355601e-12,5.385175173503967e-12,6.277813234156309e-12,1.1434108193238685e-11,3.7880130775648256e-11,2.666913709007258e-12,0.0,1.7745762376237758e-10,0.27371068627118306,0.22361165229043445,1.6325353542407373e-12,0.2686436610382664,0.23405521223443962,-2.121209001608688e-05
2021-02-12,1.6577443666742004e-12,2.9922041647653158e-12,8.169651525392505e-12,5.361293806568778e-12,6.189985376406207e-12,1.1299383390701143e-11,3.7281451380657555e-11,2.5955957424124794e-12,0.0,1.7790158069580475e-10,0.2742004965763184,0.22523819663472705,1.6312547648286516e-12,0.26433231649869093,0.23625005425210682,-2.106421692329975e-05
2021-02-15,1.6199956575265177e-12,2.935136016332023e-12,8.003604385908448e-12,5.373484262304491e-12,6.198483055307804e-12,1.1257006466839823e-11,3.7446005298615456e-11,2.5379376296148207e-12,0.0,1.7581190190060927e-10,0.27523759661165936,0.22260488710824936,1.6044619975802483e-12,0.26434421694124216,0.23783414693284285,-2.0847846781705155e-05
2021-02-16,1.6051527234310703e-12,2.924996316127056e-12,7.8899135297751e-12,5.204991319304318e-12,6.196465523401242e-12,1.1313960469516555e-11,3.7477080390379376e-11,2.46125035210201e-12,0.0,1.6931685065224235e-10,0.2806144324741661,0.21796916886130285,1.6356454200065116e-12,0.26822610536929,0.2332110770136669,-2.0783964452139466e-05
2021-02-17,1.5748164790228371e-12,2.91112861986633e-12,7.753650267462724e-12,5.168368796887092e-12,6.109777561548793e-12,1.0965567379351204e-11,3.6054048301972924e-11,2.4491807347892838e-12,0.0,1.665152633789532e-10,0.2815042831996061,0.22050957404112934,1.6148871737814464e-12,0.26445079668122484,0.23355595349086153,-2.0607653938430795e-05
2021-02-18,1.549585974763714e-12,2.908322766710026e-12,7.774990418379118e-12,5.192242882269866e-12,5.947386415327733e-12,1.082485556017678e-11,3.5517251076340906e-11,2.445176570641363e-12,0.0,1.698730424357401e-10,0.27842148846951126,0.2180178912108311,1.6426646293869964e-12,0.2651144885676348,0.2384666682461609,-2.0536737813545236e-05
2021-02-19,1.5530118876385703e-12,2.8728603113833184e-12,7.659571239863493e-12,5.0976419276569546e-12,5.992796566435553e-12,1.0985687435302669e-11,3.639100220778502e-11,2.4735998367741028e-12,0.0,1.6830036113486378e-10,0.2731451280588278,0.22109840840452527,1.6544077945945037e-12,0.2655941843013642,0.24018280107324563,-2.0522080943902437e-05
2021-02-22,1.5598667786055458e-12,2.914222125746324e-12,7.77763632674067e-12,5.136859545455635e-12,6.0632570453763206e-12,1.1074653211436229e-11,3.6219761863629334e-11,2.5040026969054666e-12,0.0,1.7132826159776824e-10,0.26830185468372564,0.22253483947894737,1.6326504791421592e-12,0.2687339676974804,0.24044988373789736,-2.054584426194039e-05
2021-02-23,1.5541499952585109e-12,2.9605926910089704e-12,7.819020383391957e-12,5.249288599482837e-12,6.134236410844307e-12,1.1261231549657669e-11,3.617175341355364e-11,2.512336453255677e-12,0.0,1.7566010001967906e-10,0.27885744227745984,0.22212322137596355,1.6833138779027923e-12,0.2611986105579811,0.23784150508770643,-2.0779550117001938e-05
2021-02-24,1.5498522579104914e-12,2.9386885517309193e-12,7.734580494771477e-12,5.308098551761734e-12,6.157837257784996e-12,1.1389473675712254e-11,3.674684589743133e-11,2.5383078558447943e-12,0.0,1.7662985618800837e-10,0.2753130089429763,0.2275924321522766,1.6770699525742786e-12,0.25847332706547316,0.2386421389384728,-2.090735186938779e-05
2021-02-25,1.5405265972265805e-12,2.9340487816083008e-12,7.784162049007745e-12,5.343773667250923e-12,6.107396080518394e-12,1.1349630106523666e-11,3.738392380848148e-11,2.5633885919888604e-12,0.0,1.8038308079151747e-10,0.28123060633938674,0.2229191954371973,1.7045858270252818e-12,0.25899759586936566,0.23687356025765754,-2.0958160701714788e-05
2021-02-26,1.6476364220369005e-12,3.0268105461697523e-12,7.773152055305079e-12,5.558467536342375e-12,6.022332999699426e-12,1.0613210847192171e-11,3.888217795768565e-11,2.5240462325788345e-12,0.0,1.7171415764005652e-10,0.2500055939546106,0.25000559396032684,1.524483439857901e-12,0.2500055937819861,0.2500055939345043,-2.23758807143697e-05
2021-03-01,1.6641717314742057e-12,3.037397453789442e-12,7.803664339063446e-12,5.610200556346225e-12,6.03308538424897e-12,1.0852811568362835e-11,3.95058636815263e-11,2.567243539609025e-12,0.0,1.7231676261724989e-10,0.24997747225601002,0.24694632877460587,1.5415269176949388e-12,0.24876085908898413,0.2543378115377664,-2.2471908299144494e-05
2021-03-02,1.6632648146449036e-12,3.1201970160528937e-12,7.803268170316662e-12,5.679144268086551e-12,6.150662718219799e-12,1.087906590017479e-11,4.035329993961766e-11,2.547415367874165e-12,0.0,1.7406445543873278e-10,0.2500266772177991,0.24815188091891763,1.5790414626342183e-12,0.24858263952048026,0.2532614866443196,-2.2684555356372815e-05
2021-03-03,1.6561422951384899e-12,3.076349576998383e-12,7.939635124058291e-12,5.630347201368046e-12,6.1998569555055195e-12,1.0885889527847547e-11,3.973660279317322e-11,2.542116246617594e-12,0.0,1.7321938371927972e-10,0.2543694455557516,0.25195166569331423,1.6015147870551304e-12,0.24605138274055957,0.24765013605466174,-2.2630296775017215e-05
2021-03-04,1.6396482558908136e-12,3.0696412498306014e-12,7.953431562816828e-12,5.4675771871031205e-12,6.173990361291691e-12,1.0863819932661999e-11,3.942873861852578e-11,2.5782969413722807e-12,0.0,1.7604576146495021e-10,0.25249027471035623,0.2549429971968686,1.6411021296954152e-12,0.2509671335570516,0.24162212535695707,-2.253107609533638e-05
2021-03-05,1.6301062279175555e-12,3.0485074326395195e-12,7.968459729061033e-12,5.492181671982213e-12,6.090808935839045e-12,1.0837494249964453e-11,3.822894970737687e-11,2.622462993364708e-12,0.0,1.7563856630146053e-10,0.2504333686266945,0.2590594701331075,1.554607511712917e-12,0.2501224544958701,0.24040715580348776,-2.2449312272020885e-05
2021-03-08,1.635469990729002e-12,3.125461181338813e-12,7.952622535401686e-12,5.5834367822183335e-12,6.164404209802656e-12,1.1098122421179264e-11,3.8179521699494763e-11,2.6154943547815243e-12,0.0,1.7818832139319618e-10,0.24609665422989105,0.25873705024788063,1.5775876026461053e-12,0.25596526325663754,0.23922364764360715,-2.2615634136726907e-05
2021-03-09,1.6030655477489435e-12,3.167040205833149e-12,7.910581701824208e-12,5.4979904715148364e-12,6.000277907379172e-12,1.1304531325292307e-11,3.85558812916707e-11,2.628345496686103e-12,0.0,1.814248977337968e-10,0.2546131832863494,0.25474443458044177,1.5896851939337293e-12,0.25049226616961623,0.24017290630828045,-2.279060437007435e-05
2021-03-10,1.5892215206294632e-12,3.1671312831931634e-12,7.865041488948083e-12,5.5028775163611905e-12,6.014084875706339e-12,1.1545244649042333e-11,3.8156383738006555e-11,2.5774713062170385e-12,0.0,1.7808271000676918e-10,0.2591526963320113,0.25200846121712533,1.5645291527253001e-12,0.24686787991286602,0.2419936047664565,-2.2642484523862927e-05
2021-03-11,1.580109823710901e-12,3.1332789187242917e-12,7.972879685524631e-12,5.426141113085794e-12,5.991793948694489e-12,1.159395911429679e-11,3.716419533527552e-11,2.58449444681232e-12,0.0,1.7963562262237918e-10,0.2541014361365541,0.2539484996433854,1.5886360107985566e-12,0.24976752659854118,0.2422050791576954,-2.2541792847210394e-05
2021-03-12,1.5726239170849307e-12,3.107118008587012e-12,8.079241204534258e-12,5.369291128777476e-12,5.901860707852023e-12,1.1664593589120708e-11,3.667713472109993e-11,2.5436880473999146e-12,0.0,1.778788880450338e-10,0.2531837436090906,0.25441662687820427,1.6115584822088388e-12,0.2516120085337354,0.24081010039477851,-2.2479670214746974e-05
2021-03-15,1.5540559467582095e-12,3.0921642567543777e-12,8.109181776212506e-12,5.324004086600641e-12,5.8104847714403155e-12,1.1403119695594113e-11,3.5610001505527645e-11,2.542647173407771e-12,0.0,1.7773143285887049e-10,0.2502124806529106,0.2579413744464027,1.582508841797139e-12,0.2535350703984806,0.23833332575924604,-2.2251509799363383e-05
2021-03-16,1.5375780787121155e-12,3.0956044494797147e-12,8.105724062425765e-12,5.3201478808132126e-12,5.7884703136047446e-12,1.134352205573591e-11,3.6584340985842077e-11,2.5731930116046493e-12,0.0,1.772153956039121e-10,0.25312233862922096,0.25900465062471845,1.5760394649431336e-12,0.2509943463091475,0.23690080262526897,-2.2138441495939776e-05
2021-03-17,1.4949521298695198e-12,3.1094195554758695e-12,8.081962063434332e-12,5.430251220389362e-12,5.8037919284699614e-12,1.1197880264572497e-11,3.664995478561684e-11,2.541383548065092e-12,0.0,1.784699834983006e-10,0.25771143477169906,0.2562170769680793,1.5811406157984978e-12,0.2454071265593033,0.24068654635602274,-2.2184909465083074e-05
2021-03-18,1.5029003471206986e-12,3.126402463458251e-12,8.08589773679722e-12,5.4588030725264855e-12,5.9199910940950035e-12,1.116314176213742e-11,3.673992384818312e-11,2.5038054905924303e-12,0.0,1.7886023876107243e-10,0.262500270806037,0.25529453659884205,1.575783959009295e-12,0.24377884163607427,0.2384485403683706,-2.218966426085671e-05
2021-03-19,1.5003881492755265e-12,3.065420253074763e-12,8.161736988999154e-12,5.393511666728054e-12,5.946018861788015e-12,1.0934125930511549e-11,3.691296912434908e-11,2.516903762188966e-12,0.0,1.7536221583471108e-10,0.26246347319478885,0.24916619003692156,1.5623547051589419e-12,0.24733633352671217,0.24105608962045647,-2.2086630234622385e-05
2021-03-22,1.4844375743161009e-12,3.0025620982492004e-12,8.130546331695941e-12,5.3370479824267755e-12,5.716855148275843e-12,1.0926401043277603e-11,3.6509577583330424e-11,2.532708849543102e-12,0.0,1.6496440812328486e-10,0.2608830823149595,0.24777116440610425,1.5002049941473971e-12,0.2403999588158088,0.25096763858294224,-2.1844359919530546e-05
2021-03-23,1.4927572642518864e-12,3.050623386386365e-12,8.142649728118965e-12,5.2538897483745685e-12,5.754272241069238e-12,1.0983490282110992e-11,3.662805536486257e-11,2.550635465093544e-12,0.0,1.6602411783804064e-10,0.25779342417508,0.25200868982480246,1.46174962619032e-12,0.23347954876593233,0.25674036301720954,-2.202602436658199e-05
2021-03-24,1.5098249033522542e-12,3.0690971932761226e-12,8.073461767152395e-12,5.246129761749513e-12,5.774490367545138e-12,1.0831456872410243e-11,3.650876736436194e-11,2.5917438211131084e-12,0.0,1.6607656404019148e-10,0.26275074570579965,0.24556280814848216,1.4889393755043713e-12,0.23166735931220908,0.26004125385497895,-2.2167262640291266e-05
2021-03-25,1.5056103102097308e-12,3.108797938133402e-12,7.994082265429638e-12,5.281958074016038e-12,5.752939331659128e-12,1.0806121525106304e-11,3.640792467313162e-11,2.560041250080821e-12,0.0,1.6588244037272346e-10,0.2637325189756541,0.2458782642682937,1.5096093841889084e-12,0.23554425101800122,0.2548671183464941,-2.215284925271311e-05
2021-03-26,1.5146083334016943e-12,3.064757768519806e-12,8.027469445614566e-12,5.308185700236545e-12,5.607595709986671e-12,1.0796588866031614e-11,3.6103838207920043e-11,2.5274170284349612e-12,0.0,1.638783365837e-10,0.2597868614396479,0.24572389821569718,1.5248991184524805e-12,0.23450302895262676,0.26000831059369933,-2.2099440024775043e-05
2021-03-29,1.5016736826484802e-12,2.9568442346351256e-12,7.874368969016987e-12,5.2032801943564364e-12,5.564794616462542e-12,1.0294026647812502e-11,3.684818249094983e-11,2.512583029484968e-12,0.0,1.6467383579147896e-10,0.2660828402541704,0.24604589875638033,1.5298843496532983e-12,0.23197600730859372,0.2559170504683235,-2.1797026427516162e-05
2021-03-30,1.4695186816910727e-12,2.8823726013016416e-12,7.683572826575065e-12,5.03604445552679e-12,5.465804219264233e-12,9.9019539190925e-12,3.6321465941680965e-11,2.469102038203033e-12,0.0,1.6060482759445197e-10,0.2746688276023881,0.24748958063221982,1.4715587590393848e-12,0.22908526461653714,0.24877774926824647,-2.1422352697743372e-05
2021-03-31,1.6476284175727958e-12,3.0267958414715284e-12,7.773114292170095e-12,5.558440532475942e-12,6.02230374230521e-12,1.0613159286626912e-11,3.888198906225119e-11,2.5240339703848233e-12,0.0,1.717133234270028e-10,0.25000437939005254,0.25000437939576875,1.5244760336893982e-12,0.25000437921742885,0.25000437936994635,-1.751762248182699e-05
2021-04-01,1.641719084116162e-12,3.0021193337559363e-12,7.75830846312133e-12,5.574388511576744e-12,5.9701830011978436e-12,1.0658032056251235e-11,3.816263700115611e-11,2.4949389537391662e-12,0.0,1.7409656744382194e-10,0.24953532002647041,0.2468251879650186,1.5038230431377667e-12,0.24944261430499243,0.254214465378343,-1.7587925687279687e-05
2021-04-02,1.6268817161263705e-12,2.9343866669939407e-12,7.526871786345138e-12,5.4932790665389194e-12,5.806794889370492e-12,1.0401808484233816e-11,3.816588238642993e-11,2.4801106428854337e-12,0.0,1.6769085628005055e-10,0.24603915952425992,0.24689050084615594,1.4680436307296294e-12,0.2511617619321145,0.25592585148552904,-1.7274031654315292e-05
2021-04-05,1.6549410824285678e-12,2.9479690586178268e-12,7.586441488821343e-12,5.591271543936412e-12,5.847802119329492e-12,1.035200216139933e-11,3.799847142727014e-11,2.4927350801139974e-12,0.0,1.6761281687692583e-10,0.2508554776128448,0.2381989454519103,1.510337078136598e-12,0.2567764905724906,0.2541863827333056,-1.729661414604718e-05
2021-04-06,1.6603220762250736e-12,2.942626246370168e-12,7.673224765272016e-12,5.644188925796615e-12,5.738253149706751e-12,1.0411881368947738e-11,3.782851526598303e-11,2.4914816186120104e-12,0.0,1.7188077658652465e-10,0.25467423488629237,0.2348598885721563,1.472722509897767e-12,0.25458916266086595,0.25589397443513684,-1.7260802195434426e-05
2021-04-07,1.6754677628061348e-12,3.0004101867590997e-12,7.792016705144486e-12,5.746470317535312e-12,5.801079841676919e-12,1.0297826147823007e-11,3.7993043612808965e-11,2.5466982381746545e-12,0.0,1.744513769157141e-10,0.25516452337971285,0.23243130144711016,1.4800874214974246e-12,0.25786763692996206,0.2545539133651081,-1.7375372677736235e-05
2021-04-08,1.6865453385266505e-12,2.9982896406047775e-12,7.956480571533455e-12,5.778283544719688e-12,5.956401823844779e-12,1.0594148273707319e-11,3.829418514096942e-11,2.533050832593528e-12,0.0,1.7202064354835853e-10,0.2517701639546649,0.24001635729933868,1.4967404571105928e-12,0.26209439552517216,0.24613660878097623,-1.7525809466726987e-05
2021-04-09,1.677192290520189e-12,3.0429576760577476e-12,8.02816208190737e-12,5.802695793771093e-12,6.032958012624707e-12,1.088099323121415e-11,3.8409384361072615e-11,2.5508484490318268e-12,0.0,1.7949283919024886e-10,0.24470166360419213,0.24427537872695998,1.502957862431908e-12,0.26644387720635665,0.24459670483078724,-1.762462571699675e-05
2021-04-12,1.6841750870183547e-12,3.0791409775535388e-12,8.336846526654717e-12,5.884083971200562e-12,5.999133218344622e-12,1.0873509137217562e-11,3.835758197558137e-11,2.4979536328304927e-12,0.0,1.8242051573931174e-10,0.2408306736675214,0.24982314522617943,1.523348949897705e-12,0.2641947763562134,0.2451691071714112,-1.7702681981815134e-05
2021-04-13,1.7098344670505848e-12,3.1025060166854022e-12,8.339225573092418e-12,5.8693259592337656e-12,6.006199328272441e-12,1.0805149759453845e-11,3.727951432159871e-11,2.5710825075157907e-12,0.0,1.836188676626258e-10,0.2407052737983226,0.2468358782750356,1.519101072990384e-12,0.25662769374582634,0.25584885545893665,-1.770153894204709e-05
2021-04-14,1.643514476973653e-12,2.985925961580333e-12,8.072265631337124e-12,5.793076206447704e-12,5.843052420314391e-12,1.0343545533800984e-11,3.6876323579528175e-11,2.5269185328060257e-12,0.0,1.8060879983223962e-10,0.2432432644174871,0.24898568476804536,1.4601118573499472e-12,0.25706093880195124,0.2507273240662574,-1.721230989473196e-05
2021-04-15,1.6551471973153034e-12,2.9417661381223117e-12,8.076823599339388e-12,5.753049831599361e-12,5.916365427896559e-12,1.0511718189804644e-11,3.59344654167136e-11,2.532572870353756e-12,0.0,1.8055521003550537e-10,0.24676323586023374,0.25112755143900106,1.4728164932908386e-12,0.256486707688122,0.24563975412441172,-1.7249367118505494e-05
2021-04-16,1.6361369809730726e-12,2.9603059228911774e-12,8.071709684420206e-12,5.7392294059047816e-12,5.881278086118849e-12,1.0462654749889185e-11,3.641550795913792e-11,2.518775637186249e-12,0.0,1.8252083726817316e-10,0.24579306252080643,0.2511127193227572,1.5134948802329114e-12,0.25625436192189605,0.24685708640620624,-1.7230429385919842e-05
2021-04-19,1.6237124926642037e-12,2.964393093658677e-12,8.154405247107129e-12,5.6575163938027506e-12,5.9174229420437755e-12,1.0515206474881173e-11,3.657258797190418e-11,2.5654557879417603e-12,0.0,1.874237527706259e-10,0.2427744739194185,0.2526690681868316,1.5216862866420514e-12,0.2522573410041633,0.2523164053742491,-1.728874757860033e-05
2021-04-20,1.6600849449436204e-12,2.965240202601077e-12,8.202853002782462e-12,5.665915861921327e-12,5.8693248399419614e-12,1.0275637717061142e-11,3.6246012271080596e-11,2.516441119838402e-12,0.0,1.8721711023868242e-10,0.24158693547864313,0.25664810380534436,1.4928965952836392e-12,0.24893263268384033,0.2528496205141351,-1.729274407441017e-05
2021-04-21,1.6721315098328063e-12,2.9731136111808934e-12,8.205251529277953e-12,5.657643828654653e-12,5.884138667762049e-12,1.027853297671589e-11,3.5661154995182485e-11,2.5124413670004843e-12,0.0,1.8704319894416937e-10,0.23919008753940857,0.26706989175319623,1.488719884315721e-12,0.2420636831337849,0.25169358446196693,-1.7247149733066077e-05
2021-04-22,1.684406078015664e-12,3.0308799422975672e-12,8.173246583397578e-12,5.568878112492706e-12,5.957582211932811e-12,1.012250937648668e-11,3.5543191169066245e-11,2.5098324208962393e-12,0.0,1.8954957966743503e-10,0.23718278084523842,0.26656399446178053,1.4924598398941745e-12,0.2434007967404139,0.25286971318645285,-1.72854975182848e-05
2021-04-23,1.6861535356575617e-12,3.0474723121754975e-12,8.183166670544189e-12,5.581147371257398e-12,5.825828025326761e-12,1.0099372252273986e-11,3.5669445379035e-11,2.5284724627525214e-12,0.0,1.8708317761621358e-10,0.2343233922656335,0.2682335814310761,1.5153746020848207e-12,0.24094179020195655,0.2565184648703924,-1.722903027823182e-05
2021-04-26,1.6972265494545461e-12,3.060143307292007e-12,8.208997496318708e-12,5.659789796534187e-12,5.8810807832084414e-12,1.0451567406923912e-11,3.5455479721389997e-11,2.561279853350743e-12,0.0,1.8560262105060892e-10,0.2356126779584297,0.2703894406756929,1.6020710683515935e-12,0.24151798099771254,0.2524972186387125,-1.7318530727961818e-05
2021-04-27,1.7119501008075955e-12,3.014184320944156e-12,8.251178030253538e-12,5.695733279553814e-12,5.974616358549908e-12,1.064786558345658e-11,3.5434693232334925e-11,2.5718642378757483e-12,0.0,1.835094475895188e-10,0.2383021125905732,0.26627349213988427,1.6006348389327136e-12,0.23867020538630937,0.25677160999901993,-1.7420374198988916e-05
2021-04-28,1.7488764630178358e-12,2.9878700426925127e-12,8.122754382311657e-12,5.713511923799215e-12,6.0031777600149505e-12,1.072701574194956e-11,3.538491962271385e-11,2.576540852555556e-12,0.0,1.8735424434710179e-10,0.23185735210363698,0.26588374955179833,1.6143757983945618e-12,0.23581691615147055,0.26645947679122717,-1.7494860366281463e-05
2021-04-29,1.7175726254835489e-12,2.950959869542448e-12,8.074172657553357e-12,5.607319427055689e-12,5.798966237415213e-12,1.0541883685518468e-11,3.545309670804814e-11,2.5340554184993063e-12,0.0,1.8781860842550316e-10,0.22792012463710057,0.26052251782709,1.5997793020809866e-12,0.23635230761443624,0.27522233170560617,-1.7282046329509986e-05
2021-04-30,1.6476381465370578e-12,3.026813714183759e-12,7.773160191081734e-12,5.55847335411747e-12,6.0223393029797295e-12,1.0613221955518942e-11,3.888221865375251e-11,2.524048874374116e-12,0.0,1.717143373648356e-10,0.25000585562319255,0.25000585562890876,1.5244850354598774e-12,0.25000585545056786,0.25000585560308625,-2.342255504219099e-05
2021-05-03,1.658703819332711e-12,2.9971084248002604e-12,7.677361753330774e-12,5.444851531863036e-12,6.1755319454408575e-12,1.0364228132685365e-11,3.827804488486465e-11,2.5140876585288385e-12,0.0,1.7257202183300247e-10,0.25482754370083605,0.24970221147178437,1.481824936314943e-12,0.24644404534266906,0.24904938350629743,-2.318427075072568e-05
2021-05-04,1.685329593604899e-12,2.9446828454863096e-12,7.750880681636702e-12,5.437890509970914e-12,6.217740396839365e-12,1.0316738640143625e-11,3.771990429937985e-11,2.5326460828761334e-12,0.0,1.7462033323961793e-10,0.2539732713380081,0.24640768852491454,1.4368718267682138e-12,0.24935818754902156,0.2502839527335748,-2.3100396182051774e-05
2021-05-05,1.6537741295589028e-12,2.900339993231228e-12,7.637542646190989e-12,5.294051268623625e-12,6.097044795134149e-12,1.0069714689146082e-11,3.715287789137791e-11,2.4823524376027085e-12,0.0,1.7840120577620164e-10,0.25668604046364535,0.2408896075164034,1.4302364035035206e-12,0.24891163592615254,0.2535355879013874,-2.2872060707909925e-05
2021-05-06,1.650092377443203e-12,2.9487594438017294e-12,7.634936093412582e-12,5.2423077465082804e-12,6.185504967623895e-12,1.0294608438064047e-11,3.867026055213965e-11,2.454188130276618e-12,0.0,1.782961395648558e-10,0.26145842036159106,0.23629312633807062,1.4068006439936798e-12,0.24684716654067984,0.2554242809478459,-2.29944429711479e-05
2021-05-07,1.6221281004240114e-12,2.9359880644680917e-12,7.635430703091393e-12,5.220970773628517e-12,6.238713795559295e-12,1.0237536490088621e-11,3.7624918607030296e-11,2.4746749780525227e-12,0.0,1.788792636238347e-10,0.2652576865897605,0.23557745184602627,1.3553357130126748e-12,0.24014801596362254,0.25903958332745586,-2.2737981090193084e-05
2021-05-10,1.6254456071782715e-12,2.9491576056021136e-12,7.726509292450722e-12,5.2823232949343996e-12,6.283390986541355e-12,1.024885705483314e-11,3.7609274043493694e-11,2.514391890677449e-12,0.0,1.7886078993741838e-10,0.27096661356549046,0.23599603508897776,1.3404178260018585e-12,0.2377801152711534,0.2552800522386908,-2.2816418752969474e-05
2021-05-11,1.6238346732201689e-12,2.9908071892795965e-12,7.671937142213816e-12,5.302592849172505e-12,6.2438745583440915e-12,1.0232312021460708e-11,3.6907669546101174e-11,2.5110101521902243e-12,0.0,1.8069246948737243e-10,0.27245481731074095,0.2316654434124263,1.3685390370572384e-12,0.23915763645914961,0.2567449506465392,-2.284808440109208e-05
2021-05-12,1.6263521583589526e-12,2.980088934375824e-12,7.703004052162327e-12,5.340703081671766e-12,6.1221030686510734e-12,1.0179720531498274e-11,3.684718247925936e-11,2.524750453932119e-12,0.0,1.7886662782713082e-10,0.27077738126830175,0.23011069546116766,1.351968941544552e-12,0.23812214453117783,0.26101265943775603,-2.2880951945887824e-05
2021-05-13,1.5991737978839946e-12,2.97265544578803e-12,7.510299256902964e-12,5.2705559792702725e-12,6.05668489820229e-12,1.0328799116002293e-11,3.646625984689198e-11,2.4298022183881908e-12,0.0,1.7778529405901592e-10,0.27167919862827977,0.2300593834504627,1.3471482877451312e-12,0.2415925495743681,0.2566915884146121,-2.2720319489311766e-05
2021-05-14,1.6053154484138814e-12,2.9102571264190325e-12,7.403317337559736e-12,5.138130608502864e-12,6.0095304607283435e-12,1.0276901004005215e-11,3.636148841646559e-11,2.4212861429029736e-12,0.0,1.7649448946145088e-10,0.26395434552404123,0.23434483996450667,1.3342972594057355e-12,0.23843370133787545,0.26328972480578694,-2.26118821654388e-05
2021-05-17,1.5756178770907615e-12,2.857490779650999e-12,7.2660415458270795e-12,5.099425694191645e-12,6.0003685913323724e-12,1.0304806262750075e-11,3.73723029372872e-11,2.3285381702520966e-12,0.0,1.738155706768692e-10,0.2597324631881936,0.23038007941745636,1.3044871543742193e-12,0.24415689130100918,0.2657530185159195,-2.245267050312369e-05
2021-05-18,1.579446222401261e-12,2.903049985992841e-12,7.163592493211637e-12,5.03311383006175e-12,5.8552237975560225e-12,1.0236433257692438e-11,3.754300635616896e-11,2.3375490246226236e-12,0.0,1.7042913579556468e-10,0.2637661570828624,0.23189459925793088,1.3246293582084361e-12,0.23634817247091208,0.26801356877363386,-2.249782974422991e-05
2021-05-19,1.567643483190353e-12,2.9024183110220854e-12,7.2326434334762576e-12,5.057903052343068e-12,5.817295536354352e-12,1.0277521260387692e-11,3.691279332675043e-11,2.3851231113562863e-12,0.0,1.7408879011789725e-10,0.26258336368064655,0.23079022357640025,1.3122757384510985e-12,0.24111882587871658,0.2655301652542661,-2.2578637583957903e-05
2021-05-20,1.5857614765178899e-12,2.906977965319249e-12,7.117222050104695e-12,5.052552857786278e-12,5.7658060043275535e-12,1.0339332656144481e-11,3.652345813432251e-11,2.430028668357619e-12,0.0,1.7459709709702215e-10,0.26688966137960257,0.23589015715078224,1.319391027699539e-12,0.23911217682067004,0.25813070124432325,-2.2696843015728538e-05
2021-05-21,1.580943391003871e-12,2.898910326766373e-12,7.150545992339009e-12,5.0504185656652666e-12,5.834788343388868e-12,1.0295092016374426e-11,3.662804372551277e-11,2.4798459871327244e-12,0.0,1.7508357507450822e-10,0.2652796050960423,0.2342527321016511,1.3046547817968807e-12,0.23766410188969797,0.2628263316427514,-2.277097844956465e-05
2021-05-24,1.5802043216596865e-12,2.864053235100385e-12,7.299354158334147e-12,5.0776597169215755e-12,5.74509860196457e-12,1.0254939001814651e-11,3.67489693522054e-11,2.5443860085530107e-12,0.0,1.7807066918290882e-10,0.27181027557552007,0.23221980600275988,1.3008659374910882e-12,0.2336449983149365,0.26234772347524243,-2.280361994515581e-05
2021-05-25,1.570963047961183e-12,2.8673871486021733e-12,7.345031592404067e-12,5.006803589170882e-12,5.577593780840081e-12,1.019715908911859e-11,3.669768655899804e-11,2.539826236933439e-12,0.0,1.774785522196768e-10,0.2770250605261835,0.2325008076026468,1.2856707492332382e-12,0.2303269411430539,0.26016986407898135,-2.267360143235169e-05
2021-05-26,1.5963192696222345e-12,2.8640589950152303e-12,7.348780661708074e-12,4.982851119439089e-12,5.656453443545103e-12,1.0461813041873784e-11,3.695175458890821e-11,2.545007018558555e-12,0.0,1.7107025289231677e-10,0.2806338982516339,0.23325513569645545,1.2966350567128033e-12,0.2275779794156004,0.2585556706282455,-2.2684236709203686e-05
2021-05-27,1.5940426619502697e-12,2.9008944887560373e-12,7.337197425849441e-12,5.114907447723619e-12,5.700723443601751e-12,1.0317568945838377e-11,3.6984928912861834e-11,2.5282297161252372e-12,0.0,1.7579314389379226e-10,0.28460942053307337,0.23600670537825547,1.304047293783961e-12,0.22247881507537173,0.2569277944393062,-2.273567558238414e-05
2021-05-28,1.6344636464860055e-12,2.919669965460089e-12,7.260290629478557e-12,5.190116658523623e-12,5.789833937774132e-12,1.0515459434195227e-11,3.799989081443713e-11,2.595634711122932e-12,0.0,1.8219250052830652e-10,0.2824836970689222,0.2422004972938219,1.3415986345160634e-12,0.22129257480722397,0.25404635425309735,-2.312368050476499e-05
2021-05-31,1.6476459376872276e-12,3.026828027011022e-12,7.773196947852917e-12,5.558499638347844e-12,6.0223677806827856e-12,1.0613272142027559e-11,3.888240251524243e-11,2.5240608097883676e-12,0.0,1.7171514934663602e-10,0.25000703782036887,0.2500070378260852,1.5244922442586466e-12,0.2500070376477434,0.25000703780026245,-2.8151343747815686e-05
2021-06-01,1.676193991573899e-12,2.9761410242239605e-12,7.696293018874084e-12,5.4466563811903564e-12,6.055225025505133e-12,1.077788852534184e-11,3.9520580504069055e-11,2.5525326918802204e-12,0.0,1.6973442277422603e-10,0.241813949245484,0.2570795203750921,1.5280913819023012e-12,0.24633278300486874,0.25480171965948795,-2.7972532896747975e-05
2021-06-02,1.661394262306533e-12,2.9895622534231716e-12,7.68518024188868e-12,5.489022153665679e-12,6.053437765202758e-12,1.0582767603333643e-11,3.958200996503239e-11,2.591921011596193e-12,0.0,1.7188217134465511e-10,0.2378744667175766,0.2571393110720598,1.5124180034687173e-12,0.2498669580444251,0.25514724107744047,-2.797716153177312e-05
2021-06-03,1.699692427256219e-12,3.0722085366743234e-12,7.870185660684315e-12,5.597136372652449e-12,6.078963783941594e-12,1.0757734240750249e-11,3.994954815769008e-11,2.6221721398481835e-12,0.0,1.7209289557390408e-10,0.2341857948235362,0.25849843134340916,1.5429985663515048e-12,0.2478263198943232,0.2595178847453646,-2.8431057916503054e-05
2021-06-04,1.7226612549584398e-12,3.090574181201516e-12,7.975359885554274e-12,5.598208087852547e-12,6.138973106027197e-12,1.0612923654500277e-11,3.9436223433629454e-11,2.5099177819839774e-12,0.0,1.7548239386081184e-10,0.23114182023342084,0.2563488573923755,1.5164734347765111e-12,0.24855684664764469,0.2639807769417874,-2.830146931203717e-05
2021-06-07,1.6944192994533598e-12,3.103691091493406e-12,7.952554063230016e-12,5.606365309227649e-12,6.174334111521517e-12,1.0589572248868379e-11,3.939060006394511e-11,2.50298678059671e-12,0.0,1.7668024666255004e-10,0.23204957205328705,0.2509502432917709,1.507023780412585e-12,0.2527361395200604,0.26429234274874586,-2.8297869066037132e-05
2021-06-08,1.700948467353219e-12,3.1518108307348773e-12,8.023180884385254e-12,5.599571954870831e-12,6.122212587712116e-12,1.0220169023518021e-11,3.921490922475514e-11,2.486032177481858e-12,0.0,1.7588672620537076e-10,0.23036571993332222,0.24291999776187134,1.47917989526256e-12,0.2544215741114059,0.27232093334914187,-2.8225409626075835e-05
2021-06-09,1.6806576376984903e-12,3.1275155770836064e-12,8.016831116232552e-12,5.486832145476769e-12,6.082421709029225e-12,1.0013034779110408e-11,3.924209876330891e-11,2.4644040129684914e-12,0.0,1.7188035100403055e-10,0.2305008869514892,0.24876759616284877,1.4375107286385585e-12,0.2501534798646706,0.27060594565805035,-2.7908886490558604e-05
2021-06-10,1.6919640696750946e-12,3.1077237582992466e-12,7.766652802454761e-12,5.568966891757703e-12,6.135019358534867e-12,9.78387242772919e-12,3.889987017964672e-11,2.517902365150713e-12,0.0,1.7430662178623765e-10,0.22974857569092694,0.24901978091267474,1.433697806645866e-12,0.2552098777895278,0.2660496492626108,-2.7883906952444997e-05
2021-06-11,1.6848574794259198e-12,3.1503871941319422e-12,7.790067844386473e-12,5.676957670737081e-12,6.1066005167229684e-12,9.812010802242511e-12,3.8554339475752176e-11,2.5273251237087265e-12,0.0,1.7362685455013402e-10,0.22524146624372712,0.2528791247140132,1.4572039856888783e-12,0.2481086655657942,0.27379871746294254,-2.797423686356449e-05
2021-06-14,1.7372704554552765e-12,3.1750831291688982e-12,7.793383599740137e-12,5.90440265313702e-12,6.053577900015807e-12,9.88799294921123e-12,3.8938134152095915e-11,2.594913467775673e-12,0.0,1.7359255494029157e-10,0.22346410135710076,0.2533460655648446,1.4424684940857846e-12,0.25023997914214924,0.2729780277008322,-2.817401604657305e-05
2021-06-15,1.7072660511121526e-12,3.2052163963838894e-12,7.727130052342523e-12,5.8003791344108155e-12,6.022547997626482e-12,9.866371666369365e-12,3.790521768509234e-11,2.599274891094904e-12,0.0,1.7767606014433777e-10,0.22470194271126961,0.2509099727783621,1.4195408941331487e-12,0.24905364397076724,0.2753625185269081,-2.8078241235939012e-05
2021-06-16,1.7066281283939916e-12,3.1978370350095837e-12,7.7314106287751e-12,5.759926338986859e-12,5.997327538406315e-12,9.602642825635594e-12,3.84046906727839e-11,2.610449616635365e-12,0.0,1.8293305261426922e-10,0.22505238471440472,0.24656957256885823,1.4411697834458403e-12,0.2509182759239048,0.2774878354756888,-2.806894224155104e-05
2021-06-17,1.7220197277305707e-12,3.2545729005533895e-12,7.810950228499822e-12,5.873055883922843e-12,5.935957882851648e-12,9.675637424773983e-12,3.981846263804207e-11,2.6164072871317098e-12,0.0,1.8408706539895527e-10,0.22357806395031782,0.24056998715218,1.4546296461258223e-12,0.2549265836583735,0.2809537958015423,-2.843082466231936e-05
2021-06-18,1.752358206449163e-12,3.3179899119775373e-12,8.047808446128666e-12,5.972152261521546e-12,6.007323279157439e-12,9.825456612258498e-12,4.089967355462134e-11,2.720029832546083e-12,0.0,1.8792293909373635e-10,0.22914190229688883,0.24111538856978718,1.4833211228933964e-12,0.2529321108660466,0.2768395636232198,-2.896562389129329e-05
2021-06-21,1.7569043574082946e-12,3.3023245504940762e-12,8.058844356517706e-12,5.966254201514358e-12,5.93160891446072e-12,9.812628776412919e-12,4.0191082259476105e-11,2.771778241888765e-12,0.0,1.8723727555569177e-10,0.22514348902756154,0.24329958650151048,1.4739205265614902e-12,0.2504176918410957,0.2811681671205366,-2.8934757206815395e-05
2021-06-22,1.7497348130450565e-12,3.30522172815425e-12,7.939168668826344e-12,5.845030068203975e-12,5.914121197462004e-12,9.731314211104841e-12,4.036105997567708e-11,2.7571223634280345e-12,0.0,1.8177190903708118e-10,0.23108165079099335,0.2416437049014001,1.4859576188350089e-12,0.2456202544156495,0.2816831925870843,-2.880295598786451e-05
2021-06-23,1.7372254729241556e-12,3.33778322798938e-12,7.950416871677923e-12,5.8780274211511725e-12,5.996087558140379e-12,9.62894546255968e-12,4.020397589409252e-11,2.790034773773202e-12,0.0,1.823763704116631e-10,0.23457832699491998,0.2425432505929572,1.5451278231871287e-12,0.23913429411050038,0.28377307569894306,-2.8947658764543308e-05
2021-06-24,1.6857227730175326e-12,3.205980920546458e-12,7.860643984939551e-12,5.802484989367432e-12,5.889295267996706e-12,9.477630097045493e-12,4.1283977375407714e-11,2.7400304708986615e-12,0.0,1.7796408039070473e-10,0.23234485168664415,0.23813721502451213,1.5122547248565612e-12,0.24356051764995257,0.28598593727844895,-2.8521896979798922e-05
2021-06-25,1.7003725945077914e-12,3.154435123824307e-12,7.888310626626938e-12,6.0271110558385715e-12,5.916862329444129e-12,9.684062281714951e-12,4.2405445172374494e-11,2.7693892875367964e-12,0.0,1.725485590723101e-10,0.23672145395103325,0.23667423954605768,1.5286552162846186e-12,0.23986342923192305,0.28676960396582735,-2.8726948464484122e-05
2021-06-28,1.694908211974378e-12,3.1519314126816884e-12,7.766289146914776e-12,6.088802793015986e-12,5.85389117409384e-12,9.444063564856052e-12,4.220071923719053e-11,2.7615021082071704e-12,0.0,1.7561808730514269e-10,0.23504913399507008,0.2354361251223416,1.4942924549633227e-12,0.24267785883956738,0.28686550162013846,-2.861983319206023e-05
2021-06-29,1.683543235586381e-12,3.082758756517081e-12,7.866168195065141e-12,5.987069924284206e-12,5.796538769362547e-12,9.462714996547728e-12,4.141228191911975e-11,2.696174666337409e-12,0.0,1.77139929731438e-10,0.23239995959778414,0.24645694522303369,1.464695125359426e-12,0.23803708891687933,0.283134541525004,-2.85355192931592e-05
2021-06-30,1.6476366801382163e-12,3.026811020317916e-12,7.773153272964961e-12,5.558468407073179e-12,6.0223339430944916e-12,1.0613212509745662e-11,3.8882184048556885e-11,2.524046627969253e-12,0.0,1.7171418453898247e-10,0.2500056331178458,0.2500056331235621,1.5244836786673714e-12,0.2500056329452213,0.25000563309773954,-2.2532533655226174e-05
2021-07-01,1.65930183116603e-12,3.0453082095399005e-12,7.813938234906513e-12,5.588000227922423e-12,6.0715890492725846e-12,1.0663199145687276e-11,3.949803949727053e-11,2.569964943203008e-12,0.0,1.77390705061117e-10,0.2492632190117211,0.2463787214631766,1.5548666343786641e-12,0.24953275554599777,0.25484812057940154,-2.2816856151869943e-05
2021-07-02,1.6254344116242508e-12,3.0955764970940556e-12,7.889602830578964e-12,5.505200499963e-12,5.977238217246167e-12,1.0918942489883153e-11,3.920362450886034e-11,2.5460660741607227e-12,0.0,1.768850312146047e-10,0.24899854447726794,0.2500157685993469,1.52079527876435e-12,0.24328340667193954,0.2577251459525945,-2.2865956316339132e-05
2021-07-05,1.6391692413020332e-12,3.0432330083668094e-12,7.97378809347645e-12,5.502251158364812e-12,6.050817890166715e-12,1.0899193402069207e-11,3.783596496891103e-11,2.538417795475257e-12,0.0,1.742931579627966e-10,0.24724450439791165,0.2490887754507536,1.4424297617920964e-12,0.25051781469062334,0.25317174260522024,-2.283739572733838e-05
2021-07-06,1.650261305425493e-12,3.0466678632480184e-12,8.098510945207012e-12,5.5392931895257376e-12,6.046183308245964e-12,1.0797208961393656e-11,3.832552994676046e-11,2.4764234496808852e-12,0.0,1.717038113324317e-10,0.25282846850789537,0.2503388245191703,1.4621099873618307e-12,0.2514811869756971,0.2453743978139,-2.2878065808764352e-05
2021-07-07,1.599449096329207e-12,2.997413946696947e-12,7.928191026844382e-12,5.486541528099945e-12,5.9376698448078115e-12,1.0421278478567727e-11,3.7054011946728974e-11,2.423859630745358e-12,0.0,1.7218180545054821e-10,0.24889016839137726,0.2497598471411299,1.3895742362880531e-12,0.2513989260253221,0.24997340918441274,-2.235098966175169e-05
2021-07-08,1.5681780796444838e-12,2.9992679651163945e-12,7.871951090839588e-12,5.351200962714216e-12,5.931106473144122e-12,1.0458692283046368e-11,3.6496432343169014e-11,2.446738014834451e-12,0.0,1.6702637803390547e-10,0.24772434501265886,0.2481546019879793,1.3627466281798247e-12,0.25337211533200377,0.25077112393930207,-2.2186513456594032e-05
2021-07-09,1.575907371323228e-12,2.986170575228723e-12,7.898631521072368e-12,5.307513088570242e-12,6.060572465629039e-12,1.03185833522863e-11,3.7421269400715894e-11,2.4407139793695782e-12,0.0,1.7007759582852073e-10,0.24751685744443516,0.2510012703590718,1.3880815112452712e-12,0.2542215767382459,0.2472824073925929,-2.2112179820834134e-05
2021-07-12,1.5708576635650038e-12,2.9495209709265255e-12,7.85962237430012e-12,5.113112632464404e-12,6.019152814337799e-12,1.0109576361181066e-11,3.779165751999219e-11,2.4324357521952433e-12,0.0,1.6929491744416572e-10,0.24058645110992707,0.25477799126849515,1.419362647119559e-12,0.25298246489121556,0.25167492816195836,-2.1835676156236805e-05
2021-07-13,1.5584297296181856e-12,2.9183505189861912e-12,7.843501360957089e-12,5.125962860837483e-12,5.975762789339689e-12,1.0154768598178156e-11,3.78576314872091e-11,2.3923946344496187e-12,0.0,1.7116972662339229e-10,0.24070775445504664,0.25914953518413425,1.3859878376242427e-12,0.2545821390420085,0.24558234678232452,-2.17757098962947e-05
2021-07-14,1.5277256089909687e-12,2.872901339842112e-12,7.692158076630248e-12,5.046928380176934e-12,5.905611396633911e-12,1.0169996861502362e-11,3.7350327609799015e-11,2.3174185956929243e-12,0.0,1.674222345918117e-10,0.23831608346981342,0.2587601600324569,1.3784092398862175e-12,0.2573420907100653,0.24560323501556647,-2.1569469585826566e-05
2021-07-15,1.5251661885686379e-12,2.9554638351370344e-12,7.758953670387089e-12,5.0716533664899364e-12,6.0143533822199285e-12,1.0270440012649226e-11,3.7802600488550515e-11,2.415354590999067e-12,0.0,1.6772484694257335e-10,0.24038949254659187,0.26523505359150595,1.3511895680898095e-12,0.24983810163377201,0.24455905766659122,-2.170568135101719e-05
2021-07-16,1.4891271517793238e-12,2.9183483767080042e-12,7.736565098618621e-12,4.978482077042754e-12,5.861611567111876e-12,1.019546709766456e-11,3.7930777608118857e-11,2.3381970659285047e-12,0.0,1.6848134528830203e-10,0.2421400384287411,0.2685165235848134,1.3921681652626547e-12,0.24624279960218634,0.24312215891803046,-2.152077709328597e-05
2021-07-19,1.4525314164846797e-12,2.8580107077013733e-12,7.70206083898355e-12,4.8005055246559065e-12,5.680759848812815e-12,1.0161897617631525e-11,3.7662420162523345e-11,2.278414945769012e-12,0.0,1.6590580860226796e-10,0.24295090004580844,0.2633646519745907,1.3883147571256958e-12,0.25283649740295316,0.24086902096614304,-2.1070629385946734e-05
2021-07-20,1.4448840493951148e-12,2.8624998578624926e-12,7.628173925491842e-12,4.904164427837117e-12,5.66121349708946e-12,1.0069763570586892e-11,3.703070696063422e-11,2.301036236144556e-12,0.0,1.6372421984414654e-10,0.24388282844733083,0.25527358504443853,1.3853112981060442e-12,0.2535545320491971,0.2473099999987133,-2.0945776691748917e-05
2021-07-21,1.436199982577721e-12,2.8291617004452455e-12,7.564538099521263e-12,4.835575092128271e-12,5.761140500008448e-12,1.0284290114108674e-11,3.7244695206054304e-11,2.3443160063248988e-12,0.0,1.6373380284240913e-10,0.2429473992853781,0.2543419192703263,1.3498902131169747e-12,0.25519525920779323,0.24753639045157433,-2.096845245545393e-05
2021-07-22,1.451456735930677e-12,2.8419914212335725e-12,7.57853479836657e-12,4.804686009999425e-12,5.787351616395599e-12,1.0420015425211884e-11,3.680675557368584e-11,2.3560362353095037e-12,0.0,1.625267549076642e-10,0.2415592975688815,0.25631903417586804,1.3282125853425364e-12,0.25782995764296085,0.2443127492258027,-2.1038849414922437e-05
2021-07-23,1.4647606002441359e-12,2.906802854828389e-12,7.502027708713423e-12,4.830349837547685e-12,5.731949954091957e-12,1.0551410592874062e-11,3.6153149563720196e-11,2.3704932642055085e-12,0.0,1.6190568443579714e-10,0.2373883960046693,0.25972963720331343,1.3080255153157095e-12,0.2602921104906883,0.2426108725167549,-2.1016450150527117e-05
2021-07-26,1.4696569379457036e-12,2.9241264505263485e-12,7.473701491280778e-12,4.863864411247123e-12,5.865007473359002e-12,1.0493915786209113e-11,3.689373370930428e-11,2.4320113479313403e-12,0.0,1.5899171166080005e-10,0.23967341007753704,0.25855212731989863,1.3573382993110058e-12,0.261707064583677,0.24008850313042937,-2.110534430707004e-05
2021-07-27,1.462671709799118e-12,2.9746542496393404e-12,7.47372612048585e-12,4.896659541368882e-12,5.9702624296216635e-12,1.0494406525030122e-11,3.7103976189891466e-11,2.446881996352767e-12,0.0,1.6147720196356478e-10,0.24035638161208817,0.2605029554476043,1.357243841680446e-12,0.2563249663930069,0.2428369272663682,-2.1230954725223136e-05
2021-07-28,1.4816792374515128e-12,2.9339932968484338e-12,7.376231038617226e-12,4.8249167966673085e-12,5.9946010040305305e-12,1.0505618702983172e-11,3.685332599857469e-11,2.4039526647561828e-12,0.0,1.5684142148659555e-10,0.23982724489775845,0.26314633509298585,1.3215434228895274e-12,0.24806703729358942,0.24898050744189937,-2.112495677029774e-05
2021-07-29,1.4586210410279636e-12,2.9386096369143863e-12,7.291921881748508e-12,4.76897159222562e-12,5.967897250575962e-12,1.028582243734197e-11,3.656215967487739e-11,2.367902867785046e-12,0.0,1.561512010120065e-10,0.2365220867813949,0.2599480740041837,1.2812018412444246e-12,0.2528385182025708,0.25071223372830354,-2.0912945527284106e-05
2021-07-30,1.6476191384531709e-12,3.0267787951518644e-12,7.773070515517176e-12,5.558409228430637e-12,6.022269825873419e-12,1.0613099515398418e-11,3.888177008652589e-11,2.524019755521266e-12,0.0,1.7171235637129275e-10,0.250002971414493,0.2500029714202092,1.5244674481398102e-12,0.2500029712418703,0.25000297139438693,-1.1885720243386481e-05
2021-08-02,1.6425719892872092e-12,2.97809494022149e-12,7.720727643189577e-12,5.530666636980078e-12,5.98683044158653e-12,1.052202638827882e-11,3.8249297449738085e-11,2.602186100306217e-12,0.0,1.6838027253348418e-10,0.2560554579237438,0.24798536214289238,1.5259136271423978e-12,0.24939376001571953,0.24657728338354193,-1.1863711036180751e-05
2021-08-03,1.6314970449354061e-12,2.934592211243877e-12,7.559386376746488e-12,5.3617945712600355e-12,5.82842234241951e-12,1.0138391662707316e-11,3.7654147595307686e-11,2.517920691718555e-12,0.0,1.6927071606204452e-10,0.25695262520174267,0.24398820386928674,1.4998840007653757e-12,0.2539276356301711,0.24514320794166458,-1.1672887261998743e-05
2021-08-04,1.6265309772477667e-12,2.8924705980880084e-12,7.592365354256192e-12,5.413548724925173e-12,5.7846729821144225e-12,1.0178221785568456e-11,3.747778069844755e-11,2.511987229167844e-12,0.0,1.6874020312982863e-10,0.2610732691747621,0.24147818375682537,1.5018561416604132e-12,0.2505371124381273,0.24692310557862648,-1.1671192060841627e-05
2021-08-05,1.6296431466672252e-12,2.8764195136778176e-12,7.732583936711031e-12,5.493404234677908e-12,5.765608024179998e-12,1.0285264964442185e-11,3.790575678815921e-11,2.5454073749138252e-12,0.0,1.7209949618163534e-10,0.25976490760995025,0.2410482263013532,1.57811040546497e-12,0.25300709802388005,0.24619148298460541,-1.1715167700582952e-05
2021-08-06,1.5830559292464088e-12,2.8938666287989842e-12,7.560370116866642e-12,5.387634188154142e-12,5.697580589479185e-12,1.039057104687905e-11,3.800443822010147e-11,2.5201045370691636e-12,0.0,1.6918931932891786e-10,0.25836388112560005,0.23950991788069367,1.592757357345597e-12,0.2555192605042597,0.24661856034130156,-1.1620096674696655e-05
2021-08-09,1.5720714034063409e-12,2.9053923261043884e-12,7.52664563766728e-12,5.302452778146854e-12,5.650313569418184e-12,1.0366604263371218e-11,3.834202086209002e-11,2.505181469288604e-12,0.0,1.6878394147350704e-10,0.25799846565872914,0.2394876338328969,1.6132931877499343e-12,0.2594385073897277,0.2430869696815111,-1.1576807432764679e-05
2021-08-10,1.5706289479358002e-12,2.8890629408735284e-12,7.621264482670479e-12,5.417620832218892e-12,5.657093520379253e-12,1.0386961129808198e-11,3.930042924000335e-11,2.536072572127542e-12,0.0,1.6652452969850035e-10,0.26219434454966195,0.23697142798370463,1.589544531843372e-12,0.2591668780220193,0.2416789807976404,-1.1631596519735056e-05
2021-08-11,1.548298901745363e-12,2.8124170595527193e-12,7.607037214829679e-12,5.421489236400626e-12,5.456814645933187e-12,1.0390943708667293e-11,3.840488001379157e-11,2.536182399682709e-12,0.0,1.6461681527722715e-10,0.25830586307941716,0.23895227553296997,1.5366167673874345e-12,0.2589478410585394,0.2438055080913809,-1.1488002639061227e-05
2021-08-12,1.5596722831712543e-12,2.880328416085789e-12,7.568369735355234e-12,5.484636794973054e-12,5.453532164218768e-12,1.0562800294829802e-11,3.842948626888087e-11,2.5241943813109842e-12,0.0,1.6349675468979078e-10,0.25261418370878647,0.23707938289390007,1.5547208171514158e-12,0.26576336956662244,0.2445545559123618,-1.149232118522057e-05
2021-08-13,1.586320644549979e-12,2.8538110634275846e-12,7.567043485627999e-12,5.491960969216827e-12,5.471482947800201e-12,1.062407555115356e-11,3.8971865407900673e-11,2.520263495725418e-12,0.0,1.6417171124058468e-10,0.25003666404729985,0.2377817039869198,1.558429098110385e-12,0.26627474828980596,0.24591842605006806,-1.1542614910803514e-05
2021-08-16,1.6012020715561663e-12,2.8660110520760057e-12,7.737888174409856e-12,5.4656748207110225e-12,5.471161628427179e-12,1.1099547525802611e-11,3.8765369216070544e-11,2.493826173257512e-12,0.0,1.602972951896968e-10,0.2513124820358275,0.2485979495465632,1.5298515272129136e-12,0.25898098646828993,0.24112022197636518,-1.1640264373766001e-05
2021-08-17,1.608791719840596e-12,2.887951668136372e-12,7.666909891191036e-12,5.488508429795944e-12,5.5434977334795705e-12,1.1313286263606148e-11,3.8499504197536095e-11,2.4040221848501376e-12,0.0,1.586845448481256e-10,0.24939969831870573,0.24696655843421678,1.554606379911142e-12,0.2641049046797484,0.23954043304595424,-1.1594714276926591e-05
2021-08-18,1.6048951152995106e-12,2.8617698754383994e-12,7.575484660724274e-12,5.475794296421965e-12,5.4786951233480546e-12,1.146625465577214e-11,3.72803282224121e-11,2.356710262209139e-12,0.0,1.5778284773215673e-10,0.25136655503700145,0.24381357085627325,1.4971338040051876e-12,0.2648579617707018,0.23997335766124003,-1.1445558596640878e-05
2021-08-19,1.5705317099755952e-12,2.852801486214296e-12,7.422595420648156e-12,5.417532945116748e-12,5.402309011667109e-12,1.1550656619032498e-11,3.7228791814830965e-11,2.3070143368836874e-12,0.0,1.5382986888989574e-10,0.25199204517950874,0.2397900402002228,1.4833894635615438e-12,0.2665537091779567,0.24167561275564917,-1.1407542403083153e-05
2021-08-20,1.6004363289685009e-12,2.868552173930562e-12,7.494721831237074e-12,5.424915181675874e-12,5.449141927980957e-12,1.1690921798024784e-11,3.7421129670910754e-11,2.262737165231435e-12,0.0,1.5571906957606678e-10,0.250865721127874,0.23615465505250585,1.5319418497403066e-12,0.27074176266103384,0.2422493384072083,-1.147748008562609e-05
2021-08-23,1.613304954463853e-12,2.8987837409093013e-12,7.744858980807268e-12,5.537114855184506e-12,5.516097293827999e-12,1.1992428095416994e-11,3.7718997553678464e-11,2.355194067069063e-12,0.0,1.575670542024424e-10,0.2530985381829692,0.2300848752712928,1.5209812870912326e-12,0.2692510071402759,0.24757727224782405,-1.1693076826915233e-05
2021-08-24,1.6341414250915296e-12,2.9052758398725543e-12,7.845697425604239e-12,5.659060469240311e-12,5.6411819132870215e-12,1.1889818950751314e-11,3.82644441622008e-11,2.3465522093870786e-12,0.0,1.6208475571021384e-10,0.2534927711823038,0.23082873496243367,1.5334071703645572e-12,0.2624436349980504,0.25324673697456945,-1.187835716173034e-05
2021-08-25,1.6448646427645326e-12,2.960772330299818e-12,7.824140675443758e-12,5.670840324503245e-12,5.589345217208824e-12,1.1845969056763605e-11,3.8005644997876e-11,2.4019462211989226e-12,0.0,1.6392693774760783e-10,0.2543105776652247,0.22802777093266005,1.5434150348289375e-12,0.2678369845025647,0.2498366514815397,-1.198482340300941e-05
2021-08-26,1.6458049787689305e-12,2.9147887088527426e-12,7.729152686998901e-12,5.665798662159213e-12,5.506020232767866e-12,1.1770161067416475e-11,3.7585037029956146e-11,2.389933650738332e-12,0.0,1.581954803856044e-10,0.25511638177547763,0.23045980193935348,1.5086216393504772e-12,0.26487266089312705,0.24956305350364782,-1.1898346516644785e-05
2021-08-27,1.6638611731610878e-12,2.867590534691955e-12,7.689283711067953e-12,5.6694625929873524e-12,5.578068214818676e-12,1.220223579205612e-11,3.764041345017421e-11,2.3530494575873437e-12,0.0,1.6218864875014937e-10,0.2567580343821798,0.2280040130567938,1.541232851657945e-12,0.269350598403736,0.24589930216647918,-1.1948248582603356e-05
2021-08-30,1.6619405528975638e-12,2.882886439969929e-12,7.750920589084703e-12,5.6387641409256325e-12,5.5281076520270536e-12,1.2337204268902712e-11,3.6856499618132514e-11,2.3569140179067225e-12,0.0,1.641300363877556e-10,0.2545453173857371,0.23185026507927886,1.5476732094538355e-12,0.262197991104523,0.2514183154368982,-1.1889247128255445e-05
2021-08-31,1.6476253025370583e-12,3.026790118957207e-12,7.773099596181271e-12,5.558430023588914e-12,6.022292356430107e-12,1.0613139221198255e-11,3.8881915551267656e-11,2.5240291984010817e-12,0.0,1.7171299878272416e-10,0.250003906727304,0.25000390673302025,1.5244731514877591e-12,0.2500039065546807,0.2500039067071979,-1.5626971487541816e-05
2021-09-01,1.6645755162583185e-12,3.039385322154731e-12,7.829071321149854e-12,5.602372177382048e-12,6.009566170818057e-12,1.0774618239498062e-11,3.942705997538981e-11,2.5992157245715284e-12,0.0,1.7121974921699435e-10,0.255320153575186,0.24793960463242085,1.5553264917609053e-12,0.24962402040491025,0.24713196364582346,-1.5742508061538745e-05
2021-09-02,1.6683086307475068e-12,2.95600046559862e-12,7.678419136896748e-12,5.5891941005877145e-12,6.013847228661712e-12,1.0720815225186008e-11,3.857781953731335e-11,2.5685730903432984e-12,0.0,1.727399978037449e-10,0.2552228090797488,0.2527540251593963,1.5660699088996487e-12,0.2462175080030797,0.2458213905670641,-1.5733059367890446e-05
2021-09-03,1.6194473315349793e-12,2.9048646035894913e-12,7.644770254949099e-12,5.542061601186328e-12,6.017540549098966e-12,1.050713917399404e-11,3.864683557548586e-11,2.520413103064757e-12,0.0,1.699186545319804e-10,0.2540223372579417,0.25491189719000146,1.5359167133715813e-12,0.24326946112698355,0.2478117785037784,-1.5474325562804374e-05
2021-09-06,1.6160677847119449e-12,2.863725685908786e-12,7.81558286569993e-12,5.508083616582576e-12,6.024813329144906e-12,1.0655492858748573e-11,3.830415679464148e-11,2.4828497414511574e-12,0.0,1.6509589059554533e-10,0.2526996257526891,0.2558322484529408,1.527893189829159e-12,0.23632142420364108,0.25516215974214707,-1.5458393312512672e-05
2021-09-07,1.6105767389253612e-12,2.8925903523361827e-12,7.76000999431097e-12,5.4291083695925846e-12,6.018767452704996e-12,1.058106269185153e-11,3.753700084514968e-11,2.5239729303978187e-12,0.0,1.597212533256487e-10,0.25707801622340043,0.2526262514232217,1.5055085706808313e-12,0.22780699305541094,0.2625041268238061,-1.538776141920259e-05
2021-09-08,1.5594494775791864e-12,2.8370635380410117e-12,7.68171090021709e-12,5.347787924399403e-12,5.89596629384176e-12,1.014670543557107e-11,3.639779349742379e-11,2.481063165461902e-12,0.0,1.570922116878588e-10,0.2548404666376187,0.251721234106136,1.4444486177056176e-12,0.23231455830298295,0.26113882075382466,-1.50800314466966e-05
2021-09-09,1.5702004609215132e-12,2.8882540167324815e-12,7.932771369471634e-12,5.296328622003629e-12,5.921139036792025e-12,9.906714257688503e-12,3.675083778146302e-11,2.5116394650943907e-12,0.0,1.5661124959143823e-10,0.24815700579480254,0.2551369308613393,1.4920644057836559e-12,0.2314872335627989,0.26523401077844755,-1.5181228269565674e-05
2021-09-10,1.553259734103656e-12,2.9135596526385754e-12,7.93180786477395e-12,5.271911015158248e-12,5.8910989440854555e-12,9.898405829349195e-12,3.709774489251809e-11,2.475509531064638e-12,0.0,1.5719009670954972e-10,0.24480660316823358,0.26402411391494973,1.4762366993384644e-12,0.2296838151252425,0.26150070779894385,-1.5240239069412553e-05
2021-09-13,1.5750808498668527e-12,2.9214719315069343e-12,7.829333746189976e-12,5.323815266800233e-12,5.88904195408186e-12,9.90372258784217e-12,3.682474212945563e-11,2.442624205049526e-12,0.0,1.5544935173368662e-10,0.2513496394601326,0.2577051790904645,1.512138575563483e-12,0.2286392349437511,0.26232113941172536,-1.5193135744899486e-05
2021-09-14,1.5818099106152365e-12,2.8925519151903077e-12,7.874615300252477e-12,5.140489176688074e-12,5.8173612984458004e-12,9.752840558013949e-12,3.607873608038958e-11,2.4269711708728845e-12,0.0,1.5662300576317528e-10,0.2515001420988664,0.25398125937540716,1.5170066754772841e-12,0.2284226489814684,0.26611108519650617,-1.513588195357765e-05
2021-09-15,1.6129165262974925e-12,2.9289299080868295e-12,7.894198150005601e-12,5.164852462089871e-12,5.8498834818296184e-12,9.833665809382252e-12,3.6658503073909616e-11,2.4820511068148678e-12,0.0,1.5861947769116585e-10,0.25524035925622496,0.25493145118385435,1.511158889330591e-12,0.223907548778776,0.26593595858621016,-1.531803762122276e-05
2021-09-16,1.6239118276281757e-12,2.914969312683453e-12,7.892776517746278e-12,5.2050614660571505e-12,5.9013015931066456e-12,9.721615039574156e-12,3.7244852511689754e-11,2.5280890611664668e-12,0.0,1.569977696226398e-10,0.2608443715859115,0.25497374655302074,1.4562143826033452e-12,0.21879005438818366,0.2654071780264038,-1.535078500631488e-05
2021-09-17,1.577575046425114e-12,2.8513528533410734e-12,7.755898401178467e-12,5.198913908680434e-12,5.77681073502528e-12,9.681805954198505e-12,3.729573250639043e-11,2.5342024939692484e-12,0.0,1.4955270468133388e-10,0.25820141573851874,0.25495782213491824,1.4288310175492462e-12,0.22181860051969118,0.26503723683195907,-1.507544874116178e-05
2021-09-20,1.579885167377857e-12,2.8715931784405306e-12,7.754024626502407e-12,5.031070539383949e-12,5.72014183501485e-12,9.793604802969817e-12,3.675229597863487e-11,2.516867759885515e-12,0.0,1.531345556435436e-10,0.26427569047053906,0.2502599900654729,1.4274445092541243e-12,0.21829907820693123,0.26718025495603,-1.5013925554776367e-05
2021-09-21,1.6044311970938253e-12,2.9261607455817567e-12,7.865289519438765e-12,5.2564085893833535e-12,5.709650159215196e-12,9.682420272259345e-12,3.695370561203792e-11,2.4877067843306957e-12,0.0,1.5240275637428134e-10,0.2631821384449801,0.2489358305274722,1.4562830435183618e-12,0.21867486916468856,0.26922233275225993,-1.5171115745545251e-05
2021-09-22,1.6198467754268754e-12,2.9068863594661037e-12,7.852292727074009e-12,5.2849834235472975e-12,5.582059939532937e-12,9.398527741356875e-12,3.717532439599592e-11,2.5084275530894794e-12,0.0,1.5299137422423567e-10,0.2670575662406829,0.2484780467729885,1.4660571065272397e-12,0.2256573826060442,0.2588221897087709,-1.5185555272188247e-05
2021-09-23,1.6098590702370117e-12,2.9400059410837194e-12,7.797613115433497e-12,5.331463804654717e-12,5.4844412021117645e-12,9.301716814639347e-12,3.682521030811788e-11,2.4057134357477857e-12,0.0,1.4891647206168619e-10,0.2679726064416615,0.24968070334054995,1.4600911805128916e-12,0.2268296226867048,0.25553209750787814,-1.503019886700816e-05
2021-09-24,1.6370340073647832e-12,2.956414959815182e-12,7.845556745558566e-12,5.344714636684693e-12,5.560874506921805e-12,9.303354110237779e-12,3.752062788630292e-11,2.3805295469703786e-12,0.0,1.5136574081907206e-10,0.26912661925504217,0.24920075986419016,1.4914926889179286e-12,0.22562951710614482,0.25605821286545183,-1.5109316235263233e-05
2021-09-27,1.6786443161501712e-12,3.0387086352573955e-12,8.075265349878928e-12,5.392019320406488e-12,5.712594557892962e-12,9.302147130277912e-12,3.7514070018595245e-11,2.3294240351325238e-12,0.0,1.511731158277377e-10,0.27188597854900426,0.2484066720787628,1.5283738858981755e-12,0.226867463604296,0.25285517374294564,-1.5288200752955167e-05
2021-09-28,1.6482694902426463e-12,2.9282893259362152e-12,7.82525312670692e-12,5.145468045711287e-12,5.4899377513971e-12,9.117982671634743e-12,3.571586646902106e-11,2.2304129825916388e-12,0.0,1.4661141164120458e-10,0.2745092566244687,0.2504887940334448,1.4722333327517924e-12,0.22417027881401705,0.2508466165319856,-1.4946222101080293e-05
2021-09-29,1.6464658461909566e-12,2.897241711026824e-12,7.860463906305868e-12,5.159204374356253e-12,5.486494199350265e-12,9.21295046898652e-12,3.552188110789156e-11,2.2044863836429783e-12,0.0,1.4820216809956613e-10,0.2705885777826013,0.25565333275283314,1.4335323040255643e-12,0.2229070669442096,0.25086603393957757,-1.5011638846541183e-05
2021-09-30,1.647630369128948e-12,3.0267994266015146e-12,7.773123499142284e-12,5.55844711624732e-12,6.022310875505751e-12,1.0613171857529476e-11,3.8882035116558186e-11,2.524036960011593e-12,0.0,1.7171352681521167e-10,0.25000467551118,0.25000467551689626,1.5244778393760145e-12,0.25000467533855614,0.2500046754910738,-1.870210699198257e-05
2021-10-01,1.6731787347983924e-12,3.0300522825825475e-12,7.745238645162633e-12,5.5168235349489705e-12,6.085763634479049e-12,1.049720289043087e-11,3.9838201314123405e-11,2.5924305163323173e-12,0.0,1.716432696977507e-10,0.2541251299938323,0.2545763830482734,1.5027087540637934e-12,0.2475780740033406,0.24373910202432228,-1.868931989362608e-05
2021-10-04,1.6781404322535674e-12,3.047851609073576e-12,7.625955045213094e-12,5.4835686577555116e-12,5.9815018510922946e-12,1.0368428571764025e-11,4.010528206001947e-11,2.5637006717248192e-12,0.0,1.6720203004252732e-10,0.25473836942115435,0.25423769078376207,1.4826717608957737e-12,0.2465956205806028,0.24444698784578076,-1.86688768391333e-05
2021-10-05,1.68539301256807e-12,3.0387634860278106e-12,7.869233004781491e-12,5.510145693068423e-12,6.047528665175761e-12,1.0631516377133125e-11,4.2531276527485374e-11,2.5495106256600963e-12,0.0,1.674121829730464e-10,0.25564742190504297,0.2542711494177327,1.4715054443230967e-12,0.24948689062822266,0.24061342907052963,-1.889127027519579e-05
2021-10-06,1.6878162820574578e-12,3.0179186946316186e-12,7.846750039309106e-12,5.4403644786749056e-12,5.976440677837361e-12,1.0592815325638837e-11,4.1558807872011093e-11,2.518205833388763e-12,0.0,1.6391219668422003e-10,0.24514690084297436,0.2581603462985482,1.4434608597020094e-12,0.25297070843686653,0.2437407911704516,-1.8746992835447444e-05
2021-10-07,1.6842789089271217e-12,3.015131718867692e-12,8.146189127372026e-12,5.606585326002617e-12,6.0356357283572235e-12,1.0737444565847636e-11,4.163145846688473e-11,2.5599237156040263e-12,0.0,1.6039964419706504e-10,0.24241166700306832,0.26096172602697054,1.4297106018630494e-12,0.25532608491170383,0.24131945584044553,-1.8934023434408194e-05
2021-10-08,1.6731862974906405e-12,3.0437219441121044e-12,8.175042989916605e-12,5.61098782372662e-12,6.105706474775007e-12,1.0813894301818681e-11,4.248573642464208e-11,2.5458127932725583e-12,0.0,1.5732898073286e-10,0.24099153140300603,0.2655055978101626,1.4639922891194201e-12,0.2600982445259012,0.23342357164359467,-1.8945621911678804e-05
2021-10-11,1.6785863852609533e-12,2.9664518381326566e-12,8.19753686929004e-12,5.549043896310209e-12,6.1157951584712284e-12,1.0556968904569824e-11,4.2865178486997395e-11,2.4761763183692984e-12,0.0,1.538575903829113e-10,0.2325888763885339,0.26416714458063334,1.5004035786903714e-12,0.27094036333248883,0.2323224259767689,-1.8810514188709058e-05
2021-10-12,1.683226697111902e-12,2.9505974262598426e-12,8.17865994822358e-12,5.485150693548776e-12,6.083747511964748e-12,1.05493129918963e-11,4.2210116266376887e-11,2.4548893247017e-12,0.0,1.5466943104529763e-10,0.22687781356598505,0.26198582186927566,1.5392955965157234e-12,0.274654172634389,0.2365008535923286,-1.8661897782863293e-05
2021-10-13,1.6976507831929826e-12,2.9849464566447003e-12,8.336548291724433e-12,5.6303437680914834e-12,5.989742712861765e-12,1.0459361549732378e-11,4.332141049562886e-11,2.46613302827819e-12,0.0,1.5296285759574493e-10,0.22677770277349346,0.2580024864923499,1.6096003070793801e-12,0.27693266598077,0.23830595825902945,-1.8813741101369377e-05
2021-10-14,1.7113714449071577e-12,3.021680007801546e-12,8.443319240514514e-12,5.714488539820348e-12,5.959460633177241e-12,1.0447081407584833e-11,4.388839757167241e-11,2.454342514382677e-12,0.0,1.5433535158936646e-10,0.2303029211860059,0.25097451304049667,1.6344284506336361e-12,0.27654849003347665,0.2421929327712811,-1.8857268870296588e-05
2021-10-15,1.709474717427141e-12,3.04518981644811e-12,8.49533063660802e-12,5.754578736500357e-12,6.013776342513507e-12,1.039963503449258e-11,4.3546626636343045e-11,2.464343799388073e-12,0.0,1.5234591968476653e-10,0.22993343268105534,0.24879991699427675,1.5969904196918995e-12,0.28077782776862714,0.2405075177315712,-1.8695410902376093e-05
2021-10-18,1.75079082840875e-12,3.009318451818879e-12,8.484626113688221e-12,5.7844131116338944e-12,6.126336971524492e-12,1.0503746829717989e-11,4.3943059191917587e-11,2.4369216252512692e-12,0.0,1.5387062315362888e-10,0.22598114945558345,0.24780990774217515,1.6191799006961938e-12,0.27715883856170853,0.24906888398334895,-1.877998034505617e-05
2021-10-19,1.7952454846840935e-12,3.0020226987787423e-12,8.514521480890589e-12,5.710236099293184e-12,6.151758553774824e-12,1.0753466250014927e-11,4.430252883559721e-11,2.4868554754943648e-12,0.0,1.5794559273863542e-10,0.22707592147806946,0.251327421416602,1.6391982639854859e-12,0.27454241650851235,0.2470732732864878,-1.903293197300956e-05
2021-10-20,1.7933440408118048e-12,2.9837587871066816e-12,8.524474930799732e-12,5.674039843529836e-12,6.100832900880242e-12,1.0410695913247372e-11,4.370207958414029e-11,2.4612471438956755e-12,0.0,1.5805565898329442e-10,0.23043579064716146,0.25137202237286743,1.6029283274560262e-12,0.27244693517608837,0.24576408833973393,-1.8836777160222075e-05
2021-10-21,1.759023308411871e-12,2.9414498325791204e-12,8.417920340049138e-12,5.7191777164201694e-12,5.8857360337609324e-12,1.0463612371320588e-11,4.270999312905514e-11,2.3888787380361583e-12,0.0,1.582353434971865e-10,0.23274705594841572,0.25220637167149257,1.6441951374692893e-12,0.2724691702700685,0.24259603985067574,-1.8637980817825617e-05
2021-10-22,1.7391773760082758e-12,2.9354404848913992e-12,8.226730006920931e-12,5.5947205742248394e-12,5.779428457890846e-12,1.0035354285212454e-11,4.2177354300269025e-11,2.291840491683878e-12,0.0,1.5807892597531186e-10,0.22767148768693632,0.2556655224072541,1.5794246908883463e-12,0.2744522305105443,0.24222912370593386,-1.8364549107050298e-05
2021-10-25,1.7452818784996389e-12,3.0765309500370096e-12,8.386349387037706e-12,5.649915305139209e-12,5.795198534960045e-12,1.0209104809905294e-11,4.295621161402412e-11,2.3416487076670655e-12,0.0,1.6287375905946832e-10,0.23084345610323398,0.25235909740674345,1.6074130219570491e-12,0.267981518942483,0.2488346562856672,-1.8728982769193215e-05
2021-10-26,1.7270236334982574e-12,3.077942222699117e-12,8.495422596477668e-12,5.582078984549423e-12,5.863389870481437e-12,1.014142465033494e-11,4.392620760054062e-11,2.3271511421435384e-12,0.0,1.6445149598195278e-10,0.22899967008894714,0.24855157150172863,1.5925366548306002e-12,0.26753536468717737,0.2549320958769149,-1.870240195288551e-05
2021-10-27,1.6896149544445213e-12,3.0681204739922787e-12,8.52369627794315e-12,5.575627032811947e-12,5.9367771221988466e-12,1.0098214342154288e-11,4.3672984427628485e-11,2.3390439544268032e-12,0.0,1.6293257179896235e-10,0.23018144019357664,0.24504410844520974,1.570560952420144e-12,0.264145262737737,0.26064782252078084,-1.8634142711262067e-05
2021-10-28,1.626416466082936e-12,3.0583342089184662e-12,8.465994059842643e-12,5.429252877002357e-12,5.91691444351898e-12,1.0088149195302018e-11,4.37112468187058e-11,2.235413374069754e-12,0.0,1.599496520791123e-10,0.231131457704216,0.2463987763440532,1.5358098882329426e-12,0.26549750216957163,0.256990759972693,-1.8496432550996554e-05
2021-10-29,1.6476294479077583e-12,3.0267977342609137e-12,7.773119153042448e-12,5.558444008414786e-12,6.0223075083182476e-12,1.0613165923505082e-11,3.88820133768796e-11,2.524035548774962e-12,0.0,1.717134308069428e-10,0.25000453572885445,0.2500045357345707,1.5244769870117252e-12,0.2500045355562307,0.2500045357087482,-1.8142977689424943e-05
2021-11-01,1.646585551804768e-12,3.0312621145843026e-12,7.79010373323791e-12,5.619538372171923e-12,6.147753327921718e-12,1.0705774027432719e-11,3.966776604082347e-11,2.499872792666093e-12,0.0,1.7049835795594105e-10,0.25234230000626007,0.24955130166906878,1.5506210593105476e-12,0.24682797341205187,0.25129663576025396,-1.8211096792218807e-05
2021-11-02,1.6499876689901718e-12,2.9549372618242657e-12,7.933974945809441e-12,5.577147203835525e-12,5.970880435571729e-12,1.0681845509758789e-11,3.951799751348871e-11,2.486493115070368e-12,0.0,1.717616509241269e-10,0.2525166430705977,0.25041897001426405,1.5415056301481076e-12,0.2537834055992298,0.24329910854213477,-1.8127476302645922e-05
2021-11-03,1.6413186040458287e-12,2.9375543545561777e-12,7.951547458698215e-12,5.487371506506918e-12,5.806726243558208e-12,1.0634562889682097e-11,3.941425581284414e-11,2.522802670691776e-12,0.0,1.7373560957358033e-10,0.26054820145153623,0.24726717703168785,1.4972219192790976e-12,0.2503408455662127,0.24186178060176153,-1.8004902827308138e-05
2021-11-04,1.6514980845788667e-12,2.922596809106948e-12,8.092558013521524e-12,5.4223986670634525e-12,5.6896685827554155e-12,1.0796364864946877e-11,3.824428970527752e-11,2.5181972152650107e-12,0.0,1.7389880382117456e-10,0.25611571198134664,0.2473200908487534,1.4977001786214828e-12,0.25138461758359565,0.24519759634831198,-1.8017012741835653e-05
2021-11-05,1.6326154946057993e-12,2.9677477625072403e-12,8.101183154742783e-12,5.459140159550011e-12,5.637681698628017e-12,1.095803661859346e-11,3.805587215569493e-11,2.52447223693134e-12,0.0,1.7097280844681624e-10,0.2586198786160584,0.2451453684055408,1.4733638194124502e-12,0.24812552635136376,0.24812721040352279,-1.7984024268666753e-05
2021-11-08,1.5966120135952566e-12,2.9162573207919008e-12,7.971637979021296e-12,5.252995789341039e-12,5.4478376715497095e-12,1.0828455101430229e-11,3.707308749998438e-11,2.5212431664397757e-12,0.0,1.701223174960646e-10,0.26199915542973606,0.2409095980852999,1.4664807450146061e-12,0.24159514107277935,0.2555137942274232,-1.76890604355943e-05
2021-11-09,1.626610441307421e-12,2.9168307869131693e-12,8.005747312209822e-12,5.335610676151348e-12,5.438980018962555e-12,1.0739343411613182e-11,3.7518486006507386e-11,2.5246670945115245e-12,0.0,1.6797098631932615e-10,0.25479731156451646,0.2419560415034786,1.490335008720909e-12,0.240701757726873,0.2625625753626488,-1.7686401084602837e-05
2021-11-10,1.6092291792085584e-12,2.8740505364268896e-12,7.967888123528752e-12,5.309351603084129e-12,5.468158861654373e-12,1.0590957573521528e-11,3.8062342108912316e-11,2.5849932761210916e-12,0.0,1.7057601100866852e-10,0.24949217114976133,0.24541923310500854,1.5120579020910556e-12,0.24358344457033526,0.2615227619837584,-1.761105541856223e-05
2021-11-11,1.565417299703734e-12,2.8574728691098973e-12,7.920063228674813e-12,5.253915259707582e-12,5.480752301063439e-12,1.0542981905912158e-11,3.767171073860354e-11,2.5485128154296787e-12,0.0,1.7371075729530889e-10,0.2470656928017913,0.2435350355661659,1.5015123854425804e-12,0.2453501831213208,0.2640667082148466,-1.7619953177788484e-05
2021-11-12,1.5276502854576967e-12,2.9008892659629356e-12,8.081746087634924e-12,5.2158539314979586e-12,5.442511070832054e-12,1.05336734240654e-11,3.747183038746939e-11,2.56931583157688e-12,0.0,1.7155635532860985e-10,0.254503995504558,0.24094246117453652,1.5421083993567435e-12,0.2482085923620028,0.25636265129021457,-1.770057815403339e-05
2021-11-15,1.5024176912677904e-12,2.8326554945936012e-12,7.86243075085757e-12,5.1138592899588495e-12,5.351957869067668e-12,1.03927607593312e-11,3.7221781747592146e-11,2.526827298669093e-12,0.0,1.665259277085149e-10,0.2607364263904927,0.23850131961114432,1.5707696667773568e-12,0.2489111172946641,0.2518684373806686,-1.7300917871109542e-05
2021-11-16,1.513650992902445e-12,2.8447585932433098e-12,7.75097082285103e-12,5.138966319248855e-12,5.456339063489396e-12,1.0361945523593182e-11,3.760786214152425e-11,2.569629172223411e-12,0.0,1.661655113578357e-10,0.2576960992647732,0.23635370136956613,1.542908447311976e-12,0.2460498112438501,0.25991776521548143,-1.7377334623531622e-05
2021-11-17,1.4969304205374406e-12,2.8415909323999125e-12,7.69068044450061e-12,5.196301388573602e-12,5.530446072651034e-12,1.0452864417751445e-11,3.767828401362878e-11,2.5555290879522836e-12,0.0,1.7080605429936926e-10,0.25398286596836717,0.238495289704124,1.5683132286679883e-12,0.24306184398747152,0.264477331959291,-1.7331865070735816e-05
2021-11-18,1.4856890709224335e-12,2.8490897261125492e-12,7.540241269489389e-12,5.045217818295585e-12,5.41672824709082e-12,1.032904504037809e-11,3.716276881310585e-11,2.5046176529565638e-12,0.0,1.69580166526244e-10,0.2583338566939287,0.2369214265620713,1.5624199572320975e-12,0.24209361653188613,0.26266817498937584,-1.7075020737869502e-05
2021-11-19,1.4917311062362733e-12,2.847146292948056e-12,7.47994042067591e-12,4.976111646798271e-12,5.375611690984634e-12,1.0323427329113178e-11,3.683684578192645e-11,2.504460984992878e-12,0.0,1.71009889255092e-10,0.2625359719017157,0.23619325923997447,1.5199344157118124e-12,0.23953104868715197,0.2617567114339917,-1.6991507198950147e-05
2021-11-22,1.4606326984990652e-12,2.876950598955022e-12,7.465146060319323e-12,4.980479479962274e-12,5.445892451371584e-12,1.0204962744585788e-11,3.6996091593274454e-11,2.4921396675412596e-12,0.0,1.6840130461778918e-10,0.268730500623806,0.23393345659665513,1.5336153516936394e-12,0.230611104489319,0.26674186560354984,-1.692755518736725e-05
2021-11-23,1.4844800748101782e-12,2.8980800301735217e-12,7.494369705549116e-12,5.035397368285452e-12,5.6333070809752356e-12,1.0038786528402021e-11,3.7629299297155355e-11,2.475997929098813e-12,0.0,1.6885742305993667e-10,0.2686305300259402,0.235444534508943,1.5131276364704603e-12,0.23650645536247142,0.2594355110752299,-1.703121564468785e-05
2021-11-24,1.499367972173053e-12,2.9027511417038524e-12,7.436343756621904e-12,5.072272735829906e-12,5.554522286991958e-12,1.0094590193311293e-11,3.709414278218003e-11,2.5048996694666316e-12,0.0,1.685411654534544e-10,0.27130970457258496,0.2335895226302759,1.5195198669853124e-12,0.23119881925781577,0.2639190646512777,-1.7111354173870315e-05
2021-11-25,1.525530464925858e-12,2.9871500957510926e-12,7.449762914509384e-12,5.1224715676935696e-12,5.439162666217132e-12,1.0298361299866309e-11,3.75176433675407e-11,2.49011645199454e-12,0.0,1.680465618798073e-10,0.2695795210208762,0.23571512943941814,1.4928255786448121e-12,0.23576714399667936,0.25895532630926477,-1.712100860801409e-05
2021-11-26,1.515659549759758e-12,2.970041609086863e-12,7.537445500321207e-12,5.104386338239976e-12,5.369364841467313e-12,1.0255455824010892e-11,3.763848298650577e-11,2.4574699395771297e-12,0.0,1.7420086467452263e-10,0.2668252093488496,0.23532108005734031,1.4888843386179488e-12,0.23485947826807338,0.2630114093306396,-1.7177253440982443e-05
2021-11-29,1.5330309330630665e-12,2.9682760672131347e-12,7.455704430321924e-12,5.192299928702679e-12,5.377066749239898e-12,1.0510444422739285e-11,3.659478313624223e-11,2.4708790689396975e-12,0.0,1.7372023825742441e-10,0.2665863512104074,0.23715467512384725,1.4784536484550166e-12,0.23419038052412683,0.2620858093607369,-1.721646641948359e-05
2021-11-30,1.6476388910544874e-12,3.026815081908566e-12,7.773163703535763e-12,5.558475865822059e-12,6.022342024291193e-12,1.0613226751310266e-11,3.888223622344132e-11,2.5240500149148253e-12,0.0,1.7171441495730775e-10,0.2500059685932141,0.2500059685989304,1.5244857243281719e-12,0.25000596842058936,0.2500059685731078,-2.3874435128527247e-05
2021-12-01,1.6581352325602944e-12,3.0010149699423548e-12,7.760244570549086e-12,5.510923077282186e-12,5.915822243935601e-12,1.0208904144976032e-11,3.8615540735592825e-11,2.4724071205359186e-12,0.0,1.687627409159095e-10,0.25462852037524747,0.25768334842147145,1.5158528881685987e-12,0.24555748414038855,0.24215428323388952,-2.363641641843721e-05
2021-12-02,1.6900263798864717e-12,3.1002972812984513e-12,7.854059172237749e-12,5.4400219658633224e-12,6.052567692464951e-12,1.0491747588821164e-11,3.835279498984589e-11,2.515626219268561e-12,0.0,1.7109991989049857e-10,0.25514631055081594,0.2660450146017935,1.5278356838456387e-12,0.24252652226110852,0.23630613243233795,-2.3980094180671787e-05
2021-12-03,1.6876017809097232e-12,3.078590376235388e-12,7.758272212071233e-12,5.341616001608865e-12,5.935039305078954e-12,1.0212041282211505e-11,3.763301078556339e-11,2.4083585546133563e-12,0.0,1.6807151105634265e-10,0.25433939925759685,0.26244112783383405,1.529225045480598e-12,0.24529885642620483,0.23794427536290785,-2.3659124198900257e-05
2021-12-06,1.691037188074954e-12,3.0716616255962393e-12,7.658142763476906e-12,5.3744890868402834e-12,6.0422761260105996e-12,1.0233674261436902e-11,3.852055935403996e-11,2.3511176873081923e-12,0.0,1.6993660761761383e-10,0.25488724925728007,0.26769591552183847,1.5256616056625938e-12,0.24093070874048347,0.2365097239253954,-2.359769140258649e-05
2021-12-07,1.6678518511566845e-12,3.0390283387162056e-12,7.745020146919245e-12,5.432992601593232e-12,6.0743382805733555e-12,1.0017113644512383e-11,3.837069765841238e-11,2.312573214377789e-12,0.0,1.685718045562314e-10,0.25067297616597095,0.2681229533883846,1.5102224463334448e-12,0.2477257548128607,0.2335019268057161,-2.3611417673891683e-05
2021-12-08,1.6543491321546591e-12,2.988322359984922e-12,7.783082612203742e-12,5.426458467263711e-12,6.0005916665199505e-12,1.0224072758610092e-11,3.892378971681669e-11,2.3241107572314305e-12,0.0,1.71232578832441e-10,0.2486878723131625,0.2648738959779258,1.5403654503705848e-12,0.25090186709204754,0.23556009365914268,-2.3729290376264686e-05
2021-12-09,1.6493263731287952e-12,3.0218330772303253e-12,7.758644752719702e-12,5.447679184814526e-12,6.137273222150209e-12,1.0189600003486705e-11,3.8294646458739916e-11,2.301358279474433e-12,0.0,1.7281315968878693e-10,0.24948072195141754,0.2639952712515944,1.561777911129921e-12,0.24834854820541516,0.2381993015713251,-2.3843228927430298e-05
2021-12-10,1.6502554402483676e-12,3.016991071632503e-12,7.763657466712159e-12,5.465494877243902e-12,6.180481158331339e-12,1.0298709463179066e-11,3.666873379793205e-11,2.292595327622918e-12,0.0,1.7822490499930676e-10,0.24703247090214556,0.2667948723404371,1.6153370479337182e-12,0.24432355251593402,0.2418731218389923,-2.40178506861073e-05
2021-12-13,1.617704452506299e-12,2.964930655372387e-12,7.60258268944486e-12,5.353740781533577e-12,6.3073700997981704e-12,1.0284251258521698e-11,3.676468746836496e-11,2.280775317464924e-12,0.0,1.7716776705999552e-10,0.24831835405505998,0.2598178875616018,1.6231340209296733e-12,0.24451932885082234,0.24736814848683855,-2.3719206289565993e-05
2021-12-14,1.643339692764571e-12,2.9903403064240807e-12,7.72382699579179e-12,5.550513950514476e-12,6.290577652946989e-12,1.0211956711835392e-11,3.754688844149939e-11,2.311971344525091e-12,0.0,1.8338553282521332e-10,0.2510583449735915,0.2566907937078428,1.715330964061264e-12,0.24493929167001885,0.247335755144896,-2.418575571947575e-05
2021-12-15,1.6380881524708092e-12,2.938626667419952e-12,7.614909874476472e-12,5.506472966768184e-12,6.2881487955822345e-12,1.003263339582453e-11,3.780680131901411e-11,2.2122224128328992e-12,0.0,1.786019675120366e-10,0.2532480904795016,0.25391579764463595,1.6728018073480856e-12,0.24464418665986776,0.24821577990766222,-2.3854945980037233e-05
2021-12-16,1.6661125063410019e-12,2.9400045374908604e-12,7.658705875817003e-12,5.56713219653907e-12,6.354710181792443e-12,1.0241700604552824e-11,3.71889417651196e-11,2.2475461389583855e-12,0.0,1.7825875672204623e-10,0.2530219408205348,0.2558540455653817,1.5848909774617716e-12,0.24426063276104165,0.24688749262338214,-2.4112024048869045e-05
2021-12-17,1.671801470014836e-12,2.9114192978963704e-12,7.629044237850455e-12,5.656975270004434e-12,6.421821323496436e-12,1.034494076751076e-11,3.6884870586430096e-11,2.2616386636577387e-12,0.0,1.7747537667826986e-10,0.25436207169639535,0.2529489300835922,1.6243249111232307e-12,0.24324555547100427,0.24946751090724956,-2.406841112350304e-05
2021-12-20,1.6973847475305897e-12,2.9464063370778657e-12,7.524922884650065e-12,5.6950298447297146e-12,6.498837806542711e-12,1.0480713804504689e-11,3.639255296016347e-11,2.2444593661651763e-12,0.0,1.7569083483288888e-10,0.25358705890346744,0.26014997991976874,1.6259996653098994e-12,0.2404816760755111,0.24580538531337118,-2.4100462915564757e-05
2021-12-21,1.679868915651979e-12,2.8677210191834336e-12,7.404530954347866e-12,5.6405561809956084e-12,6.513523334662236e-12,1.0430022075670012e-11,3.556424479368821e-11,2.251754782771102e-12,0.0,1.700529041823073e-10,0.24955764287361556,0.2629657263693383,1.6093743269204667e-12,0.23739585030055352,0.25010455252081326,-2.377230833520559e-05
2021-12-22,1.641685547574448e-12,2.804065681642583e-12,7.207860038080211e-12,5.612270907885848e-12,6.466507988869693e-12,1.0538512305028732e-11,3.5354056341588966e-11,2.218403796935313e-12,0.0,1.688163912461873e-10,0.24060476365489766,0.2725039363731651,1.6094370825550345e-12,0.23616654393748288,0.2507483015419365,-2.3545749751297924e-05
2021-12-23,1.6543108043644104e-12,2.802905221543295e-12,7.16617337636862e-12,5.656890747120324e-12,6.503916434742841e-12,1.0440817173718658e-11,3.607253047832935e-11,2.2302535520852106e-12,0.0,1.7267581025991544e-10,0.24099463503191768,0.2743150400689797,1.6344606870193003e-12,0.23336346899682656,0.2513504198485938,-2.3564193155873078e-05
2021-12-24,1.6226230044804231e-12,2.71946395706996e-12,7.196655595104081e-12,5.452963438448577e-12,6.272034696931173e-12,1.0402497651023143e-11,3.5685855018074194e-11,2.15360921582562e-12,0.0,1.7306468717723474e-10,0.23604961763552917,0.28060791171863614,1.5533629881725975e-12,0.23159659419914752,0.25176895706816427,-2.308086760092759e-05
2021-12-27,1.6111694768407285e-12,2.672256866548442e-12,7.0643664194593985e-12,5.397073017441634e-12,6.237650842841369e-12,1.0323389608671394e-11,3.563726902622959e-11,2.0903546335506804e-12,0.0,1.679654188757554e-10,0.23103868590287902,0.2811188318045183,1.5329365795800005e-12,0.23895665805594374,0.24890854606111246,-2.2722064985416242e-05
2021-12-28,1.6276167559932713e-12,2.700990808214245e-12,7.083747189177413e-12,5.445942906414201e-12,6.384759816935882e-12,1.0439603305062058e-11,3.5601589221107605e-11,2.083254979523186e-12,0.0,1.6982208874281685e-10,0.23784088604928405,0.2774984577375371,1.539554077346638e-12,0.2419831661400395,0.24270042636082745,-2.2936530417404265e-05
2021-12-29,1.613972553368066e-12,2.681106720979546e-12,7.0196769456474125e-12,5.4556005960484975e-12,6.369770345990893e-12,1.0361452865111508e-11,3.5794942707337725e-11,2.1334436273980474e-12,0.0,1.6471318231845102e-10,0.24000821977532213,0.27660992974884896,1.543478276035549e-12,0.24019335794052465,0.24321141254230827,-2.2920244690626418e-05
2021-12-30,1.6160412480991567e-12,2.665075320691457e-12,6.9511069048759204e-12,5.4271772575456885e-12,6.387668806191227e-12,1.0440945809588963e-11,3.6207898747065416e-11,2.118611627184941e-12,0.0,1.671909383866777e-10,0.24457059250001983,0.2763805891542985,1.537792020018933e-12,0.24108246454670632,0.23798926585501842,-2.2912296586141216e-05
2021-12-31,1.647625630051215e-12,3.0267907206210754e-12,7.77310114131423e-12,5.558431128490932e-12,6.022293553538455e-12,1.061314133087291e-11,3.8881923280195934e-11,2.5240297001263792e-12,0.0,1.717130329157506e-10,0.2500039564229591,0.25000395642867534,1.5244734545217911e-12,0.2500039562503357,0.25000395640285294,-1.582575410803124e-05
2022-01-03,1.702122531671583e-12,3.0564673869876132e-12,7.926976239654657e-12,5.6220871269695545e-12,6.112892069875946e-12,1.1093665052752915e-11,3.946183695731644e-11,2.5855527168843824e-12,0.0,1.7229793219290897e-10,0.2512911702902189,0.24964325329156503,1.529776507975388e-12,0.24161254806109736,0.2574691508948485,-1.6122789119248708e-05
2022-01-04,1.6939328790878875e-12,2.988404477476529e-12,7.62076123202409e-12,5.448519887853462e-12,5.9350833082102285e-12,1.0690351669525804e-11,3.8978130127935686e-11,2.5536110705398307e-12,0.0,1.701404827498842e-10,0.25145689618947803,0.2516107529594943,1.5690162741560861e-12,0.23208315822535122,0.2648649290180515,-1.573663999351426e-05
2022-01-05,1.6742434376575384e-12,2.9458971822106798e-12,7.58458701735212e-12,5.367650436849104e-12,5.914987727427016e-12,1.0423638238438587e-11,3.8536435351974734e-11,2.5790404424269306e-12,0.0,1.691412965740398e-10,0.25135858301918945,0.25452672955848565,1.5113277823998353e-12,0.2326916131653359,0.2614386768622876,-1.5602850977752204e-05
2022-01-06,1.6938665666035998e-12,3.0077508618236672e-12,7.563073870691626e-12,5.35950168887383e-12,5.835124350858821e-12,1.045659025967315e-11,3.963239688236547e-11,2.6012321243333246e-12,0.0,1.6961044273112326e-10,0.24785872203434706,0.25230496763786886,1.537571652199853e-12,0.23010833310588366,0.26974373476183144,-1.5757787228555637e-05
2022-01-07,1.694973954254237e-12,3.0144354790751574e-12,7.550774511935961e-12,5.4146470593586735e-12,5.899108129845737e-12,1.0516924183444858e-11,3.999421451005548e-11,2.597371121113899e-12,0.0,1.6898813508828118e-10,0.24826682162931413,0.25154787188921857,1.52778436835839e-12,0.22760553562422695,0.27259554617060927,-1.577556056734457e-05
2022-01-10,1.6936691111805878e-12,3.010629243983083e-12,7.351997764422088e-12,5.423800411468048e-12,5.800634308777874e-12,1.0461724593861283e-11,3.899858984048438e-11,2.56929625345967e-12,0.0,1.6299221996055316e-10,0.24752504852662832,0.2539949641257312,1.5038297627204753e-12,0.2302987730599457,0.26819678158579474,-1.5567537906528258e-05
2022-01-11,1.6979084316034015e-12,2.926980606508506e-12,7.503075659756526e-12,5.4870783186601925e-12,5.749561341178284e-12,1.0142805206047316e-11,3.894226963027984e-11,2.5034414111822464e-12,0.0,1.631759340842039e-10,0.2424854118888982,0.25745894333480374,1.5172367910865417e-12,0.23319338552990773,0.2668777381755775,-1.547916883339467e-05
2022-01-12,1.6664046026283039e-12,2.9405100916071973e-12,7.44230540407056e-12,5.37170319157319e-12,5.8139394873921574e-12,1.0362545848569058e-11,3.872276936759958e-11,2.5669820132615037e-12,0.0,1.6140187540045973e-10,0.23881737193701982,0.2632596998314207,1.489123474416536e-12,0.23516166553885148,0.2627766572736706,-1.5394818740863218e-05
2022-01-13,1.6775397827868376e-12,3.004176192904669e-12,7.49430935492679e-12,5.406457076000946e-12,5.959901760277571e-12,1.0693419500058895e-11,3.9499085226103126e-11,2.5718543745545744e-12,0.0,1.6343407103393364e-10,0.24278666592428522,0.2618233940539451,1.5252331552667908e-12,0.23822505533232435,0.25718044673781176,-1.55622896325883e-05
2022-01-14,1.6537371273594315e-12,2.972608543828384e-12,7.447941077900886e-12,5.4939236347582555e-12,5.945173119488183e-12,1.0521885087965335e-11,3.9407025754209916e-11,2.5455545662876277e-12,0.0,1.640475968522648e-10,0.24625791779430226,0.2603680191087232,1.5610385515370752e-12,0.24093099635104678,0.2524585407354805,-1.54742311493521e-05
2022-01-17,1.6771824136930603e-12,2.962957728913696e-12,7.332765446414436e-12,5.5618218572458094e-12,6.055882558012732e-12,1.044988651484444e-11,3.8888956308482527e-11,2.5231728749028415e-12,0.0,1.6624473192061041e-10,0.24697138223143467,0.2591837703093056,1.5920796564124134e-12,0.23807373664935297,0.255786480192968,-1.5369626350690787e-05
2022-01-18,1.7260631104756156e-12,3.0710593677698426e-12,7.558219241580333e-12,5.736348661406918e-12,6.221447297435007e-12,1.0971260343171471e-11,3.9741428647097106e-11,2.576998956195358e-12,0.0,1.7420414239581208e-10,0.24509033066283947,0.2649982789571681,1.5912786601696972e-12,0.24151588488756995,0.248411362822952,-1.5857583927881e-05
2022-01-19,1.704250590493979e-12,3.0011707802756718e-12,7.477631991542572e-12,5.565952140672915e-12,6.157677701984801e-12,1.0790487803668901e-11,4.009316567723201e-11,2.5991905856027036e-12,0.0,1.7139646910001694e-10,0.2501664119325519,0.25520613477710136,1.5349998478882529e-12,0.2384963044322163,0.256146822976433,-1.5674368623623697e-05
2022-01-20,1.7248575433536044e-12,3.037718331374627e-12,7.464926315501479e-12,5.7057671237541034e-12,6.317068896756028e-12,1.1054125531471403e-11,4.031733253595508e-11,2.609784571773795e-12,0.0,1.7407171077450246e-10,0.2493094077196171,0.2537270105165383,1.5454943585035653e-12,0.23977610893053777,0.25720336370437846,-1.5891124920369405e-05
2022-01-21,1.7254233389123839e-12,3.0278895067178343e-12,7.411904524457702e-12,5.695011248691349e-12,6.2163594989484306e-12,1.1025658372018264e-11,4.024205746319363e-11,2.544341361500207e-12,0.0,1.7103739974773642e-10,0.24873056044554923,0.2577393748611146,1.5647402789649917e-12,0.2390398092926691,0.25450607860651997,-1.5823456343644616e-05
2022-01-24,1.742870326184123e-12,3.0521597511903937e-12,7.37130748341311e-12,5.650054484866235e-12,6.067557462044091e-12,1.1061701908596732e-11,4.0250222682308435e-11,2.588785845565888e-12,0.0,1.7482366527900591e-10,0.24627478876441947,0.2630706858225545,1.5525354115283689e-12,0.2427933843627721,0.24787697930763328,-1.5838511540391805e-05
2022-01-25,1.7147084014022102e-12,2.936080445063368e-12,7.2156644712314985e-12,5.574927979072556e-12,5.91926882877675e-12,1.0714133947544462e-11,3.9969990888584517e-11,2.5380882714503337e-12,0.0,1.71772938635655e-10,0.2521503245776552,0.26335212188386276,1.5556683823550198e-12,0.24031995901270006,0.24419313924062414,-1.5544964753699823e-05
2022-01-26,1.7133059520259347e-12,2.9810807963321476e-12,7.33888795784126e-12,5.57728321652212e-12,5.967021647172593e-12,1.0676686958368059e-11,4.08480859016684e-11,2.6253686210144412e-12,0.0,1.767828506088445e-10,0.2538303382346848,0.26053972948814386,1.541915204650956e-12,0.24009498182702402,0.24555083902888855,-1.5888834793823665e-05
2022-01-27,1.6965547440611051e-12,2.9261312944733685e-12,7.305168206104707e-12,5.516833146613182e-12,5.9190408812215965e-12,1.0744574289975581e-11,3.987147393299057e-11,2.6195942835458067e-12,0.0,1.7445629926055435e-10,0.25540887023004993,0.2622944500419049,1.5042743717761574e-12,0.23740435557914605,0.24490807803875858,-1.5754142419333432e-05
2022-01-28,1.6964357569016402e-12,2.950946141553718e-12,7.346193713718e-12,5.6474503442941125e-12,5.824306283924232e-12,1.0756219616604302e-11,3.9488465894548564e-11,2.6491868961313855e-12,0.0,1.7587980328878347e-10,0.25351122005362536,0.2597794426876363,1.4702987925710275e-12,0.23607251731871645,0.25065261032541664,-1.579063910417573e-05
2022-01-31,1.6476154046569087e-12,3.0267719359359892e-12,7.773052900365132e-12,5.558396632092614e-12,6.0222561783452735e-12,1.061307546423855e-11,3.8881681973560685e-11,2.524014035646261e-12,0.0,1.7171196724073494e-10,0.25000240486355996,0.2500024048692761,1.524463993427051e-12,0.2500024046909377,0.2500024048434539,-9.619516511003275e-06
2022-02-01,1.6492446339822383e-12,3.060869192692722e-12,7.85812997542924e-12,5.570417343389955e-12,5.907338100675884e-12,1.1047508446700502e-11,3.989720425259456e-11,2.5563071351581035e-12,0.0,1.7185264245086135e-10,0.24845074452565788,0.2560060128973086,1.5355741214719473e-12,0.24709724561633714,0.2484556367339395,-9.640024178334306e-06
2022-02-02,1.6585432953851216e-12,3.0952825013913496e-12,7.949084625747249e-12,5.591720616656422e-12,5.861008466712257e-12,1.053802383804931e-11,3.986759873091417e-11,2.544214624531828e-12,0.0,1.711968765820285e-10,0.24199252933068774,0.25722602250316917,1.5455155911470265e-12,0.24903339446035672,0.25175764432105907,-9.590865120587906e-06
2022-02-03,1.6931697367839136e-12,3.1290233855308956e-12,8.063281980670285e-12,5.6824873297851975e-12,5.957878541697477e-12,1.0835409126346666e-11,4.08274330694009e-11,2.6591319300030817e-12,0.0,1.7403851614599738e-10,0.2304493947051733,0.266635749480916,1.5544892692925844e-12,0.2491917370648924,0.25373285210585594,-9.733611278511151e-06
2022-02-04,1.6851375048421239e-12,3.14684598603809e-12,7.92380292611957e-12,5.609760987289192e-12,5.980236539954297e-12,1.0917733910594345e-11,4.116618172451101e-11,2.6286172811312814e-12,0.0,1.7262345595118352e-10,0.23128809608760845,0.27325681911600763,1.4983880716367167e-12,0.24815064995530267,0.24731416114376853,-9.726555867396956e-06
2022-02-07,1.6685763466268026e-12,3.196398063881397e-12,8.017658743732618e-12,5.672279311705363e-12,6.083335459633422e-12,1.091586513928425e-11,4.117321557990531e-11,2.7264758249603203e-12,0.0,1.7566269398744958e-10,0.23273643037075592,0.2663770912808957,1.4536337049713953e-12,0.24706691098228153,0.25382934884882913,-9.7817393324084e-06
2022-02-08,1.6581346432067198e-12,3.1821763054140554e-12,7.824755305614833e-12,5.699305950908268e-12,5.9309327158461435e-12,1.0798275092021039e-11,4.061433800815853e-11,2.683292624273791e-12,0.0,1.7142098353143702e-10,0.2246176388684338,0.26292391301421986,1.4242881003463846e-12,0.25879205975480984,0.2536760348685423,-9.646757242266401e-06
2022-02-09,1.6599405829167453e-12,3.163913178600657e-12,7.704491093232004e-12,5.6607871431886355e-12,5.969439408637921e-12,1.105213292224108e-11,4.144124983195509e-11,2.705932908629992e-12,0.0,1.7303657290770436e-10,0.22390314079919135,0.2719742664500748,1.4271102506038725e-12,0.25976638194687235,0.2443659033817151,-9.692831675261196e-06
2022-02-10,1.6337565140796727e-12,3.146268612455505e-12,7.509838420513994e-12,5.534203213233976e-12,5.9434872761443545e-12,1.0693134876933758e-11,4.145331149405225e-11,2.64858431431303e-12,0.0,1.676894367043525e-10,0.22219319709011978,0.2793918189854895,1.4269700032053345e-12,0.2522026228864376,0.24622191647663275,-9.555686358639497e-06
2022-02-11,1.5897410353693962e-12,3.1134991531776066e-12,7.393693272207955e-12,5.219362026574012e-12,5.7306284466097786e-12,1.0564114123980236e-11,4.054723193278493e-11,2.5479730958306566e-12,0.0,1.5886101559260647e-10,0.2166068920071693,0.28293491741756915,1.4128340371295043e-12,0.25605834306861225,0.24440917156508982,-9.324295420488554e-06
2022-02-14,1.6179092839826621e-12,3.201000066918505e-12,7.483139232038538e-12,5.24992528021262e-12,5.849205500930618e-12,1.0847926213960179e-11,4.061118534339824e-11,2.542440072537217e-12,0.0,1.6222880948454477e-10,0.22120944119964916,0.2784171992969501,1.4722898726209045e-12,0.25517026193916287,0.24521249374155085,-9.396418416725957e-06
2022-02-15,1.612405663193484e-12,3.305520000158767e-12,7.541912354131027e-12,5.226000809631032e-12,5.941808878143793e-12,1.1013082461454548e-11,4.0724662399256655e-11,2.5865338442948332e-12,0.0,1.6186160288615567e-10,0.21517717976066392,0.27369321566804705,1.5273394214869723e-12,0.26425463190755594,0.24688441554656884,-9.443124176642819e-06
2022-02-16,1.6424474830932154e-12,3.30975060069392e-12,7.544156817563121e-12,5.244875954591023e-12,5.950533496042162e-12,1.1015851814064178e-11,4.147899112338644e-11,2.6000070834931447e-12,0.0,1.649670326578844e-10,0.21721392641950757,0.27007317996498026,1.4958965395311726e-12,0.26583074653597355,0.24689161524182351,-9.468407534559459e-06
2022-02-17,1.633241671713949e-12,3.2880434808652075e-12,7.705196547555046e-12,5.132097472013669e-12,5.7700652045449975e-12,1.0993265491172091e-11,4.1010117861222855e-11,2.595384361510077e-12,0.0,1.6721553625713292e-10,0.2106113292530389,0.2659013502757365,1.4979711562101667e-12,0.26792767312438054,0.25556905280455594,-9.405704552908982e-06
2022-02-18,1.626562252733788e-12,3.2435219871700053e-12,7.532338080112786e-12,5.033015608653444e-12,5.654693889725149e-12,1.0943031746805485e-11,4.062421809876622e-11,2.51410045828196e-12,0.0,1.6733150964414073e-10,0.20911596307877947,0.2650438133004031,1.4889317466922524e-12,0.27237804379809133,0.2534714611556821,-9.281578947791187e-06
2022-02-21,1.6064673268783155e-12,3.1854646829834056e-12,7.487056464366218e-12,4.849767636617274e-12,5.593364314980169e-12,1.0820307218191678e-11,3.953448389500011e-11,2.4598412032777695e-12,0.0,1.6650539890157126e-10,0.20768890210474109,0.26416723137014764,1.4788200840924064e-12,0.27621110755983186,0.2519419573615149,-9.19863975639529e-06
2022-02-22,1.5675575378305839e-12,3.2038225375801e-12,7.437804439510141e-12,4.766378157344211e-12,5.450501312796039e-12,1.0761574857834138e-11,3.906058777893689e-11,2.4885635645520454e-12,0.0,1.626429611040322e-10,0.20852877009314597,0.2655309036232218,1.4679856116898715e-12,0.2767542700303306,0.24919515543033077,-9.099415877045092e-06
2022-02-23,1.5664020634663203e-12,3.2321624949154117e-12,7.466426037975406e-12,4.7435406222092596e-12,5.524361761810009e-12,1.0406120210418471e-11,4.0030970005275235e-11,2.421755493434499e-12,0.0,1.621031667489898e-10,0.20748137960626928,0.26932776114722806,1.4370023477310339e-12,0.2773532883184081,0.24584664155297137,-9.070863808717644e-06
2022-02-24,1.582577547977643e-12,3.2544168725352288e-12,7.530527941657006e-12,4.749455745008105e-12,5.5320376650128355e-12,1.0524447530249161e-11,4.085243694241347e-11,2.4197582619403045e-12,0.0,1.6491841592157813e-10,0.20899027732651407,0.2752387642270064,1.4252884218409768e-12,0.27048157244268606,0.2452985230002217,-9.13723921758743e-06
2022-02-25,1.5733931445593597e-12,3.2566190436640766e-12,7.489997421403193e-12,4.797164353714885e-12,5.521280055881337e-12,1.0561503139763918e-11,4.100554157108377e-11,2.430434920405548e-12,0.0,1.66507996947896e-10,0.2066550732911053,0.28223025793311546,1.4219126020022731e-12,0.26449995740573434,0.2466238597705694,-9.148645090261034e-06
2022-02-28,1.6476529721524082e-12,3.0268409497609135e-12,7.773230134766452e-12,5.558523369825139e-12,6.022393492600309e-12,1.0613317454367806e-11,3.888256851990422e-11,2.5240715860221896e-12,0.0,1.717158824678797e-10,0.250008105201268,0.2500081052069843,1.5244987529310288e-12,0.2500081050286418,0.2500081051811615,-3.2420867344538366e-05
2022-03-01,1.6261031488972193e-12,2.9428262605465602e-12,7.765014350012337e-12,5.455439486400595e-12,6.058622711359087e-12,1.0499235863616082e-11,3.8969472443199354e-11,2.559169456347716e-12,0.0,1.6922434130675458e-10,0.24826579711851093,0.2550231174853003,1.4983138017070498e-12,0.2458997964013577,0.25084350764187563,-3.2218893643137777e-05
2022-03-02,1.6102974355594198e-12,2.9348079251480675e-12,7.602620135372996e-12,5.57048111301466e-12,5.9345605763336915e-12,1.0412547249503224e-11,3.879187479846867e-11,2.6177629080747934e-12,0.0,1.737290428566783e-10,0.2503020909358534,0.2557949342097444,1.4666203913554948e-12,0.24748290345148002,0.2464521454573254,-3.207430507413869e-05
2022-03-03,1.6279883433863665e-12,2.903229273271776e-12,7.58640608144313e-12,5.530108853116726e-12,5.858368087361712e-12,1.0502805837663057e-11,3.9040945925296497e-11,2.6605516780057487e-12,0.0,1.7647161279121698e-10,0.2602769970032833,0.2536797270491822,1.5144159629600399e-12,0.2461487821001193,0.23992653047044102,-3.203687672235996e-05
2022-03-04,1.6239055032466006e-12,2.9352313557163586e-12,7.521042911648239e-12,5.494584166014549e-12,5.903513345667282e-12,1.0508703947740882e-11,3.937059910109879e-11,2.6710623357089188e-12,0.0,1.7539931078355256e-10,0.2614270169885708,0.24988509073929227,1.5497545214451064e-12,0.24348753187229824,0.24523240285837142,-3.204271151047882e-05
2022-03-07,1.616237735277671e-12,2.9339026573399934e-12,7.462420303419623e-12,5.417322679249771e-12,5.7645057659605085e-12,1.0341872351514177e-11,3.9106371349405996e-11,2.6728583214620142e-12,0.0,1.7379143505563277e-10,0.2571173039198332,0.24326642539387427,1.5593943160992983e-12,0.24908406420401555,0.2505641618413502,-3.195560973959826e-05
2022-03-08,1.6185888232994522e-12,2.9375424184011612e-12,7.559972704314866e-12,5.410047077915642e-12,5.780085812843517e-12,1.0247061364558878e-11,3.819384752722436e-11,2.633674027309959e-12,0.0,1.730919195457191e-10,0.2638277093851954,0.24240449750015924,1.5838702538773004e-12,0.2459116382385776,0.24788793721045552,-3.178258344431045e-05
2022-03-09,1.6120769782297786e-12,2.9407459899409366e-12,7.669114852638015e-12,5.457731267071392e-12,5.8974645239662185e-12,1.0361087381274542e-11,3.8347174616634175e-11,2.7378282593147763e-12,0.0,1.7778345713206994e-10,0.2644537151641487,0.24750217434896601,1.6241106736150422e-12,0.24907008971730785,0.23900607136552587,-3.205085037927554e-05
2022-03-10,1.6223244192803417e-12,2.995865739889439e-12,7.760918286053885e-12,5.520030398542238e-12,5.810468508990766e-12,1.0330330387598231e-11,3.880505083330968e-11,2.7713234214677052e-12,0.0,1.785261467471871e-10,0.26791313409414513,0.24917894412130784,1.6064119141412506e-12,0.24040243780795928,0.2425377263496724,-3.224262883362647e-05
2022-03-11,1.6251090356557348e-12,2.9774222542594225e-12,7.626238763696869e-12,5.560783098040452e-12,5.792782256379108e-12,1.0406310513892766e-11,3.979078361278181e-11,2.687971046400285e-12,0.0,1.7800453305176463e-10,0.2743214610842743,0.24239542230515937,1.6616403513041556e-12,0.241103658270629,0.24221169666966522,-3.223858586159075e-05
2022-03-14,1.6467009935294132e-12,3.009375466562988e-12,7.830101397723645e-12,5.57651161355741e-12,5.906091083411178e-12,1.0513800995905839e-11,3.998641986416243e-11,2.8293297386759752e-12,0.0,1.8247380523206274e-10,0.2836978002557566,0.24025266146587898,1.7393084778387763e-12,0.23366643900273176,0.24241582068273923,-3.272166861814871e-05
2022-03-15,1.624508916727086e-12,2.999391368707549e-12,7.77698221996343e-12,5.515215976085636e-12,5.8516842382505085e-12,1.0288133932169217e-11,3.882550709541604e-11,2.8327742126126212e-12,0.0,1.8529104085116957e-10,0.27757667671372743,0.24090362515559408,1.7153497229802016e-12,0.23662840868208068,0.24492370404077266,-3.2414854895458974e-05
2022-03-16,1.6283794772364592e-12,2.990323521216569e-12,7.861146512797252e-12,5.558761167222284e-12,5.805942524127273e-12,1.0118355212427609e-11,3.86958697558168e-11,2.8952877257015075e-12,0.0,1.822098600589359e-10,0.27251105167709655,0.24625425115200958,1.6824054069691641e-12,0.23900364134739321,0.2422634765141389,-3.2420950084712494e-05
2022-03-17,1.6518723063801394e-12,2.9646063385542947e-12,7.951976503154861e-12,5.566360556250568e-12,5.819512559626698e-12,9.85592747023246e-12,3.7520576670020626e-11,2.884397132691921e-12,0.0,1.7892446268361118e-10,0.26755939647453153,0.2484554983800525,1.6981695900096294e-12,0.23829234232738628,0.2457251499604864,-3.238739729460566e-05
2022-03-18,1.6248932939443295e-12,2.9383586066167147e-12,8.051024730706923e-12,5.541679273584535e-12,5.798217139822247e-12,1.0094945870418108e-11,3.662328737610021e-11,2.902065328303445e-12,0.0,1.7712453265289592e-10,0.2699224508116705,0.24312188644935254,1.6693945885242716e-12,0.23877966630400035,0.2482082055946078,-3.2209411999555555e-05
2022-03-21,1.6362936194463976e-12,2.9745698777589283e-12,8.017166817345956e-12,5.5981640964937005e-12,5.75434557223853e-12,1.0177017511071568e-11,3.660217591212851e-11,2.9106401072029348e-12,0.0,1.7214736889153227e-10,0.26414747553159684,0.2427567492829348,1.614812396194192e-12,0.24162632215118413,0.25150154193111635,-3.208914426468491e-05
2022-03-22,1.628722910586467e-12,2.9182715284317913e-12,8.074480891275142e-12,5.685388507058716e-12,5.720920769730483e-12,1.0166251509434528e-11,3.64256302327733e-11,2.9105265566819013e-12,0.0,1.7077482826071085e-10,0.26603424678613197,0.2504962949048038,1.5635720687559516e-12,0.2394021219946529,0.24409917200806414,-3.183593952150053e-05
2022-03-23,1.650544994811335e-12,2.896300390132757e-12,7.936263153863607e-12,5.718229945464616e-12,5.833328028180328e-12,1.0237600592635438e-11,3.647340692024137e-11,2.923242421086778e-12,0.0,1.6822874332797929e-10,0.26519805868666524,0.24825912188641325,1.5295878157743984e-12,0.2376729137117094,0.2489016836073991,-3.1778135614389984e-05
2022-03-24,1.6386748056756372e-12,2.8788954586582012e-12,7.850075330083039e-12,5.681259988213902e-12,5.705177030464119e-12,1.0071172282296707e-11,3.6117760784081775e-11,2.8986923076575714e-12,0.0,1.6581532014491386e-10,0.26036242133154336,0.25829803289791536,1.5350470114697196e-12,0.236560505795353,0.24481041512689125,-3.13753918953354e-05
2022-03-25,1.604262811309569e-12,2.8268374725267597e-12,7.742964478409836e-12,5.465745476352614e-12,5.502988900653767e-12,9.822436141900096e-12,3.561597594818077e-11,2.8408708003824396e-12,0.0,1.593188810010772e-10,0.25294369330646915,0.2605479950011105,1.5132299761002435e-12,0.23641951589150015,0.250119637459303,-3.0841890637181856e-05
2022-03-28,1.576462872628069e-12,2.7934477897070208e-12,7.636895686867408e-12,5.285701259333264e-12,5.4234016650095136e-12,9.827039139397084e-12,3.54927284771756e-11,2.8352705076116487e-12,0.0,1.5602646812835323e-10,0.2554144389968898,0.255640370489108,1.5050505276245494e-12,0.23463755042539955,0.2543381412080542,-3.0501347854089224e-05
2022-03-29,1.5670314011155557e-12,2.7154888598873362e-12,7.426152710207161e-12,5.2413174551812185e-12,5.338362378137936e-12,9.624301213827831e-12,3.544469117319424e-11,2.800651755310727e-12,0.0,1.5558190530466127e-10,0.25012057106423413,0.2585415273837607,1.4624492916336106e-12,0.23396416973245596,0.2574037687897088,-3.00371973618792e-05
2022-03-30,1.5413407845208287e-12,2.696853797837335e-12,7.492386877444274e-12,5.293140019092907e-12,5.309586666442431e-12,9.502329398817117e-12,3.578493136647945e-11,2.838417719012706e-12,0.0,1.5219107798699818e-10,0.250243280025911,0.26047133798689837,1.4502851519350266e-12,0.2361339132798908,0.25318139679267715,-2.9928309477673518e-05
2022-03-31,1.647613812549577e-12,3.0267690111358336e-12,7.773045389185959e-12,5.5583912609580615e-12,6.022250358978576e-12,1.0613065208717016e-11,3.888164440180044e-11,2.5240115966661192e-12,0.0,1.7171180131373448e-10,0.25000216328372243,0.2500021632894387,1.5244625203221662e-12,0.25000216311110035,0.2500021632636164,-8.653197161033644e-06
2022-04-01,1.6115179824013666e-12,2.991485658853632e-12,7.748174945421722e-12,5.573516011920045e-12,6.061209688564035e-12,1.060297086420239e-11,3.8947129591529654e-11,2.520125609600894e-12,0.0,1.7208259229399073e-10,0.24960405678340813,0.24821720439884323,1.5226707375905192e-12,0.25156067967727336,0.25062668496648555,-8.626075671685882e-06
2022-04-04,1.610992281399855e-12,3.020372244197251e-12,7.740413524108472e-12,5.510863048021585e-12,6.10299401741663e-12,1.037801136034077e-11,3.823524288090431e-11,2.5227171235696524e-12,0.0,1.6814120113853162e-10,0.24715713518341334,0.24479575562766417,1.5042822749995412e-12,0.25497734777744324,0.2530783518107505,-8.590644038359565e-06
2022-04-05,1.6158198535663755e-12,3.0133120935663397e-12,7.652300265113547e-12,5.618913380986384e-12,6.167115268366723e-12,1.0318138973408059e-11,3.873578279926174e-11,2.528717616941742e-12,0.0,1.698579029917347e-10,0.24503535044459976,0.24422610773619252,1.5127917153261022e-12,0.2535542412542612,0.2571929165523521,-8.616234426470805e-06
2022-04-06,1.6497811974273186e-12,3.0002656176887937e-12,7.539976775433705e-12,5.508492842330752e-12,6.176873151099178e-12,1.0265657708108809e-11,3.897932854637526e-11,2.5423384490177785e-12,0.0,1.656619449722788e-10,0.24709243992262014,0.2456688000566117,1.5069641426740477e-12,0.24680450357848777,0.2604428991715505,-8.642972101805536e-06
2022-04-07,1.6742573724755957e-12,3.017176916652734e-12,7.49223280337169e-12,5.527135550297267e-12,6.092006568431829e-12,1.0435357863251064e-11,3.913776992915382e-11,2.4860495497475e-12,0.0,1.6736048438166328e-10,0.24651472497775892,0.24528355244373104,1.4792145587816807e-12,0.2501380874142132,0.2580723002568244,-8.665337229346118e-06
2022-04-08,1.6551265076149129e-12,3.0333743709328613e-12,7.641172908545282e-12,5.5533261953987355e-12,6.27811450996291e-12,1.0590063452749492e-11,3.968246009399235e-11,2.5046851529672418e-12,0.0,1.6824140358909308e-10,0.24761860719965853,0.2498174079355834,1.4687213264866685e-12,0.24756725431614987,0.25500547303650906,-8.742734549294119e-06
2022-04-11,1.6767017374552904e-12,3.0309235946143214e-12,7.619414430360978e-12,5.4525710753431805e-12,6.287319490777882e-12,1.0510472005713972e-11,3.9558272136509676e-11,2.455272430713109e-12,0.0,1.6614593228213783e-10,0.24310891726500683,0.2514279000331907,1.4207741129788016e-12,0.24866188415417573,0.2568099853618791,-8.687058409973386e-06
2022-04-12,1.6583805798110183e-12,2.9979112238623274e-12,7.581441409308533e-12,5.4562409118017965e-12,6.259797898411128e-12,1.0542495717102432e-11,4.0399338100478757e-11,2.431661118837273e-12,0.0,1.6787395656879787e-10,0.2491462367272857,0.25250421854646327,1.3904640160793557e-12,0.24753730711761726,0.2508208997798013,-8.662417759292379e-06
2022-04-13,1.6728774316291112e-12,2.9648339999724703e-12,7.577347776892626e-12,5.408147053780893e-12,6.2867805507181134e-12,1.0522305889251876e-11,4.061000684172664e-11,2.4393663745084607e-12,0.0,1.699997795774427e-10,0.24968053826047953,0.24903077822127637,1.4494395286519922e-12,0.250439697831234,0.25085766910782886,-8.68366974972304e-06
2022-04-14,1.7082541682238074e-12,3.0433707423997666e-12,7.62395306879277e-12,5.471835177599406e-12,6.259723825048881e-12,1.0584555399713264e-11,4.081870227510749e-11,2.4650138927209237e-12,0.0,1.7283662429091623e-10,0.2526364169252849,0.24589471005810698,1.4370118610815878e-12,0.24994240347131766,0.251535217872855,-8.748579813547569e-06
2022-04-15,1.7217043753407426e-12,3.0015177700756256e-12,7.579523561359158e-12,5.520874472473244e-12,6.224951120469739e-12,1.0626887641538903e-11,4.0665925032672426e-11,2.469441884515849e-12,0.0,1.7431499495857431e-10,0.24588547050421866,0.24396723577716628,1.4420400405587067e-12,0.25195158217076863,0.25820444035561524,-8.729061336760053e-06
2022-04-18,1.7026651674781788e-12,3.0240329372611787e-12,7.47039301206482e-12,5.564058408349474e-12,6.240992171512541e-12,1.0426294325604695e-11,4.0539470876570656e-11,2.449895429112794e-12,0.0,1.7247108233308063e-10,0.24292269580273476,0.24783262106065282,1.4293886785474047e-12,0.2539470339929614,0.255306311713551,-8.662821218293357e-06
2022-04-19,1.7186188569314447e-12,2.9845040691625904e-12,7.374700490218161e-12,5.6263020370875785e-12,6.1690044999785024e-12,1.0575004910428758e-11,4.0776750259570645e-11,2.429665819832939e-12,0.0,1.7138085859162017e-10,0.24186367564521852,0.2512032731788209,1.4604856089303615e-12,0.24929662573407757,0.25764503193098204,-8.606739594963435e-06
2022-04-20,1.7383261735192731e-12,3.0297040333540114e-12,7.446009720652483e-12,5.524542586910277e-12,6.183956110759376e-12,1.0463628549452469e-11,4.0843235735209894e-11,2.4742519264168115e-12,0.0,1.7521217486405313e-10,0.24429398430831953,0.2468131654845023,1.402260671363161e-12,0.2511160448661213,0.25778544630834194,-8.641221603143653e-06
2022-04-21,1.7234661571478772e-12,2.979683708349222e-12,7.39244072108431e-12,5.516475229685704e-12,6.238958459893818e-12,1.0497627604527179e-11,4.1765269673938875e-11,2.440108106439064e-12,0.0,1.7550603175866996e-10,0.2472814522592124,0.24524100676184007,1.4300857818275441e-12,0.2527328744470907,0.2547533117218813,-8.6454455146547e-06
2022-04-22,1.7361635867386703e-12,2.99478307273692e-12,7.487507680078675e-12,5.483002567205412e-12,6.284108812886382e-12,1.0631271144312678e-11,4.2103658101673416e-11,2.5057758062325158e-12,0.0,1.7684370521788738e-10,0.2500764566128936,0.24838526658754687,1.451470162605233e-12,0.24624805984219186,0.2552989251012004,-8.708401354237919e-06
2022-04-25,1.7192416688799897e-12,3.0467765612959462e-12,7.515473852677226e-12,5.495042027859652e-12,6.380833539145825e-12,1.073671723526361e-11,4.164938224033164e-11,2.5146162795270883e-12,0.0,1.728471614852462e-10,0.24842466961386325,0.24876809423149085,1.4553222902122576e-12,0.2407284190552648,0.2620875612890016,-8.744442981099149e-06
2022-04-26,1.6862547228464804e-12,2.9924253704115627e-12,7.410726866046748e-12,5.346499585308646e-12,6.299882254585241e-12,1.0492764843472975e-11,4.0401873191542395e-11,2.489301276239762e-12,0.0,1.7164673340388372e-10,0.24760822701791677,0.24216162326644322,1.3892145417063898e-12,0.24284114214909472,0.26739759055841866,-8.58324202904232e-06
2022-04-27,1.7047999216757412e-12,2.9718236547270386e-12,7.292955768207633e-12,5.2629695283089e-12,6.149993514857373e-12,1.0442854073424675e-11,4.113869566424442e-11,2.4760364503645116e-12,0.0,1.7473684933199056e-10,0.24519034024632427,0.24966938291199534,1.4331702095292751e-12,0.2414959770324904,0.26365285083636236,-8.551280782500218e-06
2022-04-28,1.7084782493073205e-12,2.9484225457062314e-12,7.170608220783764e-12,5.317270344017877e-12,6.2140948765975126e-12,1.0419104863063337e-11,4.026656502876672e-11,2.422678786160448e-12,0.0,1.7266263221134862e-10,0.2428321003254089,0.25293374056050477,1.445703491087774e-12,0.24655899961963612,0.25768367120707725,-8.511963202533893e-06
2022-04-29,1.6476177976347927e-12,3.026776331985141e-12,7.773064189858802e-12,5.558404705044696e-12,6.022264925001688e-12,1.0613090878548709e-11,3.8881738444873586e-11,2.5240177014955537e-12,0.0,1.7171221663324422e-10,0.25000276796421084,0.25000276796992704,1.5244662075412256e-12,0.2500027677915883,0.2500027679441048,-1.1071919114674346e-05
2022-05-02,1.6009680797562838e-12,2.9601203352859213e-12,7.769896414171175e-12,5.516599014313389e-12,6.0201215062570434e-12,1.0540856627344956e-11,3.888361535620655e-11,2.4760097779792513e-12,0.0,1.7305172120836596e-10,0.25303497703058797,0.2565648869407885,1.519619517831753e-12,0.24939057256887648,0.24102054696342898,-1.0983754021638152e-05
2022-05-03,1.6060460504326847e-12,2.978744269692459e-12,7.923151144574734e-12,5.523507650720957e-12,6.12908660902523e-12,1.0628929867105815e-11,3.911669131065408e-11,2.5056961565233898e-12,0.0,1.733592318792346e-10,0.24814696384742377,0.25767590752727276,1.5197503165629915e-12,0.24917274254281938,0.24501545782332215,-1.1071992128964258e-05
2022-05-04,1.604940141597804e-12,2.9653225729016787e-12,7.953748039811908e-12,5.522257236854875e-12,6.065866301529558e-12,1.0494781881473012e-11,3.90186503140771e-11,2.5092137297518498e-12,0.0,1.753954699193012e-10,0.24435137389747047,0.2555455581777217,1.5275947916187642e-12,0.2523678085770357,0.2477462528618994,-1.0993767185097158e-05
2022-05-05,1.6081483266784032e-12,2.93539083371264e-12,7.888904043752373e-12,5.554423953755847e-12,6.107631520600921e-12,1.037538194894625e-11,3.9150437423645606e-11,2.5387500766261683e-12,0.0,1.7891292517013532e-10,0.243559180559361,0.26172664017233954,1.517758934502272e-12,0.24838541038561132,0.24633978883433064,-1.1020208232257725e-05
2022-05-06,1.6303030813322023e-12,2.9668800607997085e-12,7.986566888173994e-12,5.658082401428429e-12,6.18516125159652e-12,1.0520350253823773e-11,3.881587885328464e-11,2.590850731374097e-12,0.0,1.8612437665325743e-10,0.24344621518081241,0.2575523108595187,1.5572767169031425e-12,0.2537179515865804,0.24529470197106257,-1.1179862009873545e-05
2022-05-09,1.6012274333312468e-12,3.0027918219600246e-12,8.081126268859256e-12,5.478241594014317e-12,6.130324123485769e-12,1.0709430345360872e-11,3.844069744308935e-11,2.564519796383054e-12,0.0,1.8230600570287132e-10,0.23598110256491045,0.26130589208885735,1.5022792879005278e-12,0.25407941849083093,0.2486447258758402,-1.1139280255680345e-05
2022-05-10,1.6008832700317394e-12,3.0154875356230495e-12,8.299461454363619e-12,5.587618540293757e-12,6.168315097908258e-12,1.1024840350709241e-11,3.9607809576261656e-11,2.6100366796177585e-12,0.0,1.836617351025108e-10,0.24038724083223523,0.264121094091438,1.5484394389371246e-12,0.2504722110565613,0.24503074321272827,-1.128945608753398e-05
2022-05-11,1.622799928410248e-12,3.0364600003929138e-12,8.342348214722075e-12,5.5402472380633564e-12,6.24428497598321e-12,1.1150745088805007e-11,4.044187592642493e-11,2.6443588385077996e-12,0.0,1.893011384983675e-10,0.2381607657136843,0.2697822125192717,1.5215501034749068e-12,0.2496898900314715,0.2423785536907502,-1.1422225023592526e-05
2022-05-12,1.634977834695161e-12,3.034888272136099e-12,8.342574094675367e-12,5.471014670510218e-12,6.2229853194205214e-12,1.1044458362842741e-11,4.0662768875500924e-11,2.608047443116358e-12,0.0,1.8444792648182668e-10,0.23514477039828163,0.2775319059721837,1.5106268487664829e-12,0.24382847218164022,0.24350627246908296,-1.1421286169012065e-05
2022-05-13,1.6152118703702348e-12,2.986328278992231e-12,8.181412536798339e-12,5.6021395756433805e-12,6.157318981951996e-12,1.0691127274567213e-11,4.117274027242067e-11,2.611066490780357e-12,0.0,1.8043593136732884e-10,0.23596130447686323,0.27435223428730304,1.4489506462874308e-12,0.2499357435323787,0.2397620493065202,-1.1331863967583833e-05
2022-05-16,1.6229480130636282e-12,2.9971982938361805e-12,8.018918201883813e-12,5.616806648945983e-12,6.053033214703804e-12,1.0340650913800275e-11,4.056673900245119e-11,2.602110970349013e-12,0.0,1.7796787617074318e-10,0.23818434904009475,0.27239871603204446,1.4148543544822729e-12,0.25089265584476406,0.23853550410353297,-1.1225277637413153e-05
2022-05-17,1.6022090574855263e-12,3.044334178980676e-12,8.14440484880051e-12,5.68214440544536e-12,6.1885079560798024e-12,1.0368963348940737e-11,4.121896644928157e-11,2.5736370700550176e-12,0.0,1.8548281620272988e-10,0.2370661904117434,0.27203519043342417,1.4135229634979525e-12,0.2544254824275947,0.236484486480219,-1.1350018700899885e-05
2022-05-18,1.6047790874721835e-12,3.0632504059458386e-12,8.172470487068555e-12,5.554182678959297e-12,6.249192993310473e-12,1.0470216194690356e-11,4.158914865006551e-11,2.5816224038072743e-12,0.0,1.8805611965813517e-10,0.24393984527018764,0.2671127204349355,1.437332234844213e-12,0.253518265282928,0.2354404896597713,-1.1320916600912285e-05
2022-05-19,1.578460920198072e-12,3.048667793567442e-12,8.069482579937496e-12,5.5145380602251396e-12,6.154754730586076e-12,1.0391534733884127e-11,4.128919320176653e-11,2.580731291053126e-12,0.0,1.8353350062968402e-10,0.24496958673996996,0.2630986487407152,1.4621179015715455e-12,0.2541653831307867,0.23777767815841733,-1.1297033512089902e-05
2022-05-20,1.6008163076018209e-12,3.041703148718697e-12,8.026501347035664e-12,5.574744885235015e-12,6.198650276739734e-12,1.0376598592654465e-11,4.210628534498294e-11,2.5756034118896352e-12,0.0,1.8379220188217746e-10,0.24153016169650016,0.26374233975880645,1.4996814248908581e-12,0.25653095468243,0.23820784770409031,-1.1304106619911756e-05
2022-05-23,1.5908770951241357e-12,3.0376692594650706e-12,8.053998749120394e-12,5.587862692593004e-12,6.1454224138977644e-12,1.0372425816848464e-11,4.21874837536172e-11,2.527449377647208e-12,0.0,1.7684098230063866e-10,0.2423447074239593,0.2655121372797415,1.5127359127337784e-12,0.25358470870532446,0.23856969521698757,-1.1248883869709624e-05
2022-05-24,1.6251379034856465e-12,3.1058011686805447e-12,8.116141113930665e-12,5.6419126303162745e-12,6.278726346876246e-12,1.0255458673173967e-11,4.234578959628929e-11,2.5963303590227523e-12,0.0,1.7931852672919365e-10,0.2383896061677111,0.2674879676310425,1.5095384594965257e-12,0.2572431611521796,0.23689060114476085,-1.133635648739823e-05
2022-05-25,1.598842861759705e-12,3.021047061112387e-12,8.169772946919052e-12,5.579710800564406e-12,6.250192199649507e-12,1.0189401377848663e-11,4.1469390181212147e-11,2.5338069053954712e-12,0.0,1.7618934388026328e-10,0.23830055941712291,0.2622506617081752,1.5461078386671017e-12,0.2604340726491221,0.23902596579925825,-1.1259830226275611e-05
2022-05-26,1.591953243550538e-12,3.0576766623195535e-12,8.125067430182907e-12,5.560432837465196e-12,6.243871587517291e-12,1.0249810053176374e-11,4.169977775093682e-11,2.509239004854962e-12,0.0,1.774177262454918e-10,0.2403610950540543,0.25976287740531806,1.4987943363943366e-12,0.2587203500511304,0.24116689900330446,-1.1221771761517813e-05
2022-05-27,1.612923593590308e-12,3.0091525427149212e-12,8.05722366432701e-12,5.5149278810407605e-12,6.323168153571351e-12,1.020754510015612e-11,4.10389387242639e-11,2.519943965776203e-12,0.0,1.7342675442641382e-10,0.2360491275486633,0.26642160919848984,1.503643796383095e-12,0.25833343363339495,0.23920700607166212,-1.1176705424576576e-05
2022-05-30,1.6111214458672826e-12,3.0061048007074662e-12,8.051842385568304e-12,5.501308278041264e-12,6.365901912039127e-12,1.0172528969692154e-11,4.0347656280791744e-11,2.4889132789190933e-12,0.0,1.7823465106760327e-10,0.2384884973098446,0.2617578138068489,1.4909324396228209e-12,0.2544433260623403,0.24532149384418017,-1.113128048502675e-05
2022-05-31,1.647617081812686e-12,3.0267750169754257e-12,7.7730608127824e-12,5.5584022901466705e-12,6.022262308575492e-12,1.0613086267597622e-11,3.888172155235884e-11,2.5240166049137667e-12,0.0,1.7171214203135478e-10,0.2500026593482998,0.250002659354016,1.5244655452234148e-12,0.2500026591756773,0.25000265932819377,-1.0637455470451094e-05
2022-06-01,1.636036135028001e-12,3.0231913033144547e-12,7.679303938169949e-12,5.5434484558817385e-12,6.047019715082636e-12,1.0458181654803503e-11,3.9086208285784445e-11,2.512752476929321e-12,0.0,1.702948606633835e-10,0.25025882355930257,0.24856026224642605,1.5141922812508402e-12,0.2499177426618031,0.2512737492177892,-1.0577933116191527e-05
2022-06-02,1.6053033957053835e-12,3.045483148612369e-12,7.472394964991499e-12,5.461519946698296e-12,5.998113143469327e-12,1.0440684558627052e-11,3.9642302086470097e-11,2.429796641923307e-12,0.0,1.635535079211374e-10,0.24868884331955496,0.24801272141846092,1.5459714020167995e-12,0.2487893347490581,0.2545196014059217,-1.0501134190804493e-05
2022-06-03,1.6168737919246954e-12,3.037254412819438e-12,7.371529043474718e-12,5.488433639901213e-12,5.899995945395853e-12,1.0633406332998125e-11,3.962890773957783e-11,2.475589978759594e-12,0.0,1.645541068135152e-10,0.2500224897160293,0.2483187087791285,1.537344250206844e-12,0.2510817189740431,0.2505875990061297,-1.0516717574092301e-05
2022-06-06,1.5889868816887516e-12,3.0574374107088333e-12,7.386068206078563e-12,5.460700925558083e-12,5.9845444199562e-12,1.0535994769528868e-11,4.0105496629779396e-11,2.467622788108966e-12,0.0,1.683188069397886e-10,0.2526085150810432,0.2464293499683783,1.5483088528043968e-12,0.24785916558317747,0.25311342183279606,-1.0452711848972064e-05
2022-06-07,1.525346189097767e-12,2.971903112133524e-12,7.331219959884776e-12,5.3482383988852745e-12,5.893110168567771e-12,1.017054944534854e-11,4.0378004111068105e-11,2.464905078944427e-12,0.0,1.6431552085905427e-10,0.2523027438655605,0.25019663165634326,1.5466104248998234e-12,0.25315314779923626,0.24435774036837063,-1.026393145587525e-05
2022-06-08,1.532356934304715e-12,2.9727290243098053e-12,7.458194195410337e-12,5.426103063306286e-12,5.9560456722052804e-12,1.0405301226171264e-11,4.156688847722102e-11,2.4420934752364017e-12,0.0,1.685185226224639e-10,0.25357710794299426,0.24997539403937247,1.5943542000219643e-12,0.2503735165037479,0.2460843707511597,-1.0389485147023993e-05
2022-06-09,1.5385125261374078e-12,2.958234969167972e-12,7.528521243578157e-12,5.396056977703771e-12,6.064137276720877e-12,1.0399449343110886e-11,4.1988684258189343e-11,2.4706401783107966e-12,0.0,1.6333905719710346e-10,0.2553625365334435,0.2505858599419845,1.611909019640629e-12,0.24965925228170652,0.24440274787079785,-1.0396871227605206e-05
2022-06-10,1.560452837472253e-12,2.900750276878225e-12,7.553501558335363e-12,5.3361471091160255e-12,6.012150437048846e-12,1.0310723087077416e-11,4.1348365283435444e-11,2.4796054649858264e-12,0.0,1.6381093382352485e-10,0.2546788334187255,0.24535361171688122,1.619546510670023e-12,0.2583591094235188,0.24161879192016514,-1.0346722222910656e-05
2022-06-13,1.5439930810088679e-12,2.8641069890512353e-12,7.461260123111014e-12,5.1322605786089564e-12,5.999986435233891e-12,1.012878813342952e-11,4.017275801371182e-11,2.488964470134022e-12,0.0,1.6184731064561586e-10,0.2589684097452412,0.2379149548828693,1.5654799550377968e-12,0.2578984668207352,0.24522844035176816,-1.0272039818828382e-05
2022-06-14,1.5275715431492825e-12,2.888378175783053e-12,7.540784185988377e-12,5.033019150100437e-12,6.084921730250901e-12,1.0288126422453556e-11,4.018264805840382e-11,2.544527563952495e-12,0.0,1.6284507780082946e-10,0.2582545063757068,0.23509142836981756,1.571712203240059e-12,0.2617919242951141,0.24487245489632734,-1.0314177472713969e-05
2022-06-15,1.5073480199479347e-12,2.948022989217716e-12,7.614740162190858e-12,5.050021040392328e-12,6.196192987484061e-12,1.057127073972025e-11,3.896699888368026e-11,2.580359137172722e-12,0.0,1.6540886196467973e-10,0.2608510130695914,0.2395116205797597,1.5704500164370851e-12,0.2548963354727615,0.24475142197196081,-1.039133648764944e-05
2022-06-16,1.5076531976546245e-12,2.9676026189940414e-12,7.491557279177341e-12,5.091415362171725e-12,6.1258349479794235e-12,1.0583366404355984e-11,3.856507912928623e-11,2.578146786660194e-12,0.0,1.6171233654141702e-10,0.257116634001335,0.23946190449095142,1.6312174630495193e-12,0.2500711218269096,0.2533606910338528,-1.0351591303047882e-05
2022-06-17,1.5454444753016338e-12,2.9826000059930696e-12,7.5127932585168e-12,5.0818167593735085e-12,6.1582819276233215e-12,1.045651679325802e-11,3.876376832478955e-11,2.649188559876193e-12,0.0,1.621188918184426e-10,0.25161049108101974,0.24249783362196276,1.6492039777348354e-12,0.25196024681609436,0.2539418400437676,-1.0411801762819534e-05
2022-06-20,1.5187239545023332e-12,2.954175232598069e-12,7.40149022208906e-12,5.026323373461476e-12,6.0851249981499664e-12,1.0454103464302158e-11,3.85547093445468e-11,2.618257448791859e-12,0.0,1.6084053715366847e-10,0.25325634628369387,0.24148730517879388,1.5732171729005472e-12,0.25428484849701233,0.2509817579283591,-1.0258124885632549e-05
2022-06-21,1.5206570794122614e-12,2.9678997099257357e-12,7.387353620757675e-12,5.04873431068006e-12,6.052729222748723e-12,1.0645132287100173e-11,3.857010017070506e-11,2.6091777839327274e-12,0.0,1.61837578485696e-10,0.254543912414804,0.2435740326920688,1.5481250232983361e-12,0.24739605335593792,0.2544962754863984,-1.0274187396557294e-05
2022-06-22,1.545043939040612e-12,2.9429766745259526e-12,7.529451188405287e-12,5.0756543789344545e-12,6.064901817184805e-12,1.0613391324370667e-11,3.79310418402293e-11,2.6514646191288505e-12,0.0,1.602373385822862e-10,0.2592183045810652,0.23638050100810656,1.5102576806881292e-12,0.24789617764707214,0.25651530905142816,-1.0292523773525327e-05
2022-06-23,1.5463245716657244e-12,2.9231156441615933e-12,7.706702229871595e-12,5.0439148704894666e-12,6.026005935133653e-12,1.04672184826734e-11,3.785904749913682e-11,2.6651095416956053e-12,0.0,1.5598985934253823e-10,0.2572948543138044,0.23734609385096525,1.52062824467745e-12,0.24709112480871914,0.2582781788578619,-1.0252063098726042e-05
2022-06-24,1.5333004470478156e-12,2.9669592604901713e-12,7.783609646214436e-12,4.962618955077448e-12,5.943321194805377e-12,1.0320082076824e-11,3.818185110276069e-11,2.6150605710554106e-12,0.0,1.5700696895931635e-10,0.256889941127409,0.23826921186439287,1.4915370527751282e-12,0.2496637095050198,0.2551873792414957,-1.024197112273529e-05
2022-06-27,1.5277477165415753e-12,2.972528076132878e-12,7.788377698082904e-12,4.961643980487134e-12,5.886530058484089e-12,1.0276188541821854e-11,3.8168221035751305e-11,2.563195025556067e-12,0.0,1.57903818150128e-10,0.2515080838440344,0.2428573093373986,1.5244199472945461e-12,0.24395595236659917,0.26168888846058075,-1.0234242185580962e-05
2022-06-28,1.5178207961677132e-12,2.969835924395138e-12,7.70717176492584e-12,4.988787276734252e-12,5.885774790751172e-12,1.0118017040732726e-11,3.7381047583582496e-11,2.497735820714359e-12,0.0,1.5852670666571268e-10,0.2529220456918631,0.2412014450848842,1.4863021167533375e-12,0.23977333438055068,0.26611335414328974,-1.0179533666950263e-05
2022-06-29,1.5212075781412288e-12,2.9945782519632774e-12,7.670216296007897e-12,5.042737229031227e-12,5.893767237923973e-12,1.0325392946414666e-11,3.80361004084044e-11,2.4976563040990483e-12,0.0,1.5828666071472604e-10,0.24887049703918823,0.2394143501980938,1.5021831814843195e-12,0.24293322506705553,0.2687921746012715,-1.024713937950543e-05
2022-06-30,1.6476216332918777e-12,3.026783378325681e-12,7.773082285565692e-12,5.55841764502047e-12,6.022278944844856e-12,1.0613115585842644e-11,3.888182896162799e-11,2.5240235774131314e-12,0.0,1.717126163795817e-10,0.25000334997108736,0.25000334997680357,1.5244697565011953e-12,0.25000334979846445,0.2500033499509813,-1.339994662082395e-05
2022-07-01,1.6438853619501514e-12,3.0660145850027946e-12,7.69624762986774e-12,5.591023677101697e-12,5.921961828076141e-12,1.0664347633964762e-11,3.907022693292912e-11,2.5898240643560567e-12,0.0,1.7050638842315383e-10,0.25392842377996727,0.2520148558530925,1.5329698467844723e-12,0.24624773745079306,0.24782240762218088,-1.3424954316719655e-05
2022-07-04,1.687934884199025e-12,3.1100383972570907e-12,7.842702975711743e-12,5.667085390699643e-12,5.924272783855015e-12,1.0953920171494433e-11,3.9926807996338385e-11,2.7147019210425357e-12,0.0,1.752932295215475e-10,0.2523007914683956,0.2565181749190453,1.582931459026225e-12,0.2405639179258556,0.25063073716511214,-1.3621733112308756e-05
2022-07-05,1.6782695121253682e-12,3.086770454344758e-12,7.872556191535939e-12,5.738084378812334e-12,5.912942980319763e-12,1.097985480619338e-11,3.9978892864060105e-11,2.714203215876702e-12,0.0,1.7828092089273635e-10,0.25347513784837394,0.25820170883883714,1.5604349100259285e-12,0.23854252612034715,0.24979424041519993,-1.361348056086717e-05
2022-07-06,1.6555648447785496e-12,3.0370861045723993e-12,7.829595747198862e-12,5.778617911665947e-12,5.872446479727995e-12,1.084859612785922e-11,3.9584829141746416e-11,2.6998680642865304e-12,0.0,1.844988065529751e-10,0.25812870145386324,0.2630031689657585,1.5945177226335803e-12,0.23451868943372545,0.24436306398560417,-1.3624102351155388e-05
2022-07-07,1.6521276962335856e-12,3.10426710787578e-12,7.849705975580285e-12,5.744398990004388e-12,5.891850313206051e-12,1.0908557131772129e-11,4.00714844362828e-11,2.732956764938082e-12,0.0,1.8808884955104815e-10,0.25769388869010607,0.2646140527243966,1.6279446665833445e-12,0.23382639601972885,0.2438793990616521,-1.3736763555779292e-05
2022-07-08,1.6583241885191868e-12,3.0717758691246037e-12,7.80324231346004e-12,5.770936315123752e-12,6.028474397077627e-12,1.0974668344659394e-11,4.026014244856683e-11,2.7490193754471085e-12,0.0,1.881295944527322e-10,0.2571715135084873,0.2656454118709208,1.6288417196538519e-12,0.2350994154469896,0.24209736782736416,-1.3708921836861506e-05
2022-07-11,1.6528773938152885e-12,3.022049009177652e-12,7.746900064617806e-12,5.841010193066759e-12,6.029284441340434e-12,1.0931185183360695e-11,4.113883258210582e-11,2.6862078724432115e-12,0.0,1.9243740236831106e-10,0.2564482730716684,0.2636259102847753,1.5890059615742098e-12,0.23619415523716422,0.2437453147575017,-1.365362418440159e-05
2022-07-12,1.6253287971434889e-12,2.9985500062467226e-12,7.669924945739312e-12,5.821203139143534e-12,5.909973465916159e-12,1.1037179303978721e-11,4.138799906944334e-11,2.6558276346772016e-12,0.0,1.9085102757465436e-10,0.2516691134812479,0.2600626546714954,1.5718973575913298e-12,0.2416669871635832,0.24661480805462446,-1.3563642480003791e-05
2022-07-13,1.6201906120413323e-12,2.9740867151624743e-12,7.487760554682373e-12,5.7497619709517234e-12,5.909226507938166e-12,1.073159258557136e-11,4.1254340011267264e-11,2.7111535402694038e-12,0.0,1.927693233777491e-10,0.24962751690678328,0.26124769213712706,1.5341793947082238e-12,0.2423450516224222,0.24679313882359716,-1.3399762671352157e-05
2022-07-14,1.6243855468923254e-12,3.0133379279458937e-12,7.443515927503795e-12,5.737056019468403e-12,5.9158649413219406e-12,1.0589865324687492e-11,4.1381524989096155e-11,2.6452561753030254e-12,0.0,1.9292921575084954e-10,0.24755543876197997,0.25761335959620524,1.528158790442387e-12,0.2454366613348446,0.2494079351386308,-1.3395104468884244e-05
2022-07-15,1.592578757800937e-12,2.9487728728260274e-12,7.399257262450381e-12,5.616021625953845e-12,5.843857149409647e-12,1.0470240297486649e-11,4.102244006809158e-11,2.6431346577852047e-12,0.0,1.8482102543639116e-10,0.24216049868172568,0.2620706710540131,1.5623147240551238e-12,0.25041686025088417,0.2453651880668615,-1.3218317404258876e-05
2022-07-18,1.5506480387386346e-12,2.851125454694783e-12,7.279649422749154e-12,5.549632342466885e-12,5.879518663077808e-12,1.0485986880087406e-11,4.0757948615169376e-11,2.5851258738630786e-12,0.0,1.838051331033242e-10,0.2425976632348044,0.26133704033158767,1.5196711064134737e-12,0.2510303878400341,0.2450479964248776,-1.30880935681565e-05
2022-07-19,1.5203314976353838e-12,2.8016081164455598e-12,7.264263124996935e-12,5.482410751029967e-12,5.9365400342519995e-12,1.0454232555405101e-11,4.011115885153897e-11,2.5606208826133507e-12,0.0,1.8004134915751641e-10,0.23680188470164526,0.26198933629050125,1.5280189692590679e-12,0.25146423561981585,0.24975750389053963,-1.2960760202501122e-05
2022-07-20,1.5292791349203763e-12,2.8806787844815787e-12,7.273581772458861e-12,5.47912398506803e-12,5.8745691673117294e-12,1.051094239668554e-11,4.028598937428676e-11,2.6087507467525986e-12,0.0,1.7870864339746953e-10,0.23796601762742062,0.26330962311671363,1.497305809130956e-12,0.24979513428559047,0.2489423262227836,-1.3101509157193145e-05
2022-07-21,1.5461229368754596e-12,2.8791391204608776e-12,7.307711179259999e-12,5.371952943481356e-12,5.945572451561315e-12,1.0661098357331206e-11,3.910848497724515e-11,2.576746849451965e-12,0.0,1.8009093276259364e-10,0.23483103506480008,0.2613806786254202,1.4784227198283762e-12,0.2497647753301714,0.2540365769407691,-1.3066218126921766e-05
2022-07-22,1.533135772064087e-12,2.905118956000989e-12,7.238307755554972e-12,5.314195724138919e-12,5.998614553112541e-12,1.0776502991667628e-11,3.9520055226092116e-11,2.5263697338233245e-12,0.0,1.8223217408813398e-10,0.23479141967643774,0.25643919074420024,1.4891383037390562e-12,0.24632683341141615,0.26245560485371944,-1.3048945307249397e-05
2022-07-25,1.5628077660905673e-12,2.936676400404784e-12,7.379536541551719e-12,5.343546109104229e-12,6.0834691351838576e-12,1.1033719859914944e-11,3.9843743716040985e-11,2.5295453037894965e-12,0.0,1.8289746261691774e-10,0.2391054021766891,0.26183256160260543,1.509871638841879e-12,0.24513274703806065,0.25394239647676553,-1.3107555241064674e-05
2022-07-26,1.5448033992011469e-12,2.90758703005676e-12,7.304461547089179e-12,5.3449206898889414e-12,6.188052611968032e-12,1.097677881351701e-11,3.9460832482136167e-11,2.5034267237151063e-12,0.0,1.7935142782775926e-10,0.23799127531891648,0.2620913225156635,1.505518805556494e-12,0.2455667696744255,0.25436364710193643,-1.301486802967806e-05
2022-07-27,1.5138775232276185e-12,2.9166516173202563e-12,7.2277662325157455e-12,5.260577755329773e-12,6.085373979501865e-12,1.1002526205605485e-11,3.921775376432435e-11,2.4361012539324296e-12,0.0,1.7480482311102145e-10,0.23780177053389798,0.2623495239358256,1.5243209869039534e-12,0.2527827512626001,0.24707892289808545,-1.2968882399053262e-05
2022-07-28,1.523737292071756e-12,2.9289714960536815e-12,7.312946716826419e-12,5.311022331579561e-12,6.1024986602728545e-12,1.1018614816396296e-11,3.8904404794785323e-11,2.4880118998720337e-12,0.0,1.7858288687616306e-10,0.23833333203837603,0.2613440666640477,1.5064910457690479e-12,0.2563137065128577,0.2440219517602439,-1.305723120485873e-05
2022-07-29,1.6476156649188125e-12,3.0267724140532875e-12,7.773054128218148e-12,5.5583975101123795e-12,6.022257129637579e-12,1.0613077140709418e-11,3.888168811541912e-11,2.5240144343465254e-12,0.0,1.7171199436483403e-10,0.2500024443546339,0.25000244436035013,1.5244642342356159e-12,0.2500024441820116,0.2500024443345279,-9.777480806860583e-06
2022-08-01,1.66194217276419e-12,3.0282314243775574e-12,7.74983523327654e-12,5.4984049988183125e-12,5.942506892937942e-12,1.0737595586953605e-11,3.874733058673768e-11,2.4338392272008728e-12,0.0,1.6839814080456171e-10,0.24629591292935274,0.2508598385506071,1.5124943669767138e-12,0.24816689894968227,0.25468706311794004,-9.713793292549314e-06
2022-08-02,1.6515647167461376e-12,3.086500362274324e-12,7.696701807666086e-12,5.506357466082291e-12,5.9248831843362675e-12,1.0759740226333953e-11,3.899957711474155e-11,2.450111910772822e-12,0.0,1.6556211060096118e-10,0.256436995643034,0.24897385187747023,1.5320805609762685e-12,0.24107072151127382,0.25352814587090083,-9.7151458487132e-06
2022-08-03,1.6635287493126464e-12,3.127584162842827e-12,7.534075112145012e-12,5.5639741276746915e-12,5.892218439064639e-12,1.0897383970649342e-11,3.8785966834410217e-11,2.4413662893286152e-12,0.0,1.642777402230348e-10,0.25668706320602286,0.24610261144280093,1.495868528954462e-12,0.2477076636829717,0.2495124567791848,-9.795352659997373e-06
2022-08-04,1.6759017327721435e-12,3.1803162346754316e-12,7.552897594537464e-12,5.562163151941551e-12,5.9630945610378375e-12,1.1156181475779006e-11,3.852949280368688e-11,2.4589301583242667e-12,0.0,1.64810033130734e-10,0.2592504079695465,0.2448490815626209,1.4979527030724443e-12,0.24365047700417833,0.2522599161549439,-9.882933676578197e-06
2022-08-05,1.6897498562254831e-12,3.13976194169375e-12,7.489843441770225e-12,5.585227917530309e-12,6.041314932886577e-12,1.0925648992560635e-11,3.838316776654989e-11,2.4651021520211133e-12,0.0,1.582481782502824e-10,0.26098506177528935,0.25077582147997607,1.4989854286755032e-12,0.23875791835193,0.24949106239789506,-9.864240557370697e-06
2022-08-08,1.72661397812006e-12,3.1846512745984128e-12,7.579823359886646e-12,5.636647219124778e-12,6.02352289926319e-12,1.0953724348646695e-11,3.8541525067944006e-11,2.497242319399016e-12,0.0,1.6184233822426164e-10,0.25633796964166855,0.2530635917028994,1.5264838716737238e-12,0.24274850046628582,0.2478598496604924,-9.91171085879909e-06
2022-08-09,1.7548438207987436e-12,3.1093695741153088e-12,7.410091405287204e-12,5.590729713342641e-12,6.111846398264468e-12,1.0719915413374532e-11,3.79918723687684e-11,2.508268593441723e-12,0.0,1.5929084167210683e-10,0.25594328792251264,0.25153883595261683,1.5376847047218117e-12,0.2458453913986172,0.24668228640794043,-9.801917712598281e-06
2022-08-10,1.7750553426009763e-12,3.143423933988892e-12,7.514735191401438e-12,5.6436269629740825e-12,6.165901423026359e-12,1.0981016680094898e-11,3.911450554820663e-11,2.476633163948925e-12,0.0,1.5900610037308273e-10,0.2569524748735257,0.25553872405074574,1.5698658066558955e-12,0.24757817909240554,0.2399405073456135,-9.885599681330063e-06
2022-08-11,1.7673332437692703e-12,3.1872969011375747e-12,7.327897786288275e-12,5.748503763338566e-12,6.235489664295583e-12,1.1221600960255506e-11,3.920402261161641e-11,2.4163456053192764e-12,0.0,1.6297253623824138e-10,0.26212838173270503,0.253977466594774,1.580355286778721e-12,0.24644573333607334,0.23745834927896595,-9.93118417984303e-06
2022-08-12,1.758112250792705e-12,3.104305223554181e-12,7.155148960287677e-12,5.59606359489588e-12,6.036890679167739e-12,1.108553426208776e-11,3.9263072808240475e-11,2.376468304013068e-12,0.0,1.6280759528277543e-10,0.2655566460972157,0.24774060125970235,1.5454954583642044e-12,0.24533917144920261,0.24137337000807518,-9.789054924651345e-06
2022-08-15,1.7577495726180543e-12,3.077004485518993e-12,7.238395056223876e-12,5.674538933965075e-12,6.066571937125816e-12,1.10598212857511e-11,3.99848224478421e-11,2.4060442557991098e-12,0.0,1.6374369983794295e-10,0.26104693568091236,0.2518696579546877,1.546186290454854e-12,0.24463309396304214,0.24246014554459594,-9.83338579308731e-06
2022-08-16,1.7622387985181906e-12,3.111709819835984e-12,7.300825597807267e-12,5.677145651597746e-12,6.136834650497006e-12,1.11423657727212e-11,3.984778741152184e-11,2.4074877390338285e-12,0.0,1.6542810973691588e-10,0.26013311583205767,0.250833015009119,1.6035958345511974e-12,0.24945246691355716,0.239591254793165,-9.852792316919174e-06
2022-08-17,1.7802916660906317e-12,3.1305563321498752e-12,7.367477069419807e-12,5.714007369826063e-12,6.2562451253105095e-12,1.1247321121188614e-11,4.0013287317171236e-11,2.455309489569624e-12,0.0,1.6658200789646514e-10,0.2627915240756794,0.251723689674539,1.6121411070036709e-12,0.24806892229778105,0.2374257620684298,-9.89836258797558e-06
2022-08-18,1.761709131278167e-12,3.0834074466269572e-12,7.290518846174544e-12,5.697288641560298e-12,6.2584394156074144e-12,1.1198428663152288e-11,3.8708679841008805e-11,2.508037361404094e-12,0.0,1.6760689204081572e-10,0.270709525568461,0.24740063298864945,1.66439146875274e-12,0.24355065198469414,0.23834907557898038,-9.886366562819542e-06
2022-08-19,1.700111972717869e-12,3.0123764281749067e-12,7.151404632532119e-12,5.5556550769013245e-12,6.166885033438663e-12,1.0953955034775975e-11,3.755011718524154e-11,2.4306354821965695e-12,0.0,1.6209744388611852e-10,0.268421603404179,0.24671866808242346,1.5787166267724116e-12,0.2428961893895573,0.24197319387893887,-9.654993296120774e-06
2022-08-22,1.7127183732942507e-12,3.0459500739765146e-12,7.268200824748763e-12,5.566386835881933e-12,6.212282234694899e-12,1.082503186296407e-11,3.781573379879972e-11,2.460570798016119e-12,0.0,1.6564699044638895e-10,0.2664610552280429,0.24580714188048866,1.6399512174979993e-12,0.24353741430903772,0.2442040898993287,-9.70155909191015e-06
2022-08-23,1.7055171024788722e-12,3.0099076114765775e-12,7.369585190909394e-12,5.513389021925738e-12,6.106024762865413e-12,1.072553899213474e-11,3.666904933615181e-11,2.429635416592425e-12,0.0,1.666787860391883e-10,0.26268835153534764,0.24867340389456982,1.6747404815425247e-12,0.24621028528104694,0.24243762401727575,-9.664970122307755e-06
2022-08-24,1.7289836973222056e-12,3.0003081699490384e-12,7.45068454471939e-12,5.527186150897149e-12,6.234633271071501e-12,1.121835859812871e-11,3.738083275828423e-11,2.390868311744638e-12,0.0,1.6911104023805462e-10,0.26639981758199266,0.2487339001955447,1.7033967080694644e-12,0.24371460793321767,0.24116145701038888,-9.782966890082995e-06
2022-08-25,1.7301536564717774e-12,2.9535381466150135e-12,7.453997067283465e-12,5.4114900927641775e-12,6.334649895198397e-12,1.1048691109586466e-11,3.707338812877092e-11,2.3895908266300056e-12,0.0,1.686165540095842e-10,0.26750757276808823,0.2514791391252745,1.7183161618650297e-12,0.24173114441642013,0.2392918717379204,-9.72829243382346e-06
2022-08-26,1.7749968758329408e-12,2.9928894864769524e-12,7.407133584335304e-12,5.437907306369301e-12,6.332580266569319e-12,1.1071295462755314e-11,3.6597439565479986e-11,2.384777392996131e-12,0.0,1.7079532031703967e-10,0.2577268258994819,0.25765522686317466,1.7581356545616193e-12,0.24111351679259554,0.24351419201487007,-9.761816674553362e-06
2022-08-29,1.7411014209264424e-12,2.945762814340159e-12,7.444092166723355e-12,5.361419959533307e-12,6.1209826209434884e-12,1.0941434863310709e-11,3.616018393522214e-11,2.398902858424384e-12,0.0,1.6784304144710503e-10,0.2592605422882161,0.25540241812258246,1.7163903365262712e-12,0.24355072820073254,0.24179596301370077,-9.65186790526724e-06
2022-08-30,1.7375575020312077e-12,2.945062693458486e-12,7.34328084367761e-12,5.318428022638406e-12,6.109313069277577e-12,1.0893157839267163e-11,3.671140924061421e-11,2.4018040998322726e-12,0.0,1.6756392062244524e-10,0.263224986737142,0.25666424373596536,1.7138351635258598e-12,0.24307899516437703,0.23704140416484903,-9.630045071299194e-06
2022-08-31,1.6476171393578729e-12,3.026775122689512e-12,7.77306108426674e-12,5.558402484281158e-12,6.022262518910899e-12,1.0613086638273575e-11,3.888172291035395e-11,2.5240166930683554e-12,0.0,1.7171214802862652e-10,0.25000266807997046,0.25000266808568666,1.5244655984673728e-12,0.25000266790734804,0.25000266805986443,-1.0672382153118837e-05
2022-09-01,1.643365279699832e-12,3.011554799776887e-12,7.769520850046933e-12,5.524054635656258e-12,6.06114136620506e-12,1.064599126854105e-11,3.931106082413448e-11,2.4879916350295135e-12,0.0,1.7122759054011493e-10,0.25202612222226994,0.24684068045940813,1.550137373740231e-12,0.2556081413055792,0.2455357305926468,-1.0674829136492684e-05
2022-09-02,1.62900282922058e-12,2.9830799559026468e-12,7.957849304416875e-12,5.47462513389051e-12,6.159845353373449e-12,1.0431441090403104e-11,3.8632812163958404e-11,2.4541213713098415e-12,0.0,1.6985637379166751e-10,0.24817750776805245,0.24250213136694687,1.5756507146986223e-12,0.26032429945117525,0.24900668989193075,-1.062872526002238e-05
2022-09-05,1.62187966469341e-12,2.9582636662905443e-12,7.84216161152846e-12,5.364991660540398e-12,6.130298897268363e-12,1.0180621635692339e-11,3.776750509945515e-11,2.4715593785689888e-12,0.0,1.693507192437669e-10,0.25035073732332275,0.2393308593529256,1.5249276672236808e-12,0.2608808599751456,0.24944807113566875,-1.0528032275594017e-05
2022-09-06,1.6232279006714943e-12,2.9515446714133562e-12,7.925298168981178e-12,5.305598056549596e-12,6.074312994802214e-12,1.0052026586461603e-11,3.782306648469112e-11,2.4343222683388952e-12,0.0,1.6756472225437728e-10,0.24940347740255916,0.23343611881559523,1.5280148263947625e-12,0.26694674061714185,0.2502241904873245,-1.0527565902900264e-05
2022-09-07,1.6628771852749046e-12,3.0205697204557058e-12,8.070008931845671e-12,5.3622317606750466e-12,6.135747390818926e-12,1.0250599819587054e-11,3.799545147121393e-11,2.3929080380437903e-12,0.0,1.6626702046739812e-10,0.24797586436077296,0.23578027528170645,1.5408220044325308e-12,0.262707002331734,0.2535474856038828,-1.0627820794443068e-05
2022-09-08,1.6725118526773148e-12,2.9762930814955886e-12,8.154313765084087e-12,5.249318727736035e-12,6.2734505603258075e-12,1.0164315854108841e-11,3.7950807151754784e-11,2.321530752368909e-12,0.0,1.663477293326212e-10,0.2468818987164331,0.23284236714918255,1.5107501286343275e-12,0.2673290033452557,0.2529573211598866,-1.05906133790879e-05
2022-09-09,1.7305602415408964e-12,3.01931933449762e-12,8.27770888597414e-12,5.404126880072778e-12,6.272653937444639e-12,1.0206393225610575e-11,3.92844617727991e-11,2.3287913178112126e-12,0.0,1.7461502542995662e-10,0.24617328865153104,0.23827878619972423,1.5431486680525324e-12,0.2587777413483251,0.2567809823728996,-1.079882516222499e-05
2022-09-12,1.7352254143405236e-12,3.0255847802110606e-12,8.346105840346408e-12,5.372310263795553e-12,6.317944351290039e-12,1.010211415372891e-11,3.848420670951188e-11,2.282919597021533e-12,0.0,1.7712351942911687e-10,0.23983621121169874,0.2390873146841127,1.5341167569844456e-12,0.2579927335909657,0.2630945203796505,-1.0780120751655489e-05
2022-09-13,1.7499778603081961e-12,3.0830533821510243e-12,8.455977090708574e-12,5.431493293753791e-12,6.577625763215141e-12,1.0042767531196949e-11,3.965749541188688e-11,2.333867728387055e-12,0.0,1.8395400199203962e-10,0.23568047579506674,0.24006708350838918,1.5211822960366365e-12,0.263326138688268,0.2609372165678027,-1.0914822333999363e-05
2022-09-14,1.7590028352019587e-12,3.0805895338995575e-12,8.421623224825498e-12,5.461963191261601e-12,6.563870676762158e-12,9.914531037437782e-12,4.1207287449283405e-11,2.320679676014789e-12,0.0,1.8178946672664928e-10,0.23115531999746772,0.24374625087400642,1.5319087107537676e-12,0.26561773959350404,0.2594916135148912,-1.0924241920343813e-05
2022-09-15,1.759259057072072e-12,3.0776798411039183e-12,8.438212799648522e-12,5.530165519930478e-12,6.609813261421689e-12,1.0007372550215665e-11,4.1607967633876357e-11,2.3567879388519396e-12,0.0,1.8335884097479076e-10,0.23632929018985388,0.24176069999719693,1.5136442619484364e-12,0.26070225060955127,0.26121871150972253,-1.0952570584311435e-05
2022-09-16,1.7288776841341377e-12,3.092929795798037e-12,8.430829614396057e-12,5.604004373082451e-12,6.558240359867651e-12,9.985174800782793e-12,4.225566688971685e-11,2.404044038021775e-12,0.0,1.839684562782302e-10,0.23758193098604855,0.2434202651902895,1.5075589984075797e-12,0.2669508232009682,0.252057933466036,-1.0953108877942918e-05
2022-09-19,1.7228695314378827e-12,3.1086108576208793e-12,8.477208776383916e-12,5.694322021184281e-12,6.657796440298329e-12,9.955062196796321e-12,4.302588079570857e-11,2.3813982559485193e-12,0.0,1.8928052297001883e-10,0.2424464615462624,0.24405376520364946,1.5000538213900695e-12,0.25974567101498297,0.25376505843346026,-1.095647015869263e-05
2022-09-20,1.7042525522085282e-12,3.082900875298713e-12,8.366419501733669e-12,5.663185619879492e-12,6.654472452903318e-12,9.988668782860105e-12,4.2672843937429545e-11,2.41729520894091e-12,0.0,1.86963644555246e-10,0.24333726427288097,0.25214534798838617,1.5089727930138222e-12,0.2580537006243551,0.24647463815205226,-1.095130669720114e-05
2022-09-21,1.6973085660019347e-12,3.084120598778312e-12,8.315170876057292e-12,5.544330318174928e-12,6.573265799443819e-12,1.0155950855503148e-11,4.341869718969671e-11,2.382614077728849e-12,0.0,1.8322314033545598e-10,0.24844117901110363,0.25275910207494096,1.5315492592651586e-12,0.24958336821821606,0.24922727760203944,-1.0927172226157847e-05
2022-09-22,1.689801353017473e-12,3.097268608128506e-12,8.361239519266231e-12,5.524843081746281e-12,6.497645912693483e-12,1.0214280932654673e-11,4.320204446936434e-11,2.3433781062786754e-12,0.0,1.7829014857610337e-10,0.24538609462756053,0.2564193315525153,1.5301619638296445e-12,0.2461904767618281,0.2520149742691086,-1.0877471763208042e-05
2022-09-23,1.6682627018939679e-12,3.0850908773121793e-12,8.304434482734883e-12,5.547263871710428e-12,6.342540504191179e-12,1.005466930822561e-11,4.204629389244356e-11,2.3237322446459486e-12,0.0,1.7606638316688517e-10,0.2422283865765203,0.25898955876188146,1.5516964817564146e-12,0.24467405290300112,0.2541188233051687,-1.0821803561783091e-05
2022-09-26,1.6608675207706455e-12,3.1463537308356586e-12,8.546850987928723e-12,5.61327515194857e-12,6.218545956853131e-12,1.0042042538804939e-11,4.26471402027023e-11,2.323714818532121e-12,0.0,1.7874934396347355e-10,0.24091490498484394,0.2607147919587021,1.5367525386766634e-12,0.24536525913047286,0.25301592608059653,-1.0882415100378522e-05
2022-09-27,1.6889976307267194e-12,3.2323914059796787e-12,8.463862040306828e-12,5.521612084376975e-12,6.236539293420508e-12,9.90483570195454e-12,4.2927457630036505e-11,2.3624012483919702e-12,0.0,1.8038936323568732e-10,0.24161679097027133,0.2535503411356761,1.546862458990146e-12,0.2471936036916499,0.2576502070261837,-1.0943086055364032e-05
2022-09-28,1.702890100153043e-12,3.2665838457079204e-12,8.454375382512059e-12,5.4577031649578265e-12,6.24569198591506e-12,9.852607027112167e-12,4.377760083015501e-11,2.3807517432831683e-12,0.0,1.8034786004064244e-10,0.2324759858161651,0.2639872173888217,1.5430742516799098e-12,0.2491133050358088,0.2544345967336363,-1.1105237460982553e-05
2022-09-29,1.7209958878787842e-12,3.2761202936142502e-12,8.391465837497155e-12,5.441418956322267e-12,6.382871577510198e-12,9.858933682962697e-12,4.3740442553456924e-11,2.3528408583460197e-12,0.0,1.8020450322586935e-10,0.23410327723245564,0.2693530307922658,1.484856251374404e-12,0.2444493375910043,0.25210547311245896,-1.1118991039196374e-05
2022-09-30,1.6476178382471442e-12,3.0267764065925553e-12,7.7730643814581e-12,5.558404842054557e-12,6.022265073445301e-12,1.0613091140152203e-11,3.888173940327475e-11,2.5240177637104034e-12,0.0,1.7171222086580156e-10,0.25000277412656247,0.25000277413227867,1.5244662451179965e-12,0.25000277395393994,0.2500027741064564,-1.1096568521076606e-05
2022-10-03,1.6676165669557634e-12,3.076577890406966e-12,7.850715512701153e-12,5.647371561901708e-12,6.171543844815291e-12,1.0648768773780094e-11,3.808015324027553e-11,2.5146327714416614e-12,0.0,1.7203163008534898e-10,0.24513481095448922,0.24330911368438551,1.5058266595451963e-12,0.25388631762980135,0.25768085675503427,-1.109927290518929e-05
2022-10-04,1.686139624042571e-12,3.117143072671602e-12,7.863352000858263e-12,5.548427422227546e-12,6.153019021059681e-12,1.0640715692603334e-11,3.7923010485166706e-11,2.52319072517791e-12,0.0,1.7477630009163768e-10,0.24469267904348432,0.2361425481341568,1.4972069381409473e-12,0.25479905840273853,0.2643768381766097,-1.11240087176491e-05
2022-10-05,1.6819418154123994e-12,3.14245902311279e-12,7.911224470799808e-12,5.567738452650023e-12,6.241248058826955e-12,1.0582563415775506e-11,3.774384188766453e-11,2.5305582801647783e-12,0.0,1.767081519184675e-10,0.24263496320656044,0.2378029969256971,1.4994056991931494e-12,0.25663024617553987,0.2629429473839625,-1.1153945369083419e-05
2022-10-06,1.6897112048113501e-12,3.170288272619011e-12,7.99115866861798e-12,5.611640005991081e-12,6.421238089575874e-12,1.0531645606884067e-11,3.801355771897313e-11,2.4940502696186885e-12,0.0,1.75057690242103e-10,0.24350622140394151,0.23823961559419424,1.5191341247804823e-12,0.2561345580710401,0.2621308439285668,-1.1239250242622814e-05
2022-10-07,1.7270539698673783e-12,3.20628439375845e-12,8.010094099986121e-12,5.643093292062195e-12,6.605455738222533e-12,1.058981579552401e-11,3.798358770002284e-11,2.4911379684074172e-12,0.0,1.7494803440746593e-10,0.24053739465801982,0.23576437700385924,1.5101576637987028e-12,0.26117054359924996,0.26253901613356717,-1.133164741075467e-05
2022-10-10,1.7224637218054053e-12,3.245314678206438e-12,8.116842162573476e-12,5.621359908014912e-12,6.550985754980754e-12,1.0466594631311643e-11,3.8318260025984264e-11,2.4826613158369534e-12,0.0,1.72662018579134e-10,0.23744044575762174,0.23694437902706458,1.4747818043310148e-12,0.26581402175505425,0.2598124746545469,-1.132144494871684e-05
2022-10-11,1.6923049630871072e-12,3.149885692394551e-12,7.98539949925336e-12,5.510392866439106e-12,6.442205399426314e-12,1.0493663356637434e-11,3.779746274396726e-11,2.415623156892884e-12,0.0,1.7149146513236808e-10,0.23859304646550095,0.23430666720951657,1.469037497716196e-12,0.2645313119399671,0.26258011089028865,-1.1136753720488618e-05
2022-10-12,1.643453123803045e-12,3.137490583264506e-12,7.984755839923234e-12,5.368474707033003e-12,6.305785776080994e-12,1.0270183399211745e-11,3.703366191896092e-11,2.374068938690955e-12,0.0,1.7198881175730071e-10,0.2402539669731369,0.228608299809343,1.4323543721942267e-12,0.2680861549294736,0.263062594059315,-1.1016018807472972e-05
2022-10-13,1.6497719433274002e-12,3.162257374384207e-12,8.007062727549576e-12,5.417763441591343e-12,6.299976893431062e-12,1.0338569398036163e-11,3.639599315195105e-11,2.3585954025789204e-12,0.0,1.7155659551869803e-10,0.23744127176720528,0.22731525277585926,1.3990510186222325e-12,0.27169375519942707,0.2635607675424166,-1.1047531493802997e-05
2022-10-14,1.633571259208163e-12,3.155669912126489e-12,8.08799037299555e-12,5.418895276584992e-12,6.2872958606931396e-12,1.0396182562174899e-11,3.6804738468736964e-11,2.3258291102602626e-12,0.0,1.7055279858734595e-10,0.2389574590838151,0.22870298741312875,1.3954531495806233e-12,0.2684316152632697,0.26391905394132836,-1.1115947600419122e-05
2022-10-17,1.6460681133323192e-12,3.08864803387908e-12,8.173730283127117e-12,5.362209347948861e-12,6.242973760399899e-12,1.0175003925900347e-11,3.6151465262923266e-11,2.2921881899796313e-12,0.0,1.687529337231823e-10,0.2356481821898972,0.23412482484061659,1.3570049469944885e-12,0.2669912271970134,0.2632467949368407,-1.1029407610104912e-05
2022-10-18,1.6135366712231496e-12,3.079883182953631e-12,8.059684237902971e-12,5.158558078731749e-12,6.232353195341969e-12,9.932932696704446e-12,3.529884335228167e-11,2.2924160734936635e-12,0.0,1.6953051202532178e-10,0.23799013797887825,0.22939190912054386,1.3629331631478665e-12,0.26084632628719345,0.2717825460735877,-1.091970276491146e-05
2022-10-19,1.6243221941179725e-12,3.153403855562878e-12,8.241890716139848e-12,5.2466590528415545e-12,6.264635486391311e-12,1.0047109185672227e-11,3.473541677552915e-11,2.330795037877258e-12,0.0,1.7218809459574297e-10,0.22961538122087657,0.2275563759877658,1.3634275704358022e-12,0.2658222651133741,0.2770170403703908,-1.1062937602835056e-05
2022-10-20,1.6033816759037656e-12,3.1378999817683074e-12,8.058914200549213e-12,5.224116559889566e-12,6.230251741907256e-12,9.983051106781092e-12,3.4264306271564847e-11,2.3646947058664348e-12,0.0,1.677268947931645e-10,0.2279975642264319,0.22791074942322845,1.3345674519752178e-12,0.26813073140354743,0.27597189044267867,-1.0935735814417764e-05
2022-10-21,1.5772509954973342e-12,3.166281063549649e-12,8.071903175100207e-12,5.288108512088255e-12,6.340003949010734e-12,1.0069148977700599e-11,3.524920470295999e-11,2.3732471901924937e-12,0.0,1.708782966488581e-10,0.22906091090002315,0.232353788637347,1.3289771116819331e-12,0.2677527587333518,0.2708435402670269,-1.0998782091246285e-05
2022-10-24,1.5855199386640272e-12,3.1861830503317158e-12,8.19929421147549e-12,5.352322053663473e-12,6.337464489536677e-12,9.947785288407627e-12,3.556591223446726e-11,2.4181989604269236e-12,0.0,1.7431164813239787e-10,0.22901457659679134,0.23127862609765762,1.316124930880214e-12,0.268369476922262,0.271348349232896,-1.1029097827404423e-05
2022-10-25,1.5866912554546985e-12,3.1782485866329577e-12,8.1780104106938e-12,5.298661495198379e-12,6.402900594502873e-12,9.946889827355864e-12,3.544523592665461e-11,2.390166818523706e-12,0.0,1.7767916612422937e-10,0.23085660438995959,0.22474212046637124,1.3325781512046786e-12,0.27264822480046996,0.2717640636436166,-1.1013551855869308e-05
2022-10-26,1.6216241828403673e-12,3.207020333471881e-12,8.108261477918967e-12,5.357576326145181e-12,6.4664468980236575e-12,9.938638873664718e-12,3.5969127455123704e-11,2.350064576904109e-12,0.0,1.7649771057570395e-10,0.2287882949434215,0.2259099057181489,1.3523085578072587e-12,0.2754274628058775,0.2698854226975636,-1.1086415880270402e-05
2022-10-27,1.6081796685561313e-12,3.1591507368231416e-12,8.060525820726938e-12,5.4049748266644874e-12,6.444039843481833e-12,1.0014119039151393e-11,3.655239762082531e-11,2.3227282674369798e-12,0.0,1.818467818747957e-10,0.23337891801402447,0.21883216268132322,1.3571510351323204e-12,0.27456008378970886,0.273239880386473,-1.104512829960745e-05
2022-10-28,1.5849846479666314e-12,3.1090948791971027e-12,7.942629431216886e-12,5.330033306043472e-12,6.460179866649658e-12,9.790516737200033e-12,3.5981848650742667e-11,2.247462833766694e-12,0.0,1.841009368080691e-10,0.2304817830756519,0.21618054340938878,1.3582267281156385e-12,0.27993952151117785,0.2734091125512006,-1.096080532490115e-05
2022-10-31,1.6476582610590264e-12,3.0268506658112e-12,7.773255086554844e-12,5.55854121248469e-12,6.022412824266224e-12,1.0613351522734069e-11,3.888269333154687e-11,2.5240796882009505e-12,0.0,1.7171643366966958e-10,0.25000890771826917,0.25000890772398554,1.5245036465170449e-12,0.2500089075456425,0.25000890769816264,-3.5630935349740114e-05
2022-11-01,1.6488860252119307e-12,3.036911892683552e-12,7.778321458076065e-12,5.37678465716539e-12,6.146979300277341e-12,1.0692969471872445e-11,3.9103707287851066e-11,2.525039157013008e-12,0.0,1.703484304357716e-10,0.25284346076650077,0.24483266941048532,1.5316174637917334e-12,0.2529263101427032,0.24943322098533258,-3.566155321161532e-05
2022-11-02,1.6570985217018478e-12,3.010949594822936e-12,7.708980323731732e-12,5.3997783385220476e-12,6.207462024363072e-12,1.0452807540260729e-11,3.9443818526944225e-11,2.5097917234156435e-12,0.0,1.6709591545112952e-10,0.24979496321455946,0.24926575068861476,1.535277725869749e-12,0.2516253555510666,0.24934963725592477,-3.5706955187434804e-05
2022-11-03,1.6629587736651832e-12,3.021192666997144e-12,7.694851174679792e-12,5.462033281020829e-12,6.274551777310049e-12,1.0498334840170504e-11,3.943694914489984e-11,2.530930808755827e-12,0.0,1.6970609451213278e-10,0.2532310744099388,0.24479683555809684,1.5049205985058492e-12,0.24823470910690404,0.25377304198421546,-3.5661306947810976e-05
2022-11-04,1.6165250791527164e-12,2.993226415256165e-12,7.623219184546525e-12,5.462128340226209e-12,6.205819106156621e-12,1.0182528589248208e-11,3.841805574524308e-11,2.4561161602179356e-12,0.0,1.6702863423158327e-10,0.24523584033391368,0.24762718670240683,1.4509898040589334e-12,0.25104897862357073,0.2561231767111185,-3.51826144470836e-05
2022-11-07,1.6064452449567838e-12,2.9289020347167745e-12,7.5401350756555e-12,5.303978176549678e-12,6.183579826207857e-12,1.002578699771131e-11,3.765453151424443e-11,2.3787706850496184e-12,0.0,1.6197934357028885e-10,0.2460794860511855,0.24243010417256464,1.426046613348804e-12,0.2504300348167098,0.2610950368607135,-3.466213820088624e-05
2022-11-08,1.6151618851300191e-12,2.8798462671380945e-12,7.330712583919777e-12,5.409843324241203e-12,6.310193589609737e-12,9.98103260815872e-12,3.6756035685432335e-11,2.39482074636745e-12,0.0,1.6060383262588911e-10,0.24796495336010002,0.24216513859358263,1.3870792005735847e-12,0.2472963179635443,0.2626080023876291,-3.441253952468302e-05
2022-11-09,1.6304286820489498e-12,2.9008758282480617e-12,7.439140409275736e-12,5.412690399322645e-12,6.353756447469789e-12,9.594499071544189e-12,3.670765835298187e-11,2.432380703244458e-12,0.0,1.6021778792905541e-10,0.24497693318266558,0.24747522044576634,1.4073557908963955e-12,0.25226393070626957,0.2553184797367727,-3.456430557079084e-05
2022-11-10,1.6216192084383025e-12,2.8814710476886878e-12,7.388150359927836e-12,5.353974041888536e-12,6.303130278370663e-12,9.662610279717079e-12,3.5627009872969877e-11,2.4844143829603238e-12,0.0,1.5952986882257605e-10,0.24767615562553888,0.2405508803050331,1.386004517130432e-12,0.2508200605554383,0.26098732618969617,-3.442290794488117e-05
2022-11-11,1.6043378618953744e-12,2.865089545436349e-12,7.266493414551983e-12,5.329291506506131e-12,6.366504343257419e-12,9.687265381399901e-12,3.523005825800957e-11,2.4830447460963e-12,0.0,1.5918089336201278e-10,0.24962851662718558,0.24260244723247862,1.3692426559352132e-12,0.2512509318512717,0.2565521683333923,-3.406427571040426e-05
2022-11-14,1.5934734286244417e-12,2.8629720180080416e-12,7.275193749918809e-12,5.238439678095291e-12,6.446402829615151e-12,9.363297759245476e-12,3.6598655139462225e-11,2.541369548885673e-12,0.0,1.5955781092884018e-10,0.2514173588787258,0.24073910144705635,1.377037169613471e-12,0.2511770784284813,0.25670058547852254,-3.412446564054871e-05
2022-11-15,1.5877880896023146e-12,2.81009166995353e-12,7.240332460765258e-12,5.221029930970274e-12,6.423172663991404e-12,9.289469684339744e-12,3.6970921750427394e-11,2.515800926266866e-12,0.0,1.6195261937465343e-10,0.2498409722078044,0.24041069970594858,1.3679252871982236e-12,0.2555774244643917,0.25420484117477604,-3.393778829997975e-05
2022-11-16,1.6217520201625153e-12,2.8329265850025993e-12,7.239234451881484e-12,5.310342117024773e-12,6.458727763434553e-12,9.450428227118322e-12,3.594141870761646e-11,2.5395254050333887e-12,0.0,1.6078001681477727e-10,0.24994081602961948,0.24033932736591931,1.379756651913896e-12,0.25158709838451293,0.2581669997002044,-3.4241713810312344e-05
2022-11-17,1.6291424151033822e-12,2.8176421556162314e-12,7.242674663026353e-12,5.333143274046839e-12,6.5024149562048676e-12,9.598581383729225e-12,3.5411045622171794e-11,2.4934473000957e-12,0.0,1.6124811765481957e-10,0.2510646125486479,0.24602941574586146,1.369120923853083e-12,0.25154238739955614,0.25139753677744026,-3.395270515108788e-05
2022-11-18,1.650181636998461e-12,2.788143674624849e-12,7.167619778431004e-12,5.274584620246162e-12,6.406309443281118e-12,9.442507225383942e-12,3.491656970431361e-11,2.428281332353623e-12,0.0,1.649845203018204e-10,0.25231884903551116,0.24817070263169336,1.387918416819293e-12,0.25819072533488563,0.24135342720363745,-3.370444217423044e-05
2022-11-21,1.6481580700819494e-12,2.7946196205952094e-12,7.206663588931188e-12,5.312121365880368e-12,6.4392581962275725e-12,9.569976038274726e-12,3.530652076774966e-11,2.4291663593411642e-12,0.0,1.6419273016981226e-10,0.25277622128026966,0.24981305494477538,1.3751915845477827e-12,0.2586685903897354,0.23877618523363092,-3.4052084685788735e-05
2022-11-22,1.6227664605208233e-12,2.72499543724913e-12,7.039371841949606e-12,5.158337665275948e-12,6.3364842064304226e-12,9.330291546804988e-12,3.5235805208806405e-11,2.4088357030660386e-12,0.0,1.5989349697615523e-10,0.2507843284609468,0.24920332995357103,1.3594713788608017e-12,0.26253099024766996,0.23751491182401857,-3.356071731620424e-05
2022-11-23,1.611285130291996e-12,2.686265017960954e-12,6.980701631987932e-12,5.0320296421389065e-12,6.20378910327955e-12,9.227445557240046e-12,3.485316772117666e-11,2.3888537945832446e-12,0.0,1.5396263750682506e-10,0.2430529953651987,0.24634936653758396,1.3217487485541485e-12,0.2744431660729801,0.2361875033619031,-3.3031561933715e-05
2022-11-24,1.5982249685836845e-12,2.6526279073175892e-12,6.893717621056974e-12,4.9970908952081385e-12,6.167135885583509e-12,9.10709641613503e-12,3.44746135277273e-11,2.4168876758331127e-12,0.0,1.5346459091772613e-10,0.2360891577479335,0.2468312698656623,1.348230469550525e-12,0.2793194238835,0.23779292986588174,-3.278158609759511e-05
2022-11-25,1.6196930659997978e-12,2.6541220322826047e-12,6.940820590160576e-12,4.958463441013781e-12,6.189694602283991e-12,9.263578756429953e-12,3.420604784947311e-11,2.3878502596823727e-12,0.0,1.5296302806564456e-10,0.23863680035294554,0.24501948376485072,1.3893302913233963e-12,0.27285754390400874,0.24351894666070847,-3.277490508613407e-05
2022-11-28,1.617564483480289e-12,2.621465184204304e-12,7.000478043697286e-12,4.973844139553746e-12,6.143336968671772e-12,9.119172247415465e-12,3.441169756772441e-11,2.4357622127113137e-12,0.0,1.5404852613132967e-10,0.24198746816686906,0.24644213965997472,1.363020476640423e-12,0.26747755043276356,0.24412580504114864,-3.29635244909124e-05
2022-11-29,1.6200220060581496e-12,2.6521623447642884e-12,7.079582285476317e-12,5.02402963527209e-12,6.1417429322904756e-12,8.98628964110996e-12,3.471419085652141e-11,2.4618378532132937e-12,0.0,1.5255560275456896e-10,0.2400757726173268,0.2477623168268011,1.3483611877268032e-12,0.2682035473477279,0.24399142021357342,-3.305722801322602e-05
2022-11-30,1.6476273304833494e-12,3.0267938444206273e-12,7.773109163543747e-12,5.558436865070125e-12,6.022299768846892e-12,1.0613152284166083e-11,3.888196340828727e-11,2.5240323050513887e-12,0.0,1.7171321013219693e-10,0.25000421443955795,0.25000421444527415,1.524475027854715e-12,0.25000421426693437,0.25000421441945175,-1.685782050335197e-05
2022-12-01,1.6589910865831781e-12,3.0652877226758548e-12,7.831476927154436e-12,5.611886476625946e-12,6.163911278126649e-12,1.0778502550639085e-11,3.972006671427354e-11,2.549060185649638e-12,0.0,1.708831122874679e-10,0.25181914082000617,0.23915430203538096,1.5288923028180913e-12,0.2529806493357788,0.2560629818768432,-1.7074317800367093e-05
2022-12-02,1.667034258923812e-12,3.098941719918785e-12,7.704241048868417e-12,5.650238656712914e-12,6.083585810760723e-12,1.0691642383816569e-11,3.991993344048451e-11,2.6148891993758724e-12,0.0,1.722411683085391e-10,0.2536755863856071,0.2380999210191219,1.5260379884435003e-12,0.25693239455853595,0.2513092951314657,-1.7197345928430718e-05
2022-12-05,1.6676020655246159e-12,3.0706901833361467e-12,7.732672423308157e-12,5.683119693264909e-12,5.929453786195234e-12,1.0557896183401189e-11,3.925927932777128e-11,2.5349024899996306e-12,0.0,1.7787553358172672e-10,0.254910639411458,0.24458881651089023,1.5406510212038647e-12,0.2522275184979935,0.2482901292858946,-1.710396208820125e-05
2022-12-06,1.6731622255302714e-12,3.077551215912827e-12,7.667905895047606e-12,5.572801687971623e-12,6.1532716684983146e-12,1.051696426352619e-11,3.900686665156445e-11,2.533857744224706e-12,0.0,1.7786530755178614e-10,0.2597199180042041,0.24361094452781,1.506405857451901e-12,0.2510209730650247,0.2456652268802704,-1.7062732883375312e-05
2022-12-07,1.7073036529817691e-12,3.1354864366080723e-12,7.729916912169736e-12,5.5292049500987826e-12,6.103940010055898e-12,1.0592676104866337e-11,3.9459443826087507e-11,2.538205104490196e-12,0.0,1.774836586613583e-10,0.2614769200263611,0.23549914660626206,1.4879498527776247e-12,0.24994886552792103,0.25309224397807545,-1.7176394387474118e-05
2022-12-08,1.6625925058473562e-12,3.082738943514798e-12,7.604790895016064e-12,5.5073749837642054e-12,6.082685831420225e-12,1.0389003638067733e-11,3.848188054591989e-11,2.467946984831115e-12,0.0,1.7304590684909479e-10,0.25897560158850347,0.2328194425164665,1.4758677330274927e-12,0.2510072299017852,0.25721457857093705,-1.685282749299266e-05
2022-12-09,1.6512838859744681e-12,3.0922895596870997e-12,7.515963369990554e-12,5.538215383860054e-12,6.112692439222398e-12,1.0440912666938394e-11,3.8230131894583164e-11,2.4255746421810256e-12,0.0,1.7160381812087412e-10,0.2633628189205711,0.22982856587884706,1.4847707228171018e-12,0.25292725931577503,0.25389807082835486,-1.6715191643774287e-05
2022-12-12,1.6817350214164363e-12,3.0191371254814704e-12,7.461158238901101e-12,5.513020452046996e-12,6.088422902260807e-12,1.0549610092881233e-11,3.86139596482586e-11,2.4540682336209697e-12,0.0,1.701201900860541e-10,0.25977336100957904,0.23280955179032747,1.4775702730620478e-12,0.24724111020311987,0.2601927877489686,-1.6810998973646074e-05
2022-12-13,1.6894484256773968e-12,3.0407981136499307e-12,7.413232733155092e-12,5.505976836897518e-12,6.137914507182889e-12,1.0375594188901086e-11,3.8866870393642536e-11,2.4432327681950948e-12,0.0,1.6920751949722654e-10,0.2630503120805837,0.23177738253940428,1.4273924195120519e-12,0.2517193995712907,0.25346957067255244,-1.666510993919765e-05
2022-12-14,1.6940612616809424e-12,3.0107606801658976e-12,7.440202673096685e-12,5.527911205334981e-12,6.115136782606292e-12,1.0350700922676025e-11,3.8743272850739494e-11,2.352625063622403e-12,0.0,1.648226476671031e-10,0.2614791917405056,0.2253339607655101,1.3856173606041018e-12,0.25683994229804213,0.2563634167855415,-1.6511831042308508e-05
2022-12-15,1.690789407475637e-12,3.010768739541317e-12,7.406666855915838e-12,5.553989679155121e-12,6.054136557882321e-12,1.0464206762202751e-11,3.854445001953326e-11,2.3346683231460346e-12,0.0,1.6304334659251598e-10,0.26244759916078503,0.22293880635316254,1.394834141170892e-12,0.26212794826572927,0.25250212329713523,-1.647731631001836e-05
2022-12-16,1.6809380323020693e-12,3.011002836436142e-12,7.338329871571102e-12,5.5583665709715685e-12,6.067633321781474e-12,1.056222871055668e-11,3.805993849425198e-11,2.29334557131942e-12,0.0,1.5989732682453033e-10,0.26370305758456436,0.21763353405803695,1.4457234814677515e-12,0.2671793963549877,0.2515004100567572,-1.6398290261125446e-05
2022-12-19,1.724041335975992e-12,3.0124494614291374e-12,7.66913983261719e-12,5.616755517699237e-12,6.164305813428242e-12,1.0490860473944507e-11,3.8979300295478906e-11,2.296920334296155e-12,0.0,1.6133192533932008e-10,0.2636603363361879,0.2184646262717934,1.4770697256455375e-12,0.2655572122310563,0.25233450369387056,-1.667877167090007e-05
2022-12-20,1.7184075654544554e-12,3.0625958760277565e-12,7.63607997143042e-12,5.505470201216704e-12,6.079367191509327e-12,1.0397145860515477e-11,3.84344765997069e-11,2.3047249297660434e-12,0.0,1.6209581934277616e-10,0.25990632763394866,0.221301102899168,1.4592991745455507e-12,0.2584836450757831,0.2603254416237318,-1.651747132488966e-05
2022-12-21,1.6838660402303654e-12,3.0309360066302154e-12,7.562744787542282e-12,5.6478712124231996e-12,6.195398055884484e-12,1.056692609561405e-11,3.815812780368279e-11,2.377482094113249e-12,0.0,1.641167785197813e-10,0.2599776054774071,0.22054174795627646,1.4491197504529895e-12,0.2568419668867907,0.2626551455760277,-1.6466137291312604e-05
2022-12-22,1.684963306904831e-12,3.0215490490320097e-12,7.664850949813325e-12,5.440815425017519e-12,6.216966217462134e-12,1.0635718052367998e-11,3.864647245514448e-11,2.369097820433172e-12,0.0,1.662020622249617e-10,0.26558193642085515,0.21887607963975603,1.4523112473989366e-12,0.26404816280781784,0.25151023753713025,-1.641664889419012e-05
2022-12-23,1.6879193019967941e-12,3.0920016456649264e-12,7.820283951209686e-12,5.5194693427653674e-12,6.235290112076137e-12,1.0604555870988704e-11,3.866398945173284e-11,2.441702695749624e-12,0.0,1.6789262790760038e-10,0.2646005959627686,0.22390535050094107,1.4510617419914264e-12,0.26587164615480025,0.24563895720815404,-1.6550072072874547e-05
2022-12-26,1.6607315245998187e-12,3.0896118970839412e-12,7.702063884033208e-12,5.648259166634691e-12,6.074521158642748e-12,1.048803877309192e-11,3.864528719925604e-11,2.427418014157949e-12,0.0,1.6529392129023804e-10,0.26020148969310586,0.2226962385870541,1.4999294677499584e-12,0.26611306637229354,0.2510057373527608,-1.6532247744080967e-05
2022-12-27,1.6874539990500525e-12,3.159676313620661e-12,7.553675257967975e-12,5.692323753680542e-12,6.241070246694026e-12,1.0529758753275168e-11,4.0016163209352385e-11,2.506824921390574e-12,0.0,1.6589032577999023e-10,0.25888323624038395,0.2228792652507798,1.4845138487053144e-12,0.27130775674741836,0.24694645639259083,-1.6714875934794844e-05
2022-12-28,1.6751669531475992e-12,3.13879701156418e-12,7.322837816372976e-12,5.719202675198709e-12,6.1996201454687715e-12,1.0495183748105916e-11,3.910178082426905e-11,2.4967730665019255e-12,0.0,1.6353960879874332e-10,0.26389816890397844,0.22023371099383365,1.495173870606123e-12,0.26933314338476966,0.24655147226710422,-1.6495790870066014e-05
2022-12-29,1.6497763882995306e-12,3.152699292105675e-12,7.269811595886247e-12,5.667797535803014e-12,6.335728366580923e-12,1.0474632146908659e-11,3.8603757504583416e-11,2.4861583135893502e-12,0.0,1.6732827327758515e-10,0.26116739886700346,0.2224117290561503,1.5322405382360549e-12,0.26714959338812727,0.24928778156057976,-1.650311636179406e-05
2022-12-30,1.6476338192615267e-12,3.026805764709568e-12,7.773139776037349e-12,5.558458755617316e-12,6.0223234862049346e-12,1.0613194081476471e-11,3.8882116535411954e-11,2.524042245336693e-12,0.0,1.7171388638277258e-10,0.250005199020149,0.25000519902586527,1.5244810316276007e-12,0.25000519884752476,0.2500051990000427,-2.0796142867716554e-05
2023-01-02,1.6427017105899663e-12,3.0132905333371933e-12,7.453562081089842e-12,5.529537387859055e-12,5.8505697530854326e-12,1.060956854555986e-11,3.9317547720710944e-11,2.4697464597967592e-12,0.0,1.6868052938031122e-10,0.252859865823582,0.24830555543348737,1.5575623875402885e-12,0.2497905628452511,0.24906462684840466,-2.061119684986474e-05
2023-01-03,1.6376046880508719e-12,3.0269473511538166e-12,7.286754472980388e-12,5.514692163720637e-12,5.824362246693544e-12,1.0669643426259263e-11,3.907774493990645e-11,2.4247679680654247e-12,0.0,1.6526745859889793e-10,0.24412967171616168,0.25048727966396334,1.568022240991419e-12,0.2510646498782211,0.2543389284383729,-2.052993901695863e-05
2023-01-04,1.6126638312013863e-12,2.9563249749334476e-12,7.2160943498731064e-12,5.443717004465277e-12,5.713522383790141e-12,1.0564247966764224e-11,3.841282262908734e-11,2.3408931684586658e-12,0.0,1.609325844126705e-10,0.2429077349317996,0.2455620192594733,1.5847387520554423e-12,0.2561662717641545,0.2553843148605706,-2.034105277561844e-05
2023-01-05,1.5910076605981883e-12,3.0051789915292417e-12,7.348386907738362e-12,5.452117996070461e-12,5.813192553632879e-12,1.050405516241444e-11,3.7498378417182694e-11,2.319014363730063e-12,0.0,1.574446389497785e-10,0.2432765361055333,0.2460853460472342,1.5729665852284804e-12,0.2545063925194448,0.2561520873775045,-2.036228226580515e-05
2023-01-06,1.5659997925046064e-12,2.931015894039498e-12,7.288795280342803e-12,5.461962511435801e-12,5.8137792897773776e-12,1.0287714396464366e-11,3.6485748078849844e-11,2.28596447727428e-12,0.0,1.573981267423131e-10,0.24354391853519855,0.24724204587199725,1.5685286494827857e-12,0.2524897005471984,0.2567444800502971,-2.0145235778925248e-05
2023-01-09,1.5877454461017678e-12,2.944446364023825e-12,7.48674401894163e-12,5.646041726420091e-12,5.8452760491432384e-12,1.059664288471951e-11,3.803405447599967e-11,2.3301164846037044e-12,0.0,1.6075864786687517e-10,0.24606380322475913,0.2494323361979625,1.6112505032616896e-12,0.24989948384215152,0.2546249033349277,-2.0526836641905996e-05
2023-01-10,1.5995018039009153e-12,2.9651222034754965e-12,7.569203391297978e-12,5.809628784196828e-12,5.89562544004429e-12,1.0756528064033529e-11,3.7810841054286504e-11,2.3729477379852285e-12,0.0,1.621402486857222e-10,0.24747393307015794,0.255689853099492,1.5861376657328286e-12,0.24132585606761456,0.2555310284811802,-2.0670956950369255e-05
2023-01-11,1.6001598098648257e-12,2.957905364598765e-12,7.639672196099757e-12,5.8159308065566745e-12,5.832508488041944e-12,1.0395627833257621e-11,3.754548938521888e-11,2.3983600154837757e-12,0.0,1.6160430503489708e-10,0.24823659077324584,0.25038522125868107,1.5976091562704915e-12,0.24761921855030214,0.25377955342615366,-2.0584245770367878e-05
2023-01-12,1.5962679255801517e-12,2.9805982950693503e-12,7.518690861227393e-12,5.887500842389123e-12,5.9140276170385165e-12,1.07088332723369e-11,3.776530425834529e-11,2.432800284066219e-12,0.0,1.6208949803249534e-10,0.2441909584762938,0.2517182705024419,1.602825094396866e-12,0.25113325754538557,0.25297826469123436,-2.075145385201912e-05
2023-01-13,1.590502149525655e-12,2.9575660347389923e-12,7.459271088534529e-12,5.86752173576027e-12,5.89159539494754e-12,1.076731867884825e-11,3.75444634175553e-11,2.4105770549260547e-12,0.0,1.5962813913315257e-10,0.24176930590454387,0.2592772579052181,1.5707688784780095e-12,0.24885199372422112,0.25012209836323746,-2.0656132908203442e-05
2023-01-16,1.571946996236517e-12,2.920163592291071e-12,7.412202241952663e-12,5.699101663632045e-12,5.910680880173371e-12,1.0754635217330056e-11,3.657575970851038e-11,2.311718129897078e-12,0.0,1.5757989015579729e-10,0.24958460202373078,0.2592863073961092,1.507257365689518e-12,0.24351765544494913,0.24763189378029088,-2.0458877323455583e-05
2023-01-17,1.5764381344987394e-12,2.8827085327558965e-12,7.405219289838695e-12,5.655264845161921e-12,5.8347868439189185e-12,1.079691141893376e-11,3.698096581561866e-11,2.3408031475348104e-12,0.0,1.5647550141877158e-10,0.2526596099393865,0.2608387534433629,1.5120061940212237e-12,0.24100405508304829,0.24551804551738596,-2.0464214644148256e-05
2023-01-18,1.562271888938515e-12,2.925395861321456e-12,7.357823020166475e-12,5.561744863579244e-12,5.720553507714946e-12,1.0626522873405178e-11,3.7705473841731885e-11,2.3054942155285345e-12,0.0,1.540965979562282e-10,0.25134379826849307,0.261845262201544,1.4828583614865293e-12,0.2359717774268707,0.2508594240255114,-2.0262151763962363e-05
2023-01-19,1.6131991516387667e-12,3.016957134396175e-12,7.592067461032412e-12,5.720602648870731e-12,5.996697864943472e-12,1.0879463275626793e-11,3.8882879006889613e-11,2.3106804720118386e-12,0.0,1.54755409613925e-10,0.26252402737431824,0.2564369237640746,1.506893038757127e-12,0.22833936466202243,0.2527204096942589,-2.0725726948997105e-05
2023-01-20,1.6226797001761294e-12,3.0916522016432e-12,7.705559870650224e-12,5.726274145550934e-12,6.139197249004535e-12,1.0998465120355185e-11,3.932023988282962e-11,2.2957569735556144e-12,0.0,1.5442741232120525e-10,0.26557212971176525,0.2595672006764419,1.5645840208299383e-12,0.23245540107761267,0.24242620881932975,-2.0940518041530635e-05
2023-01-23,1.6348080656106507e-12,3.061536222337719e-12,7.66361281324726e-12,5.701667189829192e-12,6.1207628867828606e-12,1.0859929917998003e-11,3.963131981784245e-11,2.2615230874043847e-12,0.0,1.6062439147048388e-10,0.26122443048322347,0.2596892883402495,1.5032964507684062e-12,0.2324183648361944,0.24668895674265,-2.1040641380209165e-05
2023-01-24,1.662252824011894e-12,3.0943916606470074e-12,7.81432442452815e-12,5.9268546958076316e-12,6.310698001168384e-12,1.0895654147756922e-11,3.9247119655354123e-11,2.2712476352473787e-12,0.0,1.6339425646066727e-10,0.2588418188751231,0.2620229460624723,1.5410355767287103e-12,0.23437798890649605,0.24477849089938333,-2.1244985632607424e-05
2023-01-25,1.6724065124768865e-12,3.020644171007956e-12,7.748677346913112e-12,5.895285118812501e-12,6.2814763021956345e-12,1.0868504146139383e-11,3.9381795479179156e-11,2.2593520629829366e-12,0.0,1.6160075314556658e-10,0.25508644693061644,0.2642750194469788,1.516557057787286e-12,0.23690522983321963,0.24375443948463835,-2.1135935698761566e-05
2023-01-26,1.671434120654707e-12,3.0529040547204325e-12,7.721812047683403e-12,5.964866221985339e-12,6.3259081530516775e-12,1.0834027010496915e-11,3.9842596988662166e-11,2.287239622502922e-12,0.0,1.6478123942884155e-10,0.25831077601838126,0.26046206204355676,1.5891298757695206e-12,0.23194193532731566,0.24930645033858875,-2.122397191349445e-05
2023-01-27,1.6574340624969928e-12,2.979300519321807e-12,7.616259248983362e-12,5.8860807615679346e-12,6.347248659965041e-12,1.0603346870714943e-11,3.9216133743804366e-11,2.1845478358873976e-12,0.0,1.6007570521193942e-10,0.25653066364381183,0.2568724592538917,1.5672598975627998e-12,0.23253020946000816,0.2540876240409042,-2.0956636749160388e-05
2023-01-30,1.6668647491481731e-12,3.009055499834066e-12,7.669007571438336e-12,5.97497709748729e-12,6.333148294998738e-12,1.0786591330295925e-11,3.9942168250033924e-11,2.2258278808142364e-12,0.0,1.602262940563841e-10,0.258449907227539,0.2518419359832194,1.616977348082854e-12,0.23333275675751913,0.2563964215439521,-2.102175168039489e-05
2023-01-31,1.647623400344994e-12,3.0267866245121193e-12,7.773090622096965e-12,5.558423606352262e-12,6.022285403661955e-12,1.0613126968273289e-11,3.888187066189196e-11,2.524026284396117e-12,0.0,1.7171280053916533e-10,0.2500036180964808,0.25000361810219707,1.5244713914754998e-12,0.25000361792385767,0.25000361807637467,-1.447244819471144e-05
2023-02-01,1.644719429420501e-12,3.0082754015728152e-12,7.76331739845242e-12,5.6316051883704385e-12,6.03941463873605e-12,1.072085057372728e-11,3.8703216711256214e-11,2.4805962466644758e-12,0.0,1.6858845972704208e-10,0.2548368105383147,0.25188600330834043,1.5296261257961468e-12,0.25418239813874477,0.23910917003759455,-1.4382269104532608e-05
2023-02-02,1.6589461990532425e-12,2.97758436232843e-12,7.78703330123486e-12,5.629212165724484e-12,6.1073748277975075e-12,1.0786819965260182e-11,3.9533662988475836e-11,2.4674985456482506e-12,0.0,1.6957604346391313e-10,0.24892342899364428,0.2488241988503057,1.530819277597502e-12,0.2602253528563267,0.2420414427073429,-1.4423655674704371e-05
2023-02-03,1.6462510973688298e-12,2.983593459191891e-12,7.98429456448392e-12,5.65612200184772e-12,6.1045601553977235e-12,1.089342867201863e-11,4.008410610366015e-11,2.460410637423785e-12,0.0,1.6932995245883837e-10,0.25275402507969913,0.25046646759382435,1.5495580062804384e-12,0.25759842177206116,0.23919555534443143,-1.4470038708361254e-05
2023-02-06,1.6450222466211103e-12,2.9526805091363264e-12,7.93248435296464e-12,5.582648737388453e-12,6.112683997928457e-12,1.0706378774719617e-11,3.9633671986824024e-11,2.46443269250316e-12,0.0,1.6638505031571724e-10,0.25834512274991345,0.24945191580322335,1.5071329651035546e-12,0.2569367220104369,0.23528056757471238,-1.4328383208339866e-05
2023-02-07,1.6493243948565146e-12,2.9471168242662317e-12,7.927549556464944e-12,5.516569478658171e-12,6.177733320530256e-12,1.0533588392683439e-11,3.8989567017494206e-11,2.4740852836641362e-12,0.0,1.652720896718732e-10,0.26096453019993826,0.25367073922886985,1.5269254223955827e-12,0.255196414873131,0.23018261980226565,-1.4304347219193133e-05
2023-02-08,1.6010907962441956e-12,2.914175398237176e-12,7.960043927445008e-12,5.3992366189620985e-12,6.177589122603754e-12,1.0317594999401166e-11,3.8717418074388894e-11,2.4779766043201183e-12,0.0,1.6433140687969558e-10,0.2570626219932045,0.2545674962578265,1.5206077255905335e-12,0.2533636102852679,0.2350204501977349,-1.4178975450928538e-05
2023-02-09,1.6354490313348162e-12,2.9376147034229763e-12,8.073269538797509e-12,5.476500982762561e-12,6.277747489294735e-12,1.081395361412044e-11,3.950574458677972e-11,2.443341420909873e-12,0.0,1.6185366252388504e-10,0.25962645760071373,0.24983041614216822,1.5205013029029348e-12,0.2501601084156404,0.24039740793393674,-1.4390332996851186e-05
2023-02-10,1.6134707891786415e-12,2.9070918353911557e-12,7.95619567151697e-12,5.316917545627298e-12,6.232684262595837e-12,1.0933016359419995e-11,3.919651617014851e-11,2.3964230262606714e-12,0.0,1.5746804141053946e-10,0.2580880030530888,0.2510106266556724,1.5074358536858557e-12,0.25048469835548237,0.2404308657578234,-1.4194057594811089e-05
2023-02-13,1.6082883252605583e-12,2.8648134362528965e-12,7.908139020773636e-12,5.223713325347841e-12,6.185086553737379e-12,1.0893544100460494e-11,3.9772157934732284e-11,2.3336972168439507e-12,0.0,1.598458493679056e-10,0.2592529600306403,0.25258948128078484,1.5113658352425462e-12,0.254460683493823,0.23371095324669167,-1.4078290086384807e-05
2023-02-14,1.5851159211573364e-12,2.860894055679167e-12,7.71376947589244e-12,5.290844538048664e-12,6.269132111508646e-12,1.0820126304584002e-11,3.952716751149272e-11,2.328660787500741e-12,0.0,1.5998867117656116e-10,0.2613216174510232,0.2515969545965273,1.5348424668008096e-12,0.2562800088980772,0.23081547555983545,-1.4056743382334306e-05
2023-02-15,1.5880344974779447e-12,2.7916267860805892e-12,7.624550845109759e-12,5.293069540810371e-12,6.14867133956937e-12,1.074902882902696e-11,3.9400105334512224e-11,2.276251738863418e-12,0.0,1.5794264848482105e-10,0.2563048111101016,0.25866357150401514,1.498700857054077e-12,0.2582896298071416,0.22675589179638864,-1.3904452959598709e-05
2023-02-16,1.579098492857395e-12,2.8077087260302474e-12,7.714403785190925e-12,5.374484381024641e-12,6.295412657672562e-12,1.1208741336012876e-11,3.9725328299909484e-11,2.2658843636586617e-12,0.0,1.5806771893494145e-10,0.2614406485125183,0.2542699429203659,1.5688029861461156e-12,0.26364316964708656,0.22066020553170942,-1.3966848287739651e-05
2023-02-17,1.5829430494750098e-12,2.857010860889536e-12,7.884655938893175e-12,5.3452017920355526e-12,6.4090408769500815e-12,1.1030978617821859e-11,4.0049067332736385e-11,2.3232075076499908e-12,0.0,1.558308755389489e-10,0.2645440436762008,0.25407002419267216,1.6012534874858146e-12,0.2618735258866961,0.21952649848134603,-1.4092471829412256e-05
2023-02-20,1.537009010681686e-12,2.8330474190703684e-12,7.791758856909728e-12,5.219434245684339e-12,6.35984463546498e-12,1.106469942145755e-11,3.9535238160207977e-11,2.3088957217624053e-12,0.0,1.5141017507294808e-10,0.2706634853652895,0.24957990934497248,1.6038366243163797e-12,0.26295226039925323,0.2168182917717328,-1.3947110911884535e-05
2023-02-21,1.5406371919648125e-12,2.830654410411726e-12,7.647213953681744e-12,5.182548645179482e-12,6.292079434279935e-12,1.0963879538842357e-11,3.871594161232854e-11,2.3383432609009106e-12,0.0,1.5323157764602183e-10,0.27538310895971735,0.24737447014283148,1.5811592440724656e-12,0.2584495612368453,0.21880675702227667,-1.3897591994855481e-05
2023-02-22,1.5413223914673558e-12,2.823722839149102e-12,7.741424897005832e-12,5.198228997855049e-12,6.218128677256237e-12,1.0851274317405045e-11,3.90125683889164e-11,2.36929943542833e-12,0.0,1.5751417444518757e-10,0.2822733667344856,0.24886914435398724,1.5557894473336353e-12,0.25194800620064356,0.21692335373538274,-1.3871259325205908e-05
2023-02-23,1.5607255134490599e-12,2.8916405113574546e-12,7.81901529381818e-12,5.2969936587108105e-12,6.233999401804922e-12,1.0998902647844374e-11,3.96671047322014e-11,2.315821099097426e-12,0.0,1.6074486726823532e-10,0.28514926333600193,0.24524874787447634,1.498082432287499e-12,0.2517222492950055,0.21789368312689186,-1.394387140268021e-05
2023-02-24,1.5524370529416236e-12,2.9047881094111653e-12,7.886310229286968e-12,5.354563149764938e-12,6.074879781229022e-12,1.0848275722768653e-11,3.963189352806666e-11,2.3422159120101784e-12,0.0,1.624596143397114e-10,0.2843283904987834,0.2447175701674971,1.4839840974867794e-12,0.25612091244485774,0.21484711049125707,-1.3983842934268845e-05
2023-02-27,1.5666139941709958e-12,2.914162883590545e-12,7.891536129497683e-12,5.320487314509252e-12,5.9820753784947606e-12,1.0771489910770033e-11,3.9505243748113605e-11,2.266523892593166e-12,0.0,1.650118946535059e-10,0.2873345282519363,0.24301058691764146,1.4873343630801743e-12,0.25389711318094554,0.21577176775396367,-1.3996347204373382e-05
2023-02-28,1.64764824152026e-12,3.0268322592955395e-12,7.773207816782635e-12,5.558507410560784e-12,6.0223762015027625e-12,1.0613286982113276e-11,3.88824568828473e-11,2.5240643390749314e-12,0.0,1.7171538944860465e-10,0.25000738739454553,0.2500073874002618,1.5244943758911227e-12,0.2500073872219198,0.25000738737443906,-2.9549640454465857e-05
2023-03-01,1.6557380168386149e-12,3.0453362048964515e-12,7.653383496785998e-12,5.6121658414655e-12,6.105873350031357e-12,1.0650128651051429e-11,4.0308642567948754e-11,2.5109486850772263e-12,0.0,1.714444513732516e-10,0.2508497998140944,0.24977428953414882,1.4938164420035367e-12,0.24868063765375817,0.2507249442777877,-2.9671530269485278e-05
2023-03-02,1.6772187849869608e-12,3.1175134991141454e-12,7.774661882258508e-12,5.5702400169680976e-12,6.063142673912561e-12,1.0644245202746217e-11,4.134209752885728e-11,2.5089462256665436e-12,0.0,1.703845167143058e-10,0.25433969694122216,0.25310089646868084,1.4910890942043305e-12,0.25220905709311675,0.24038005497590526,-2.970572949876479e-05
2023-03-03,1.6746275980179502e-12,3.1368259389606186e-12,7.685747560036513e-12,5.503349666897239e-12,5.911419839523255e-12,1.083531999997417e-11,4.0843988867423014e-11,2.511660122789736e-12,0.0,1.7398641590957862e-10,0.2531374826552288,0.25024347196073526,1.4923485316362248e-12,0.25755099858803127,0.23909767143586325,-2.962489344034357e-05
2023-03-06,1.6424529418147011e-12,3.0562343224787364e-12,7.5068282164187e-12,5.501221105979952e-12,5.828499585858113e-12,1.0641868855470361e-11,4.0040179508034336e-11,2.4893168586614582e-12,0.0,1.7151093106258574e-10,0.25607981465503504,0.25417308969590807,1.4357803888854213e-12,0.2565174304711134,0.23325897931555437,-2.9314387264325325e-05
2023-03-07,1.6286840513308789e-12,3.0473337026228655e-12,7.44468292736349e-12,5.482848258023844e-12,5.841236981474116e-12,1.0618912112352374e-11,3.945719720612312e-11,2.4526810959480217e-12,0.0,1.6825710234266566e-10,0.26269014300290916,0.24933808693862244,1.3976963394588932e-12,0.2565450955396534,0.23145580546881636,-2.9131195629813086e-05
2023-03-08,1.6202310046230234e-12,3.0805326554467924e-12,7.464165588718841e-12,5.431730127955064e-12,5.792321798775165e-12,1.0516657616451722e-11,3.9796015644974063e-11,2.434278961415675e-12,0.0,1.6761070648660302e-10,0.25536759531329145,0.25773752325546506,1.3698887013180693e-12,0.25502620648953656,0.23189770258749223,-2.9027890901847393e-05
2023-03-09,1.6162001441366096e-12,3.0723131409083683e-12,7.500381961992829e-12,5.528617476448246e-12,5.848379738718338e-12,1.0720076260541228e-11,3.9250066257387225e-11,2.4462961331243426e-12,0.0,1.6860721312780968e-10,0.2611943406970278,0.2569194717649064,1.3609348151275605e-12,0.2576630830936932,0.224252133291792,-2.902909336997816e-05
2023-03-10,1.6165389442207804e-12,3.075752398189666e-12,7.444490545421332e-12,5.60985435785813e-12,5.787745226928041e-12,1.0729171396765783e-11,3.9508698063146385e-11,2.4998166461364343e-12,0.0,1.7151966040895164e-10,0.26488004243681484,0.25816631556647457,1.3386581643717496e-12,0.25163900359658337,0.22534373267168692,-2.9094520690152727e-05
2023-03-13,1.6071391558151801e-12,3.1023126420492137e-12,7.499673930472872e-12,5.594580468489632e-12,5.703068081408516e-12,1.0793482255918196e-11,3.8945690998099306e-11,2.4717343653644543e-12,0.0,1.7107635785023908e-10,0.26978836157496566,0.25804632329906557,1.3277851484546963e-12,0.24456790873551199,0.22762647478182277,-2.906863948791507e-05
2023-03-14,1.6076976821574236e-12,3.1302485519315583e-12,7.529526146636247e-12,5.692783652168366e-12,5.737098614747815e-12,1.0870752242434527e-11,3.9512566958239505e-11,2.5658254186011743e-12,0.0,1.7221378789008735e-10,0.2719777822796982,0.25783173492328304,1.316264046327288e-12,0.24407866159435154,0.22614110986310748,-2.9288910616935364e-05
2023-03-15,1.6363965629522172e-12,3.1323360900145795e-12,7.726992662658792e-12,5.809030845581816e-12,5.8057908187369e-12,1.0998529476550112e-11,3.9677348731279166e-11,2.6060554458596417e-12,0.0,1.723558264752746e-10,0.2683799244954695,0.2639998772998359,1.3395721571796952e-12,0.24196320466745228,0.22568661626824796,-2.9622982093572206e-05
2023-03-16,1.6291823507915433e-12,3.121075938301393e-12,7.729210140005146e-12,5.813411274185201e-12,5.782087539918208e-12,1.0933893150328736e-11,3.9709461419003754e-11,2.6225315352690557e-12,0.0,1.761552682035668e-10,0.2716760929689339,0.2579576607007969,1.357391580711581e-12,0.2456366271317139,0.22475934675525158,-2.9727811549851015e-05
2023-03-17,1.620339773262699e-12,3.148957924134369e-12,7.797194003477927e-12,5.789736801510585e-12,5.730940197826755e-12,1.1019538197821555e-11,3.9940596361449986e-11,2.6305497688510073e-12,0.0,1.7471311901299732e-10,0.27222059147843275,0.2626559927508859,1.3614246754586815e-12,0.24034625326258707,0.22480714639002894,-2.998413568710788e-05
2023-03-20,1.5972021573859736e-12,3.144262097519087e-12,7.79152037749865e-12,5.656132303424267e-12,5.760061005508522e-12,1.081820588123105e-11,4.06160503962114e-11,2.618178874594758e-12,0.0,1.709379973065315e-10,0.27267898917390854,0.25990465525420153,1.3538523931779397e-12,0.246454746675846,0.2209914605644565,-2.985191870615404e-05
2023-03-21,1.5944835264695846e-12,3.1823079599641773e-12,7.797000147578285e-12,5.539779527303845e-12,5.782931572602986e-12,1.0634260804509366e-11,4.130025337240539e-11,2.5823001475047464e-12,0.0,1.7447810085652442e-10,0.2686278870935259,0.2594837583138552,1.3691029832866873e-12,0.2494974564305941,0.22242067623422923,-2.9778326464969104e-05
2023-03-22,1.5879558771176648e-12,3.1284175067057863e-12,7.644346778738583e-12,5.431366158301429e-12,5.7519148310310504e-12,1.0517397541333698e-11,4.081701956363652e-11,2.570808600960404e-12,0.0,1.7260255509409964e-10,0.26541129058819984,0.26267008987508833,1.3118754593965277e-12,0.25262874335825686,0.21931917981248802,-2.9303885396906122e-05
2023-03-23,1.6005528491631904e-12,3.1920685477436033e-12,7.716427393379178e-12,5.474769914774427e-12,5.7885223186541e-12,1.0488168763091618e-11,4.094285121763966e-11,2.553646259003681e-12,0.0,1.669376684147413e-10,0.268212344969037,0.2630772957047951,1.3088857906032035e-12,0.254570128214222,0.21416962556288843,-2.939469694617741e-05
2023-03-24,1.6309288186903884e-12,3.1911941233564545e-12,7.710405382000042e-12,5.418603726898903e-12,5.795139794736784e-12,1.0684047736406787e-11,4.1552897898467574e-11,2.586982237965124e-12,0.0,1.6617394059248818e-10,0.2621827072025362,0.26246080173681274,1.3048774809878445e-12,0.25972012622298624,0.2156657751666454,-2.9410575029791864e-05
2023-03-27,1.626655687410161e-12,3.1731690455425843e-12,7.537919964489117e-12,5.214151340540239e-12,5.789698927550104e-12,1.068060360750561e-11,4.007646914182975e-11,2.5963520870489147e-12,0.0,1.6370069340106617e-10,0.26438144511685674,0.2637752505558111,1.29701761948535e-12,0.257447074142098,0.21442511762808822,-2.888768454682171e-05
2023-03-28,1.6315929825453439e-12,3.1931838486630073e-12,7.515975432739082e-12,5.230208235972256e-12,5.804004712700896e-12,1.066759537945034e-11,4.043194316695307e-11,2.6026294761263355e-12,0.0,1.6071248892132263e-10,0.265776716631693,0.26625179992648845,1.2992169704953039e-12,0.2584894869727357,0.20951107575197736,-2.9079521983429425e-05
2023-03-29,1.6350154231304696e-12,3.2101372444378598e-12,7.54688602153613e-12,5.286275441953988e-12,5.811504235479132e-12,1.0720988661915285e-11,4.0472694821005756e-11,2.6251763600817074e-12,0.0,1.5832392230671183e-10,0.2723373893740272,0.2549601428741558,1.294822361203163e-12,0.26377133603559405,0.20896016842955148,-2.903695025604434e-05
2023-03-30,1.6287277842535807e-12,3.21437100229914e-12,7.518394375974241e-12,5.288492769836836e-12,5.763811603446423e-12,1.0874690711515065e-11,4.1256192103706154e-11,2.620683890741729e-12,0.0,1.5707402837306456e-10,0.27159778771603,0.25720903896648134,1.2723384086347263e-12,0.26016698902390684,0.2110552146824223,-2.9030625352213567e-05
2023-03-31,1.6476520651165733e-12,3.0268392834796914e-12,7.773225855589706e-12,5.558520309848329e-12,6.0223901772621886e-12,1.0613311611718038e-11,3.888254711498244e-11,2.524070196516379e-12,0.0,1.7171578793798694e-10,0.25000796757137006,0.2500079675770864,1.5244979136918065e-12,0.2500079673987439,0.2500079675512636,-3.187034775285829e-05
2023-04-03,1.6215972027382642e-12,3.011331867931118e-12,7.66986818046227e-12,5.53900912897466e-12,6.05514210908833e-12,1.0717964366840655e-11,3.9198611516909014e-11,2.5060893911735656e-12,0.0,1.723274895614968e-10,0.24223190912865836,0.2517340807137162,1.48157454993825e-12,0.2586149025210156,0.24745087570993235,-3.1768323451300864e-05
2023-04-04,1.6069614437589074e-12,2.9661686342919077e-12,7.562585722849684e-12,5.642533614407445e-12,6.080329671813104e-12,1.0429984300099031e-11,3.970936971840746e-11,2.5303763992983714e-12,0.0,1.7192887270566676e-10,0.24047557499290967,0.25829242438626604,1.4507236580428495e-12,0.25750670988386076,0.24375682090950365,-3.153042244813864e-05
2023-04-05,1.5664137710125423e-12,2.9961095519204468e-12,7.378023236295802e-12,5.590196780197222e-12,5.881895683226901e-12,1.0255066754563933e-11,3.94687583240172e-11,2.4716530752180873e-12,0.0,1.6922463030674042e-10,0.2421565997295642,0.26117340823604496,1.419255986279595e-12,0.2549035187583874,0.24179762348687714,-3.1150457125799383e-05
2023-04-06,1.6020350295499456e-12,3.046947811500863e-12,7.517741216655637e-12,5.6686749966769545e-12,5.989709506977101e-12,1.0602262034691536e-11,4.048824158081816e-11,2.5386279897712793e-12,0.0,1.7169925684611526e-10,0.24756385857044302,0.26078004748146577,1.4757024809965989e-12,0.24613734325467682,0.24555041767204921,-3.166722926392014e-05
2023-04-07,1.5876924039244821e-12,2.9463116227428963e-12,7.403223502912557e-12,5.5150857844441215e-12,5.847144059751424e-12,1.0522847452209897e-11,3.981074593144717e-11,2.417809658243644e-12,0.0,1.7093889815021693e-10,0.24456487130049684,0.2633097317176987,1.4901028393334807e-12,0.23991663436525354,0.25223980527251977,-3.104290444875237e-05
2023-04-10,1.6011611318788138e-12,2.9417567733528915e-12,7.4136578385013e-12,5.417103806864808e-12,6.0111268535793566e-12,1.0828098751357012e-11,3.9595889788405555e-11,2.430367977348115e-12,0.0,1.6982422304130824e-10,0.23964347343402723,0.2646226767007384,1.4944437165034154e-12,0.24027324046275428,0.2554919019555837,-3.129280066143668e-05
2023-04-11,1.6181769231195668e-12,2.9244873274432608e-12,7.40662992336823e-12,5.447222866247901e-12,6.035082898769714e-12,1.0713824161113968e-11,3.954152709631766e-11,2.4427516241306744e-12,0.0,1.72706113658912e-10,0.2445710718169034,0.2607360601589417,1.4957705778977188e-12,0.24248296759828986,0.25224109793004856,-3.1197754515036875e-05
2023-04-12,1.6336239114149556e-12,2.9439718708526048e-12,7.32591711939125e-12,5.503614390813432e-12,5.984738301892935e-12,1.0898288518593417e-11,3.938496237607542e-11,2.449776518826216e-12,0.0,1.7494647101812866e-10,0.24156012315054742,0.25762803123299055,1.4879150136925805e-12,0.24553089541649742,0.25531229664036953,-3.134669296413889e-05
2023-04-13,1.6126690258360517e-12,2.895014427140074e-12,7.312587028596013e-12,5.4656796314000664e-12,6.1121270134715e-12,1.0851499052770502e-11,4.01582133962556e-11,2.3978218108897655e-12,0.0,1.7110700437766556e-10,0.24507351636002175,0.2640402018623316,1.4608068926128019e-12,0.24236724887181943,0.2485502195222876,-3.118686583382778e-05
2023-04-14,1.5853414950067523e-12,2.916651193201725e-12,7.331873472312786e-12,5.467744454799259e-12,6.0099147848855076e-12,1.1083114029187189e-11,3.989911163081173e-11,2.416846290787453e-12,0.0,1.7067409673866386e-10,0.24634190709873155,0.2656252162397543,1.4655198885676241e-12,0.2446824559758626,0.243381606491942,-3.1186055140664816e-05
2023-04-17,1.5988701912792888e-12,2.939530078540299e-12,7.399558526029901e-12,5.509176861096396e-12,5.95704395652518e-12,1.0969965492947967e-11,3.897125534191664e-11,2.4616027888918533e-12,0.0,1.7410341166019977e-10,0.2492840851212058,0.2578543443939256,1.4492020589249229e-12,0.24716672176197982,0.2457262358914336,-3.1387419904454485e-05
2023-04-18,1.5920150848023555e-12,2.944135101787198e-12,7.384717697566532e-12,5.505207601700299e-12,5.898545776923418e-12,1.1085333680841474e-11,3.8666537026711955e-11,2.410389235764696e-12,0.0,1.7282727748973097e-10,0.25281344232270775,0.25718697249240896,1.441800702619549e-12,0.24110604966273932,0.24892484781267754,-3.131254028942641e-05
2023-04-19,1.5678993308448512e-12,2.914635608180045e-12,7.435291372538717e-12,5.487719269427474e-12,5.730255562594462e-12,1.0737406872200166e-11,3.829007600373595e-11,2.348013035195695e-12,0.0,1.7142016125029906e-10,0.2512688910674518,0.25190163579802394,1.4728981926902147e-12,0.2513876008495118,0.24547289521614687,-3.1023178538877744e-05
2023-04-20,1.5909588235742834e-12,2.9506608079019343e-12,7.498907345512197e-12,5.497414869712883e-12,5.719488247513134e-12,1.0702539354387303e-11,3.894243537471508e-11,2.3576096632089434e-12,0.0,1.7460425791199342e-10,0.2540313746986182,0.26062383757899465,1.499850329891421e-12,0.24748115980726498,0.23789499624145158,-3.136857769360613e-05
2023-04-21,1.5756279494933182e-12,2.923692745664925e-12,7.554038528207873e-12,5.481607870753987e-12,5.782318564684395e-12,1.0492182852743571e-11,3.9343578105493595e-11,2.375355345652053e-12,0.0,1.7772349802336064e-10,0.25376037056973594,0.26167860743244903,1.4733769720109017e-12,0.2525982943783925,0.23199400006563864,-3.127270094138773e-05
2023-04-24,1.5997330371924064e-12,2.9698163463086426e-12,7.53017743283045e-12,5.648171165106288e-12,5.84203216581762e-12,1.0659722731280494e-11,3.8823803151741843e-11,2.4651701105536094e-12,0.0,1.8192857222883123e-10,0.25158709940683505,0.26093918766052526,1.5052947746576404e-12,0.25932011084541856,0.22818509906399412,-3.149723574550955e-05
2023-04-25,1.601356557534354e-12,2.973724035508709e-12,7.385823418346313e-12,5.699357113755041e-12,5.686557891204299e-12,1.047862769381075e-11,3.872213565978755e-11,2.413449839013255e-12,0.0,1.8097663900041195e-10,0.24858982608773572,0.26225172502596483,1.4859891157366577e-12,0.25811491129191516,0.23107473884735633,-3.12015103956936e-05
2023-04-26,1.6315490731022394e-12,3.0313393121388204e-12,7.377032274435089e-12,5.798949778414995e-12,5.690103711562144e-12,1.0424436701939908e-11,3.912846228191575e-11,2.4099293340455435e-12,0.0,1.8538213199258996e-10,0.24372367732774558,0.26159188842588665,1.4648031538594195e-12,0.2589275848850348,0.2357883969309172,-3.154783192301652e-05
2023-04-27,1.6315447806857482e-12,3.0202346833996373e-12,7.498150939750002e-12,5.6590540885002255e-12,5.789471195201342e-12,1.0376892297776467e-11,3.9183453910386165e-11,2.3978798807421826e-12,0.0,1.8230443044930987e-10,0.24439784544926213,0.2646060356836095,1.4271618310996759e-12,0.25526691050135086,0.2357608219598111,-3.161385332202184e-05
2023-04-28,1.6476207137000173e-12,3.0267816889782597e-12,7.773077947152637e-12,5.558414542684643e-12,6.022275583612771e-12,1.0613109662313535e-11,3.888180726039955e-11,2.5240221686725017e-12,0.0,1.7171252054111907e-10,0.25000321043598955,0.25000321044170576,1.5244689056444503e-12,0.25000321026336675,0.25000321041588347,-1.2841806229743958e-05
2023-05-01,1.6201931014392698e-12,3.0115263198865594e-12,7.640790006430652e-12,5.621783156512542e-12,5.941252612798462e-12,1.059592604914435e-11,3.871479473220117e-11,2.4849531203826738e-12,0.0,1.7002281564427937e-10,0.2483155382156044,0.24391021653640246,1.506241521451583e-12,0.25184795860367676,0.25593893094094367,-1.2644543787635383e-05
2023-05-02,1.6185743592346413e-12,3.04078465025221e-12,7.521014117266617e-12,5.616530383418924e-12,5.984186452814305e-12,1.0381398838719743e-11,3.81215297682975e-11,2.52373002229181e-12,0.0,1.650287664917582e-10,0.25224049668285525,0.246670994511297,1.5045129226256573e-12,0.24946594113727316,0.2516350957108054,-1.2528283571835548e-05
2023-05-03,1.5956706753849605e-12,3.0376863184243976e-12,7.41435707438868e-12,5.660091150116732e-12,5.820327770062582e-12,1.0206178675494279e-11,3.729990769348419e-11,2.443743008291357e-12,0.0,1.6335369148654505e-10,0.250186454696514,0.2514906125539818,1.491840760170155e-12,0.250512809715592,0.24782243854251687,-1.2315746928219728e-05
2023-05-04,1.6103018052349017e-12,3.091046932705367e-12,7.408226896127073e-12,5.559299239767165e-12,5.7441456034475545e-12,1.0177114651702949e-11,3.728908634234238e-11,2.4521734630622445e-12,0.0,1.6233790100977795e-10,0.24604999571814787,0.25160452870520766,1.5307625752946424e-12,0.25358085641660005,0.24877685121226537,-1.2232289421160434e-05
2023-05-05,1.6263727476102785e-12,3.080297983638937e-12,7.369842882721258e-12,5.5134663469705405e-12,5.73749555348771e-12,1.0126033725244196e-11,3.7913014322890065e-11,2.4367543629733575e-12,0.0,1.6731574196076065e-10,0.24438240685760015,0.2523979809831848,1.5437918413248348e-12,0.24848494628117798,0.25474689856885696,-1.223293348279242e-05
2023-05-08,1.6750204988005077e-12,3.2032866175930644e-12,7.489973142607822e-12,5.651308644169176e-12,5.877233851983617e-12,1.0403068230912712e-11,3.8058073742273445e-11,2.4990399422598176e-12,0.0,1.7228578038807005e-10,0.24163241488931111,0.25040169563565173,1.6036915799584095e-12,0.2519456355672321,0.25603277463847773,-1.2520979419112871e-05
2023-05-09,1.6973200083009457e-12,3.2181511342408097e-12,7.570686768156967e-12,5.648296977521582e-12,6.0770304164732856e-12,1.0337245269898771e-11,3.901089403194719e-11,2.50058781844053e-12,0.0,1.7384506763291117e-10,0.24324639717365104,0.24635641829406335,1.5803272138603676e-12,0.25225044204928526,0.25815927689463225,-1.2534663117636489e-05
2023-05-10,1.653367231551615e-12,3.244039931675889e-12,7.51099927416785e-12,5.5479375524645665e-12,6.131105506080254e-12,1.030854702019877e-11,3.955410492541618e-11,2.51002072875959e-12,0.0,1.7302358735507438e-10,0.24457558286227363,0.24407450679604087,1.5531527355620395e-12,0.2544791302786923,0.2568832792105782,-1.2499398621961708e-05
2023-05-11,1.65004472886579e-12,3.2722742747214003e-12,7.48474064951452e-12,5.5364586541393584e-12,6.0729856977223835e-12,1.0342825250163387e-11,3.9655127400973256e-11,2.536644658905885e-12,0.0,1.7143861058433004e-10,0.24720620011163524,0.24461880203841602,1.5254302932106052e-12,0.2600245480954384,0.24816291735722348,-1.2467852228319457e-05
2023-05-12,1.6437861841628483e-12,3.1945381801351675e-12,7.552629602833481e-12,5.37834912063283e-12,6.0901863925484956e-12,1.021855843613799e-11,3.9026815123597686e-11,2.515525302097686e-12,0.0,1.671957965776223e-10,0.24129682698100768,0.24462501318415258,1.4637943477433045e-12,0.25449079036840017,0.2595996959874814,-1.2326765321769336e-05
2023-05-15,1.6364465162594135e-12,3.247007177238646e-12,7.540725069841862e-12,5.435766912854781e-12,6.168278853280795e-12,1.0416885433144586e-11,3.9111838116572046e-11,2.5991407818557652e-12,0.0,1.6863899345761155e-10,0.24346824704887812,0.24120497677826933,1.4638317282944647e-12,0.25653941890589466,0.25879973955024144,-1.2382529542466813e-05
2023-05-16,1.6633289027142035e-12,3.198663829363001e-12,7.587663225580176e-12,5.454045109074481e-12,6.12795153724972e-12,1.0236011219235799e-11,3.846197712267953e-11,2.5638481963544187e-12,0.0,1.6497900950878608e-10,0.23615078878515514,0.24515695534435816,1.4706168297803307e-12,0.25861999880257236,0.26008455663694946,-1.2299810778285887e-05
2023-05-17,1.6757111156575911e-12,3.265061016976853e-12,7.582212919177093e-12,5.49317228133794e-12,6.220476850183073e-12,1.012301956215313e-11,4.031065869595289e-11,2.5804217350467917e-12,0.0,1.6922486843924715e-10,0.24112115008901944,0.2468282664585401,1.4831114134100406e-12,0.2531017095114812,0.2589612430970703,-1.2369404069817692e-05
2023-05-18,1.6597209570482996e-12,3.232730897779298e-12,7.572302403477935e-12,5.407275201997701e-12,6.028542233925844e-12,1.011426688364601e-11,4.05086840926476e-11,2.5762499454451098e-12,0.0,1.6954125819453252e-10,0.25092410406229354,0.24383266629163863,1.42867087504347e-12,0.24689469621411775,0.25836072256504167,-1.2189381161222573e-05
2023-05-19,1.6661554972456358e-12,3.3009662885628626e-12,7.750815747963129e-12,5.609336322309645e-12,6.243570214515441e-12,1.0425530419123294e-11,4.009356687378496e-11,2.6608476876037742e-12,0.0,1.7354922537323136e-10,0.24868001661113193,0.24536665039874625,1.4269708637178892e-12,0.24252070177348944,0.26344505351226993,-1.2422548364524776e-05
2023-05-22,1.6341787487073018e-12,3.3489826878261475e-12,7.64627255428e-12,5.626209080647531e-12,6.053351279436527e-12,1.0234536787055063e-11,3.968129225304165e-11,2.59628120915551e-12,0.0,1.7097477010982118e-10,0.24489836821686456,0.2501496550114811,1.4200512636293278e-12,0.24185492906555175,0.2631093216890249,-1.2274232138257972e-05
2023-05-23,1.6456510030505108e-12,3.3503686186723967e-12,7.6295649262759e-12,5.644362591507181e-12,6.146616773144815e-12,1.0396496518162433e-11,3.9607775204988844e-11,2.628263316048012e-12,0.0,1.7131794569090184e-10,0.2433875852145484,0.24976679264643936,1.4557346838992335e-12,0.24264828138299804,0.2642096273422438,-1.2286836052355812e-05
2023-05-24,1.6155555232119413e-12,3.3243463620616997e-12,7.57450623073858e-12,5.564990616207892e-12,6.120156162634617e-12,1.029237009968388e-11,3.947168907188933e-11,2.620987049751084e-12,0.0,1.6950456607053237e-10,0.2426208263736573,0.2536422558167344,1.4559411730663442e-12,0.23868904299377372,0.26506010148017006,-1.222691188056274e-05
2023-05-25,1.6490144432691409e-12,3.3704064475740577e-12,7.654048332529123e-12,5.637072735851167e-12,6.25595735093533e-12,1.0482794598610894e-11,3.9959577261041456e-11,2.673189888259712e-12,0.0,1.6634185633124153e-10,0.2444032520875688,0.25515983946073617,1.449042823080794e-12,0.24346062743067728,0.25698856034745104,-1.227957190628881e-05
2023-05-26,1.629691525522474e-12,3.331487390930873e-12,7.468882981862584e-12,5.695794171067013e-12,6.1121588578379566e-12,1.0335495004111327e-11,4.018500344907246e-11,2.6801164975506436e-12,0.0,1.6701975584957265e-10,0.24397398243739918,0.26350480022857214,1.4500249937761297e-12,0.24129631486881625,0.25123709710355396,-1.2194884249818705e-05
2023-05-29,1.6038687047423508e-12,3.2744097716299776e-12,7.512588796575594e-12,5.6468786290566495e-12,6.1001824644077695e-12,1.0444080362843477e-11,3.856733686496514e-11,2.7049930507565034e-12,0.0,1.66697142977506e-10,0.238632701082935,0.25792019921381887,1.4499685401316885e-12,0.24963297754751268,0.25382620614935314,-1.2084237621125721e-05
2023-05-30,1.6394590037128739e-12,3.301191812329573e-12,7.539822469270957e-12,5.653382934232149e-12,6.126031376403175e-12,1.0273542907952573e-11,3.858287668131453e-11,2.7111957537661327e-12,0.0,1.6877032279956327e-10,0.24252940173449436,0.26054433460848087,1.45018989602619e-12,0.24323045831430426,0.2537080091288583,-1.2204032185757298e-05
2023-05-31,1.6476155741068245e-12,3.0267722472260192e-12,7.773053699789046e-12,5.558397203748985e-12,6.022256797707534e-12,1.0613076555746155e-11,3.8881685972368726e-11,2.524014295229877e-12,0.0,1.7171198490054699e-10,0.2500024305751953,0.2500024305809115,1.524464150211392e-12,0.250002430402573,0.25000243055508925,-9.722363052270541e-06
2023-06-01,1.6491797978336426e-12,2.9889180555820287e-12,7.515857642109401e-12,5.496641386258085e-12,5.9571457112035635e-12,1.048825303860346e-11,3.8210308279468424e-11,2.5093901049184257e-12,0.0,1.701368402939691e-10,0.24946722370463933,0.2460221800527083,1.4982938119282621e-12,0.2540622257687494,0.25045800274994456,-9.632522492376174e-06
2023-06-02,1.6628453018375345e-12,3.0275201749996875e-12,7.562517025259598e-12,5.558261067460151e-12,5.846290191502271e-12,1.0522137585504992e-11,3.8140505308052747e-11,2.5707549282813024e-12,0.0,1.6859471718827968e-10,0.2511621229695408,0.24691086506015106,1.5114568860717597e-12,0.2495569632014988,0.2523796836639122,-9.63514009993973e-06
2023-06-05,1.6493172671343542e-12,3.0180652656276603e-12,7.458828458645306e-12,5.488338709416318e-12,5.894769082602209e-12,1.0319549591409432e-11,3.7418096707456886e-11,2.5539874958965758e-12,0.0,1.653251259343273e-10,0.25015251036540626,0.23927600431989743,1.4763403873541163e-12,0.2574364420613936,0.2531446185095889,-9.575496888682402e-06
2023-06-06,1.6355641547886755e-12,3.0270022687274426e-12,7.495221649217949e-12,5.5442257185003016e-12,5.878710988671022e-12,1.0436680412204308e-11,3.634792462808307e-11,2.513005872837622e-12,0.0,1.6599788677508382e-10,0.2462102938513395,0.24008649207399063,1.458792256536535e-12,0.2559004525261683,0.2578123225092436,-9.561201076911529e-06
2023-06-07,1.6565278883448765e-12,3.0091075648138807e-12,7.441170046645208e-12,5.5416932300664855e-12,5.902120387500984e-12,1.0393538246102139e-11,3.701922316977197e-11,2.5364701409114702e-12,0.0,1.6345992338288925e-10,0.2519871067700091,0.22969831205216293,1.4868459038997417e-12,0.26144291724965396,0.2568812630903018,-9.599400574293705e-06
2023-06-08,1.6756034965176454e-12,3.005755307412891e-12,7.442854484169008e-12,5.560944835555713e-12,6.128144153474621e-12,1.0568838286634576e-11,3.7356974558507864e-11,2.502901389252851e-12,0.0,1.613573734671204e-10,0.25528481960726856,0.23019814879794318,1.4572818275681483e-12,0.2617936514243323,0.25273297259249555,-9.59265909630616e-06
2023-06-09,1.6560903797651652e-12,2.940802520046723e-12,7.348281794992938e-12,5.536061192760475e-12,6.044927293785955e-12,1.0380060307247025e-11,3.697668330874156e-11,2.4951201800261102e-12,0.0,1.599356631446898e-10,0.25739951915660114,0.22946234229705106,1.440202976913373e-12,0.26148261013190005,0.2516649937251731,-9.465545479220736e-06
2023-06-12,1.6591618556204053e-12,2.865580883729987e-12,7.187678211125253e-12,5.571070034170368e-12,5.9040621829727596e-12,1.0380420421815906e-11,3.6614871113515576e-11,2.4475300104867322e-12,0.0,1.5963657765921211e-10,0.26487780489096485,0.22592793812432554,1.469360139187827e-12,0.26188172905211893,0.24732194189457582,-9.414195721344115e-06
2023-06-13,1.678973758030678e-12,2.894629794353285e-12,7.222200226516658e-12,5.61291368751727e-12,5.887461850003051e-12,1.0316745814347942e-11,3.7157585737028795e-11,2.4508814987837095e-12,0.0,1.6106937740138961e-10,0.26725034167091904,0.2215116174695122,1.5095682184799915e-12,0.26370046380347456,0.24754703016118684,-9.453340892911016e-06
2023-06-14,1.686033844720089e-12,2.9020316646417807e-12,7.283399725736907e-12,5.6487889906058334e-12,5.9402604531766775e-12,1.0498316622557576e-11,3.7612069520519174e-11,2.446121932083503e-12,0.0,1.6530191054686308e-10,0.2663328899318897,0.21984219465625685,1.4642804654852934e-12,0.26545942606813266,0.24837494183646047,-9.452733522813128e-06
2023-06-15,1.6461873202347518e-12,2.8878632953707173e-12,7.176138018553419e-12,5.768542057983111e-12,5.84406971363099e-12,1.0342504968925153e-11,3.682293265708008e-11,2.4673516096521162e-12,0.0,1.619385195745362e-10,0.2669099820888408,0.212760492182685,1.4668366094097436e-12,0.27158081269420986,0.2487580742986419,-9.361500738563324e-06
2023-06-16,1.6631117752568232e-12,2.9256990033889846e-12,7.339923126838015e-12,5.873833457031873e-12,5.900792167604307e-12,1.050808292022378e-11,3.6542809592558894e-11,2.505535404171724e-12,0.0,1.6173849649207216e-10,0.25473346553068804,0.2151738285097341,1.4569005810125359e-12,0.2783511657921785,0.2517509391578423,-9.399226897992029e-06
2023-06-19,1.684395749445443e-12,2.8999287063622946e-12,7.438626350830771e-12,6.029196910275814e-12,5.969067913450849e-12,1.0638932675496415e-11,3.671161640307004e-11,2.4927646008319428e-12,0.0,1.5833961288469554e-10,0.25362765698134654,0.2092620040622606,1.4425119806916238e-12,0.28231696202280715,0.2548027943154114,-9.417615472405462e-06
2023-06-20,1.7006739113128667e-12,2.9316769037919285e-12,7.354477716151495e-12,6.0590495951513115e-12,5.974685517031506e-12,1.0647381624188754e-11,3.7354675458114954e-11,2.4854678544516767e-12,0.0,1.546576600608631e-10,0.25480894159333356,0.2073729833171737,1.458270323275867e-12,0.28007608333205464,0.257751493698281,-9.502171466849684e-06
2023-06-21,1.7021434499341144e-12,2.9880375484527147e-12,7.410895447919382e-12,5.9449480811604665e-12,5.896712320527336e-12,1.0680233642723525e-11,3.697467110715293e-11,2.3867315211607235e-12,0.0,1.567753609548814e-10,0.25760528046038655,0.20577164562591344,1.4729917821023844e-12,0.2772028872913711,0.2594297079004756,-9.521510379388138e-06
2023-06-22,1.6738148366212893e-12,3.00966308516433e-12,7.227274729397127e-12,5.981162906210566e-12,5.852874381641798e-12,1.0529638436374104e-11,3.676720015880096e-11,2.392674489315633e-12,0.0,1.5631421009708553e-10,0.2519266392692064,0.2043774486149162,1.5082575492372935e-12,0.2818341823418324,0.26187117285840383,-9.443315615545185e-06
2023-06-23,1.7057989210127548e-12,3.0659285835251973e-12,7.402298580799366e-12,6.018798860212232e-12,5.8234389927007736e-12,1.066171362721647e-11,3.678616788602148e-11,2.3844988914985523e-12,0.0,1.642518389572302e-10,0.255459043125834,0.2080554122069041,1.4934102861860088e-12,0.2756052407858237,0.26088985370765566,-9.550065811388562e-06
2023-06-26,1.7644874793860673e-12,3.139576005365432e-12,7.60358782019403e-12,6.194984932790979e-12,5.9010342157948195e-12,1.107586623765388e-11,3.722749104155055e-11,2.4824506235681723e-12,0.0,1.6301378287074955e-10,0.2576216218012749,0.2060012601638467,1.555708141514e-12,0.28124283565790575,0.25514402642089795,-9.744283884321998e-06
2023-06-27,1.780316133224035e-12,3.1394619115339507e-12,7.522623019498344e-12,6.348869717893294e-12,5.941314001299763e-12,1.1095378776319673e-11,3.723318355381302e-11,2.442832890850557e-12,0.0,1.6720460485307938e-10,0.25709878964950844,0.20725569326218735,1.5085427784144412e-12,0.27607561870702757,0.2595796931135437,-9.794976484013149e-06
2023-06-28,1.7873610688688058e-12,3.196507098633225e-12,7.635081846641427e-12,6.335059665576245e-12,5.978433802627964e-12,1.1056193632791178e-11,3.828688555067114e-11,2.4840549416300196e-12,0.0,1.6783228857382636e-10,0.26328965360613216,0.2094278503022334,1.550908890828251e-12,0.26524598157268375,0.2620463111001603,-9.796827352149816e-06
2023-06-29,1.7615873824126638e-12,3.222201613338354e-12,7.688488140039052e-12,6.2771572378549145e-12,6.032170676908557e-12,1.1201974181299364e-11,3.7963962365448475e-11,2.546882743552494e-12,0.0,1.6571052411127503e-10,0.2644933767984479,0.20624460592426888,1.5388466135589026e-12,0.2695431225871449,0.25972859532602954,-9.700879835115005e-06
2023-06-30,1.6476524946509487e-12,3.0268400725610447e-12,7.7732278820295e-12,5.558521758925838e-12,6.022391747268172e-12,1.0613314378553506e-11,3.888255725146145e-11,2.5240708545284304e-12,0.0,1.7171583270340513e-10,0.2500080327471547,0.25000803275287103,1.5244983111205312e-12,0.2500080325745285,0.2500080327270482,-3.213105089135683e-05
2023-07-03,1.6582267561061064e-12,3.0598643165006497e-12,7.878522739888394e-12,5.517510441611335e-12,6.076715726100131e-12,1.0559507127905253e-11,3.824538655045106e-11,2.5003445772226335e-12,0.0,1.7377470333288647e-10,0.2556636066597543,0.24475272737294315,1.5399690627054179e-12,0.24562356627356527,0.25399234007062127,-3.224062769478209e-05
2023-07-04,1.6328506263514568e-12,2.9987021521588798e-12,7.871686894278719e-12,5.428894855305747e-12,5.996715601041452e-12,1.0163221403054614e-11,3.8373364943388595e-11,2.505953855473005e-12,0.0,1.6809100164670577e-10,0.2582727376962996,0.2397841343108395,1.5137624148249611e-12,0.2536344803402622,0.2483405761937462,-3.192878572373448e-05
2023-07-05,1.6485744669016737e-12,3.023688384889548e-12,7.925844334021105e-12,5.461078882663811e-12,6.0404733058178895e-12,1.0226613187751305e-11,3.84527052162184e-11,2.566774267484733e-12,0.0,1.7124271699356945e-10,0.2624661636421314,0.24331491583946752,1.5479564633670363e-12,0.25395849180783764,0.2402924339007421,-3.2005438315157135e-05
2023-07-06,1.6482719536890071e-12,2.9949338295613124e-12,7.867595684574885e-12,5.38639942386026e-12,6.009137008406083e-12,1.0154907123680668e-11,3.7243985940386915e-11,2.594048767866106e-12,0.0,1.7298404479533759e-10,0.2618087619865732,0.24328758081234542,1.5378176770311588e-12,0.2545958634296458,0.24033980860568524,-3.2015082670824584e-05
2023-07-07,1.6542132998280797e-12,3.0814992178705126e-12,7.831849334907437e-12,5.4944779355331784e-12,6.072316210594646e-12,1.0524960200868661e-11,3.7857341649036316e-11,2.6113869144228937e-12,0.0,1.7515106529024956e-10,0.2600300582417941,0.24301273368097764,1.5075311155908276e-12,0.25332371312742685,0.24366587609726403,-3.238139924925916e-05
2023-07-10,1.6529443963651244e-12,3.008999713155494e-12,7.792593234967416e-12,5.510587854748303e-12,6.039213242315881e-12,1.040341487620906e-11,3.751791836074944e-11,2.5825817548493103e-12,0.0,1.7503713891362327e-10,0.26885262060365017,0.23917719253567812,1.4942413532950985e-12,0.25226883221697005,0.239733613054396,-3.225866173406414e-05
2023-07-11,1.677276199577337e-12,2.949504057445028e-12,7.781674795909581e-12,5.586708494801442e-12,6.044205546243563e-12,1.0339675567413234e-11,3.790980015538145e-11,2.627514766875843e-12,0.0,1.7364869699702676e-10,0.2720802184539939,0.23865140244970834,1.520797501980382e-12,0.26029377245019836,0.22900699735506772,-3.239095905417937e-05
2023-07-12,1.6679999705489445e-12,2.8787205302413415e-12,7.934769221082059e-12,5.520655062213813e-12,6.0595934331605115e-12,1.0268518109214683e-11,3.725884222360968e-11,2.576655951104481e-12,0.0,1.7511073905997393e-10,0.27887639460692387,0.23737846391070253,1.5189470363034952e-12,0.25741932899342646,0.22635798391089879,-3.2171672747247566e-05
2023-07-13,1.6412488725050036e-12,2.8632236244280035e-12,7.818380503038234e-12,5.514393167337825e-12,6.034799333306567e-12,1.0243357344644315e-11,3.78690940742326e-11,2.55967455915966e-12,0.0,1.7960025682122726e-10,0.2830745371831006,0.24055593080811505,1.501835100512437e-12,0.25697334717908105,0.21942814862402127,-3.196404996417704e-05
2023-07-14,1.6243039511188806e-12,2.8282843008263536e-12,7.703742032586383e-12,5.496326731501142e-12,5.857942498437378e-12,1.0302969682793938e-11,3.776262037539523e-11,2.519339764932386e-12,0.0,1.7827690337553155e-10,0.28578465341828274,0.2374355146174907,1.4835982207640473e-12,0.2533039840493389,0.2235073270519941,-3.1479390962547975e-05
2023-07-17,1.6214324031704612e-12,2.8323917147973734e-12,7.83938607842206e-12,5.5155506453469485e-12,5.949746081332445e-12,1.0201600049319685e-11,3.772931305571252e-11,2.5772687819914276e-12,0.0,1.7821027793910308e-10,0.2875482859982914,0.2339498373821431,1.475870109396023e-12,0.2543546507865111,0.22417875295574224,-3.152737664069798e-05
2023-07-18,1.6470317590860896e-12,2.8871595490809508e-12,7.795707726170326e-12,5.543208988667982e-12,6.021033344478958e-12,1.043932593512187e-11,3.824058328748958e-11,2.5978478172799038e-12,0.0,1.80776422087558e-10,0.2843430508957091,0.23564023154320432,1.5196793793471163e-12,0.25441218352018996,0.2256361699010627,-3.1636117633971784e-05
2023-07-19,1.6550497662122284e-12,2.839854041596297e-12,7.853837944745094e-12,5.602788653951152e-12,6.027176202695323e-12,1.036007370831889e-11,3.806379584555003e-11,2.645342718471294e-12,0.0,1.86026630988185e-10,0.28022942081123475,0.24082684961322934,1.5132961606939332e-12,0.253613817175355,0.22536176894592813,-3.185680833520902e-05
2023-07-20,1.6843499419670352e-12,2.8989362958159497e-12,7.931962306511973e-12,5.659409052012985e-12,6.128285525168482e-12,1.0551377396745342e-11,3.9098381169871434e-11,2.626191573561954e-12,0.0,1.8499603448823928e-10,0.2831472934899915,0.24261324219565417,1.5291473401120355e-12,0.25275196263293187,0.22151970098884508,-3.21995705267181e-05
2023-07-21,1.6533265961226632e-12,2.8992099320523025e-12,7.906520447392324e-12,5.623844610631896e-12,6.2361180923632925e-12,1.0451172218854551e-11,3.990827696300166e-11,2.6908948930905277e-12,0.0,1.8556709665921095e-10,0.2817874046036125,0.23109322697239126,1.4929903507759755e-12,0.25677157479745133,0.23038003147640093,-3.223811428559068e-05
2023-07-24,1.6779709917072427e-12,2.927185147821315e-12,7.955141250566468e-12,5.769135181853021e-12,6.440018999879756e-12,1.0439625235730393e-11,3.908347986440274e-11,2.6279351537761116e-12,0.0,1.8665189853295207e-10,0.2844913803865883,0.2256020946663424,1.4830892049207802e-12,0.2570995558409025,0.23283940440001655,-3.243555890523734e-05
2023-07-25,1.6233267881287482e-12,2.81279746637847e-12,7.660165948860802e-12,5.6804888884668755e-12,6.273148324395313e-12,1.0218831461016224e-11,3.7499647748544076e-11,2.445650003455182e-12,0.0,1.7886440945706105e-10,0.27790689353344866,0.23129217569905777,1.4582702055241827e-12,0.26220454680261135,0.22862787534431672,-3.149163397117374e-05
2023-07-26,1.6138294205571048e-12,2.8230671116187606e-12,7.808655365233635e-12,5.80077868960116e-12,6.2306482740759715e-12,1.025448388377552e-11,3.6786380917821275e-11,2.4749649265665248e-12,0.0,1.7903854673109827e-10,0.27500960175637407,0.2327929224369567,1.4695948853968981e-12,0.26271525146780234,0.22951371264283887,-3.148855827292997e-05
2023-07-27,1.6082560198319528e-12,2.8464326704469608e-12,7.856886694795036e-12,5.725444443644527e-12,6.1437051975949925e-12,1.0203944895693866e-11,3.709103251526776e-11,2.476147643664804e-12,0.0,1.7948465327981302e-10,0.27311770041236744,0.23589457230441518,1.4759992052262557e-12,0.26082881462411156,0.2301903375933808,-3.1425189187588946e-05
2023-07-28,1.658097536603715e-12,2.8820043019700176e-12,8.03621613347202e-12,5.8262298748613194e-12,6.289535285341841e-12,1.03053482249281e-11,3.7833935262024966e-11,2.56164492357949e-12,0.0,1.790517302852405e-10,0.2723882470993812,0.23555151523063914,1.5192789686027307e-12,0.25890669515108783,0.23318553742986856,-3.1995166940787665e-05
2023-07-31,1.6476275360887825e-12,3.0267942221305907e-12,7.773110133540692e-12,5.558437558700776e-12,6.022300520362437e-12,1.061315360856859e-11,3.8881968260320716e-11,2.524032620022344e-12,0.0,1.7171323156008188e-10,0.25000424563728313,0.2500042456429994,1.5244752180921202e-12,0.2500042454646596,0.25000424561717693,-1.6982611404108637e-05
2023-08-01,1.6539959256828872e-12,3.1129608399988223e-12,7.73700156850568e-12,5.540286349323357e-12,6.051048202897047e-12,1.06997456662069e-11,3.972105195443434e-11,2.563117191537821e-12,0.0,1.729170203767262e-10,0.2509826309740222,0.2484013116042056,1.5145153969769096e-12,0.25703074099758916,0.24360244552134835,-1.7129348676081878e-05
2023-08-02,1.6656208236627274e-12,3.0770294905622997e-12,7.610550534968638e-12,5.542361695973165e-12,6.110825940287842e-12,1.0766367752260136e-11,3.9671782257514913e-11,2.581946757884072e-12,0.0,1.7016638204102204e-10,0.24533987699224222,0.251549551953511,1.4926107938093764e-12,0.2589626458673083,0.2441649117059363,-1.698676768327225e-05
2023-08-03,1.6635255907753886e-12,3.0800792140990636e-12,7.770891905399596e-12,5.531680614740245e-12,6.1632961904201556e-12,1.0733906152049165e-11,3.9784836494761447e-11,2.598693575134996e-12,0.0,1.688376858952511e-10,0.24825915086875766,0.24976586743483634,1.4821115265138366e-12,0.25639579976506643,0.2455962830324849,-1.71013487921134e-05
2023-08-04,1.684052387462332e-12,3.1377476397163673e-12,7.736593925996211e-12,5.687841766707163e-12,6.10944398256577e-12,1.0921486250420896e-11,3.953782065650251e-11,2.5758488182432974e-12,0.0,1.6931597702201545e-10,0.2515120247026781,0.2535237350394517,1.4630169291266528e-12,0.25272187902406607,0.24225951696737405,-1.715598173978388e-05
2023-08-07,1.6827872382547217e-12,3.132104585813591e-12,7.659968896745837e-12,5.707634472705997e-12,6.2799273678699075e-12,1.085562708427392e-11,3.932505501953457e-11,2.5975703319609434e-12,0.0,1.7116862341508502e-10,0.24873131752643304,0.2615173799177003,1.4728075543178263e-12,0.25003533377737613,0.23973312627093346,-1.715774232503675e-05
2023-08-08,1.6720671083697134e-12,3.170874651741001e-12,7.543959373435122e-12,5.655753815168983e-12,6.2282908504695e-12,1.0838440208006415e-11,3.9128137587880255e-11,2.5393183345510034e-12,0.0,1.706873101615975e-10,0.24589637253298657,0.26422556971978256,1.4947847894138334e-12,0.2493897358823673,0.24050544981362154,-1.712819771686976e-05
2023-08-09,1.669153176764074e-12,3.217637710493525e-12,7.771605467364247e-12,5.736059884902125e-12,6.290898728559029e-12,1.136915930029785e-11,4.085971832551269e-11,2.605383462081227e-12,0.0,1.679761613026602e-10,0.2474586828302096,0.2672115290409041,1.517490367742022e-12,0.2519687060858668,0.23337853303504277,-1.745124103658227e-05
2023-08-10,1.6877911836933884e-12,3.2596749391958802e-12,7.965694208568829e-12,5.727264528474001e-12,6.2717592063093644e-12,1.1062379947985772e-11,4.100973839095407e-11,2.6589423574473806e-12,0.0,1.749077662354405e-10,0.24834723661330912,0.26996497548248527,1.49281587440797e-12,0.25527841356969216,0.22642695257565565,-1.7578497186060836e-05
2023-08-11,1.7137765515466858e-12,3.3125164687678804e-12,8.154060083186882e-12,5.710467790441083e-12,6.339912672845245e-12,1.1241814589875205e-11,4.162398228037202e-11,2.6499427439875193e-12,0.0,1.7743947935338425e-10,0.24998120959301956,0.26981803165021306,1.5266268158133997e-12,0.2574051413609918,0.22281334654222076,-1.7729406157876577e-05
2023-08-14,1.6639688520000276e-12,3.238677986412872e-12,8.273036887945052e-12,5.694860535378831e-12,6.285139447736896e-12,1.109364082216837e-11,4.103495511980583e-11,2.6646151075833192e-12,0.0,1.7710064038933602e-10,0.24590208838746513,0.2756625599012736,1.529983759878491e-12,0.26044012754562346,0.21801275450533805,-1.7530598279855304e-05
2023-08-15,1.6731683976746397e-12,3.2142412602928464e-12,8.246692513386896e-12,5.776495166806333e-12,6.178790515390579e-12,1.1074913257021916e-11,4.110187939217474e-11,2.6729026995489244e-12,0.0,1.8207130708468627e-10,0.2397495140318496,0.28128315615903876,1.55620594179118e-12,0.26836364809535657,0.21062113103848285,-1.7449588294448392e-05
2023-08-16,1.6744309682046112e-12,3.2923582610575458e-12,8.153049532125726e-12,5.7217764616488964e-12,6.198355079944216e-12,1.1204087191329955e-11,4.2371571787430345e-11,2.690511501973028e-12,0.0,1.8465139893309584e-10,0.24382447621859363,0.2860262625568157,1.5658995609893826e-12,0.26124279004773304,0.20892407469378987,-1.760378445575764e-05
2023-08-17,1.6936797921432937e-12,3.2924299092542066e-12,8.10971201553285e-12,5.78466628679282e-12,6.102378628046473e-12,1.1152113775480096e-11,4.237703471592542e-11,2.6691453702828236e-12,0.0,1.838113355593399e-10,0.23791579234500315,0.28644684261276265,1.5270361442192058e-12,0.2616302100039475,0.21402472168599795,-1.7566914230833928e-05
2023-08-18,1.6750536324098034e-12,3.226267625853664e-12,8.031306021992021e-12,5.682019102782102e-12,6.095717345136343e-12,1.1039412913983425e-11,4.299937899385046e-11,2.690964701926797e-12,0.0,1.8434472512169123e-10,0.2344900330575295,0.284302048926597,1.5051753797131723e-12,0.2631603089196766,0.21806502534436628,-1.7416515459529935e-05
2023-08-21,1.6789621077761989e-12,3.2396216414459577e-12,8.06984050052706e-12,5.688854747539494e-12,5.9809558482951444e-12,1.1223374667283783e-11,4.382595455342638e-11,2.668703880916803e-12,0.0,1.8518106579298296e-10,0.23542416935226895,0.2819560588590804,1.4650587963379163e-12,0.263353684088803,0.2192834104196791,-1.732298885391871e-05
2023-08-22,1.6663294532852176e-12,3.2047303988873218e-12,7.931744062434663e-12,5.6720192799558175e-12,5.900912643620659e-12,1.0998691310712745e-11,4.3102001115995024e-11,2.5660225781106546e-12,0.0,1.845330240983386e-10,0.23340434052758968,0.28514538136573747,1.4379612163726124e-12,0.2619926368171314,0.2194747131971875,-1.707217465955043e-05
2023-08-23,1.698070238524831e-12,3.1998295945513895e-12,7.819099162247623e-12,5.7103856392396705e-12,6.017090863822049e-12,1.092169913762767e-11,4.346699516868248e-11,2.6033298594590974e-12,0.0,1.8438147309051647e-10,0.2301334864767078,0.2839835116162997,1.4456434486755633e-12,0.26562031048291357,0.22027970842449274,-1.7017267677472642e-05
2023-08-24,1.675444621946122e-12,3.1864684367080547e-12,7.815043407685439e-12,5.679698564861561e-12,5.8984608025122464e-12,1.0791369255005195e-11,4.3600218714955655e-11,2.5278829533113753e-12,0.0,1.8690007223917903e-10,0.22983705319734565,0.28417490453381905,1.404960761184385e-12,0.26665642680380935,0.21934846285667428,-1.684766112805107e-05
2023-08-25,1.664932094642045e-12,3.2610241851290453e-12,7.897966614325071e-12,5.704275032376589e-12,5.923869864373379e-12,1.0606862722694675e-11,4.4344694426641724e-11,2.5601608627467926e-12,0.0,1.9233890844768038e-10,0.22673454705173174,0.28388594985201354,1.3967042466446484e-12,0.267742362962411,0.2216541328306015,-1.6992972457244958e-05
2023-08-28,1.6918844186343892e-12,3.2889089712863235e-12,7.918082996166325e-12,5.885315251863468e-12,6.171713271581492e-12,1.0756201500028415e-11,4.442947857614172e-11,2.64576871062996e-12,0.0,1.936999539035066e-10,0.22695076202692702,0.28178364804750955,1.407107731389125e-12,0.2668091519770735,0.22447363245112273,-1.7194780527242565e-05
2023-08-29,1.725473594566149e-12,3.3323484623255557e-12,8.041370534893137e-12,5.9852356570156584e-12,6.355237689003454e-12,1.0947613195136169e-11,4.581181187031218e-11,2.720532059465416e-12,0.0,2.0179920588975653e-10,0.22726764869235805,0.28510028428628753,1.4795470559142537e-12,0.27086115327708765,0.21678844162750283,-1.7528171434561804e-05
2023-08-30,1.715452929474068e-12,3.3239885947044134e-12,7.784147657865114e-12,6.0536469700268274e-12,6.276306656580035e-12,1.0952428443663339e-11,4.550184591206671e-11,2.660991158402701e-12,0.0,1.9814668747345075e-10,0.23042644878671742,0.2833707993032641,1.460787725349934e-12,0.2653105584511946,0.22090964956728942,-1.745639234189963e-05
2023-08-31,1.6476587701472112e-12,3.0268516010378474e-12,7.773257488310364e-12,5.558542929944992e-12,6.0224146850520945e-12,1.0613354802013508e-11,3.888270534539722e-11,2.5240804680830274e-12,0.0,1.7171648672606456e-10,0.25000898496522267,0.25000898497093904,1.5245041175533105e-12,0.25000898479259587,0.25000898494511614,-3.59399231633468e-05
2023-09-01,1.670060655475421e-12,3.016487405331646e-12,7.768722267094898e-12,5.496178983707401e-12,5.931833930626969e-12,1.0638293584085152e-11,3.885184811533836e-11,2.4866436857692794e-12,0.0,1.6772128774470072e-10,0.25393201494629336,0.2465383517239928,1.5100649595583078e-12,0.2557096519390098,0.24385577426367144,-3.5793118058842746e-05
2023-09-04,1.6454388256745097e-12,2.9693665115135006e-12,7.842201089879716e-12,5.577747574561344e-12,5.9391861534189245e-12,1.066143674387253e-11,3.824843418182983e-11,2.5354909511743657e-12,0.0,1.6863692189803502e-10,0.25155933715259865,0.24355374418659825,1.5423115277097276e-12,0.25627007986506034,0.24865234080462853,-3.5502254484158586e-05
2023-09-05,1.6391093836527427e-12,2.925570832915582e-12,7.744594255895694e-12,5.549939982208418e-12,5.85785889044144e-12,1.0445933725433935e-11,3.863238644336645e-11,2.500704839537051e-12,0.0,1.6839697649181956e-10,0.24767829363435015,0.24803228516620984,1.503162221431078e-12,0.25597775967799524,0.24834693486501655,-3.527358876789528e-05
2023-09-06,1.6469472068041037e-12,2.90254243588418e-12,7.859259865888816e-12,5.627400308592449e-12,5.841232885962254e-12,1.0598009741180717e-11,3.904013348256362e-11,2.4688282423677e-12,0.0,1.7232292715668176e-10,0.25030852333482156,0.24705011551005954,1.4888780734921817e-12,0.25501204281626977,0.24766477148861646,-3.545339956361284e-05
2023-09-07,1.6208732558789077e-12,2.828917721901046e-12,7.893562942226468e-12,5.645567146444173e-12,5.7061036663088054e-12,1.0534120839357157e-11,3.826657017112415e-11,2.4407246697297645e-12,0.0,1.6986947874788718e-10,0.2564561561996766,0.24335345897647934,1.4566672907878656e-12,0.2495747990853287,0.2506507517321311,-3.5166239878252246e-05
2023-09-08,1.5774826938260033e-12,2.7753301147963787e-12,7.926407927762197e-12,5.5976486850335224e-12,5.6551924757331366e-12,1.0700853407699366e-11,3.7964879983585244e-11,2.389311468352755e-12,0.0,1.6502658579366086e-10,0.25877727121284816,0.24300111704487223,1.4690506768883155e-12,0.2522888658543129,0.2459675062383489,-3.476059146485858e-05
2023-09-11,1.5757871627241953e-12,2.7959290172333682e-12,7.914364474213513e-12,5.653144763179589e-12,5.7790146319826305e-12,1.0763893749090911e-11,3.834957537720806e-11,2.4055126910626805e-12,0.0,1.646522813131793e-10,0.25162285751534635,0.24694791209868902,1.5068532339533664e-12,0.2564490359212991,0.24501522320908917,-3.5028985819931124e-05
2023-09-12,1.5620265199674872e-12,2.815655800230751e-12,7.942849377082728e-12,5.656824876913042e-12,5.919481222810123e-12,1.0656148749396039e-11,3.935380935058374e-11,2.4119157621418474e-12,0.0,1.645667296146275e-10,0.2561184175619573,0.2459979560918152,1.471330149523477e-12,0.25628938779283966,0.24162933080356513,-3.509249253405417e-05
2023-09-13,1.5946967201103193e-12,2.8837318547324838e-12,7.979881074965234e-12,5.702375223284885e-12,6.071305716501333e-12,1.0711006104126652e-11,3.9413829982142105e-11,2.410521135042592e-12,0.0,1.6807675559975022e-10,0.25745638329711756,0.25008095530559993,1.5357251733940076e-12,0.2559135813181768,0.23658473352973783,-3.565369701191945e-05
2023-09-14,1.584034458504937e-12,2.849082407539721e-12,7.832537565925385e-12,5.68267033247273e-12,6.066788450418418e-12,1.029540510862641e-11,3.8645999734081584e-11,2.4629256501881167e-12,0.0,1.680250999162311e-10,0.2595493985096553,0.24749383438402736,1.5406746935444287e-12,0.25651904041520707,0.23647298315849247,-3.52567123674929e-05
2023-09-15,1.5536932322667943e-12,2.8079983040676574e-12,7.65743758639222e-12,5.5921273750342565e-12,5.884702594230609e-12,1.0027776078438924e-11,3.7883024326926804e-11,2.3911972331318512e-12,0.0,1.649311531477e-10,0.2570906424924835,0.24746920288141308,1.5039567228198566e-12,0.2586053233108339,0.23686951110722382,-3.468003218733127e-05
2023-09-18,1.5574180957955304e-12,2.805825459673133e-12,7.666169154007052e-12,5.655410886737457e-12,5.958770967189352e-12,1.0176819957294586e-11,3.782136631578083e-11,2.4048033756460603e-12,0.0,1.629920930136138e-10,0.25523556793602037,0.24703049906002864,1.5246087587622418e-12,0.26239357368603444,0.23537495062313718,-3.459154378379274e-05
2023-09-19,1.5403369420946164e-12,2.822269537553686e-12,7.615886644461716e-12,5.577753047335315e-12,5.8875225535024966e-12,1.0254904609068946e-11,3.8650883835370156e-11,2.4146248590070057e-12,0.0,1.665792591127411e-10,0.24975316060726663,0.2501059029832091,1.5298980141389615e-12,0.26608005978804067,0.23409557629897998,-3.469992036959986e-05
2023-09-20,1.5398845942186902e-12,2.847537064922097e-12,7.810000542824742e-12,5.675515237858082e-12,5.895722766789145e-12,1.0155560074514389e-11,3.806305956598207e-11,2.4785672671091308e-12,0.0,1.6702210408205503e-10,0.25707958022888644,0.24519755968651216,1.5822385923022428e-12,0.2669333172790675,0.23082449550107068,-3.4952938606976965e-05
2023-09-21,1.5386264564796713e-12,2.8310965127560907e-12,7.85956894007597e-12,5.642381488909304e-12,5.7682678771962195e-12,1.0143708785410404e-11,3.742960304809538e-11,2.490022666023569e-12,0.0,1.6605221124037186e-10,0.2583055138677277,0.2447674489542706,1.5921502966405178e-12,0.2707520032545691,0.22621003292051686,-3.499923843190032e-05
2023-09-22,1.56221955503171e-12,2.779405706106729e-12,8.006720139088342e-12,5.71309433461898e-12,5.790943769841897e-12,1.0348696906282917e-11,3.8634984412476386e-11,2.513180642834321e-12,0.0,1.69176184610351e-10,0.25682395446453965,0.24597911216527257,1.6527896546789315e-12,0.27548398891016007,0.2217484947048542,-3.555049100463358e-05
2023-09-25,1.5178828188513783e-12,2.7517469287653755e-12,7.987969645213945e-12,5.542510388678065e-12,5.7556777319964025e-12,1.0404558164521626e-11,3.9166222714268484e-11,2.496177436644992e-12,0.0,1.617201210444657e-10,0.26254874137473355,0.2408409135917573,1.6074165240387633e-12,0.2711223501908612,0.22552312570502472,-3.51311013268685e-05
2023-09-26,1.5414583505460943e-12,2.7409373709305096e-12,8.032359484161894e-12,5.516784259754001e-12,5.65411198474815e-12,1.0547689791341457e-11,3.8641297122374807e-11,2.537674749444348e-12,0.0,1.6245027060104068e-10,0.2689887556729536,0.24868128820602173,1.5946544540240447e-12,0.2658322707644923,0.21653262592928882,-3.49408120135942e-05
2023-09-27,1.5786643809818884e-12,2.7366482537685103e-12,8.154586468110992e-12,5.486041610633956e-12,5.776929276761996e-12,1.0484508623571318e-11,3.813551550923346e-11,2.537943092098415e-12,0.0,1.6446582166403034e-10,0.2696126632639081,0.2521136849396297,1.5916093853035612e-12,0.26346281297461643,0.21484587272166542,-3.503414076796063e-05
2023-09-28,1.6404765049659137e-12,2.7963404714059003e-12,8.135686971399082e-12,5.5598981048466975e-12,5.896943636626323e-12,1.0942943124688888e-11,3.942398542964021e-11,2.5540495383060137e-12,0.0,1.6762795849925723e-10,0.2804850808019494,0.2520918221127356,1.5548625969035176e-12,0.26179635493564185,0.20566245071417552,-3.570881063557793e-05
2023-09-29,1.6476540419522345e-12,3.0268429150497076e-12,7.773235181824533e-12,5.55852697890268e-12,6.022397402862738e-12,1.0613324345457958e-11,3.8882593765854524e-11,2.5240732248693196e-12,0.0,1.7171599396078774e-10,0.25000826752830657,0.2500082675340229,1.524499742768409e-12,0.2500082673556802,0.25000826750820004,-3.3070175498895635e-05
2023-10-02,1.6508671986484455e-12,3.000262211932473e-12,7.799696220217922e-12,5.494915778503509e-12,5.981863597909666e-12,1.0850471262929927e-11,3.859933284310326e-11,2.491028852405018e-12,0.0,1.6862211437177061e-10,0.24678090552345505,0.25201497348689295,1.5470304801990662e-12,0.25515050266953015,0.24608661583318903,-3.29977591047787e-05
2023-10-03,1.6736178179948936e-12,3.0103944152142936e-12,7.811939493236304e-12,5.616381693234533e-12,5.990775268876006e-12,1.0978978000303742e-11,3.900049106727063e-11,2.4736121729475206e-12,0.0,1.7151030005615275e-10,0.2408485911325614,0.2553257044568231,1.5389486901285523e-12,0.2624545652594011,0.24140439750007475,-3.325859846577575e-05
2023-10-04,1.6734998162656517e-12,3.0315073354874792e-12,7.842826866419741e-12,5.684761130187646e-12,5.900420222645592e-12,1.1250160939600132e-11,3.941349776393132e-11,2.5301082494422773e-12,0.0,1.7209059863064774e-10,0.23668816031378678,0.2538148108002014,1.5876264030597998e-12,0.2700667229331363,0.2394636677122132,-3.3362010342813266e-05
2023-10-05,1.6057817107509307e-12,2.9820554304702642e-12,7.70773745030931e-12,5.588352740737853e-12,5.854526758247612e-12,1.1216362678887548e-11,3.93789866923632e-11,2.510382237513024e-12,0.0,1.6878866263125977e-10,0.24209549156143492,0.25186354840588643,1.5756850488777527e-12,0.26806861310094365,0.23800522781850253,-3.288113397606068e-05
2023-10-06,1.5494403060883933e-12,2.9366457043563527e-12,7.605916266976874e-12,5.598039326809149e-12,5.783225426858805e-12,1.0839927208272349e-11,3.910472582058865e-11,2.4503567580798843e-12,0.0,1.6450301993855197e-10,0.24114899306985885,0.2539811226771641,1.569125962372277e-12,0.26776528475893546,0.23713705101877142,-3.245176667006829e-05
2023-10-09,1.5472037647607943e-12,2.9503518946688e-12,7.389951003864516e-12,5.592204523232531e-12,5.696783444183746e-12,1.0976695043354457e-11,3.894009323665563e-11,2.4460367534388157e-12,0.0,1.66740237342426e-10,0.24308292864858597,0.2558315727047947,1.543565948671701e-12,0.26345625838321796,0.2376616075312514,-3.236751167303407e-05
2023-10-10,1.53277656808681e-12,2.9551791632383967e-12,7.197875380464678e-12,5.5459321047481706e-12,5.8055615327774104e-12,1.1009389487118086e-11,3.8925782906502125e-11,2.508337479579259e-12,0.0,1.6421473758054648e-10,0.2409004618675967,0.2588936645642189,1.563443696641002e-12,0.25867480817673577,0.24156333621726486,-3.227106707521599e-05
2023-10-11,1.522078397381554e-12,2.98198849148505e-12,7.095386088842986e-12,5.520937399347233e-12,5.7532919240814805e-12,1.112450679005548e-11,3.853477120384014e-11,2.4993491279002913e-12,0.0,1.6511930872283313e-10,0.2436514742768123,0.25906960382571015,1.5475633241895201e-12,0.25630394896782926,0.24100713470281748,-3.2162014868335446e-05
2023-10-12,1.5175798603829837e-12,2.9618464291506525e-12,7.059636926016653e-12,5.396553172657646e-12,5.769831484519812e-12,1.1092799036047942e-11,3.8855294605443146e-11,2.48659895284913e-12,0.0,1.633721742931111e-10,0.24164382318394928,0.26100627520370034,1.4839695372457972e-12,0.2552304896937865,0.24215139685689574,-3.1985178328069176e-05
2023-10-13,1.5103435727762243e-12,2.9685850236836846e-12,7.022693121405104e-12,5.359821575415508e-12,5.750419002353895e-12,1.1009676316656674e-11,3.9278833806107344e-11,2.4648623215648435e-12,0.0,1.681468288815534e-10,0.24583795686775117,0.25326790335141663,1.4667451892437584e-12,0.2568341983300455,0.24409196769521174,-3.202648940372493e-05
2023-10-16,1.4952477585355732e-12,3.015929647637078e-12,7.115028204639336e-12,5.412245613156481e-12,5.870062222389063e-12,1.1120980658353578e-11,3.968711157276764e-11,2.530202793438652e-12,0.0,1.666815704727385e-10,0.24945823363181638,0.2515468919249171,1.4863525023451562e-12,0.26023317029742227,0.23879385674329887,-3.215284186935653e-05
2023-10-17,1.4851875315138537e-12,3.0072277110919364e-12,7.042374159260486e-12,5.401914551685801e-12,5.89508868610648e-12,1.1056116384909922e-11,3.95918589441195e-11,2.5659005463827603e-12,0.0,1.663098128076027e-10,0.24428662467086748,0.2530520428515572,1.4871176902742175e-12,0.2649281962887219,0.2377651029202307,-3.1966975219876945e-05
2023-10-18,1.460452778392846e-12,2.9570793049128213e-12,7.102354226672949e-12,5.369793987894746e-12,5.930073233683566e-12,1.1079559061357409e-11,3.952971949985623e-11,2.564221069497384e-12,0.0,1.6639685773250126e-10,0.2421676490004201,0.2516708556412866,1.4799381228535315e-12,0.26406702347692035,0.2421264486738616,-3.197703635863763e-05
2023-10-19,1.4585985665677316e-12,2.9876742532515104e-12,7.220369987152909e-12,5.422679508611458e-12,5.9689831732422195e-12,1.112707265962519e-11,3.9996365594519864e-11,2.5678651477830207e-12,0.0,1.6801795053485364e-10,0.24081451727307757,0.2555417093639801,1.4827522041630348e-12,0.2636422142124967,0.24003352820634366,-3.196930214825566e-05
2023-10-20,1.492660167291001e-12,3.083531719571177e-12,7.44863585873328e-12,5.5635541882853135e-12,6.143919290811446e-12,1.155606461016875e-11,4.079051366339239e-11,2.582764394428222e-12,0.0,1.7030452488379626e-10,0.2433709863910235,0.25326923318689215,1.5307018867807758e-12,0.26151759907306055,0.24187483924511266,-3.265814658571092e-05
2023-10-23,1.4870330749613922e-12,3.077340310818333e-12,7.32803918671244e-12,5.503935339604309e-12,6.02310638537964e-12,1.13699999210044e-11,4.056422742103825e-11,2.5411255824323854e-12,0.0,1.6493228795784462e-10,0.2456060047883653,0.2531573826320483,1.5381162879608987e-12,0.26527888401094685,0.23599007713153902,-3.234880726461387e-05
2023-10-24,1.4908144168273464e-12,3.036361456510367e-12,7.621997833689575e-12,5.527647291578583e-12,6.136068524475744e-12,1.1257689146335645e-11,4.136120130364455e-11,2.6240391009746026e-12,0.0,1.633526892412065e-10,0.24658172775565856,0.24517617903428396,1.5467640029593877e-12,0.2709468828389927,0.23732774491746741,-3.253479035784986e-05
2023-10-25,1.4941085963818393e-12,3.067641765332551e-12,7.709785543433762e-12,5.44947144680127e-12,6.173530741239339e-12,1.1667865144695553e-11,4.0822354229886885e-11,2.6342468916331907e-12,0.0,1.6700931691393324e-10,0.2458016769505039,0.24731288914899327,1.5548252166965944e-12,0.2686657450113245,0.2382523765995799,-3.268795798461236e-05
2023-10-26,1.4807817055649093e-12,3.051907431439054e-12,7.59981024156512e-12,5.336342311788235e-12,6.132310216427029e-12,1.1851062966739565e-11,4.061742763327036e-11,2.6058928072524097e-12,0.0,1.6559313674329627e-10,0.2517139937451622,0.2458173433748117,1.5645574535511967e-12,0.2634032770169928,0.23909786147984438,-3.2475862644124166e-05
2023-10-27,1.4787033458571986e-12,3.03807160190191e-12,7.52889355815086e-12,5.276589080409229e-12,6.129469363952452e-12,1.1900608352823513e-11,4.039273025511291e-11,2.60657062240313e-12,0.0,1.6522635519706097e-10,0.24996631949531364,0.2449865837554958,1.6326070245404349e-12,0.2639380096311914,0.2411414266733984,-3.2339800609793417e-05
2023-10-30,1.4844770952691312e-12,3.0293710537904762e-12,7.632731051195893e-12,5.258190135887794e-12,6.207270517702449e-12,1.1848545086959979e-11,3.9867003500987226e-11,2.6199750484473447e-12,0.0,1.6660333422017369e-10,0.24514585887361803,0.24368783001819005,1.59178168217997e-12,0.2775517223857494,0.23364691434249976,-3.2325866199935055e-05
2023-10-31,1.6476281465342345e-12,3.0267953435568395e-12,7.7731130134754e-12,5.5584396181000354e-12,6.0223027516227695e-12,1.0613157540738459e-11,3.8881982666076984e-11,2.524033555175587e-12,0.0,1.7171329517977687e-10,0.25000433826377266,0.2500043382694889,1.5244757829096793e-12,0.2500043380911491,0.2500043382436665,-1.735311736246105e-05
2023-11-01,1.6216191986755466e-12,2.982155696336758e-12,7.666541246691418e-12,5.5380877837773005e-12,5.882082566560933e-12,1.034777455614403e-11,3.896618463958721e-11,2.4717453108104723e-12,0.0,1.680009243747041e-10,0.24514448607963488,0.2529319310139331,1.5273361913559804e-12,0.25163389070108194,0.2503067909270133,-1.70989666677186e-05
2023-11-02,1.6403652169586272e-12,2.9691623865372506e-12,7.670408503687638e-12,5.489891121783024e-12,5.882951829509294e-12,1.046711938290195e-11,3.914500009715086e-11,2.524713382524086e-12,0.0,1.6978799456530788e-10,0.24088203021226817,0.2540708538931986,1.5517143055389944e-12,0.25139446117894737,0.25366979444810805,-1.7139979651556545e-05
2023-11-03,1.641602796997934e-12,2.9481790667408463e-12,7.793458300282077e-12,5.655696545090664e-12,5.870052270535759e-12,1.0738004259350228e-11,3.956286154891065e-11,2.5019808275324174e-12,0.0,1.715565283839454e-10,0.24174487918963608,0.25098579960723566,1.5210497943846864e-12,0.2500629120806306,0.2572237152952085,-1.730642250041882e-05
2023-11-06,1.644996892181788e-12,2.939547385473126e-12,7.827510487694331e-12,5.735835242908458e-12,5.911372567951053e-12,1.0745644409874076e-11,4.0150390176936166e-11,2.4736986761595387e-12,0.0,1.714289113394859e-10,0.23747487264232833,0.2498167482073336,1.4693136712057793e-12,0.2594179505242214,0.2533077681884741,-1.7339812684692736e-05
2023-11-07,1.6604907159675124e-12,2.924638260453973e-12,7.832506002314782e-12,5.672881504132355e-12,5.894472061490875e-12,1.0777363423080226e-11,4.029514365248633e-11,2.4876325485548672e-12,0.0,1.6926130523752433e-10,0.2301420827747675,0.25071730863612596,1.489503202155113e-12,0.2656865573287914,0.25347129232138876,-1.7241309369532464e-05
2023-11-08,1.6856377574590529e-12,2.939297415285465e-12,8.099649322633244e-12,5.6817583112929755e-12,6.003132133818293e-12,1.0990247455725485e-11,4.1172131160243555e-11,2.5455206977751845e-12,0.0,1.6663380969139219e-10,0.23545404436354284,0.2468076931134749,1.5431742045463316e-12,0.2690297422293746,0.24872614662810816,-1.762658179472225e-05
2023-11-09,1.680344225644832e-12,2.9358248400446793e-12,8.24186779775129e-12,5.7211806592282745e-12,6.0565824807817375e-12,1.1209430852420308e-11,4.1314347435020164e-11,2.5850340227484235e-12,0.0,1.6409846468074746e-10,0.24224368294893092,0.2420762817301216,1.5757312093504501e-12,0.26289307526933914,0.25280466372656163,-1.7703920372121746e-05
2023-11-10,1.7042447269064297e-12,2.9198874566436814e-12,8.192331114977279e-12,5.742670181523613e-12,6.01307825354157e-12,1.1434387592182396e-11,4.1291481648208115e-11,2.565303657684627e-12,0.0,1.6122906063998793e-10,0.23905605692420973,0.23992330347105914,1.5576158101700432e-12,0.2589777917732154,0.2620604894410001,-1.764185213439907e-05
2023-11-13,1.6947392538720362e-12,2.9365709688597406e-12,8.279792071670486e-12,5.808934382176795e-12,6.034688202088388e-12,1.1448544309992519e-11,4.172443387192922e-11,2.5863051203622452e-12,0.0,1.5802192514102037e-10,0.238307689240708,0.23634469576070868,1.54637295977003e-12,0.26031739470736054,0.26504793239378943,-1.771234264894248e-05
2023-11-14,1.7291086679551282e-12,2.9306177994953385e-12,8.377918440484633e-12,5.8496525909226194e-12,6.1512273295943254e-12,1.1573994679445598e-11,4.13036952754225e-11,2.5322549705389526e-12,0.0,1.5729955622722216e-10,0.23538993694213428,0.2321515581089327,1.5565443809559113e-12,0.26847457987584245,0.2640016939165317,-1.7769082745713844e-05
2023-11-15,1.724747058225929e-12,2.9040878867092388e-12,8.195222134141186e-12,5.851945443884622e-12,6.021245382579534e-12,1.148558820926788e-11,4.0789160132755575e-11,2.5441478232249873e-12,0.0,1.5701903552926046e-10,0.23038458992538938,0.2283680243388452,1.4460576215565237e-12,0.2765615232803615,0.26470348469193844,-1.762247451571813e-05
2023-11-16,1.69921546205441e-12,2.8492644881564313e-12,8.08980356886169e-12,5.855671038375431e-12,5.838779430675957e-12,1.1379119086308263e-11,4.1452989341236155e-11,2.48471958288447e-12,0.0,1.6119265734621613e-10,0.23103709800725034,0.2271824734708589,1.4482986853093622e-12,0.27255375982141783,0.2692441533750874,-1.7484916905030313e-05
2023-11-17,1.7074601929652263e-12,2.8170201998254392e-12,8.125827963116357e-12,5.841365717797757e-12,5.869880078605616e-12,1.144113174944391e-11,4.2494670080686184e-11,2.5314213536054207e-12,0.0,1.6262218737992393e-10,0.22910706164013303,0.22078878713808536,1.4642341491750187e-12,0.2789948449183277,0.27112693884916206,-1.763279062349707e-05
2023-11-20,1.6691750128354616e-12,2.7809337770301416e-12,7.977239543718541e-12,5.850867164032441e-12,5.8544166859548736e-12,1.138128246480159e-11,4.218689580304393e-11,2.4422487305111778e-12,0.0,1.607571991652213e-10,0.22738201922617404,0.21880476813525268,1.4505896859450263e-12,0.2877146040564086,0.2661159298671901,-1.7321527376218964e-05
2023-11-21,1.6817180556172021e-12,2.7641024612689752e-12,8.035171526778127e-12,5.906606139827583e-12,5.873234160338666e-12,1.1611133012500459e-11,4.163558520057253e-11,2.4226698881247865e-12,0.0,1.6278074514036168e-10,0.22780619540759434,0.22332394501659755,1.4323500654718934e-12,0.2814696912578875,0.2674174633118596,-1.7295238082401727e-05
2023-11-22,1.647167538010742e-12,2.7242540782863794e-12,7.873949588004787e-12,5.7673874396847e-12,5.752179992491055e-12,1.138670533461293e-11,4.0648911241913114e-11,2.3682636850331365e-12,0.0,1.6171487005591132e-10,0.22405367813325253,0.2272973374653191,1.4083823526482909e-12,0.27322082522980046,0.2754451078393657,-1.6948909029796502e-05
2023-11-23,1.6516309659343996e-12,2.748350718914577e-12,7.915276963796322e-12,5.802165622564677e-12,5.7833484515870776e-12,1.1214026851158792e-11,4.080869805026393e-11,2.32149738090731e-12,0.0,1.5974406107395697e-10,0.22514532682511618,0.22837658146389458,1.4190551129475698e-12,0.2744238075525179,0.27207120924637934,-1.692532731620803e-05
2023-11-24,1.6329475928295397e-12,2.749432404564908e-12,7.935977239873106e-12,5.675546468744246e-12,5.626120865711398e-12,1.1012569954418343e-11,4.1024226245236266e-11,2.3409787067121426e-12,0.0,1.5912295943766072e-10,0.22984148275468388,0.2280077496845544,1.4420264781916278e-12,0.2770396322473074,0.26512790697760436,-1.6771902712818466e-05
2023-11-27,1.6381469340040507e-12,2.7641962928795487e-12,7.984979154649837e-12,5.764297521366499e-12,5.682891368836069e-12,1.0652421900046859e-11,4.050535673438429e-11,2.280196295067261e-12,0.0,1.6055430122348492e-10,0.23211285883015353,0.2255095112014063,1.4668528404637415e-12,0.28215743454377074,0.2602370473988512,-1.6852213475396415e-05
2023-11-28,1.6361619648184993e-12,2.799697268842233e-12,8.244225225279166e-12,5.952505521329119e-12,5.7957630671567806e-12,1.0689491106962728e-11,4.152245732027212e-11,2.2950707108725155e-12,0.0,1.572424367349117e-10,0.2355439911750203,0.22604384122763022,1.4886704594991055e-12,0.27390672239497216,0.2645225097668018,-1.706480209094996e-05
2023-11-29,1.613435652494489e-12,2.8569058279897957e-12,8.368177832426634e-12,5.9891140998068316e-12,5.890255499639034e-12,1.065504013997575e-11,4.195629317029974e-11,2.3429418286022164e-12,0.0,1.5764223402697048e-10,0.23771255933830823,0.2274595814165793,1.5414232139924327e-12,0.2708924396722658,0.2639526392642225,-1.7219930231743708e-05
2023-11-30,1.6476442634132293e-12,3.026824951265592e-12,7.773189049031189e-12,5.558493990015759e-12,6.022361660985857e-12,1.0613261357231399e-11,3.8882363004450684e-11,2.5240582449355147e-12,0.0,1.7171497485635078e-10,0.25000678377289837,0.2500067837786146,1.5244906951286628e-12,0.250006783600273,0.25000678375279195,-2.7135153865638208e-05
2023-12-01,1.6269940083347347e-12,2.981826117234271e-12,7.847305592263932e-12,5.430945243292535e-12,5.831984532166743e-12,1.0387001427476614e-11,3.7822513256810016e-11,2.521168710162462e-12,0.0,1.7001309143848772e-10,0.2530191411297136,0.24549364067446638,1.5352635867405825e-12,0.2552412252277206,0.24627293861064806,-2.6945888546629436e-05
2023-12-04,1.6593387960844848e-12,3.0127701811111163e-12,8.027720465922897e-12,5.401918068966899e-12,5.789406549896267e-12,1.046896069743785e-11,3.785463530861793e-11,2.5353193251730138e-12,0.0,1.741621858879623e-10,0.254645574595601,0.24526454216555504,1.5458968270900327e-12,0.2549879583110826,0.24512921081221947,-2.728613491630835e-05
2023-12-05,1.64400661053318e-12,3.0333398590226514e-12,8.027486338734834e-12,5.495529555857142e-12,5.722930696716964e-12,1.0461019710515022e-11,3.9023535086842245e-11,2.5173054839055235e-12,0.0,1.7196123527654438e-10,0.25067447669577825,0.2532766762221409,1.560509766132132e-12,0.257260541874663,0.2388157518589462,-2.7446900975345147e-05
2023-12-06,1.6475187480003855e-12,3.0651310566378325e-12,8.11742051106569e-12,5.531215682658206e-12,5.638017001605656e-12,1.049138370094456e-11,3.9332592883630524e-11,2.4507290916609142e-12,0.0,1.7415779554269314e-10,0.25398452276747635,0.24643078593208873,1.58083106862894e-12,0.2574801448402011,0.24213195340228247,-2.7407194061332244e-05
2023-12-07,1.6149161415503871e-12,3.04241923484625e-12,8.078152603514588e-12,5.432935662240035e-12,5.561603782906867e-12,1.0261230352329762e-11,3.965792502980645e-11,2.4130792444122254e-12,0.0,1.6987666845093777e-10,0.25104501253119355,0.24617502873390293,1.5228873832319012e-12,0.26254793390944214,0.24025904606377582,-2.7021485776146485e-05
2023-12-08,1.6241276379948744e-12,3.0434382801454136e-12,8.09072667660894e-12,5.431161675340264e-12,5.638263111445585e-12,1.027489512700271e-11,4.012697408393085e-11,2.401820528911848e-12,0.0,1.680171386063664e-10,0.25639297338678546,0.2431028113734096,1.5166785998702897e-12,0.2614753188401117,0.23905594717291193,-2.7051019384134325e-05
2023-12-11,1.643158644925331e-12,3.048510491271668e-12,8.252856663234244e-12,5.406772923899687e-12,5.677957404890316e-12,1.0223586748138056e-11,4.055789215248742e-11,2.413424067417672e-12,0.0,1.7199083164751154e-10,0.2549815203726443,0.24677726083475604,1.5040049177031586e-12,0.2633820455524167,0.234886350055456,-2.7177065992021954e-05
2023-12-12,1.6160424825725195e-12,3.014663306456532e-12,8.32827616542322e-12,5.357682587195086e-12,5.733007098510101e-12,1.0148217589758734e-11,3.993695082015844e-11,2.4411240136294233e-12,0.0,1.6856337950195266e-10,0.2543478704707812,0.243104050984327,1.4370630399007935e-12,0.2652083176560182,0.23736665223085524,-2.689158855797437e-05
2023-12-13,1.6431299148832788e-12,3.0258390609410834e-12,8.301469008762745e-12,5.406257398813264e-12,5.789407639236843e-12,1.0356686137901668e-11,3.989607037683406e-11,2.434439314253075e-12,0.0,1.6991188775963948e-10,0.24789555664973995,0.24621695636068822,1.4515136261890097e-12,0.2679744543571067,0.23793990273184593,-2.6870347597577026e-05
2023-12-14,1.667019476087839e-12,3.052802392154783e-12,8.247987942446302e-12,5.370476794098955e-12,5.728524454365529e-12,1.0431938643977872e-11,3.936653788317587e-11,2.4724352537771413e-12,0.0,1.676465215017813e-10,0.24723468468308968,0.246376504853495,1.4746016380515965e-12,0.2759460549979142,0.23046962173742072,-2.6866517378320036e-05
2023-12-15,1.690971373171043e-12,3.0977264747721093e-12,8.265289956415838e-12,5.434121876764381e-12,5.859296117379185e-12,1.0577310793370256e-11,3.9224418371094955e-11,2.6184726014812346e-12,0.0,1.7090718900829753e-10,0.24714164212394668,0.251850582757616,1.4964863277891017e-12,0.27119794662911273,0.2298371575219494,-2.7329281796149033e-05
2023-12-18,1.6922800716182837e-12,3.1376509132929623e-12,8.243042353940298e-12,5.466554420340028e-12,5.809771354312416e-12,1.0496424230235144e-11,3.9542475676276206e-11,2.6627687166752863e-12,0.0,1.6699817204608872e-10,0.24529268057164808,0.251416012226286,1.4802143228059318e-12,0.27138768300367183,0.23193076513376848,-2.714118090366808e-05
2023-12-19,1.7268889956835675e-12,3.225984933144738e-12,8.303512910737848e-12,5.439999753229101e-12,5.89916888095048e-12,1.086834353763395e-11,3.972195305589904e-11,2.718457438536753e-12,0.0,1.6935880204505546e-10,0.24805813450469077,0.2502699735508883,1.436919904841262e-12,0.26888245774075703,0.2328168648334776,-2.7430878513770912e-05
2023-12-20,1.7203217287334998e-12,3.177509875496723e-12,8.1416399683264e-12,5.309336158260215e-12,5.863494137899888e-12,1.0904058369819581e-11,3.973360712602982e-11,2.7038854951629724e-12,0.0,1.6611468796674225e-10,0.25236170929932517,0.2515073397614197,1.379030980494023e-12,0.2649404937608814,0.23121749772436115,-2.7040791034995795e-05
2023-12-21,1.7129116762431866e-12,3.1123720838935386e-12,8.174539102644943e-12,5.277140117633591e-12,5.825258052707912e-12,1.0887651251516702e-11,3.9784270814895985e-11,2.7119532781753915e-12,0.0,1.6607182882602514e-10,0.24596516109592056,0.25364240725760484,1.3142109590645455e-12,0.26440891879530437,0.23601062681192275,-2.7114205624633848e-05
2023-12-22,1.7238423908158403e-12,3.186930456304161e-12,8.414031383239105e-12,5.1613915732317805e-12,5.91147863640938e-12,1.0661378857603164e-11,4.038525111504115e-11,2.757116085505194e-12,0.0,1.7390761367132922e-10,0.2512661417500419,0.25422872142292813,1.3707694733205753e-12,0.2600917314068282,0.23444096277716645,-2.7557610444417705e-05
2023-12-25,1.7062513013047876e-12,3.2833296503979297e-12,8.544134159758365e-12,5.262112101520134e-12,6.003629988361608e-12,1.086779501468216e-11,4.091078010062262e-11,2.8008434248406724e-12,0.0,1.7433819473756978e-10,0.2541048071195129,0.25848959850236064,1.390071538014595e-12,0.2561658815446078,0.2312675891406347,-2.787656222308808e-05
2023-12-26,1.709951624563116e-12,3.247101253477719e-12,8.529946561771178e-12,5.1551667925928245e-12,5.849830191406107e-12,1.0665994872914314e-11,4.0469326252807045e-11,2.7528561558621473e-12,0.0,1.7347304544922007e-10,0.2596968138507702,0.25825635055937424,1.321079060880181e-12,0.2591049041935025,0.22296957977729379,-2.7648634115037023e-05
2023-12-27,1.7204509180107628e-12,3.234468928651045e-12,8.762272240104406e-12,5.261460128141265e-12,5.820705578757574e-12,1.0692195992195482e-11,4.0770355755600496e-11,2.798103316928632e-12,0.0,1.7143298915263295e-10,0.25776755449578603,0.259338612382942,1.3554786683898463e-12,0.26225285848760843,0.22066872682098304,-2.7752439168003173e-05
2023-12-28,1.7277794853905312e-12,3.215916593128284e-12,8.830600847679679e-12,5.4043917843198205e-12,5.78524855808394e-12,1.0783567868720926e-11,4.029229111165945e-11,2.789025672816668e-12,0.0,1.7064436272954398e-10,0.2676255551709873,0.2575995399389696,1.3673557577716166e-12,0.25265783593299257,0.2221447641890305,-2.7695482820528145e-05
2023-12-29,1.6476344922488864e-12,3.0268070010291884e-12,7.773142951029723e-12,5.558461026008004e-12,6.022325946064361e-12,1.0613198416508548e-11,3.888213241707973e-11,2.524043276299098e-12,0.0,1.7171395652048983e-10,0.25000530113649105,0.25000530114220737,1.5244816543123576e-12,0.2500053009638668,0.2500053011163848,-2.120460823620339e-05
