,ASSET_1,ASSET_2,ASSET_3,ASSET_4,ASSET_5,ASSET_6,ASSET_7,ASSET_8,ASSET_9,ASSET_10,ASSET_11,ASSET_12,ASSET_13,ASSET_14,ASSET_15,CASH
2020-12-18,0.0,0.0,0.0,0.0,0.0,0.0,0.0,0.0,0.0,0.0,0.0,0.0,0.0,0.0,0.0,1.0
2020-12-21,0.0,0.0,0.0,0.0,0.0,0.0,0.0,0.0,0.0,0.0,0.0,0.0,0.0,0.0,0.0,1.0
2020-12-22,0.0,0.0,0.0,0.0,0.0,0.0,0.0,0.0,0.0,0.0,0.0,0.0,0.0,0.0,0.0,1.0
2020-12-23,0.0,0.0,0.0,0.0,0.0,0.0,0.0,0.0,0.0,0.0,0.0,0.0,0.0,0.0,0.0,1.0
2020-12-24,0.0,0.0,0.0,0.0,0.0,0.0,0.0,0.0,0.0,0.0,0.0,0.0,0.0,0.0,0.0,1.0
2020-12-25,0.0,0.0,0.0,0.0,0.0,0.0,0.0,0.0,0.0,0.0,0.0,0.0,0.0,0.0,0.0,1.0
2020-12-28,0.0,0.0,0.0,0.0,0.0,0.0,0.0,0.0,0.0,0.0,0.0,0.0,0.0,0.0,0.0,1.0
2020-12-29,0.0,0.0,0.0,0.0,0.0,0.0,0.0,0.0,0.0,0.0,0.0,0.0,0.0,0.0,0.0,1.0
2020-12-30,0.0,0.0,0.0,0.0,0.0,0.0,0.0,0.0,0.0,0.0,0.0,0.0,0.0,0.0,0.0,1.0
2020-12-31,0.06669000816952601,0.06669000816952601,0.06669000816952601,0.06669000816952601,0.06669000816952601,0.06669000816952601,0.06669000816952601,0.06669000816952601,0.06669000816952601,0.06669000816952601,0.06669000816952601,0.06669000816952601,0.06669000816952601,0.06669000816952601,0.06669000816952601,-0.0003501225428899004
2021-01-01,0.0671368887256569,0.06774738661977392,0.06735669715600988,0.06730160911455797,0.0667699018236097,0.06705524632495763,0.06785001125889427,0.0654668901168672,0.06638268698004796,0.06593072686107627,0.06714220987180457,0.06811901674554022,0.06603758909792665,0.06383281059834141,0.06622050588626642,-0.00035017718133093027
2021-01-04,0.06755684346472854,0.06795761264394402,0.06751258986340603,0.0669332075072249,0.06558538368533219,0.06734883029775156,0.0669396232262608,0.06734718269173232,0.06680232574192835,0.06519951903449164,0.06633987414424998,0.06787327242285586,0.06562768359365512,0.06500182519461219,0.06632350994996951,-0.00034928346214307086
2021-01-05,0.06692070463993154,0.06908525002672973,0.06738199927890691,0.06735893850340857,0.0649440916636811,0.06750126172192476,0.06706251716823261,0.06539179592188779,0.06864252245462844,0.06635442468602107,0.06576565833909684,0.06646426354875232,0.06588362331903198,0.06496420325673817,0.06662707896790822,-0.00034833349688029373
2021-01-06,0.06670183242951117,0.0690890553517474,0.06809167711747686,0.06745979473344822,0.06379825276789258,0.06834170798326598,0.06821112282558785,0.0679791445030473,0.0671708143711629,0.0662836220560034,0.06324430175712716,0.06676489265144211,0.0649413359011631,0.06692365680070349,0.06534528698740305,-0.0003464982369826943
2021-01-07,0.0660246446662437,0.06916712698699509,0.06703638865271676,0.06844824949179928,0.06257220445237151,0.06877973372322618,0.06670114248316436,0.06808340226171362,0.06923086402138198,0.06706489406518783,0.06274580076787874,0.06714437493513926,0.06536734101172603,0.06792298473152725,0.06405932111524593,-0.0003484733663174944
2021-01-08,0.06671716887436292,0.06760290595763668,0.06690812375861976,0.06840173263078299,0.06336734177465586,0.06914409267991807,0.06576549704229981,0.06747315577901615,0.06978853385512122,0.0673255542544203,0.06247747523358953,0.06694466206373742,0.0665098854691107,0.067634696553948,0.06428927278369685,-0.00035009871091630463
2021-01-11,0.06849139644790637,0.06702847384959555,0.06596569181420783,0.06943454537608833,0.06322746909795028,0.06928299857444775,0.06547195475761779,0.06763960820853904,0.07188721984230172,0.06858799398042585,0.0637459776771983,0.06575639745232463,0.0655784558155961,0.06454417124209648,0.06370976513445671,-0.0003521192707527761
2021-01-12,0.06876508729662077,0.06704439675988713,0.0654828000701631,0.06907577712808256,0.06239223683221359,0.06912753338365822,0.06582922333679937,0.06577385476647658,0.07186240211494481,0.06925029548993217,0.06301900962369338,0.06622161866592689,0.0684952082637398,0.06412320938296064,0.0638876370963701,-0.0003502902114688846
2021-01-13,0.06819496728310634,0.06708013186540078,0.06572456226370767,0.0691441351012859,0.061544730663636735,0.069228205189697,0.06705035513902585,0.06611717668360832,0.07280820443852616,0.0689216038128754,0.06371752704944315,0.06646589947034708,0.06728631366123569,0.06443331384245325,0.06263262934405618,-0.00034975580840555966
2021-01-14,0.06817642064090204,0.0675964627707278,0.0663177961915907,0.0685983153612573,0.06269752652086345,0.07014615617709673,0.06680539902240067,0.0650610774089342,0.07308529730476057,0.06885522257909574,0.06421893362779944,0.06645884605404177,0.06531217170903791,0.06436860206562293,0.06265346665808035,-0.0003516940922117189
2021-01-15,0.06828857926396666,0.06683100854484193,0.0672321340260642,0.06681024768878747,0.06342825230978741,0.06965247145464697,0.06730008309375318,0.06486642138059881,0.07401748506306728,0.06816339761776602,0.06282224321087805,0.06777842519449497,0.06492296345229222,0.06437315493301027,0.06386323969566335,-0.0003501069296186767
2021-01-18,0.06755098343254631,0.06716430128921462,0.06673676717001785,0.06664375300852597,0.0634236756494732,0.06825000976157357,0.0665333604154749,0.06605096597872064,0.07492835873443938,0.06804215044105327,0.06302038231958931,0.06739143685846538,0.06641963960035853,0.06409372042744307,0.06410016051429053,-0.00034966560118655137
2021-01-19,0.06837486941058836,0.06672801184812319,0.06795568607258258,0.0655680860871829,0.0647739474186363,0.06802562163590195,0.06641661884070968,0.0643821424358537,0.07454031678578116,0.06705215545488025,0.06250263606641082,0.06734746965206995,0.0676499070084211,0.06444697385431093,0.06458562737414701,-0.00035006994559989325
2021-01-20,0.06739629083125741,0.06587023143896602,0.06900189636893095,0.06476033384284773,0.0658197640827112,0.06755172032624937,0.06616399257074201,0.06510972966915458,0.07566054724422266,0.06668586868218644,0.06187860743986115,0.06703545612062639,0.06780148468880916,0.06525497178047783,0.06435770409303317,-0.00034859918007597816
2021-01-21,0.06777180905499285,0.06694615361404398,0.06927094188816578,0.064979600275312,0.0645952284146902,0.06526497656348675,0.06650385852097516,0.0650173762142711,0.0750789505125854,0.0669366259396135,0.06181870599693972,0.06831307130329316,0.06790840713884469,0.06437337424514303,0.06556935506596256,-0.0003484347483200075
2021-01-22,0.06778387502723064,0.06745520166034256,0.06907176514539767,0.06464481757912312,0.06481305306575286,0.06543079971979812,0.06709538115562576,0.06492747546877548,0.07321235692774362,0.06665265904652115,0.06277088419634576,0.06814354381276506,0.06778904564506404,0.0657004148193404,0.06485787057558744,-0.0003491438454138066
2021-01-25,0.06695718817309966,0.06751004713355711,0.06888051517385095,0.06408813015486015,0.06483850899025781,0.06601139783026341,0.06726038757169588,0.06538028218105967,0.07538149197532217,0.06647507490722433,0.06322392594864308,0.06774257188205572,0.06696678238006055,0.06518146292438431,0.06445215019815677,-0.0003499174244915658
2021-01-26,0.06760655107493407,0.06955128732958166,0.06878120781325556,0.06418791233054687,0.06520311729779708,0.06677250209843709,0.06793508564519149,0.06700115374803457,0.07313974455951831,0.06443153258206792,0.06312811954767059,0.06945119396123904,0.06555923328992203,0.06202076610170021,0.06558263795480303,-0.00035204533469958293
2021-01-27,0.0683529440706529,0.06938544478308294,0.06864653267935207,0.06403273841332398,0.06586733830311754,0.06682332042651944,0.06899594995453845,0.06486470223244666,0.07285563671256647,0.06387396271527926,0.0634321731436075,0.06944263070322282,0.06707898993387337,0.06046516487319286,0.06623751517813894,-0.00035504412291521777
2021-01-28,0.0685436780774469,0.07051667822800323,0.0681245834505413,0.06411767207636732,0.06427238865935797,0.06462336244880876,0.06962183195156467,0.06471214115637705,0.07396358440545452,0.06237420073097152,0.06382612257059773,0.07147652591245998,0.06742870207195172,0.06064190427024568,0.06611072044462939,-0.0003540964547778071
2021-01-29,0.06666787459252088,0.06666787459252088,0.06666787459252088,0.06666787459252088,0.06666787459252088,0.06666787459252088,0.06666787459252088,0.06666787459252088,0.06666787459252088,0.06666787459252088,0.06666787459252088,0.06666787459252088,0.06666787459252088,0.06666787459252088,0.06666787459252088,-1.8118887813257446e-05
2021-02-01,0.06554319116836026,0.06662532439207808,0.06809376913002439,0.06689463787759044,0.06647390012560876,0.06743928214239628,0.06671324702878197,0.06672351831300384,0.06545000814623766,0.0667711965668711,0.06764705009014535,0.0655954376221406,0.06819777575997425,0.06642619939602096,0.06542353540452896,-1.8073163762972405e-05
2021-02-02,0.06659858605620218,0.06687326710731362,0.06911018641438339,0.06711750108136341,0.06687259009241554,0.06832459942130037,0.06742962453081257,0.06527890719403004,0.06480123928072432,0.06819957266970539,0.06796811583847329,0.06546654461250892,0.06703593837538108,0.06557483714035967,0.06336667929504479,-1.818911001828866e-05
2021-02-03,0.06631226823901856,0.0662477054550113,0.06816405204605025,0.06684636810597286,0.06695107184289702,0.06993318701984529,0.06584420127870626,0.06614232718860368,0.06553209495033856,0.0671668427371111,0.06798288904525833,0.06476413284624856,0.06705205232082312,0.06717653684499664,0.06390239474065698,-1.812466153852387e-05
2021-02-04,0.06715725948982432,0.06648210661162733,0.0676055926886209,0.06721903860821228,0.06847660152895912,0.06911550310858659,0.06543063736311278,0.06679734153024194,0.06509924787570355,0.06688200657365552,0.06806928513364048,0.06379227242183194,0.06644969747095447,0.06859990654831824,0.06284176726390286,-1.8264217192236957e-05
2021-02-05,0.06623149985399551,0.06614792527415479,0.0682343712477297,0.06716215236238386,0.06818856151420705,0.0692566360544844,0.06398523280055034,0.06736839060200618,0.0655717085947646,0.06656263780393189,0.06928958151442766,0.06268206433733792,0.06787746753688308,0.06890984629037271,0.0625502091045762,-1.828489180580694e-05
2021-02-08,0.06600067202619443,0.0658600530107661,0.06890922325458962,0.06611953755042377,0.0673419045801341,0.06995516347345368,0.06327247407645789,0.06801640184973495,0.0670191364750836,0.06594631421488022,0.06984271125323611,0.06127886300325899,0.06857246068348338,0.06895743638913025,0.06292586913149141,-1.8220972318368894e-05
2021-02-09,0.06581503894212447,0.06496868534800944,0.0695166448893523,0.06477353205633542,0.0673117858314043,0.07104336053721445,0.06365688385184481,0.0701389520651251,0.068279273562793,0.06550974815983236,0.07012449738746668,0.061451511012012704,0.06691278556213508,0.06802552203695267,0.06249005634983992,-1.8277592442750218e-05
2021-02-10,0.06453119657329531,0.0649838532760178,0.06931454257745079,0.06351847816452842,0.06763126497949576,0.07168573797380604,0.06384516490244597,0.06981152911867769,0.06887529120846507,0.06619982407780683,0.07047406510526276,0.060599101594253406,0.06724173537430458,0.0695131114468166,0.06179337256020151,-1.8268932828610524e-05
2021-02-11,0.06587302236647676,0.0647016685475504,0.06940893156368073,0.06309404802754587,0.06788709987470927,0.0701615436834348,0.06344603941390284,0.06881059115536242,0.06909519782809485,0.06730265373267941,0.07129936433300361,0.05824898137005849,0.0697402523808382,0.0699794463208047,0.06096944215013229,-1.8282748274536607e-05
2021-02-12,0.0659674008971633,0.06481554555621541,0.06890957401153264,0.06323939850794014,0.06739040300198612,0.06980413482145678,0.06286594147429923,0.06742375624278947,0.06925688152067458,0.0679276983750856,0.07191040040698288,0.059069801509537063,0.07015720494041566,0.06932242271764257,0.06195771419428561,-1.8278178007031045e-05
2021-02-15,0.06496300727260529,0.06407028377212566,0.06803025591620572,0.06387259518037938,0.06800397624412816,0.07007930365412435,0.06363097314779839,0.06643505423638872,0.06946165294193433,0.0676481341901156,0.07273973006866667,0.058829969448890046,0.06953770903172904,0.06986083019001811,0.06285475481319136,-1.8230108300690488e-05
2021-02-16,0.0648280538360079,0.06430549606838858,0.06754342640315668,0.062312179784433305,0.06846794289203617,0.07093749898440804,0.06413914621669106,0.06488831453974131,0.06941028103561508,0.06561484179085411,0.07469100195294727,0.05801674373333744,0.07139609499382206,0.07139360722526854,0.06207367474472721,-1.8304201434716658e-05
2021-02-17,0.0643855187697201,0.06478818114551664,0.06719371873193546,0.06263514031333964,0.0683408326384322,0.06959915196610045,0.06246303539248508,0.06536468331899241,0.06911706209629465,0.06532321892468225,0.07584988266674766,0.059415171689135925,0.07135741460478802,0.07125490839876857,0.06293045160263382,-1.8372259572763887e-05
2021-02-18,0.06345158998282292,0.06482545601984965,0.06748246143978738,0.06302141385063448,0.06662689996233105,0.06881189752295064,0.061627844452468473,0.06535835850653535,0.06950710650960001,0.06674313119897675,0.07513481833149555,0.058834304560370886,0.07269665209772257,0.07154379160469085,0.06435261120369776,-1.8337243934448162e-05
2021-02-19,0.06345938304632698,0.06390159822484319,0.0663421811345778,0.061744275899737314,0.06699574466037221,0.06968878540334396,0.06301237977182138,0.06598034578816023,0.07053905109193077,0.06598745720749076,0.0735573680880311,0.05954130365017879,0.07306380839076035,0.0715239159820481,0.06468068764006993,-1.8285979692805388e-05
2021-02-22,0.06352097819117454,0.06459939714252333,0.06713384496179055,0.06200599344103186,0.06755107530480144,0.07001230819597626,0.0625008695210117,0.06656233355379826,0.06895127200542689,0.06694435428974282,0.07200538899895353,0.05972268697517454,0.07185575574010496,0.07212135718353668,0.0645306288885042,-1.8244393551617195e-05
2021-02-23,0.06273114474122501,0.06504966873057018,0.06689703155457538,0.06280540810042758,0.0677403457226628,0.07056522997365142,0.06186865047971411,0.06619606281644042,0.06868045991463115,0.06803285351748703,0.07417954727575564,0.059087539016908365,0.07343347122509286,0.06948207849639339,0.06326879794965183,-1.8289515187089554e-05
2021-02-24,0.06235262939531113,0.06435676097692553,0.06595769285575057,0.06330088176228497,0.06777808543133529,0.07113489890363466,0.06264628763224199,0.0666611565125041,0.06957836402109546,0.0681842185218156,0.07299663868034281,0.0603439793840666,0.07292128658871744,0.06853175645339796,0.0632737045673165,-1.834168674043818e-05
2021-02-25,0.061589112886386396,0.06385254668315532,0.06596458533180208,0.06332702901238965,0.0668016903262465,0.07044189766931078,0.06333305401236095,0.06689802142263983,0.07147548468768661,0.06919677082441798,0.07409842698175112,0.058734580636726486,0.07365331419113162,0.0682404902831473,0.06241126610838898,-1.8271057541732326e-05
2021-02-26,0.06666778876806914,0.06666778876806914,0.06666778876806914,0.06666778876806914,0.06666778876806914,0.06666778876806914,0.06666778876806914,0.06666778876806914,0.06666778876806914,0.06666778876806914,0.06666778876806914,0.06666778876806914,0.06666778876806914,0.06666778876806914,0.06666778876806914,-1.6831521037105563e-05
2021-03-01,0.06693842249291043,0.06650512323472275,0.06653346381035721,0.0668901284379257,0.06639164394676336,0.06776948524944323,0.06733636893812481,0.06740754038562172,0.06563119055189996,0.06650589457073838,0.06626586363402777,0.06546234586438512,0.0670142433007661,0.06594335492909624,0.06742173438906324,-1.6803735846133817e-05
2021-03-02,0.06628156449529148,0.0676845448662083,0.06591315548046989,0.06708424894881919,0.06705788950277998,0.06730348449961505,0.06814299318303961,0.06626667701028874,0.06708107711509151,0.06655745791582486,0.06566430579278112,0.06517192954232902,0.06800855651921822,0.06528505937508909,0.06651386120448961,-1.6805451335636876e-05
2021-03-03,0.0659956413981782,0.06673127691620881,0.06706290627996399,0.06650573425859233,0.06759209274342853,0.06734356758317657,0.06709947788338025,0.06612673651888545,0.06772598309704249,0.06623222953887392,0.06680272929805336,0.06616776980563224,0.06897428880564946,0.0646182323119313,0.06503809828523677,-1.676472423365533e-05
2021-03-04,0.06531658156098707,0.06656355727245385,0.0671570367074155,0.06456155600363707,0.06728764379563121,0.0671846263146628,0.06655741397806346,0.06704552060910446,0.06785737440498901,0.0672904773517775,0.06628710743481031,0.06693102878493491,0.07065567302154604,0.06588723219250041,0.0634338562220867,-1.6685654600268715e-05
2021-03-05,0.06539281524923767,0.06656984282129057,0.06775677559934964,0.06530784190760698,0.06684758501545773,0.0674928239371654,0.06498562418112663,0.06867324581658961,0.06759721312191486,0.06760663052140274,0.06620914519322162,0.06848969913788676,0.06740212092286547,0.06612694629333618,0.06355843221950744,-1.6741937959294545e-05
2021-03-08,0.06504688177867401,0.06766656910578696,0.06704378002785148,0.0658251437125858,0.06707669081562431,0.0685248360519959,0.06434653803500445,0.06790500221069869,0.0686431550762063,0.0680014884934484,0.06450617186563483,0.06781943737977231,0.06781348439884131,0.06709290431572411,0.06270463846309916,-1.672173094807181e-05
2021-03-09,0.06360234774517012,0.06839928918255145,0.06652647421754394,0.0646594728249515,0.06513131548645479,0.06962881748684338,0.06482213052446327,0.06807198224389018,0.07045784994483953,0.06906754723531702,0.06657549598045483,0.06660981517595649,0.06816660557203887,0.06549797090541826,0.06279969541814481,-1.6809944038488723e-05
2021-03-10,0.06329060413008503,0.0686589274713367,0.06639265590631419,0.0649607395092517,0.06552710400921948,0.07137934123131584,0.06439213303544339,0.06700585004567965,0.07055024364371958,0.0680505813537552,0.06801773926008838,0.06614264890399013,0.0673406239989133,0.06479344161515548,0.06351412949163401,-1.676360590195636e-05
2021-03-11,0.063071471472981,0.06808021084927139,0.06745670458107937,0.06420119092559035,0.0654333534145215,0.07184425509043807,0.06286099114166699,0.06734190096197303,0.06932397011695902,0.06880079138656899,0.06684431348166474,0.06680408177169994,0.06853442377150652,0.06570422863745137,0.06371483957560141,-1.6727178973660857e-05
2021-03-12,0.06305001886304842,0.0678100770574524,0.06865863091097255,0.063809245180295,0.06473600845758797,0.07260132520396238,0.06231126171027713,0.06657148916920691,0.0679794532951919,0.06842897432932643,0.0668971812841997,0.06722293843586878,0.06983048968711648,0.0664818914510309,0.0636277697486933,-1.6754784230378112e-05
2021-03-15,0.06275893867594659,0.06797475359832836,0.06941449959246342,0.06373142532088649,0.06419747195992687,0.07149031580748814,0.06093849625227527,0.06702844115341626,0.06838961197634229,0.0688697431334868,0.06659315132689309,0.0686501685957508,0.06907068432840333,0.06747744667780628,0.06343155700462452,-1.6705404038555942e-05
2021-03-16,0.062024054999438916,0.06797427511545691,0.06930730523142216,0.06361404209301132,0.06388272095422338,0.0710371433726786,0.06253584374583274,0.06775781907596475,0.06872437817113411,0.0685929855232079,0.0672922592269031,0.06885606456071783,0.06871139066129961,0.06672653515865812,0.06297978404013826,-1.660193008758465e-05
2021-03-17,0.060329043574558705,0.06830533487274205,0.06913216885371105,0.06495691430096977,0.06407780200325887,0.07015353583557651,0.06267342045479758,0.06694735855541051,0.06941016877615729,0.06910661448707534,0.06854006316546085,0.0681426288073612,0.06896175757980336,0.06526765093735025,0.06401218132311116,-1.664352734441044e-05
2021-03-18,0.06062766254730697,0.06865333981006234,0.06914059376193721,0.0652746237865486,0.06533686785499887,0.06991038138656483,0.06280434517308503,0.06593337478248795,0.06853448363127188,0.06923245404448237,0.06978820902590802,0.06787249562911767,0.06870304528936055,0.06481093796855587,0.06339382632783983,-1.6641019528024978e-05
2021-03-19,0.06076442349077187,0.06757902540622196,0.07006362003781393,0.06474760212134098,0.0658822855557588,0.06874552287908331,0.06334838334451633,0.06653902681962474,0.0689044236573111,0.06814548096410034,0.07005292694575319,0.06650380982596701,0.06838550666273571,0.06601541122898229,0.06433917996976403,-1.6628909745625283e-05
2021-03-22,0.0609989858651836,0.06716280400725104,0.07081815783232326,0.06500819287403002,0.06427091492090292,0.06970314989246634,0.06357381653657662,0.06793757205064813,0.06805161698997043,0.06504384544176237,0.07065098978256615,0.0671000888564178,0.06662695347218275,0.06510385761713537,0.06796574125606869,-1.668739548528347e-05
2021-03-23,0.0612455817161956,0.06813187033537962,0.07081341588632302,0.0638958770664726,0.06459108704858228,0.06995850696656186,0.06368105251427277,0.06831216395305395,0.06880893990180793,0.06535999826729198,0.06970582366130892,0.06814166555975955,0.06481824004142617,0.06313149498718215,0.0694210821316493,-1.6800037267672064e-05
2021-03-24,0.06171542571210851,0.06828949984784374,0.06995055394858074,0.06356418506335754,0.06457693433188876,0.06873352400735344,0.06323756153231674,0.06915495366495075,0.0704841083938368,0.06513745345021289,0.07078198852725524,0.06615175847360258,0.06577832835988916,0.06240848655348574,0.0700520830074668,-1.6844874149351462e-05
2021-03-25,0.06155290814155494,0.06918383575505695,0.0692737710735572,0.0640084419855582,0.06434612651809389,0.06858362486513546,0.06307288850136526,0.06831987102359524,0.07046465125520582,0.06507163099539688,0.07105773119552387,0.06624724048691079,0.06670206142406626,0.06346293642533316,0.06866911694409308,-1.6836590447048506e-05
2021-03-26,0.06204045869973595,0.06833559150275194,0.0696975544488464,0.06445061651549107,0.06284170663062273,0.06865557573514608,0.06266698960360911,0.0675796041500603,0.07187330370666052,0.06440973097874098,0.07012994507194109,0.0663336220655618,0.06750787602582486,0.06330452764189365,0.07018972568744361,-1.6828464329926063e-05
2021-03-29,0.062043108731998836,0.06650014200466522,0.06896011259038279,0.06372377625276578,0.06290189638959637,0.06602643676983116,0.0645126456161657,0.0677645378943212,0.07169190358270705,0.06528266311486514,0.07245135396777139,0.06699552096512906,0.06831487143695254,0.06316444838417855,0.06968332416193489,-1.6741863265689755e-05
2021-03-30,0.06180967467574463,0.06599448017754679,0.06850287182178828,0.06278808124936872,0.062897304766139,0.06465719184696947,0.0647374389917951,0.06779293904317768,0.07191742094037377,0.06481793959722087,0.07613816005121063,0.06860407664472906,0.06689561133628437,0.06350240290114263,0.06896115681503112,-1.675085852226325e-05
2021-03-31,0.0666676906780126,0.0666676906780126,0.0666676906780126,0.0666676906780126,0.0666676906780126,0.0666676906780126,0.0666676906780126,0.0666676906780126,0.0666676906780126,0.0666676906780126,0.0666676906780126,0.0666676906780126,0.0666676906780126,0.0666676906780126,0.0666676906780126,-1.5360170189121946e-05
2021-04-01,0.06656373698655817,0.0662587053606509,0.06667608820682586,0.06699500029594678,0.06622517441571957,0.06708577834107304,0.06556740953971159,0.06603327713185655,0.06776812134130104,0.06773050874414498,0.06667799504609455,0.06595382432539307,0.0658983069884009,0.0666532233217853,0.06792830314645582,-1.545319191822212e-05
2021-04-02,0.06689582900362773,0.06568051473967262,0.06560271307519137,0.06695469473649925,0.06532451073568317,0.06639975954709258,0.06650115212826546,0.06656994467053223,0.06768780900938587,0.06616186276693983,0.06667437510734082,0.06690508086318005,0.06524101327651338,0.0680625538293391,0.0693535787391664,-1.539222842988266e-05
2021-04-05,0.06777652101543352,0.06571973472493203,0.06585656408689229,0.06787559198153457,0.06552183049340154,0.06581663601479151,0.06594375331160535,0.06664029935434682,0.06623942545388277,0.06586568918422171,0.06770675218042405,0.06429071082064458,0.06685121310224995,0.06930485389594215,0.06860577488089585,-1.5350501198789567e-05
2021-04-06,0.06803020804914144,0.0656327658206096,0.06664254852942367,0.06855155476465881,0.06432588623944065,0.06622977190779288,0.06568096920606123,0.06663942211018578,0.06544771297813383,0.06757593195832931,0.0687711242655847,0.06342054424484375,0.06521823692943948,0.06874815177879297,0.06910049744123391,-1.5326223671954082e-05
2021-04-07,0.06812801175727491,0.06641197796257457,0.06715892471271523,0.06926233308226772,0.06453496804759518,0.06500545249790145,0.0654642994683832,0.06759758874742527,0.06535821451341592,0.06806429025056938,0.06837881787504331,0.06228678430385383,0.06504526375232056,0.06910319647938423,0.0682151870182594,-1.531046898430883e-05
2021-04-08,0.06828516615460743,0.06608122410684533,0.06828315463131794,0.06934793113968327,0.06597949023225619,0.06658999593233184,0.06570100043382707,0.06694780357980154,0.06363695376450297,0.06682888234458811,0.06718066061080233,0.06404435373566633,0.0654958104377726,0.06993550931276475,0.06567744056724664,-1.537698401441876e-05
2021-04-09,0.0673290039322091,0.06649536729594623,0.06831242217444311,0.06904869033049885,0.06625920989626069,0.06781136144530286,0.06533824701190948,0.06684486759499071,0.06365997822671686,0.06913878437597983,0.06473928692242559,0.06462650722598656,0.06520858998137441,0.07049149716855765,0.06471151859926466,-1.5332181866680547e-05
2021-04-12,0.0672875629802864,0.0669658335691002,0.07060144463297549,0.06968394552477691,0.06557415223239381,0.06744222283124546,0.06493959599976848,0.06514723851566344,0.06335275741917767,0.06993209192111792,0.06341193685741543,0.0657797001893187,0.06577875218362247,0.06956382354788995,0.06455426839047783,-1.532679523043606e-05
2021-04-13,0.06820640152520918,0.06736896071097134,0.07051167183386538,0.06940098099820043,0.0655492050297975,0.06691391681012707,0.06301618621201573,0.06695008947914932,0.06342283628673683,0.0702819260792453,0.06328027140100781,0.06489197815200545,0.06549323054326463,0.06746619990582378,0.06726144698410685,-1.5301951526621772e-05
2021-04-14,0.06688075922098544,0.06614284033881589,0.06962854591143651,0.0698784418201715,0.06505251044285094,0.06534489774761784,0.06358959775698515,0.06712479608157759,0.06344127598056824,0.07052154969869495,0.06523492106702308,0.06677496921112301,0.06421736199136505,0.06894065537188833,0.06724205595288735,-1.5178593990955361e-05
2021-04-15,0.06727227522205283,0.0650854307034234,0.06958318627262361,0.06931128320022001,0.06578866926904274,0.06632660898282398,0.06189014237908019,0.06719323053805772,0.06458538485762577,0.07041493748910405,0.06609850051633522,0.06726753493165817,0.06469739656014711,0.0687030494358764,0.06579756242670991,-1.5192784781208022e-05
2021-04-16,0.0664720320839622,0.06546844624386777,0.06951028166215345,0.06911609443468995,0.06537137612706413,0.06598964328309324,0.06269262680443807,0.06679944539947932,0.06323099319239797,0.07115198605220258,0.06581131564456873,0.06723565858145068,0.06645672318437124,0.06861233810436157,0.0660962090112236,-1.5169809324678653e-05
2021-04-19,0.06567942860994953,0.06527278930856921,0.06991602756441576,0.06783477128838868,0.06548615065967696,0.06603172307132586,0.06268833384495476,0.0677405699854938,0.06350872864391441,0.07274449667093624,0.0647194641706801,0.06735719139323776,0.06652486980269812,0.06724743211513112,0.06726317761078528,-1.5154740157502919e-05
2021-04-20,0.06725659168425598,0.06539440143188836,0.07044232690301519,0.06804261175487705,0.06505629231894589,0.06462907196305746,0.06222652908959239,0.06655112409285245,0.06526053356525825,0.07277887893282077,0.06450444551826265,0.06852582320355742,0.06536916602506845,0.06646576902822307,0.06751161663508477,-1.5182146760102385e-05
2021-04-21,0.06786524502072663,0.06568476356227061,0.07058836290038972,0.06806422504434212,0.06533659648349611,0.06476236733600704,0.061331444813742676,0.06656363096154394,0.06419252210390923,0.07284071364342114,0.06397817180059419,0.07143541604392883,0.0653023262545607,0.06474679647566778,0.06732258662875004,-1.5169073350796387e-05
2021-04-22,0.0682790781237538,0.0668783774205493,0.07022628117533407,0.06691367330182506,0.06607048746814441,0.06370061543079962,0.06105314865929816,0.06641247297137642,0.06421675759947247,0.07372570847919689,0.06336299004877709,0.07121213297131711,0.06538560933000585,0.06502412281960525,0.06755372824477357,-1.5184044229093883e-05
2021-04-23,0.06841990740642405,0.06731336141111999,0.0703835198284421,0.06712977090569679,0.06467547737044109,0.06362009836343963,0.061332761795390045,0.06697422100629394,0.0634410728208231,0.07284091328964513,0.06266321427346093,0.0717315425730724,0.06645750633943318,0.06443311908085518,0.06859866347591667,-1.514994045433796e-05
2021-04-26,0.06830153069641608,0.06703606760767479,0.0700236852941158,0.06751452741078814,0.06475068733877455,0.06529600900830944,0.06046231699973335,0.06728398906497322,0.06277488647251361,0.07166877889217092,0.06248861987089817,0.07171202806872266,0.0696804698188945,0.06405480998622874,0.06696669657999615,-1.5103110210172649e-05
2021-04-27,0.06877850334807728,0.06591853865046622,0.07026544441110752,0.06782933720132386,0.0656701881918668,0.06641080901272894,0.060325523124242136,0.06744872383381839,0.062347828207069966,0.07074167311783243,0.06309590431228088,0.07050196323452769,0.06950124067358739,0.06319336529558221,0.0679861238315867,-1.5166446098564376e-05
2021-04-28,0.07001102933630637,0.0651096227747706,0.06892469795517506,0.06779798370639514,0.06574839436055543,0.06666545375751805,0.060025577015575586,0.06732997311223084,0.06275772025833708,0.07196579810668827,0.061170194194990764,0.07014727135214617,0.06984746375201911,0.06221483353679351,0.07029916366180297,-1.5176881305024215e-05
2021-04-29,0.06945806445572357,0.06496014953595183,0.06921015466230412,0.06721545986095198,0.06415858326268715,0.06618207490551406,0.060753673464229295,0.06689409056784572,0.061865150715704385,0.07287884239141962,0.06074379181106621,0.06943276996631527,0.06992078789461569,0.06299108251440734,0.07335046892785319,-1.5144936589429757e-05
2021-04-30,0.06666778488937822,0.06666778488937822,0.06666778488937822,0.06666778488937822,0.06666778488937822,0.06666778488937822,0.06666778488937822,0.06666778488937822,0.06666778488937822,0.06666778488937822,0.06666778488937822,0.06666778488937822,0.06666778488937822,0.06666778488937822,0.06666778488937822,-1.677334067366205e-05
2021-05-03,0.06746314966605557,0.0663554148011174,0.06618719770827515,0.06564325696387067,0.06871772280558491,0.06544090913026322,0.06597179732950496,0.06674861565145845,0.0669507097593498,0.0673478034773413,0.06830551878744257,0.06693169368137653,0.06513783806781699,0.06605835513837756,0.06675670572498908,-1.668869282415693e-05
2021-05-04,0.06858513995800203,0.06523187380475183,0.06685908890878717,0.06559669393126659,0.06922682054156648,0.0651781759524691,0.06504689413561054,0.0672796564842157,0.0674234941878975,0.06818600956133088,0.06811532809173332,0.06608624781415971,0.06319778899165834,0.06687756817678793,0.0671258572530072,-1.663779324418457e-05
2021-05-05,0.06806767457352557,0.064981506625605,0.06663196005341251,0.06458909106896454,0.06865635199302315,0.06434228457331231,0.06479895174128689,0.06669484071422539,0.06591511448573495,0.07045596788363863,0.06962715150639215,0.06534230364916149,0.06362257180133281,0.06751831212556925,0.0687725782072361,-1.6661002421002233e-05
2021-05-06,0.06760604923198112,0.0657646918171332,0.06630509871183382,0.063665788444066,0.06933445038368889,0.06547895253195958,0.06713750498499448,0.06563707643572032,0.06667787888206697,0.07009297917534349,0.07059786862396633,0.06380284508148344,0.06229433160472695,0.06665260128768938,0.06896855647731258,-1.667367396650989e-05
2021-05-07,0.06686664383304398,0.06588018482831098,0.06671479231224654,0.0637943108455559,0.07035841680932563,0.06551404764373032,0.06572199638040077,0.06658963328994415,0.06576942658179792,0.07075215239503738,0.07206161865927982,0.06399849413419548,0.060382339091260666,0.06524016318843348,0.0703723685179108,-1.6588510473839663e-05
2021-05-10,0.06675500994106336,0.06593037581183807,0.06726032716891837,0.06430469931753252,0.07059958146729607,0.06534335830791006,0.0654511338319876,0.06740753863624331,0.06632007036205785,0.07048258897738975,0.07333965539531807,0.06387454033523624,0.059496345608033956,0.06435741841557807,0.06909394045132092,-1.6584027724005016e-05
2021-05-11,0.06664388369669261,0.06681639628979436,0.0667402368648178,0.06450792603173224,0.07010827388345611,0.06519388375152209,0.06418682751787622,0.06727148799787618,0.06620465978166847,0.07115637588892872,0.07369272835889215,0.06266014585336847,0.06070358636912541,0.0646866108834743,0.0694435726766954,-1.659584592059987e-05
2021-05-12,0.06681385256300583,0.06664342277350178,0.06707740776931928,0.06503642614689618,0.0688096230725504,0.06492356673113343,0.0641456203069091,0.06770713873625726,0.06757025681110643,0.07050769599843319,0.07331215155158864,0.06230177018437588,0.060028475143755713,0.06447084567383153,0.07066838285197258,-1.663631463722807e-05
2021-05-13,0.0663533089460472,0.06714097432309421,0.06605236663187342,0.0648230797612044,0.06875408676817615,0.06653211699077294,0.06411637236209913,0.06581152014786865,0.06578332654289258,0.07078121845202605,0.0742907880237876,0.0629098325330224,0.060411691529339104,0.06606358157551029,0.07019241988425062,-1.668447196467852e-05
2021-05-14,0.06709704590381813,0.06621410625202964,0.06558939133515157,0.06365821615391444,0.0687195288987759,0.06668371386761819,0.06440142353249007,0.0660622269323031,0.06506962996892288,0.07078307817925045,0.07270821596000683,0.06455205425406077,0.060274592293306326,0.06567836201586344,0.07252514117455933,-1.672672207088549e-05
2021-05-17,0.06632463474909799,0.06547642368323481,0.06483149918557067,0.06362847951968591,0.06910325654854658,0.06734081837905095,0.0666629652875696,0.06398400296572454,0.0656873033878408,0.07020498096782794,0.0720546244501361,0.06391172631666772,0.05934750241592855,0.06773367066175044,0.0737248386749411,-1.6727193573764457e-05
2021-05-18,0.06663558952263277,0.06667024634210313,0.06406141009241079,0.06294256884576992,0.0675836305401716,0.06704473082148257,0.06711834634795329,0.06437632886915635,0.06614205455654926,0.06899228400616599,0.07333851810380237,0.0644768322575978,0.06039965385044058,0.06571512027633518,0.07451948416936503,-1.679860193653906e-05
2021-05-19,0.06604441960492333,0.06656178762516528,0.06458774204656662,0.06316342007569889,0.06705120272494358,0.06721896202483847,0.06589865304237198,0.06559393806155991,0.06611219216682465,0.0703744337796163,0.0729067420199658,0.06407931962930477,0.05975202096852913,0.06694707463651257,0.07372492676959114,-1.683517641241654e-05
2021-05-20,0.06674532327264139,0.06660408444988779,0.06349765892571795,0.06303767016338258,0.0663956492059033,0.06756006794722672,0.06514268705581674,0.066766475809031,0.06633467023523823,0.0705139878406317,0.07403317684367543,0.06543414843929822,0.06001988745820149,0.06632791241428303,0.07160350744481991,-1.6907505755543872e-05
2021-05-21,0.06640623273734661,0.0662831974654905,0.06366429711517009,0.06288197980769578,0.0670523878463972,0.06713319984651578,0.06519541405307333,0.06799567844475428,0.06678036345580425,0.07056562782052761,0.0734358360596163,0.06484684423633962,0.059227964420592374,0.06579119427352924,0.07275671040460102,-1.6927987453977668e-05
2021-05-24,0.06627021238508812,0.06538262436767545,0.0648864140384163,0.06312116710938459,0.06591727143832685,0.06676560522582799,0.0653072025235063,0.06965498357820418,0.06570007746162504,0.07165603742124245,0.0751246818142688,0.0641824117929001,0.058962560104099754,0.06457631570719578,0.07250936047443322,-1.6925442194986612e-05
2021-05-25,0.06620646355259441,0.06578045913220341,0.06561336470861004,0.0625462513552664,0.06430991267826436,0.06671572458831926,0.06553660017029102,0.06987189214004666,0.06535603183712378,0.07176878237133336,0.07694229509907818,0.06457591134516512,0.05856024117150233,0.0639721310890518,0.07226085041345899,-1.6911652309118997e-05
2021-05-26,0.06714308705727313,0.06557520450006951,0.06551806379581337,0.06212490967873453,0.0650912158364183,0.06831295864404167,0.0658608625124061,0.06987705794102562,0.06532179504727618,0.06904167613960002,0.0777917130903126,0.0646583207002865,0.05894377967758195,0.0630846130951768,0.07167162867462444,-1.6886390640729437e-05
2021-05-27,0.06693069799797069,0.06630304773091746,0.06530100108869641,0.0636604206016905,0.06548653389950355,0.06725388624009178,0.06580531951277432,0.06929565808732684,0.06325428887569733,0.070824354809573,0.07875648817443864,0.06530725253567596,0.059177610986503024,0.061563844751965635,0.07109648994812444,-1.6895240949498767e-05
2021-05-28,0.0676816390003617,0.06581206367585742,0.06372558456086305,0.06370580845563584,0.06559312577067786,0.0675987157950459,0.06667894972349546,0.07016220886617491,0.06371749417913428,0.07239046696264625,0.07709046187269605,0.06609708239974973,0.06004223941603318,0.06039126147695546,0.06932984448742376,-1.69466427509178e-05
2021-05-31,0.06666783920651484,0.06666783920651484,0.06666783920651484,0.06666783920651484,0.06666783920651484,0.06666783920651484,0.06666783920651484,0.06666783920651484,0.06666783920651484,0.06666783920651484,0.06666783920651484,0.06666783920651484,0.06666783920651484,0.06666783920651484,0.06666783920651484,-1.7588097722613098e-05
2021-06-01,0.06781750527411956,0.06554614915199836,0.06600294971027204,0.06532114936659518,0.06702617488382076,0.06769643664427603,0.06775660630335312,0.06741443849010181,0.06607284032494486,0.06589352456763786,0.06447784852576832,0.06854829684211412,0.06681985507115051,0.0656827611891064,0.06794093863027156,-1.747497553050653e-05
2021-06-02,0.06720738692368965,0.06583063592632367,0.06589653542519094,0.06581813885099706,0.06699509442038544,0.06645966601022053,0.06785048363669208,0.06844317445045461,0.0660720602661177,0.06671606377058718,0.06341672188747016,0.06855267991238641,0.0661233449442019,0.0666138893205634,0.06802159917514616,-1.7474920426852935e-05
2021-06-03,0.06799457762339588,0.06690071783076637,0.06673491919650823,0.06637066048574956,0.06653192891683933,0.06680967261883326,0.06772150680710186,0.06847455488118578,0.06605877427291569,0.06605750446438563,0.061741353592991106,0.06815120047938117,0.06671264135992229,0.06533757723580125,0.06841997183958548,-1.756160536282704e-05
2021-06-04,0.06896732177200093,0.06735328661722033,0.06767963148691866,0.06643528812201091,0.06724125708741162,0.06596189242220866,0.06690361643475462,0.06559444304951086,0.06699615854309557,0.06741123839825408,0.06098649322621458,0.06763733987541731,0.06561708826307676,0.06558142719290054,0.06965101274121638,-1.7495232211797406e-05
2021-06-07,0.06783132241644463,0.06763383746974146,0.06748080352204744,0.06652687102440097,0.06762326557202335,0.06581159309522693,0.06682097241986248,0.06540817454103512,0.06797592975816827,0.06786606543540077,0.06122119801717553,0.06620772622301836,0.06520308925960033,0.06667889588171574,0.0697277469980849,-1.7491633946214397e-05
2021-06-08,0.06830038291787977,0.06889191722390034,0.06828774730043208,0.06664892089344282,0.06725692481260276,0.06370956680678766,0.06672583180425667,0.0651632604285685,0.06843178757010007,0.06776732262086176,0.060962320968254526,0.06428459441411087,0.0641935879553529,0.06732828859010298,0.0720650457513614,-1.750005801510871e-05
2021-06-09,0.06808348518333894,0.06896649458789339,0.06883819605732378,0.06588560074455009,0.06741176080847502,0.06297132648959416,0.06736364092186704,0.06516861798947805,0.0685953764483101,0.06681039471311592,0.06153848269447618,0.06641527767433597,0.06293790650923184,0.06678527708001473,0.07224561920555322,-1.7457107558413635e-05
2021-06-10,0.06846989830933187,0.0684584559950032,0.0666203113732342,0.06680200426353447,0.06792366354818015,0.061465853921219706,0.06670639929254189,0.06651376177700392,0.06996327371506059,0.06768270582743349,0.0612735484639861,0.06641314562237641,0.0627053852153586,0.06806403382042663,0.0709549821155819,-1.7423260273229038e-05
2021-06-11,0.06810422205714756,0.06931878548374663,0.0667446295104299,0.06801940559626428,0.06753159299053654,0.061572030441887415,0.06603815532625718,0.06668621358584972,0.06860013023970339,0.06734153999986457,0.06000271054391003,0.0673651844640658,0.06366047713676588,0.06609436842126788,0.07293801388580477,-1.745968350161577e-05
2021-06-14,0.06966702172772864,0.06930922719336534,0.06624453936448266,0.07018464179607481,0.0664153650782584,0.06155772347707238,0.06616765569746641,0.06792767798538542,0.0689384773170794,0.06679534325622401,0.05905806774344,0.06695540362615407,0.06251796308458975,0.06613451360083025,0.07214382424656354,-1.744519471498668e-05
2021-06-15,0.06881870269330827,0.07032970211237533,0.06602185450223064,0.06930554271657037,0.06641744499737817,0.06174152322926931,0.06474631743178326,0.06839456105752385,0.06801582986635529,0.06872100029346026,0.05969304890663116,0.06665532614074113,0.06184318637084753,0.06616218436210848,0.0731512513352979,-1.7476015880832084e-05
2021-06-16,0.06873900379580561,0.07011271868702039,0.06600658968597661,0.06876818689739589,0.06608740825476853,0.060044011766988675,0.0655479941165059,0.06863469816557496,0.06718856056691436,0.07069875989201918,0.05973922871071887,0.06545087761300944,0.06273619212727967,0.06660522305724353,0.07365800318132175,-1.7456518543290125e-05
2021-06-17,0.06883851094803142,0.07082123473155355,0.0661852838770566,0.06959271638964853,0.06492033823230106,0.06004647565876877,0.06745103736939884,0.06827516733736155,0.06696725897191248,0.07061092479998132,0.058902563154758066,0.06337915540853524,0.0628469856251254,0.0671614600235064,0.07401843637834551,-1.7548906284681608e-05
2021-06-18,0.06899003425646894,0.07110738053930099,0.06715917075362883,0.06969484485630759,0.06470548481666176,0.060052460684309,0.06823294489673191,0.06990386993596517,0.06659516990049448,0.0709902245649355,0.059453803789873236,0.06256047828321637,0.06311568903010167,0.06562647840152758,0.07182957343579763,-1.7608145320710355e-05
2021-06-21,0.06937163157560147,0.07097896911800843,0.067448264222132,0.06982996950535811,0.06407711002059897,0.06014973935680941,0.06724721299306881,0.07144245146727213,0.0654041000390757,0.07093839891439059,0.0585874827280343,0.06331211434599486,0.06289940377119474,0.06516440812493887,0.07316638472345845,-1.764090593670167e-05
2021-06-22,0.0694392715006976,0.07140188341042,0.06678396078575581,0.06875843497025985,0.0642125270112814,0.05995411689130409,0.0678744442482187,0.07142545938543862,0.06566377236781899,0.06921735053781446,0.06043799412018057,0.06320043484925965,0.06373500422408443,0.06424047712835078,0.07367251826541216,-1.7649696297157888e-05
2021-06-23,0.06848265975637643,0.07162402182164569,0.06643218730452737,0.06868507051189178,0.06466793818267795,0.058927463690249475,0.06715900211473531,0.07179564886331724,0.06762339700691597,0.06898398502261212,0.060943020128119384,0.06301229270344412,0.06583055493861817,0.06212665209125752,0.07372372583211573,-1.761996850416905e-05
2021-06-24,0.06723111132572956,0.06960191919910115,0.0664517593912103,0.06859689722026338,0.06426049743557155,0.05868113190537248,0.06977124422178363,0.07133515462567085,0.06794884822919418,0.06810386681343414,0.06107013043336546,0.06259261040940384,0.06518501338344519,0.06401808554652841,0.07516929411744616,-1.7564257520013618e-05
2021-06-25,0.06748539601043109,0.06814962165824436,0.06636115381391416,0.07090570967239157,0.06424713806072033,0.059667503799345864,0.0713178317376648,0.0717486592901698,0.06728199501960504,0.06571012917722227,0.06191772359427948,0.0619053740215508,0.06557131892392917,0.06273955010805775,0.07500849956209725,-1.7604449623742568e-05
2021-06-28,0.06751497878261517,0.06834501692129248,0.06557400777242732,0.07189392097612672,0.06379625922717524,0.05840196297857584,0.07123355264583543,0.07180644214903552,0.0674657319923835,0.06712409980778705,0.06170555523942151,0.06180714890047006,0.06433217399614201,0.06370826294838941,0.07530848872772562,-1.7603065402898304e-05
2021-06-29,0.06765996574998433,0.06744087320574392,0.06700927948812872,0.07132275987096455,0.06373424747885006,0.05903884477549008,0.0705257091006691,0.07073259660014015,0.06575500656151853,0.06830920761637611,0.06155384763612996,0.06527700469928319,0.06361996243630348,0.06304690731621895,0.0749914950980198,-1.770763382096562e-05
2021-06-30,0.06666776870598844,0.06666776870598844,0.06666776870598844,0.06666776870598844,0.06666776870598844,0.06666776870598844,0.06666776870598844,0.06666776870598845,0.06666776870598844,0.06666776870598845,0.06666776870598844,0.06666776870598845,0.06666776870598844,0.06666776870598844,0.06666776870598844,-1.6530589826595215e-05
2021-07-01,0.06659363629544217,0.06652957297718518,0.06647242640815607,0.06647679343936792,0.06666629570877691,0.06643691367009028,0.06717283490332372,0.06732844973327291,0.0660829152131362,0.06831144581382584,0.06592910712146928,0.06516616925604732,0.06744335312733793,0.06600039848355384,0.06740629086534292,-1.6603016328467306e-05
2021-07-02,0.06555579350250622,0.06796093021219138,0.06744674419883938,0.06581442321125243,0.06595364636001823,0.06836546920706361,0.06700059349267802,0.06703095037803793,0.06434037175332494,0.06845229153043815,0.06618355551495618,0.06645393263269299,0.06629046371328685,0.06466447784367524,0.06850307716430339,-1.6720715264934564e-05
2021-07-05,0.06645675318041695,0.06716247232179738,0.06852424100949393,0.06612444565417375,0.06711599356666682,0.0686000250134817,0.06500263146578635,0.06718038763132288,0.06564164883195948,0.06780331729026035,0.06606229061031696,0.06655506908552511,0.06320459761848705,0.06693690008958035,0.0676460141202345,-1.6787489503636837e-05
2021-07-06,0.06682759398425854,0.06715902237514942,0.0695140357076839,0.06649113883536678,0.06698553597395837,0.06787802644484574,0.06576609834972258,0.06546242580313794,0.06633888022661937,0.06671727874998251,0.06747466548430664,0.0668102312269943,0.06399143143270646,0.06711510408080552,0.0654853288870062,-1.6797562544220626e-05
2021-07-07,0.0660305910719123,0.0673593101793356,0.06937661214559114,0.06713975357796652,0.06706368690277155,0.06678983257786607,0.06482175712531832,0.06532001950746408,0.06382980552250622,0.06820517057418693,0.06771644666806505,0.06795306330370757,0.062000499452582736,0.06839901346198375,0.06801116790685766,-1.6729978115427254e-05
2021-07-08,0.06531707688399777,0.06800217067348116,0.06949890616421,0.0660676611991978,0.06758708254045015,0.06762750086054482,0.06441582517807465,0.06652469767882177,0.06237033427395452,0.06675314092479023,0.06800043768286736,0.06811854340336315,0.061345844658400116,0.06955075307687816,0.0688367797948851,-1.6754993916615347e-05
2021-07-09,0.06546443046529807,0.0675251354414241,0.0695489826277796,0.06535398754034892,0.06887870500909876,0.06654407234628637,0.06587248125834357,0.06618440574245515,0.060756160999106024,0.06779178903057109,0.06776276940053086,0.06871669823947818,0.06232012980358883,0.06959832259875516,0.06769858394013296,-1.665444319761334e-05
2021-07-12,0.06555587813543236,0.0670042634748056,0.06952495314912333,0.0632508656812785,0.06872374083977881,0.06549714243404647,0.06683155166004968,0.06626439854390868,0.060513667992635974,0.06779130653229075,0.06616946565026433,0.0700726223921716,0.06401869967258618,0.06957879155318009,0.0692191743905632,-1.6522102115391286e-05
2021-07-13,0.06522097962311908,0.06648347197655145,0.06957837632178847,0.06358897998144916,0.06842110137466709,0.06597580774918108,0.06713737127208246,0.06535773469023784,0.061009904715665406,0.0687356953091211,0.06638987210795269,0.07147632005569549,0.06268998776375524,0.07021658152186681,0.06773433881709669,-1.652328022996405e-05
2021-07-14,0.06456044183033186,0.06608729744473052,0.0689022741504967,0.06322001392992334,0.06827828736773323,0.06672007804241387,0.06688463336694309,0.06392779146155401,0.06208124997127031,0.06788745835615703,0.06637218968355588,0.07206596455335018,0.06295612420605201,0.0716710253931665,0.06840169687802017,-1.652663569860752e-05
2021-07-15,0.06399347056761837,0.0675025671929041,0.0690058443521066,0.06307748491285353,0.06904052023658126,0.06689938678966105,0.0672126427364102,0.0661551213745795,0.0618015456318491,0.06752602409395106,0.06647305416767077,0.07334340572615877,0.06127360765580248,0.06908580528451388,0.06762603188915349,-1.6512611814103893e-05
2021-07-16,0.06282284120401832,0.06701917401976867,0.06918280972990289,0.062257123315048624,0.06765492936135542,0.06677401807899976,0.06780915581034834,0.06439186158080824,0.062386554658810135,0.06820133770712843,0.06732309230326246,0.0746566442259741,0.06347696628237107,0.06846379824523365,0.06759615490826885,-1.6461431298826294e-05
2021-07-19,0.061999331872310985,0.06640510562056576,0.0696839307120876,0.06073719888776508,0.06633832826422804,0.06733655311056812,0.06812091913701948,0.06348313624652724,0.06260999062440145,0.067948261039152,0.06834262326813959,0.07408505664411569,0.06404542142175154,0.07112346362626822,0.06775698610326114,-1.630657816179905e-05
2021-07-20,0.06176588723419984,0.06660967374538963,0.06911948513894423,0.0621422566816279,0.06620973334998011,0.06682662879089214,0.06707929520759828,0.06421008185016568,0.06316195736869668,0.06715585722642131,0.06870819951249005,0.07191727487648304,0.06400320709377405,0.07143297253961316,0.06967372377502885,-1.623439130483876e-05
2021-07-21,0.06138340139164397,0.06582182936671635,0.06853030550916984,0.061261901817568895,0.06736605531484126,0.06823778854487277,0.0674545512650215,0.06540580027616327,0.06337136678988768,0.06714747120443529,0.06843211216020366,0.07164165904779046,0.062355268581690576,0.07188202328687894,0.0697247144291449,-1.6248986029515227e-05
2021-07-22,0.062011272513070585,0.06609452048847958,0.06863031904468615,0.06084681775854018,0.06764614238367768,0.06911136992716764,0.06663538104184841,0.06570714418652242,0.06380627494142482,0.0666264528570955,0.06801457110819029,0.07217039191367669,0.06132997843190198,0.07259581467791267,0.06878984590296655,-1.6297177161026958e-05
2021-07-23,0.06263616565970226,0.06766284239204841,0.06799882351253672,0.06122706060149491,0.06705906940249323,0.07004604668874297,0.0655111845685264,0.06617002797302382,0.0629960540243778,0.0664317803218559,0.06690054533932407,0.07319673017609248,0.060452379891309506,0.07335524585216865,0.06837233812223163,-1.6294525928755705e-05
2021-07-26,0.06249401825262909,0.06768536499920047,0.06736315954902532,0.06130702622202353,0.06823193198924749,0.06927469891232907,0.06647921607894348,0.0675075203411434,0.062173025763436585,0.06487124689009645,0.06716669721276751,0.0724573178284456,0.06238055823825669,0.07334146567107566,0.06728302397044424,-1.627191906446186e-05
2021-07-27,0.06186622313158267,0.0684887722995413,0.06700514344681445,0.06139216673028083,0.06908707109743778,0.06890951878578812,0.06650250350238315,0.06755909849318951,0.0628681137731263,0.06553498999871263,0.06699988494466155,0.07261578796149143,0.062044500772946244,0.0714511641149209,0.06769134266103483,-1.6281713911600862e-05
2021-07-28,0.06310560156309158,0.06802193443232855,0.06659052632885917,0.06091298110803893,0.06985067638982327,0.0694624251132828,0.0665121834223981,0.06683496207281805,0.06310203495686695,0.06409582850344703,0.06731686645090997,0.07386227825636617,0.06083224245600018,0.06962968548054223,0.06988608644876583,-1.6312983538616936e-05
2021-07-29,0.06272603298778881,0.0687896962495436,0.06646784154946288,0.06079059493007948,0.07021393344289055,0.06866872162916414,0.06662665179403761,0.06647116794693139,0.061864664575201685,0.06443264457667097,0.06703300791098689,0.07367219500678154,0.0595472314947068,0.07165726733268016,0.07105465445928975,-1.630588621631054e-05
2021-07-30,0.06666772225031804,0.06666772225031804,0.06666772225031804,0.06666772225031804,0.06666772225031804,0.06666772225031804,0.06666772225031804,0.06666772225031804,0.06666772225031804,0.06666772225031804,0.06666772225031804,0.06666772225031804,0.06666772225031804,0.06666772225031804,0.06666772225031804,-1.58337547705029e-05
2021-08-02,0.0665648642532684,0.0656954545851556,0.06631978217484108,0.06643614592120474,0.0663764794933318,0.06619643729975001,0.06568329043309458,0.0688371797537145,0.0685221292684164,0.06547373650219916,0.06838586318013168,0.0662305470201771,0.06683273933158293,0.06660669411416706,0.06585448520754983,-1.5828538584804083e-05
2021-08-03,0.06708045748405009,0.06568007349614144,0.06588104638143223,0.0653470828609144,0.06556277944156363,0.06471327521602735,0.06560445696526893,0.06757963616185604,0.0681627511528006,0.06678006473359134,0.06962648017747913,0.06611350954876329,0.06665090788054677,0.06880679847907674,0.06642648113194252,-1.5801111454349175e-05
2021-08-04,0.06711475666423083,0.06496819176752343,0.06640442191249028,0.06621311828317124,0.06530269603744876,0.06519918734292436,0.06553002698502723,0.06766080903250675,0.06589837691067618,0.06680816275422506,0.0709953240870205,0.06566670716446603,0.06697653698616106,0.06813015963632095,0.06714737959175437,-1.5855155947116995e-05
2021-08-05,0.06674704894185636,0.06413098733701351,0.06713181946928438,0.06669410098039967,0.06460725450722733,0.0653987775408509,0.0657893395289051,0.06805513986404813,0.06403476004303656,0.06763545773730059,0.07011835077705053,0.06506615632230325,0.06985791359534806,0.06829421504158534,0.06645447578910732,-1.5797475317011842e-05
2021-08-06,0.06520363814489974,0.06488289611151499,0.06600591368878776,0.06577789635698138,0.06420408552747395,0.06643999294030581,0.06633163268857381,0.06775762957533839,0.06419191590767274,0.06686576121466432,0.07013245265603374,0.06501457519082698,0.07090287775965952,0.06936028509217845,0.0669442045586021,-1.5757413513749513e-05
2021-08-09,0.06492211378989954,0.06531325289038853,0.06588492769619729,0.06490878852936935,0.06383951100414642,0.06646170757849955,0.06709747589769556,0.06753418333989793,0.06299754588969968,0.06688162063725137,0.07021811463029538,0.0651801167952531,0.07200660852728565,0.07061004342591905,0.06615972951629343,-1.5740148091789247e-05
2021-08-10,0.06464867577250029,0.06473202371772066,0.06649320852567918,0.06609992283362567,0.0637053655645083,0.06637264635326719,0.06854789609611134,0.06814151596283892,0.06352245759332355,0.06576874150995696,0.07112479263620694,0.06428263624301425,0.07071269802106624,0.07030353954383499,0.0655596421222145,-1.5762495868884253e-05
2021-08-11,0.06440135093802309,0.06367897155440344,0.06706870691371793,0.06684440808722776,0.06209776821570798,0.06709802784117827,0.06769200604771648,0.06886280904088259,0.06336213613467345,0.06570064714219294,0.0708086139502732,0.06550327285898436,0.06907874078890515,0.07098459750328599,0.0668336749966587,-1.573201383131654e-05
2021-08-12,0.06455902165103745,0.06489955816850403,0.06640337400378282,0.06729422083322892,0.061758691055402645,0.06787615712486654,0.06740606344439697,0.0682040964370825,0.0643278960014144,0.06493636925300633,0.06891170177403622,0.06467389712850545,0.06955280866022305,0.07249872437802742,0.06671308150019653,-1.5661413711460582e-05
2021-08-13,0.0654720535985226,0.06411598956095117,0.06619961096096609,0.06718908693414731,0.06178266746529155,0.06807234770368639,0.06815959184727742,0.06790081924511615,0.06458282749317454,0.06501575229012276,0.06801118477736111,0.06467777622845411,0.06951694978281014,0.0724280224621853,0.06689100408262584,-1.5684432692520717e-05
2021-08-16,0.06592105997839835,0.06422913078836785,0.0675250179464109,0.06670035398030534,0.06162461251067734,0.07094109787906148,0.0676289685056471,0.06702059752985778,0.06570253362112566,0.06332271291839983,0.06818734105223101,0.06745082071893525,0.06807160580980912,0.07026799751248473,0.06542192683239037,-1.5777584102053358e-05
2021-08-17,0.06628625792892819,0.06477236373502525,0.06695889214963345,0.06703233159842176,0.06248908597396182,0.07236474697307994,0.06721862381273279,0.06465858993430837,0.06472704072666195,0.0627355327772006,0.06772223170560551,0.06706153458158029,0.06922816153342767,0.07171529750129255,0.06504503742491947,-1.5728356779643036e-05
2021-08-18,0.06670577043659091,0.06474818550513839,0.06674079766774707,0.0674637044251993,0.062300352065175486,0.07398657505874774,0.06566096735624832,0.06394211841558398,0.06436119141007429,0.06292624537684365,0.06885506617241838,0.06678613052634341,0.06725367772584558,0.07255067204116017,0.0657342080384509,-1.5662221567570206e-05
2021-08-19,0.0657377354382305,0.06500035478096437,0.06585489165064261,0.06721650096023596,0.06186486504737659,0.07505667036479946,0.06603250488400317,0.06303509350349096,0.0654713315531873,0.0617822868686034,0.06951307788574967,0.06614710289132353,0.06710608341115208,0.07352997491018982,0.06666724611069944,-1.5720260648893567e-05
2021-08-20,0.06654824170480542,0.0649287561128452,0.06605685961903693,0.06686478413069799,0.06199018349316276,0.07546777244334936,0.06593649814222756,0.06141809935099061,0.06578877386506574,0.0621291288870584,0.06874659049869802,0.06471520816751729,0.06884606734693567,0.07419336933609212,0.06638537936759906,-1.5712466082158126e-05
2021-08-23,0.06619601132672973,0.0647451611334385,0.06735860572816259,0.06734497504860268,0.061921845259880065,0.07639009828228295,0.0655822475682392,0.06308209830904259,0.06749467192071067,0.0620348947622798,0.06844104758144459,0.062217861900368966,0.06744937000789568,0.0728088796405525,0.06694802740864068,-1.579587827112842e-05
2021-08-24,0.06644144400613525,0.06430029139109558,0.06761533420214197,0.06820246446746177,0.06275034906070014,0.07504802304535903,0.06592583397266585,0.06227930004099853,0.06887944991863416,0.06323344950269828,0.06792453278817184,0.061851601932955226,0.06738226194081307,0.07032295721742977,0.06785860681659912,-1.5900303859577467e-05
2021-08-25,0.06668563961990084,0.06534062953916207,0.06723617928445601,0.06814843468244486,0.06199543443925369,0.07455681398726387,0.06529216407028944,0.06356667765973593,0.06860848692335335,0.06376872913092047,0.06794824399771655,0.060925844137045694,0.0676275345528906,0.07156231154142678,0.06675287324521989,-1.5996811080079033e-05
2021-08-26,0.06746065810565455,0.06503624007813616,0.06715344684479536,0.06883980786406717,0.061745686380185995,0.07489782381037931,0.06528268142864396,0.06394728703309603,0.06646051610848187,0.06221878893014887,0.068916340188822,0.06225568895029121,0.0668330386488165,0.07155187091630333,0.0674161814913878,-1.605677921005967e-05
2021-08-27,0.06780932608386397,0.06361589246067284,0.06642360565140464,0.0684889558380465,0.062194614421759824,0.07720160782795189,0.0650036174876387,0.06259901137474085,0.06678076276396507,0.06342318917799074,0.06896171296222096,0.061238774241795906,0.06788585168241051,0.07234390429433706,0.066045205306946,-1.6031575745551162e-05
2021-08-30,0.06780848108930751,0.06402833548018866,0.06703259602800474,0.06819597934630327,0.061708024150331955,0.07814476295721808,0.06372258976115552,0.06277350070556266,0.06520188722767231,0.06425573222264418,0.06844556310291083,0.06234301267659749,0.068247456240484,0.07050331682510165,0.06760473283336838,-1.5970646851270472e-05
2021-08-31,0.06666776115121703,0.06666776115121703,0.06666776115121703,0.06666776115121703,0.06666776115121703,0.06666776115121703,0.06666776115121703,0.06666776115121703,0.06666776115121703,0.06666776115121703,0.06666776115121703,0.06666776115121703,0.06666776115121703,0.06666776115121703,0.06666776115121703,-1.6417268255847137e-05
2021-09-01,0.06677299243263984,0.06636807852753293,0.06656896535711329,0.0666155478459473,0.06595338293266972,0.06709865582035451,0.06701970791467796,0.06806184866808213,0.06785110656175827,0.0659031956041336,0.06749849531904148,0.06554731386441673,0.06743068618997984,0.06599261965230463,0.06533379938518052,-1.6396075832871036e-05
2021-09-02,0.06720566523481693,0.06482016484125165,0.06556401231457272,0.06673981368613255,0.06627938914090033,0.06704584832276435,0.06585336400387977,0.06754380062111708,0.06852157958286002,0.0667694313461859,0.06775800796973948,0.06710258112311263,0.06818350229997798,0.06536722928971671,0.06526206573218367,-1.6455509211728184e-05
2021-09-03,0.06579082658060703,0.06423926369529577,0.06583050297370326,0.0667384588450156,0.06688275560715522,0.06626704287478244,0.06653087789238028,0.06683967376688454,0.069480537846295,0.06623611555181594,0.06801145714515205,0.06824962622687138,0.06743802663404008,0.06513250259872144,0.06634865396902086,-1.6322207740845828e-05
2021-09-06,0.06582254269807769,0.06349253135075067,0.06747465528408095,0.06650004155012866,0.06713597420543924,0.06737568844074997,0.0661107050072639,0.06601301939798924,0.069879448995359,0.06452182238552973,0.06783148706101776,0.06867236862199937,0.06725843376359551,0.06343513011320097,0.06849249850231953,-1.6347377502107422e-05
2021-09-07,0.06598184358246732,0.06450688968224229,0.0673859762452544,0.06592920582141674,0.06746013488886594,0.06729563609650015,0.06516484907138345,0.06749813829297377,0.06934950545301502,0.06278573937115556,0.06940961267454084,0.06820766131581023,0.06665994152937903,0.06150660175355169,0.07087463190139463,-1.636767995104772e-05
2021-09-08,0.06506849702817179,0.06443838891131652,0.06793939030739943,0.06614240048885195,0.06730558079073796,0.06572628875001464,0.06435544874771229,0.06757738240781686,0.06843957178509304,0.06289402664352846,0.07007764767960464,0.06921990133476622,0.06513887241488034,0.0638833305936087,0.07180960904355964,-1.633692706256606e-05
2021-09-09,0.06514003806519436,0.0652235508672858,0.06975607976638891,0.06512895976213644,0.06720394760070315,0.0638024176594221,0.06460571711171988,0.06801650061885685,0.06849162788691895,0.062340623606346644,0.06784707127416305,0.0697554093908529,0.0668989267151189,0.06328949205014756,0.07251598953424189,-1.6351909497248418e-05
2021-09-10,0.06455295126810005,0.06591315164611482,0.06987284463638743,0.06494510148353198,0.06698305533529611,0.06386337493499757,0.06533265822556623,0.06715845544151838,0.06850444129310322,0.06268339056520232,0.0670512384467606,0.07231481335997877,0.06630811603449902,0.06290918654418283,0.07162366573088016,-1.6444946119544306e-05
2021-09-13,0.0654245752587797,0.06605655551996958,0.0689329853652295,0.06554919281035722,0.06692360493316336,0.0638632651363249,0.06481694757933007,0.06623061611799985,0.06862728140008671,0.06195584089576236,0.06880626514166968,0.07054607644777237,0.06788414084606992,0.06258935507518824,0.07180968276241559,-1.638529011900222e-05
2021-09-14,0.06602824978949358,0.06572533388038083,0.06967372982759579,0.06360426709066837,0.06643518499156832,0.06320060114701018,0.06381717984201851,0.06613086282446819,0.06912872967683109,0.06273159466786869,0.06918714113732857,0.06986969109279154,0.06843868525217672,0.06283857310403831,0.07320657975589287,-1.6404080131617505e-05
2021-09-15,0.06683443676964321,0.06606531722668389,0.06933629709466327,0.06343845988808594,0.0663181243183569,0.06325843410282814,0.06436857987365584,0.06713719593974583,0.06942595473940989,0.06306671296616452,0.06970266856959084,0.06961830997733702,0.06767639297415244,0.061146104475843045,0.07262349119699306,-1.648011315389872e-05
2021-09-16,0.06738004429119121,0.06583835624142881,0.0694165257339807,0.06401784045077231,0.06699050866830886,0.0626212681602427,0.06548561433516815,0.06847393635458439,0.06852825742248254,0.0625054102296405,0.07132831664189804,0.06972298469970657,0.06530295532070986,0.059828495410467836,0.07257602347224622,-1.6537432828725915e-05
2021-09-17,0.06619625860799444,0.06512841744949713,0.06898262993676499,0.06466396814024858,0.06631750408650357,0.06306877293811787,0.06631524176353054,0.06941427755406618,0.06837544490398013,0.06021337460660657,0.0714025451496812,0.07050556773194665,0.06479820238417425,0.06134130831266276,0.0732929105622232,-1.642412799812621e-05
2021-09-20,0.06648171390863485,0.06577725468256138,0.0691620857117554,0.06275428735156911,0.06585368786534702,0.0639784702891135,0.06553479734976195,0.06913550844913889,0.06725961053091538,0.061830843042993855,0.0732901412988388,0.06940324325808475,0.06491941421083551,0.060539697275043,0.07409564839163656,-1.640361623004945e-05
2021-09-21,0.06717605401927922,0.06669107480897224,0.06980271668165924,0.06523622439940407,0.06540327692017187,0.06293495305050309,0.06556350855558472,0.06799181901391807,0.06615314157458628,0.06122679034043,0.07262087215135372,0.06868983293861555,0.06589885319976507,0.0603398080930475,0.0742875664898161,-1.6492237106760713e-05
2021-09-22,0.06776066838274857,0.06619237206523546,0.06962487801871882,0.06553203961776684,0.06388440570038711,0.06103488978207935,0.06589755670728019,0.06849665858344561,0.0682126061986732,0.061408143952378806,0.0736241493176811,0.0685020277645858,0.06628164916129028,0.06221068018017885,0.07135376769743573,-1.6493129885796084e-05
2021-09-23,0.06791942654760325,0.06751970014119861,0.0697319894225215,0.06667437094596405,0.0633045833018406,0.06092336132751193,0.06583581065090327,0.06625430818511552,0.06694061176376614,0.060284292802350176,0.07450890990673635,0.06942290586062676,0.06657708895468015,0.06306923740091987,0.07104986694664261,-1.646415838081878e-05
2021-09-24,0.06870408570535175,0.06754083096597546,0.0697931582806098,0.06648990244093289,0.06385054013124038,0.06061484602141426,0.06672763930590855,0.06521725532848734,0.06587659531342605,0.06095477518989493,0.07443773954713978,0.06892644550971239,0.06765262690241548,0.062406874825617444,0.07082314864459613,-1.646411272250521e-05
2021-09-27,0.06970871640034904,0.06869001430072073,0.07108032812637498,0.06637219055639705,0.06490205099129706,0.05996891584046692,0.06601359528811679,0.06314530015293646,0.06762111869778839,0.0602362942255896,0.07440924023587595,0.06798346805938364,0.06859566691272735,0.0620886582779382,0.06920092558596214,-1.648365192433313e-05
2021-09-28,0.07015793806628935,0.06784826188539393,0.07060105845267525,0.06492019154582146,0.06393116741864954,0.06025067973298221,0.06441998028200953,0.061972349200362535,0.06778708223460458,0.05987860199960555,0.07700470262395247,0.07026653793727672,0.06772732391940132,0.06288372888181298,0.07036691348535708,-1.6517666194429843e-05
2021-09-29,0.07018523679333652,0.06722857679692154,0.07102405132640378,0.06519016579651166,0.06398594458637726,0.06096862084122985,0.06416523655290919,0.061342933700504934,0.06832430853807758,0.06061817824067466,0.07601760115715316,0.07182177918415845,0.06604488676626567,0.06262223136184959,0.07047686295447003,-1.6614596843708107e-05
2021-09-30,0.06666803154498879,0.06666803154498879,0.06666803154498879,0.06666803154498879,0.0666680315449888,0.06666803154498879,0.06666803154498879,0.0666680315449888,0.06666803154498879,0.06666803154498879,0.06666803154498879,0.06666803154498879,0.06666803154498879,0.06666803154498879,0.06666803154498879,-2.047317483172685e-05
2021-10-01,0.06749630852099532,0.06653711287313444,0.06622724804911276,0.0659679650940258,0.06716598430706115,0.06573941995497917,0.06810017170772363,0.06826669662338408,0.06670169876888918,0.06643848856088118,0.06756113800140653,0.06768110712642823,0.06551657322197324,0.0658205524019508,0.06479993186792729,-2.0397079872652734e-05
2021-10-04,0.06810637268632143,0.06733322458405444,0.06560212549263518,0.06596735103914676,0.06641502016207038,0.065326137558919,0.06897184198732131,0.06791893146603556,0.06676125899272473,0.06511128634769002,0.06813424870287041,0.06800033341058881,0.0650344000344598,0.06595632762923469,0.06538163804587942,-2.0498139951921745e-05
2021-10-05,0.06775298781697818,0.06649673275368674,0.0670538761508698,0.0656593614841791,0.06651227706504594,0.06634941021939325,0.0724513497357577,0.06690339665180335,0.06739223018807235,0.0645757713032477,0.06772988490772451,0.0673652625036872,0.06393340112851859,0.06609774616142854,0.06374685783283103,-2.0545903223846025e-05
2021-10-06,0.06845220475489915,0.06662633884458002,0.06745533560161986,0.06540283517626168,0.0663134311705584,0.06669422971450317,0.07142268126210605,0.06666802236516149,0.06663819721165648,0.06378650680976465,0.06552398969557333,0.06900228317028602,0.0632711828306831,0.06761517297321103,0.06514815824882862,-2.056982969317833e-05
2021-10-07,0.06795732588688647,0.06622236787202837,0.0696692250815251,0.06705435926621026,0.06662571910019759,0.0672570472843826,0.07117946125845057,0.06742382282974674,0.06627221193201215,0.06209847734172245,0.06445957627859127,0.06939221404731648,0.062346069753645705,0.06789364332631657,0.06416914690953984,-2.0668168572228153e-05
2021-10-08,0.06732307588101184,0.06666544329923468,0.06972265497503048,0.06692144149202758,0.06721283140692451,0.06754860158596919,0.07243919263338511,0.06686674664998338,0.06573567827657184,0.060741240865920164,0.06390474255811136,0.07040524111627064,0.06366446775128884,0.06897135044934591,0.06189791469947221,-2.0623640547807567e-05
2021-10-11,0.06791685518455609,0.0653352141396671,0.0703042324162673,0.06655157569578429,0.06769918191106558,0.06631132498262443,0.07349356397086253,0.06540026616937485,0.06500719878541804,0.05973214056086733,0.06202038673794836,0.07044080836697947,0.06561160110483691,0.07224690358937706,0.06194933709584188,-2.0590711471256107e-05
2021-10-12,0.06822084920942517,0.06509694610151075,0.07026206060904454,0.06589756756968237,0.06745937451017849,0.0663763366485992,0.0724939658625504,0.06494870646420046,0.06457509297284666,0.06014981257502419,0.060600777498888966,0.06997839166844314,0.06742721314632852,0.07336220388782003,0.06317116417304643,-2.046289758918462e-05
2021-10-13,0.0683027140388227,0.06537358372251967,0.07109516942332958,0.06714765107992392,0.06593171741399365,0.06532950534165666,0.07385892651011086,0.06476944573259641,0.06400774214925602,0.05905149146934976,0.0601314410560194,0.06841087601968508,0.06999166448141898,0.07343032444878227,0.0631882257746302,-2.0478662095456216e-05
2021-10-14,0.06849190941465855,0.0658293563491216,0.07162628442917834,0.06779203464663196,0.06525271188790914,0.06490894685192235,0.07443128500621242,0.064120107362235,0.0638400500792357,0.05926737439559728,0.06074437898541659,0.06619668937308334,0.07069677102864179,0.07294204611703475,0.06388047195089311,-2.0417877771721595e-05
2021-10-15,0.06847636552839313,0.06640006942797544,0.0721310951578861,0.06832786743298942,0.06590553800986829,0.0646711687036398,0.07391683066097779,0.0644381989769052,0.06406348556093223,0.058555019016030066,0.060700434509059785,0.06568102294186122,0.06913834874444315,0.07412291444139335,0.06349190137315207,-2.026048550701889e-05
2021-10-18,0.06987065635306468,0.06537396909390189,0.07177240346899448,0.06842679079631804,0.06688951684893824,0.06507578221775832,0.07431246170977139,0.0634842802524151,0.06303989804697853,0.05892119586648935,0.05943529613715052,0.06517647727486348,0.06983840897650383,0.07289553884473861,0.06550760058949118,-2.0276477377626416e-05
2021-10-19,0.07117640298608603,0.06478915418424627,0.07155445188232172,0.06710773313384909,0.06672799768642768,0.06618739085578847,0.07443059836496077,0.06436159799307205,0.062063589986782,0.06008623408452291,0.05933281260872403,0.0656695025211833,0.0702396520446385,0.07173536347254919,0.06455793344485447,-2.0415250006585092e-05
2021-10-20,0.07149346362621549,0.06475041854116595,0.07203351079837239,0.06705040648537632,0.06654086952568476,0.06443132709080948,0.07382706909129158,0.06405042666783743,0.06358043537808133,0.06045998757320025,0.06054305262731827,0.06604368851065641,0.06906459992216962,0.07158076052154279,0.06457030001141159,-2.031637113371793e-05
2021-10-21,0.07054329196258825,0.06421281649296437,0.07155717065632947,0.06798671078605191,0.06457754444902014,0.06514489110836078,0.07258124775710625,0.06253775857225652,0.06442015406375959,0.06088956934998209,0.06151485179411385,0.0666579326270268,0.07126497882782167,0.07201337336321154,0.06411792998903028,-2.0221799623513025e-05
2021-10-22,0.07081280300987404,0.06506049049956403,0.07100016748137895,0.06752313834290743,0.06437976963156104,0.06343299382213723,0.07277094961742188,0.06091389560100895,0.06452283485164574,0.06175856052351474,0.06109254412288825,0.06860436221810456,0.0695033125882065,0.07364551962133954,0.06499888756115235,-2.022949270514303e-05
2021-10-25,0.07011598350511865,0.06728044953464526,0.07141486557232278,0.06728212485864747,0.06369662001460086,0.06367276429690015,0.07312876247092628,0.061409741903784024,0.06466833595559851,0.06278528220739826,0.06111962431440606,0.06681624632483579,0.06979392232692537,0.07095254095031875,0.06588309223288573,-2.0356469313843836e-05
2021-10-26,0.06937491128601385,0.06730398336359736,0.07233581313916312,0.06646705667309706,0.06443911250417111,0.06324376551817669,0.07477194363646332,0.061022898012339136,0.0637911408221331,0.06338657246660737,0.06062484960044305,0.06580097532039554,0.06914046082832825,0.07082670141777547,0.0674901407766378,-2.0325365342388255e-05
2021-10-27,0.06806190159988926,0.06727673213595226,0.07277940835864523,0.06657579471580671,0.06542800783854914,0.0631503134121943,0.07454868806336157,0.06150618571692482,0.06385705441211491,0.06297664591539494,0.06110803160613629,0.06505373808953538,0.06837696221552259,0.0701246680078101,0.069196175697557,-2.0307785394555124e-05
2021-10-28,0.0661623252683596,0.06772360770027372,0.07299971715571496,0.06546744286738675,0.06585229348966919,0.06370963038748305,0.07534995410345904,0.05936096065443598,0.06533625453424656,0.062433484946369994,0.06196546503872475,0.06605857511755042,0.06752352865585617,0.0711788709478504,0.06889824566426139,-2.0356531641900472e-05
2021-10-29,0.06666791320714825,0.06666791320714825,0.06666791320714824,0.06666791320714825,0.06666791320714825,0.06666791320714824,0.06666791320714825,0.06666791320714825,0.06666791320714825,0.06666791320714825,0.06666791320714825,0.06666791320714825,0.06666791320714825,0.06666791320714825,0.06666791320714825,-1.8698107223568253e-05
2021-11-01,0.06635016820945486,0.06649015797237627,0.06653730235655475,0.06712196765219276,0.06777519556932958,0.06697155636060562,0.0677339294579854,0.06575665548739555,0.0662595502587993,0.0659224301371902,0.06701305893450046,0.06627186993672238,0.0675308285935929,0.06554865173201586,0.0667353680424573,-1.869070117298776e-05
2021-11-02,0.06666965433280321,0.06499379775035648,0.06795204793493832,0.06679837883614528,0.0660058605453497,0.06700518164966422,0.06766330928813481,0.06558414241968968,0.0671377399455017,0.06659306293081754,0.06724332338533628,0.06668472848896215,0.0673180136487389,0.06758065296929038,0.06478876179184995,-1.8655917578826316e-05
2021-11-03,0.06670898510914287,0.06499104166298707,0.06850264129134574,0.06610923251665415,0.06456830876415479,0.06710048769820032,0.06788214739398218,0.06693277046170357,0.06583879233498666,0.06775409733361858,0.06978967540233151,0.06623225923709797,0.06576825067536894,0.06705556310402899,0.06478438564437397,-1.8638629977324054e-05
2021-11-04,0.0670353130629352,0.06457592244593728,0.06962666753171565,0.06524140760605487,0.06318429666262375,0.0680327008220895,0.06578137802367608,0.06672358693610775,0.06887122979587633,0.06772943337164662,0.06851307297774165,0.06616017151665031,0.0657035933408494,0.06724746611068212,0.06559238667541531,-1.8626880002005267e-05
2021-11-05,0.06641666675647807,0.06571980913703347,0.06985634090865324,0.06582997904564304,0.06274661937144176,0.06920548250474899,0.06560329329509759,0.06703904810538135,0.06797314501590213,0.06673835344325146,0.0693372675647835,0.065724684784375,0.06478013304002155,0.06652367990512345,0.0665241313672466,-1.8634245181061385e-05
2021-11-08,0.0657196134007898,0.06534277804282682,0.06955164325928556,0.06409275945225154,0.06135025662431439,0.06919531630346458,0.06466438679390371,0.06774455893380839,0.0686483309417003,0.06719116597746533,0.07107341054149365,0.06535237390222494,0.06523950315914917,0.06553834354919119,0.06931410434439804,-1.8545226267256514e-05
2021-11-09,0.06674284290337171,0.06514911585421136,0.06962853287701729,0.06489505259688394,0.061056967009907336,0.06840903548396789,0.06523448687955398,0.06762220742548078,0.06863613257009842,0.06613185397202688,0.06890133624336264,0.06542884800863283,0.06609121284766108,0.06508966932627841,0.07100118984912954,-1.8483847584188496e-05
2021-11-10,0.0659431154846056,0.06410945846402631,0.06920843214404471,0.06449103690365864,0.0613040693711602,0.06737540403799719,0.0660933661744537,0.06914727323463057,0.06824350946442392,0.06706945801111619,0.06737831449052835,0.06627836935159594,0.06696666290053752,0.06578259297133178,0.07062731797789826,-1.8380982009062588e-05
2021-11-11,0.06446809451730412,0.06405793962883329,0.0691365293472315,0.06413632612968112,0.061752066814345544,0.06740510005379853,0.06574168752798062,0.06851183583812591,0.06791905927072883,0.068643069984113,0.06705617957684872,0.06609792275330939,0.06683166739437249,0.06659057258570829,0.07167043067348024,-1.8482095861548114e-05
2021-11-12,0.06295001345540872,0.06506975597060657,0.07058969474174469,0.06370941430236109,0.06135752327810975,0.06738547949511692,0.06543160741259084,0.0691119987028577,0.06632605613496644,0.06783189858148882,0.0691159280729809,0.06543300737919949,0.06867923626448252,0.06740627861115887,0.06962068526063994,-1.8577663713400675e-05
2021-11-15,0.0627091666649137,0.06435914190995057,0.06956029169384756,0.06326964896717364,0.061115257313638864,0.06734197701079002,0.06583370530008038,0.06884620077114553,0.0643516852005599,0.06669257447771322,0.07172221724345663,0.06560588290027354,0.07085842899198323,0.06846936382609399,0.06928285024887405,-1.839252049493435e-05
2021-11-16,0.06311825216250791,0.06457297226356638,0.06850930101414672,0.06352011790108011,0.06224825509126048,0.06707877304907556,0.06645362253870289,0.06994613894064501,0.06372997509919852,0.06648526167501044,0.07081882489602292,0.06495360790555665,0.06953573402218405,0.06761824707445742,0.07142937264536765,-1.8456278782708508e-05
2021-11-17,0.062276634881288394,0.06435187817406035,0.06781917619339961,0.06408024534926408,0.06294776329866933,0.06751082761498567,0.0664240633016476,0.06940143175171606,0.06232084022467559,0.06818393534903353,0.06963692736785172,0.06539054948844303,0.07051719058771008,0.06664260568445951,0.07251429614101365,-1.836540821822917e-05
2021-11-18,0.06251318776523802,0.06525683238138567,0.067250138018445,0.06292597423441701,0.062355875742575104,0.06747120706358208,0.0662617010584489,0.06879378938962924,0.060362854341105825,0.06846585791471237,0.07163688650000384,0.06569914435863763,0.07105263155682671,0.06713341086527697,0.07283880820423874,-1.8299394523188125e-05
2021-11-19,0.06298902865392013,0.06544256202769481,0.06694786386819154,0.06228318187027657,0.06210103995634798,0.06767259987969404,0.06591247221909304,0.06903235892024355,0.060698398667699986,0.06928685855956847,0.07305918788063222,0.06572846980762583,0.06936460008490773,0.06665731851753356,0.072842333272218,-1.8274185647317978e-05
2021-11-22,0.06177012680270077,0.06622866851182416,0.0669175456636188,0.062433105727872334,0.06300908202553025,0.06699825465212055,0.06629856374521265,0.06879770171071609,0.06042255037868011,0.06833421437800151,0.07489728807212065,0.06519908029551698,0.07009589640777962,0.06427311487679517,0.07434303997586819,-1.8233224357784243e-05
2021-11-23,0.06253859031189267,0.06645998430340914,0.06692263751654776,0.0628801796169734,0.06492825915204994,0.06565526000406742,0.06717545956505205,0.06809074251916025,0.06056795367547951,0.06825730735464848,0.07458315335775514,0.06536932277365709,0.06889503910585036,0.06566415679139162,0.07203022868867189,-1.8274736606830082e-05
2021-11-24,0.06319032282313589,0.06659295614139615,0.06643027072517943,0.06336526450153386,0.06404506577479427,0.06604586441254086,0.06624582054534527,0.06891230205432324,0.060066908855003466,0.06815592512003192,0.07535625903574991,0.06487948008602286,0.06921295629691125,0.0642154623706805,0.07330350911429798,-1.8367856947009354e-05
2021-11-25,0.06404404870249786,0.06826389814496955,0.0662925258065997,0.06374465293211412,0.062472165357453605,0.06711824775284031,0.06674277276901722,0.06824041039576793,0.06099340084930628,0.0676928510249469,0.0745858509546987,0.0652164283294075,0.06773383019335588,0.06523081949140938,0.07164640437240713,-1.8307076792212386e-05
2021-11-26,0.06366345959577965,0.06790898729334958,0.06710841484447236,0.06355334635010053,0.06170325969413049,0.06687412841910967,0.06699331774998067,0.06738152989991675,0.06020529454313616,0.07020922214777914,0.07386302526827114,0.06514199660688733,0.06759089690862505,0.06501421523146109,0.0728072824235892,-1.8376976588801046e-05
2021-11-29,0.06423047641984654,0.06769719293274645,0.066212979123187,0.06448464401562122,0.06163569124995652,0.06836375308594445,0.06497109754286484,0.06757807149594008,0.061930647767044794,0.06983866381588581,0.07361050433779459,0.0654837547468993,0.06694784644517134,0.06466524619536164,0.07236780323066037,-1.837240492487761e-05
2021-11-30,0.06666768857679242,0.06666768857679242,0.06666768857679242,0.06666768857679242,0.06666768857679242,0.06666768857679242,0.06666768857679242,0.06666768857679242,0.06666768857679242,0.06666768857679242,0.06666768857679242,0.06666768857679242,0.06666768857679242,0.06666768857679242,0.06666768857679242,-1.5328651886206778e-05
2021-12-01,0.06772285361006436,0.06672054869129711,0.06718230978456134,0.06671845201710391,0.06610389289503317,0.06473050865008596,0.06683257937624218,0.06591729329130155,0.06585984213943705,0.06613740524834294,0.0685384069733781,0.06936067561458693,0.06691308145533229,0.06609675448057056,0.06518071420871026,-1.5318436047561917e-05
2021-12-02,0.06831753706222088,0.06822101901264314,0.06729721730373833,0.06518470147414908,0.06693834810975749,0.06584171623662993,0.06569715100408656,0.06638178221778664,0.06660346682991732,0.06636571896757258,0.06797350548931189,0.07087702824699049,0.06675042561656205,0.06461146887843694,0.06295429534788555,-1.538179768893418e-05
2021-12-03,0.06907535281625092,0.0685932198258546,0.06731043089799457,0.06480852110974254,0.06646199206178578,0.06489037592262402,0.06527289902924233,0.06434848994559429,0.06583743837690927,0.06600890394061176,0.06860858074184062,0.07079403883595442,0.06764928514272905,0.06616987559829,0.06418596205408833,-1.5366299512688266e-05
2021-12-06,0.06920412161524751,0.068427129149102,0.06643034087550768,0.06519620217255587,0.06765127538019332,0.06501670904774332,0.06680088054583252,0.06280833042692163,0.0645579813123269,0.06672998490683021,0.06874459697108684,0.07219916993320726,0.0674800960334664,0.06498043558483743,0.06378806982176854,-1.53237766275268e-05
2021-12-07,0.06842938583859173,0.06787284691413863,0.06735532610392934,0.06607399934244844,0.06818373114724592,0.06380318564675047,0.06671072593649996,0.0619362262058754,0.06591918932894254,0.06636290470172598,0.06778043405326734,0.0724988007796279,0.06696760455240364,0.06698352353652003,0.06313748771211602,-1.5371800083393752e-05
2021-12-08,0.06757740697033428,0.06644739278123216,0.06738918685912235,0.06570480775719446,0.06706023142842134,0.06483550208211444,0.06737523192042069,0.06197196321390688,0.06732166185617493,0.06711444957655793,0.06694846432516899,0.07130585183024492,0.06800436616072993,0.06754448680382859,0.06341437715218327,-1.538071763533597e-05
2021-12-09,0.06716308960585592,0.06698393836722916,0.06696905185434264,0.06575698567629511,0.06837481093278144,0.06441630212060512,0.06608044016208421,0.06117477440617753,0.06845919811478372,0.06752368784237871,0.06695341174726499,0.07084869707278131,0.06873564485521105,0.0666495690979756,0.06392580473774706,-1.5406593513629666e-05
2021-12-10,0.06700508028139068,0.06668171007736542,0.06681702658141898,0.06577977149716349,0.0686555204163042,0.0649163296114607,0.06309039878479239,0.060764235733750796,0.06838905320705564,0.0694352863152944,0.06610316571739348,0.07139136646312974,0.07088565965085034,0.06537828906780563,0.06472258079435016,-1.5474199526058993e-05
2021-12-13,0.06611551260000874,0.0659621608537138,0.06586118819116359,0.0648586400786872,0.07052597868335132,0.06525164407890119,0.06367161521421831,0.060848625317889184,0.06639044996662662,0.06947749956202903,0.06688437404912975,0.06998176531113114,0.0716963822327151,0.06586110932729028,0.06662843685286521,-1.5382319720374876e-05
2021-12-14,0.06620714318057046,0.06558043051174767,0.06595903017774826,0.06628526732745343,0.06933693646136223,0.06387060943588041,0.06410062378428902,0.06080286290924996,0.06676869025867303,0.07089210219408777,0.06665977177596277,0.06815527174356296,0.07469028272174476,0.0650350710098118,0.06567136811586335,-1.5461608007912687e-05
2021-12-15,0.06666036499683478,0.06509550172436436,0.06568397182420134,0.06642173868021939,0.07000835060128725,0.06338112629868023,0.06519452915571425,0.05876561482121891,0.0672975541450028,0.0697383932055787,0.06791852644417166,0.06809759861909691,0.0735721723776428,0.06561104820606335,0.06656891264591637,-1.5403745993018177e-05
2021-12-16,0.06775499447201773,0.0650820367510648,0.066017124142607,0.06710808318149453,0.07070161859451475,0.06465820700846976,0.06408577052617151,0.059663631539506407,0.0677130631224768,0.06955736844514837,0.0678120432009386,0.06857107148238974,0.06965865033181931,0.06546393778658856,0.06616795864659615,-1.555923180407946e-05
2021-12-17,0.06779830709528445,0.06427099872787434,0.06557956033242202,0.06800247780850409,0.07125067497229819,0.0651293504523693,0.0633859802771254,0.0598716800795271,0.06719820453799781,0.06906015259620032,0.06798266070877293,0.06760497418283326,0.07119438200245616,0.06501157962598393,0.06667450473306524,-1.5488132714513883e-05
2021-12-20,0.06867980397895497,0.06489594139470119,0.06453792911608561,0.06830477516593642,0.07194176158442597,0.0658346005833227,0.06239820181405923,0.05928223615970957,0.0681551753654701,0.06821079921310508,0.067621919733134,0.06937199846229318,0.07110626648907505,0.0641272179992695,0.06554684654983536,-1.547360937799408e-05
2021-12-21,0.0686316753357597,0.06377673046025008,0.0641225787922769,0.06830892422665336,0.07280509916039739,0.06615292103497608,0.061570630004443995,0.060052954455166764,0.06760750645555011,0.06666356573053614,0.0671941924465488,0.07080436175241632,0.07106323078552004,0.06391959099485581,0.06734144962133645,-1.5411256687878762e-05
2021-12-22,0.06755864570823164,0.06281383184586298,0.06287261523121776,0.06845984268623789,0.0728043613490353,0.06732631715497907,0.061651125564574985,0.05959305340443595,0.0674798363383869,0.06665931589862913,0.06525395500407649,0.07390526825822344,0.0715819683422586,0.06405027401830478,0.06800496440274438,-1.5375207199475582e-05
2021-12-23,0.06770630539256814,0.06244484148884933,0.06216751978818618,0.06862717330395388,0.07282551763549207,0.06633780420623872,0.06256038587264903,0.05958409228066667,0.06792017481253128,0.06781078816623322,0.06500264693472228,0.07399004420043953,0.07229781322017506,0.06294431903485233,0.06779587685619001,-1.5303193747738643e-05
2021-12-24,0.06742912897354354,0.06151618201430868,0.06339059975420942,0.06716898981664793,0.0713074639410887,0.06710921190749018,0.06284009423812152,0.05841991221053586,0.06818641780941725,0.06900708185758636,0.06464647956069382,0.07684957853684153,0.06976563420353085,0.06342693817312849,0.0689515064733723,-1.5219470516391892e-05
2021-12-27,0.06765059464535482,0.06107799043486266,0.06287352801904969,0.06717303896299202,0.07165525927623632,0.06729259902782019,0.06340822679398522,0.05729469901580294,0.06762510344909944,0.0676714605631768,0.06393324615056828,0.07779147202413847,0.0695653946089602,0.06612431502392883,0.06887821095153952,-1.5138947515381242e-05
2021-12-28,0.0679621869284339,0.06139237642481427,0.06269638014512975,0.0674053840436693,0.07293842409596149,0.06767274311353078,0.06299344767528532,0.056783440130699206,0.06745988109662444,0.06804005428972401,0.06545055970953757,0.07636378117627964,0.06947824090118347,0.06659045859678464,0.06678783876143778,-1.5197089095840427e-05
2021-12-29,0.0674386682027323,0.06098219982762206,0.06217190667306019,0.0675712135114077,0.07281707551573866,0.0672121963385093,0.06337898968426493,0.058191304113566406,0.06912885845819144,0.0660383902167444,0.06609226161326452,0.07617145720460611,0.06970309046942949,0.06614324407970663,0.0669743408014036,-1.5196710247602195e-05
2021-12-30,0.06746825667904782,0.06056652821271504,0.06151276304398533,0.06716257885226772,0.07296020662179575,0.06767082640073097,0.06405619965955114,0.057738098427197675,0.06936707346680433,0.06697536086398714,0.06729192312204615,0.07604422578879806,0.06938783266947515,0.0663321886565356,0.06548111618560502,-1.5178650542870417e-05
2021-12-31,0.06666774424885734,0.06666774424885734,0.06666774424885734,0.06666774424885734,0.06666774424885734,0.06666774424885734,0.06666774424885734,0.06666774424885734,0.06666774424885734,0.06666774424885734,0.06666774424885734,0.06666774424885734,0.06666774424885734,0.06666774424885734,0.06666774424885734,-1.6163732860319435e-05
2022-01-03,0.06793080923280184,0.06640058092371282,0.0670575596230272,0.0665089129211425,0.06674508851968028,0.0687330487824666,0.06673659822458548,0.06735866059087098,0.0675569836935225,0.06597984833125566,0.06609442883276151,0.0656609948484265,0.06598460596145705,0.06354876438957166,0.06771935699995446,-1.624187523699508e-05
2022-01-04,0.0685912835906325,0.06587008989247398,0.06540866839346128,0.06539696340752767,0.0657500624616502,0.06720155399105969,0.06688127345415558,0.06749810233130109,0.06578257963279963,0.06610520755721158,0.06710392764984094,0.06714498595181641,0.06866554213626633,0.06193384116742939,0.07068200277889493,-1.6084396521152183e-05
2022-01-05,0.06837519257886858,0.06548980351491702,0.06565625633048887,0.06497862131156835,0.06608918907209935,0.06608667153162488,0.06669024254643442,0.06875466776369843,0.06575468731825694,0.06628036518654673,0.06765273119782801,0.06850543239963362,0.06670790410959514,0.06262854834414533,0.07036577116028829,-1.608436599385748e-05
2022-01-06,0.06887366672202741,0.06657206274786427,0.06518333421603081,0.06459586690004586,0.06491136506215149,0.06600528198791462,0.06828654614103696,0.06904260922190802,0.0648292856675659,0.06617316034626743,0.06641862373587638,0.06761008276935565,0.06756908607462697,0.0616620576438075,0.07228314371448373,-1.6172950963224372e-05
2022-01-07,0.06875948101027816,0.06656588324455286,0.06492699195380056,0.06510974952510448,0.06547153689201769,0.06623276649825881,0.0687507646421427,0.06878086712520337,0.06530132285838715,0.06577805902777864,0.06637429218620633,0.06725148305213657,0.06698387933412367,0.06085048431363927,0.07287859212479347,-1.6153788423799937e-05
2022-01-10,0.06936896146925815,0.0671227972434229,0.06382726163959025,0.06584861359163162,0.06499930763093184,0.06652034610221573,0.06768560720653029,0.06869338023032374,0.06539225713282697,0.06405584735391921,0.06681399457336581,0.06856040734214894,0.06656929753631755,0.06216413682451724,0.07239387858954752,-1.6094466547799653e-05
2022-01-11,0.06977413345427502,0.06547510095597377,0.06535573946940634,0.0668386478976233,0.06464151349197454,0.06470723806377467,0.06781288889224839,0.06715551696903338,0.06569620337283782,0.0643415581643284,0.06567157926432007,0.06972681479032576,0.0673863951776327,0.06315504835125214,0.07227767807293742,-1.605638794386237e-05
2022-01-12,0.0685939588509861,0.06588768240977227,0.06493474216381158,0.06554260982011603,0.06547455227093545,0.06621958713744819,0.06754335386926642,0.06897509636382028,0.06556397252343182,0.0637483970300707,0.06478627116514342,0.07141697507767807,0.06624830859287414,0.06379455279234988,0.07128593551335424,-1.599558105857208e-05
2022-01-13,0.06832440224749299,0.06660465115763559,0.06469919085252418,0.06527127287794994,0.06641080303117416,0.06761362312618076,0.06817118612994033,0.06837753882839596,0.06510922167913563,0.0638705846336744,0.06516876656660239,0.07027860275369528,0.06713947216510699,0.06394433966496883,0.06903234342171677,-1.5999136194249252e-05
2022-01-14,0.06744486564240387,0.06599275878208728,0.06438472866957323,0.06641579045516391,0.06633512328813723,0.06661784245687837,0.06810309904210775,0.0677686612450527,0.06516740731078616,0.06419594110290701,0.06618876498631278,0.06998125291037352,0.06880733199547655,0.0647570045635205,0.06785535739333973,-1.5929844120699235e-05
2022-01-17,0.0682401749487311,0.06562380870598042,0.0632399977106354,0.0670784805280669,0.06741148494447036,0.0660063924527814,0.06704971243833002,0.06701482950596517,0.06528742494610705,0.06490273579126794,0.06622441361537043,0.069499117881106,0.07001051902211837,0.06383854467371212,0.06858814778388983,-1.5784948532697167e-05
2022-01-18,0.06859891572155055,0.06643928310569439,0.06367138343620674,0.06757754819394508,0.06764701301331746,0.06769111888196579,0.06692908008253352,0.06685577094492684,0.06789684454345103,0.06643154275412427,0.06419458795761188,0.06940892070583021,0.06835109741022186,0.06325836145534866,0.06506443986820463,-1.590807493294563e-05
2022-01-19,0.06835866379701108,0.06552800809407934,0.06357530026838998,0.06617681932996428,0.06757307517708841,0.06719172357478327,0.06814613991640187,0.06805535681668716,0.06855194372659454,0.06596556138331729,0.06613034204060081,0.06746256962678794,0.0665437269990621,0.06304540276439746,0.06771123623891614,-1.5869754081838937e-05
2022-01-20,0.06861193490621836,0.06577639717244578,0.06294136835362382,0.06727702630497745,0.06874777803002916,0.06826300749094404,0.06795932011393979,0.06776651815479214,0.06762992288340834,0.06644004411866636,0.06535769976991211,0.06651579628767146,0.06644350457754307,0.06285849817558821,0.0674271395528709,-1.5955892631061435e-05
2022-01-21,0.06887250663235996,0.06579098513942754,0.06271107681644869,0.06738312027040433,0.06788642857037133,0.06832338025513766,0.06806771915272795,0.06629635898712151,0.06860333142418797,0.06550833883975728,0.0654321253578249,0.06780202261823048,0.06750425616984504,0.06288283494368702,0.06695145787964037,-1.59430571720924e-05
2022-01-24,0.06946453633706053,0.06621882522481658,0.062274007334404184,0.06675088245814621,0.06616199336459891,0.0684438779059059,0.06797937275195878,0.06735320540740769,0.06896027257263844,0.06685802860676102,0.06468888688440994,0.06910065753287088,0.06687722633198202,0.06377442801583391,0.06510973355177202,-1.5934280567041127e-05
2022-01-25,0.06932485246389596,0.06461640234129924,0.061835692525026645,0.06681042734539003,0.0654731687843866,0.06724660157263936,0.06847681112678787,0.06698375329563604,0.06818554415864213,0.06663596689433157,0.06718462033532949,0.07016930219107123,0.0679758076072295,0.06403245858779825,0.06506445461520875,-1.586384467284104e-05
2022-01-26,0.06857252262375643,0.0649478972531855,0.06226008090379503,0.0661674216350493,0.06533854124776255,0.06633860025886934,0.0692783784156502,0.06859138483003062,0.0701571562194457,0.06789075140530167,0.06695305354517106,0.06872279562790888,0.06669823882509093,0.06333006644157947,0.064769162698293,-1.6051930889561174e-05
2022-01-27,0.06844159166205488,0.06425725618472894,0.062466426725962934,0.06597028833959921,0.06532812302146307,0.06729085204881798,0.06815933013904545,0.0689843116564474,0.0701303884990908,0.06752959707966023,0.0679047033723948,0.06973534948050598,0.06558702804554184,0.06311790323306846,0.06511289282585792,-1.604231423992946e-05
2022-01-28,0.06849303615914706,0.06485544277501445,0.06286886166787665,0.06758770992227496,0.06433537303135117,0.06741914688105777,0.06756006555627549,0.06982093762119439,0.06869122473880179,0.0681365675062987,0.06745557414129504,0.06912345517682694,0.06415836286633576,0.06281539413656666,0.06669494051308074,-1.6092693397692835e-05
2022-01-31,0.0666673193933778,0.0666673193933778,0.0666673193933778,0.0666673193933778,0.0666673193933778,0.0666673193933778,0.0666673193933778,0.0666673193933778,0.0666673193933778,0.0666673193933778,0.0666673193933778,0.0666673193933778,0.0666673193933778,0.0666673193933778,0.0666673193933778,-9.790900666738223e-06
2022-02-01,0.066354650607175,0.06703586265841598,0.0670146440751918,0.06643245951379621,0.0650241573615986,0.06900256276674174,0.06802045790297602,0.06713722669088211,0.06571570647036805,0.06634340865570787,0.065877672520461,0.06788098104809874,0.06677220901125935,0.06551878711307185,0.06587896971364125,-9.756109385719066e-06
2022-02-02,0.06685545721632942,0.0679182501169127,0.06791901691853308,0.0668131310831146,0.06463667638393561,0.06594529545786013,0.0680990304476836,0.0669464994288392,0.06566872625303566,0.06621572935725614,0.06428707504969568,0.06833396327876158,0.06733209282180762,0.06615753211426749,0.06688124885866763,-9.724786700111554e-06
2022-02-03,0.06714547170504342,0.0675462411139747,0.06777855410261843,0.06679762448115219,0.0646404684417065,0.06670772618186883,0.06860868688376844,0.06883672418182682,0.06774237324979832,0.06622422484415451,0.06022869607135125,0.06968611715132161,0.0666258300730685,0.06512706802609648,0.0663139031177793,-9.709625529393552e-06
2022-02-04,0.06718834550537935,0.0682983537521129,0.06696632842332949,0.0662993499715011,0.06523393590532232,0.06757805676012946,0.06955205869477156,0.06841479646736903,0.06709967544308164,0.06604100739284394,0.06077480037075922,0.0718027815190877,0.06456863153510334,0.06520571736475568,0.0649859159543161,-9.755059862873509e-06
2022-02-07,0.0661960216447002,0.0690276058581641,0.06742137329054694,0.06670366930261247,0.06602739911238746,0.06722929537959105,0.069216780153033,0.07060761400182969,0.06692631896203789,0.0668683528302017,0.06085017519157585,0.06964570456491373,0.06232746498547446,0.06459695546479063,0.06636503070383881,-9.761445697952912e-06
2022-02-08,0.06637371939186211,0.06933886760441794,0.06639132675040205,0.06762458976255158,0.06495251576602286,0.06710352592299644,0.06889164275600732,0.07011460261500291,0.06794871360170081,0.06584087963681821,0.05925593797919814,0.06936144089551263,0.06161874949483056,0.06827142485417492,0.06692177633918056,-9.713370678859196e-06
2022-02-09,0.06624998239045027,0.06873753075429304,0.06517805586929319,0.06696939250154448,0.065181355932153,0.06847844900636789,0.07008690291590135,0.07049759913346289,0.06777412285412258,0.06626533675556738,0.05889318845074083,0.07153732489083454,0.06155869755449614,0.06832628805974683,0.0642755039013024,-9.730970276817592e-06
2022-02-10,0.06599181777755687,0.06917906726518815,0.06429801602822544,0.06626194376219509,0.06568114490092423,0.06705364571893678,0.07095333105331632,0.06983620643546065,0.06726007286561239,0.06499257515612678,0.059148696011700225,0.07437519233430072,0.06229544257700709,0.067137322294855,0.0655452348721502,-9.709053555892605e-06
2022-02-11,0.06558359226369621,0.0699187593475939,0.06465386121456965,0.0638252534438349,0.06467965363181317,0.06765758503578724,0.07088279396554102,0.06861636897579118,0.06642915723482343,0.06288418417060822,0.058891517425413806,0.07692491436709371,0.0629939205092716,0.06961765733040896,0.06645045711120597,-9.676027453155614e-06
2022-02-14,0.06594989627799147,0.07102672306104092,0.06465587537995479,0.06343360335617229,0.0652309115469195,0.06864695278066568,0.07014818126578704,0.06765108292483357,0.06630937634079334,0.06345169249940964,0.05942583132394956,0.07479415631178289,0.06486224064239264,0.0685490857583661,0.06587402514900198,-9.634619061388033e-06
2022-02-15,0.06523087083520425,0.07279386787091258,0.06467323171154148,0.0626692712360751,0.06576489906242161,0.06916754226704808,0.06981474473622401,0.06830635410415331,0.06535505687217649,0.06283157964164905,0.057370248382901265,0.0729717146618269,0.06678102729278487,0.07045521228691196,0.06582398867141591,-9.609633246962766e-06
2022-02-16,0.06617861819343263,0.07259348026879786,0.06443192855324589,0.06264230566171504,0.06559620660405802,0.06890629189616407,0.07082151089234928,0.06838562370954518,0.06598434065341927,0.06377913803222483,0.05768003649166919,0.07171653830960817,0.0651428017079021,0.07058998207037999,0.06556079351135878,-9.5965558701309e-06
2022-02-17,0.06598933169534696,0.0723164294293274,0.06598895024078442,0.0614645185495061,0.06378236473087054,0.0689548131159984,0.07021422317414017,0.06845245673680143,0.06632609196456143,0.06482688947159489,0.0560811181980121,0.07080362251342884,0.0654132009344767,0.0713431873236463,0.06805236123845491,-9.559316950665786e-06
2022-02-18,0.06637872031802443,0.07205285230957999,0.06515566941720548,0.06088254151149277,0.0631340869337256,0.0693282817680982,0.07025124113078847,0.06697379238258849,0.0657075901584272,0.06552261101641327,0.05624151746658409,0.0712832537284023,0.06567070047723193,0.07325578732882662,0.06817088184532286,-9.527792711818811e-06
2022-02-21,0.06622463447178885,0.07148198639506234,0.06542187722363338,0.059261810313050466,0.06308373491227864,0.0692471423780398,0.0690612677775113,0.06619403005677502,0.06660077257336779,0.06586144771184946,0.05642513681975173,0.07176922802306304,0.06588729616090573,0.07504132087953407,0.06844785287917561,-9.538575787118777e-06
2022-02-22,0.06512355363872066,0.07245347128675175,0.0654973269386211,0.05869612163504507,0.06195090666468579,0.06940727960731537,0.06876448179536673,0.0674881334233061,0.06608231842849885,0.06483434874467227,0.05709423252667776,0.07270115844142098,0.06591360601742526,0.0757740653710036,0.06822850460130722,-9.509120818552598e-06
2022-02-23,0.06529702766157125,0.0733431397469436,0.0659731398321327,0.058613695016997744,0.06300411194042296,0.06734317623407694,0.07071264460161238,0.06589986693909065,0.06551178848467486,0.06483909507653597,0.05700079993887142,0.07399168956712684,0.06474203053905843,0.07619652106007152,0.06754078490573104,-9.511544918426833e-06
2022-02-24,0.06568733877833756,0.07353024202439419,0.06625311651541083,0.058434162352086705,0.06282006966305058,0.06781574953225776,0.07185308773648977,0.06556208053114441,0.06488741696375112,0.06568120351481568,0.05716818537426948,0.07529010869042152,0.06393786013022695,0.07398880408319608,0.06710011401214538,-9.53990199803896e-06
2022-02-25,0.06523169109564307,0.07349613267563546,0.06582142382894855,0.058953866282180994,0.06262644769918224,0.0679769552050492,0.07204017118943401,0.06577630278755396,0.06489870562548371,0.06623869388939,0.056464971453618285,0.07711460068888727,0.06371371959746208,0.072270098753744,0.06738576015131237,-9.540923525320503e-06
2022-02-28,0.06666818597739377,0.06666818597739377,0.06666818597739377,0.06666818597739377,0.06666818597739377,0.06666818597739377,0.06666818597739377,0.06666818597739377,0.06666818597739377,0.06666818597739377,0.06666818597739377,0.06666818597739377,0.06666818597739377,0.06666818597739377,0.06666818597739377,-2.278966090670172e-05
2022-03-01,0.06625721155455003,0.0652718364417098,0.06706432331548262,0.06589024414419406,0.06753914994305589,0.06641364975047528,0.06728533056048924,0.06806881431997218,0.06554784921968883,0.06616116990474437,0.06666741461949542,0.06848197419012257,0.06598215816280836,0.06603206677330879,0.06735961346270977,-2.2806362807129952e-05
2022-03-02,0.06579076276462935,0.06527015569593454,0.06583947091301895,0.06746178629189538,0.06633519427900746,0.06604354806994833,0.06715995396322995,0.06981571790832794,0.0641709555805444,0.06810618083723191,0.06739612937416749,0.06887512770830398,0.0647612483762496,0.06663703738176885,0.06635949631509712,-2.2765459355224065e-05
2022-03-03,0.06637228029941418,0.06443071148205702,0.06555951828149209,0.066830611934508,0.065344452122028,0.06647454540812152,0.06744761222566464,0.07080618978829527,0.062296758359484755,0.06903440442182165,0.06993311809296329,0.06816051557906876,0.06672971946338671,0.06613704652015606,0.0644652066204762,-2.2690598938119764e-05
2022-03-04,0.06603684040818644,0.06497466001208044,0.06482877560227784,0.06623181748014807,0.06567993277602001,0.06634211014714428,0.06784351735519002,0.07090447307658647,0.06261810344939918,0.06843979417977474,0.07006282704660964,0.06696957374668928,0.06811254644345237,0.06525501855877323,0.06572264652288613,-2.2636805218186628e-05
2022-03-07,0.06600195090748733,0.06521888597418113,0.06459448751510614,0.06557564114811341,0.06440361221110025,0.06556397786781858,0.06767213066976029,0.07125109575430612,0.06367850308018369,0.06809812900329021,0.06919815153659208,0.06547045535696054,0.06882498890309029,0.06703616041888427,0.06743450004258511,-2.2670389459396314e-05
2022-03-08,0.06620638213024133,0.06540690678598615,0.06554623747586205,0.06559499053151346,0.06468360603071349,0.06506946675538776,0.06620145419207722,0.07032170925242648,0.06345594102732935,0.06793528370033361,0.07112059535919452,0.06534549467809211,0.07001991744803666,0.0662909220950088,0.06682367716140047,-2.2584623603339417e-05
2022-03-09,0.06525435724051068,0.06479737297403634,0.06580110738302397,0.06548505522544218,0.06531090403220255,0.06510939624193325,0.06577606845560559,0.07234258451413472,0.06326477429223802,0.06905106279675068,0.07054805913959286,0.06602591316182259,0.07105228243297965,0.06644418445967513,0.06375941607894182,-2.2538428889997475e-05
2022-03-10,0.06535897662820679,0.06570009991535745,0.06627425730309458,0.06591971451300914,0.06404353683331863,0.06460949421784386,0.06624705782271809,0.07288175612120228,0.06451209848551898,0.06901200572824176,0.07113333992479692,0.0661592444648463,0.06994603927516375,0.06382900337070416,0.06439594159031996,-2.2566194342605194e-05
2022-03-11,0.06544709646879737,0.0652716294157757,0.06510022620320649,0.06638197122022287,0.06382512899243872,0.06506077783911351,0.06790490892515338,0.07066372765272794,0.06383788756471144,0.06878507595913046,0.07280803694872304,0.06433450300693061,0.07232419055446974,0.06399165418037897,0.06428574013951649,-2.255507129679337e-05
2022-03-14,0.06527466201509236,0.06493553240147609,0.06579024304549347,0.0655237591709047,0.06405110736317347,0.06469999219004918,0.06716657548636977,0.07321120024128076,0.06420034854853131,0.0694041904724466,0.07411353188489576,0.06276387504423048,0.07451525135142881,0.061043282936295074,0.06332898119344411,-2.2533345112071613e-05
2022-03-15,0.0647821077152139,0.06510918468485401,0.0657367608963817,0.06519312641950578,0.06384258679018259,0.06369189569832587,0.0656086212434601,0.0737409983199239,0.0646669593316467,0.07089941884456445,0.07295038760344802,0.06331228198938012,0.07393061582530223,0.062188705289050655,0.06436880560721793,-2.245625845800613e-05
2022-03-16,0.06496350418453602,0.06493938105254826,0.0664758553017841,0.06573522411462006,0.06336992206350997,0.06266691793819627,0.06541679091071391,0.07539970213475634,0.06583510813571485,0.0697494805171924,0.07164891201901546,0.06474544450990552,0.07254093531553557,0.06283910607500326,0.06369618556294758,-2.2469835979416237e-05
2022-03-17,0.06609161128283968,0.06456736240023787,0.06743869786869025,0.0660157424181782,0.06370200405443885,0.06121839764107795,0.06361362909104107,0.07533364843222766,0.06622731500761234,0.06869021398492159,0.07055076588724649,0.06551339975412887,0.07343271740741512,0.06283355206129522,0.06479345430320263,-2.251159455384607e-05
2022-03-18,0.06511349181017677,0.06409543243865304,0.06838510538103605,0.06582545000827453,0.06356780752382572,0.06280073483314373,0.06218909893022698,0.07591321806459468,0.06762392907572412,0.06810517868801384,0.07128477864555968,0.06420692242131719,0.07230091830837779,0.06306017012704997,0.06555018651483417,-2.2422770808550387e-05
2022-03-21,0.06571685965536422,0.06503031925764038,0.0682496935857645,0.0666449888986213,0.06322780753689493,0.06345278354608058,0.062292142612667745,0.0763076629520131,0.0679752997958944,0.06633935344469614,0.06991553529966738,0.06425375839454218,0.0700932685878229,0.06395455278668287,0.06656836261195517,-2.238896630782345e-05
2022-03-22,0.0656838675064502,0.06406389714904359,0.06902244549594387,0.06796384932101646,0.0631210278263907,0.06364832107263008,0.06224857094243587,0.07662088349567435,0.0676269608869021,0.0660831365766099,0.07070672396956437,0.06657703883164444,0.06815034948428922,0.06362842368524085,0.06487680810371961,-2.2304347555588163e-05
2022-03-23,0.06652601604180693,0.06354536758402941,0.06780230035567542,0.06831751706653685,0.0643246105090611,0.06405852313976142,0.06229472604805012,0.07691181476327939,0.06891176641677935,0.06506083443440124,0.0704443467794512,0.06594487063569154,0.06663113887528126,0.06313286472783915,0.06611555379504225,-2.2251172686678783e-05
2022-03-24,0.06651066398243638,0.06360636056396309,0.06753618922797862,0.06835172528413953,0.06335257181645189,0.06345898532698951,0.06211981079023799,0.07680061594397378,0.06887032214038342,0.06457708552510978,0.06964476321093523,0.06909255662401136,0.06733779017376655,0.06327795055175371,0.06548473204104699,-2.21232031778395e-05
2022-03-25,0.06613319323484707,0.06343383407272687,0.06765742492025249,0.06678819263528277,0.0620639241842519,0.06286049295799281,0.06221564765138311,0.07644683998083356,0.07029733771765491,0.06301827402669292,0.06871942072621239,0.07078534773250696,0.06741981948550334,0.06423015327750785,0.06795218483273519,-2.2087436384166098e-05
2022-03-28,0.06558116083006942,0.06325750471528317,0.0673405147214673,0.06517848724729003,0.06172537550935918,0.06346475822302096,0.06256702992741058,0.07699347673558167,0.06979521156874868,0.0622800439489258,0.0700248931928546,0.07008683498543418,0.06766827499984827,0.06432866318539127,0.06972981341361198,-2.2043204297192128e-05
2022-03-29,0.06590967937758571,0.062172119129856956,0.06620634243604115,0.06534588960611164,0.06142938521526246,0.06284276686269005,0.06317329022187274,0.07689439568760326,0.06957685064709446,0.06278933239754403,0.06933181489274187,0.07166604986538429,0.06647999665293249,0.06485336431788052,0.07135067050232476,-2.1947812926196114e-05
2022-03-30,0.06503058153545965,0.06193733513788806,0.06700440924647091,0.06619705369114337,0.06128811997855791,0.062239148190425905,0.06397789638493086,0.07817346368906807,0.06836701897363309,0.06161173527651764,0.069581381772587,0.07242534387733371,0.06613190616711276,0.06565820260598706,0.0703983396778559,-2.1936204972014237e-05
2022-03-31,0.06666794042045375,0.06666794042045375,0.06666794042045375,0.06666794042045375,0.06666794042045375,0.06666794042045375,0.06666794042045375,0.06666794042045375,0.06666794042045375,0.06666794042045375,0.06666794042045375,0.06666794042045375,0.06666794042045375,0.06666794042045375,0.06666794042045375,-1.9106306806196286e-05
2022-04-01,0.06529426025529954,0.06597857331381396,0.06654317036514054,0.06693841323264205,0.06718862858950818,0.06669326967295991,0.06686919663972078,0.06665398444408133,0.06725331020853147,0.0669009168560789,0.06665045936859189,0.06628013546409639,0.06667830084279634,0.06717292614234889,0.06692352640278654,-1.9071798396730057e-05
2022-04-04,0.06556014854661758,0.06690877600695226,0.06676899707469827,0.06647715087543546,0.06794946340843683,0.06556547359701331,0.0659357761399721,0.06701609260852967,0.06781617925361437,0.06565622290190605,0.06628744494369838,0.06565412388846054,0.06616289201406528,0.0683848228853082,0.06787551288372456,-1.9077028433116366e-05
2022-04-05,0.0655646914127045,0.06655755218211126,0.06581627588083339,0.06758272966143394,0.06846297471134602,0.06499696022301894,0.06660398564178532,0.06697943717651586,0.0675593840564358,0.06613298409120259,0.06552657705712514,0.06531017193451708,0.06634296721803418,0.06780467189339968,0.06877771487171656,-1.90780121802588e-05
2022-04-06,0.06720558215772313,0.06652959017533316,0.06510483258052677,0.06651477057805329,0.0688405447749931,0.06492027766629836,0.06728591330219148,0.06760463020561493,0.0664444414610988,0.06475257353606045,0.06633612719829192,0.06595392709683075,0.06634689289398944,0.06625882588283791,0.06992028284692063,-1.9212356764116135e-05
2022-04-07,0.06824127231177621,0.06694248300989813,0.0647292208478005,0.06677767914896149,0.06793316929284066,0.06603084179954054,0.06759767696228652,0.06614526396333247,0.06638486214424434,0.06545353390185363,0.06621851220184753,0.06588779599880597,0.06516205027882248,0.06719181585001177,0.06932309526918352,-1.9272981205700587e-05
2022-04-08,0.06705187556074924,0.06689318806799983,0.06561512853134373,0.0666867005654969,0.06958339061077913,0.06660286174034301,0.06812227207055921,0.06623643593526717,0.06653190224957595,0.06539851682951675,0.0661111436636245,0.06669819660203949,0.06430693488273383,0.06609743311660027,0.06808334662301685,-1.932704964591138e-05
2022-04-11,0.06831169600105494,0.06721874307048534,0.06579987522097283,0.06584865355064616,0.0700811792557261,0.06647771217812751,0.06829475752272841,0.06529847203357664,0.06667014069027301,0.06495076139355406,0.06527573942625547,0.06750942035084403,0.06256089622854989,0.06676673381258035,0.06895453229968218,-1.9313035057064324e-05
2022-04-12,0.06780633617911576,0.06672383326979689,0.06570555357382636,0.06612808146975088,0.07002336950417444,0.06691817678495869,0.06999566194072075,0.06490127130800946,0.06504742376819948,0.06586044813232315,0.06713547473595874,0.06804032365584979,0.06144471044887402,0.06670192918814756,0.06758673300854794,-1.9326968253922797e-05
2022-04-13,0.06821797835196987,0.06581293366879828,0.06549620905485622,0.06537166175242443,0.07013901160625176,0.0666131907927642,0.07017438018448803,0.0649345497947066,0.06410923175813765,0.06651787412145685,0.06710132130713162,0.06692669913654138,0.06388126335107754,0.06730534450509058,0.06741767370332788,-1.932308902296518e-05
2022-04-14,0.06918446023586401,0.06709452372185734,0.06544862132840092,0.06568941363126815,0.06935980423853162,0.06654926752819855,0.0700528907641048,0.06516876898225205,0.06449119993399309,0.06716563473934764,0.06743163322559007,0.06563219231088001,0.06290064420996612,0.066712569372064,0.06713771024270639,-1.9334465024972534e-05
2022-04-15,0.06972745898057464,0.06617018058267805,0.06506559169107218,0.06627648061854162,0.06897279403933079,0.06681376358739838,0.06978895759728003,0.06528420861750431,0.06415478032155345,0.06773845445816011,0.06562809227177072,0.06511610559043553,0.06311916541386053,0.0672471686115969,0.06891608846693245,-1.9290848689810405e-05
2022-04-18,0.06920892103501472,0.06691068708682338,0.06436362531438414,0.0670395078958346,0.06940377336666781,0.06579265302217714,0.0698267298113992,0.06500465426459805,0.06452185965102238,0.06726736192406516,0.06507476023801073,0.0663900437174773,0.06279453341057985,0.06802798852140221,0.06839211531242723,-1.9214571883882717e-05
2022-04-19,0.06995997986779516,0.06613303041118888,0.06363245962408842,0.06788900695811834,0.06870396605964713,0.06682904768096758,0.07033856674157853,0.06456255748323825,0.06249705461628088,0.06694030664396985,0.06488621023107238,0.06739179974156664,0.0642548712674236,0.0668802921120549,0.06911996877419506,-1.911821318560511e-05
2022-04-20,0.07065978511424582,0.0670374357006053,0.06415475671235833,0.06656465401874731,0.06877079734039457,0.06602949089258237,0.07035127686149648,0.06565216288758627,0.06296716180424086,0.0683377386470332,0.06544334258366892,0.06611820011993094,0.06160393720068634,0.06727088843512384,0.06905753870674848,-1.9167025449020524e-05
2022-04-21,0.06995378829771809,0.06583468929237753,0.06360050289929799,0.06637070964329835,0.06928148542412328,0.06614762147680169,0.07183474734696271,0.06465194941970424,0.06375596545979938,0.06835272063119015,0.06614723250107898,0.06560141791669237,0.0627349043350745,0.06760547572624545,0.06814593811337735,-1.9148483742272846e-05
2022-04-22,0.0699363761647566,0.06566803132883067,0.06393136586678351,0.0654692312123122,0.06925526512407174,0.06648325404302821,0.0718692499127382,0.065889888350749,0.06449430251107104,0.06835296646988955,0.06638912524209775,0.06594015604164329,0.06319158766795693,0.06537278046162184,0.0677755616967813,-1.914209433197363e-05
2022-04-25,0.06921192027472206,0.06676682454478405,0.06413049010838252,0.06557243313463625,0.07027777501790913,0.06710116763394633,0.07104987768528048,0.06608148155500011,0.0644266142709589,0.06676694457246705,0.06590985386619085,0.06600096827130277,0.06332013384554105,0.06386795223271854,0.06953477242394489,-1.9209437785190107e-05
2022-04-26,0.06881256746930987,0.06647281281685317,0.06410170932578249,0.06467261633994849,0.07033534686638751,0.06647358699672315,0.06986455294323188,0.06631108332508567,0.06555111231950489,0.06721023376181991,0.06659188537849997,0.06512707293079925,0.06127066252486615,0.06530982313916556,0.07191404710917326,-1.9113247151323223e-05
2022-04-27,0.06953968452282559,0.06598701452029075,0.06305609900163485,0.0636350610474741,0.06863261953434856,0.06612917431646527,0.07110835262079165,0.06592959551384342,0.06559996255287939,0.06839101986267752,0.06591349087834991,0.06711757313222085,0.06318234551845285,0.06492035075398479,0.0708766901770783,-1.903395331805483e-05
2022-04-28,0.06993893358403477,0.06570152052865115,0.06221996564400951,0.06452152202177823,0.06959596316089876,0.06621472083180613,0.06984976274222734,0.06473951872244517,0.06566405024168635,0.06782084386458984,0.06551297258086262,0.06823826498857091,0.06396279813348535,0.06651844204762747,0.06951973509705102,-1.901418972480679e-05
2022-04-29,0.06666738052314718,0.06666738052314718,0.06666738052314718,0.06666738052314718,0.06666738052314718,0.06666738052314718,0.06666738052314718,0.06666738052314718,0.06666738052314718,0.06666738052314718,0.06666738052314718,0.06666738052314718,0.06666738052314718,0.06666738052314718,0.06666738052314718,-1.0707847207898802e-05
2022-05-02,0.06512240476559285,0.06554404921995503,0.06699265746413673,0.06651590187794218,0.06699611681420911,0.06656382253977366,0.06702320548383225,0.06574522105077685,0.06707776207831934,0.06754278430988038,0.0678328355211062,0.06877912287139643,0.06680689569284104,0.06685585486948277,0.06461204420255237,-1.0678761797237207e-05
2022-05-03,0.06498563978049314,0.0656098085257766,0.06795502340483048,0.06624920564422712,0.06785030144452767,0.06676725756658021,0.0670706195589685,0.0661838291473488,0.06689922407677053,0.06730722093566295,0.0661728787707909,0.06871394405232374,0.06646152777893967,0.0664464212699158,0.06533780602202113,-1.0707979177165532e-05
2022-05-04,0.06491769283727124,0.06529085052400105,0.06819307697449505,0.06621054770195006,0.06712645138051757,0.06590103654794521,0.0668786164515181,0.06625306442551054,0.06780933633464431,0.06807347007945112,0.06513743907564305,0.0681215045406555,0.06678071719410122,0.06727440286089156,0.06604242159931528,-1.0628527910660128e-05
2022-05-05,0.06504850974615914,0.06463285305575267,0.06763821568012696,0.06659729406294372,0.06758972725362884,0.06515232720535585,0.06710558505179526,0.06703402174326316,0.06684047501105901,0.06943976534266878,0.0649273099850399,0.0697703394238605,0.06635180152773294,0.06621387257900067,0.06566855659412935,-1.0654262516933046e-05
2022-05-06,0.0651837004872889,0.06457238054337808,0.06768540254362813,0.06705732742585015,0.06765786775770341,0.06530034156584581,0.06576440364137177,0.06762030619184009,0.06696607040489916,0.07140509457153923,0.06414832885147487,0.06786529961381836,0.06729381122210655,0.06685494203739557,0.0646354070328957,-1.0683891035625604e-05
2022-05-09,0.06445926812212638,0.06580118543925761,0.06895542844491806,0.06537020384650703,0.06751688593549558,0.0669288418697862,0.06557441226895296,0.06739109020191603,0.06692606899015255,0.07041879738551479,0.06260676036518242,0.0693255315354894,0.0653614533359284,0.06740831831560927,0.06596647189554182,-1.0717952378357888e-05
2022-05-10,0.06370858662525883,0.06532388223976025,0.07000876830986974,0.06591304331543134,0.067158575086074,0.06811224657635352,0.06679284306248723,0.0678030129782403,0.06618510992844699,0.07013136101949098,0.06304655698424644,0.06927125396234278,0.06659953566888863,0.06569155036507163,0.06426441213191195,-1.0738253874522966e-05
2022-05-11,0.06415068914051668,0.06534013930051591,0.0699018838891035,0.06491899715459125,0.06753294350339072,0.06843130553492016,0.06774518589802833,0.06823713949415774,0.06641482628028754,0.07180337403862364,0.06204663335805907,0.07028478421357669,0.06500717252035139,0.0650502488277979,0.06314546903160205,-1.0792185522449409e-05
2022-05-12,0.06481258698804686,0.06548869554825512,0.07009899317545432,0.06428678051527088,0.06749053669033936,0.06796831462426588,0.06830543089993217,0.06748807689435128,0.06793809349759761,0.07015789412299751,0.06143197379003595,0.07250568551583945,0.06472072285811475,0.06370060578978172,0.06361643052446311,-1.082143474608187e-05
2022-05-13,0.06461284397351642,0.0650283974803376,0.0693716256683508,0.06642775797920865,0.0673872339913136,0.06639378852354345,0.06979268916238579,0.0681822563225815,0.06727555251299852,0.06925763627793188,0.06220736496380097,0.07232850998341431,0.06264430929599732,0.06589149886513562,0.06320936960382635,-1.083460434304576e-05
2022-05-16,0.06549344084076769,0.06583924181712708,0.0685919584295076,0.06718757763215763,0.06682867862139705,0.0647821963089354,0.06937038377075354,0.06854615377971456,0.06679568453624801,0.06891124508469024,0.06334583677804534,0.0724452495449892,0.06170830359452892,0.06672564885550569,0.06343922751776944,-1.0827112137322473e-05
2022-05-17,0.06413557091127428,0.06633584281084194,0.06910402705746141,0.06742149205305747,0.06777388073551764,0.06443616922417585,0.06991778806500068,0.06724982586075529,0.06742722132507956,0.07124243317703786,0.06254045848600293,0.07176563433231639,0.061153500751170715,0.0671200153210161,0.062386999111100024,-1.0859221807951064e-05
2022-05-18,0.06401699225906383,0.06651791906495085,0.06910310958798047,0.06567596750479619,0.0682025424398737,0.06484108154165891,0.07030251143689382,0.06722592844042148,0.06727010773952213,0.07198180952693875,0.0641319449156437,0.07022410895536829,0.061969194005323094,0.06665011784955646,0.061897458770062905,-1.0794038054526148e-05
2022-05-19,0.06341992202748918,0.0666773172622715,0.06872294759908447,0.06567609439415166,0.06765489720097281,0.06481658638150584,0.070297368269255,0.06768598221965064,0.06601856840680534,0.07075587368309348,0.06486578776268234,0.06966620361567102,0.06349111249119843,0.06730075365505025,0.06296143375438507,-1.084872326720082e-05
2022-05-20,0.06402518706292276,0.06622200546793239,0.06804557049603209,0.0660907475393626,0.06782707809752307,0.06442864007175277,0.07136201190093495,0.0672438276112272,0.0658189927600288,0.0705328961823179,0.06366377483286946,0.06951857612306728,0.0648256740448709,0.06761776182786651,0.06278806205550208,-1.0806074210638963e-05
2022-05-23,0.06388691933765521,0.06640364959057021,0.06855688807555549,0.06651618824775506,0.06751863841240723,0.06466514364376338,0.07179095667114144,0.066255488702512,0.06595656678765852,0.06814178663075728,0.06413875339860657,0.07027022656261778,0.06565640624540188,0.06711352305328176,0.06313966173961064,-1.079709929464709e-05
2022-05-24,0.0646699138755921,0.06727626263081432,0.06845826258185359,0.06654948969739347,0.0683565658319782,0.06335512372536752,0.07140573575205052,0.06744287769848673,0.06684739223820259,0.06846876668527646,0.06251885803636176,0.07015004782806164,0.06492245259876951,0.06746329650248435,0.06212573653018079,-1.0782212873504701e-05
2022-05-25,0.06413795561095549,0.06596946565148065,0.0694677987957247,0.06634792276372568,0.06859608359477604,0.06345598533032067,0.0704932899158352,0.06635091617839811,0.06596228252235631,0.06781788611976201,0.06300079789784051,0.06933261498372605,0.06703286553614879,0.06885235363332945,0.06319257748156275,-1.0796015942366347e-05
2022-05-26,0.06401036897011084,0.06692489927005167,0.06924863493366684,0.06627274083610334,0.06868637602738945,0.06398091271424972,0.07105007862145339,0.0658606678695823,0.06539902389887407,0.0684498201763768,0.0636936084602791,0.06883491274605272,0.0651329484614629,0.06855865207526828,0.06390713953303075,-1.0784593952094363e-05
2022-05-27,0.0650833860097012,0.06609623074678642,0.06891376611918446,0.06596331791926019,0.069805186832894,0.0639428874309561,0.0701719048779992,0.06637603507275258,0.06500225720045755,0.06714717119060751,0.0627726411135251,0.07084960758973563,0.06557525439730522,0.06869871579994592,0.06361241704691023,-1.0779348021054833e-05
2022-05-30,0.06520153741136551,0.06622314775235584,0.06906993432577002,0.06599360455599605,0.07048328194791918,0.06391062791235604,0.06919244387651881,0.06575115718230133,0.06304779041725611,0.06921129540333923,0.06360754769250292,0.06981373446951758,0.06521180098158814,0.06786287888634546,0.06542998424226545,-1.076705739782961e-05
2022-05-31,0.0666674804634813,0.0666674804634813,0.0666674804634813,0.0666674804634813,0.0666674804634813,0.0666674804634813,0.0666674804634813,0.0666674804634813,0.0666674804634813,0.0666674804634813,0.0666674804634813,0.0666674804634813,0.0666674804634813,0.0666674804634813,0.0666674804634813,-1.2206952219387084e-05
2022-06-01,0.06636426790790965,0.06675490636087167,0.06602790130694752,0.06665423373856064,0.0671087915952179,0.06585855366120023,0.06718553167274156,0.06653577259440377,0.06752002329045495,0.06628240190773362,0.06690251935400778,0.06644843733654802,0.06638364833837068,0.06681133711524896,0.06717384279386117,-1.216897407829991e-05
2022-06-02,0.06561695813976096,0.06776279566876464,0.06474153747950298,0.06617269212230073,0.06707647644150119,0.06625254038101461,0.06866392671176781,0.06483253078094899,0.0670633411623785,0.06414666948504437,0.06699261478937667,0.0668104788565944,0.06829660219810677,0.06701968554592842,0.06856332349736392,-1.21732603550186e-05
2022-06-03,0.06604189528871782,0.06753061792741336,0.06382123561692081,0.06645048184738492,0.06593131500304232,0.06742646760110631,0.06859086964486442,0.0660064234027856,0.06666405481577824,0.06449223269026956,0.06730295608296696,0.06684431936559168,0.06786614915594685,0.06758808752047489,0.06745507650674672,-1.2182470010514935e-05
2022-06-06,0.06486306828264254,0.06793770899533741,0.06390792416183184,0.0660741946823121,0.0668351442494287,0.06676783817621694,0.06937322361295285,0.06575367448328912,0.06523830316723281,0.06592727133248893,0.06795741026293171,0.06629507493392688,0.06830829519185395,0.06667972775656582,0.06809324161701628,-1.2100906028038437e-05
2022-06-07,0.06303785521003963,0.06685652492212162,0.06422046966590052,0.06551640742667193,0.06663067072755141,0.06525172753134337,0.0707112728714176,0.06649626999086529,0.06468928168546925,0.06515786939681885,0.06871738718387368,0.06814376469246039,0.06908004517149136,0.06894900396096224,0.06655347936512201,-1.2029802109160556e-05
2022-06-08,0.06269459070769795,0.06620664827201954,0.06467970660888421,0.06580584682011961,0.0666691273921206,0.06609055247262169,0.07206567352405276,0.06522235786228729,0.06427900740208091,0.06615658161034849,0.06837413346838404,0.06740297298173896,0.07050073039705161,0.06751032214644867,0.06635380357504049,-1.2055240896840465e-05
2022-06-09,0.06287993927256331,0.0658142427751945,0.06522062822824312,0.06537232243302397,0.06780734175891467,0.06598360088931182,0.07272004570512845,0.06591506050506474,0.06368531788678092,0.06405549647092343,0.06878281062946671,0.06749619573958213,0.07120168562307255,0.06724661070710762,0.06583075244190625,-1.2051066284373434e-05
2022-06-10,0.06386316833575241,0.06462287881522512,0.0655258037851607,0.06473421970846142,0.06731723515983669,0.06550938588695611,0.07170822257504957,0.06624398901088814,0.0648015690562952,0.06432769344798343,0.06869170920843691,0.06617652013978166,0.07163609616888365,0.06968434946043023,0.06516916844801396,-1.2009207155172115e-05
2022-06-13,0.06398816965232436,0.06461297234857998,0.06554366759697436,0.06304771429976994,0.06803011799890986,0.06516680309962658,0.07054996239455785,0.06733441836883625,0.06412794774512587,0.06435986212493507,0.07073148646655916,0.06498120148190842,0.07011977624062828,0.07043925529842683,0.0669787180931253,-1.2073210288001611e-05
2022-06-14,0.06299840805757169,0.06484227084408295,0.06591871729410934,0.061526598931043563,0.06865617909063974,0.06586867079087241,0.07022267506641203,0.06850136944176156,0.0651850417644979,0.06444035611502573,0.07019199428130761,0.06389641143893557,0.07005509294612777,0.07115344287146894,0.06655483459448326,-1.2063528340021763e-05
2022-06-15,0.06195679769321799,0.0659602721766157,0.06634294357071979,0.06152830138061514,0.06967820942389553,0.06745547659064235,0.06787083418886934,0.06923403795348627,0.06409467411033264,0.06523632407981862,0.07066097295626617,0.06488042329203374,0.06976509966149838,0.06904793225826361,0.06629981385483592,-1.21131911112101e-05
2022-06-16,0.061952147123246065,0.0663799315797784,0.06525161038376753,0.06201542842243583,0.06886789658299564,0.0675139212810562,0.06715215223179066,0.06915548443964659,0.06470427909720415,0.06376073895531212,0.06963005543593673,0.06484895755142829,0.07244450416403084,0.06772205211611161,0.06861290414723459,-1.206351197520204e-05
2022-06-17,0.06321829198420514,0.06641413357399145,0.06514108829575349,0.06161900241577275,0.06892004252421391,0.06640350178134957,0.06719332635789552,0.07074020284121642,0.06422643955588532,0.06363239331868677,0.06783123971521104,0.06537457405604755,0.07291256857946883,0.067925529809422,0.06845974407946802,-1.2078888587742582e-05
2022-06-20,0.06267312825462679,0.06636130647277433,0.06474197141758968,0.0614835967636971,0.06870188469853337,0.06697364179655603,0.06742031278621892,0.07053082363884924,0.06530293501095275,0.0636873713907356,0.06887704777770275,0.06567627188894294,0.070166510779875,0.06915676518348192,0.0682584376945452,-1.2005555081522841e-05
2022-06-21,0.06277258820297667,0.06669052158813281,0.06463858733080409,0.06177710808656545,0.06835756923445467,0.0682188512183332,0.06746838497338836,0.07030828389432602,0.06455497601288039,0.06410226852359037,0.06924893840526683,0.06626457111707722,0.06906904490734946,0.06730435589621417,0.0692359787344881,-1.2028125847764609e-05
2022-06-22,0.06383994289876378,0.06619338954045839,0.06594459385830892,0.0621655824425988,0.06856019556900293,0.0680801374701219,0.06641363129577209,0.07151572894740743,0.06401373045316468,0.06352880091476978,0.07058769141782374,0.0643687330990595,0.06744369891678921,0.06750456504903043,0.06985163918107327,-1.2061054144834912e-05
2022-06-23,0.0639357793673661,0.06579084266431075,0.06754234052933002,0.06181834369169928,0.06816626201230265,0.06718760917910645,0.0663321065824017,0.07193205188033051,0.06497233634593548,0.061886361942325836,0.07011098437241664,0.0646750916213946,0.06795243630000386,0.06733054202809714,0.07037893319471865,-1.2021711739640287e-05
2022-06-24,0.0636385230782176,0.06703175004610763,0.06847595498628456,0.061053430303069915,0.06748677098687463,0.06649524224592453,0.06715225630871315,0.07084980520027474,0.06486282741363714,0.06252692041484527,0.07026702820998187,0.06517370574256513,0.06690607436936569,0.0682904392983233,0.06980132697582854,-1.2055580013637766e-05
2022-06-27,0.06347571804278862,0.06722922264479216,0.06859101097461731,0.061106567323798315,0.06691322516659587,0.06628307293780675,0.06719991098673603,0.06951871066442084,0.06446500841452392,0.06295118222232984,0.06886833526778774,0.06649956671639247,0.06845407001274788,0.06680039890954224,0.07165605905129979,-1.2059336179846428e-05
2022-06-28,0.06348519372136333,0.06761772453107971,0.06832996662705008,0.061851928659497755,0.06735226553410549,0.06569948242538805,0.06625432265957885,0.06819656977969468,0.06475698046221212,0.06362234430903536,0.06971886262348491,0.06648803732420384,0.06718892911451337,0.06609437356979646,0.07335509378208303,-1.2075123086973201e-05
2022-06-29,0.06333552051228304,0.0678688788967478,0.0676909634174966,0.06223454406167208,0.06713491788944635,0.06673905357399232,0.06710666390267264,0.06788215452832384,0.06479412632578138,0.06323513658585067,0.06828792815111442,0.0656932426254003,0.06759591198152004,0.06665879173191049,0.07375426547783737,-1.2099662049348829e-05
2022-06-30,0.06666748188183597,0.06666748188183597,0.06666748188183597,0.06666748188183597,0.06666748188183597,0.06666748188183597,0.06666748188183597,0.06666748188183597,0.06666748188183597,0.06666748188183597,0.06666748188183597,0.06666748188183597,0.06666748188183597,0.06666748188183597,0.06666748188183597,-1.2228227539284305e-05
2022-07-01,0.06650157497202394,0.06751663115081631,0.0659938789693328,0.06704371083401167,0.06554244288355056,0.0669744703557859,0.0669756807459105,0.06839033684690646,0.06525375917380166,0.06618450699138476,0.06769917510828669,0.06718900390088596,0.06702436186039772,0.06565144799881475,0.06607126654422253,-1.224833613200244e-05
2022-07-04,0.0672374625602143,0.06743688833717057,0.06621945690533405,0.06691472438292657,0.06456353368526481,0.06773915734502794,0.0673955183876942,0.07058978435393493,0.06424047114424905,0.06700019228171566,0.06623474934022226,0.0673419093047676,0.0681485170349939,0.06315355065827728,0.0657963217547054,-1.2237476498487606e-05
2022-07-05,0.0668901741646368,0.06697012376131634,0.06650902958721941,0.06779128436469915,0.06447642222332715,0.06793785179868661,0.0675215160292715,0.07061664177298406,0.06322603148847114,0.06818059239723144,0.06658059117846678,0.06782212473899772,0.06721790182480254,0.06265822579713769,0.0656137258365212,-1.2236963769691226e-05
2022-07-06,0.06602283250617305,0.06592971626872078,0.06618377220872469,0.06830905012759707,0.06407131566522366,0.06716392836925035,0.06689405633049743,0.07028369358489744,0.06300566946345447,0.07059871526153402,0.06784157327174366,0.06912268437096843,0.06872519488155505,0.06163637276361049,0.06422367841409328,-1.2253488043993339e-05
2022-07-07,0.06549705593724613,0.06699052723236489,0.06596229805385573,0.06750393264279737,0.06390377146151567,0.06713671221263111,0.06731694500344597,0.07072533394914414,0.06240214295236677,0.07154783510743323,0.06732772563454993,0.06913575805397505,0.0697519702202226,0.0610918618529374,0.06371841161125988,-1.2281925746100562e-05
2022-07-08,0.06567383167672601,0.06621991054150159,0.06550315729304411,0.06774472933632547,0.06531710969902993,0.06747282848056257,0.06756301587538836,0.07106647904722492,0.06124552355694339,0.0714883575728858,0.06712084856214048,0.06933250583532993,0.06971728678364995,0.06136010966720161,0.06318655026309478,-1.2244191049119377e-05
2022-07-11,0.0656313825919227,0.06532035880344897,0.06520232577251746,0.06874881038077903,0.06549879408392326,0.06738337453258443,0.06922033180413653,0.06962650713663289,0.0601783941771248,0.07331885586484163,0.06710924449635243,0.068987540670729,0.0681922644970146,0.06180900005099752,0.06378504221646959,-1.222707947487487e-05
2022-07-12,0.06488760899164098,0.06516403711494755,0.0649046594963191,0.06888737029072306,0.06455095773451355,0.06840584794193516,0.07001736649691792,0.06921249497283125,0.05993851198727571,0.07310891250970912,0.06621587433866033,0.06842427274173844,0.06782399977501997,0.06358424616959617,0.06488605183062285,-1.2212392451127356e-05
2022-07-13,0.06497277878999708,0.06492248014286309,0.06364752177959868,0.06834732256579464,0.06483247260684165,0.06681040403937052,0.0701044802239879,0.07097142441153889,0.06044315799096158,0.07417516702404668,0.06597348775981986,0.0690445573976204,0.06649364617142053,0.06404882164442983,0.06522439643853666,-1.2118986827911126e-05
2022-07-14,0.06521116455963114,0.06585015818686782,0.06333958037294066,0.06826973862472284,0.06497521240116141,0.06599907791026136,0.07039634818812926,0.06932097372816239,0.06145326468384939,0.07431664892682996,0.06549633052221417,0.06815737852921143,0.06630404070374915,0.06493576058981833,0.0659864498946539,-1.2127822203048313e-05
2022-07-15,0.06459778047835793,0.06510796861221967,0.06361639067969616,0.06752300463477809,0.06485043398856916,0.06593073513162746,0.07050971623800734,0.06998420687392097,0.06014856121142928,0.07193219833814235,0.06473387984286155,0.07005622891559117,0.06848948112908611,0.06694095462119942,0.06559055126531817,-1.2091960804936116e-05
2022-07-18,0.06358759950974044,0.06364315029669705,0.06327525169714694,0.06745741872479764,0.06596257292445233,0.06675489199866758,0.0708243037226259,0.06919982062448159,0.059376540521510555,0.07232228045782019,0.0655627960916741,0.0706271728161131,0.06735153141993896,0.06784176699263841,0.0662250064957126,-1.2104294017481722e-05
2022-07-19,0.0627365014900461,0.06293113079821544,0.06353862182675715,0.06705943407920574,0.06702117264653241,0.06697130346633465,0.07013874857551242,0.06897494527193193,0.05924951020535875,0.07128686927822742,0.06439895431209934,0.07124875428631346,0.06814742051966077,0.0683864229053439,0.06792227225602239,-1.2061917561904812e-05
2022-07-20,0.06295207565830413,0.0645497062878346,0.06346522692588005,0.06685605236339974,0.06616006612515996,0.06717064809903674,0.0702729402592555,0.07010031276692136,0.05998888304402203,0.07058690324234063,0.06455797380339963,0.07143345894697366,0.06661506765144119,0.06776710350218731,0.06753574454190661,-1.2163218063191704e-05
2022-07-21,0.06374077492223788,0.06461184043427516,0.06385852911817083,0.06564653774712076,0.06706000936137241,0.06823227592646412,0.06832114062519612,0.06934404124500751,0.060383454914095566,0.07123943124543901,0.06380290689778789,0.07101636756928287,0.06587348144379224,0.0678603605922182,0.06902099658171494,-1.214862417539111e-05
2022-07-22,0.06318713164401499,0.06517605797379358,0.06323380112056909,0.06492199845777975,0.06763875404348191,0.06895098418359398,0.06902022442591355,0.06796870762077759,0.05989476473129821,0.07206565872006057,0.06377374244193137,0.06965368208387392,0.06633179220770273,0.06690697668173597,0.07128785272815584,-1.2129064683012781e-05
2022-07-25,0.06397914932644913,0.06544329222932282,0.06403629677941675,0.06484384695458117,0.06813665789476145,0.07012444635425284,0.06912001738737876,0.06759887071381826,0.05827407367927638,0.07184488618318734,0.06451102561754057,0.07064285011922866,0.06680540493920971,0.06613721309024972,0.06851407076827179,-1.2102036945257258e-05
2022-07-26,0.06352405645075225,0.06508394580772418,0.06366744682285691,0.06514972429258636,0.0696170509336116,0.07007361314557388,0.06876097874175269,0.06719917925130574,0.058252048489255005,0.07076607772447471,0.06449673059403484,0.07102795426550221,0.06690982037328339,0.06654972446469332,0.06893371868101063,-1.207003841771636e-05
2022-07-27,0.0626731580758021,0.0657281700045527,0.0634248072974487,0.06455510510649647,0.06892467537323385,0.07071276858979073,0.06879935293891061,0.06583400129747388,0.058878256810765806,0.06943837189041678,0.06488100664947677,0.07157853016973992,0.06820338661114383,0.068968365290318,0.067412152587402,-1.2108692972177735e-05
2022-07-28,0.06278398150141205,0.06569465666954696,0.0638697750144188,0.06486690762704676,0.0687928128370173,0.07048234578073401,0.06792792247676885,0.06691990074679571,0.059427295845556435,0.07060474291818289,0.06471950678971494,0.0709680805108928,0.06708786700326468,0.06960208435192315,0.06626425363999762,-1.2133713272770556e-05
2022-07-29,0.06666755477166461,0.06666755477166461,0.06666755477166461,0.06666755477166461,0.06666755477166461,0.06666755477166461,0.06666755477166461,0.06666755477166461,0.06666755477166461,0.06666755477166461,0.06666755477166461,0.06666755477166461,0.06666755477166461,0.06666755477166461,0.06666755477166461,-1.3321574969160985e-05
2022-08-01,0.06764624247728089,0.06709543558380075,0.06686278456119193,0.06633928791183626,0.06617502006704036,0.06784993001803796,0.0668313690435839,0.06466715194415391,0.06598827010131425,0.06576886421365728,0.06606883245652645,0.06729310464703671,0.06653653922385575,0.06657072415158811,0.06831975692655458,-1.3313327459012669e-05
2022-08-02,0.0671989501171039,0.06836115144888508,0.06637977457202188,0.06641063054144318,0.06595432831453607,0.06796467890237728,0.06724153044952928,0.06507540676398951,0.06526330571272576,0.0646372879261497,0.0687636987924602,0.0667624533440621,0.067373198642853,0.06464322533322685,0.06798368938835746,-1.331024972123191e-05
2022-08-03,0.06776707801653303,0.06935433308597119,0.06505528973736888,0.06718616642237744,0.06566952971028071,0.06891683025980735,0.06695359041259114,0.06492104039206126,0.06564151744452167,0.06421292445337048,0.06891346515747968,0.0660718289679762,0.06585982119368901,0.0665027417004763,0.06698727930901391,-1.3436263518190075e-05
2022-08-04,0.06803462588620302,0.07027937691377599,0.06499190514052877,0.0669316428285879,0.06622923906475275,0.07030911198705013,0.06628046447591893,0.06516159747047214,0.06432923749546361,0.06419783433193542,0.06936055458753476,0.0655075848098127,0.06572312796665232,0.06518690695438108,0.06749029952606439,-1.3509439134055715e-05
2022-08-05,0.06887047022283273,0.06966000418135881,0.06470645247892312,0.06747732233389522,0.06736568404122938,0.06913094051395505,0.0662921713734959,0.06558577111450133,0.06439343900025843,0.06188774080480298,0.07010321530813994,0.06736091057204331,0.06603082354543231,0.06413278083600453,0.06701581135399233,-1.353768086539296e-05
2022-08-08,0.06971701480929074,0.06999734360393013,0.06487342629514331,0.06746378372898364,0.06654121309244009,0.06866255021081541,0.06594520550577276,0.06582157873738223,0.06556365611028178,0.06270338040412479,0.06821315358544372,0.06734182092278367,0.06661536673335611,0.06459691000722002,0.06595707228839486,-1.3476035363330797e-05
2022-08-09,0.07120380339612017,0.068677299775085,0.06373126035150367,0.0672418306219974,0.0678474876517223,0.06752594514696024,0.06532301466785076,0.06643590265427436,0.06516527600816392,0.0620170078120245,0.06844159527959659,0.06726380420723634,0.06743272167406289,0.06574132468037368,0.0659651180829054,-1.3392009877191113e-05
2022-08-10,0.07142819128331833,0.06885521770610094,0.06409669795285496,0.06731662978465207,0.06788142491537233,0.06859854396783002,0.0666970153154782,0.06505542483485861,0.06521544174952643,0.061394126061555615,0.06814315187904882,0.0677682287050985,0.06827456751768442,0.06565711219471632,0.0636316207631426,-1.3394631238133556e-05
2022-08-11,0.07084254533174601,0.06954635543985337,0.06226146473074939,0.06830253779516213,0.06838217211129477,0.06983049534704994,0.06659124601123088,0.06322645596589782,0.06570770299519553,0.06268237082288852,0.0692470718793711,0.06709382543154217,0.06846507943472029,0.06510414976686092,0.06272993131650727,-1.3404380070047902e-05
2022-08-12,0.07142732059757596,0.06865281030677982,0.06161701550872118,0.06739174631361344,0.06710079848584838,0.06991799712392281,0.06759473104485841,0.06302514642897308,0.06420467210669184,0.06346696058578458,0.07110278165508063,0.06633253634185335,0.06786161089901514,0.06568955365044779,0.06462771042880464,-1.3391477971144752e-05
2022-08-15,0.07118368968375302,0.06783092956485584,0.062134097831422416,0.0681177641367182,0.06721457608298845,0.0695322359104278,0.06861664289098209,0.0636049892638014,0.06358249240335676,0.06362728224713729,0.06967127386308875,0.06722193413605891,0.06767433315003796,0.06529055494478492,0.06471061289579283,-1.340900520650225e-05
2022-08-16,0.07095437561140502,0.06820082993672892,0.06230897665197611,0.06775646981351989,0.06760136477916358,0.06964764345102677,0.06798755698621887,0.06327651996882803,0.06322849603497176,0.06391150011078894,0.06902743319735685,0.06655961172592827,0.06978273971177905,0.06619327744029926,0.0635765626507675,-1.3358070758936321e-05
2022-08-17,0.07118180312951167,0.0681358211888881,0.06243970456497251,0.0677212448378678,0.06843656461091832,0.06981383778706572,0.06779424974813608,0.06408378382981846,0.06332366380450889,0.0639088788483422,0.06924697994613815,0.06633054605460677,0.06966578751711291,0.06536749524131799,0.06256296523945971,-1.3326348665287584e-05
2022-08-18,0.0704466757020556,0.0671171274566192,0.06179437671513439,0.06753063470060519,0.06846820922083148,0.06951811346165122,0.06559118222602922,0.06546729223632052,0.06430133211852239,0.06430925103288632,0.07134137803037935,0.06519867391268157,0.07193172121173295,0.06418407002227418,0.06281327363613133,-1.3311683854805725e-05
2022-08-19,0.06936448843669088,0.0669029160915906,0.06184651518746077,0.0671894748679179,0.06883703122613939,0.0693817432115199,0.06492048545376566,0.06473565901037417,0.06487077630209963,0.06345869085547451,0.07217533123155277,0.06633967372080773,0.06961495030693142,0.06531185535681536,0.06506367295808278,-1.3264217223481202e-05
2022-08-22,0.06930523073048936,0.06709327367083988,0.062340631331213966,0.0667666754272125,0.0687745651746556,0.06800233602684208,0.06484304325924782,0.06499500787894841,0.06517156132478402,0.06431597931643071,0.07106004169190784,0.06555203999641963,0.07172154877794538,0.06494674732665283,0.065124536852581,-1.3218786171071016e-05
2022-08-23,0.0693373264399213,0.066610136480827,0.0635065144348728,0.06644096940499147,0.06791507619033384,0.06769315106251966,0.06317153995105985,0.06447868932325614,0.0643201307461479,0.06501994859076392,0.07038230499047866,0.06662726859882402,0.07358634018588617,0.0659673232601518,0.06495651100017324,-1.323066020771406e-05
2022-08-24,0.06966323547320914,0.06580437259100143,0.06363164335142578,0.06601203853983892,0.06872587433165991,0.07017083632094989,0.0638223094268655,0.06288288768934494,0.06420496275940475,0.06537925746891071,0.07073890346545317,0.06604795571491165,0.07417665059954041,0.06471514992800802,0.06403719485718992,-1.327251771419392e-05
2022-08-25,0.06993826729990464,0.06499035710561583,0.06386804633289625,0.06484154756441578,0.07005666010512762,0.06933549449968539,0.06350432024992136,0.06305475088817727,0.06354437503942574,0.06540119490574368,0.07126526952207012,0.06699521977296716,0.07507095509961396,0.06439830840057872,0.06374847470205648,-1.3241488199901328e-05
2022-08-26,0.07130061968933188,0.06544290017520042,0.063068152475058,0.06474911279730954,0.06959419771650673,0.06904126562340919,0.06229557715499994,0.06253276549633624,0.06509448545868937,0.06583047042295803,0.0682286839022703,0.06820972930411848,0.07632850663333592,0.06383059999963644,0.06446613687205204,-1.3203721212762512e-05
2022-08-29,0.07065546805878498,0.0650722207886985,0.0640320888852814,0.06449229691807239,0.067957825220917,0.06893036506049856,0.06218177841471374,0.06354749679630434,0.06506207776620371,0.06535522715517027,0.06933775728198464,0.06830592391851051,0.07527945065195975,0.06513625691147418,0.06466695490406714,-1.3188732641276216e-05
2022-08-30,0.07054471879118279,0.06508726315128098,0.06319455780839621,0.064005149597497,0.06786007255378797,0.06865840478227497,0.06315928093190815,0.06365418774745933,0.06579745267641925,0.0652771393597859,0.0704310382755369,0.06867558204938995,0.07520263234031768,0.06504058082190728,0.06342510419664663,-1.3165083790959241e-05
2022-08-31,0.0666675371820402,0.0666675371820402,0.0666675371820402,0.0666675371820402,0.0666675371820402,0.0666675371820402,0.0666675371820402,0.0666675371820402,0.0666675371820402,0.0666675371820402,0.0666675371820402,0.0666675371820402,0.0666675371820402,0.0666675371820402,0.0666675371820402,-1.3057730602721419e-05
2022-09-01,0.06648796265956917,0.06632478238587229,0.06662962594790722,0.0662480643907919,0.06709033331866053,0.06686665765161724,0.06739605591627569,0.0657085543335278,0.06636666954781524,0.06647187721220264,0.06719951412594995,0.06581688297526044,0.06778253049436704,0.06815461335029231,0.06546893493509061,-1.3059245199767848e-05
2022-09-02,0.06610541272130889,0.06589557040607207,0.068450261828494,0.06585304777805415,0.06838826871789803,0.06571644832914937,0.06643276140107925,0.06500927131515566,0.06547498310794546,0.06613819080352128,0.0663726654784696,0.06485484114744662,0.06910568972550626,0.06962120705744503,0.06659442219426964,-1.3042011815091531e-05
2022-09-05,0.06629828294326261,0.06582588048448693,0.06794909246683696,0.06500683374367497,0.06855859679907499,0.06460595354897097,0.06542033275517029,0.0659506042675474,0.06720109052707945,0.0664241457167078,0.0674441342900675,0.06447539476083326,0.0673707789670243,0.07028093447672797,0.06720095730214602,-1.3013049611215202e-05
2022-09-06,0.06659677685640085,0.06591727078753284,0.06892131303586538,0.06452297262489956,0.06818164829420742,0.06402387145630975,0.06575688745475193,0.06519523601989281,0.06678802907617665,0.06596469866221019,0.06743539004752303,0.06311802821313883,0.06775478207020035,0.07217885562519841,0.06765729997805696,-1.3060202364770107e-05
2022-09-07,0.06771732683280934,0.06695833421764653,0.06965910125516862,0.06472790069482146,0.06836026228455101,0.06480425192516634,0.06556650591023651,0.0636106330607813,0.06744120304450371,0.06496822854639016,0.06655193716371482,0.06327887637404674,0.0678157822466679,0.07050549039839271,0.06804725280334123,-1.3086758238152263e-05
2022-09-08,0.06836754045343645,0.06622662024254711,0.07065329019438855,0.06360481668997137,0.07015907424163119,0.06450204676911789,0.0657374069774743,0.061946856256978065,0.06742597288403178,0.06524585237970444,0.0665091899515344,0.06272698527372843,0.06674397450119166,0.07201757426429409,0.06814588923480028,-1.3090314830007325e-05
2022-09-09,0.06981818174326489,0.06630816444395878,0.07078743598232602,0.064626949907966,0.06923564758355402,0.06392470030295236,0.06716042256499367,0.061330494170122825,0.06605133860554287,0.06759564307519518,0.06545372952379322,0.06335470151229547,0.06728654881311945,0.06880506164364238,0.0682741537902303,-1.3173662957231317e-05
2022-09-12,0.07022689243524012,0.06665504461816056,0.07159713756982111,0.0644488166771595,0.06995519405177662,0.06347086464453106,0.06599953719603377,0.06031179383431777,0.06473671608678601,0.06878267541270948,0.06396964840052763,0.06376990104934278,0.06710341732903301,0.06881239653395416,0.07017315642669847,-1.3192266092029218e-05
2022-09-13,0.06999569197255669,0.06712680035597708,0.07169135274414715,0.0643968041345663,0.07197878897148326,0.062360093596200046,0.06721633671814589,0.060936719999834126,0.0643453979153518,0.07059976859161998,0.06212608989566076,0.06328241302287146,0.06575952870890167,0.06941357072592477,0.06878384355017451,-1.320090341535237e-05
2022-09-14,0.07040537807592027,0.06711958713046191,0.07144952132549807,0.0648028900499608,0.07187799089156668,0.06160643296525785,0.06989146161436975,0.06063432853216195,0.062350823190822344,0.06981733883692025,0.06097542641342,0.06429673166742596,0.06626906663917659,0.07006611375435033,0.06845013035487445,-1.3221442187198642e-05
2022-09-15,0.07014430635152948,0.06679780851611597,0.07131441488114015,0.06535925144790818,0.07210218691372827,0.06194372078897825,0.07029912709051278,0.06134048626979905,0.06256454926938988,0.07014872218893331,0.062100033921028086,0.06352724056418593,0.06522665704027795,0.06850449474254464,0.06864020466457635,-1.3204650648141851e-05
2022-09-16,0.06886938971957347,0.06706689088151145,0.07118631283060188,0.06617085430158406,0.07147364215601797,0.061749327127403365,0.07132761888518596,0.06251272966153784,0.06190519830440258,0.0703170447388076,0.06237162100026327,0.06390434011910079,0.06490452201000106,0.0700817419607279,0.06617195942582321,-1.3193122542569332e-05
2022-09-19,0.0682358360549255,0.06701972341816098,0.07116676520145769,0.06685108495656011,0.07214184698776617,0.061209480799310184,0.07221055720357583,0.06156816867449919,0.062445694740273,0.07193186717022533,0.06328308375359185,0.0637026202193585,0.06421043923522356,0.06779850264668587,0.06623745030325805,-1.3121364871709866e-05
2022-09-20,0.06768636517983424,0.06665042851532572,0.07043217450960786,0.06667059736515718,0.07230652484200834,0.06158705590387804,0.07181739154366143,0.0626701896762825,0.06242310290266137,0.07124914957623918,0.06369238598380966,0.06599786052382647,0.06477200217386238,0.06754434412328288,0.06451357886582605,-1.315168526326479e-05
2022-09-21,0.06751320839093324,0.0667783126928806,0.07010731634932835,0.06537073243684417,0.07153288749053689,0.06271380140051908,0.07318389709624841,0.06186510093898146,0.0630300347061441,0.06993000295659985,0.0651273163989455,0.06625923318628246,0.06584117708443712,0.06542673427080857,0.06533338728124377,-1.3142680733378762e-05
2022-09-22,0.06753617495370987,0.06738385023375462,0.07083300904517284,0.06545262429782644,0.07104826308592149,0.06337576232472028,0.07316711079625132,0.06113744042209887,0.06220898087233261,0.06837281067036641,0.06463420518675059,0.06754033766334823,0.06609625927686501,0.06484607787244984,0.06638023879501347,-1.3145496581923e-05
2022-09-23,0.06705075515942606,0.06749682432255971,0.07074789406303898,0.0660882676970724,0.06974275525349463,0.06273669213569207,0.0716106729510566,0.06096623781948421,0.0633851037497925,0.06790018477876317,0.06416170959003102,0.0686014264909483,0.0674038465734295,0.06480952030144774,0.06731126097158412,-1.3151857820829552e-05
2022-09-26,0.06639188755490445,0.06846422806670208,0.07241864196265152,0.06651240703970582,0.06800885920135215,0.0623184541732609,0.07224049909305104,0.06063549530129252,0.0646193051764093,0.06856141312662342,0.06346807862717793,0.06868428051791103,0.06639305239643312,0.06464050686529016,0.06665604476698217,-1.3153869747481265e-05
2022-09-27,0.0671849919767286,0.06999118040284218,0.07136348091045262,0.06510516320098766,0.0678708846899211,0.061165298116984124,0.0723584404064996,0.061342429284247,0.06612269032170309,0.06885087038826375,0.06334057458853833,0.06646899095792752,0.06650183079315944,0.06480255300294166,0.06754378324317208,-1.3162284368776899e-05
2022-09-28,0.06757278373322244,0.07055944321056004,0.07111004235264966,0.0641950307855707,0.06780510150352587,0.060694724237766146,0.07361188634688498,0.0616684991589301,0.06643267669868327,0.0686675359103088,0.060795991460624164,0.0690366557963932,0.06617755033116367,0.06514690247670823,0.06653850081436644,-1.3324817357550193e-05
2022-09-29,0.06852185122785326,0.0710043964470703,0.07081924725676815,0.06421961984909039,0.06952835902868136,0.06093878511431893,0.07379776817330203,0.0611513271006128,0.06489042720829329,0.06884464654848339,0.061428287177811326,0.07067776035836272,0.06389580402152913,0.0641430752181393,0.06615203164079664,-1.3386371113109878e-05
2022-09-30,0.06666774332007645,0.06666774332007645,0.06666774332007645,0.06666774332007645,0.06666774332007645,0.06666774332007645,0.06666774332007645,0.06666774332007645,0.06666774332007645,0.06666774332007645,0.06666774332007645,0.06666774332007645,0.06666774332007645,0.06666774332007645,0.06666774332007645,-1.6149801146749642e-05
2022-10-03,0.06723268908346768,0.06751936370611294,0.0670899922144349,0.06748961546864088,0.06807297290020459,0.06664971081320897,0.0650569604285929,0.06617941597611417,0.06685555851065302,0.06654997022165389,0.06513297675863908,0.0646478840957027,0.0656142146980887,0.06745827560169111,0.06846649478371149,-1.6095260917265723e-05
2022-10-04,0.06787309089574559,0.06830255886832556,0.06709281755312733,0.06620340280813544,0.06776242948621895,0.06649508167414947,0.06468710258460394,0.06630072089181199,0.06736662843939523,0.06750592835166497,0.06491375411630572,0.06264551667646728,0.06513652664269813,0.06759484387639904,0.07013570302106661,-1.610588611536454e-05
2022-10-05,0.0675736568166675,0.06872460027639135,0.06737121531039754,0.06630581079733433,0.06860164281077716,0.06600425373537486,0.06425743096753209,0.06636618845888874,0.06680560646884244,0.06812057715275295,0.06424384024301204,0.06296445302670041,0.06510649021868925,0.06794945102027398,0.06962090080867543,-1.6118112309979212e-05
2022-10-06,0.0675871603805833,0.06902821065061922,0.06775255706644176,0.06653464273101832,0.07026953949976131,0.06539771049228456,0.0644319141938333,0.0651209904528814,0.06741917321883295,0.06718745493574219,0.06419089565010476,0.06280256091941802,0.06567294750196657,0.06751986296728874,0.0691005492739883,-1.6169934764863727e-05
2022-10-07,0.06876042607206236,0.0694881638684186,0.06759809984944429,0.0665972337251352,0.07195020812607311,0.06545391786185364,0.06408249806133996,0.06474325187086988,0.0671352399141303,0.06683392965346682,0.06311417503563638,0.061861791503165724,0.06498208073613294,0.06852806998135244,0.0688871409903993,-1.622724948117336e-05
2022-10-10,0.06875061222947854,0.07051141752420177,0.06867170141764523,0.06650804598706565,0.071536841185561,0.06485545076982922,0.06481015596872608,0.0646856641730454,0.06688662877358516,0.06612696342809878,0.062458685907412895,0.06232819560129633,0.0636198923128655,0.06992235233165149,0.06834364591425211,-1.6253524715310307e-05
2022-10-11,0.06835368480093275,0.06925549573520252,0.06836662988134348,0.0659739028651671,0.07118926167388892,0.06579986801285317,0.0646929195546318,0.06369077972830663,0.06590646211364667,0.06646317653343523,0.06351155459734625,0.062370554830108706,0.06412905753740752,0.07041611279737273,0.06989671869057754,-1.6179352220965856e-05
2022-10-12,0.06712713646470349,0.0697588602560514,0.06913001660821808,0.06499770487071047,0.07046551503918852,0.06512287880873073,0.06409855774342796,0.06329919750979908,0.06619072679670351,0.06740564613638643,0.06467300263748404,0.061538152158109594,0.0632309855193299,0.07216503783572038,0.07081276557107573,-1.6183955639375793e-05
2022-10-13,0.06749580316232558,0.07042489615977977,0.06943689739185539,0.06570209298325215,0.0705161236402714,0.06566408468549279,0.06309823784159764,0.06298982211357648,0.06584887468893277,0.06734658139953043,0.06402074494006818,0.06129048968742791,0.06186216011446749,0.07325616345458158,0.07106328462114127,-1.6256884301040954e-05
2022-10-14,0.06680710842548711,0.07025096677085017,0.07011152878765554,0.06569036261621415,0.07034692304799073,0.06600442921664092,0.0637821459609369,0.062090687843312446,0.06680018013494858,0.06692659360198189,0.06440459299323913,0.06164077437389069,0.06167917041622524,0.07234856365551644,0.07113232338002479,-1.6351224914768027e-05
2022-10-17,0.06791459920934131,0.06936811711641462,0.07148252144191825,0.06557909447997924,0.07046986954547635,0.06517252044556349,0.06320508861794966,0.061734749289300075,0.0658575181956822,0.06680699718079502,0.06407536538626923,0.06366114755439409,0.06051115513851148,0.07259788847258493,0.07157973559119636,-1.6367665376585973e-05
2022-10-18,0.06714806283861265,0.0697694079579978,0.07109464595886526,0.06363400865801543,0.07095831978979338,0.06417217103566555,0.06224807464430586,0.06227477557391092,0.06545522887186322,0.06769518847479859,0.06527175143984716,0.06291358037455588,0.06130104523592694,0.07154034503178489,0.07453973910467299,-1.6344990616635936e-05
2022-10-19,0.06704201087490634,0.07084848914893253,0.07210509043841154,0.06418950210467668,0.07074036201190187,0.06437697520575464,0.06075166262815208,0.06279759575109406,0.06613884019973394,0.06819197267556844,0.062457915817536694,0.06189784368665987,0.06081988550483009,0.07230658756423239,0.07535168984269867,-1.642345508979976e-05
2022-10-20,0.06665136971460812,0.07100475033294606,0.07100892130040028,0.06437115938932113,0.07085563198891102,0.06442435048057543,0.060356619327292665,0.06416693866081224,0.06635651431085457,0.0669006210708033,0.06246173271629293,0.06243794911414172,0.05995858351119792,0.0734565307587398,0.07560467813729656,-1.6350814193769274e-05
2022-10-21,0.06515689079483193,0.07120084548743894,0.070680515151579,0.0647539417785879,0.07165486602215008,0.06457536951267878,0.06170490171483798,0.0639980285053034,0.06696704114004104,0.06773322093256537,0.062362308433923354,0.06325880123119729,0.05933565160199823,0.07289624436611333,0.0737377160095138,-1.6342682760508104e-05
2022-10-24,0.06514645317442296,0.07126330114132973,0.0714101193454512,0.0651879938279172,0.07124119980597955,0.06345415463708604,0.061924687086699334,0.06485973597900259,0.06756805619275631,0.06872278600513393,0.06201458637181189,0.06262766565733172,0.05844600847591675,0.07267145334136056,0.07347809860737527,-1.6299649575124447e-05
2022-10-25,0.06523000101300598,0.0711244571621746,0.07126344884896081,0.06456950286687216,0.07201589035633894,0.06348291438422891,0.061748104221089804,0.06414270165224636,0.06620303901307055,0.0700884965818657,0.06254735052627025,0.06089071709103478,0.05920880801622772,0.07387020243063533,0.0736306513536644,-1.628551768620631e-05
2022-10-26,0.0663644450677628,0.07144356437670178,0.07033592785639121,0.06499200453846188,0.0724015040926943,0.06314322465101815,0.06237721173164459,0.06278113016818197,0.06734343064676408,0.06930740068898801,0.061706471624816905,0.06093014150960221,0.05981356996917907,0.07428551768465408,0.0727907744716427,-1.6319078503973258e-05
2022-10-27,0.06575106260898896,0.07030961217403517,0.06985472746761778,0.06550405632784294,0.07208137186466777,0.06356170667376362,0.06332786958196028,0.06199129261228349,0.06687104243687989,0.07133934350463017,0.06288419245631635,0.058964554084283964,0.059970140123914176,0.07398050050407028,0.0736247702772928,-1.624269854788349e-05
2022-10-28,0.06524549862892187,0.06966836447093969,0.06930331609191943,0.06503718380839958,0.07275564955174929,0.06256705309187047,0.06276532284645532,0.060392372515895826,0.06784150193253666,0.07271713721862208,0.0625278876085817,0.05864807422423694,0.06042775221345734,0.07594538152541053,0.07417373309944866,-1.6228828445273317e-05
2022-10-31,0.06666828051788663,0.06666828051788663,0.06666828051788663,0.06666828051788663,0.06666828051788663,0.06666828051788663,0.06666828051788663,0.06666828051788663,0.06666828051788663,0.06666828051788663,0.06666828051788663,0.06666828051788663,0.06666828051788663,0.06666828051788663,0.06666828051788663,-2.4207768299429618e-05
2022-11-01,0.06668823678831642,0.06686008667801627,0.06668201358325951,0.064459591814784,0.06801692068997031,0.06713848177681271,0.06701736237488005,0.0666639116510445,0.06688604970027123,0.06610769491202938,0.067394116027328,0.06525888104494547,0.06694953732194185,0.06741619914636711,0.06648513426665924,-2.4217776626179465e-05
2022-11-02,0.06718141246044575,0.06644777314065307,0.0662463505248426,0.06489078726559522,0.06885119618656389,0.06578825183701704,0.06776267669213022,0.0664205643871286,0.06696846249136752,0.06500128086099152,0.06674152645050906,0.06660012867481281,0.06727077365656356,0.06723058030718242,0.06662254193406233,-2.4306869865796802e-05
2022-11-03,0.0672435685348721,0.06650033563574585,0.06595287244911471,0.06546812791792282,0.06941424358692112,0.06590286299501173,0.06757458397006919,0.06680571565675848,0.06704847113102488,0.0658448767596947,0.06748355068831761,0.06523591031961634,0.06576904403598412,0.06615206931146225,0.06762797963619707,-2.421262871302233e-05
2022-11-04,0.06631865810567206,0.06684501080527305,0.06629120458364167,0.06642345993103255,0.0696544734383483,0.0648520207510285,0.06678815799027475,0.06577581896644773,0.06660500904289057,0.065750565639568,0.06630539733264035,0.06695195523596964,0.06433633493876365,0.06787711888449093,0.06924905012322563,-2.423576926746043e-05
2022-11-07,0.06695002741507161,0.06644553809111987,0.06660827372136244,0.06552286374597531,0.07050524424198511,0.06486611637896786,0.06649865793392692,0.06471448327105189,0.06423614144913137,0.06477385525225715,0.06758835871495215,0.06658601700889295,0.06423285503393078,0.06878328344019805,0.07171254010090117,-2.4255799724735772e-05
2022-11-08,0.0675925035743863,0.06560363824872777,0.06502687566538826,0.06710787284253544,0.07224732575451907,0.06484440970778198,0.06518113818365154,0.06542135955117044,0.06396265160470485,0.06449019055549242,0.06838871379463843,0.06678912535629998,0.06273680640543182,0.06820430425421446,0.07242726552099718,-2.4181019940015308e-05
2022-11-09,0.06811275432769637,0.06596778778146985,0.06587393578517305,0.06702643682404319,0.07261959410938502,0.06222480331134929,0.06498215607156442,0.06633187343152123,0.06378852642026606,0.06422330441681895,0.06744713193044827,0.06813496122140941,0.06354321917861398,0.06945339059616963,0.07029437002394082,-2.4245429869803225e-05
2022-11-10,0.06799195672055955,0.06576564218770906,0.06566116827191217,0.06654129231845736,0.07230387302355291,0.06289523075747214,0.06329928930602646,0.06799809920796007,0.0642445929594312,0.06418092142840807,0.06843913553654965,0.06647024320397879,0.06280756812906825,0.0693078753913037,0.072117345921906,-2.4234364295182638e-05
2022-11-11,0.0674927134471475,0.0656108102487287,0.06479629300338993,0.06645640472506119,0.0732754869969027,0.06326694218974625,0.0628036981049998,0.0681882712234291,0.06436235985541666,0.0642550511413474,0.06920969085411946,0.06726170791658752,0.06225584737077641,0.06965950672299517,0.0711292784159516,-2.4062216599234057e-05
2022-11-14,0.06692308648065765,0.06545222052861638,0.06476493300316177,0.06521378297351292,0.07407048613919544,0.06104843883062082,0.06513389707016887,0.06967276344717926,0.06414571338419697,0.06429903953630911,0.06958859268834013,0.06663300954670365,0.06250510256298288,0.06952208667463994,0.07105091138824915,-2.4064254534785354e-05
2022-11-15,0.06683927343071641,0.06439257807810123,0.06460437203474592,0.06514808788150894,0.07397507174116372,0.06070782782165605,0.06594931044146006,0.06913206526920979,0.06418607653408005,0.06541576686909199,0.06931296851981103,0.0666967435841679,0.06223579348116262,0.070904423049444,0.0705236294897729,-2.3988226092567975e-05
2022-11-16,0.0680268791518741,0.06468559317798704,0.06436547259240474,0.06602750872650075,0.0741207315683141,0.06154066423885707,0.0638854731855623,0.06953648597346451,0.06411823853512943,0.06471179544406287,0.0690947326484496,0.06644045511521726,0.0625514337993459,0.06954983819297433,0.07136881485678864,-2.411720693258317e-05
2022-11-17,0.06837321289079422,0.06437080181893981,0.06443029727347777,0.06634626798645495,0.07466176220009532,0.0625386612733126,0.06297620530975122,0.0683110890569616,0.06437792042431897,0.06493470485247892,0.0694423002411514,0.06804960835600861,0.06210226179272197,0.06957444868042673,0.06953438420879089,-2.392636568516187e-05
2022-11-18,0.0695904861048902,0.06400433870754291,0.06407037999644924,0.06593449654754421,0.07391330986707685,0.0618187241291408,0.06239653758288054,0.06684688886715034,0.06349414268436926,0.06676004158083652,0.07012606542242,0.06897318608896645,0.06325876827184472,0.07175801482135745,0.06707848538492145,-2.3866057390843646e-05
2022-11-21,0.06946855696212399,0.06411922513614267,0.06438547235249557,0.06636876178470273,0.07425434537030576,0.06262025880297956,0.0630601702778759,0.06683604651145032,0.0620713654797457,0.06640466966270635,0.07021619494635821,0.0693930864102039,0.06264570412469035,0.07185297766481037,0.06632726404146702,-2.4099528058474644e-05
2022-11-22,0.06929293337860763,0.06333953173078308,0.06371343951201913,0.0652903507199032,0.07402491175283457,0.06185043090498014,0.06375700740746913,0.06714353174278541,0.061937896617696074,0.06551172039981754,0.07057403930852965,0.07012912533845371,0.06273958837788668,0.07387970592877251,0.06683984931454215,-2.406243508049901e-05
2022-11-23,0.06957684176119289,0.06314185169332255,0.06389334251540028,0.06440829651860341,0.07329020824289112,0.06185693473203669,0.0637742512484183,0.0673357901401278,0.06268073465578516,0.06379151763919422,0.06916795684435117,0.07010603727517374,0.06168504595710552,0.07810096333825392,0.0672141769595494,-2.3949521406265247e-05
2022-11-24,0.06914285586905759,0.06246861568486537,0.06321601462546202,0.06408154319275643,0.07299439915236185,0.06116513355502873,0.06320036824885178,0.06825428911740174,0.06363126973950299,0.06370490442050354,0.06731271420998361,0.07037545851179694,0.06303942060205256,0.07963833979290036,0.06779848631419913,-2.3813036724672037e-05
2022-11-25,0.0698811320633567,0.06233389158781468,0.06347493255050375,0.06341334093457347,0.07306225100932238,0.06204697293295506,0.06253755645268444,0.06725094264240512,0.06356417845260237,0.06332409055320357,0.0678541295713241,0.06966898556261912,0.06478454101722841,0.07758447617457453,0.06924232195821516,-2.3743463382727425e-05
2022-11-28,0.06977079529842733,0.061550602750246326,0.06400353908915067,0.06359318153356128,0.07249582996645045,0.06106355454731373,0.06289686051606423,0.0685821408253734,0.06449534956473175,0.06375656319413096,0.06878862110951972,0.07005492928423772,0.06354086514858558,0.07603456502978279,0.0693964759191682,-2.387377674420721e-05
2022-11-29,0.06993374225558618,0.06232210368894299,0.06477951751125981,0.0642871773021037,0.07253608428022192,0.060222788190529605,0.06350145869471732,0.06937282463883367,0.06246313158241843,0.06319013698075888,0.06830080892610399,0.07048760679097334,0.06290870863606413,0.07630307320742524,0.06941479846664682,-2.3961152586173375e-05
2022-11-30,0.06666803480338993,0.06666803480338993,0.06666803480338993,0.06666803480338993,0.06666803480338993,0.06666803480338993,0.06666803480338993,0.06666803480338993,0.06666803480338993,0.06666803480338993,0.06666803480338993,0.06666803480338993,0.06666803480338993,0.06666803480338993,0.06666803480338993,-2.052205084940078e-05
2022-12-01,0.0666237413240958,0.06700887946246956,0.06666422856698151,0.06680364383107215,0.067723276521445,0.06719825337815896,0.06759362438165313,0.06682348671498899,0.06670528802383952,0.0658475149936953,0.0666477296740819,0.06329578927233422,0.06635910676458229,0.06695514044898654,0.06777092615544278,-2.062951382767175e-05
2022-12-02,0.06678960845767946,0.06758556153805984,0.06542721816909672,0.06710231057353658,0.06668384428695459,0.06650026683804305,0.06777429069509168,0.06838828956811437,0.06742617944260738,0.06621503533093206,0.06698147438061332,0.06286881598121569,0.06607974981070251,0.06784141454351497,0.06635666977122674,-2.072938738925069e-05
2022-12-05,0.06709841468966697,0.06725614656723555,0.06594982813874684,0.06778177664935311,0.0652726344523091,0.06594954654044322,0.0669380348353746,0.06658021161788182,0.0663432530025818,0.0686738397743608,0.06759575992312566,0.0648586773723749,0.06699814583080219,0.06688426515869521,0.06584017054207957,-2.0705095031347977e-05
2022-12-06,0.06743051213630014,0.06751493306447796,0.06550273016915696,0.06657302725319345,0.06784551051964277,0.06579962170826487,0.06661473013364375,0.06665990867758212,0.06607913895431781,0.06878043762229784,0.06898192692078096,0.06470336392091254,0.06561438694673724,0.06667147658359764,0.06524898382541637,-2.0688436322334958e-05
2022-12-07,0.06863380722514924,0.06861331346317767,0.0658667700556887,0.06588648204231663,0.0671327125667089,0.0661070238323082,0.0672185408500507,0.06660672992230683,0.06590753830256126,0.06846064298462064,0.0692743308107167,0.062391915070844246,0.06464788012138478,0.06622014825076968,0.06705293849493975,-2.0773993543980123e-05
2022-12-08,0.0677149284558886,0.06834574775934617,0.06565232380263519,0.06648896355103881,0.06777829023837108,0.06568815974031454,0.06641492592721947,0.06561430147546952,0.06530930986912102,0.06762623611868648,0.06951349322624999,0.062492731518597626,0.06496578879281026,0.06737464564437912,0.06904080445011028,-2.065057023818796e-05
2022-12-09,0.06749465928902662,0.06880245990764144,0.06511732353859494,0.06710020057568993,0.06835602961182961,0.06625226360337359,0.06621620137629117,0.06471819383377898,0.06368893570005281,0.06730229797070923,0.07094369201496363,0.06191036024145219,0.0655912238819607,0.0681326000117299,0.06839411354767326,-2.0555104768033478e-05
2022-12-12,0.06868852338206934,0.06712520049362407,0.06459472940470648,0.06674558223487902,0.0680343188328996,0.06689252848273881,0.06683158337530698,0.0654300608272038,0.0646003853058515,0.06667112007906208,0.06992506567356128,0.06266702303396887,0.06522490117355194,0.06655166955112524,0.0700379657940598,-2.0657644608874656e-05
2022-12-13,0.06916556583694562,0.06776551265602879,0.06433048874151459,0.06681680207003021,0.06874837681612948,0.06594358663900889,0.0674272376596246,0.06529409674223663,0.06508829595952341,0.06646912086123755,0.07097337775519702,0.06253565561505385,0.06315780883658412,0.06791619407373059,0.06838840618720293,-2.0526450048351226e-05
2022-12-14,0.06984741247427022,0.06757306083997187,0.0650234782406239,0.06755983483716908,0.06898012933546298,0.06625300212228401,0.06769059255011445,0.06331957748604411,0.06508978817336061,0.06520687342164767,0.07105096846145371,0.06122933160649858,0.06174519966542742,0.06979035896122252,0.06966087404859937,-2.0482224150591766e-05
2022-12-15,0.06980199748794567,0.06765998167270502,0.06481348349108686,0.06796568697584737,0.06837969559156637,0.06706551072299262,0.0674296624668763,0.06291694131968302,0.06508572853293762,0.06458574795209324,0.0714056528410692,0.0606562645716552,0.062235699341324745,0.07131868360228924,0.0686997290769356,-2.0465647008061227e-05
2022-12-16,0.06951224300441147,0.06777927339815044,0.06432370471876038,0.0681338757189132,0.06864762943481761,0.06780781619229224,0.06669426352382529,0.06190748743704939,0.06461399250260463,0.06344626812360576,0.07186814275996531,0.05931261487047951,0.06461502348623636,0.07281556455545622,0.06854250208989794,-2.0401816465764335e-05
2022-12-19,0.07052068256540359,0.06707562804014029,0.06649357904542165,0.06810212502161615,0.06898419915039891,0.06661845177366542,0.06756373842843187,0.06133083019906195,0.06513144089790998,0.06332051370509145,0.07107637860071811,0.05889272047201033,0.06529929647983271,0.07158773000141982,0.06802321111031148,-2.0525491433632724e-05
2022-12-20,0.07056623935153926,0.068459959206567,0.0664669094925915,0.06701492315081564,0.06830080003010851,0.06628259845627012,0.06688097084789327,0.06178086364710746,0.06499146387885098,0.06387014342235954,0.0703395050036175,0.05989161624510193,0.06476700384900017,0.06995447869327119,0.07045293153048375,-2.0406805577849525e-05
2022-12-21,0.06891700622763323,0.06752611706329886,0.06560886585800485,0.0685188334247626,0.0693720771059353,0.06714012207643495,0.06617847015984864,0.06351849478944077,0.06495387573435883,0.06445062431107199,0.07012396460875474,0.05948689964924389,0.06410055847341876,0.06927818638599466,0.07084617961743088,-2.027548563296341e-05
2022-12-22,0.06892720708840763,0.06728310534367565,0.0664611984045521,0.0659736537564102,0.06957854761066452,0.06754320133682577,0.06699168362320272,0.06326263906043043,0.06495341655272728,0.06523669063454228,0.07159957166305862,0.05900790452971145,0.06420939930642858,0.07118607396006174,0.06780591150387749,-2.020437457675068e-05
2022-12-23,0.06860082059755426,0.06840588923715286,0.06736966286781534,0.06649381746027935,0.06933155072092624,0.06690902591073011,0.06658786570258919,0.06477903767705116,0.06447769161416718,0.0654733463137785,0.0708728841671915,0.059972721952363424,0.06373855239484853,0.07121333315867469,0.0657940368547504,-2.0236629872890513e-05
2022-12-26,0.06773451761608859,0.06859471982800108,0.06658585022212185,0.06828597874931165,0.06778276484666623,0.06640786046342032,0.0667910009309535,0.0646277834823656,0.06360377361288565,0.06468785867768079,0.06994103401720123,0.05985978487876606,0.06611806310179692,0.07153004028674038,0.06746925560195648,-2.028631595649333e-05
2022-12-27,0.06825536925811895,0.06957025860763631,0.06476306713225313,0.06824970538277013,0.06906540561936453,0.06612076820967583,0.06858847135614073,0.06619008818537911,0.06335756120675543,0.06438448378406579,0.06901134066737895,0.05941364580008151,0.0648974756286471,0.07232338528919349,0.06582931470409076,-2.0340831551737656e-05
2022-12-28,0.06812120491238409,0.06948060635815145,0.06312012645742214,0.06893916542926139,0.06897408104053288,0.06625655670879203,0.06738008606076756,0.06627769149438044,0.06394005669113462,0.06381201501945903,0.07072488638839826,0.05902278236059132,0.06571349949285413,0.0721814632469151,0.0660759600523426,-2.0181713387196286e-05
2022-12-29,0.06706381809140463,0.0697624759770107,0.06263982962174826,0.06829420120504083,0.07046222596201059,0.0661022988305317,0.06649723240280964,0.06597145307244934,0.06273715956707411,0.06526612087077759,0.0699670901723458,0.05958439517877085,0.06731762917154159,0.07156972801386066,0.06678452505321301,-2.018319058921111e-05
2022-12-30,0.06666757036031927,0.06666757036031927,0.06666757036031927,0.06666757036031927,0.06666757036031927,0.06666757036031927,0.06666757036031927,0.06666757036031927,0.06666757036031927,0.06666757036031927,0.06666757036031927,0.06666757036031927,0.06666757036031927,0.06666757036031927,0.06666757036031927,-1.355540478904775e-05
2023-01-02,0.06691966055769687,0.06682087717708521,0.06436104894476773,0.06677134570684497,0.06520633630298919,0.06709765380756207,0.06787224940142993,0.06567672218863654,0.06629336137680172,0.06593488534613193,0.06788699429174369,0.06666426785062347,0.06857710445147615,0.06706295785803745,0.066868060881949,-1.3526143776010065e-05
2023-01-03,0.06698977844465544,0.06740319465743431,0.06318264827192228,0.06686934255926538,0.06518451891243753,0.06775852848312063,0.06773915308851762,0.06474909951640358,0.06634236145021687,0.06486973104415586,0.06581603164759839,0.06753000816908031,0.06932507684500722,0.06768566408674642,0.06856839173619504,-1.3528912757012476e-05
2023-01-04,0.06672644357143263,0.06658592695378707,0.06328788113798894,0.06676609601341531,0.06467771727243572,0.0678589773594659,0.06735055106359138,0.06322659658345069,0.06607890279673949,0.06389301734144703,0.06623798831981698,0.06696177940852553,0.07086805003039316,0.06985343028918048,0.06964020009864604,-1.3558240316182449e-05
2023-01-05,0.06583701325585305,0.06769309005019995,0.06445462485265507,0.06687586407089993,0.06581261938576591,0.06747912386071221,0.06575384255142866,0.0626419641470985,0.06788135010594594,0.06251453529220052,0.06634523408966551,0.06711123954052159,0.07034869077679314,0.06940778782444118,0.06985659395286503,-1.3573757046117176e-05
2023-01-06,0.06522662463278434,0.06645497878137001,0.06435068552664738,0.06743544537257198,0.06625037843412067,0.06652221406909528,0.06439724086729208,0.06215366755318322,0.06920005172804687,0.06290541680338932,0.06685319257157711,0.06786833439942594,0.070609694611894,0.06930882399445869,0.0704767676857087,-1.3517031565618334e-05
2023-01-09,0.06513766620283594,0.06575535267131576,0.06510412753850622,0.06865967006229005,0.06560742044155234,0.06748918887299205,0.0661202889530804,0.06240121259033377,0.06863628392403047,0.06328210882370364,0.06652895598772275,0.06743971563055129,0.07144191004758048,0.06756601968873377,0.06884364448043866,-1.3565915667698504e-05
2023-01-10,0.06526790561417184,0.06586181349643053,0.06546803988683932,0.0702699486394489,0.06581750949575865,0.0681399246164607,0.06537957310199173,0.06320729345498462,0.06823923529946302,0.06348352849697415,0.06655122603644402,0.0687606690424089,0.069951091197815,0.06489787189881767,0.06871795758918416,-1.3587867193186791e-05
2023-01-11,0.06546347626487682,0.06587128348022825,0.06624828652875994,0.07052794770647204,0.06528113592764838,0.06602387654986792,0.06508850177093665,0.06404926622981359,0.06776093776856039,0.0634371861912249,0.06692881888194503,0.06750812630706238,0.07063906121654527,0.06676236484662268,0.0684232961613673,-1.3565831931680385e-05
2023-01-12,0.06501207697646659,0.06607966727693548,0.06490747321549749,0.07107642017744076,0.06589739091099897,0.06770878211297267,0.06517665107962316,0.06467832877816211,0.06716492674801341,0.06334296830856344,0.06554347914108757,0.06756389063165044,0.07055260594352326,0.0674068669111791,0.06790208662816506,-1.3614840279716662e-05
2023-01-13,0.0651148190404458,0.06591073776500872,0.06473008671485399,0.07120436124368727,0.06598954130445428,0.0684333398633941,0.0651331795828603,0.0644214764734024,0.06705295649422595,0.06270617475663104,0.06523165523077924,0.069955466982008,0.06950187776355655,0.06714263172732204,0.06748531798235724,-1.362292498692292e-05
2023-01-16,0.06523090859430473,0.06596276575404621,0.06519690966109204,0.07010165062301368,0.06710419330721672,0.06928285973994336,0.06431609755606843,0.06262020526020674,0.06636835036312386,0.06274391346803175,0.06825665092509263,0.07090988318063421,0.06759920946774994,0.06659745624731873,0.06772262229315404,-1.3676440997137612e-05
2023-01-17,0.06541493795400735,0.06511437564321751,0.06513315956075995,0.06955994987999532,0.0662401969091327,0.06955272207774767,0.06502630116747586,0.06340579799065194,0.06697768740831923,0.06230194910391206,0.06909513673163611,0.07133189724305469,0.06780976584601602,0.06590767774214065,0.06714212426173646,-1.3679519803567094e-05
2023-01-18,0.06517004047609136,0.066428150411698,0.06505863249135346,0.06877153927966463,0.06528689924648132,0.06881722330386013,0.06665098553190671,0.06277973635915293,0.06759323609265559,0.06167933791659596,0.06909891112602098,0.07198595161633042,0.06685435690480254,0.06487286736436287,0.06896574797815727,-1.3616099134365117e-05
2023-01-19,0.06614830396175368,0.0673404498664124,0.06598648691213722,0.0695310553962092,0.06727280161154371,0.06925526421620722,0.06756160256009526,0.061849287462588054,0.06715849480622099,0.060888019435397185,0.0709433094422042,0.06929835800761228,0.06678083234424219,0.06170540037137987,0.06829402401014757,-1.3690404151036968e-05
2023-01-20,0.06601009779728964,0.06846117519629084,0.06644250422131057,0.06904878154134858,0.06832596564358019,0.06945831546927572,0.06778046311089407,0.06096317305964278,0.06635614569589449,0.06027777974497474,0.0711986447250485,0.06958875136059153,0.06878838862305404,0.0623202048540797,0.06499333169444158,-1.3722737717020108e-05
2023-01-23,0.06662752374794145,0.06792074617674769,0.06620406804453242,0.0688803071232576,0.06824786574591574,0.06871135535087787,0.06844413461221242,0.06016611991603492,0.06717994313232883,0.06281359881474045,0.07016367844252315,0.06975134633445595,0.06621710747908507,0.06242650197608909,0.06625951717297905,-1.3814069721754112e-05
2023-01-24,0.06705659054292876,0.06795099429909285,0.0668190115570445,0.07087204738113374,0.06964956432926271,0.06823580030842533,0.06709080119560114,0.05980988330515586,0.06622648588773003,0.06324649389275742,0.06881616858684965,0.06966190899062175,0.06718862082543908,0.06231216918064676,0.06507726599482737,-1.3806277516828975e-05
2023-01-25,0.06781597305322655,0.06667543558643622,0.06660118330080625,0.0708600202025321,0.0696864740866503,0.06841865216833956,0.06767004418708232,0.05980508827268483,0.06589434365268558,0.06287656503171281,0.06816935574865547,0.07062491179961526,0.06646416832067692,0.06331060350988196,0.0651409876997444,-1.3806620730549875e-05
2023-01-26,0.0671758668502901,0.06679028808618234,0.06578205896793991,0.07106095403443544,0.06955742813905104,0.06759717108577658,0.06785509367383963,0.06000670219289161,0.06673746639689537,0.0635458306336933,0.06841923237912739,0.0689890473141904,0.06902748987309179,0.06143487092250601,0.06603424070658712,-1.3741256497995023e-05
2023-01-27,0.0673442952535079,0.0658953865711545,0.06559496301241292,0.07089197560701649,0.07055806840649652,0.06688398070269347,0.06752119620973955,0.05794156079352238,0.0683644626077899,0.06240871727029856,0.06869347627731649,0.0687850018980581,0.0688246872179411,0.062266663218508836,0.0680392820409652,-1.3717087422033731e-05
2023-01-30,0.0672085169414034,0.06604353230311155,0.06554315410353286,0.07141122860802178,0.06986187306573101,0.06751849705476638,0.06824430051903609,0.058584078923120085,0.06741328321978485,0.06198876981520754,0.06867710631031838,0.06692119024555622,0.07046388084760487,0.062002802494614435,0.06813143982238998,-1.3654274199423827e-05
2023-01-31,0.06666765692519709,0.06666765692519709,0.06666765692519709,0.06666765692519709,0.06666765692519709,0.06666765692519709,0.06666765692519709,0.06666765692519709,0.06666765692519709,0.06666765692519709,0.06666765692519709,0.06666765692519709,0.06666765692519709,0.06666765692519709,0.06666765692519709,-1.4853877956719954e-05
2023-02-01,0.06666683175014805,0.06637609998526982,0.06670057170242191,0.06766381868732907,0.06697449671904643,0.06746240630717346,0.06647768010572112,0.06563540266554087,0.06633959261889731,0.06556938591717633,0.06807565237722385,0.06728739055905221,0.06701036119493783,0.0679008364274303,0.0638742601848235,-1.478720219205905e-05
2023-02-02,0.0669970055396542,0.06545808724883195,0.0666590842078603,0.06738713898581991,0.06747987713058994,0.06762871136999489,0.06765516323972182,0.0650495166630118,0.06701275226873221,0.06571172508067186,0.06625223334252035,0.06622582273499103,0.06681680203563953,0.06926029775775555,0.06442055778729548,-1.4775393091022345e-05
2023-02-03,0.06618707351932092,0.0652969495864328,0.06804212571957673,0.06740656252365743,0.06714722933152897,0.06799176061798283,0.06829047047916376,0.06457267467825538,0.06745559228408551,0.06532300696037055,0.06697100858724624,0.06636488556955913,0.0673323252387242,0.06825460493865489,0.06337848660269665,-1.4756637255773999e-05
2023-02-06,0.06655236072034497,0.06502558861900935,0.06802446490920443,0.06694810715449656,0.06765817089212292,0.06724327935116838,0.06794645461393106,0.06508377413559796,0.06841328662640637,0.0645894032499073,0.06888166148718602,0.06651049665035931,0.06589947147231189,0.06850614454410626,0.06273203937039737,-1.4703796550031328e-05
2023-02-07,0.0667280534628585,0.06490465869704361,0.0679838193262411,0.06615730052915003,0.06837985071562835,0.06615966676263145,0.06684387001344368,0.0653402990407521,0.06995478696764698,0.06415893877136422,0.06958177671413196,0.06763701075393355,0.06676654022578825,0.06804380640007106,0.06137430111123611,-1.4679491920955076e-05
2023-02-08,0.06526161099752043,0.06465969653005942,0.06877356131387855,0.06523497496417299,0.0688902033600405,0.06528823034327526,0.0668742643178034,0.0659330413231715,0.06920640812690439,0.06427138853171724,0.06905456910702186,0.06838430506166848,0.0669881053295213,0.06806090598496936,0.06313339448267631,-1.465977440121072e-05
2023-02-09,0.06612962402570545,0.06465915402533946,0.06919468115143909,0.06563999205059613,0.0694479612113218,0.06788254771243925,0.06769086928937881,0.06449221235181216,0.06914505248540828,0.06279670420300087,0.06918622659711261,0.06657574093719894,0.06644839706894187,0.0666635986112449,0.06406199773981645,-1.4759460756164309e-05
2023-02-10,0.06594180949434048,0.06467473379453882,0.06892383420256373,0.06441188200754544,0.06969016582837453,0.06936722843510576,0.06788253018781662,0.06393332849370507,0.06750220829459248,0.06175149252895514,0.06951511217821947,0.06760884528951155,0.0665851322048266,0.06746718836655913,0.06475922324125888,-1.4714547913577065e-05
2023-02-13,0.06593402012878215,0.0639319773809622,0.06872016013115385,0.06347917768716577,0.06937261195148331,0.06933131450798806,0.06909324697139048,0.0624531335091578,0.06766818927374452,0.06287851705966334,0.07004562715973078,0.06824527144364353,0.06696593243241045,0.06875083768771283,0.06314462250940098,-1.4639834390028917e-05
2023-02-14,0.06504400091196505,0.06390342562932957,0.06709298210044146,0.06435429397439002,0.0703801614964704,0.06892759746235783,0.06873100802970734,0.062375857266433014,0.06770796109506666,0.06299277352132274,0.07066969454837796,0.06803983575359791,0.0680688947229843,0.06930628295067318,0.0624198614537549,-1.4630916872391531e-05
2023-02-15,0.0657417573439741,0.06290930373480855,0.06690519824117187,0.06495241249829986,0.06964008204478957,0.0690820466555936,0.0691177448195121,0.061512835287392494,0.06752448122834827,0.06273878050516286,0.06992778829370772,0.07057133024024083,0.06705559258603319,0.07046930756335426,0.06186593973201874,-1.4600774407985584e-05
2023-02-16,0.06468224757878012,0.06260428794894932,0.06697958781830471,0.06525578202554998,0.07054994901178348,0.07127665693229585,0.06895316072092492,0.06058675660190844,0.06759184618222298,0.062126136908113104,0.0705765870622464,0.06864083632565669,0.06945171322392261,0.07117116345402993,0.059567799792191276,-1.4511586879662474e-05
2023-02-17,0.06450091056305028,0.06337071277687417,0.06810006441320053,0.06456110736826948,0.07144802278729659,0.06977971473145166,0.06915184346620326,0.061794900323968706,0.06731668022780866,0.06092693712804291,0.07104118556384831,0.06822847146225178,0.07051789123268312,0.07032403943440313,0.058952084119263094,-1.4565598615740993e-05
2023-02-20,0.06315579962184122,0.06336753503058148,0.06786354596407211,0.06357210111941743,0.07149570434101227,0.07058152485695565,0.06883859282479582,0.06193059062087668,0.06748369112629764,0.05969626591324796,0.07329564180906135,0.0675862117602613,0.07122551921771163,0.07120744299292239,0.058714369362323895,-1.453656137852913e-05
2023-02-21,0.06346701753486525,0.06347616904947913,0.06677519638902453,0.06328450826504053,0.07091506857040211,0.07011752197061752,0.06758469197796214,0.06288108910848164,0.06904863575509188,0.060569120223526486,0.07476471266660711,0.06716055044452819,0.07039827159971715,0.07016736527893612,0.059404603214031036,-1.452204831082147e-05
2023-02-22,0.06338686083939855,0.06321264582863685,0.06748245628840628,0.06336763146480708,0.06996197802696216,0.06927891712075067,0.06798625202025223,0.06360478455109106,0.06939300585234535,0.06215565938650015,0.0765045592397089,0.06745101182230617,0.06915048824018408,0.06828547589168633,0.058792743217853466,-1.4469790889328925e-05
2023-02-23,0.06394824806246573,0.06449448316166348,0.06790760348188636,0.06433360441322593,0.06988202726220143,0.06996262094133865,0.06887211563923748,0.061940000659431595,0.06910205223518,0.06319671666656966,0.07699916799570294,0.06622478808805186,0.06634015851149003,0.06797283481762514,0.058838069989574616,-1.4491925644985033e-05
2023-02-24,0.06361366233127315,0.06479283799290002,0.06849746153844968,0.06503793663064335,0.06810369969537881,0.0690099489026444,0.06881641149319971,0.06265091307046398,0.06983854361353378,0.06387590957994774,0.07678356701977583,0.06608656953489657,0.06572102364208599,0.06916606964558104,0.05801997992461442,-1.4534615388308617e-05
2023-02-27,0.06434339321064471,0.0651526262054524,0.06870173866303503,0.06477384544405816,0.06721875394533781,0.06868032299990467,0.06875550943912472,0.060766795985973406,0.06988750065341096,0.06502981062772324,0.0777752531032114,0.06577771915833094,0.06602208616051575,0.06872446682127761,0.058404758916503194,-1.4581334504058828e-05
2023-02-28,0.06666768218081764,0.06666768218081764,0.06666768218081764,0.06666768218081764,0.06666768218081764,0.06666768218081764,0.06666768218081764,0.06666768218081766,0.06666768218081764,0.06666768218081764,0.06666768218081764,0.06666768218081764,0.06666768218081764,0.06666768218081764,0.06666768218081764,-1.5232712264276055e-05
2023-03-01,0.06685440778587033,0.06693446807541738,0.06550223540729298,0.06716998197644138,0.06745013686072594,0.06675869999342225,0.06896796293766198,0.0661820691474452,0.06647241813480036,0.06642279398587132,0.06675193226856524,0.06646573554927146,0.0651890021634799,0.06617471134093579,0.06671870781726774,-1.526344446933538e-05
2023-03-02,0.06755556492051742,0.06835273553482388,0.06637692715660212,0.0665045916712354,0.06681374542685066,0.06655809360478157,0.0705626235080734,0.06596701663324879,0.0651053849832485,0.06585015763131417,0.06751452540144362,0.06718568555706515,0.06491030930656398,0.06694894665727256,0.0638089355462546,-1.524353929579981e-05
2023-03-03,0.06749270820838481,0.06881849593296195,0.06565819616709094,0.06574640770000013,0.06518190269326078,0.0677945752675023,0.06975535609265154,0.06607901482325959,0.06557839092317287,0.06728360191572305,0.06723675190254816,0.06646806337245514,0.06500511726906882,0.0684090416979435,0.06350758744803746,-1.521141406105013e-05
2023-03-06,0.06706892632242896,0.06793462970723141,0.06497542319246094,0.06658767164994416,0.06511511419070935,0.0674622641441648,0.06928436397681481,0.0663548508204073,0.0655409811676836,0.06720096401334019,0.06891526379359883,0.0684021329397766,0.0633658271496932,0.06903303341027962,0.06277380399819726,-1.5250476730767572e-05
2023-03-07,0.06705916754663686,0.06829949214530494,0.06497282354054609,0.06691659761871907,0.06579952497993363,0.06787595173575303,0.06884277163075865,0.06592140822243948,0.06429646714106985,0.06647372249081321,0.07128148663757658,0.06765837997869269,0.062197483665393856,0.0696140159780182,0.06280598775972768,-1.5281071383573374e-05
2023-03-08,0.06701707686498717,0.06936022680538488,0.06544161798281384,0.06659675017874751,0.065547758045487,0.06753064053416644,0.06975236471329757,0.06572687229435688,0.062675959111161,0.06652204306735138,0.0696123005916563,0.07025833454000643,0.06123962163252845,0.06951923925734489,0.06321449109676086,-1.529671605052564e-05
2023-03-09,0.0666749459516591,0.06899365534031984,0.06558660220201377,0.06760680053393059,0.06600847707522342,0.0686562371834578,0.06861494593374086,0.06587803523413237,0.0626847835547887,0.06674196075204628,0.07101383250521393,0.06985157598030438,0.06067971440329644,0.07005374997558268,0.06096994058639718,-1.5257212107359427e-05
2023-03-10,0.06654379455471282,0.06892057737370637,0.06495619750303355,0.06845091959683174,0.06518195977737198,0.06856495023605068,0.06891676911884773,0.06717282671845423,0.06270617108796687,0.06774707960079314,0.07185918466931376,0.07003782079840463,0.05955658048191519,0.0682670293902877,0.06113339741438709,-1.525832207737087e-05
2023-03-13,0.0663808996385882,0.06975114796133727,0.06565930082380958,0.06849572813384901,0.06444583065689642,0.06920951807717957,0.06816475303923057,0.0666431514035986,0.06197507693575428,0.06780081704948245,0.0734386221193627,0.07024234223814697,0.059272893846069125,0.06657340642754485,0.06196180802471094,-1.529637556076426e-05
2023-03-14,0.06589131380309751,0.06983590249430978,0.06541173182657137,0.06915996595506899,0.0643298760120433,0.06916684572943232,0.06862301991678024,0.06864595681354806,0.06280637965295273,0.0677246829616066,0.07346303509114226,0.06964209219989662,0.05830495611036617,0.06592729429511271,0.06108224043710601,-1.529329903473253e-05
2023-03-15,0.06639336458194348,0.06918000971608154,0.0664524258297664,0.06986281999189592,0.06444572611585767,0.0692764035913362,0.06821652050980123,0.06902141344651595,0.06392695168074966,0.06709920403378111,0.07176254016264416,0.07059135228853246,0.058740941612869475,0.06469893095566735,0.060346707734830335,-1.5312252272945726e-05
2023-03-16,0.06599741556747199,0.06882365188492928,0.0663676695266545,0.0698062954663824,0.06408236229073241,0.0687617069998755,0.0681650926407491,0.0693492917048024,0.06377937473280118,0.06847123298263201,0.07253044012582122,0.0688679760503171,0.059429360395435095,0.06557858107604794,0.0600048909924718,-1.5342437123941217e-05
2023-03-17,0.06555724723500053,0.06935178118334893,0.06686782193572051,0.06943520919348148,0.06343619293603264,0.069213785533021,0.06847624891556177,0.06947446606800443,0.0641967221932728,0.06782587632106536,0.07258506122407507,0.07003475090078855,0.05953151119863789,0.06408606867445565,0.059942711890459535,-1.5455402926222705e-05
2023-03-20,0.06501359852983805,0.06966893997809014,0.06722499030181497,0.06824489763783954,0.06414576930469668,0.0683619040985097,0.07005720493499311,0.06956771028753542,0.06313911299840869,0.06676336356072439,0.07314887476180112,0.06972203151537554,0.059559947546660726,0.0661139586372496,0.05928317661192135,-1.5480705458869653e-05
2023-03-21,0.06468322520669746,0.07027324042412741,0.06704453648632965,0.06661475284220965,0.06418245147985371,0.06697204006803437,0.07099620681281281,0.06838209908699965,0.06556466625156035,0.06791533311086835,0.07181817804823934,0.06937347777409439,0.060026969624689876,0.06670362096340765,0.0594645920850461,-1.5390264970730917e-05
2023-03-22,0.06523433775056878,0.06995820853339677,0.06656446220211575,0.0661383291319504,0.06464677906476236,0.06707500416189997,0.07105422658602188,0.0689400587698293,0.06337518379372654,0.06803624358168198,0.0718569663342916,0.07111481867601895,0.05824640257552988,0.06839624297396095,0.05937807275113151,-1.5336886886494773e-05
2023-03-23,0.06569293539002159,0.07131764659883998,0.06713193166760935,0.06660714695123035,0.0649999435335289,0.06682868379423543,0.07120943379243122,0.06841848674648711,0.06349961232291862,0.06574432529911442,0.07255027616606816,0.07116126760747059,0.058061610085357145,0.06886011574321052,0.057931954936728716,-1.537063525196548e-05
2023-03-24,0.06668187361421575,0.07102351401932075,0.06682119218226922,0.06566992023544475,0.06482362626100963,0.0678145990772519,0.07199211030045764,0.06904469449386695,0.06382961029429804,0.06519150180732389,0.0706461482304307,0.07072108188061779,0.057660870714507054,0.0699825962742477,0.058111980322596624,-1.5319707858340713e-05
2023-03-27,0.06711177700415671,0.07126437106395345,0.06592024984766577,0.06376656823786728,0.06535152112779725,0.06840903924808753,0.07006535944653823,0.06992472493159932,0.06365059615093367,0.06480505765901477,0.07188623395314368,0.07172140754314073,0.0578345886324132,0.07000075442862418,0.058302934858645905,-1.518413358152413e-05
2023-03-28,0.06722343660846186,0.07161581707120243,0.06563847076118941,0.06387547937525831,0.06542342200740012,0.06823229956863247,0.0705901811260329,0.06999794727598452,0.06449005639809464,0.0635351104164326,0.07216680383116396,0.07229580400444531,0.05785344692113295,0.0701880900180993,0.05688889868564989,-1.5264069180732755e-05
2023-03-29,0.06737358065816257,0.07200580682831012,0.0659173571757245,0.06456897227632577,0.06551684144806791,0.06858311453314912,0.07067091231163503,0.07061392278413625,0.06292343185284481,0.06259931716272034,0.07395826303596886,0.06923914984015123,0.05766557661142308,0.07163199261834395,0.05674700465300816,-1.5243789971620758e-05
2023-03-30,0.06721333885184065,0.0722069683833406,0.065765221619205,0.06469119740745702,0.06507487755836215,0.06966882246409087,0.07214511091637767,0.07059690828229698,0.0617321130307281,0.062196597447088074,0.07386604568189443,0.06995275912013083,0.05674770141455881,0.07075722844076737,0.05740037229864188,-1.526291678072188e-05
2023-03-31,0.06666829167432697,0.06666829167432697,0.06666829167432697,0.06666829167432697,0.06666829167432697,0.06666829167432697,0.06666829167432697,0.06666829167432697,0.06666829167432697,0.06666829167432697,0.06666829167432697,0.06666829167432697,0.06666829167432697,0.06666829167432697,0.06666829167432697,-2.4375114904643722e-05
2023-04-03,0.06582502129716769,0.06653999856751767,0.06599334502796991,0.06664789125823714,0.06724639075274101,0.0675421564016912,0.06742632750517802,0.06640620442298445,0.06674599011772817,0.06712091421051317,0.0648023911574593,0.06734443213687531,0.06499952809885781,0.06918520414659945,0.06619858010855001,-2.437521007032941e-05
2023-04-04,0.06546261070640648,0.06577484722371262,0.06530138546097797,0.06813469713735594,0.06776596227435927,0.0659608298484941,0.06854750604939525,0.0672879149584648,0.06623212020769591,0.06720351056634814,0.06456103646285423,0.06934436742272529,0.06387210522644127,0.0691334248736527,0.06544196018467793,-2.42786035620512e-05
2023-04-05,0.06453038122236422,0.06718797820392947,0.06442612002492319,0.06826390750111899,0.06629361077409575,0.06558595118862484,0.06890044108388474,0.06646749765457462,0.06677653510320863,0.0668923713762725,0.06574545048782231,0.07090850878605946,0.06319127899588657,0.06920623555991744,0.06564798854155386,-2.425650423644911e-05
2023-04-06,0.06488449326351246,0.0671753704532005,0.06453874286048819,0.06805448904401999,0.06636991896507613,0.06666256718024098,0.06948781006719881,0.06711692510391995,0.06748407956767602,0.06672561797731882,0.06607966152691994,0.06960732220633088,0.06459611355602778,0.06569889658593599,0.0655422345675339,-2.424292540038954e-05
2023-04-07,0.06521589882365371,0.06587823293637234,0.06445731319026385,0.06714995090914189,0.06570940416894654,0.06710192562929845,0.06929441494716952,0.06482959425740414,0.06614795291211334,0.06737259841787406,0.06620531418830733,0.07127967080517975,0.06615185578947776,0.06494700601790003,0.06828296914191266,-2.410213501545753e-05
2023-04-10,0.06553909050081938,0.06554631466560776,0.0643223836255686,0.06572624772701435,0.0673159349712752,0.06880692833367154,0.06867936610807504,0.0649383850056639,0.06656979202537856,0.06669914818324527,0.06464614535807967,0.07138452709565798,0.06611250414197108,0.06481603115143135,0.06892141228084873,-2.4211174308243297e-05
2023-04-11,0.06621574827046056,0.06514201328946809,0.06424216280054353,0.06607189184584011,0.06756396771620153,0.0680603837676744,0.06856453352480651,0.06524972365040053,0.06526431245499192,0.06781070807794505,0.06595565415483505,0.07031501019882946,0.06615138581886289,0.06539253658080624,0.06802409825681721,-2.4130408483131283e-05
2023-04-12,0.06659595862121831,0.06532893743939658,0.06330266803141979,0.06650435733016287,0.06674789524578037,0.06897134351966823,0.068035726753296,0.0651908042655126,0.0666877411047539,0.06843153150170647,0.06489820621040805,0.06921505453007917,0.0655560219369214,0.06596500483996534,0.06859290292059357,-2.415425088264485e-05
2023-04-13,0.06613816035147314,0.06462993865632342,0.06356852497583687,0.06644424155268108,0.06857974321139383,0.0690893639440931,0.0697898153710983,0.0641930263201546,0.06521696834146665,0.06733330533715491,0.06623917363067952,0.0713655438417328,0.06474978759910832,0.06550771592925407,0.06717886694871807,-2.4176011168672006e-05
2023-04-14,0.06510870219725975,0.06520439222355881,0.06382567165947264,0.06656266943719277,0.06752757341384598,0.07066308675463667,0.06943688628318415,0.06479318373905088,0.06392409476173938,0.06725724980552525,0.06667548268681815,0.0718947487041774,0.06504989515488234,0.06622633177031016,0.06587424073462528,-2.4209326279746536e-05
2023-04-17,0.06551441108895935,0.06556584903388696,0.06426783436318528,0.0669139489472337,0.06678071404896506,0.06978201224893986,0.06766729740335248,0.06584240551280066,0.06500613002084826,0.06845200874916946,0.06731778942432622,0.06963214057255707,0.06417874949840427,0.06674600719766254,0.0663570119089605,-2.4310019251571606e-05
2023-04-18,0.06548731935628525,0.0659240553682188,0.06438847707722607,0.06712588832364798,0.06638219475874937,0.0707902419863618,0.06739941290030649,0.06472339540447682,0.06438571878680571,0.06821464190890732,0.06853648931400612,0.06972213197834898,0.06409939647873443,0.06536267239528125,0.06748231034210264,-2.4346379459034263e-05
2023-04-19,0.0649498398572117,0.0657234452829943,0.06528630994942144,0.0673842046181672,0.06494272672344084,0.06905162629530649,0.06721356614532156,0.06349280174982823,0.064886226088843,0.06813607136948195,0.06859781622552825,0.06877055908345213,0.06594339642242807,0.06863022470907129,0.06701547686306904,-2.4291383565467848e-05
2023-04-20,0.06562849764932,0.06625657108465237,0.06556857286013588,0.06721997490861192,0.06454867218375303,0.06853855563920859,0.06807183077272955,0.06348476321684067,0.06285986438447266,0.06911043606958889,0.06906094852594578,0.07085317493801593,0.06686827481350711,0.06728020769351482,0.06467411401770293,-2.445875800027038e-05
2023-04-21,0.06515227313064245,0.065808769751987,0.06620934822526339,0.06718776146675365,0.06541457575566627,0.06735290605271999,0.06893829705676385,0.06411631630315394,0.06096250001982888,0.07051411007478418,0.06915305231017914,0.07131087642719332,0.06584585588153989,0.06883637124840948,0.06322142889158588,-2.4442596471327927e-05
2023-04-24,0.06552171266206108,0.06621303051602413,0.06537431586601862,0.06857280053666345,0.06546335947565697,0.06777947912461388,0.06738241986149883,0.06590960344271359,0.05973793981203254,0.07149800406931653,0.06791062894145578,0.07043502783279923,0.06663431749118368,0.06999799225938276,0.061593752741240466,-2.4384632661526722e-05
2023-04-25,0.06601490008755964,0.06673147680283686,0.06453823267889508,0.06964438506411008,0.06413572530644515,0.06706144844379737,0.06764318215283602,0.06494657943341381,0.05982069658069906,0.07158659837210377,0.06753811508214455,0.07124984744403177,0.06620765849128359,0.07012593745141947,0.06277952944299642,-2.4312834572600034e-05
2023-04-26,0.06684617224840285,0.06760628934728899,0.06406521777838158,0.07042584403647877,0.063781275937086,0.06630458955193833,0.0679328732652586,0.06445324523251698,0.06084418042209898,0.07287852181466686,0.06580907439734145,0.07063376129688334,0.06486259829892727,0.06991435914564323,0.06366642883054051,-2.4431603453867223e-05
2023-04-27,0.06695560153781793,0.06746907463553152,0.06522383294311439,0.06883955796329595,0.06500150817519404,0.06611040513425409,0.06813989078668292,0.06423613761678199,0.06249658169629078,0.07178611016609361,0.06609931339883274,0.0715647768797731,0.0632994319518482,0.06903893730410954,0.06376336268633949,-2.4522875960312586e-05
2023-04-28,0.06666737030838923,0.06666737030838923,0.06666737030838923,0.06666737030838923,0.06666737030838923,0.06666737030838923,0.06666737030838923,0.06666737030838923,0.06666737030838923,0.06666737030838923,0.06666737030838923,0.06666737030838923,0.06666737030838923,0.06666737030838923,0.06666737030838923,-1.0554625838453687e-05
2023-05-01,0.06603067252413829,0.06681004285189865,0.06600569775693022,0.0679140049714803,0.06624507226342347,0.06703976018471014,0.06686005091611182,0.06610909624720533,0.0655688697866639,0.06648771778960222,0.06669518715340432,0.06551195973095375,0.0663456158702853,0.0676439616528901,0.06874275779512452,-1.0467494822322443e-05
2023-05-02,0.06629161562133275,0.06779345331118723,0.0652929922079347,0.06818680951301519,0.06705446192983372,0.06600797584605071,0.06616176272063808,0.06747345044956835,0.06437042560562492,0.06485461430211574,0.0680851529950053,0.06658182417656686,0.06659790112762974,0.06733624062934412,0.06792174221454167,-1.0422650389025344e-05
2023-05-03,0.06603683268833392,0.06843244258275541,0.06504002350049944,0.06943408337663486,0.0659002453898213,0.06557234721955613,0.06541261758868473,0.06601803318951341,0.06382183788404047,0.0648675065666488,0.06823676378842479,0.06859246454520004,0.06672738611718945,0.06832577509072825,0.06759199342814291,-1.035295617389729e-05
2023-05-04,0.0665729685680096,0.06956205248646312,0.06491859903295358,0.06812664545425438,0.06496997523029376,0.06531755234231924,0.06532556668195487,0.0661768223796999,0.06378299315374968,0.06439703171247368,0.06703871213772948,0.0685520986204503,0.06839701551807563,0.06909056835815883,0.06778167041870425,-1.027209529005648e-05
2023-05-05,0.06712826563589261,0.06920766790664674,0.06447744029045781,0.06745534634757211,0.06478945372211219,0.06488425153575794,0.06631082837481744,0.06565399666490562,0.06295086622936752,0.06626396544557217,0.06647631444660633,0.06865669163705318,0.06886725177588313,0.06759227739853811,0.06929563855548199,-1.0255966664863948e-05
2023-05-08,0.06794185416522676,0.07072764751136278,0.06439642373161948,0.06794736281675633,0.06522091057775405,0.06550784412562138,0.06541462738584385,0.06616899588027614,0.06200580122960543,0.06705358202304502,0.06459280138784128,0.06693699187839387,0.07030347468709064,0.06734971554797128,0.06844228316762446,-1.0316116032874487e-05
2023-05-09,0.06860462415926928,0.07080635529294987,0.06486182394161119,0.06767269807785252,0.06720130188629483,0.06486479815672584,0.06681690610165193,0.06597749888864649,0.06036228969079423,0.0674228819106804,0.06479593075346117,0.06562437760873437,0.06903595710420422,0.06719442662566084,0.06876842092930067,-1.0291127837759752e-05
2023-05-10,0.06702747378486693,0.07158892848738628,0.06454245281655303,0.0666686098818668,0.06800156897033242,0.06487771912675987,0.06794944077574136,0.0664239826893637,0.060396374799350235,0.06730450238148206,0.06534438579221863,0.06521051098850911,0.06805129028832684,0.06799036225069564,0.06863268976081205,-1.029279426487785e-05
2023-05-11,0.0670202544486979,0.07234961070450205,0.06443937686636048,0.06665745473519942,0.06748530756904543,0.06521749803753887,0.06825280507525125,0.06725646973046431,0.05986537134436147,0.06681504628580069,0.06617308343409337,0.06548047900560759,0.06696400106379155,0.06960434697892871,0.06642918110238505,-1.0286382028302416e-05
2023-05-12,0.06743922762499992,0.07134302011603487,0.06567947440632745,0.06540674876717231,0.06835880535366197,0.06508358784375476,0.06784864408741607,0.06736898899482285,0.06037107086003753,0.06581848727478233,0.06524249039550019,0.0661423744045232,0.06490617259627082,0.06880991004131588,0.07019126975438117,-1.0272521001094696e-05
2023-05-15,0.06671577915328092,0.07205865313143618,0.06516345067173723,0.0656891863354066,0.06879982972164637,0.06592941553696606,0.06756873267225987,0.0691704543344587,0.0597609767183348,0.0659690193039045,0.06541551018223726,0.06480741043375872,0.06449953376311934,0.06892749746459619,0.06953480465841597,-1.0254081558679678e-05
2023-05-16,0.06822707821866811,0.07142058182233894,0.06597067175930865,0.06631376332915302,0.06876866273745745,0.06518144498620938,0.0668530221242583,0.06864912794743279,0.058167071150123484,0.06493257280118256,0.06383806244640296,0.06627267732026787,0.06519538339463801,0.06991210882580307,0.07030801910373975,-1.024796698430992e-05
2023-05-17,0.06811533556733931,0.07224589855344438,0.06532899035182717,0.06618739372206084,0.06917768845060954,0.06388081048571954,0.06943468104720871,0.06847003021146641,0.05811571082644722,0.06600323395051975,0.0645940795341822,0.06612296212363154,0.06515656786730543,0.06780355833436788,0.06937327201721023,-1.0213043340020123e-05
2023-05-18,0.06798708045801466,0.07208369052188411,0.06574814191520502,0.06565625356777373,0.06756164881076128,0.06431915270285693,0.07031536730048941,0.06888797011586187,0.05759709176605812,0.06663800639918516,0.06774002517023471,0.0658256049703494,0.06325024003168157,0.06665223737667648,0.06974763112681528,-1.0142233847469867e-05
2023-05-19,0.06724461981278773,0.07252024230585637,0.06630612463088591,0.06710576048077532,0.06894005574447146,0.0653212916006192,0.06856895119447338,0.07010130546458565,0.05846405626021595,0.06720784525439526,0.06614462480890669,0.06526332614916536,0.06224375584429871,0.06450635260878643,0.07007187172172973,-1.01838819529496e-05
2023-05-22,0.06655073327795688,0.07424074721181705,0.06600354799899256,0.0679165261332351,0.06744438230202897,0.0647047359725016,0.06847781486240297,0.06901906868647018,0.05794799672521178,0.06680986512239782,0.06572806323270869,0.06713745159501931,0.0625022975138295,0.06491123725112892,0.07061568543881884,-1.015332452015696e-05
2023-05-23,0.06668580489878169,0.07390339610138495,0.06553294002156039,0.06779799860950803,0.06814412405659755,0.06540293870803382,0.06801221315327802,0.06952301698759614,0.05757779728883782,0.06661220297254197,0.06499885973998991,0.06670248487921412,0.06375533922032013,0.06480142199837452,0.07055957474501502,-1.011338103413652e-05
2023-05-24,0.06588529280318528,0.07379874962363137,0.06547645222674703,0.06727246454929793,0.06828506288776848,0.06516232595122404,0.06821236435643561,0.06977430916791709,0.056869900939590934,0.06632897309032565,0.06520881784391618,0.06817103009624836,0.06417251976225392,0.06415207865418723,0.07123978652138102,-1.0128474110110594e-05
2023-05-25,0.0668015814353372,0.0743225679215517,0.06572304934735987,0.06768964449487096,0.06933502582976625,0.06592557891427324,0.06859523836745264,0.07068970548370468,0.0558470711569026,0.06465752973196394,0.06525006104410547,0.06812182308634403,0.06344277593831461,0.06499840193192258,0.06861004961443166,-1.0104298301388484e-05
2023-05-26,0.06638014493037729,0.07386642971989436,0.06448410326108826,0.06876910719499314,0.06811206390111568,0.06535497637467608,0.069359762781612,0.07126077469017451,0.05487156695143272,0.06527635769979033,0.06549195607892824,0.07073477520165446,0.06383324901109011,0.06477316764857202,0.06744165408886815,-1.0089534267132079e-05
2023-05-29,0.06563462959748077,0.0729412830326288,0.0651655498475237,0.0684981731301685,0.06829732103665889,0.06635123666513755,0.0668797554827697,0.07225941765671787,0.054696800149571,0.06545572866315262,0.0643584890920094,0.0695602666860102,0.06413003507823514,0.06732522911018426,0.06845612963734443,-1.0044865592793317e-05
2023-05-30,0.06688957811054708,0.07331701924878835,0.06520535087701404,0.0683711066377711,0.06838072962006471,0.06507178591176313,0.06670575446379788,0.07220758986432399,0.054953134393806446,0.06607075303054005,0.06521296530812054,0.07005694374433924,0.06394718674869661,0.0654014702441963,0.06821874577151531,-1.011397528468838e-05
2023-05-31,0.06666770195435642,0.06666770195435642,0.06666770195435642,0.06666770195435642,0.06666770195435642,0.06666770195435642,0.06666770195435642,0.06666770195435642,0.06666770195435642,0.06666770195435642,0.06666770195435642,0.06666770195435642,0.06666770195435642,0.06666770195435642,0.06666770195435642,-1.5529315346364374e-05
2023-06-01,0.06733964060582691,0.06643438850319583,0.06504973835570381,0.06652831160076215,0.06654840164426572,0.0664845197772466,0.06611410600280629,0.06688597272542653,0.06674790133077198,0.06665863729440576,0.06713174549170982,0.06620468264717072,0.06612085284704222,0.06836826272350278,0.06739836459730787,-1.552614714480438e-05
2023-06-02,0.06762713938726217,0.06702431138486788,0.06519281819038143,0.06700611234134574,0.0650498285235365,0.06643359235865838,0.06573042073570437,0.06824862793260415,0.06744431576920054,0.06579129148466635,0.06731858400191608,0.06617912611040186,0.06643601978241916,0.06688835563067974,0.06764492486206956,-1.5468495713973455e-05
2023-06-05,0.06767948795316796,0.06741516952296873,0.06487654271388031,0.06675750154244132,0.06617840160648922,0.06573977184238174,0.06506468802208566,0.06841253815837739,0.06688252612968094,0.06509490548177321,0.06765024621299953,0.06470884733912392,0.06547538063661436,0.06962008366910827,0.06845941999954869,-1.5510830641145034e-05
2023-06-06,0.06726199375442082,0.06776275336732862,0.0653357458534461,0.06758485178728325,0.06614254175448614,0.06663142921979241,0.06334211659441774,0.06746208106507201,0.0671201199969008,0.06550281913934863,0.06672982968192849,0.06507010927145114,0.06483869636848334,0.06935613193614468,0.06987430177356993,-1.552156407407915e-05
2023-06-07,0.06794097088584651,0.0671810604128897,0.06469019295894227,0.0673723642620782,0.06622739588372424,0.06617759907976034,0.06433852468110415,0.0679089208825117,0.06764093143951323,0.06432792872728009,0.06811189675444637,0.06208725484153167,0.06590792370823562,0.07066779418773328,0.06943478297536436,-1.5541680961584544e-05
2023-06-08,0.0685667136018083,0.06695327792128448,0.0645573693390798,0.06745233269462193,0.06860687959348463,0.06714039943835315,0.06477755818096048,0.06685746318634103,0.06761183907499115,0.06335576981568458,0.0688460018604711,0.062080550674492994,0.06445020428057398,0.07060132385933225,0.06815781184902571,-1.549537050573205e-05
2023-06-09,0.06842810371134712,0.06614430806971885,0.064357696814571,0.06780436650420563,0.0683342087808422,0.06658324219869638,0.06474246406692662,0.06729859809390441,0.06628668133232968,0.06340902363100907,0.07009222708768213,0.0624846800673448,0.06431508493693648,0.07120408989711222,0.06853066373015095,-1.543892277738216e-05
2023-06-12,0.06888952100946939,0.06476691737833447,0.0632582621411927,0.06856608277659111,0.06706747427196623,0.0669104491800303,0.06442177998481283,0.06633710493711525,0.06662088400931263,0.06359926536097654,0.07248057609545445,0.06182242078635356,0.06593732695564636,0.07166073658565358,0.06767662861894438,-1.5430091853788874e-05
2023-06-13,0.06934144627708323,0.06507559694052711,0.06322411113856599,0.06871375174002149,0.06652328871327076,0.06614641470353091,0.06502903001321918,0.0660747272350637,0.06649135108065318,0.06382888343499124,0.072740940838722,0.06029164774992813,0.06738145798527702,0.07177472526316356,0.06737803875056303,-1.5411864580460653e-05
2023-06-14,0.06946409398385817,0.06508372171376145,0.06360517521215879,0.06898517171151748,0.06695703170805996,0.06714726772623274,0.06566472316521564,0.0657864220854269,0.06524809401094549,0.06534723865537966,0.07231535898323029,0.05969209146467248,0.06520141617051459,0.07207819398409114,0.06743937291177371,-1.5373486838177166e-05
2023-06-15,0.0682659412872143,0.06518949351576271,0.06307827875482015,0.0709083213561199,0.06630355835889984,0.06658327617062981,0.06470740813989899,0.06679130851472842,0.06470855271181818,0.06443625260366494,0.07294597010201806,0.05814702162816865,0.06574235299365079,0.07422249891785078,0.06798508961663272,-1.5324671878291322e-05
2023-06-16,0.0686018526309885,0.06569316631969002,0.06417562954166853,0.07181949459196721,0.06659189017560219,0.06729030370794184,0.06387444518528941,0.06746507815455352,0.06368716741023836,0.06401519715610099,0.06924877054205034,0.05849456429190411,0.06495057421068899,0.07566919400718479,0.0684379768656228,-1.5304791491521603e-05
2023-06-19,0.06923692972694505,0.06488691561986906,0.06481128451671687,0.07346144087852437,0.06712693260640008,0.06789007937253452,0.06394520311290777,0.0668865831909615,0.06433446621754968,0.06245087434549528,0.06870714956440924,0.056688596117821836,0.06408431784788901,0.07647901643901034,0.06902549157387002,-1.5281130904689098e-05
2023-06-20,0.06981377570824807,0.06551071321938957,0.06399353977863696,0.07372773538250886,0.06710142536228242,0.06785431782891163,0.06497942208260668,0.06660277211807863,0.06427192521219033,0.06091816206054765,0.06893605051945721,0.056102719020007845,0.06469888365151101,0.07577182701074699,0.06973212902723391,-1.5397982357759878e-05
2023-06-21,0.06991709664293402,0.06681122328686095,0.06452412657804427,0.07238383751977186,0.06626646234735277,0.06810556069614593,0.06435797154428091,0.06399630133840822,0.06576111244363597,0.06179030189060797,0.06973545618379165,0.05570374780920343,0.06539224149965872,0.07504065824865026,0.07022934078521144,-1.5438814558289187e-05
2023-06-22,0.06884278738472355,0.06738218036564651,0.06300714735141312,0.07291938120283785,0.06585926114212755,0.06723247257808294,0.06407998369929635,0.06423899389882513,0.066658879262989,0.06168858000837971,0.06828680347795256,0.05539820127421888,0.06704481759152536,0.0763934909466611,0.07098235173078311,-1.5331915462545582e-05
2023-06-23,0.06964158832249033,0.06813637301466328,0.0640577457765561,0.0728378255914406,0.06504545863526792,0.06757443714062808,0.06364088067411781,0.06354802171240201,0.06622872853244735,0.0643437477044937,0.06873434062210775,0.055979821248806766,0.06589593781732983,0.0741549184507037,0.07019556580035821,-1.539104381344535e-05
2023-06-26,0.0707044659035599,0.06848183856073682,0.0645819347925859,0.07358254922177943,0.06469236314485434,0.06890021207637781,0.06321248053233809,0.06493412044349457,0.06678881733040876,0.06267695232783844,0.06803340890072083,0.05440136533757724,0.06737442351116146,0.07427136246616654,0.06737911887246487,-1.5413422064893373e-05
2023-06-27,0.07134212993799774,0.06848261058770587,0.06389729345292741,0.07541394660824312,0.06513704722508408,0.06902488124366128,0.06322515681613322,0.06390087142440809,0.06586747407132867,0.06429133702365208,0.06789857086829777,0.054735245528317315,0.06533490238467322,0.07291026146130787,0.0685537657111724,-1.5494344909812182e-05
2023-06-28,0.07108199249495536,0.06919888827412239,0.06436136055828372,0.07468000159511697,0.06504760960441539,0.06826019528974965,0.06452204726706064,0.0644870594861247,0.06557351036401168,0.06404394789253347,0.06900693676954878,0.05489002026975859,0.06666106642684046,0.06951968085606249,0.06868106275565172,-1.537990423591413e-05
2023-06-29,0.07006416644643113,0.06976227336379533,0.06481819572235756,0.0740050039826579,0.0656390078166447,0.06916731664580092,0.06398440016622778,0.0661248648891137,0.06493533923415103,0.0632407686039177,0.0693295254304335,0.05406124275802019,0.06614937945391323,0.07065317480198174,0.068080571521595,-1.523083704125057e-05
2023-06-30,0.0666678588019552,0.0666678588019552,0.0666678588019552,0.0666678588019552,0.0666678588019552,0.0666678588019552,0.0666678588019552,0.0666678588019552,0.0666678588019552,0.0666678588019552,0.0666678588019552,0.0666678588019552,0.0666678588019552,0.0666678588019552,0.0666678588019552,-1.7882029327974723e-05
2023-07-03,0.06702223290120779,0.06732142319292024,0.06749692495633072,0.06610349898854537,0.06719554990060798,0.06625722053763783,0.0655035487410467,0.06596885043490237,0.06610530902649218,0.06739331355304987,0.06810132205495316,0.06519498229739891,0.06727065294324065,0.06542694840761336,0.06765614542491913,-1.7923360866369272e-05
2023-07-04,0.06669357813003629,0.06667254566492054,0.06815058569125955,0.06572873917030471,0.06701123646385801,0.06444415582450479,0.06641684553704473,0.06681511323156435,0.066190799894725,0.0658775297881868,0.06952288479037255,0.06454604884962037,0.06682422820424709,0.06827434023823513,0.06684930598127335,-1.7937460153391324e-05
2023-07-05,0.06691128117344095,0.06680422855971188,0.06818683543210201,0.06570153803771976,0.06707464205358037,0.0644372796217687,0.06613456099854785,0.0680052640551914,0.06467434014745449,0.06668960824079007,0.07020624692628814,0.06508354000699096,0.06790287941459743,0.067930556646951,0.06427506584548949,-1.786716062467959e-05
2023-07-06,0.067018960915886,0.06628758513731521,0.0678070850725367,0.06491927877944373,0.06684632639852975,0.0641001976184483,0.06417055202771513,0.06885112421519034,0.06697408247222116,0.06748855801900545,0.07015597355609457,0.06519291774689422,0.06757909050069462,0.06822315853397724,0.06440301359829223,-1.7904592244799308e-05
2023-07-07,0.06674207724252794,0.06767782890262135,0.06697870642318084,0.06571143553936355,0.06702845483546424,0.06592395660548926,0.06472456280639789,0.06877704505086787,0.06699958477821955,0.06780727228353596,0.06914223626185892,0.06461731370610273,0.06573749768019599,0.0673590128553329,0.06479098489359539,-1.796986475450302e-05
2023-07-10,0.06707538506193267,0.06646656295325869,0.06702721235636507,0.06628407054941765,0.06704739558511469,0.06553834036819611,0.06451407342315377,0.06841055073989448,0.06652430404185192,0.06815385342570121,0.07190032633760554,0.063964108502355,0.06553364950264016,0.06746525785393316,0.06411291426279869,-1.800496421888825e-05
2023-07-11,0.06784923057020219,0.06494795569844579,0.06672331886497071,0.06698887184944455,0.06689230874183144,0.0649324584106804,0.0649834310267793,0.0693824427915334,0.06682415031866143,0.06740112593035608,0.07253522585948623,0.06362327065282036,0.06648909255766149,0.06939301833412041,0.06105212048224407,-1.8022089237944645e-05
2023-07-12,0.06764468426092644,0.0635496679519517,0.06820813201320192,0.06636430616924228,0.06723226454720731,0.06464873037135764,0.06402915803853702,0.06821158586636933,0.0681346344935739,0.06814055967923378,0.07453513595537761,0.06344400753242917,0.06657619015460993,0.06880031823546422,0.06049857009418611,-1.79453636684368e-05
2023-07-13,0.06662579196716979,0.06327022191238059,0.06727426581846842,0.06635474449872002,0.0670235450910602,0.06455425282003321,0.06514238569706399,0.06782921233337014,0.0685522358914254,0.069956838903527,0.07573217104536144,0.0643569820119001,0.06589141995838031,0.06874920538513421,0.05870457389231367,-1.784722630845083e-05
2023-07-14,0.06646830730516,0.06300086704883937,0.06682104610786872,0.0666693422079312,0.06558266199226959,0.06545221250715363,0.06548174453071844,0.06729737711394643,0.06793449784478497,0.06999994201483566,0.07707222190585587,0.06403311882436166,0.06561487334269449,0.06831262857629417,0.060276876674369935,-1.7717997084182082e-05
2023-07-17,0.06619600557913226,0.06294516794732767,0.06783896444928475,0.06674644245282109,0.06645504947411815,0.0646570402976968,0.06527135584796925,0.06868418154991429,0.0672264913286416,0.06981053456976688,0.07736693228414719,0.06294588459597081,0.0651208028019293,0.06843594629273009,0.06031690413543064,-1.7703606880810528e-05
2023-07-18,0.06658714646465413,0.06353826622191017,0.06680488168684305,0.06642873666305965,0.0665972169488103,0.06552023994169365,0.06551243449827908,0.06855927477724635,0.0674918397330765,0.07012703821032808,0.07576047811770882,0.06278407912145667,0.06640168094490313,0.06778568568865052,0.060118592875328225,-1.759189394830982e-05
2023-07-19,0.06656090603158318,0.06216992341907102,0.06695057696596012,0.06679111882158263,0.066316053587157,0.06468232236850872,0.06486808292163905,0.0694471121726887,0.06961564881795185,0.07178580396684896,0.07427344265285667,0.06382998313248568,0.06577650149939396,0.06721910663206522,0.059731038856812364,-1.7621846605082465e-05
2023-07-20,0.06717026513249273,0.06293026400349429,0.06704858220633761,0.06689938600835627,0.06686215131045334,0.06532335547186471,0.06607152226982249,0.06836522041132734,0.0698240355854547,0.07078845533227322,0.07441642608395775,0.06376331619453607,0.06590718200513646,0.0664279623725271,0.0582195374461005,-1.7661834134645903e-05
2023-07-21,0.06603274437918624,0.06303133481940124,0.0669345447845749,0.0665794675785294,0.0681414928633874,0.06480078859638339,0.06754208654030477,0.0701554650610082,0.06801489741055207,0.07111430142444933,0.07417096505674722,0.06082744431511946,0.06444605962997874,0.06758639741832449,0.060639719826439786,-1.7709704386778295e-05
2023-07-24,0.06670880868611166,0.06334685737527797,0.06703642599544464,0.06798541640791346,0.07004586502397137,0.06443149915378409,0.06584196163084591,0.06819891399771785,0.06948270074638042,0.0712010548904208,0.07453830391031453,0.05910898766707111,0.06372424266302679,0.06736149550705947,0.06100520256633766,-1.77362216777097e-05
2023-07-25,0.06621214496214402,0.06245199398786552,0.06622685024682559,0.06867896262029967,0.07000255250536266,0.06470644344207262,0.06481412913858396,0.06511635546796748,0.06870415863451597,0.07000207519811225,0.07470379742795617,0.062173354608128784,0.06428481184178807,0.07048286968886837,0.06145716743591238,-1.7667206403568803e-05
2023-07-26,0.06555909769883661,0.06242703192043433,0.06723815922782972,0.06985024697105705,0.06924767440261663,0.0646701305339204,0.06332470901945153,0.06563091607169595,0.07002739705857373,0.06978742323927856,0.07362661833260563,0.06232420810379404,0.06452256795000708,0.07033512808205783,0.06144628557072181,-1.7594182880682462e-05
2023-07-27,0.0654147378559569,0.06302276896185068,0.06773843057345222,0.06902969185684553,0.06836713894575397,0.06443222306648476,0.06392932852089693,0.06574474335379574,0.06933574468309281,0.07004917424629375,0.07321194154286599,0.06323390835291794,0.06488513550717379,0.06991778238213406,0.061704830977741355,-1.7580827256511324e-05
2023-07-28,0.0665483585328316,0.06296483123465653,0.06836646155057417,0.06931403792458245,0.06906252451787905,0.0642102759952255,0.06434570893807474,0.06711356098583729,0.06871837118381689,0.0689542558384878,0.0720488902722407,0.06230527731885708,0.06590274013241756,0.06848291099638931,0.06167945709705848,-1.766251892936499e-05
2023-07-31,0.06666762680074635,0.06666762680074635,0.06666762680074635,0.06666762680074635,0.06666762680074635,0.06666762680074635,0.06666762680074635,0.06666762680074635,0.06666762680074635,0.06666762680074635,0.06666762680074634,0.06666762680074635,0.06666762680074635,0.06666762680074635,0.06666762680074635,-1.4402011195304116e-05
2023-08-01,0.06658028526512377,0.06821203698298842,0.06601583510637522,0.06610734846165957,0.0666405306550278,0.06686506363774958,0.06775521970933862,0.06735095496192886,0.06651190430559434,0.06678889212040073,0.06658348786484579,0.06589868650370527,0.06589061811810809,0.06818799838660386,0.06462558948232856,-1.4451561778455651e-05
2023-08-02,0.06732495438962664,0.06770297142882382,0.065204898111624,0.06640504889746898,0.06757661873040352,0.06755908014373015,0.06795046574697518,0.0681257484744409,0.06457059664797556,0.06599772592872695,0.06535513660802801,0.0670093077928538,0.06520564221350206,0.06898405312747252,0.06504214217575603,-1.439041740818051e-05
2023-08-03,0.06717485483761035,0.06770414867775629,0.0665138886031302,0.0662126024145356,0.06809056024688871,0.06728986171511525,0.0680778180928622,0.06850091952404565,0.06421559400960138,0.0654187017898494,0.0660684584211613,0.06646943635117028,0.06468399098360278,0.0682338402776154,0.06535979744733125,-1.447339227624271e-05
2023-08-04,0.06786121592431939,0.06882721494172879,0.06608152585426375,0.0679391103841167,0.06735414765803492,0.06832228371126603,0.0675133358038269,0.06775642564619348,0.06360214174807176,0.06546652072965647,0.0667938459233234,0.06732809421641583,0.06371681575062217,0.06711514600781641,0.06433666489786165,-1.4489197517870608e-05
2023-08-07,0.06769304221756922,0.06858469681946484,0.06531396499825565,0.0680577026556927,0.069114005195134,0.06779291836792788,0.06703397322012108,0.06820971204027412,0.06299884528326119,0.06606847165461155,0.06594121581290786,0.0693309317020458,0.06403235847165693,0.06628692390172648,0.06355570330031363,-1.4465640963194697e-05
2023-08-08,0.06749238617342898,0.06967168249261839,0.06454530246700599,0.06767026640871711,0.06878069851322181,0.06791761965206598,0.06692695342335492,0.06690865588468076,0.06275814188665713,0.06610854418138465,0.06541311915072592,0.07028903475196567,0.06521063383679807,0.06634242039222045,0.06397903102133866,-1.4490236184490668e-05
2023-08-09,0.06639409067299239,0.06967011418539694,0.06552517650415679,0.06763215422404464,0.06846089079704074,0.0702063148031032,0.06887147788021268,0.06765018119662033,0.06410345924778685,0.06411153367003941,0.06487055122898029,0.07004870059507826,0.06523758107987222,0.06605284033918671,0.06117948221117487,-1.4548635686396382e-05
2023-08-10,0.06685345149378737,0.07028385250380036,0.06687949278682435,0.06724479479412433,0.06796590651367436,0.06802495795346525,0.06883398594221239,0.06875085768980874,0.06374292171369535,0.06647670626893776,0.06483001308272532,0.07047323389089415,0.06390723637208166,0.06663936804199926,0.059107814119946846,-1.459316797739454e-05
2023-08-11,0.06741796155436817,0.07093418970682036,0.0679922711825255,0.06658852840406344,0.06823407594702609,0.06865504094130508,0.06938663859871222,0.0680490378941619,0.06160932195470355,0.06697719497585397,0.06480976449988131,0.06995263010824435,0.06490721574074444,0.06673448228906102,0.057766263878404556,-1.4617675875885297e-05
2023-08-14,0.06584865845211813,0.06976629397047998,0.06939543783935796,0.06680225794234772,0.0680476724261362,0.06815385581905128,0.06881236778475873,0.06883357136007291,0.06086112728481447,0.06724765592561885,0.06413212252020459,0.07189375731352542,0.0654375804042396,0.06792369389782654,0.056858486951918,-1.4539892470635794e-05
2023-08-15,0.0660817310961038,0.06910291617164072,0.06903761511807517,0.06762581042342682,0.06676392297022428,0.06790420720050461,0.06878824649743233,0.06891106883384183,0.06008105916429546,0.06899832504381273,0.06240381651458307,0.07321450696604237,0.06642743759099777,0.06985171975892085,0.054822060722635825,-1.4444072537673099e-05
2023-08-16,0.06578374233335442,0.07041003514992915,0.06789466188136437,0.06663287092711379,0.06662303273424187,0.0683348743197021,0.07054020270152488,0.06900018573751827,0.05977425181909762,0.06960800884901498,0.06313065365327003,0.07405747444572484,0.06648962807270518,0.06764057638954715,0.05409429604827551,-1.4495062384331236e-05
2023-08-17,0.06672250255839969,0.0706047150602613,0.067719021446727,0.06755004477422669,0.06577135505180196,0.06820446461484189,0.07074282284591793,0.06864000822129632,0.05992760399979938,0.06948140499118963,0.061769765012808925,0.0743698179177153,0.06501731199634696,0.06792670820236905,0.055566957687988895,-1.4504381690842253e-05
2023-08-18,0.0662882768315941,0.06949995895967088,0.06736873732404194,0.06665258729199282,0.06599779888060836,0.0678216860297804,0.07210759258024481,0.06951525047095204,0.059573955400402,0.06999935008859186,0.06115670212141328,0.07414803730292499,0.06437745311672437,0.06863411815010453,0.05687294093171335,-1.444548076002498e-05
2023-08-21,0.06647449618748419,0.06982076397066812,0.0677241138676475,0.06676445606090244,0.06478603095127299,0.06898460984246346,0.07352860794293262,0.0689729220181398,0.05898107176381182,0.0703503105794565,0.06142948353288664,0.07357109986599829,0.06269138820663951,0.06871716211525263,0.057217857824691604,-1.4374730248050832e-05
2023-08-22,0.06671603583120919,0.06984527114706018,0.06731351590067841,0.06731523574416028,0.06463759154828841,0.06836360675022278,0.0731269729466331,0.06706468885438882,0.05864651135386924,0.07089224691452942,0.06158712744588564,0.07523975305120759,0.06222361058743737,0.06913056495954156,0.05791159283224081,-1.4325867352866234e-05
2023-08-23,0.06771296393754325,0.06945750356814462,0.06609020747451042,0.06749753651300712,0.06564465370453261,0.0676115627451141,0.07344911932487995,0.06776562555075658,0.05912641238850918,0.0705486543277755,0.06047942427953938,0.0746312913865376,0.0623040156544404,0.06980541472688866,0.057889836681364215,-1.4222263543821935e-05
2023-08-24,0.06739045755417969,0.06976764979530323,0.06662909928108694,0.06771734537541169,0.06490880938092661,0.0673844165123281,0.07431351354597182,0.06637268195200725,0.057234985167183394,0.07213284748291625,0.06092563012518549,0.0753296080124449,0.06107608559300148,0.0706857776636245,0.05814529525025618,-1.4202691827661521e-05
2023-08-25,0.06659830613929359,0.07100629022877626,0.0669647377387123,0.06763530072500758,0.06482891984105366,0.06586704770104636,0.07516559938171867,0.06684947342533626,0.057269239859044654,0.07382255724980287,0.05977175579453957,0.074838007212884,0.060382318488173436,0.07058223527904177,0.05843245712548534,-1.4246189916338292e-05
2023-08-28,0.06697630648594653,0.07087262228112967,0.06644078779794144,0.06905999531255247,0.06684252733892931,0.06610343445051009,0.0745302399937584,0.06837013815609023,0.056142259097232854,0.07357585211685644,0.05920982888448267,0.07351533625155796,0.060202777073899184,0.06960859749133672,0.05856356351868607,-1.4266250910109806e-05
2023-08-29,0.06698887717394499,0.07042403996329909,0.06617419633618672,0.06887822483131159,0.06750295687413094,0.0659824468839062,0.07536724663452075,0.06894651312770084,0.05662743026882812,0.07517425171736322,0.058149188348822906,0.07294637060872926,0.06208144768511762,0.06930311603867848,0.05546795594353843,-1.4262436079126122e-05
2023-08-30,0.06713527770247033,0.07081212935307805,0.0645724507562192,0.07022558806432647,0.06720053901933182,0.06654217617146149,0.07545913097124289,0.06797973910971145,0.055969461040763065,0.07440704892178802,0.05943140098266012,0.07308676451188231,0.06178709366579571,0.06842868202915564,0.056976835925551896,-1.4318225438852926e-05
2023-08-31,0.06666827091941241,0.06666827091941241,0.06666827091941241,0.06666827091941241,0.06666827091941241,0.06666827091941241,0.06666827091941241,0.06666827091941241,0.06666827091941241,0.06666827091941241,0.06666827091941241,0.06666827091941241,0.06666827091941241,0.06666827091941241,0.06666827091941241,-2.4063791186166038e-05
2023-09-01,0.06797174502828288,0.06683036553348638,0.06702085918127063,0.06630760661351302,0.06605136191580778,0.0672175591134919,0.067006765931172,0.06606536097141612,0.0653879989414524,0.06549975011582644,0.06811226009015936,0.0661290555977804,0.06642483398349333,0.06858907623815672,0.06540950705244117,-2.4106307750320175e-05
2023-09-04,0.06686350306283546,0.0656821464665108,0.0675475466874858,0.06718503560062106,0.06602842546400212,0.06725703403105206,0.06586153466855242,0.06725638624988955,0.06503878183557917,0.06575296358655752,0.06736890439902941,0.06522496478754912,0.06773578413430596,0.06863046594930759,0.06659039559898149,-2.3872522259671268e-05
2023-09-05,0.0670757333876432,0.06516948005793598,0.06717696570680354,0.06732123742161326,0.06558326246280163,0.06636198238118451,0.06699151973303484,0.06680116030487082,0.06523650691280979,0.066122164682406,0.06679702151979024,0.06689249044137262,0.06648168498427112,0.06903532676483853,0.06697734916720978,-2.3885928585814652e-05
2023-09-06,0.06720720012669416,0.06447492537266004,0.06798013055648844,0.06806913710150049,0.06521346323193365,0.06713902511195576,0.06750846278868733,0.06576443298423841,0.0645836574005474,0.06747369102365275,0.06731679342548175,0.06644049259523664,0.06566499745397315,0.068581735813141,0.06660579528132207,-2.394026751306404e-05
2023-09-07,0.06677000675297423,0.06343498261928125,0.06892387091764714,0.06893602714201817,0.06430853839902284,0.06736669649437922,0.0667978834866976,0.0656319386356426,0.06436406839576662,0.06714334875585615,0.06962370811571424,0.06606653724915262,0.06485319919613207,0.06775553074664273,0.06804763448687977,-2.3971393807197818e-05
2023-09-08,0.0654438729182195,0.06267512122989406,0.06970196617183971,0.06883611279969895,0.06418719510671458,0.06891875055274727,0.06674169325771073,0.06470550560049763,0.06383212192186212,0.06569216635046858,0.07075256282752022,0.0664391881091456,0.06586881334683799,0.06897856121871039,0.06725023167024108,-2.386308210859621e-05
2023-09-11,0.0649364682677372,0.06271817220755588,0.0691307667310505,0.06905379061924327,0.06515406527712064,0.068861281449305,0.06696725019426059,0.06470872419343215,0.06468368535922271,0.06510496938207501,0.0683365192613619,0.06706688302460792,0.06711208536087812,0.06964722787088334,0.06654199736397239,-2.388656270650544e-05
2023-09-12,0.06438536846437795,0.06317634418422732,0.06939678161119674,0.06911587757779614,0.06675426948484384,0.06818889426898404,0.06873791581306969,0.06489705606433953,0.06307795112374025,0.06508727674614727,0.06957468515934007,0.06682545717508795,0.06554621065412404,0.06962112934875314,0.06563871812617807,-2.393580220589082e-05
2023-09-13,0.06498388527079169,0.06396738434285981,0.06892681517664612,0.06887945048615415,0.06768716000175987,0.06775984920324273,0.06805922688602246,0.06412134069703247,0.06371543296050548,0.0657189337645815,0.0691421522408693,0.06716141686777147,0.06763628545337287,0.06872781939069232,0.06353688906604528,-2.4041808347421652e-05
2023-09-14,0.06489099118231417,0.06353323060248803,0.06801214780864202,0.06900468145130433,0.0679947298011121,0.0654753478958264,0.06708649922763989,0.06586203766504753,0.06391504497839509,0.06604641139422668,0.07007312200591992,0.06681836194454985,0.06821335412537138,0.0692549862626598,0.06384295358205234,-2.38999275496478e-05
2023-09-15,0.06468929145669725,0.06364145596957714,0.0675794738939869,0.06901611132206018,0.06703293841972063,0.06481661392781057,0.06683786415829995,0.06499000913746886,0.06344613333717343,0.06589084783756007,0.07054480664069021,0.06790471600655891,0.06767700520584638,0.07096043000610563,0.06499619628110864,-2.389360066483443e-05
2023-09-18,0.06456582558948439,0.06331903522512217,0.06736589907562866,0.06949730535337047,0.0675850754847289,0.06549741726177234,0.06644242978687555,0.06507904079103012,0.06429626965640493,0.06483646208587733,0.06973492598330584,0.06749315429068455,0.0683116185115696,0.07169062133500102,0.0643086498252596,-2.373025611559735e-05
2023-09-19,0.06374426228434234,0.0635769956768625,0.06680516790945697,0.06842124311655547,0.0666583516165665,0.06588272965007377,0.06777906876360036,0.06522875866158125,0.06461259850265452,0.06614569351799891,0.06811582459696625,0.06821202893471984,0.0684268458651791,0.07256870203251242,0.06384549119065486,-2.376231972473272e-05
2023-09-20,0.06336461020511411,0.06378287991177763,0.06811988059307655,0.06922615297119446,0.06637312490120534,0.06487495424613512,0.06637019417099767,0.06657687121987396,0.06382485198381964,0.06594590368731337,0.06971686233351859,0.06649460255679861,0.07036703296399185,0.07238907629013172,0.06259680198255602,-2.3800017504667047e-05
2023-09-21,0.06354517570873629,0.06364733284592065,0.06880378613770158,0.06907456288809088,0.06517655894893853,0.06503703790835313,0.06550514473020684,0.06713001862437257,0.06304051469723898,0.06580355130628751,0.0703063777798277,0.06662154623149996,0.07106767766071255,0.07369410104173117,0.06157053248782079,-2.391899743888855e-05
2023-09-22,0.06385946684434948,0.06184595621078661,0.06937485490128524,0.06922467475782644,0.06476333198025022,0.0656724891693295,0.0669229012122657,0.06706115094230661,0.06251610160775198,0.06635562204409873,0.06918794074897412,0.0662663584986456,0.07301960461925229,0.07421492264966899,0.05973867097419019,-2.4047160981615142e-05
2023-09-25,0.06263624325742993,0.06181189990079845,0.06986957205639648,0.06779540866146555,0.06498012525164804,0.06665391922360975,0.06848728438888015,0.06723988907935927,0.06286102882011446,0.06403343426266518,0.07140178271465522,0.06549820231718477,0.07168933603725808,0.07373342964592976,0.06133243349672648,-2.3989114121500624e-05
2023-09-26,0.06352109643678482,0.06148390580320864,0.07016064103146559,0.06738736921013652,0.06374515989675245,0.06747736752220956,0.067475900269108,0.06826313470265992,0.06366441004630477,0.06423354782536286,0.0730519771219789,0.06753687428616109,0.07102176384762814,0.07219473887299326,0.05880593929380766,-2.3826166561890394e-05
2023-09-27,0.06488637178916548,0.061229231150905804,0.0710443987396675,0.06683886831084239,0.064961695163329,0.06690003627124813,0.06642079999032416,0.06809412418116277,0.06319400922796625,0.06486263977351012,0.07303240868977762,0.06829230293368299,0.07070316325404968,0.07136654344077384,0.05819723522342046,-2.3828139826201114e-05
2023-09-28,0.06644792836916402,0.061656323458947546,0.06985055828896462,0.06675511884890517,0.0653484100605378,0.06881136363711438,0.06766790899755577,0.06753125575884582,0.06578206146812463,0.06514981198398546,0.07487431360222019,0.06729485251417093,0.0680678636109418,0.06988543681845581,0.05490072694128741,-2.3934359221360348e-05
2023-09-29,0.06666777073181403,0.06666777073181403,0.06666777073181403,0.06666777073181403,0.06666777073181403,0.06666777073181403,0.06666777073181403,0.06666777073181403,0.06666777073181403,0.06666777073181403,0.06666777073181403,0.06666777073181403,0.06666777073181403,0.06666777073181403,0.06666777073181403,-1.6560977210457492e-05
2023-10-02,0.0668302755760307,0.06611446238411932,0.0669272564199427,0.06593689071013736,0.06625127446273016,0.06819056769360934,0.06621428775228921,0.06582698277835283,0.06773934597763226,0.06549843513075691,0.06583916651950668,0.06723557387569523,0.06768596990193218,0.06807210796459996,0.0656539356033213,-1.653275065632541e-05
2023-10-03,0.0673369268617616,0.06593204495388144,0.06662237221199518,0.06698228001867153,0.06594420659390274,0.06857621446184213,0.06649329840512105,0.06496698147363886,0.06885954224943278,0.0662128814540107,0.06386350776225366,0.0677022648603897,0.06692059815867026,0.06959255646229108,0.06401088560382197,-1.6561531684697018e-05
2023-10-04,0.06680411467907833,0.06587373867280802,0.06636122467954025,0.06726607306854945,0.0644402333847119,0.06971895528062545,0.06667044013037614,0.0659296430923753,0.06945069442650793,0.0659158670634092,0.06226811738011027,0.0667738107829446,0.06849589257653832,0.07104937734688303,0.06299830017186736,-1.6482736325663252e-05
2023-10-05,0.06487463090828727,0.06558133453034423,0.06600540894589492,0.06692347973597183,0.0647108055463518,0.07034853019514707,0.06741611621607319,0.06620523392640017,0.0674529654718021,0.06543151032316871,0.06445947324620435,0.06706028086306713,0.06880127392382421,0.07137498304826426,0.063370414365458,-1.6441246259103974e-05
2023-10-06,0.06343803015593474,0.06544892817256924,0.06600709204678219,0.06793867851826588,0.0647800947614605,0.06889945667871207,0.06784453733452704,0.06548898173574841,0.06627483613729836,0.06462551171762695,0.06506867303776226,0.06853113678181025,0.06943386179760672,0.07225048529157868,0.06398614003190359,-1.644419958700402e-05
2023-10-09,0.06360754071052849,0.066025402073654,0.06439718308586392,0.06814758150002428,0.06407482366324053,0.07005631368558927,0.06783735061372544,0.06564295869654183,0.06492005933861429,0.06577438354072866,0.0658608313767241,0.06931494598999835,0.0685843383308049,0.07138077658092087,0.06439197991654942,-1.646910350846449e-05
2023-10-10,0.06315130725306987,0.0662770933265267,0.0628596612292316,0.06773051082534864,0.0654401585440282,0.07041761638842474,0.06795973061678612,0.06746111858375428,0.06264484308660855,0.0649188627205334,0.0654113003082069,0.07029696460118309,0.06961845979584691,0.0702375389417024,0.06559128947920048,-1.6455700451809846e-05
2023-10-11,0.06282877357201339,0.06700445336001756,0.06208144440596286,0.06755238598964262,0.06497324970125731,0.07128807985327315,0.06740391853498552,0.06734611758066626,0.0630481820821625,0.06539954125036435,0.0662830159683862,0.07047736828959796,0.06904125252779367,0.06972499880967133,0.06556364908811417,-1.643101390892058e-05
2023-10-12,0.06313171236785951,0.06707098689988368,0.062250465194269605,0.0665455142381206,0.0656682982362764,0.07163936890727277,0.0684947083856889,0.06752519380567974,0.061586352086133625,0.06521227987653908,0.06624961679464807,0.0715580704071429,0.0667205585415467,0.06997456804566145,0.06638877434552139,-1.646813224428171e-05
2023-10-13,0.06290101088170033,0.06729882947709542,0.06199401794609392,0.06616655387138477,0.0655206174997275,0.07118213596028382,0.06931883551595464,0.06700984565109339,0.06093349188585982,0.06719327893328113,0.06747493403154031,0.0695142250948083,0.0660199541489486,0.07049306308159711,0.06699571388013109,-1.6507859500265193e-05
2023-10-16,0.06177501050084442,0.06782612714415023,0.06230752699464633,0.06628014885857124,0.06634970413104353,0.0713275562268378,0.06948002404442855,0.06823686673557759,0.06170345669085913,0.06607581545946731,0.06792179711217047,0.06849049120722836,0.06636821834069465,0.07085556708098442,0.06501813010747952,-1.644063498363537e-05
2023-10-17,0.06140383616317187,0.0676794264481049,0.06171596519085602,0.06620156100372865,0.06668085666436702,0.07096290779552307,0.06936348471533269,0.06924973360952778,0.06184866853388588,0.06597621007818258,0.06656187635053586,0.06895022930070155,0.0664504952761498,0.0721861783430643,0.06478492796584522,-1.6357438977206337e-05
2023-10-18,0.06054240965000556,0.06672849044534768,0.06240777976346087,0.0659836168710959,0.06725566292074169,0.07130323786160128,0.06943952090949827,0.06938917525749841,0.06126257299672926,0.06618698280487906,0.066160680899643,0.06875697575696284,0.06630624185172705,0.07214363339013988,0.06614942489422145,-1.6406273552136972e-05
2023-10-19,0.06012623244790406,0.06704055466941632,0.06308874407135939,0.06625954614224595,0.06731706639634805,0.07120716979100301,0.06986497993492809,0.06909784455386574,0.06182033504965687,0.06645676121375106,0.0654218063166003,0.06942272585868746,0.06605952704732243,0.07162338085888847,0.06520963590937195,-1.6310261349056882e-05
2023-10-20,0.060359540361042574,0.06787495364050145,0.06384486079030367,0.0666873735090014,0.06797153855120511,0.07254534214308318,0.06989642362307673,0.06817636614972461,0.06317396632905865,0.06607945425170562,0.0648582819368303,0.06749616121123038,0.06689817505702554,0.06969434785699172,0.06445955925593148,-1.634466671229383e-05
2023-10-23,0.06065745129732662,0.06833059476337103,0.06336005322217632,0.06654924966442577,0.06721724092611019,0.07200100908642687,0.07011606563205078,0.06766338749389826,0.06292032976649754,0.06455419852268272,0.06602587539686677,0.0680559004063494,0.06780962984826686,0.07131450457945139,0.06344084071667291,-1.6331322573511478e-05
2023-10-24,0.06043083514989133,0.06699843024353001,0.06548895398278853,0.06641736569750258,0.06804901311457855,0.07084331193423461,0.07104588956264944,0.06943355355562647,0.06285619440505127,0.06353551885290787,0.06587301796594404,0.06549753298014599,0.06776379834047272,0.07238204166968622,0.06340086489098687,-1.6322345996617378e-05
2023-10-25,0.06014940637889385,0.06722486958041461,0.06578936572639171,0.06502941882571386,0.06799538139704822,0.07292142949116304,0.06963988225331245,0.06922607930653986,0.06455442608694055,0.06451269144159756,0.06521472692420283,0.06561567329569598,0.06765025365708967,0.07128089370369543,0.06321178875993695,-1.6286828636492135e-05
2023-10-26,0.059814502545051454,0.06710624791394283,0.06507024231622331,0.06389478980338928,0.06776979772907663,0.07431686005617956,0.06952462746449825,0.06871255226425461,0.06510039053164524,0.064181973639021,0.06700920612444508,0.06543944889876115,0.06830392231756545,0.0701210299556996,0.06365064431549255,-1.623587524598839e-05
2023-10-27,0.05968585913339741,0.06675204028109158,0.06441481617024845,0.06313206261928939,0.06768772080934851,0.07457171797377868,0.06908828361153346,0.0686790008586723,0.0647702123282563,0.06399189876367592,0.06649416660553083,0.06516949462981836,0.0712214362647977,0.07021081093445422,0.06414663477215582,-1.6155756048966275e-05
2023-10-30,0.060015712157783924,0.06666840721168914,0.06540871889337699,0.06301356624556341,0.06865762140140505,0.07436542766743576,0.06829923782035802,0.06914371284058939,0.0638108017695958,0.0646294457511967,0.06531721841024907,0.06492873789501644,0.06955264305215905,0.0739515102030528,0.06225341356504366,-1.6174884515208806e-05
2023-10-31,0.06666782599198338,0.06666782599198338,0.06666782599198338,0.06666782599198338,0.0666678259919834,0.06666782599198338,0.06666782599198338,0.06666782599198338,0.06666782599198338,0.06666782599198338,0.06666782599198338,0.06666782599198338,0.06666782599198338,0.06666782599198338,0.06666782599198338,-1.7389879750669e-05
2023-11-01,0.06635504203964616,0.06642499194659163,0.06649496293331443,0.06717245125756777,0.06584954608090754,0.0657334763935228,0.06756530404445069,0.06602263425238694,0.0652142514978036,0.06596172469282165,0.06610873364282606,0.06820879361468338,0.0675458026382408,0.06785874784859822,0.06750086545426051,-1.732833762201005e-05
2023-11-02,0.06690297833322728,0.06591966559336786,0.06631131102379957,0.06637047741590175,0.06564426807025556,0.06627453192003362,0.06765376937604872,0.06721729948288065,0.06408064750393314,0.06644574249324522,0.06474719527896819,0.0682922473579483,0.06839987951034213,0.0675728540933492,0.06818444574032728,-1.7313193628611857e-05
2023-11-03,0.06673695444058844,0.06524215589966235,0.06715722412149579,0.0681538995567398,0.06528852944355323,0.067769840522035,0.06815485474720563,0.06639667873516167,0.06343754420665586,0.06692075461320568,0.06476900733933151,0.06724486223224316,0.06683137625435168,0.06699759950788073,0.0689161431712328,-1.7424791343429114e-05
2023-11-06,0.06690238845664598,0.06507784324613951,0.06747834454885704,0.06914798340777285,0.0657750960105253,0.06784589834922782,0.06919538196245555,0.06567308467851822,0.06340070281713987,0.06689842419524492,0.06365109242924565,0.06695912183561577,0.06458471284954855,0.0695325605370212,0.06789483025259367,-1.7465576551991594e-05
2023-11-07,0.06756094888519756,0.06477502529503618,0.06754982770617954,0.06841783243598179,0.06561465057227872,0.0680748053588287,0.06947407886224775,0.06607080489585149,0.06274895734636601,0.06608033779559778,0.061711625418303134,0.06722878514672191,0.06549971384975821,0.07124272587695393,0.06796725422267592,-1.7373667978539897e-05
2023-11-08,0.06775361160170469,0.0643113872107767,0.06900787216893912,0.06769510490797001,0.06601501405895147,0.06857886010059062,0.07012652960600609,0.0667896104359083,0.06353125983432441,0.06426678922798498,0.062371474571176894,0.06537904157160228,0.06703812011181914,0.07126563395117452,0.0658872374555464,-1.7546814475657594e-05
2023-11-09,0.06713685242169855,0.06385119128945935,0.06979954360367391,0.06775708135729361,0.06620441805143419,0.06952818176182557,0.06994785739681725,0.06742066937704651,0.06409938170930557,0.06291041009459813,0.0637862156179437,0.06374213648877612,0.0680430116969145,0.06922349508163732,0.06656707243994714,-1.7518388371285687e-05
2023-11-10,0.0682133680337471,0.06361796782018445,0.06950391242662365,0.06813303244066751,0.06584624417230987,0.07105015592815572,0.07003397895346788,0.06702555101511964,0.0635025721675182,0.06192074003695718,0.06305927070452984,0.06328803685721827,0.06738086063789539,0.06831431463935818,0.06912748230926363,-1.7488143016619817e-05
2023-11-13,0.06773560689722284,0.06388969043214848,0.07014517266901651,0.06882035657258159,0.06598809509421759,0.0710360817632396,0.07066679427420301,0.06747734330881429,0.06344711971537582,0.06060197333187935,0.06277169423104738,0.062254629812203505,0.06679855335636478,0.06856918451494454,0.06981523686097775,-1.753283423696757e-05
2023-11-14,0.06889058715491254,0.06355839572166469,0.07075187391972931,0.0690834444091415,0.06704956950285422,0.07158721518737729,0.06973283252191753,0.06585808659904767,0.06376916586461538,0.06013403911796836,0.061806926589529215,0.06095661732932471,0.06702514759956861,0.07049404437827628,0.06931958744155635,-1.7533337483666074e-05
2023-11-15,0.06949133720530078,0.06369291954963954,0.06998906732294666,0.06988948411416326,0.06637250366513016,0.07184111911175226,0.06964032979090802,0.06691318089786594,0.06297816360841253,0.06070337550344981,0.06117448752251672,0.06063902477011751,0.06296939596725373,0.07343594236178609,0.07028725327505697,-1.758466629992688e-05
2023-11-16,0.06879790577639074,0.06279653454487753,0.06942709026590399,0.07027643916485045,0.06467634283521823,0.07152370464866795,0.07112027413468729,0.06567018324382005,0.06289420653540892,0.06262205309241052,0.06164816378328195,0.06061962539220812,0.06337581776128953,0.07272615082922551,0.0718430408339551,-1.7532842195806693e-05
2023-11-17,0.06874839020484579,0.06174162450989714,0.0693495727190929,0.06971603086316872,0.0646603114972376,0.07151473340823071,0.07250320546025125,0.0665335142582,0.06334780802151112,0.06282710148899515,0.06079419031229582,0.05858691324351374,0.06371785536970895,0.07403205116596281,0.0719442805582402,-1.758308115168633e-05
2023-11-20,0.06779628947806479,0.061485235793051485,0.06867851632656297,0.07044182497236105,0.0650555418528508,0.07176452985794836,0.07260932860303727,0.06475272077642598,0.06341998850621432,0.0626512530628655,0.06086558869723225,0.05856963126342072,0.06367769118529744,0.07701540704217766,0.07123387675728785,-1.7424174798470435e-05
2023-11-21,0.06819554717286444,0.061014508092671726,0.0690656659731005,0.07099816987995992,0.06515935331448769,0.07309573258505676,0.07154483800126342,0.06412998686331711,0.06344782558440791,0.0633375329942993,0.060880753625384726,0.05968288110236494,0.06277557166094908,0.07522221644436212,0.07146678636722131,-1.73696617109716e-05
2023-11-22,0.06776439372144503,0.061008105277403586,0.0686626613840333,0.07033139310144935,0.06474300716530411,0.07272378195649497,0.07086364711388012,0.06360011722720017,0.06272896929122146,0.0638364927736363,0.06074737522887645,0.061626824260401815,0.0626214370498672,0.07407799836326329,0.074681065098474,-1.7269012951039275e-05
2023-11-23,0.0679988739862135,0.06159380052513052,0.06907470530565596,0.07080845789154741,0.06514253906431845,0.07167453558028687,0.07119545074174748,0.062390861239071005,0.06255292525964692,0.06310571699395413,0.06108903980527481,0.06196578126695147,0.06314320762014831,0.07445984845018837,0.07382151416257547,-1.7257892710628396e-05
2023-11-24,0.06755958961391416,0.06192042779035591,0.06959521646692358,0.06960312679515682,0.06368254801972272,0.07073234028814337,0.07192269537416286,0.06322317437174843,0.06146128508816867,0.06316883731220954,0.06266929774320444,0.0621693063460776,0.06448024270234136,0.07553849289465839,0.07229060457063972,-1.718537742777984e-05
2023-11-27,0.06777445952458222,0.06225270613918729,0.07002469353316752,0.07069129024733675,0.06432490921655597,0.06841891139781973,0.0710127728745241,0.06158139510684333,0.06194243022510982,0.0637368262796949,0.06328839290903174,0.061487909895399075,0.06559012044969655,0.07693365495535781,0.07095679485228838,-1.7267606595200796e-05
2023-11-28,0.06710493668481365,0.06250509178384318,0.07167079908962104,0.072365954611962,0.06503324418904437,0.0680612310653132,0.07216423728086496,0.06144525164466483,0.06149735461568135,0.061880415863266675,0.06366663045585459,0.061098776641000455,0.06598806925563226,0.07403592848682937,0.07149941203729854,-1.7333705690271638e-05
2023-11-29,0.06584532713193929,0.0634666215333287,0.07238830899168033,0.07245063686594883,0.0657663987983389,0.06750609587913976,0.07255731809966842,0.062416425604344176,0.05893838198946912,0.06173069564764771,0.06393476830021538,0.061177144681294406,0.06798825241568653,0.07285877290158839,0.07099225586532153,-1.7404705611427602e-05
2023-11-30,0.06666805791063868,0.06666805791063868,0.06666805791063868,0.06666805791063868,0.06666805791063868,0.06666805791063868,0.06666805791063868,0.06666805791063868,0.06666805791063868,0.06666805791063868,0.06666805791063868,0.06666805791063868,0.06666805791063868,0.06666805791063868,0.06666805791063868,-2.0868659580228645e-05
2023-12-01,0.0664386886655307,0.06628168767572515,0.0679234730741588,0.06573805231683989,0.06515504961174534,0.06584758949413173,0.06544798532441008,0.06720492257727911,0.06648322199175954,0.06661510899864498,0.06809263383166954,0.06606736750204148,0.06775739808482317,0.0686906422280059,0.06627709254698522,-2.0913923750713808e-05
2023-12-04,0.06732597933220136,0.06654106716098365,0.06904052322817286,0.06496836168702277,0.0642655573289844,0.06594255542320511,0.06508448590913701,0.0671497433501087,0.06670238037488106,0.06780422540901049,0.0680918921689538,0.06558341641768098,0.0677901805497337,0.06818344517183077,0.06554722899832834,-2.104251023505769e-05
2023-12-05,0.0665926505948214,0.06688364901577813,0.06892337532380372,0.06598399405134811,0.06342169528745516,0.06578264836765998,0.06698231466198416,0.06656144507882304,0.06677670829545218,0.06683571188709983,0.0669182409724679,0.06761290529119462,0.06831686136221506,0.0686764092327444,0.0637525217678951,-2.113119074296967e-05
2023-12-06,0.06669297354964795,0.06754215444311697,0.06965174169887507,0.06637073384154944,0.062441411946644404,0.0659321257186455,0.0674703701603086,0.0647603370090979,0.06555704144497673,0.06764690238658047,0.06775925553487411,0.0657440320114998,0.06916300449805708,0.0686918350430458,0.06459716807265195,-2.1087359571707705e-05
2023-12-07,0.0661701301228977,0.067858962686275,0.07015979102768906,0.06598616451781282,0.062346011745152294,0.06527186800209467,0.06885774575128185,0.06454278120327869,0.06455450577891357,0.0667883982961016,0.06779150389387029,0.06647642687795997,0.06744014176645313,0.07089772115678881,0.06487889121500119,-2.1044041570769793e-05
2023-12-08,0.06646600576837991,0.06779849729406126,0.0701828781673259,0.06588377348075801,0.06312790553889089,0.06527868743324988,0.06958676314967834,0.06416291034671467,0.06476080652377905,0.06597635043127441,0.06915079866803894,0.06556635832282505,0.0670828732402164,0.0705215392739407,0.06447489358354179,-2.1041222675215835e-05
2023-12-11,0.0669530882046041,0.06761685341155935,0.07127867865914798,0.06530336462445151,0.06329652470057828,0.06467091348283512,0.0700288982452362,0.06419317183965474,0.06465867711599635,0.0672437142636683,0.06847175846382612,0.06626861810675949,0.0662337045554162,0.07072760329011138,0.06307547858854881,-2.1047552393809802e-05
2023-12-12,0.06628036737294317,0.06730496360125014,0.07240215151862207,0.06513515099987785,0.06432965630021407,0.06461546820007416,0.06940932759519339,0.06535608888115495,0.06484465984772575,0.06633620818746717,0.06874987247456377,0.06571068384376416,0.06370105514865865,0.07168543615830666,0.06415987301836883,-2.0963148184907866e-05
2023-12-13,0.06713037324624994,0.06729288215991826,0.071889643632999,0.06547118307057627,0.06471096960634426,0.06568747467511182,0.06906978128710924,0.06492473571988645,0.06388423005146189,0.06660797099295439,0.06674635581432407,0.06629438945376064,0.06409246120752286,0.07215263772271306,0.06406577683795434,-2.0865478886591932e-05
2023-12-14,0.06797201865453507,0.06775858572646438,0.07128558730112548,0.06490955752604347,0.06390412364357394,0.0660342287315658,0.06801857300056484,0.06580797084681764,0.06502851577563966,0.06559025522344919,0.06643708204077461,0.0662064713390769,0.06498346710116043,0.07415242214450146,0.06193196228973136,-2.0821345024423927e-05
2023-12-15,0.0680932218371436,0.06790266830859086,0.07054885054417205,0.06486393812280962,0.06455199857576466,0.06612375147138061,0.06693217541084974,0.06883031231374344,0.06561389400992877,0.06603637713881791,0.06558812466099088,0.06683781525246849,0.06512969644218532,0.07197234990724925,0.060995743214045425,-2.0917210140859002e-05
2023-12-18,0.06811884837432652,0.06875049440578357,0.07033100262779826,0.06522514346714439,0.06398095464266726,0.0655920226767575,0.06744809891060832,0.06996689177467444,0.06642249640374526,0.06450034748556067,0.06507157276218221,0.06669597843139784,0.06439591697560823,0.07199409021244274,0.061526905838497216,-2.0764989194498428e-05
2023-12-19,0.06888749138634019,0.07005101424003377,0.0702104947559109,0.06432519891601499,0.06438184155744638,0.06730601791836091,0.06714556639741777,0.07078847619758671,0.06724397842037198,0.06482447388885573,0.06521403594001247,0.06579552443248658,0.06195083740377231,0.07068871299006152,0.06120713365126669,-2.079809593895544e-05
2023-12-20,0.06937996006040303,0.06975694058402802,0.06959859695169394,0.06347035162082687,0.06469600802524288,0.06826956409462269,0.06790365699441046,0.07118307500304422,0.06557657209297019,0.06428174911605747,0.06707481577214676,0.06684773425529868,0.060108662754353906,0.0704181108584316,0.061454929543255536,-2.0727726786483985e-05
2023-12-21,0.06946715759525786,0.06870877661975325,0.07027034008406075,0.06343800183308625,0.06463330235181854,0.06854777335576462,0.06837018608550353,0.07179444468732188,0.06528225650176696,0.06462429340214543,0.0657400173075516,0.06779194325069515,0.05760342629901889,0.07066954861586186,0.0630794321581953,-2.0900147801938938e-05
2023-12-22,0.06930782447507619,0.06974827039490551,0.07170559744586981,0.06151171409096651,0.06502456462606586,0.06654457852233887,0.06880473055133371,0.07236088017816379,0.06338113773461651,0.0670901227532128,0.06657793782588749,0.06736293195006544,0.05956454210769701,0.06891645254701331,0.062119773623945024,-2.1058827157841814e-05
2023-12-25,0.06792642635980861,0.07115188415810246,0.07209880235286717,0.06209579293454252,0.06538924265850313,0.06716635815770368,0.06901513345419025,0.07278613867411485,0.06361307798688835,0.06659530246315097,0.06666844255829112,0.06781886240023435,0.05980969599890548,0.06720919830104004,0.060676734762460466,-2.109322080356017e-05
2023-12-26,0.06872758068408368,0.0710426591370878,0.07267043553915,0.061418083935327446,0.06432608344223144,0.0665523192061899,0.06892614772186353,0.07222621050667634,0.06494989716193168,0.06690129356746638,0.06879003194192307,0.0684084734824133,0.057387157513239584,0.06863324344952929,0.059061504408769845,-2.1121697883546454e-05
2023-12-27,0.06874114204452371,0.07034829636715459,0.07420880166933402,0.0623142036908814,0.06362777053911803,0.06632174710138136,0.06902870992057955,0.0729797346992914,0.06486428714184633,0.06572402216743034,0.06787570673019307,0.06828939985076778,0.058533678219331545,0.06905678318968471,0.05810679244224114,-2.1075773759037393e-05
2023-12-28,0.06893557302684677,0.06984510886909882,0.07468090152348432,0.06391579750299292,0.06315005273996864,0.06679318366381866,0.06812207059647797,0.07263930277764949,0.06469477045453849,0.06532844226748671,0.07037109608643581,0.06773479447757004,0.05896241636985421,0.06643539272753153,0.05841209946155697,-2.100254531155138e-05
2023-12-29,0.06666795881148287,0.06666795881148287,0.06666795881148287,0.06666795881148287,0.06666795881148287,0.06666795881148287,0.06666795881148287,0.06666795881148287,0.06666795881148287,0.06666795881148287,0.06666795881148287,0.06666795881148287,0.06666795881148287,0.06666795881148287,0.06666795881148287,-1.9382172243297992e-05
