,ASSET_1,ASSET_2,ASSET_3,ASSET_4,ASSET_5,ASSET_6,ASSET_7,ASSET_8,ASSET_9,ASSET_10,ASSET_11,ASSET_12,ASSET_13,ASSET_14,ASSET_15,CASH
2020-12-18,0.0,0.0,0.0,0.0,0.0,0.0,0.0,0.0,0.0,0.0,0.0,0.0,0.0,0.0,0.0,1.0
2020-12-21,0.0,0.0,0.0,0.0,0.0,0.0,0.0,0.0,0.0,0.0,0.0,0.0,0.0,0.0,0.0,1.0
2020-12-22,0.0,0.0,0.0,0.0,0.0,0.0,0.0,0.0,0.0,0.0,0.0,0.0,0.0,0.0,0.0,1.0
2020-12-23,0.0,0.0,0.0,0.0,0.0,0.0,0.0,0.0,0.0,0.0,0.0,0.0,0.0,0.0,0.0,1.0
2020-12-24,0.0,0.0,0.0,0.0,0.0,0.0,0.0,0.0,0.0,0.0,0.0,0.0,0.0,0.0,0.0,1.0
2020-12-25,0.0,0.0,0.0,0.0,0.0,0.0,0.0,0.0,0.0,0.0,0.0,0.0,0.0,0.0,0.0,1.0
2020-12-28,0.0,0.0,0.0,0.0,0.0,0.0,0.0,0.0,0.0,0.0,0.0,0.0,0.0,0.0,0.0,1.0
2020-12-29,0.0,0.0,0.0,0.0,0.0,0.0,0.0,0.0,0.0,0.0,0.0,0.0,0.0,0.0,0.0,1.0
2020-12-30,0.0,0.0,0.0,0.0,0.0,0.0,0.0,0.0,0.0,0.0,0.0,0.0,0.0,0.0,0.0,1.0
2020-12-31,5.860272376490213e-13,9.100672419953496e-13,1.9271108172736386e-12,1.4747863411112653e-12,1.5721110001330137e-12,2.501649430902109e-12,6.920077106666894e-12,7.931060918551572e-13,0.0,1.6786718828962834e-11,0.30010503675393385,0.30010503675839423,5.416241010166199e-13,0.15298419325234994,0.24715585574419882,-0.0003501225428900115
2021-01-01,5.89853200910089e-13,9.243383170689807e-13,1.9460428555052918e-12,1.4880567084135704e-12,1.5737251000587906e-12,2.514919795870542e-12,7.039240204075776e-12,7.784270592989641e-13,0.0,1.6592759078210516e-11,0.3020882567895378,0.30648313575727043,5.362337176264897e-13,0.1464048470520562,0.2453738776430416,-0.000350117275889795
2021-01-04,5.945248721775142e-13,9.287406891135476e-13,1.9537740391765327e-12,1.4823597733601912e-12,1.5483642918088302e-12,2.53010988914784e-12,6.956280313442698e-12,8.021093808156516e-13,0.0,1.643588467479088e-11,0.29897219825650284,0.3058827246988999,5.337869277197123e-13,0.149332724655351,0.24616215385819396,-0.00034980150271357856
2021-01-05,5.936141038708784e-13,9.516663640043956e-13,1.9655155579477025e-12,1.5036620714569906e-12,1.5454279317740406e-12,2.55601997964248e-12,7.024520560173484e-12,7.850195177018031e-13,0.0,1.6860156758057678e-11,0.29874342807380855,0.3019168733151183,5.40133806955898e-13,0.15043420006746291,0.24925712526539662,-0.00035162675611208994
2021-01-06,5.978567166126467e-13,9.616660464240736e-13,2.006976402339475e-12,1.521653144913348e-12,1.534028885139882e-12,2.614892406769722e-12,7.219509263297433e-12,8.246098656082308e-13,0.0,1.70181988707916e-11,0.29029277863060005,0.3064523706416726,5.379733290003677e-13,0.15659135058622917,0.24701693005375233,-0.0003534299470913773
2021-01-07,5.936101051974092e-13,9.65718675007536e-13,1.981959201970299e-12,1.5487055817599452e-12,1.5091835862497776e-12,2.6397594353952815e-12,7.081440612912653e-12,8.284188014884035e-13,0.0,1.7271834590714595e-11,0.2888918976118441,0.3091436502822019,5.43170545588624e-13,0.15941923966840926,0.24290175200216335,-0.00035653959958247943
2021-01-08,6.01015166604427e-13,9.457337065015154e-13,1.982054361380619e-12,1.550694441661781e-12,1.5313649984825138e-12,2.6589584607678007e-12,6.995826999682839e-12,8.226068649874402e-13,0.0,1.7373038196894525e-11,0.2882217669366591,0.30882984171711936,5.537505901249237e-13,0.15905456102838253,0.2442527367658344,-0.0003589064830104824
2021-01-11,6.226653290759129e-13,9.463105345144026e-13,1.9720851920197476e-12,1.5885671020253938e-12,1.542019500630371e-12,2.6887720615797144e-12,7.02857207354208e-12,8.322105756947018e-13,0.0,1.7861370481088612e-11,0.2967747392794046,0.30613441696631116,5.510106952496447e-13,0.15318084143842145,0.24427429578316012,-0.000364293502931026
2021-01-12,6.261137990461649e-13,9.479893198798192e-13,1.960656013998047e-12,1.5827865866778443e-12,1.5239869118299089e-12,2.6868596738477644e-12,7.0777813118021905e-12,8.104982017901166e-13,0.0,1.806154601929097e-11,0.2938409591902502,0.30877387734922845,5.76402222383199e-13,0.15241555305861676,0.24533256826064478,-0.00036295789459471484
2021-01-13,6.207276633635668e-13,9.481965334322438e-13,1.9672763223223614e-12,1.5838550317779816e-12,1.5028133878372165e-12,2.6899270072514808e-12,7.206808622359645e-12,8.14472751299583e-13,0.0,1.797016913070927e-11,0.297004595937694,0.30981550179750333,5.660511673485726e-13,0.1531045163712792,0.24043767613533423,-0.00036229027768092196
2021-01-14,6.191789875705491e-13,9.533704004614178e-13,1.9806192075551398e-12,1.5678581526046378e-12,1.5275584108243374e-12,2.7195342893421376e-12,7.164513534084565e-12,7.996809458071173e-13,0.0,1.7912941773746788e-11,0.2986761782247574,0.30909379878508414,5.482218205424049e-13,0.15261065259824064,0.23998285833712674,-0.00036348798100222684
2021-01-15,6.175497970331709e-13,9.385504048602535e-13,1.9993539720016292e-12,1.5204715300598523e-12,1.538764136207081e-12,2.6888655364033167e-12,7.186751663098652e-12,7.938845110615276e-13,0.0,1.7657253420252708e-11,0.2909328948527792,0.3138852171276108,5.426282757274564e-13,0.1519698585403724,0.24357233219760854,-0.000360302753855065
2021-01-18,6.112647540705778e-13,9.43825833457182e-13,1.9858741885588226e-12,1.5176388300039381e-12,1.5396233567908424e-12,2.636386289698723e-12,7.109356123471212e-12,8.088916197989446e-13,0.0,1.7636959758980546e-11,0.2920345230384071,0.31228985600758286,5.554876053086422e-13,0.15140559325473402,0.2446301031517156,-0.0003600754877848925
2021-01-19,6.186681933470468e-13,9.376162910927676e-13,2.021975866744966e-12,1.4930181619507656e-12,1.5722697110356677e-12,2.627498313899444e-12,7.096287028056418e-12,7.883883306163009e-13,0.0,1.7378890089939996e-11,0.28961102837993735,0.3120599573478521,5.657292872397006e-13,0.15222730802017745,0.24646216787399672,-0.0003604616570639796
2021-01-20,6.118310100509157e-13,9.28624973525617e-13,2.0598965167117227e-12,1.4795030780920703e-12,1.6029398109623566e-12,2.6178246375365225e-12,7.092679330484553e-12,7.999353061771061e-13,0.0,1.734112690801654e-11,0.28766796645812265,0.31164168265812525,5.68872411832434e-13,0.15464570197723004,0.24640478344742686,-0.0003601345760080108
2021-01-21,6.102294380109455e-13,9.361067698544092e-13,2.051086878143657e-12,1.4724224018390015e-12,1.5603065044527002e-12,2.508608620051999e-12,7.071052330943668e-12,7.922951535786251e-13,0.0,1.7264575625807934e-11,0.28504896512505296,0.3149947894537141,5.651292669423643e-13,0.1513139988909699,0.24899927961464446,-0.0003570331192134311
2021-01-22,6.078909846081569e-13,9.394430009475849e-13,2.0369893196189754e-12,1.4589631709559652e-12,1.5592910790805225e-12,2.5048988085721293e-12,7.10534329987379e-12,7.880273859578022e-13,0.0,1.7122406532077432e-11,0.28827902108411485,0.31295328009704826,5.618740943751076e-13,0.1538141112048407,0.24530991288757775,-0.00035632530826670226
2021-01-25,6.01988872074148e-13,9.425737642630663e-13,2.036463027977231e-12,1.4500405970771138e-12,1.5638305028213128e-12,2.5334878916283723e-12,7.140748759690229e-12,7.955207835625565e-13,0.0,1.7119777091381746e-11,0.2910906116548601,0.31189500475709114,5.564560488378275e-13,0.1529833328646352,0.24438906451052775,-0.000358013821855095
2021-01-26,6.052295924311801e-13,9.669237473509937e-13,2.0248369557069476e-12,1.4460920182461916e-12,1.5659040143674904e-12,2.551747345495507e-12,7.18155734033883e-12,8.117590488703329e-13,0.0,1.6522579472455394e-11,0.28940745140393204,0.31839524423665105,5.424321454516904e-13,0.14494300422857284,0.24761295183121435,-0.0003586517345893643
2021-01-27,6.117960314754525e-13,9.64436164884795e-13,2.0204910165987375e-12,1.442323934763426e-12,1.5815573656202025e-12,2.553207609353812e-12,7.292327433692744e-12,7.857263957361775e-13,0.0,1.6376508136243112e-11,0.29074650528948537,0.3182959245249371,5.549017881012109e-13,0.1412808928000367,0.2500383159081147,-0.00036163855675703854
2021-01-28,6.067899733729112e-13,9.694346026971598e-13,1.9831873241949507e-12,1.428433548696445e-12,1.5263735652380926e-12,2.442132312170965e-12,7.27795840476401e-12,7.753008219127129e-13,0.0,1.5816995779198664e-11,0.28935096507243996,0.3240334978868083,5.516910902444037e-13,0.14014337754856807,0.24682888609463421,-0.00035672663582895174
2021-01-29,5.85834259718727e-13,9.09767558155579e-13,1.926476222440714e-12,1.474300696080711e-12,1.571593306231591e-12,2.500825641326331e-12,6.917798335183715e-12,7.928449231546649e-13,0.0,1.6781190986487386e-11,0.3000062125950159,0.30000621259947485,5.414457449756431e-13,0.15293381577655202,0.24707446767477564,-2.0708679820472382e-05
2021-02-01,5.791863727917776e-13,9.142937890558404e-13,1.978732167318245e-12,1.4876246451446062e-12,1.5758225739933235e-12,2.5439720721267046e-12,6.961389972024137e-12,7.979637727384642e-13,0.0,1.690160415526739e-11,0.30612239193893676,0.29683825442071554,5.569819772871134e-13,0.15323533292860958,0.24382479312436722,-2.0772446926625825e-05
2021-02-02,5.93713579220933e-13,9.25806434425541e-13,2.026016253090925e-12,1.5057714433520427e-12,1.5992837423737637e-12,2.6001458842579823e-12,7.098324453608919e-12,7.875866256723712e-13,0.0,1.7415728313794044e-11,0.3102935061316317,0.29887313208322847,5.523315426188003e-13,0.15260822909501606,0.23824622311951096,-2.1090464491822385e-05
2021-02-03,5.896265887868168e-13,9.14765331767579e-13,1.993092536462198e-12,1.4957957575675704e-12,1.597004408243915e-12,2.6544536379845137e-12,6.913434327077333e-12,7.959323036158426e-13,0.0,1.71074832995717e-11,0.3095553222655959,0.29489894142956585,5.510302368703296e-13,0.15592995220907968,0.23963674524479167,-2.0961183645653306e-05
2021-02-04,5.999631193233548e-13,9.223421201037363e-13,1.986109098443241e-12,1.511246091329731e-12,1.641115668802816e-12,2.635819766885704e-12,6.902491358255609e-12,8.076147668653206e-13,0.0,1.7115472680526183e-11,0.31141409200511266,0.29184694028268826,5.486618663135905e-13,0.15998669686133316,0.2367734932590872,-2.122244289205414e-05
2021-02-05,5.916169689704567e-13,9.175884525145829e-13,2.0043248616137273e-12,1.5097740017163774e-12,1.6340034362990039e-12,2.6408642229242893e-12,6.7491474789405745e-12,8.144148581919898e-13,0.0,1.7031565562997562e-11,0.31695634706822484,0.2867311030766798,5.603789874295959e-13,0.1606889718773448,0.23564482169166398,-2.124374836702086e-05
2021-02-08,5.909510741789909e-13,9.157584296359156e-13,2.028940964833185e-12,1.4898559545787183e-12,1.617536049826531e-12,2.673816459936081e-12,6.689768929571424e-12,8.241956275011063e-13,0.0,1.6913820245682146e-11,0.3202430707201181,0.2809760804894798,5.674571628222252e-13,0.161180699082947,0.23762136928515026,-2.1219612007170515e-05
2021-02-09,5.903163346291391e-13,9.049392333065871e-13,2.0503941256041517e-12,1.462071267505503e-12,1.6196313543574409e-12,2.720143417708137e-12,6.742146188663518e-12,8.513975868194154e-13,0.0,1.683114271183604e-11,0.3220956816025684,0.2822589403507625,5.546882257990301e-13,0.15927965276469316,0.23638704790700607,-2.1322659356861035e-05
2021-02-10,5.796485309538816e-13,9.064756895650717e-13,2.047426265584952e-12,1.435841199270039e-12,1.6297010173496246e-12,2.7487575152540577e-12,6.771987787060358e-12,8.486637577574716e-13,0.0,1.70333421868341e-11,0.32417522973951834,0.27875116402431693,5.582312103807537e-13,0.1630010899529084,0.23409386000835927,-2.1343759663110593e-05
2021-02-11,5.971003353353677e-13,9.107745486699067e-13,2.068921303815387e-12,1.4392605510868036e-12,1.6507921148256788e-12,2.7148604364890506e-12,6.7910569649775245e-12,8.441283724215686e-13,0.0,1.747511040106658e-11,0.3309640828658143,0.2703855900770232,5.842563202157029e-13,0.16559186056214711,0.23308002125640517,-2.155479646592359e-05
2021-02-12,5.926986530989723e-13,9.043560081617397e-13,2.035977712589281e-12,1.4298932052343974e-12,1.6243066606260325e-12,2.677283512692907e-12,6.669804780359892e-12,8.198435697248517e-13,0.0,1.7482336724246172e-11,0.33086570703873247,0.2717850482095662,5.825819499494732e-13,0.16259495197322507,0.23477565269165776,-2.1359948000599208e-05
2021-02-15,5.794017414958231e-13,8.874134422280542e-13,1.995283757371188e-12,1.4336381262993958e-12,1.627096784295658e-12,2.668161423294688e-12,6.701551696121195e-12,8.01907827889425e-13,0.0,1.7282935625045706e-11,0.33223152735786365,0.2687000705977457,5.732106264415554e-13,0.1626582802151316,0.23643126961666408,-2.11478219556707e-05
2021-02-16,5.748475711020187e-13,8.855100402157945e-13,1.969525880787904e-12,1.3905095159460944e-12,1.6287048926079997e-12,2.6851851522539293e-12,6.715927866632133e-12,7.786991381968792e-13,0.0,1.666632386739454e-11,0.3391669176141346,0.26345020990257617,5.85119207342724e-13,0.16526382530683245,0.23214015787128078,-2.1110728704398553e-05
2021-02-17,5.627658878851104e-13,8.794092585240644e-13,1.9313328611578668e-12,1.3777452582684188e-12,1.6024527617087697e-12,2.5968816722448527e-12,6.446971973145126e-12,7.732077721127967e-13,0.0,1.6355173558882834e-11,0.3395079602195297,0.26594535202115493,5.76446293861752e-13,0.16258598648248188,0.23198158770475036,-2.0886461019205006e-05
2021-02-18,5.545467707946108e-13,8.798262846979993e-13,1.939436095037653e-12,1.3861017710593874e-12,1.5621066559488947e-12,2.5672481716216847e-12,6.360126900177747e-12,7.730548186575013e-13,0.0,1.670899246717718e-11,0.33627330685852297,0.26331874610040923,5.872056985940946e-13,0.16322864783212462,0.23720014372233703,-2.0844546712344892e-05
2021-02-19,5.561341308491641e-13,8.696632222850793e-13,1.9118875132792183e-12,1.3617322104207803e-12,1.5750571880861279e-12,2.607085335936514e-12,6.520827583951054e-12,7.825494216700396e-13,0.0,1.6565063744856216e-11,0.3301150830741635,0.26721296468345435,5.917880467020463e-13,0.16363030761733785,0.23906248780430536,-2.0843212602785976e-05
2021-02-22,5.596618545949272e-13,8.838787143443795e-13,1.9450865848254082e-12,1.3748442599047405e-12,1.5966370440612106e-12,2.6332468519452874e-12,6.502610201258256e-12,7.936893501404303e-13,0.0,1.689547870307995e-11,0.3248845160332496,0.26946561256276536,5.851271780025277e-13,0.1658827320252517,0.2397880467765019,-2.0907431538660564e-05
2021-02-23,5.548197603454868e-13,8.934484036416464e-13,1.945648762246647e-12,1.3979030564142534e-12,1.6072429190957613e-12,2.664207930625406e-12,6.461487111738726e-12,7.923450533236393e-13,0.0,1.7235957283615603e-11,0.3359760877359097,0.2676209403023298,6.002648942975461e-13,0.16042434248249554,0.23599966885829946,-2.1039413187763866e-05
2021-02-24,5.524901872921686e-13,8.855633924222515e-13,1.9218705861490122e-12,1.4115324321655905e-12,1.6111074215809302e-12,2.6906745018632838e-12,6.554782244069273e-12,7.993852390388287e-13,0.0,1.730619840680052e-11,0.33122883843209994,0.2738162545480947,5.971786856404127e-13,0.1585223195027993,0.23645372586701793,-2.1138384342682504e-05
2021-02-25,5.491294232322253e-13,8.841066748837852e-13,1.93406243570212e-12,1.4209250946116014e-12,1.5978044352718552e-12,2.6810842465086275e-12,6.66798061310254e-12,8.072304261759439e-13,0.0,1.7672769297074095e-11,0.3383258931178376,0.2681761308645783,6.069364761834814e-13,0.15883333802360558,0.23468582631084287,-2.1188351686280085e-05
2021-02-26,5.858365914076304e-13,9.097711791369144e-13,1.9264838900415006e-12,1.4743065639699925e-12,1.5715995613568455e-12,2.5008355949050105e-12,6.917825868830556e-12,7.928480787702316e-13,0.0,1.6781257777591116e-11,0.3000074066548465,0.30000740665930536,5.41447899993064e-13,0.15293442447103395,0.24707545106006776,-2.4688879255876096e-05
2021-03-01,5.918253860553572e-13,9.131221959240529e-13,1.934403806117472e-12,1.488303323124086e-12,1.5746967962317189e-12,2.5577668331537343e-12,7.0300909267859844e-12,8.065663164816328e-13,0.0,1.6843264576786243e-11,0.3000291569944332,0.29639110346968855,5.476024899283245e-13,0.15220114304992935,0.25140339587204336,-2.479942038216956e-05
2021-03-02,5.913060701822135e-13,9.377018649351549e-13,1.9336620645479934e-12,1.506091832294135e-12,1.6048515721781213e-12,2.5631013765826775e-12,7.178503629807373e-12,8.000705110778354e-13,0.0,1.7008433922808832e-11,0.2999883755618088,0.29773894720854344,5.60742305526604e-13,0.15204150110609047,0.250256201852314,-2.5025763441399415e-05
2021-03-03,5.87202163100534e-13,9.22056445941608e-13,1.962201712602274e-12,1.4891648965342583e-12,1.6133689346344198e-12,2.5578622963706924e-12,7.049927735036465e-12,7.96274790616412e-13,0.0,1.6880673959389573e-11,0.3043841834409866,0.3014910138302504,5.672046769794357e-13,0.15009154386474682,0.24405815808583486,-2.4899256244731742e-05
2021-03-04,5.822921181150653e-13,9.215304030855534e-13,1.9687831167171176e-12,1.4484474982801085e-12,1.6092302579894077e-12,2.556795646299789e-12,7.0065953354637614e-12,8.089109523483493e-13,0.0,1.718379519376756e-11,0.30262305768521847,0.3055627763684658,5.821631090456996e-13,0.15333718535390023,0.23850181064705056,-2.483008930371009e-05
2021-03-05,5.784677190345853e-13,9.14497043155885e-13,1.9710185507975877e-12,1.4538705229812231e-12,1.5863544114543725e-12,2.5486801777090958e-12,6.788276444988037e-12,8.221482794954452e-13,0.0,1.7131145339006166e-11,0.29993182989499395,0.3102628909003398,5.510650092631311e-13,0.15270607696914956,0.23712392356293158,-2.472136176051052e-05
2021-03-08,5.822228112585496e-13,9.40573139355976e-13,1.9733772384627666e-12,1.4827429083487855e-12,1.6106447756967371e-12,2.6182998916883872e-12,6.801129628764576e-12,8.225796976199505e-13,0.0,1.7435289716217262e-11,0.2956783232060268,0.3108654093951619,5.609949787160729e-13,0.15677185082029077,0.2367094005185441,-2.498397485148745e-05
2021-03-09,5.689672825319965e-13,9.502139797712803e-13,1.95703026232187e-12,1.4556521664330029e-12,1.5630375133318436e-12,2.6589600619197415e-12,6.8474769581519765e-12,8.241305776181272e-13,0.0,1.769848917435962e-11,0.3049889044274563,0.3051461240468474,5.635935244486706e-13,0.1529574911400786,0.2369325817527234,-2.510140219316973e-05
2021-03-10,5.630719701125539e-13,9.485874241072215e-13,1.9423773129367575e-12,1.4544102697665995e-12,1.5639074433274243e-12,2.7108522682377064e-12,6.764732234773716e-12,8.067721026722696e-13,0.0,1.734221321987963e-11,0.30988627595955126,0.3013434344368064,5.537095106738312e-13,0.15048197242825512,0.23831321200012998,-2.4894859393400145e-05
2021-03-11,5.60821934802355e-13,9.400881979539539e-13,1.9724501520573693e-12,1.4366349155104725e-12,1.560833619240142e-12,2.7270476225795706e-12,6.600341161870722e-12,8.103840481540355e-13,0.0,1.7524009349923082e-11,0.30437710207655727,0.3041939060745246,5.632237671601734e-13,0.15251554393099004,0.23893827534373657,-2.482746050442775e-05
2021-03-12,5.586053489104578e-13,9.329745290939154e-13,2.0003403507704127e-12,1.4227047491109395e-12,1.5386193560056628e-12,2.7458263287190894e-12,6.5189784599283885e-12,7.982181985023747e-13,0.0,1.736632458723594e-11,0.3035171047354727,0.30499508730404573,5.718012968963506e-13,0.15376305349567773,0.23774953300247478,-2.4778572125472038e-05
2021-03-15,5.52344793716146e-13,9.29047665852268e-13,2.008971421600256e-12,1.4115608690535882e-12,1.5157165935860441e-12,2.6859043194507605e-12,6.333146569854439e-12,7.983756402617603e-13,0.0,1.7362455746013942e-11,0.30013712896935546,0.30940816128003457,5.618347697355913e-13,0.15503225845009705,0.23544699322534873,-2.4541958995185317e-05
2021-03-16,5.455078024217716e-13,9.284127069019607e-13,2.004512233924682e-12,1.4080079514396257e-12,1.5072650224506647e-12,2.6670732727102604e-12,6.49475774066632e-12,8.065173480096842e-13,0.0,1.7280986504980456e-11,0.30308287793339567,0.31012622328775763,5.585341453915667e-13,0.15320330832518117,0.2336119638667935,-2.4373447329650096e-05
2021-03-17,5.290727692205086e-13,9.30249133874788e-13,1.993691873167626e-12,1.4335923014688767e-12,1.5075161727789567e-12,2.626317224585295e-12,6.4903108598938565e-12,7.945768347723324e-13,0.0,1.736027502570056e-11,0.3078144135821826,0.3060295301444656,5.589558039816178e-13,0.14942240084619676,0.23675801957919185,-2.4364186261355588e-05
2021-03-18,5.31128803611658e-13,9.339989313292323e-13,1.991824278826656e-12,1.4390792523327391e-12,1.5355103407300017e-12,2.614444029502052e-12,6.496984836629704e-12,7.817138723139533e-13,0.0,1.737347805644707e-11,0.3130881030632008,0.30449371324478086,5.562694337669979e-13,0.1482197563989906,0.2342227619885356,-2.4334729762271274e-05
2021-03-19,5.316385703668794e-13,9.181945364348876e-13,2.0158051927972716e-12,1.4256144665868114e-12,1.5463263673783977e-12,2.5675574332916126e-12,6.544790775218685e-12,7.878744704303311e-13,0.0,1.7078596387066874e-11,0.31386932097127196,0.29796764450046315,5.529824494931509e-13,0.15077911552715825,0.23740820454511055,-2.4285577973318608e-05
2021-03-22,5.24949883766088e-13,8.975935618473829e-13,2.004143165141992e-12,1.4079091373555913e-12,1.4837991437264598e-12,2.560685730532835e-12,6.460507651902154e-12,7.912591315799027e-13,0.0,1.6034279611964144e-11,0.31136440456953596,0.295715308135817,5.299383681498968e-13,0.14626173157188,0.2466825275292688,-2.397183919681771e-05
2021-03-23,5.264004689199627e-13,9.093843899767288e-13,2.0014554846848298e-12,1.382056011152948e-12,1.4892907833077881e-12,2.5667920392813797e-12,6.463159415460775e-12,7.9460817768746e-13,0.0,1.6091686014902328e-11,0.3068075547463415,0.29992297183983907,5.148952882746511e-13,0.1416499208182049,0.2516436554638537,-2.4102900978878544e-05
2021-03-24,5.32225307630503e-13,9.145583197008731e-13,1.983726696654823e-12,1.3795123119187521e-12,1.4939794409942667e-12,2.5303409933633236e-12,6.439765296057527e-12,8.071208587965046e-13,0.0,1.6090909149271725e-11,0.31259356577158876,0.2921451416368331,5.242818272790354e-13,0.140499313480931,0.2547862277037244,-2.4248625773841635e-05
2021-03-25,5.313639991434333e-13,9.274785354351978e-13,1.9665331320294227e-12,1.3905676168868288e-12,1.4901547227026694e-12,2.527392156845677e-12,6.4295325985992365e-12,7.981859373748272e-13,0.0,1.6091008231938193e-11,0.3141306910095893,0.292864563529041,5.321854364595003e-13,0.14301858343239063,0.25001042336321505,-2.4261366920420154e-05
2021-03-26,5.347922693455521e-13,9.147717807934704e-13,1.9756797466493658e-12,1.398133048421478e-12,1.4531936657560534e-12,2.526356191833757e-12,6.378845522680111e-12,7.883866252975473e-13,0.0,1.5904119132243065e-11,0.3095772955021409,0.29281904183950586,5.378296541673905e-13,0.14245367315386503,0.25517420378636674,-2.4214314290682027e-05
2021-03-29,5.289892399507754e-13,8.805044208421868e-13,1.93348201665629e-12,1.36730718736569e-12,1.4387403753206423e-12,2.4031440052279807e-12,6.495181208353336e-12,7.819324790862909e-13,0.0,1.5944068984245594e-11,0.31634084932883133,0.2925193090674183,5.383301731954953e-13,0.14059010471149572,0.25057356414970955,-2.3827289766662996e-05
2021-03-30,5.160199760279495e-13,8.556050696216081e-13,1.880648892202125e-12,1.3191633379193476e-12,1.4086642628059888e-12,2.3042815525301605e-12,6.382027966783104e-12,7.659633726554555e-13,0.0,1.5500770727181685e-11,0.325512684345052,0.29330229586518974,5.161641801057076e-13,0.13839773239227557,0.24281063079737336,-2.3343431340091286e-05
2021-03-31,5.858320958847896e-13,9.09764197843537e-13,1.9264691068195967e-12,1.4742952506124285e-12,1.5715875014039021e-12,2.5008164042916156e-12,6.9177727836449275e-12,7.92841994707372e-13,0.0,1.6781129003580165e-11,0.30000510449385337,0.3000051044983123,5.414437450948598e-13,0.15293325090111967,0.24707355508199136,-1.7015009278617837e-05
2021-04-01,5.840585554706554e-13,9.028535713668629e-13,1.923878733187043e-12,1.4793549605413136e-12,1.558860345383093e-12,2.5127993141335137e-12,6.7935981090169555e-12,7.841425653533683e-13,0.0,1.7023585889238418e-11,0.2996102790654934,0.2963562971292227,5.344082212380417e-13,0.15267523932865606,0.25137527732494686,-1.7092882416480172e-05
2021-04-02,5.795766461049081e-13,8.836983931537992e-13,1.8690569097581826e-12,1.4598363602877025e-12,1.5182853712325564e-12,2.455766053855293e-12,6.803527405739627e-12,7.8055501279818e-13,0.0,1.64197891451303e-11,0.295819142530954,0.2968427318642414,5.224114826801505e-13,0.1539390622576232,0.25341587424428197,-1.681093039304612e-05
2021-04-05,5.913114972147897e-13,8.904069327249871e-13,1.88940476684143e-12,1.4902597980777458e-12,1.5335165849090758e-12,2.4512148535191846e-12,6.793660571728028e-12,7.868418917499674e-13,0.0,1.646054860519602e-11,0.30249939813455173,0.2872372503905082,5.390468624725991e-13,0.15784450292465294,0.25243573106603223,-1.6882549171281155e-05
2021-04-06,5.92683089477148e-13,8.879676078523965e-13,1.9092430625616655e-12,1.5029666742149358e-12,1.5033909097188888e-12,2.4631034025248293e-12,6.756992259702325e-12,7.857157214848252e-13,0.0,1.686400783193929e-11,0.30681906611659127,0.28294771048022344,5.251337977465965e-13,0.1563545496038574,0.2538955057107567,-1.6831945219806317e-05
2021-04-07,5.990789557099448e-13,9.069021778314807e-13,1.942007803711249e-12,1.5327339276198138e-12,1.522365219659313e-12,2.4401514552294293e-12,6.7976062725565356e-12,8.044573756975166e-13,0.0,1.7144533951939997e-11,0.3079182433048019,0.28048506540843277,5.286329236170519e-13,0.15862997105980842,0.2529836918892121,-1.6971696473535664e-05
2021-04-08,6.034672791387544e-13,9.069035798661684e-13,1.984402753006097e-12,1.54231176207401e-12,1.5642339839339212e-12,2.5121466753897318e-12,6.8563419762067145e-12,8.007135422272878e-13,0.0,1.6917631810452685e-11,0.3040374694372137,0.28984358094704676,5.349596872649858e-13,0.16134438550698085,0.244791694846424,-1.7130771888555162e-05
2021-04-09,6.014720187365466e-13,9.224871137953422e-13,2.006789456162255e-12,1.5523154825669402e-12,1.5879063892108225e-12,2.5859751683487327e-12,6.8924535637945286e-12,8.081552338906666e-13,0.0,1.7692246939062865e-11,0.2961669771546147,0.29565103663252784,5.383915406231213e-13,0.16439126299673024,0.24380798933507156,-1.7266154132500153e-05
2021-04-12,6.032448898005073e-13,9.323260345885384e-13,2.0814276871569045e-12,1.5721822534578126e-12,1.5770916833182503e-12,2.5810675807052976e-12,6.874823716779744e-12,7.90438977293653e-13,0.0,1.7959051110593114e-11,0.2911289227231567,0.30199950044916096,5.450353394911453e-13,0.16280624355896495,0.24408265485771993,-1.7321624519289038e-05
2021-04-13,6.110872736854609e-13,9.37332401568013e-13,2.077437664696197e-12,1.5647862316996424e-12,1.5754728943306582e-12,2.5591939588763128e-12,6.666890920478514e-12,8.117882251021804e-13,0.0,1.8037227010924037e-11,0.29033668754390096,0.2977313713734233,5.423188431309234e-13,0.15779495343894506,0.25415426997985163,-1.728237150443763e-05
2021-04-14,5.868955412766984e-13,9.013596996986715e-13,2.0092585667144875e-12,1.5431712827350886e-12,1.5314015466342615e-12,2.4478226339027437e-12,6.589293088797916e-12,7.971794208317035e-13,0.0,1.7726764588166725e-11,0.2931536051374841,0.3000742951365612,5.208255199011532e-13,0.15792968969691862,0.24885920072416995,-1.6790729787845447e-05
2021-04-15,5.902108211642609e-13,8.867690255401815e-13,2.0075401995264773e-12,1.530334241053298e-12,1.548415671063178e-12,2.484090954963762e-12,6.411884122866379e-12,7.978294388214625e-13,0.0,1.769635671386997e-11,0.2969738036349569,0.3022261557228796,5.246117769545052e-13,0.1573532887556195,0.2434635548529395,-1.680300087352988e-05
2021-04-16,5.835027884390031e-13,8.92466029987292e-13,2.0065127138414212e-12,1.5268433236735673e-12,1.5394196017647352e-12,2.4727966789779805e-12,6.498506819408941e-12,7.935792814659282e-13,0.0,1.789118150285115e-11,0.2958421402483812,0.3022450005933443,5.391667268194495e-13,0.15722983477942468,0.24469981093533055,-1.6786591224788353e-05
2021-04-19,5.783782440078405e-13,8.926278539840901e-13,2.0246418740219337e-12,1.503302059407068e-12,1.54702542064281e-12,2.4822405185925423e-12,6.518721715501219e-12,8.073185154828225e-13,0.0,1.8349774862249557e-11,0.2918589246699936,0.30375402054115797,5.414355842769337e-13,0.15459201091626054,0.24981186707149186,-1.682323414926942e-05
2021-04-20,5.90244603724159e-13,8.912374337216411e-13,2.0329174839624227e-12,1.5027593898158456e-12,1.5316230133767416e-12,2.4212171294241646e-12,6.448606537764768e-12,7.904347945669203e-13,0.0,1.8295763852477913e-11,0.2898960508079593,0.30796893711374734,5.302129048793066e-13,0.15227337128837806,0.24987843686712025,-1.6796112240002472e-05
2021-04-21,5.91990808786638e-13,8.897907032745391e-13,2.0248345361983883e-12,1.494162221742968e-12,1.5289365212308257e-12,2.41156463293678e-12,6.31747991693511e-12,7.85810867308885e-13,0.0,1.820076947202964e-11,0.28579514765573416,0.3191072001878813,5.264733283106443e-13,0.14743975030698364,0.24767458215877353,-1.66803441444184e-05
2021-04-22,5.969519655692349e-13,9.080152570964632e-13,2.0190184895270145e-12,1.4722376306886671e-12,1.5496180036145891e-12,2.377409609380944e-12,6.303081692808247e-12,7.858051554307226e-13,0.0,1.8463698796880213e-11,0.2836892527441231,0.3188314941213581,5.283407305651148e-13,0.14840720937522187,0.24908877841193572,-1.6734687642816592e-05
2021-04-23,5.971700606647443e-13,9.123731638835726e-13,2.0201118356397772e-12,1.4744906192466457e-12,1.5143302281761946e-12,2.370383023331069e-12,6.3212242427338795e-12,7.911096803949901e-13,0.0,1.8211215802225124e-11,0.28008102977400456,0.32061305096427756,5.36092541096129e-13,0.14680926283760037,0.25251332521035663,-1.666882098764976e-05
2021-04-26,6.007850321963898e-13,9.156992914478433e-13,2.0254546255513174e-12,1.4945044220735534e-12,1.5279123985021004e-12,2.4517938578185093e-12,6.280100376163802e-12,8.009656343660673e-13,0.0,1.8057876847022406e-11,0.28147840600804186,0.32302501470493566,5.664739161318904e-13,0.1470852671220756,0.2484280589933889,-1.674686316359612e-05
2021-04-27,6.05532501263711e-13,9.012556253419228e-13,2.0343019809425433e-12,1.502843009131708e-12,1.5510235883965394e-12,2.4959285907764073e-12,6.271608869717535e-12,8.036592691829768e-13,0.0,1.7840543419088773e-11,0.28447322021118965,0.3178640631501564,5.65532377456037e-13,0.14523957850787547,0.2524399705323624,-1.6832436156155427e-05
2021-04-28,6.188230665182755e-13,8.93718792715319e-13,2.0033821025606683e-12,1.5080929641166736e-12,1.5590160517024479e-12,2.515414256394429e-12,6.2651216191473656e-12,8.054191578157176e-13,0.0,1.8221083200216458e-11,0.27688241384811835,0.3175164975807839,5.705987961006621e-13,0.14355645753038618,0.26206154168222795,-1.6910676476945626e-05
2021-04-29,6.090619570948758e-13,8.845889154426782e-13,1.9957103234852675e-12,1.4832667994561075e-12,1.509242292964027e-12,2.477352597547851e-12,6.290779619848271e-12,7.938528978614108e-13,0.0,1.830578160767363e-11,0.27276973243893343,0.3117875509878362,5.666635650576e-13,0.14419381337236567,0.2712656442920912,-1.6741126142718363e-05
2021-04-30,5.858357767504681e-13,9.097699140202964e-13,1.9264812110966852e-12,1.4743045138174082e-12,1.5715973759098149e-12,2.5008321172737748e-12,6.91781624898694e-12,7.928469762454396e-13,0.0,1.678123444178034e-11,0.30000698946823473,0.3000069894726936,5.414471470622701e-13,0.1529342118023033,0.2470751074799828,-2.329825721657526e-05
2021-05-03,5.884182363175541e-13,8.98776191224609e-13,1.8983766872330932e-12,1.4408571847041133e-12,1.6078801531829913e-12,2.4365620886741884e-12,6.794710514097486e-12,7.879075417275325e-13,0.0,1.682639039741696e-11,0.30509197716257025,0.2989556791734416,5.250891327286175e-13,0.1504097623082281,0.2455655896909978,-2.3008369042900962e-05
2021-05-04,5.990444533845817e-13,8.84798864049197e-13,1.9203410410497794e-12,1.4418572931329418e-12,1.622067088160006e-12,2.4301880015287815e-12,6.708859836395658e-12,7.952913729278512e-13,0.0,1.705973621233382e-11,0.3046697649481473,0.2955939896674722,5.101654999690869e-13,0.1524889077627851,0.2472703079976848,-2.2970410061736498e-05
2021-05-05,5.880784955097485e-13,8.718461249089658e-13,1.893066459422679e-12,1.404316060344506e-12,1.591257681893677e-12,2.373009680109499e-12,6.6108225051335e-12,7.798303051218367e-13,0.0,1.7436534948018368e-11,0.3080551656045862,0.28909748189366635,5.080258190665608e-13,0.15228064952612436,0.2505894559860184,-2.2753044451924435e-05
2021-05-06,5.862916140744357e-13,8.856795042003492e-13,1.890879869600606e-12,1.3894584097074046e-12,1.6130306025044587e-12,2.4240328235356675e-12,6.8752177000738325e-12,7.703548792927116e-13,0.0,1.7412080194117056e-11,0.31352718077678793,0.2833502842809916,4.992945605675385e-13,0.1508947004890136,0.25225069058757427,-2.285616871368831e-05
2021-05-07,5.745325609031435e-13,8.79054113215159e-13,1.885020800701386e-12,1.3794259006767567e-12,1.6217599991260889e-12,2.402969183006768e-12,6.668205878659705e-12,7.743284715167204e-13,0.0,1.741376951304592e-11,0.31707690967975266,0.28159851418931303,4.795073110386253e-13,0.14633523813683735,0.2550118677174278,-2.252975740918775e-05
2021-05-10,5.744549701527464e-13,8.810759726237458e-13,1.903355841110822e-12,1.3925992055370053e-12,1.6298200548656313e-12,2.4003923024617692e-12,6.650930850468719e-12,7.850441461920083e-13,0.0,1.7374086885547207e-11,0.32319636969022164,0.281485090719484,4.731976694354814e-13,0.14457709693395973,0.25076400091065876,-2.2558288389150752e-05
2021-05-11,5.745255179628035e-13,8.945152602482669e-13,1.892019709339522e-12,1.3995016321685746e-12,1.6213758663774551e-12,2.399189360080129e-12,6.5341344691985085e-12,7.848624344197518e-13,0.0,1.7571581864302506e-11,0.32533376830471,0.2766278549767152,4.836637674940881e-13,0.14557680437954115,0.25248418708774206,-2.2614782863800103e-05
2021-05-12,5.75584844838431e-13,8.915707468421906e-13,1.9002379805605723e-12,1.4099730411768213e-12,1.5902207628514836e-12,2.387557583185922e-12,6.52533747162108e-12,7.89388474330712e-13,0.0,1.739912362019732e-11,0.3234255191103846,0.27485187567436065,4.779476459112737e-13,0.14498896904994385,0.25675629008276335,-2.2653951399174993e-05
2021-05-13,5.666015515227205e-13,8.903453474454104e-13,1.8547801706380395e-12,1.3930161116341225e-12,1.574994699575509e-12,2.4252424674725697e-12,6.4651297943260695e-12,7.605549204463527e-13,0.0,1.731335455368254e-11,0.32486701772231336,0.2750991101907946,4.767781559323041e-13,0.14726720612286404,0.25278918609921464,-2.2520168907346475e-05
2021-05-14,5.685162701484852e-13,8.712558356427363e-13,1.827519359875252e-12,1.3573919450619418e-12,1.56201455557551e-12,2.4119479167540898e-12,6.443592942808257e-12,7.575410850736195e-13,0.0,1.7179754671963365e-11,0.31548482142413387,0.28009480139641874,4.720129990484658e-13,0.1452748950174962,0.2591678845179077,-2.240238940795352e-05
2021-05-17,5.601684766102977e-13,8.587849578903156e-13,1.8006062372361696e-12,1.3524046288614758e-12,1.5656969924370537e-12,2.4279002294789462e-12,6.6484676212920135e-12,7.313557650166272e-13,0.0,1.6984772676858977e-11,0.31164570061461905,0.27642659826125987,4.632617298263346e-13,0.14934035140667978,0.262609680823523,-2.2331139475066408e-05
2021-05-18,5.592285100813625e-13,8.689020062583684e-13,1.7679437420367153e-12,1.3293484340347052e-12,1.521563152744728e-12,2.4019079475300187e-12,6.65146698049338e-12,7.311773854590109e-13,0.0,1.6585615646096688e-11,0.31518872444490736,0.2771036426868966,4.684871561149217e-13,0.1439716976751507,0.2637582195220123,-2.2284361852644696e-05
2021-05-19,5.563129850871472e-13,8.706903408102809e-13,1.7890482709089062e-12,1.338936594519984e-12,1.5151479624587786e-12,2.417038225812029e-12,6.5546987811549524e-12,7.477566058745984e-13,0.0,1.6980324953593664e-11,0.3144895673313818,0.2764117137464476,4.651744441037654e-13,0.1472120743859235,0.2619090598127149,-2.2415309702873788e-05
2021-05-20,5.612038461444303e-13,8.696737087079676e-13,1.7556841927537884e-12,1.3338630934478104e-12,1.4976310109528919e-12,2.424926186487678e-12,6.467830029129462e-12,7.597517951141588e-13,0.0,1.698333939816524e-11,0.3187731002950618,0.2817472821342843,4.664178406937879e-13,0.14558776713619437,0.2539143214502389,-2.2471048899675788e-05
2021-05-21,5.595779656046512e-13,8.67382973008051e-13,1.7641544228852692e-12,1.3334884963700115e-12,1.5157633952840524e-12,2.414892249531657e-12,6.487269519653921e-12,7.754370671700616e-13,0.0,1.7033072150151755e-11,0.3168949278628893,0.27983117139204056,4.612737578778913e-13,0.14472657704595165,0.25856987130596554,-2.254764005923006e-05
2021-05-24,5.579468741121255e-13,8.548551162447206e-13,1.7964583269244388e-12,1.3373984378754177e-12,1.4888094371854792e-12,2.399583817375731e-12,6.492750270402866e-12,7.936703650079872e-13,0.0,1.7281255402990725e-11,0.32390124288447536,0.27672347422047927,4.588080167206112e-13,0.1419307535665019,0.2574670539690353,-2.2524673953275826e-05
2021-05-25,5.53357953514803e-13,8.538043178976741e-13,1.8033788116581853e-12,1.3155833145818141e-12,1.4419463120095607e-12,2.3803598761380613e-12,6.468190551305978e-12,7.903541792351144e-13,0.0,1.7182618927266234e-11,0.32932627756170063,0.2763960247922015,4.5236479830914564e-13,0.13958069080081362,0.2547193495200741,-2.2342708031560987e-05
2021-05-26,5.612003802904554e-13,8.511615280349536e-13,1.8008046090392617e-12,1.3067536649114657e-12,1.4595011450292744e-12,2.4374089109999552e-12,6.500356827938436e-12,7.904324239204061e-13,0.0,1.653011946537027e-11,0.3329702786495799,0.2767556877930397,4.553389605804907e-13,0.13764766678609888,0.25264867663153634,-2.2309892947790524e-05
2021-05-27,5.585530236514133e-13,8.592671823508522e-13,1.7920403313874811e-12,1.3369644562806375e-12,1.4660759252873934e-12,2.395880130238483e-12,6.484749239883452e-12,7.826337285626892e-13,0.0,1.6930496499701855e-11,0.3365742431412695,0.27909750172547293,4.564326055951116e-13,0.13412000042886593,0.250230541457474,-2.2286786145374855e-05
2021-05-28,5.719792676165162e-13,8.637152937754251e-13,1.7709737970123576e-12,1.3548766446665626e-12,1.4870759570722331e-12,2.438689528863379e-12,6.654130323671295e-12,8.024651066293252e-13,0.0,1.7524224678560752e-11,0.33363034945974523,0.2860534515416649,4.689715329790637e-13,0.13323314522501506,0.2471056916896913,-2.2637950053406856e-05
2021-05-31,5.858380942326606e-13,9.097735129394111e-13,1.9264888319796667e-12,1.4743103459543188e-12,1.5716035929233145e-12,2.50084201020645e-12,6.917843614874457e-12,7.928501126342054e-13,0.0,1.67813008259336e-11,0.30000817625279674,0.3000081762572557,5.414492889494189e-13,0.1529348167880801,0.24707608487362195,-2.7254205756886644e-05
2021-06-01,5.953062622182006e-13,8.935142917768975e-13,1.9052451880954055e-12,1.4429914701828973e-12,1.5783687771447923e-12,2.5367233019652244e-12,7.023335559205127e-12,8.008755710012938e-13,0.0,1.6568736594326157e-11,0.2898442314963271,0.30814192584201494,5.421061696157741e-13,0.15051465986319043,0.2515262328504946,-2.705008591410306e-05
2021-06-02,5.913212861627655e-13,8.994773538278484e-13,1.9065929023276244e-12,1.4573484561121524e-12,1.5813023306323754e-12,2.4961650901234674e-12,7.049406948176998e-12,8.149859673141435e-13,0.0,1.6814537741300605e-11,0.28573653522800074,0.30887760603281483,5.377018083671068e-13,0.15300303750454958,0.25240993404858797,-2.7112848101904694e-05
2021-06-03,6.047857132395754e-13,9.240887881285889e-13,1.9519526090897705e-12,1.4856437745096845e-12,1.5875330029277344e-12,2.536735779662656e-12,7.112904657772071e-12,8.242708561406705e-13,0.0,1.6830515580097558e-11,0.28122820320944386,0.31042467555883885,5.484228716018044e-13,0.15171168374294827,0.25666298258826786,-2.7545133905549854e-05
2021-06-04,6.138028944318604e-13,9.30893598622827e-13,1.980762674200533e-12,1.4879752191653046e-12,1.6054130892020104e-12,2.506036115914958e-12,7.03118130132223e-12,7.900709682181898e-13,0.0,1.7185647150023924e-11,0.27795514361268026,0.30826738060173636,5.397376390313899e-13,0.15236850038748348,0.26143643271934475,-2.7457355916234637e-05
2021-06-07,6.052712392969358e-13,9.37215502908122e-13,1.980108037581891e-12,1.4939228036493362e-12,1.6187556526310963e-12,2.5068641849907267e-12,7.0408594863054806e-12,7.898875462459388e-13,0.0,1.7346842682387793e-11,0.2797544866988819,0.30254077125540074,5.377347540659651e-13,0.1553234086033133,0.2624088569015707,-2.752349402409788e-05
2021-06-08,6.092508884982885e-13,9.54326501137763e-13,2.0031095724847737e-12,1.4961580021959656e-12,1.609442419001415e-12,2.425975064641258e-12,7.0284597301963995e-12,7.866640842664163e-13,0.0,1.7315752704355467e-11,0.2784774339357369,0.29365366360689327,5.292304967721673e-13,0.15678314315208178,0.27111328671862556,-2.75274480959355e-05
2021-06-09,6.002453205349976e-13,9.442366135858295e-13,1.9957464808966215e-12,1.4618028994022313e-12,1.5943662029569245e-12,2.369946234538604e-12,7.013029857337472e-12,7.775691093051368e-13,0.0,1.6872485199564553e-11,0.2778364814860499,0.29985443674072104,5.128371479189337e-13,0.15370800818626357,0.2686282137327772,-2.7140179953824412e-05
2021-06-10,6.055058438376186e-13,9.40159278080013e-13,1.937377276743453e-12,1.4866866916406982e-12,1.6114066917924032e-12,2.3203912730655003e-12,6.965932897374013e-12,7.960560560420734e-13,0.0,1.7145272149974503e-11,0.2774898936598398,0.3007656187477755,5.125115718389731e-13,0.15713216665219826,0.26463949164868,-2.7170742814919945e-05
2021-06-11,6.014269519174343e-13,9.506386671524637e-13,1.9382690631323233e-12,1.511656052351049e-12,1.5998573060519083e-12,2.3211380621265732e-12,6.886474047197909e-12,7.970001311946967e-13,0.0,1.703491253961136e-11,0.27135335903420477,0.30464905536521747,5.195877682193169e-13,0.15237091154776986,0.27165386335755115,-2.7189338904157782e-05
2021-06-14,6.208094065803692e-13,9.591306747542928e-13,1.941198807724471e-12,1.5739264600452843e-12,1.5876874537341025e-12,2.3416513990211604e-12,6.962575598805712e-12,8.192025527345404e-13,0.0,1.705003380411299e-11,0.26950433807090557,0.3055428737221007,5.148918801656927e-13,0.15384662259070234,0.27113357881738703,-2.7413235466716824e-05
2021-06-15,6.099690763958832e-13,9.68045554572398e-13,1.9243228783143387e-12,1.5458971990269602e-12,1.579242802083109e-12,2.3360779186114784e-12,6.776563942343083e-12,8.204202801669693e-13,0.0,1.744772564050015e-11,0.27094465058580613,0.3025461822096382,5.066095518078219e-13,0.1530875704220089,0.2734489114960647,-2.73147480328331e-05
2021-06-16,6.106904004342516e-13,9.673204014140592e-13,1.9283863194458816e-12,1.5375057140182635e-12,1.5750777067284144e-12,2.2771739590347974e-12,6.876546709200581e-12,8.252301211815347e-13,0.0,1.7991926567489784e-11,0.27178967428814993,0.29777539972466993,5.151292300623869e-13,0.1544738267428384,0.2759884474204197,-2.734821118296514e-05
2021-06-17,6.181213324723668e-13,9.875553341972799e-13,1.9543061015823547e-12,1.5725966927700435e-12,1.5638260494196912e-12,2.3016455020491427e-12,7.151942756163091e-12,8.296950933182463e-13,0.0,1.816193757316535e-11,0.27085193387327916,0.2914366691447676,5.215631458613164e-13,0.15743132554103106,0.2803078586669211,-2.7787261661941805e-05
2021-06-18,6.277157666746901e-13,1.004724603435698e-12,2.0094207796285717e-12,1.5958373932482571e-12,1.5793674269852382e-12,2.332470351397224e-12,7.33101189141965e-12,8.607784383219745e-13,0.0,1.8502194454213715e-11,0.2770204335899979,0.2914957448496127,5.307551094694541e-13,0.15587789612367797,0.2756341770441197,-2.8251643782475416e-05
2021-06-21,6.289876787995391e-13,9.994143870021962e-13,2.0110362274713444e-12,1.593358077905045e-12,1.5585780299006272e-12,2.3281053392808997e-12,7.1999196705792646e-12,8.766577198560718e-13,0.0,1.8424241847380265e-11,0.2720323481205681,0.2939696728433364,5.270926221695827e-13,0.15424086176439283,0.2797853227837381,-2.8205548182812242e-05
2021-06-22,6.247143028966886e-13,9.975660058751528e-13,1.9757743958356e-12,1.5567310265124932e-12,1.549749337689056e-12,2.3025228644701146e-12,7.2106715180466665e-12,8.696466323629421e-13,0.0,1.7837717406131613e-11,0.27844653506122063,0.2911734969795146,5.29949505984311e-13,0.15087379344997218,0.27953417504958616,-2.8000575748599746e-05
2021-06-23,6.181543129496551e-13,1.0039929623311155e-12,1.9718947184576693e-12,1.5602347187839007e-12,1.565924083804101e-12,2.270610705912395e-12,7.1583618967918435e-12,8.770571495464419e-13,0.0,1.783662072412442e-11,0.2817057681182501,0.2912708671126261,5.491917187887281e-13,0.14639390447673958,0.28065750650971966,-2.8046252747537362e-05
2021-06-24,6.016782074098905e-13,9.673216030333968e-13,1.9556420321212753e-12,1.5449334222528737e-12,1.542778149638347e-12,2.2418219745707152e-12,7.373328634134198e-12,8.639947080302589e-13,0.0,1.7458775362413786e-11,0.2798841608881585,0.28686168046768257,5.391652953093059e-13,0.14956343565751185,0.28371844192987955,-2.7718978322024593e-05
2021-06-25,6.056855902560638e-13,9.498533752902814e-13,1.958575225388746e-12,1.6015111027014894e-12,1.5468800269923247e-12,2.2860406998823847e-12,7.558379671659333e-12,8.714946290118414e-13,0.0,1.689342765135612e-11,0.284582312789919,0.28452555247149564,5.439156307877948e-13,0.14699670495509087,0.2839232918151646,-2.7862066485929316e-05
2021-06-28,6.047545438964937e-13,9.506957235436045e-13,1.931521825367542e-12,1.6206247961315557e-12,1.5329910643020543e-12,2.233135611083169e-12,7.534539967446891e-12,8.704741877376994e-13,0.0,1.7222868811710717e-11,0.28304712745998045,0.2835131437542407,5.325831376398263e-13,0.14897161547375126,0.28449591813864605,-2.7804861652735727e-05
2021-06-29,5.985850620003967e-13,9.265587593818208e-13,1.949476195912658e-12,1.5879380155222488e-12,1.512628810648054e-12,2.2296700478352095e-12,7.367746829376682e-12,8.468903538268051e-13,0.0,1.7310968374093834e-11,0.27887192127118593,0.29573981830021023,5.201968148662803e-13,0.14560847301297647,0.2798074127483206,-2.762536754389744e-05
2021-06-30,5.858342877843306e-13,9.097676017398782e-13,1.9264763147325475e-12,1.4743007667101392e-12,1.5715933815220234e-12,2.500825761133563e-12,6.917798666595171e-12,7.92844961137543e-13,0.0,1.6781191790425096e-11,0.3000062269674349,0.30000622697189383,5.41445770914723e-13,0.15293382310316322,0.24707447951138975,-2.075658788374663e-05
2021-07-01,5.904229992373791e-13,9.16011556814177e-13,1.9380320549011852e-12,1.4832416233203661e-12,1.5856315031336569e-12,2.5144825939770143e-12,7.032623146804798e-12,8.078721472539199e-13,0.0,1.7348903382112045e-11,0.2993389379089368,0.295874959402217,5.526496131526295e-13,0.15275866460037227,0.25204847226721466,-2.1034213510480382e-05
2021-07-02,5.766021930563572e-13,9.282825920060699e-13,1.9508105196696935e-12,1.4567921605092054e-12,1.5562143913796194e-12,2.5669100950578172e-12,6.9588422689546094e-12,7.979103015325959e-13,0.0,1.7246509699075668e-11,0.29810604893223774,0.29932389004031223,5.388854375144589e-13,0.14847719185808078,0.25411388410646374,-2.1014971672426933e-05
2021-07-05,5.833903981439622e-13,9.15593102524841e-13,1.978122936513494e-12,1.460809237447506e-12,1.580562179864894e-12,2.5707099548361894e-12,6.738205121759434e-12,7.981346152967762e-13,0.0,1.7049793137152254e-11,0.2969814122068148,0.2991966857980601,5.128011702278553e-13,0.15339616853032903,0.25044679131115477,-2.1057880546755467e-05
2021-07-06,5.867014389664399e-13,9.156328679361347e-13,2.006886067938525e-12,1.4690494141921082e-12,1.5776394927476912e-12,2.5438950051097806e-12,6.817992786194733e-12,7.777981513183551e-13,0.0,1.6778288838173225e-11,0.3033594656908358,0.300372234564353,5.192342506845839e-13,0.15381913148468626,0.2424702407396487,-2.1072513516815483e-05
2021-07-07,5.691633487500301e-13,9.01664668592634e-13,1.966498939975563e-12,1.4564071046887665e-12,1.5507599319308681e-12,2.457597427437924e-12,6.59789913665463e-12,7.619939632007488e-13,0.0,1.6840580390025186e-11,0.2989106470144145,0.2999551086693927,4.939319375420459e-13,0.1539112401984246,0.2472436101868794,-2.060610270763699e-05
2021-07-08,5.587791940015824e-13,9.034246631662151e-13,1.955151173526623e-12,1.4223737348211831e-12,1.551109976023424e-12,2.469707227598282e-12,6.507275479353602e-12,7.702112888563182e-13,0.0,1.6358113076596364e-11,0.29790697858337817,0.2984243946449043,4.850414082921974e-13,0.15532597264836207,0.24836313581425348,-2.048172387929747e-05
2021-07-09,5.613989185024544e-13,8.992642366288647e-13,1.961308211313451e-12,1.4104236239758317e-12,1.5845887043168792e-12,2.4360387974845424e-12,6.670575930992454e-12,7.68131075709616e-13,0.0,1.6652954186386104e-11,0.29758621332423013,0.30177547645173175,4.939405788621076e-13,0.15580941941723764,0.24484929898933597,-2.040821597421572e-05
2021-07-12,5.597128084436352e-13,8.884064934369227e-13,1.952015214788918e-12,1.359037326193573e-12,1.574076380489152e-12,2.387176918536922e-12,6.737957733756338e-12,7.656800832539979e-13,0.0,1.6579660169459988e-11,0.28931217898209255,0.30637791725145747,5.051735855950913e-13,0.15508123347166414,0.24924882734309894,-2.0157081622186576e-05
2021-07-13,5.550905456350654e-13,8.7871063911107e-13,1.9473306075556134e-12,1.3619766946843745e-12,1.5621832546177523e-12,2.3970101701829014e-12,6.747361476313128e-12,7.528127878559265e-13,0.0,1.675740852693326e-11,0.2893568895897477,0.31152591493646314,4.931225663526296e-13,0.15600731188371478,0.24312997825664903,-2.009470002776094e-05
2021-07-14,5.450431162989875e-13,8.664390904462543e-13,1.9128759578869708e-12,1.3431677547089053e-12,1.5463663440924688e-12,2.4045264494616605e-12,6.66781969756785e-12,7.304114119017964e-13,0.0,1.6417307357354626e-11,0.2869498442567784,0.3115659947893677,4.912273376392623e-13,0.15795622351194177,0.24354787430599226,-1.9936897005345585e-05
2021-07-15,5.416108180308931e-13,8.87212468260382e-13,1.920553580993452e-12,1.3434989753934996e-12,1.5675490031760605e-12,2.417032283319783e-12,6.7173158566356796e-12,7.577546685791123e-13,0.0,1.6370836084713575e-11,0.2881063179771438,0.31788367236266335,4.792976471651942e-13,0.15264031350094806,0.24138966603975398,-1.9969913511837113e-05
2021-07-16,5.275381550368793e-13,8.739589893181243e-13,1.910395937214396e-12,1.3156387511607098e-12,1.5240567963940215e-12,2.3936048745626466e-12,6.723846213979415e-12,7.317803897378501e-13,0.0,1.640503683305671e-11,0.2895048480603724,0.3210408153312316,4.926433721923106e-13,0.15008111602345342,0.23939297262324521,-1.9752071201291763e-05
2021-07-19,5.163238616296237e-13,8.588005994740131e-13,1.9083442224860082e-12,1.272920411874167e-12,1.482057708209347e-12,2.393837776479199e-12,6.698982105600667e-12,7.154957273288857e-13,0.0,1.620919876232626e-11,0.29146225061495246,0.3159521293473305,4.929506616149166e-13,0.15462397855037416,0.2379810461474956,-1.940469270182824e-05
2021-07-20,5.145242548672344e-13,8.616882183516513e-13,1.8934182117078962e-12,1.3027332369392702e-12,1.479600303280792e-12,2.3763771556783723e-12,6.598402302701143e-12,7.238921641392323e-13,0.0,1.6024669444650496e-11,0.29310364466029026,0.3067933016759453,4.927641269779207e-13,0.15534048250001073,0.24478189534930622,-1.932421782061341e-05
2021-07-21,5.119513121234507e-13,8.525175714424883e-13,1.8795300157871622e-12,1.2858179678235556e-12,1.5072463216004993e-12,2.4294686654141664e-12,6.643272998976952e-12,7.382568038835554e-13,0.0,1.604188454926156e-11,0.29227598830061186,0.30598407737262107,4.806523212271713e-13,0.15650447573800733,0.24525482334328025,-1.9364786891211777e-05
2021-07-22,5.178400825375133e-13,8.571289349444857e-13,1.8846465984075336e-12,1.2787162802677498e-12,1.5154215534772814e-12,2.4636735972715143e-12,6.57087245054488e-12,7.425934181705878e-13,0.0,1.593748270680274e-11,0.290858972864099,0.30863101422976835,4.733452366614756e-13,0.1582578866346975,0.24227157294985793,-1.9446710664643035e-05
2021-07-23,5.231577303329779e-13,8.776339217826948e-13,1.8676597916030073e-12,1.2869515521945711e-12,1.5025551102127394e-12,2.4974670092211305e-12,6.4612428866942745e-12,7.479667375887508e-13,0.0,1.589393339252748e-11,0.28614925753352466,0.31307951060557854,4.666605248268864e-13,0.15994380323059937,0.24084687583749653,-1.9447239324402667e-05
2021-07-26,5.250638607678138e-13,8.831289734576619e-13,1.8611655869745058e-12,1.296269292634645e-12,1.537895233289684e-12,2.4846028120144863e-12,6.5955755446859675e-12,7.676076910447648e-13,0.0,1.5612553429891295e-11,0.2889902252312269,0.3117535544865824,4.84398861731793e-13,0.16086146559811101,0.23841429000215617,-1.9535350124911145e-05
2021-07-27,5.212148030000076e-13,8.960622875543719e-13,1.856351300592822e-12,1.3016295639170482e-12,1.5614400842324937e-12,2.4782836001039116e-12,6.615981230901904e-12,7.703010105274319e-13,0.0,1.5815553291269673e-11,0.28906311436444965,0.31329226666323834,4.831106504100494e-13,0.157145230999969,0.24051898865909097,-1.9600719048191088e-05
2021-07-28,5.261124237034051e-13,8.806742639166103e-13,1.825626710705335e-12,1.2780028013758164e-12,1.5622360917079457e-12,2.472118221912252e-12,6.547944398110461e-12,7.54098081964076e-13,0.0,1.530694163865501e-11,0.28740215523854795,0.31534709027944546,4.687320521875516e-13,0.15154228752290586,0.24572790050649554,-1.9433579017337147e-05
2021-07-29,5.195716598623429e-13,8.848643622960752e-13,1.810498192258794e-12,1.2672004858717892e-12,1.5602217943836753e-12,2.4280925841316437e-12,6.516865429972807e-12,7.451512354582966e-13,0.0,1.528803272094035e-11,0.2843425293504637,0.31250482298448007,4.558682926489193e-13,0.15494823488681908,0.24822371245687888,-1.9299710118245893e-05
2021-07-30,5.858290487627677e-13,9.097594658349265e-13,1.9264590865655324e-12,1.4742875822761315e-12,1.5715793270158505e-12,2.500803396652069e-12,6.917736801837273e-12,7.928378708529111e-13,0.0,1.678104171893308e-11,0.30000354406012675,0.30000354406458557,5.414409288525083e-13,0.1529324554406456,0.2470722699641632,-1.1813563522735682e-05
2021-08-02,5.834022604282876e-13,8.941575732645155e-13,1.9114152000222882e-12,1.4653413060874003e-12,1.5606397913176839e-12,2.4766596061844625e-12,6.7978423631187664e-12,8.165064311011855e-13,0.0,1.6437592034398144e-11,0.3069339103904724,0.2972602792328459,5.413678968128477e-13,0.15239464075812031,0.24342294850846893,-1.1778923392373892e-05
2021-08-03,5.808400866704434e-13,8.831813227702534e-13,1.8759011149509607e-12,1.4239609374277726e-12,1.5229418706052018e-12,2.3920078146240717e-12,6.7079071499644924e-12,7.919356594360969e-13,0.0,1.656362600398762e-11,0.30873828627641936,0.2931610442762332,5.333923892417589e-13,0.15553232906768744,0.24257995723762313,-1.161689123864139e-05
2021-08-04,5.781356219850525e-13,8.69096836650656e-13,1.8810381213244665e-12,1.435380545217259e-12,1.5090659699875269e-12,2.3975216628301253e-12,6.665691164491139e-12,7.887917865047969e-13,0.0,1.64850114273505e-11,0.31318210444275674,0.289675944245168,5.33230002751204e-13,0.15320744668524414,0.24394610101401817,-1.159642032997871e-05
2021-08-05,5.79994466207761e-13,8.653970038659218e-13,1.918267134413084e-12,1.4584465193608617e-12,1.5060468131084846e-12,2.4258841614226907e-12,6.750569905533224e-12,8.003246539029249e-13,0.0,1.6835042949239895e-11,0.31201750228782954,0.28953589687253395,5.610319194634939e-13,0.1549189187753678,0.2435393372696724,-1.1655239104580417e-05
2021-08-06,5.642997840260477e-13,8.720150141651668e-13,1.87849390380115e-12,1.4326144934915263e-12,1.4906171881575447e-12,2.454574855116268e-12,6.7787852280254184e-12,7.936147731681754e-13,0.0,1.6576386447051924e-11,0.3108225830210655,0.28814047462793113,5.671293158199074e-13,0.1567031345612901,0.2443453865871342,-1.1578830829421398e-05
2021-08-09,5.612608168668229e-13,8.768575927583562e-13,1.8730399198226566e-12,1.412169673695263e-12,1.4805634669198606e-12,2.4527439639519885e-12,6.8496974192007966e-12,7.901493894812303e-13,0.0,1.6562537516492266e-11,0.31086850128871457,0.2885643587690788,5.753400519557658e-13,0.15935559267415147,0.2412231009750904,-1.1553740469473607e-05
2021-08-10,5.604881265583795e-13,8.715286098045699e-13,1.895714624452788e-12,1.4421785795521748e-12,1.4816587846916044e-12,2.456430974957706e-12,7.017687821879023e-12,7.995250192433282e-13,0.0,1.6333314686556112e-11,0.3157790248009166,0.28540129865235325,5.666101770341139e-13,0.1591155898322325,0.2397156897665173,-1.1603085444486736e-05
2021-08-11,5.526978079262084e-13,8.486810119905699e-13,1.892786305403416e-12,1.4436740539856674e-12,1.4296645915852657e-12,2.4581657759157497e-12,6.859986813010523e-12,7.998176483397858e-13,0.0,1.6151409423481942e-11,0.31119623955882353,0.2878798363025407,5.479202562006224e-13,0.15903241260557507,0.24190297504151648,-1.1463541440451039e-05
2021-08-12,5.59097340189377e-13,8.728264656303104e-13,1.891078338406025e-12,1.4666266076297452e-12,1.434808607240553e-12,2.5093219181494767e-12,6.893227031899391e-12,7.993821190614207e-13,0.0,1.6108922895321688e-11,0.30561800987804344,0.2868236775892819,5.567052763179632e-13,0.16390402166264806,0.24366580687705108,-1.1516040116222652e-05
2021-08-13,5.689882180304751e-13,8.653052530609727e-13,1.891871500439622e-12,1.4694585986349673e-12,1.4403875870506431e-12,2.5253797121121813e-12,6.99467311546855e-12,7.98611957380206e-13,0.0,1.618504520977786e-11,0.30267958747599333,0.28784445811478554,5.583650133067884e-13,0.16431707549942487,0.2451704521934329,-1.1573316934493221e-05
2021-08-16,5.712677963990274e-13,8.643771659825e-13,1.9242839445602194e-12,1.4546382533190638e-12,1.4326337128563657e-12,2.624352169094808e-12,6.9205634684097205e-12,7.860267751151936e-13,0.0,1.5718933910852674e-11,0.3026040935630799,0.29933553866557094,5.45207392407852e-13,0.1589651399395195,0.239106836878498,-1.1609079510498065e-05
2021-08-17,5.755231482285659e-13,8.733427515862778e-13,1.9117735146265186e-12,1.4646536034730051e-12,1.4554888094997125e-12,2.6821001444110715e-12,6.891631419318695e-12,7.597645169785453e-13,0.0,1.560274097480474e-11,0.30111059541645696,0.298172964758184,5.555232903764037e-13,0.16254733627231896,0.2381806983497738,-1.1594829506107194e-05
2021-08-18,5.744382210336944e-13,8.658909621717173e-13,1.889993037656511e-12,1.4620472675851848e-12,1.4392486461481141e-12,2.7198283454351383e-12,6.676983953629605e-12,7.452130101924426e-13,0.0,1.552243171051084e-11,0.30364861641728563,0.2945246770906931,5.352739914479884e-13,0.16309855844754784,0.23873959984510945,-1.1451833067147625e-05
2021-08-19,5.629080783120648e-13,8.643589822365758e-13,1.854383989363865e-12,1.4484714779509838e-12,1.4211247941592573e-12,2.7435993063955276e-12,6.676881153024356e-12,7.304973205724708e-13,0.0,1.515426006864994e-11,0.30482090147571933,0.2900608079357328,5.310859518757049e-13,0.16436748825318773,0.24076223172373176,-1.1429420359045878e-05
2021-08-20,5.751252158572775e-13,8.714020697726865e-13,1.87729548033086e-12,1.454234942387886e-12,1.4371898801729012e-12,2.784171625313843e-12,6.728911771882108e-12,7.183493124910299e-13,0.0,1.5380452144823456e-11,0.30425131966812247,0.28640965821032144,5.499017992748105e-13,0.16738621030670284,0.24196434132029912,-1.15295378227345e-05
2021-08-23,5.798967442203023e-13,8.808092061921395e-13,1.940442710729949e-12,1.48468851858397e-12,1.4552182857263395e-12,2.8566995441486458e-12,6.784194288007761e-12,7.478912696777509e-13,0.0,1.556692786854027e-11,0.30703718789441387,0.2791190086949425,5.461059720072896e-13,0.16650679292247117,0.24734875954851396,-1.1749093184127282e-05
2021-08-24,5.857258349227228e-13,8.802862916998841e-13,1.960150437376991e-12,1.5130967217266527e-12,1.4840101390754759e-12,2.824250547720715e-12,6.862843283039599e-12,7.430405654807861e-13,0.0,1.596798830670648e-11,0.30664611008947246,0.2792297916126098,5.490110460291739e-13,0.16183826044144445,0.25229773934397476,-1.1901520871801542e-05
2021-08-25,5.910295286641491e-13,8.993233158696384e-13,1.9596060527564183e-12,1.5200016102396154e-12,1.4740152294713865e-12,2.8208035876853473e-12,6.833308897872261e-12,7.624648997023646e-13,0.0,1.6189470119668144e-11,0.3083973080315914,0.2765246784350733,5.53962788378708e-13,0.16557317522652337,0.2495168762082465,-1.2037935038441938e-05
2021-08-26,5.90292608327963e-13,8.837468469051824e-13,1.9322973922755187e-12,1.5158901318129578e-12,1.4494018081859032e-12,2.797657971025901e-12,6.745402784163949e-12,7.572728376149817e-13,0.0,1.5595034478106558e-11,0.3088122076459918,0.2789660143134767,5.404906159664036e-13,0.16344307491997953,0.2487906324417964,-1.1929354051692871e-05
2021-08-27,5.978896475543047e-13,8.710697057885682e-13,1.9259408260213207e-12,1.5197195678936387e-12,1.4711257249619355e-12,2.90580588196496e-12,6.7680298160511955e-12,7.469861745230083e-13,0.0,1.6018715796784874e-11,0.3113831649453766,0.276511741399399,5.532113169269385e-13,0.16651843001550837,0.24559866549346185,-1.200188712423704e-05
2021-08-30,5.953708156887662e-13,8.730345239107725e-13,1.9354343845308765e-12,1.506862417819042e-12,1.4534850577924706e-12,2.928950634350208e-12,6.6067834997906125e-12,7.459219009222552e-13,0.0,1.616082090119423e-11,0.30775442730279484,0.28031529427341867,5.538219623206956e-13,0.161600177562238,0.25034200687960384,-1.190605141554678e-05
2021-08-31,5.858315435833679e-13,9.097633401505848e-13,1.926467290613837e-12,1.4742938606999112e-12,1.571586019767752e-12,2.5008140466118893e-12,6.9177662618176485e-12,7.92841247244466e-13,0.0,1.6781113182935528e-11,0.3000048216598351,0.300004821664294,5.414432346411781e-13,0.15293310672115326,0.24707332214993333,-1.6072229217783956e-05
2021-09-01,5.913666278253035e-13,9.127900505875234e-13,1.9387270394260013e-12,1.4847142670193391e-12,1.5669619629124801e-12,2.5367545090766644e-12,7.008928595839496e-12,8.157802709145908e-13,0.0,1.671900629243915e-11,0.30612975733615777,0.29728045333165287,5.519423668784618e-13,0.15257384830340037,0.24403211859987572,-1.6177605213703783e-05
2021-09-02,5.913448716842139e-13,8.857287912890542e-13,1.8970962304121805e-12,1.4778530264481888e-12,1.5645118332717952e-12,2.5183465232939053e-12,6.842362003298272e-12,8.043293727631702e-13,0.0,1.6829090365482186e-11,0.3053170536154452,0.3023637053786221,5.544909154546432e-13,0.15014946403800772,0.24218590805753354,-1.613112357364372e-05
2021-09-03,5.732753378776269e-13,8.692689177606512e-13,1.886313951330525e-12,1.4634752917724184e-12,1.563426535434307e-12,2.464927527593928e-12,6.8456438682434346e-12,7.882168624296531e-13,0.0,1.6532585815719123e-11,0.3034837755942805,0.30454654436136624,5.431039345136239e-13,0.14815777267693284,0.24382775244025456,-1.5845106364459614e-05
2021-09-06,5.706409950686814e-13,8.548041772977745e-13,1.9236137612599123e-12,1.4508467290299068e-12,1.5613814427234313e-12,2.4934472048398003e-12,6.767889100813208e-12,7.745177852124794e-13,0.0,1.6022967549366343e-11,0.3011446375403926,0.3048778149212125,5.389087592635401e-13,0.1435644485884813,0.2504288879213911,-1.5789004436611137e-05
2021-09-07,5.667578127292031e-13,8.604682538762547e-13,1.903406208603571e-12,1.4251553872311056e-12,1.554481935730348e-12,2.4675651051519258e-12,6.6096672314270735e-12,7.84654280010351e-13,0.0,1.544834988131611e-11,0.3053150222269821,0.3000279475501963,5.291979795838282e-13,0.13791882907307107,0.2567538642469961,-1.5663129395215722e-05
2021-09-08,5.500524713103392e-13,8.459285816288579e-13,1.8886169252663117e-12,1.407098831284522e-12,1.5263348688783673e-12,2.3718165937236224e-12,6.424092705717084e-12,7.731222892278903e-13,0.0,1.522967934633816e-11,0.30336700409715595,0.29965380955919846,5.089249711415986e-13,0.14097745101530718,0.2560171211667417,-1.538586992915302e-05
2021-09-09,5.540536230129905e-13,8.615171161245324e-13,1.951078503942838e-12,1.394084946484446e-12,1.5334300874067462e-12,2.316592119674726e-12,6.488852083215577e-12,7.829455483211843e-13,0.0,1.5188781963203345e-11,0.2955223822691292,0.3038345557518527,5.258999393787197e-13,0.140528418911577,0.2601301380011272,-1.549496528340754e-05
2021-09-10,5.470708871068043e-13,8.674715890766349e-13,1.947263903711493e-12,1.3851130028235663e-12,1.5228525668023344e-12,2.310404464476901e-12,6.538091019993068e-12,7.702676966367844e-13,0.0,1.5216963383769917e-11,0.2909978551309327,0.3138414154567634,5.193670217701165e-13,0.1391779162276735,0.25599833982212816,-1.552666912262845e-05
2021-09-13,5.545143439207294e-13,8.694477284277784e-13,1.9212675503308316e-12,1.398139565399307e-12,1.5216564259488825e-12,2.3106365548319933e-12,6.487144616131021e-12,7.597035432099757e-13,0.0,1.5041880812170516e-11,0.2986450632920499,0.30619649857008135,5.317657699790715e-13,0.13848448117576379,0.25668942885565504,-1.5471924946300142e-05
2021-09-14,5.572557863106729e-13,8.614166908537566e-13,1.9336717330428548e-12,1.3508973775681138e-12,1.5041403245711316e-12,2.276956103822006e-12,6.359976942703683e-12,7.553399828792626e-13,0.0,1.5165584149778192e-11,0.29902374015318917,0.3019736906422451,5.338345012094803e-13,0.13844582854960197,0.26057216455292975,-1.542392926509778e-05
2021-09-15,5.667021110752535e-13,8.699288682838974e-13,1.9333214516387766e-12,1.3536876719198233e-12,1.5085238372670621e-12,2.2897160218178937e-12,6.44498034722379e-12,7.704265137612077e-13,0.0,1.5318024102959764e-11,0.30266306511746005,0.3022967630760701,5.30361415341857e-13,0.1353480773208846,0.25970766246281723,-1.556800881778e-05
2021-09-16,5.688102681805481e-13,8.631192354356798e-13,1.9270274298665142e-12,1.3600299119906116e-12,1.5171021215848947e-12,2.2566626544126674e-12,6.527925259919695e-12,7.82302853342561e-13,0.0,1.5114777547387392e-11,0.30835684456026274,0.3014168925867481,5.09505821936879e-13,0.13184782670341363,0.25839398941891634,-1.555330076799955e-05
2021-09-17,5.535085996974466e-13,8.457015655761697e-13,1.8967913648909397e-12,1.3607068951316552e-12,1.4875943023955148e-12,2.2511993679239174e-12,6.54783033865539e-12,7.855127175237607e-13,0.0,1.4422213181094884e-11,0.30574552121754156,0.301904666144234,5.007651142177134e-13,0.13389757825298823,0.25846753436024317,-1.5300005658806776e-05
2021-09-20,5.534362073253836e-13,8.503481775303139e-13,1.8933126234362712e-12,1.3146800366934802e-12,1.4706552136171225e-12,2.273567545613552e-12,6.442144380757016e-12,7.788969557161943e-13,0.0,1.474410937035732e-11,0.312439837257568,0.2958697806381395,4.994823348145076e-13,0.13156318088628755,0.2601424144827632,-1.5213295579124195e-05
2021-09-21,5.623967517626311e-13,8.670651106480998e-13,1.9217174204749227e-12,1.3744483904819463e-12,1.4689033705525203e-12,2.249204142229861e-12,6.481620990655024e-12,7.703683970061921e-13,0.0,1.468310220779308e-11,0.3113474098707191,0.2944938684519717,5.099015715616958e-13,0.1318745521141913,0.2622995520075105,-1.538247528124336e-05
2021-09-22,5.688690809522866e-13,8.629751172745599e-13,1.9221531303534928e-12,1.3845212906716215e-12,1.4387817228356289e-12,2.18736601928015e-12,6.532765857612901e-12,7.782471135848354e-13,0.0,1.4767556260529706e-11,0.3165267517140892,0.29450560088533034,5.142900635780384e-13,0.136341590849677,0.25264148261735214,-1.5426097406334806e-05
2021-09-23,5.653576437369789e-13,8.728014177955551e-13,1.908755057627231e-12,1.3966882824251488e-12,1.41361067758109e-12,2.1648198544634027e-12,6.471196344731438e-12,7.463746237054408e-13,0.0,1.4374125845372054e-11,0.31760910935302855,0.29592900133715466,5.121937080667107e-13,0.1370489133534005,0.24942824410118886,-1.5268175198559365e-05
2021-09-24,5.74563621239171e-13,8.771576195845006e-13,1.9193637987561415e-12,1.399337784664849e-12,1.4324700170961734e-12,2.1639300334451975e-12,6.5895302020006e-12,7.381277991081955e-13,0.0,1.4601965187705314e-11,0.3187896547860444,0.2951867950810334,5.229021222087808e-13,0.13624380186116256,0.24979508777729215,-1.5339536351805576e-05
2021-09-27,5.89197062572171e-13,9.016184170518873e-13,1.9756581416279918e-12,1.4117927373811188e-12,1.4716255290538994e-12,2.163756235755779e-12,6.588704123228409e-12,7.223172773637208e-13,0.0,1.458410382886945e-11,0.32207412819271536,0.29426071463247977,5.358587780458172e-13,0.1369980927096828,0.2466825863478623,-1.5521913684863065e-05
2021-09-28,5.773888982769549e-13,8.671336093175412e-13,1.910696517237586e-12,1.3445678108080598e-12,1.4114635009023253e-12,2.116714141578937e-12,6.260446836402607e-12,6.902446605632209e-13,0.0,1.4115987956911071e-11,0.3245370940885385,0.29613903121640656,5.151523766656056e-13,0.13510102935046986,0.24423798994379603,-1.5144629020816638e-05
2021-09-29,5.76337459300604e-13,8.573155005705737e-13,1.917897561914696e-12,1.347176407442019e-12,1.4095518904971182e-12,2.137204584277844e-12,6.221914081181509e-12,6.81724817200481e-13,0.0,1.4258767019267243e-11,0.31966914644337846,0.30202487974754444,5.012454662448494e-13,0.13424198809958954,0.24407918552696078,-1.519984738228571e-05
2021-09-30,5.858305892553507e-13,9.097618581330084e-13,1.9264641523708913e-12,1.474291459053991e-12,1.5715834596315039e-12,2.5008099727498104e-12,6.917754992676833e-12,7.92839955694662e-13,0.0,1.6781085846260605e-11,0.3000043329476622,0.30000433295212114,5.414423526223552e-13,0.15293285759092107,0.24707291966393516,-1.4443188641413461e-05
2021-10-01,5.932806217149302e-13,9.082382220920321e-13,1.9142812189466827e-12,1.4592326371833618e-12,1.5837802768905404e-12,2.46669047985853e-12,7.068405899918898e-12,8.120869172469338e-13,0.0,1.67281494691671e-11,0.30411131615046544,0.30465133027534497,5.322448836939959e-13,0.15103250431412885,0.24021924289841445,-1.4393672420060678e-05
2021-10-04,5.947860446660808e-13,9.131836208903997e-13,1.8839953113635724e-12,1.4498176067026629e-12,1.555982589249048e-12,2.435390729667797e-12,7.1127570694670176e-12,8.027445177275143e-13,0.0,1.6288358126587755e-11,0.3047150983387547,0.304116192327086,5.249238882335777e-13,0.1503689769882442,0.24081410410522885,-1.4371792875656327e-05
2021-10-05,5.978864944760344e-13,9.112683341012787e-13,1.9458218098783045e-12,1.4581367354781814e-12,1.574553829455538e-12,2.499401385295777e-12,7.549703639682698e-12,7.990094994588855e-13,0.0,1.632329795852447e-11,0.3060737691855725,0.30442602752206893,5.21432719808687e-13,0.15226696846071167,0.23724779069553598,-1.4555898069694959e-05
2021-10-06,6.003704004748983e-13,9.07472475279594e-13,1.945525943195e-12,1.4435761947765849e-12,1.5602663276327954e-12,2.4970586361122247e-12,7.397093587381047e-12,7.913395798186637e-13,0.0,1.602539213409803e-11,0.2942982283030064,0.30992083633074735,5.128825989521652e-13,0.15481204727814635,0.24098337197062733,-1.4483916208246614e-05
2021-10-07,5.996357562462581e-13,9.074268522896498e-13,2.021534270294884e-12,1.4889823941929863e-12,1.5770975422234707e-12,2.5333645302938277e-12,7.416501163153018e-12,8.051524103906971e-13,0.0,1.5695682557252563e-11,0.2912689362659128,0.31355769829519775,5.084409263219017e-13,0.15639004843037138,0.23879795817626773,-1.4641201303486385e-05
2021-10-08,5.963646843249144e-13,9.170740806027992e-13,2.031003964205084e-12,1.4918479415921806e-12,1.597223027752649e-12,2.554306319303345e-12,7.577303808743539e-12,8.01625723238737e-13,0.0,1.5412732521848152e-11,0.28989220630722057,0.3193805321182735,5.212250257056083e-13,0.15949440607977905,0.2312475223086488,-1.4666847422681845e-05
2021-10-11,6.019977254895629e-13,8.993324859190336e-13,2.0492155395128235e-12,1.484522996229316e-12,1.609778443583103e-12,2.5090749571558583e-12,7.692362151972746e-12,7.845313123921255e-13,0.0,1.5166081134063964e-11,0.2815186912091435,0.319740092290448,5.374995406734259e-13,0.16717267025957755,0.23158319872035757,-1.4652512860955779e-05
2021-10-12,6.055366440032422e-13,8.973039998290544e-13,2.0508461329995584e-12,1.4719870773871372e-12,1.6063161400086744e-12,2.5150419654573897e-12,7.59833258621761e-12,7.802024293201727e-13,0.0,1.5293454706874902e-11,0.2754590130329911,0.3180846764427293,5.531446265645481e-13,0.16999041603125478,0.23648047635292105,-1.4581893268393866e-05
2021-10-13,6.117918945612224e-13,9.093346320604153e-13,2.0940870872450546e-12,1.5135887386191464e-12,1.5842566951839788e-12,2.4979501986034873e-12,7.811993637254466e-12,7.851441920027327e-13,0.0,1.515111670452298e-11,0.27581815710461255,0.3137952694724794,5.794183685664762e-13,0.1716998690249221,0.23870143056850113,-1.4726204053660053e-05
2021-10-14,6.171098515581553e-13,9.210824235974045e-13,2.122191233958394e-12,1.5371391340196676e-12,1.5772014808355555e-12,2.496527857824877e-12,7.919027562667787e-12,7.818634845040004e-13,0.0,1.5296318162086557e-11,0.2802752734360818,0.3054322971897417,5.887121022916291e-13,0.1715654787139514,0.24274171983690881,-1.476921054066104e-05
2021-10-15,6.177611443220701e-13,9.302594725533843e-13,2.1398892679990766e-12,1.5512759457664865e-12,1.5950239242328894e-12,2.4905728209471684e-12,7.874379768998375e-12,7.867500236618278e-13,0.0,1.513185001474452e-11,0.280431741922825,0.3034417104935849,5.764731304211312e-13,0.17456659184696693,0.2415746298616229,-1.4674158693875976e-05
2021-10-18,6.324883742083136e-13,9.190058118110894e-13,2.136505924277161e-12,1.5588172431574481e-12,1.6243558910903589e-12,2.514697610447789e-12,7.94351105205498e-12,7.777453231632836e-13,0.0,1.5278379430034785e-11,0.27552285985156766,0.30213712358141087,5.842950949228262e-13,0.17226118625264575,0.25009356608003686,-1.4735799630972555e-05
2021-10-19,6.472578622197634e-13,9.149540601485638e-13,2.1397687701918043e-12,1.5357664353481874e-12,1.6278515441857271e-12,2.569361470091001e-12,7.992560644355038e-12,7.921028945337098e-13,0.0,1.5651800288710453e-11,0.27630689130721964,0.30581621362277234,5.903421992955014e-13,0.17029557370859805,0.24759622589782884,-1.4904570880457898e-05
2021-10-20,6.455839478419377e-13,9.079974856369783e-13,2.1389954219354165e-12,1.5236987297377042e-12,1.6119080417256231e-12,2.4836598117500548e-12,7.872182337205143e-12,7.827478737402232e-13,0.0,1.5638764996143052e-11,0.27996657398047087,0.30540292243694367,5.763974692541087e-13,0.16873743874482605,0.2459077932181246,-1.47284145469797e-05
2021-10-21,6.328075601750356e-13,8.945267579746541e-13,2.1108529719987534e-12,1.534798166797047e-12,1.5540424158276298e-12,2.4946231419802993e-12,7.688356241580486e-12,7.592271532755429e-13,0.0,1.564612708201625e-11,0.2825864939007541,0.3062127424945948,5.908432472669965e-13,0.16863893491352375,0.24257639193774613,-1.4563280524960059e-05
2021-10-22,6.26358151094293e-13,8.936839562603784e-13,2.065186171982411e-12,1.5030549977988104e-12,1.5276567062003165e-12,2.39516151486188e-12,7.60084929881264e-12,7.291901716876239e-13,0.0,1.564790234631801e-11,0.27672897955502584,0.3107550262063644,5.681939841121688e-13,0.1700536811287749,0.24247667853226826,-1.4365455990585044e-05
2021-10-25,6.270271921367238e-13,9.343592940287032e-13,2.100133271866367e-12,1.5141899119986445e-12,1.5280977535845446e-12,2.430701884165787e-12,7.722371685992256e-12,7.432246428544344e-13,0.0,1.6083301747306208e-11,0.2799016790177798,0.30598976584116455,5.768556227512707e-13,0.16564031846242558,0.24848285152511201,-1.4614880742063144e-05
2021-10-26,6.21113042313202e-13,9.35760387828124e-13,2.1296609281890084e-12,1.4975659618291367e-12,1.5476871011693787e-12,2.417099762458126e-12,7.904966061364268e-12,7.39391613964701e-13,0.0,1.6255992528460465e-11,0.2779549193622376,0.30168660062581504,5.72111473157159e-13,0.16553658170675387,0.25483650759201026,-1.4609321437912254e-05
2021-10-27,6.071776685284872e-13,9.320351254450774e-13,2.135055257717289e-12,1.4946495495615016e-12,1.5658163122037166e-12,2.4048936163279442e-12,7.853167274566301e-12,7.425812693851341e-13,0.0,1.6093083051366364e-11,0.2791679057059139,0.2971935986765263,5.637696511974464e-13,0.16330943955204366,0.2603436004961833,-1.4544465059368443e-05
2021-10-28,5.844793115707252e-13,9.290822198880791e-13,2.12064732030501e-12,1.455442545354831e-12,1.5606111052770556e-12,2.4025482409625137e-12,7.860216479218105e-12,7.096967032336288e-13,0.0,1.5798795404145573e-11,0.28032612851514266,0.29884298627682776,5.513072354911433e-13,0.1641489983425177,0.2566963241203323,-1.4437288793132474e-05
2021-10-29,5.85833027212093e-13,9.097656441423027e-13,1.9264721694262567e-12,1.4742975943751378e-12,1.5715899998370882e-12,2.5008203799676066e-12,6.917783781182819e-12,7.928432551289199e-13,0.0,1.678115568140088e-11,0.30000558142734157,0.30000558143180045,5.414446058557273e-13,0.1529334940269456,0.24707394786748302,-1.8604787572709573e-05
2021-11-01,5.845294487405863e-13,9.096564699824973e-13,1.9276067757111987e-12,1.4881282174353336e-12,1.6017714620624338e-12,2.518624404745178e-12,7.046342849987683e-12,7.840027167235805e-13,0.0,1.6635872788345073e-11,0.3023286416581579,0.2989847760568061,5.498530337388766e-13,0.15074985033161792,0.24795537681861654,-1.8644899244928754e-05
2021-11-02,5.871431925761866e-13,8.888805872508121e-13,1.9679192045281853e-12,1.4804476464813692e-12,1.5594222580309598e-12,2.5190272368441464e-12,7.0365891258884795e-12,7.816784777195913e-13,0.0,1.6799363663670616e-11,0.3032637344557567,0.30074450183170837,5.479328000516844e-13,0.15536992962059507,0.2406404378945272,-1.860383675593883e-05
2021-11-03,5.826998557416781e-13,8.815962927344054e-13,1.967690467115449e-12,1.4532288039650034e-12,1.5130225224011835e-12,2.502043763212498e-12,7.001793226673752e-12,7.912484322734245e-13,0.0,1.695290604765544e-11,0.31218155392291297,0.29626860262025234,5.309541834213721e-13,0.1529058670595767,0.23866241142678887,-1.8435063708110028e-05
2021-11-04,5.870877152294671e-13,8.782651497156686e-13,2.005228404323199e-12,1.4379175300399874e-12,1.484478496967361e-12,2.543464679862581e-12,6.802921346555749e-12,7.90846541939238e-13,0.0,1.6991229567202066e-11,0.3072757452305893,0.29672316718692576,5.318248817307278e-13,0.15374607396077528,0.24227348540165475,-1.8471813998366785e-05
2021-11-05,5.796235765532787e-13,8.906784409101769e-13,2.00476599532279e-12,1.4457859104909587e-12,1.4690098342788455e-12,2.5782089708829234e-12,6.76063889666433e-12,7.917905048268277e-13,0.0,1.668370370748015e-11,0.3098783051762533,0.29373314877889084,5.225056384916912e-13,0.15155629869631956,0.2448506614298037,-1.8414114994300693e-05
2021-11-08,5.655551030274254e-13,8.732391540339716e-13,1.968231635871489e-12,1.3880343069482054e-12,1.4163210625953222e-12,2.541939864801261e-12,6.571102183423807e-12,7.889833326917694e-13,0.0,1.6563042540771882e-11,0.31321500835430943,0.28800284356852807,5.188845620906244e-13,0.14723265538530758,0.25156756365678806,-1.8070998128446703e-05
2021-11-09,5.767367123186953e-13,8.742529421644331e-13,1.9785591020855347e-12,1.4112234668081896e-12,1.4153815419842487e-12,2.523451784362526e-12,6.656459261561591e-12,7.90816502430333e-13,0.0,1.6369356552175807e-11,0.30489901619300736,0.28953272137290653,5.278333140077078e-13,0.14682963527194912,0.2587567128303103,-1.808570129747084e-05
2021-11-10,5.714144755256976e-13,8.626995375733742e-13,1.972103367557856e-12,1.4063468380616629e-12,1.4250709437087614e-12,2.492251160937524e-12,6.76289710123034e-12,8.109056364956736e-13,0.0,1.6647713289051493e-11,0.29899050844886044,0.29410951434048216,5.363158270839705e-13,0.14880637032372082,0.25811164203695525,-1.803518350646099e-05
2021-11-11,5.567348191167243e-13,8.590772056807371e-13,1.963360327624325e-12,1.393859288486472e-12,1.4306073506151083e-12,2.4848773373237494e-12,6.7040543931723806e-12,8.007236179970716e-13,0.0,1.6980413534970478e-11,0.2965499388217958,0.2923121339856412,5.334159843299238e-13,0.1501222475194889,0.2610337524145935,-1.8072775226571446e-05
2021-11-12,5.433305122146272e-13,8.721739795456953e-13,2.003542035628575e-12,1.3838314128223448e-12,1.4206970966041309e-12,2.482808584508379e-12,6.668819896055806e-12,8.073004678519665e-13,0.0,1.677066387711183e-11,0.3054934436035331,0.28921487864269113,5.478654379153212e-13,0.15187887703005237,0.25343095707774954,-1.815638752725706e-05
2021-11-15,5.340686747757058e-13,8.512007576781912e-13,1.9481229292516345e-12,1.3560409538896321e-12,1.396307675646169e-12,2.4482771886088087e-12,6.6207548438059755e-12,7.935230362940014e-13,0.0,1.6270150603120686e-11,0.3128061375124773,0.28613062475153356,5.577476830089885e-13,0.15222680335225566,0.24885417123814776,-1.7736887190626758e-05
2021-11-16,5.380730886938167e-13,8.548556081036142e-13,1.920546078866121e-12,1.3627271480576613e-12,1.4235702198438085e-12,2.4410690572328266e-12,6.6895684145287865e-12,8.069814238656306e-13,0.0,1.6235277059410436e-11,0.30916513096218645,0.28356006647060494,5.478662283242022e-13,0.15048006646721312,0.2568125516702514,-1.781560307663908e-05
2021-11-17,5.317080343897786e-13,8.532277905162124e-13,1.90409881513128e-12,1.3768402583071733e-12,1.441762724725023e-12,2.460538502440631e-12,6.6967896223256e-12,8.019180691408482e-13,0.0,1.6675473071715113e-11,0.30446906121252904,0.2859028961752391,5.564463094586049e-13,0.14853500443915177,0.2611107930610378,-1.7754921256643826e-05
2021-11-18,5.272134174042314e-13,8.546660996634466e-13,1.865077470855245e-12,1.3355374224905444e-12,1.4107744844540068e-12,2.4290806607448358e-12,6.5988844135269516e-12,7.851949994008095e-13,0.0,1.6540052266557437e-11,0.3093905136209142,0.2837461678052481,5.538283147505011e-13,0.14780267037065145,0.25907812334828756,-1.7475178001836294e-05
2021-11-19,5.284606418549603e-13,8.526360880703323e-13,1.847027444033202e-12,1.3150123541187484e-12,1.397693721785125e-12,2.4236463328622503e-12,6.5299291587122646e-12,7.838156573469231e-13,0.0,1.6651241596763984e-11,0.31389041887530517,0.2823948297093584,5.378557338614253e-13,0.14599041208570263,0.25774169954170373,-1.736024493744946e-05
2021-11-22,5.152915626795015e-13,8.579781794719257e-13,1.835707278561215e-12,1.310692404922744e-12,1.4100778665403808e-12,2.385869446489787e-12,6.53088130117962e-12,7.767154655366526e-13,0.0,1.632904398076287e-11,0.3199603136896169,0.27852968673378997,5.404397842699919e-13,0.13996925307738947,0.26155796943863396,-1.722297192313061e-05
2021-11-23,5.247047739387762e-13,8.659301131692435e-13,1.8464130636644964e-12,1.3276756996816871e-12,1.4613898662063629e-12,2.351500640751089e-12,6.655347032957532e-12,7.731584060084419e-13,0.0,1.640454142111585e-11,0.32045212205662776,0.28086420669361867,5.342383475360502e-13,0.14382158101361447,0.2548794517389192,-1.7361535524935217e-05
2021-11-24,5.28824651722963e-13,8.654561979766889e-13,1.8281676836330354e-12,1.33451566144972e-12,1.437845420859713e-12,2.3594750780093666e-12,6.54655368315861e-12,7.804972188351397e-13,0.0,1.6338521332058804e-11,0.3229504773918392,0.27805067999841304,5.353387703516133e-13,0.14029089657648194,0.25872535162823124,-1.7405627520635603e-05
2021-11-25,5.389269765480539e-13,8.920678937471258e-13,1.834444588013141e-12,1.3499143368745928e-12,1.4102727297721505e-12,2.4110177175952975e-12,6.632061134852563e-12,7.771525170986544e-13,0.0,1.6317062016968178e-11,0.3214127314943185,0.281037088129506,5.267893157876806e-13,0.1432955611346701,0.2542720629737816,-1.744376496592884e-05
2021-11-26,5.356127045697638e-13,8.872450167630672e-13,1.856634868189652e-12,1.3455825990697275e-12,1.3926248706939194e-12,2.4017478862613563e-12,6.655569952231072e-12,7.672112911392345e-13,0.0,1.6920095515660098e-11,0.31823153119350833,0.28065784267876637,5.255681314009876e-13,0.14278997512435523,0.2583381576896733,-1.7506719591144594e-05
2021-11-29,5.414342337154681e-13,8.861982943264384e-13,1.835424752875504e-12,1.3679561618270908e-12,1.393805725276157e-12,2.4600226923855563e-12,6.467223999741314e-12,7.70945799123236e-13,0.0,1.6863530580667567e-11,0.3177604517944904,0.2826790507832433,5.215805154253361e-13,0.14229979113646488,0.2572782426612995,-1.753640860620768e-05
2021-11-30,5.858348835765396e-13,9.097685269715699e-13,1.9264782739548107e-12,1.4743022660708442e-12,1.571594979829108e-12,2.5008283044679763e-12,6.917805701981518e-12,7.928457674591611e-13,0.0,1.678120885686101e-11,0.30000653207312167,0.30000653207758055,5.41446321563906e-13,0.152933978636532,0.24707473078560335,-2.1773606839651876e-05
2021-12-01,5.870548142522224e-13,8.981703079428792e-13,1.915081332466654e-12,1.4554613280800806e-12,1.5372193590850469e-12,2.395306383921597e-12,6.841081416315643e-12,7.733146794538035e-13,0.0,1.642247355312216e-11,0.30425161552186075,0.3079017815213649,5.360861831823893e-13,0.1495726879084711,0.23829537969488912,-2.1464679947225958e-05
2021-12-02,5.965510273694599e-13,9.251012747086768e-13,1.9324194100430854e-12,1.4324266180797206e-12,1.5680351443438388e-12,2.4542860985311524e-12,6.774153996216594e-12,7.84472617644131e-13,0.0,1.659996662796776e-11,0.30395587856098305,0.31693950806043514,5.38703274603131e-13,0.14728338946395228,0.2318429353434266,-2.171146240302143e-05
2021-12-03,5.968671254244238e-13,9.204313814840817e-13,1.912607284532417e-12,1.4092821899599506e-12,1.540612106334575e-12,2.3935554081733477e-12,6.660097407890276e-12,7.524998039695827e-13,0.0,1.6338232925307468e-11,0.3035907013209194,0.313261281132437,5.402539346222025e-13,0.14926006429494704,0.23390941621867534,-2.1463000043228456e-05
2021-12-06,5.963776023004749e-13,9.157424861847318e-13,1.882542251742937e-12,1.4139139086247433e-12,1.5639784227281132e-12,2.391789719417102e-12,6.79774208620162e-12,7.325210292711962e-13,0.0,1.6472457851236643e-11,0.3033775338767293,0.31862294765974497,5.374588707572055e-13,0.1461843028686989,0.23183656181989215,-2.1346258369725085e-05
2021-12-07,5.901679976345059e-13,9.090436970631223e-13,1.9102659921281993e-12,1.4340850657509963e-12,1.5775356457821149e-12,2.3490054519844767e-12,6.793941640811415e-12,7.229216607977101e-13,0.0,1.639481101452951e-11,0.2993593601129281,0.3201985191421245,5.337992477262448e-13,0.15080986856799336,0.22965368225009045,-2.1430106351956904e-05
2021-12-08,5.867354963077891e-13,8.959307961137497e-13,1.9240659014549537e-12,1.4356523739472081e-12,1.5619649784815295e-12,2.40304755759988e-12,6.907712351048603e-12,7.281981611261498e-13,0.0,1.6691865891713854e-11,0.2976712846303952,0.31704542785620515,5.457048530815874e-13,0.15309447038874036,0.23221040368003554,-2.1586589057034202e-05
2021-12-09,5.844042295818962e-13,9.05126006095779e-13,1.916221558626168e-12,1.4399117840665965e-12,1.596041675670677e-12,2.392693789151545e-12,6.7896711968287155e-12,7.203914415961961e-13,0.0,1.6830106035552244e-11,0.2983395835247218,0.31569669456225047,5.527705220868468e-13,0.15139404371149032,0.23459134801723927,-2.1669849429189458e-05
2021-12-10,5.838083664502133e-13,9.022460551424152e-13,1.914426138325791e-12,1.442335350946749e-12,1.6047354651830174e-12,2.414488755452687e-12,6.491110269710971e-12,7.165130528106059e-13,0.0,1.7329691344783477e-11,0.29494451474871786,0.3185398416325488,5.708225839908257e-13,0.14870476755032938,0.23783267005518438,-2.179402075060728e-05
2021-12-13,5.730218695135926e-13,8.87806626843426e-13,1.8770951028779873e-12,1.4146433783034143e-12,1.6397678002589218e-12,2.4141704752554682e-12,6.516386371545872e-12,7.137269287077119e-13,0.0,1.724884511060575e-11,0.296857466963289,0.310604829297357,5.743085066752104e-13,0.14901350432883353,0.24354574982187543,-2.155044521461534e-05
2021-12-14,5.822416086266038e-13,8.956293831837105e-13,1.9074867869276287e-12,1.466988490409087e-12,1.6357933688867711e-12,2.3977731762988137e-12,6.6566201773282994e-12,7.236622230125868e-13,0.0,1.785847042014431e-11,0.3002048432461126,0.306939884811526,6.070754525107883e-13,0.14930514276076873,0.24357210873919727,-2.1979592336291172e-05
2021-12-15,5.803883776885546e-13,8.801519971885875e-13,1.8806124776617923e-12,1.4553671377440242e-12,1.6351826492423224e-12,2.3556980372293054e-12,6.702785240603404e-12,6.924489927632989e-13,0.0,1.7392858792060278e-11,0.30282711371173204,0.3036255396055825,5.920314511849971e-13,0.14912716259157707,0.24444186329195353,-2.1679235012699826e-05
2021-12-16,5.900195914421984e-13,8.801200898739151e-13,1.8904735578471326e-12,1.4706565358465107e-12,1.6516570647669442e-12,2.4035735904783317e-12,6.589915721796732e-12,7.031504939678445e-13,0.0,1.7350671035963166e-11,0.30240393000365107,0.3057887732375113,5.606351888881003e-13,0.1488181846687911,0.24301101385825566,-2.1901802299992303e-05
2021-12-17,5.920042176865363e-13,8.715186395062446e-13,1.8830564485441086e-12,1.4943144403679243e-12,1.6690153793542394e-12,2.427679470679538e-12,6.5357027819633365e-12,7.075235176518444e-13,0.0,1.7273545928666717e-11,0.3039902059564324,0.30230134877866227,5.745553261461262e-13,0.14819222828493694,0.24553807802512945,-2.1861079189921865e-05
2021-12-20,5.996295360492624e-13,8.798875789517086e-13,1.8529251792158584e-12,1.5007776064805465e-12,1.6850020841414692e-12,2.4536737840287626e-12,6.433083315425923e-12,7.004740176709508e-13,0.0,1.705906100803926e-11,0.30234093255097777,0.31016562072030934,5.737755333996685e-13,0.14615885368009132,0.2413564309808113,-2.1837965927993906e-05
2021-12-21,5.9290865783902e-13,8.556203854485072e-13,1.8216421178607284e-12,1.4850871572607736e-12,1.6872925699614987e-12,2.4396125855169248e-12,6.281016306334299e-12,7.021195310066089e-13,0.0,1.6496801388657428e-11,0.297269541395134,0.3132410611820643,5.673986775685791e-13,0.14415374778810658,0.24535717086853215,-2.1521266766492176e-05
2021-12-22,5.790945390893268e-13,8.361409670289007e-13,1.7722253619161411e-12,1.4767797758717165e-12,1.6741383138648682e-12,2.4635537428329417e-12,6.240259874167859e-12,6.913176684211589e-13,0.0,1.6367313508201484e-11,0.2864381473970163,0.32441387072641337,5.670904715486829e-13,0.14332379045696664,0.24584549513888027,-2.1303751944585586e-05
2021-12-23,5.826685099039664e-13,8.345352382622506e-13,1.7593200829865337e-12,1.486277309232216e-12,1.6812853027523144e-12,2.437037274057096e-12,6.357479701289801e-12,6.939628838238597e-13,0.0,1.6716264651331682e-11,0.28646987321529127,0.3260777765387669,5.750396253549518e-13,0.14140922103503017,0.24606441748325997,-2.1288305472275218e-05
2021-12-24,5.709699931269503e-13,8.08929714663099e-13,1.7651413277694668e-12,1.431350047860573e-12,1.6198176648831917e-12,2.4258085464247547e-12,6.283414278879555e-12,6.694838717794123e-13,0.0,1.6738148328473465e-11,0.2803277539255115,0.3332442831855879,5.459934856756217e-13,0.14020653002834332,0.24624226487072506,-2.0832043026897213e-05
2021-12-27,5.690370169082912e-13,7.978280856351737e-13,1.7391042585180284e-12,1.4219201283712202e-12,1.6168970811402478e-12,2.4162666002528945e-12,6.2980722826182686e-12,6.52224076900864e-13,0.0,1.6305062392964802e-11,0.27539188520554075,0.3350860690462463,5.408070356893113e-13,0.1451974019978245,0.2443452277841864,-2.0584066155195842e-05
2021-12-28,5.751120993794064e-13,8.067802983216906e-13,1.7446829361599782e-12,1.4354598555155003e-12,1.6557964208437537e-12,2.4445987643860736e-12,6.294680175957193e-12,6.503098662063656e-13,0.0,1.6492930350582083e-11,0.2836312026647439,0.3309238483444355,5.433931414951288e-13,0.147104488314063,0.23836124861757702,-2.07879734631922e-05
2021-12-29,5.697560706836455e-13,8.000898172204478e-13,1.7272812149577656e-12,1.4366566896490352e-12,1.650359713106452e-12,2.424022860828759e-12,6.3229306682016085e-12,6.65352127911688e-13,0.0,1.598175499959595e-11,0.28594734724067644,0.32955486151900965,5.442672338681208e-13,0.14587948670645406,0.23863905823086298,-2.0753729125647675e-05
2021-12-30,5.701565543486162e-13,7.94845999633402e-13,1.7094198993188676e-12,1.428345599110363e-12,1.6540403222522644e-12,2.4412078662363048e-12,6.392179082711836e-12,6.603445427965983e-13,0.0,1.6212788205360452e-11,0.29121454023217525,0.3290912671727536,5.419486447377408e-13,0.14633483383477003,0.23338009326671166,-2.0734538815766898e-05
2021-12-31,5.85832340313269e-13,9.09764577427177e-13,1.92646991060607e-12,1.4742958657370499e-12,1.571588157122061e-12,2.5008174477147318e-12,6.917775669967978e-12,7.928423255072114e-13,0.0,1.6781136005220863e-11,0.30000522966588145,0.30000522967034027,5.414439710030546e-13,0.15293331470991783,0.24707365816923052,-1.7432249371851956e-05
2022-01-03,6.031850786311913e-13,9.156117569898205e-13,1.9580349214982984e-12,1.4861921246629748e-12,1.5898952777229413e-12,2.6053019078765496e-12,6.9974692500349375e-12,8.09451305808394e-13,0.0,1.6781977275110313e-11,0.30054128422308907,0.2985703948715178,5.415101586392886e-13,0.1473057402751406,0.25360028063218615,-1.770003622234951e-05
2022-01-04,5.978755306438032e-13,8.916322854599266e-13,1.8748479156762025e-12,1.4345336405805519e-12,1.5374585768597635e-12,2.500517008604396e-12,6.883978648634223e-12,7.962453262172671e-13,0.0,1.6505380353136217e-11,0.29953341108848897,0.29971668402010193,5.531728822116796e-13,0.1409284333277592,0.2598386783575332,-1.72068274589596e-05
2022-01-05,5.907106497919414e-13,8.78629146647953e-13,1.8652680079941508e-12,1.4127263169484892e-12,1.531694193076516e-12,2.437242626319536e-12,6.803488685395457e-12,8.038812698795704e-13,0.0,1.6402465961720668e-11,0.2993071246781751,0.30307961901370317,5.326399209649999e-13,0.14124638529191721,0.25638392530141235,-1.705431846654489e-05
2022-01-06,5.977757009663503e-13,8.972898329122254e-13,1.8604179088028184e-12,1.410915772771068e-12,1.5113713995945127e-12,2.445526601675165e-12,6.998634794044766e-12,8.109904351988336e-13,0.0,1.645185766640313e-11,0.29520955323676007,0.30050520782106266,5.420174601679337e-13,0.13971139349431835,0.26459107316215735,-1.7227747825133872e-05
2022-01-07,5.976512919052076e-13,8.985094556422184e-13,1.8557926169462077e-12,1.4242053147478261e-12,1.5266279630301115e-12,2.457518614489996e-12,7.056444613919022e-12,8.090891983135794e-13,0.0,1.6377376804602837e-11,0.29544092744216083,0.2993454223110852,5.381034145003671e-13,0.13807278045221943,0.2671581020847961,-1.7232323802854847e-05
2022-01-10,5.975782162522926e-13,8.979564865884584e-13,1.8081092364510395e-12,1.427537433505477e-12,1.502116788841179e-12,2.4462042306585114e-12,6.885239094113105e-12,8.008624589537011e-13,0.0,1.580652344683951e-11,0.2947490981414697,0.3024533761474299,5.300095785665463e-13,0.13979712222356006,0.2630174195668254,-1.7016111987074813e-05
2022-01-11,5.999214514319235e-13,8.742422615852488e-13,1.8478748726338037e-12,1.4462351093558329e-12,1.4909973126983536e-12,2.3749881692929315e-12,6.8850217672455666e-12,7.81439068649988e-13,0.0,1.5846725249056397e-11,0.28915644890555353,0.3070119279059222,5.354912066259446e-13,0.14175447259931725,0.26209409401162487,-1.6943455100760364e-05
2022-01-12,5.889597125491405e-13,8.785361397023206e-13,1.8334358850388953e-12,1.4162331469790024e-12,1.5081261191383366e-12,2.4271400475391204e-12,6.848184826874173e-12,8.015036774872407e-13,0.0,1.56789509964165e-11,0.28486440554839626,0.3140195258345939,5.257202352618334e-13,0.14299211033227002,0.25814081422900687,-1.6855976773807247e-05
2022-01-13,5.932592381333271e-13,8.981087077932744e-13,1.8473807143268758e-12,1.4262710128684816e-12,1.5469376343045764e-12,2.5061757607622205e-12,6.989766228580159e-12,8.035180138524735e-13,0.0,1.5886110340000952e-11,0.2897768270122141,0.3124980199265737,5.387989873696679e-13,0.144943763785895,0.2527984390461656,-1.7049803884716317e-05
2022-01-14,5.851861030602183e-13,8.891951282358257e-13,1.8370326168350446e-12,1.4501995326303594e-12,1.5440240313254819e-12,2.467427047885491e-12,6.9775846979960376e-12,7.957698861361341e-13,0.0,1.5955142761653112e-11,0.2940931238056795,0.3109440896926978,5.517724443694159e-13,0.14667652778550522,0.24830322200170069,-1.6963318636491737e-05
2022-01-17,5.929063255999853e-13,8.854480077063136e-13,1.8068690758721655e-12,1.4666972354826257e-12,1.5712498555599526e-12,2.4481645068442775e-12,6.879169391252725e-12,7.880075038586787e-13,0.0,1.6153140487205685e-11,0.29465889527417255,0.3092293639113109,5.621981716382786e-13,0.14479637483013347,0.2513321982451491,-1.6832293919820927e-05
2022-01-18,6.104675712544502e-13,9.181760607545271e-13,1.863281710105323e-12,1.5134186557781412e-12,1.6149511011146803e-12,2.5714950221209196e-12,7.033205952089673e-12,8.051888133020599e-13,0.0,1.693431757793001e-11,0.29254942278471363,0.316312329978818,5.621743397875422e-13,0.1469575979204688,0.24419802397535006,-1.7374693777011155e-05
2022-01-19,6.026699364044568e-13,8.971573295279164e-13,1.843160989783466e-12,1.4682606418220318e-12,1.5981776428359307e-12,2.5287761806234297e-12,7.094476508936844e-12,8.120107183883033e-13,0.0,1.6659088670415676e-11,0.2985672817429652,0.30458206341649785,5.422171667209722e-13,0.1451002447570243,0.25176758163285695,-1.7171583390220266e-05
2022-01-20,6.105501142848017e-13,9.089655257496543e-13,1.8418180196257676e-12,1.5066061707589713e-12,1.6411403396450005e-12,2.5930788089237208e-12,7.1410784988635335e-12,8.161130190289794e-13,0.0,1.6935560572892146e-11,0.2978337375424919,0.30311116033778496,5.464549454051137e-13,0.14602069438105184,0.253051833673199,-1.7425969068977563e-05
2022-01-21,6.101404150708995e-13,9.051196082583294e-13,1.8269095630781654e-12,1.5022642290248293e-12,1.61336365743259e-12,2.583817861651817e-12,7.1206269504707025e-12,7.948534525866443e-13,0.0,1.6623731080700544e-11,0.2968454615464924,0.3075969577348685,5.527073489737968e-13,0.14542690958659754,0.25014800553290706,-1.7334434998780456e-05
2022-01-24,6.168035555837859e-13,9.131053332474468e-13,1.8183581531693202e-12,1.491598863246065e-12,1.5760054441874166e-12,2.5943405457176096e-12,7.127775493773285e-12,8.09385612681204e-13,0.0,1.700533956668268e-11,0.29415002395330403,0.31421100358558957,5.488354554519049e-13,0.14782880230593698,0.24382753494406492,-1.7364823396935543e-05
2022-01-25,6.054900797126057e-13,8.764285824276501e-13,1.7760132212229956e-12,1.4684989240137814e-12,1.5340758857312426e-12,2.5072466940627802e-12,7.062439451473431e-12,7.917736430803781e-13,0.0,1.66715045874588e-11,0.3004992745871793,0.3138489776644722,5.487223294614335e-13,0.14599803620868715,0.23967071666535522,-1.7005159536018474e-05
2022-01-26,6.050880404939203e-13,8.899983839756822e-13,1.806620819957378e-12,1.4693456085980926e-12,1.5466900141206982e-12,2.4988684530170554e-12,7.218704899646634e-12,8.191274837472298e-13,0.0,1.7160386793985136e-11,0.3025480193335254,0.3105451446895975,5.439550194302199e-13,0.14588382616817877,0.24104039378191938,-1.7384007779744112e-05
2022-01-27,5.981507665201866e-13,8.721042845369692e-13,1.7952548711913533e-12,1.450942660246951e-12,1.5316380535089896e-12,2.5104711684681293e-12,7.034107611922142e-12,8.159327811125331e-13,0.0,1.6905683561520326e-11,0.3039106376431662,0.31210377889405955,5.297716260108754e-13,0.1440031144017513,0.23999967628874772,-1.7207261768840697e-05
2022-01-28,5.983655803964077e-13,8.798776672360901e-13,1.8061119661775216e-12,1.4859329806157108e-12,1.5077710967664817e-12,2.5142710005279106e-12,6.9695282024223914e-12,8.255043122361839e-13,0.0,1.7050944924629795e-11,0.301782124366496,0.30924387513818374,5.180284820384236e-13,0.14325672999735184,0.24573452499271994,-1.7254528907737968e-05
2022-01-31,5.858269617219826e-13,9.097562247783184e-13,1.9264522234734873e-12,1.474282330064211e-12,1.5715737281979714e-12,2.5007944874341063e-12,6.9177121571070805e-12,7.928350463344345e-13,0.0,1.6780981935761597e-11,0.3000024752848015,0.3000024752892604,5.414389999462794e-13,0.1529319106122993,0.2470713897587426,-8.250979105330792e-06
2022-02-01,5.852144448811773e-13,9.181350213121123e-13,1.943579337123684e-12,1.4744678484218606e-12,1.5384514950701631e-12,2.5978707446636795e-12,7.083964131576756e-12,8.01346882786042e-13,0.0,1.676059632524402e-11,0.29753454756536196,0.30658243092097953,5.442765134470457e-13,0.15084755610741776,0.24504371713624548,-8.251764252626558e-06
2022-02-02,5.895955046974109e-13,9.301638749936858e-13,1.9696886344122825e-12,1.4828268111520036e-12,1.5291909600603407e-12,2.482617238345997e-12,7.091716419508547e-12,7.990218531140461e-13,0.0,1.6727324494687187e-11,0.2903330319838634,0.3086095724709072,5.488069381973268e-13,0.1523089259163079,0.24875669436672512,-8.224771954523846e-06
2022-02-03,6.02212705109341e-13,9.407842776318837e-13,1.9990072623987298e-12,1.5076672721192587e-12,1.5552602932000616e-12,2.553982810202453e-12,7.266167812878157e-12,8.355392641398403e-13,0.0,1.7013673042805332e-11,0.27662544661934585,0.32006260367320655,5.522757788606888e-13,0.15248371715785586,0.25083658396977443,-8.351455009177587e-06
2022-02-04,5.981762382571334e-13,9.44280728555026e-13,1.9605620245642207e-12,1.4854422959639779e-12,1.5580241950057953e-12,2.5683225065235546e-12,7.312036178708642e-12,8.243254979433991e-13,0.0,1.6842126082700422e-11,0.2770857771525331,0.32736478602730323,5.312965207494683e-13,0.1515478035877417,0.24400996217416215,-8.328976364604457e-06
2022-02-07,5.927364901445419e-13,9.598608222854509e-13,1.9852548083481485e-12,1.5031101394910848e-12,1.5860591138857312e-12,2.5697861387737146e-12,7.318705965928563e-12,8.556473204819795e-13,0.0,1.7151354152237386e-11,0.2790275529363175,0.31935931912078963,5.158095963188861e-13,0.15099778732424998,0.2506237230225327,-8.382438927999085e-06
2022-02-08,5.930952313491973e-13,9.621896973090037e-13,1.950870817160522e-12,1.5207023800023684e-12,1.5570037513090556e-12,2.559659905348232e-12,7.269222294278765e-12,8.479109388203072e-13,0.0,1.6852794150287404e-11,0.2711537636648018,0.3173963048043206,5.088869771330977e-13,0.15925607315195678,0.2522021822033976,-8.32385909910704e-06
2022-02-09,5.929073457265626e-13,9.553239620834886e-13,1.91818881103388e-12,1.5083034625121768e-12,1.5649117776590614e-12,2.616155938500897e-12,7.406807623025051e-12,8.538643363671427e-13,0.0,1.69877353905804e-11,0.26991163989738187,0.3278606097476632,5.091792133187837e-13,0.15963115288840424,0.2426049493009546,-8.351869317114025e-06
2022-02-10,5.811863617235297e-13,9.461406579772893e-13,1.8621376585252706e-12,1.4685907873555404e-12,1.5517846164634661e-12,2.5209043428822364e-12,7.378893530537622e-12,8.323758033415168e-13,0.0,1.6395968774341157e-11,0.2667632379951047,0.3354354106128893,5.070628324683754e-13,0.154354074380717,0.2434554772575931,-8.200280349225535e-06
2022-02-11,5.665967470962872e-13,9.380549288325661e-13,1.8368015191428065e-12,1.3876589106505267e-12,1.4990356664022895e-12,2.4951922670577273e-12,7.2312409926522834e-12,8.022691496464688e-13,0.0,1.556210428379421e-11,0.2605476156399511,0.3403308982033883,5.029880802875256e-13,0.15700990096726478,0.24211960198239996,-8.01682582603649e-06
2022-02-14,5.764325339591072e-13,9.64077231248727e-13,1.858365999443836e-12,1.3952918412496065e-12,1.529513166131015e-12,2.561322586690756e-12,7.240089168065859e-12,8.002443277494563e-13,0.0,1.5886403642195967e-11,0.2659898815722234,0.33477846816327816,5.239700869570352e-13,0.15641009990007296,0.24282962631408866,-8.075982998910501e-06
2022-02-15,5.777705630670076e-13,1.0012734744798413e-12,1.8837171215530046e-12,1.3969092205835427e-12,1.562650291352363e-12,2.615250096056481e-12,7.30201164012816e-12,8.187980954300331e-13,0.0,1.5941464908819717e-11,0.26022226184100705,0.3309880151339711,5.466829252352747e-13,0.16290864120819698,0.24588924451499578,-8.162731817340172e-06
2022-02-16,5.890867447088398e-13,1.0034941703423467e-12,1.886042929516421e-12,1.403267913429397e-12,1.5664108600219085e-12,2.6183583443283643e-12,7.444231583161093e-12,8.238342662217285e-13,0.0,1.626253392831789e-11,0.26293146713827487,0.32691613568634453,5.35930123102282e-13,0.16403381520803734,0.24612677418764592,-8.192254435878703e-06
2022-02-17,5.876051200990793e-13,1.000010353923928e-12,1.9322884069211405e-12,1.377360519581437e-12,1.5236242020613794e-12,2.621108959236431e-12,7.382952399240556e-12,8.249248084593943e-13,0.0,1.6535412725929007e-11,0.2557313599968838,0.3228663632276876,5.383409568650247e-13,0.1658414583119762,0.25556898171834036,-8.163289211508698e-06
2022-02-18,5.86492159386766e-13,9.886445870726151e-13,1.8931038270940342e-12,1.3537467074523879e-12,1.4964514918191492e-12,2.6148839510888978e-12,7.329603267659056e-12,8.008509781035414e-13,0.0,1.6583360609254187e-11,0.2544754244872822,0.322534616218654,5.362720506325839e-13,0.1689678329234015,0.25403019965552176,-8.073319042941712e-06
2022-02-21,5.803830732309907e-13,9.728535338134043e-13,1.8854154300782367e-12,1.3070174529278486e-12,1.483125734724496e-12,2.590631678873019e-12,7.146984599393492e-12,7.851045145127519e-13,0.0,1.6533867583585712e-11,0.25323473255045487,0.32209866538916565,5.336752140506251e-13,0.1716818548085968,0.25299276409427324,-8.016876309554764e-06
2022-02-22,5.661750585348638e-13,9.781996895067212e-13,1.872514140942013e-12,1.284202034514808e-12,1.4448598204795146e-12,2.575884069875587e-12,7.0594350844666706e-12,7.940604092601102e-13,0.0,1.6146032036338113e-11,0.2541911141588713,0.3236752233512407,5.296242888485239e-13,0.17197368203995164,0.2501679087059764,-7.92828929100559e-06
2022-02-23,5.65552880429317e-13,9.864952175828336e-13,1.8790392299881846e-12,1.2775861974914296e-12,1.4639090823358523e-12,2.4899008299713625e-12,7.232193173550122e-12,7.724632512467404e-13,0.0,1.6086618612551363e-11,0.2528228013907477,0.32818462646726115,5.182583425541872e-13,0.1722835086905688,0.24671696396858347,-7.900550433134873e-06
2022-02-24,5.689903586865674e-13,9.891107360757782e-13,1.8872022233489697e-12,1.2738003614171845e-12,1.4597788207550919e-12,2.5076242097495604e-12,7.34956791773944e-12,7.685806579765273e-13,0.0,1.6297176028927937e-11,0.2535905874328683,0.3339770672442171,5.118721684060079e-13,0.16730850037007539,0.24513176981635987,-7.924897134326992e-06
2022-02-25,5.638419912256586e-13,9.865496487590518e-13,1.8709187979731853e-12,1.2823966519767615e-12,1.4521850504599371e-12,2.508240259677217e-12,7.353035225931936e-12,7.694523335933445e-13,0.0,1.6400555316563636e-11,0.24993862372806094,0.3413429010875884,5.089931267793326e-13,0.16307454880021602,0.24565183524296222,-7.908892523644799e-06
2022-02-28,5.858442875561313e-13,9.097831308213926e-13,1.9265091983037696e-12,1.4743259319685408e-12,1.5716202074956924e-12,2.5008684484385665e-12,6.917916748464858e-12,7.928584944333059e-13,0.0,1.6781478233352636e-11,0.3000113478589071,0.3000113478633661,5.414550130063254e-13,0.15293643357401396,0.24707869689583517,-3.782622612515118e-05
2022-03-01,5.76889761433123e-13,8.82553799217281e-13,1.92017190443608e-12,1.4437503358168355e-12,1.577541059036769e-12,2.468457600606627e-12,6.9178827788071e-12,8.020867577165801e-13,0.0,1.6501022904755536e-11,0.29725472906310796,0.30534543449869056,5.309655845973563e-13,0.15008708616167682,0.24735025680823433,-3.750656533114561e-05
2022-03-02,5.71283285640855e-13,8.80150470135425e-13,1.8800171710468524e-12,1.4741977284141365e-12,1.5452402299608414e-12,2.4480801983277594e-12,6.886366265527618e-12,8.204522084592277e-13,0.0,1.6940301591909684e-11,0.2996933001790922,0.30627002641158446,5.197350281017984e-13,0.1510535845292554,0.24302042715153616,-3.7338305434179075e-05
2022-03-03,5.763136933869844e-13,8.688019909946007e-13,1.8719611927916322e-12,1.4603566837643742e-12,1.5221110041477476e-12,2.463974585269066e-12,6.91563257408252e-12,8.320643381552263e-13,0.0,1.7170612877745793e-11,0.31096433008374325,0.3030822826653768,5.355150473240951e-13,0.1499152300748706,0.2360753714328142,-3.721429102229003e-05
2022-03-04,5.746153825922874e-13,8.779922008345003e-13,1.855016038082729e-12,1.450337044059767e-12,1.5331656001543192e-12,2.464273410276577e-12,6.970957737108651e-12,8.349838583372722e-13,0.0,1.705876833349186e-11,0.31220086488112453,0.2984172881125432,5.477700191408404e-13,0.14822915689898528,0.2411898947628083,-3.720468962920267e-05
2022-03-07,5.744295739881849e-13,8.814731231674051e-13,1.8486911519017724e-12,1.4362626561496033e-12,1.5036807824576624e-12,2.4358691838100282e-12,6.954773659733626e-12,8.392378255438341e-13,0.0,1.6977088497931194e-11,0.3084110957549193,0.29179702677225944,5.536130867035683e-13,0.15230631431529423,0.24752283065176167,-3.726752823989749e-05
2022-03-08,5.738696098666624e-13,8.804255992756023e-13,1.8683146736922578e-12,1.430854088664705e-12,1.5040871406132064e-12,2.407682775444153e-12,6.776009892484925e-12,8.249284322338533e-13,0.0,1.6867735334494947e-11,0.31569247963237346,0.2900577693964793,5.609383646753743e-13,0.15000170278506816,0.24428502397265314,-3.6975820269150574e-05
2022-03-09,5.715480418724783e-13,8.813660230609115e-13,1.8952448050294623e-12,1.4434333256166798e-12,1.5345969296567144e-12,2.434420188883292e-12,6.80305948173563e-12,8.575327777317478e-13,0.0,1.7324535799571145e-11,0.31643446392196606,0.2961509457728607,5.751769027031657e-13,0.15192489995573727,0.23552697740192294,-3.7287086808156214e-05
2022-03-10,5.726963795203465e-13,8.940069693785007e-13,1.90964636706114e-12,1.4536030206007053e-12,1.5054277135967044e-12,2.416708019334496e-12,6.854549561137532e-12,8.642741159935751e-13,0.0,1.7321753665522245e-11,0.3191889714129987,0.29686924883373605,5.664511995975315e-13,0.14600442432312158,0.2379747035469535,-3.734815116888324e-05
2022-03-11,5.73875079131277e-13,8.888062837285973e-13,1.8771473583527305e-12,1.4648340655359973e-12,1.501357395126373e-12,2.4353135249356193e-12,7.031067777924877e-12,8.385655353015037e-13,0.0,1.72770351661794e-11,0.32693527816058415,0.2888859460806449,5.861256707760289e-13,0.14648025159183,0.23773588033968038,-3.735620721367458e-05
2022-03-14,5.790087640996401e-13,8.944963888123759e-13,1.9190702981121715e-12,1.462684354229444e-12,1.5241669945799873e-12,2.449928341381893e-12,7.035368397515802e-12,8.788839152369407e-13,0.0,1.7634949203389808e-11,0.33666153426262535,0.2851055931565809,6.108939945221281e-13,0.14135368885418956,0.23691693723890184,-3.7753547287144907e-05
2022-03-15,5.72492738878944e-13,8.93537628624654e-13,1.910346280573758e-12,1.449866523580506e-12,1.5135291477757495e-12,2.4027452754125944e-12,6.846505349745243e-12,8.819366804304363e-13,0.0,1.7947567633243095e-11,0.33013988462159694,0.28652225379576574,6.038365706706275e-13,0.1434680458726495,0.2399072994995553,-3.7483824589801314e-05
2022-03-16,5.743315464640695e-13,8.915732992367054e-13,1.932618131396488e-12,1.4625229213515836e-12,1.5029405641114702e-12,2.3650493768421506e-12,6.829290640446104e-12,9.021449919165904e-13,0.0,1.7663721971911926e-11,0.324383168145819,0.2931284205386211,5.92729522193992e-13,0.14502804264136096,0.2374978905307516,-3.7521891269635665e-05
2022-03-17,5.827992991189787e-13,8.841814656609227e-13,1.9555581946105265e-12,1.4649793314670492e-12,1.506923414421738e-12,2.3044287601647663e-12,6.623933823968694e-12,8.990320321640155e-13,0.0,1.7350642624510156e-11,0.3185883540677817,0.2958409584202083,5.984701033329063e-13,0.14464154474882734,0.2409666374847817,-3.749475577002942e-05
2022-03-18,5.737433055867031e-13,8.770602085019595e-13,1.9815135817889344e-12,1.4596602698448925e-12,1.5026204079554337e-12,2.3622182414588365e-12,6.4707413673933104e-12,9.052687559942963e-13,0.0,1.7189957252479478e-11,0.32166138937098093,0.2897236726548928,5.888038463173462e-13,0.14505427824504222,0.24359797848167464,-3.7318786502143114e-05
2022-03-21,5.791328374905315e-13,8.899650567381456e-13,1.9778392074680418e-12,1.4780196003187636e-12,1.4947718684787435e-12,2.387045596808413e-12,6.48228004791574e-12,9.10087239747693e-13,0.0,1.674636826520912e-11,0.3155226626516653,0.2899715613622786,5.708971571524985e-13,0.14713012832569924,0.2474129148489053,-3.726722206489053e-05
2022-03-22,5.748079551166753e-13,8.706289179000266e-13,1.986292868919917e-12,1.4967639923765034e-12,1.48184752900632e-12,2.377714212169599e-12,6.432600364501912e-12,9.074541536778062e-13,0.0,1.656543009668529e-11,0.31686936375244856,0.29836234449922505,5.512039488948625e-13,0.145359686165414,0.2394454731751674,-3.6867625499815685e-05
2022-03-23,5.825091312109323e-13,8.640737226334232e-13,1.9522909333814137e-12,1.5054093193186743e-12,1.5109628666590844e-12,2.3944004812062564e-12,6.441034620016057e-12,9.114183414553384e-13,0.0,1.6318448485132457e-11,0.3158732510461417,0.2956975489181334,5.392232841774284e-13,0.14430968430397492,0.2441563163678757,-3.680066914554192e-05
2022-03-24,5.774483656949541e-13,8.575868245834995e-13,1.9281788379149524e-12,1.4934223932947632e-12,1.4755418362551867e-12,2.351925953793547e-12,6.368616960353155e-12,9.024020226289273e-13,0.0,1.6060103069478847e-11,0.30964624783076905,0.30719109270542877,5.403322787227938e-13,0.14341779353667689,0.23978114540942355,-3.627951485383385e-05
2022-03-25,5.659059513251645e-13,8.429492144971352e-13,1.9038341809434437e-12,1.4382545747849321e-12,1.4247196181767101e-12,2.2962078559491835e-12,6.286624580432054e-12,8.853149336791864e-13,0.0,1.5446827151515558e-11,0.3011339636896741,0.3101870200431967,5.332029369178197e-13,0.1434803691378866,0.24523434655949064,-3.56994618719087e-05
2022-03-28,5.560139133255128e-13,8.328643950167274e-13,1.8774651251141494e-12,1.3906637715495064e-12,1.4038984832692279e-12,2.2969304082398185e-12,6.263905983628961e-12,8.834337253677339e-13,0.0,1.5125282131135367e-11,0.3040286402462604,0.3042975743128533,5.30239215846647e-13,0.14237700228799915,0.2493320829729606,-3.529985123425595e-05
2022-03-29,5.528261679485699e-13,8.098241874999598e-13,1.826113959868848e-12,1.379332511123656e-12,1.3822320752182275e-12,2.250107872002628e-12,6.256998077137242e-12,8.728659759987599e-13,0.0,1.5085971155635403e-11,0.2978018864649787,0.3078281576609375,5.153598266786602e-13,0.14200402761063635,0.25240069963698275,-3.4771404466954635e-05
2022-03-30,5.439693009517605e-13,8.04572064414903e-13,1.8431005260103522e-12,1.3934991824368e-12,1.3753032121942346e-12,2.222434863513239e-12,6.319458136073434e-12,8.849721262296065e-13,0.0,1.4762782056869035e-11,0.29806108950297644,0.31024357887257936,5.112672490366088e-13,0.14337535350825542,0.2483546365915764,-3.4658506048997065e-05
2022-03-31,5.858264796472508e-13,9.09755476143454e-13,1.926450638203433e-12,1.4742811168830064e-12,1.5715724349560528e-12,2.5007924295400338e-12,6.91770646454861e-12,7.928343939135536e-13,0.0,1.6780968126756726e-11,0.3000022284139296,0.3000022284183884,5.414385543982289e-13,0.15293178476522393,0.24707118644465534,-7.428076198850603e-06
2022-04-01,5.73593968473181e-13,9.000946299554247e-13,1.9223034518387966e-12,1.479845199756815e-12,1.5834004035680556e-12,2.501037637116728e-12,6.9366344334042e-12,7.924450732312259e-13,0.0,1.6834865618866244e-11,0.29983905437961683,0.29817308583124325,5.413701095556464e-13,0.15404676976724407,0.24794850255873538,-7.412570905140135e-06
2022-04-04,5.748622247618572e-13,9.110927859667285e-13,1.9252519971261258e-12,1.4669237672444405e-12,1.5983624879839034e-12,2.4541872346684716e-12,6.827128808671474e-12,7.952733492020054e-13,0.0,1.6491028856060242e-11,0.2976532331963913,0.2948094056870861,5.36189743030909e-13,0.15653531359660441,0.25100944834674543,-7.400860407356529e-06
2022-04-05,5.766045324135733e-13,9.089940741378248e-13,1.903400690156699e-12,1.4957364048923464e-12,1.6152107645192585e-12,2.4401117951233987e-12,6.916738881287519e-12,7.971921400509163e-13,0.0,1.6659968057225264e-11,0.29510800827548367,0.29413339786097437,5.392412432979298e-13,0.1556669469881639,0.25509907000107973,-7.423159554918834e-06
2022-04-06,5.867904237183828e-13,9.02086531536606e-13,1.869303348788121e-12,1.4615277728687359e-12,1.6124541462452966e-12,2.419728761784645e-12,6.937371528568555e-12,7.988543338783879e-13,0.0,1.61950658550526e-11,0.2966082768962453,0.2948993481718664,5.354000885793499e-13,0.15102545918149268,0.2574743374608415,-7.421743764450102e-06
2022-04-07,5.963665309210805e-13,9.084973066806578e-13,1.86018189691076e-12,1.4686177496294332e-12,1.5926246294986266e-12,2.463324512806671e-12,6.975752283469986e-12,7.823091044824166e-13,0.0,1.638503074713849e-11,0.29634735005811164,0.2948672976249839,5.2630932741041e-13,0.1532891032523164,0.25550370085672874,-7.451825699618112e-06
2022-04-08,5.882782003463904e-13,9.114007878323814e-13,1.893061381998502e-12,1.4723883082016333e-12,1.637731930286787e-12,2.4944417263572986e-12,7.0575519081134736e-12,7.86470187300043e-13,0.0,1.6435682318559554e-11,0.297031136886063,0.2996687104075766,5.214465688356036e-13,0.15138581305581741,0.25192184175443033,-7.502137685836533e-06
2022-04-11,5.965584923083757e-13,9.115994033092327e-13,1.8896088836570185e-12,1.4471587290981483e-12,1.641817083797792e-12,2.4782360905489646e-12,7.042688239705694e-12,7.717461427492964e-13,0.0,1.624763766970382e-11,0.2919209389627797,0.3019102280749881,5.049415462941483e-13,0.152211285833878,0.2539650091101508,-7.462015328524648e-06
2022-04-12,5.88902879408285e-13,8.999327733891538e-13,1.8765682547714857e-12,1.4453420138113843e-12,1.6314802057179182e-12,2.4809964738933798e-12,7.178565311362118e-12,7.628516451183986e-13,0.0,1.638498677225187e-11,0.2985939102286605,0.30261834557407247,4.932170492687319e-13,0.15123090569080633,0.24756426498281675,-7.426510098771323e-06
2022-04-13,5.950701707114013e-13,8.915306255458877e-13,1.8787733312643357e-12,1.435060351270711e-12,1.6413242348612702e-12,2.4804942277189282e-12,7.228381289423583e-12,7.665820638215632e-13,0.0,1.662094495518798e-11,0.29974772146015144,0.2989676683042216,5.150187158647535e-13,0.15326664338433743,0.24802542432190633,-7.457504669870932e-06
2022-04-14,6.075636234353183e-13,9.15010254435867e-13,1.8900469674724737e-12,1.4517435213011513e-12,1.6340166213256159e-12,2.494796546332319e-12,7.264444324389903e-12,7.745263685369627e-13,0.0,1.689578382486145e-11,0.30325108799367556,0.29515870777436837,5.105267224795923e-13,0.15293948827703638,0.24865822804900806,-7.5121285268446045e-06
2022-04-15,6.139403828470843e-13,9.047745208341937e-13,1.883920763558861e-12,1.468564769394092e-12,1.6291669296703175e-12,2.5112904535814487e-12,7.256082386616209e-12,7.779362151753275e-13,0.0,1.7084633220918438e-11,0.29591543894094147,0.29360690370841575,5.136458564410547e-13,0.15456997051007065,0.255915201673639,-7.514867710838009e-06
2022-04-18,6.074925793155391e-13,9.12073984862099e-13,1.857839892205633e-12,1.4808839328179704e-12,1.6342834632080124e-12,2.46527258238382e-12,7.237585939956504e-12,7.722125140582077e-13,0.0,1.6913415148244476e-11,0.29251420285413865,0.29842646587907845,5.094257761375982e-13,0.15588175518672506,0.25318503808019943,-7.462034532048611e-06
2022-04-19,6.118091589247726e-13,8.98132480062827e-13,1.829927553091393e-12,1.4940910331549658e-12,1.6118087579264938e-12,2.4948257542279642e-12,7.263617139825164e-12,7.64118136323571e-13,0.0,1.676880097502587e-11,0.29058566774634426,0.30180667138800255,5.193409111634754e-13,0.15268389081296865,0.25493116711420305,-7.397095774934666e-06
2022-04-20,6.195070467643493e-13,9.127398500005034e-13,1.8496590773541648e-12,1.468685889180056e-12,1.6174966978122818e-12,2.471271922822306e-12,7.283482051752064e-12,7.789982115710948e-13,0.0,1.7162579276661585e-11,0.29382916043279766,0.29685915272463154,4.991862189273775e-13,0.15396778449358312,0.2553513372343482,-7.434920024235017e-06
2022-04-21,6.144016076334459e-13,8.979488024523034e-13,1.8369212663529828e-12,1.4669958020565926e-12,1.632389152847088e-12,2.480070265184624e-12,7.450214991560343e-12,7.68486448218621e-13,0.0,1.719669247012368e-11,0.2975145886567048,0.2950596439050271,5.092493982168797e-13,0.15500715203902615,0.25242605622448205,-7.44086009349551e-06
2022-04-22,6.166409807052558e-13,8.991640517356094e-13,1.853668752392029e-12,1.4527062486593737e-12,1.6381265885454305e-12,2.5023622191844533e-12,7.482823518876841e-12,7.862515491117949e-13,0.0,1.7263730207956584e-11,0.29976552693405467,0.29773830503337717,5.149543189885623e-13,0.15047175085454093,0.2520318844903792,-7.467347362242032e-06
2022-04-25,6.095288307824851e-13,9.131239956877141e-13,1.8572347462440346e-12,1.4532688257730595e-12,1.660338971485586e-12,2.5226214199125763e-12,7.388730397204123e-12,7.876016349672124e-13,0.0,1.6843132705213008e-11,0.29724816690716777,0.2976590855877784,5.153892518520245e-13,0.14683348424491843,0.2582667479471909,-7.484721606537241e-06
2022-04-26,5.992482788896743e-13,8.989566925919232e-13,1.8356823452850873e-12,1.4173293117089643e-12,1.643153254972949e-12,2.4711368416670626e-12,7.1843759335351894e-12,7.815173791184067e-13,0.0,1.6765729446267954e-11,0.29697222085805186,0.2904397641934867,4.931417693280104e-13,0.14847259518194023,0.2641227838574409,-7.364125009958163e-06
2022-04-27,6.048810064057055e-13,8.913564094123873e-13,1.8036539543881761e-12,1.3929803864077625e-12,1.6015231151654833e-12,2.4554945783136147e-12,7.30383545620067e-12,7.761240239895163e-13,0.0,1.704057817549085e-11,0.2936074202832087,0.2989709275098733,5.079408660189307e-13,0.14741675527828454,0.26001222199959934,-7.325105344063645e-06
2022-04-28,6.072251060237759e-13,8.858533140962206e-13,1.7764351902642487e-12,1.4097646676540262e-12,1.6209893727580382e-12,2.4541093699681727e-12,7.161249096260129e-12,7.607004335685334e-13,0.0,1.6867158150673168e-11,0.29128190180097696,0.3033990188314496,5.132610960348627e-13,0.15076535029447807,0.25456103296193294,-7.303922894177246e-06
2022-04-29,5.858288264539853e-13,9.09759120601928e-13,1.926458355518182e-12,1.4742870228175688e-12,1.5715787306372869e-12,2.500802447654133e-12,6.9177341767137e-12,7.928375699889953e-13,0.0,1.6781035350909922e-11,0.300003430215614,0.3000034302200728,5.414407233880065e-13,0.15293239740626163,0.24707217620586355,-1.1434081813932769e-05
2022-05-02,5.679573572681431e-13,8.877164111565196e-13,1.9213274763254968e-12,1.4598965735673512e-12,1.5674739652771842e-12,2.4781763175474906e-12,6.902455683129968e-12,7.760022387909983e-13,0.0,1.6873775799203678e-11,0.30295683470341117,0.30718316872691376,5.385013193996973e-13,0.15221361684251328,0.23765769712750953,-1.1317434321036082e-05
2022-05-03,5.701670707531427e-13,8.939416730501584e-13,1.960627936257241e-12,1.4627722499912483e-12,1.5969889782424905e-12,2.500673078840602e-12,6.948805928878296e-12,7.858689080266261e-13,0.0,1.6915872626264474e-11,0.2973173434861378,0.30873444960979224,5.389335649466522e-13,0.15218963896977117,0.24176998442780262,-1.1416527678514045e-05
2022-05-04,5.711761139947167e-13,8.921029327538715e-13,1.9730411133846015e-12,1.4660387377613709e-12,1.5844044529561375e-12,2.475186081141217e-12,6.948440973181357e-12,7.88908100172745e-13,0.0,1.7156664735838846e-11,0.29348987497133283,0.30693518404332265,5.430480004825568e-13,0.15452031011991876,0.24506599458601186,-1.1363754985094104e-05
2022-05-05,5.708092398151043e-13,8.807702778315535e-13,1.951797119611269e-12,1.4706913279226571e-12,1.5911083018133949e-12,2.440575369872989e-12,6.953531749538107e-12,7.960904295409361e-13,0.0,1.7454600055841388e-11,0.29176724568169393,0.31353062014997524,5.381291790281098e-13,0.1516810724613386,0.2430324227314644,-1.1361059120327888e-05
2022-05-06,5.803622847572742e-13,8.928174045972137e-13,1.981728127135543e-12,1.502511191125772e-12,1.6160093956476381e-12,2.4818999526905287e-12,6.9142358243723875e-12,8.147995619013007e-13,0.0,1.821115048267146e-11,0.29248324972269696,0.30943071674879224,5.537522130213751e-13,0.15538977770083107,0.24270781508861877,-1.1559296488280288e-05
2022-05-09,5.705384308964804e-13,9.044590970062238e-13,2.0070439458344967e-12,1.4560982412560505e-12,1.6031617450286251e-12,2.5288408081413564e-12,6.853731265294303e-12,8.072638395506123e-13,0.0,1.785402553221827e-11,0.28377638189740206,0.3142304185330209,5.346892010857237e-13,0.15575492378135058,0.2462498037311203,-1.1527978013679755e-05
2022-05-10,5.687701592619634e-13,9.056627386324195e-13,2.055323353505864e-12,1.4808855709882225e-12,1.6084431306478478e-12,2.5958087105772773e-12,7.041446664369068e-12,8.192214395612348e-13,0.0,1.7934906385395653e-11,0.2882409559941383,0.31669949035130224,5.495284901140872e-13,0.15310067412586592,0.2419705291808337,-1.164968770017739e-05
2022-05-11,5.759687714136852e-13,9.110314027885955e-13,2.063836925805135e-12,1.466833155748867e-12,1.6265922353047108e-12,2.622775294949594e-12,7.1823932746969925e-12,8.29147713717141e-13,0.0,1.8466750322181e-11,0.28527999292252293,0.32315762609711146,5.394349326729899e-13,0.15246681628911546,0.23910733932637934,-1.1774671413980882e-05
2022-05-12,5.784378957115822e-13,9.076520673124691e-13,2.0573020013471946e-12,1.443877545786017e-12,1.6158672068813404e-12,2.5894798138407946e-12,7.198561976186851e-12,8.151507222422757e-13,0.0,1.7935849040644837e-11,0.28076782180569604,0.3313789568391743,5.338520558319744e-13,0.1484122339220264,0.23945272350304175,-1.173610561462542e-05
2022-05-13,5.730414553528033e-13,8.956243981760686e-13,2.023195932719057e-12,1.482613954733454e-12,1.6032831159469696e-12,2.513641179823437e-12,7.30920677363246e-12,8.183744024875216e-13,0.0,1.7594740404941122e-11,0.2825299365727031,0.32849758786933314,5.134864507570225e-13,0.1525546077220088,0.23642954455174528,-1.1676751117523667e-05
2022-05-16,5.759603489813186e-13,8.991564829610761e-13,1.9836126483624415e-12,1.4869455544155892e-12,1.576605572608318e-12,2.4319749327769585e-12,7.2038059793087384e-12,8.158143747403286e-13,0.0,1.735932722535302e-11,0.28527803768792465,0.32625725196003047,5.01555001365612e-13,0.15318503601304825,0.23529124472609936,-1.1570421937380872e-05
2022-05-17,5.695349433140218e-13,9.147982846893325e-13,2.017965114360927e-12,1.506714869103893e-12,1.6145413369599462e-12,2.4426417239501507e-12,7.331658403697596e-12,8.082134209739197e-13,0.0,1.8122085207851598e-11,0.28440547543116423,0.3263573668359487,5.019066070692619e-13,0.15559735699989322,0.233651518923908,-1.1718226744220815e-05
2022-05-18,5.700184110398015e-13,9.197884511076812e-13,2.0233923126581075e-12,1.4716732695783206e-12,1.6291444255275366e-12,2.4646344556725348e-12,7.391925634162196e-12,8.101098455076221e-13,0.0,1.8359649756870977e-11,0.29243106842015554,0.3202103294697944,5.099758899708913e-13,0.15492563969009454,0.232444641751886,-1.1679368080783868e-05
2022-05-19,5.611609957024342e-13,9.162111475876615e-13,1.9996428718229998e-12,1.4624478779416765e-12,1.605929280474025e-12,2.448254582602264e-12,7.345036727771437e-12,8.105391428709717e-13,0.0,1.7933798496703545e-11,0.2939225810588222,0.31567442693376246,5.192241566816548e-13,0.15545706348872806,0.23495759341445158,-1.1664931366476686e-05
2022-05-20,5.69953538288513e-13,9.154752492103543e-13,1.9919450099384654e-12,1.480609620887411e-12,1.6197840247107169e-12,2.4483652705619835e-12,7.501512122170336e-12,8.101296142616087e-13,0.0,1.798574076400768e-11,0.2902261003458728,0.3169165715206462,5.333543219078191e-13,0.15713688811008084,0.23573212955192038,-1.1689564377071227e-05
2022-05-23,5.654767648922582e-13,9.127470699562535e-13,1.995458965031699e-12,1.4816358460776333e-12,1.6032154828233865e-12,2.44332766554462e-12,7.50353116131998e-12,7.936667085071047e-13,0.0,1.7276841487674337e-11,0.29072261425960255,0.31851482744356335,5.371061250072235e-13,0.15507493723229065,0.23569923422384595,-1.1613194415579322e-05
2022-05-24,5.786941543601213e-13,9.3489825771438e-13,2.0144735666181248e-12,1.4986590731103197e-12,1.6409390626240526e-12,2.420121690382964e-12,7.5452397316727e-12,8.167636278290736e-13,0.0,1.7550412654666534e-11,0.2864925493536749,0.3214624622246517,5.369352421589252e-13,0.15759525243342837,0.23446146051120842,-1.1724558500495388e-05
2022-05-25,5.706619667216165e-13,9.115121516349785e-13,2.0325266149750473e-12,1.48560191773205e-12,1.6373010550032848e-12,2.4101554582626087e-12,7.406358455619585e-12,7.98958504529644e-13,0.0,1.7284470478881494e-11,0.2870551536613983,0.3159052760009257,5.512286483537425e-13,0.15992316107494425,0.2371280818683154,-1.167264067238541e-05
2022-05-26,5.678866112478399e-13,9.220504956367624e-13,2.020279249845319e-12,1.4796450173617922e-12,1.634734796037304e-12,2.423094646823877e-12,7.443359476300899e-12,7.907713266352741e-13,0.0,1.739528806535867e-11,0.28937608418534827,0.31273432276035973,5.340626629343509e-13,0.15878238766473196,0.23911883206543064,-1.1626711081695347e-05
2022-05-27,5.74996543459489e-13,9.068333192031215e-13,2.002119366822913e-12,1.4665905821306118e-12,1.6544292248151435e-12,2.4115484187504054e-12,7.320681161686362e-12,7.936333055297284e-13,0.0,1.6993030239653044e-11,0.2840017256120278,0.32054427626088217,5.35445481631013e-13,0.158442786709901,0.23702278394067738,-1.1572558147683638e-05
2022-05-30,5.73782323861055e-13,9.050130240421534e-13,1.998790420142397e-12,1.4615123305418048e-12,1.663952220682178e-12,2.4008833573662934e-12,7.190202649441319e-12,7.830801462913893e-13,0.0,1.7446741287463397e-11,0.28665100161806106,0.31461953240874174,5.303904584892396e-13,0.15590152630602944,0.24283945368298898,-1.1514050775649214e-05
2022-05-31,5.858291985664177e-13,9.097596984715447e-13,1.9264595791846732e-12,1.4742879592694904e-12,1.5715797288878984e-12,2.500804036138072e-12,6.9177385707871485e-12,7.928380735912479e-13,0.0,1.678104601005061e-11,0.3000036207747008,0.30000362077915954,5.414410673055734e-13,0.1529324945473442,0.24707233314356328,-1.2069278769512988e-05
2022-06-01,5.818389803689669e-13,9.088817373334395e-13,1.903640283502011e-12,1.4706439836206943e-12,1.5783863955317988e-12,2.464843456911092e-12,6.9556447946019994e-12,7.894728399174335e-13,0.0,1.6646186566427e-11,0.30037685131844666,0.2983381279988283,5.379102275960794e-13,0.15291406302089489,0.24838296200355459,-1.2004375561674901e-05
2022-06-02,5.709225733882878e-13,9.15604917872064e-13,1.8523925142024126e-12,1.4489427611474964e-12,1.5656575139221434e-12,2.460777257765672e-12,7.0547704778421e-12,7.634271131866491e-13,0.0,1.598759904859237e-11,0.29849944826646413,0.29768790395938594,5.49212481158132e-13,0.1522272022754569,0.25159736296479673,-1.1917499272897456e-05
2022-06-03,5.753345403815876e-13,9.136025930218041e-13,1.8283318087202075e-12,1.4568349736672594e-12,1.54084183744103e-12,2.507494421173701e-12,7.056029055715618e-12,7.782168040524886e-13,0.0,1.609371648077238e-11,0.300255202982962,0.29820911068052436,5.464297122315942e-13,0.15370919075796016,0.24783843689375132,-1.1941348494573e-05
2022-06-06,5.646424506288951e-13,9.184227119794392e-13,1.829446172162293e-12,1.4475021608110271e-12,1.5607966764760051e-12,2.4811441678997684e-12,7.1311741854784136e-12,7.746571762460308e-13,0.0,1.6439520750070905e-11,0.3029481746550051,0.2955376295600761,5.495784098351864e-13,0.1515299967912275,0.24999605148903292,-1.1852529038559906e-05
2022-06-07,5.427116056494858e-13,8.938551770774149e-13,1.818151402362405e-12,1.4194792891720787e-12,1.5388889110602672e-12,2.3981058163606605e-12,7.188685224591081e-12,7.747800853901906e-13,0.0,1.6068767602637512e-11,0.3029631455004062,0.300434142563253,5.496680232470007e-13,0.15496172279972167,0.24165264225153205,-1.1653148106010444e-05
2022-06-08,5.445142075131048e-13,8.929690916085229e-13,1.8472942269819937e-12,1.4383180527678889e-12,1.5533499933265544e-12,2.4503446543054534e-12,7.390957858592736e-12,7.666358483532038e-13,0.0,1.6458877595268904e-11,0.30410703178846415,0.29978760984192077,5.659172604907532e-13,0.15306577105792848,0.24305136800607977,-1.178072830219541e-05
2022-06-09,5.462777864128835e-13,8.87926456897199e-13,1.8632678586651446e-12,1.4292448838141344e-12,1.5803145952089733e-12,2.447068280107117e-12,7.460169623845462e-12,7.749961878780965e-13,0.0,1.594064328272506e-11,0.30601085198375644,0.3002867747801867,5.717048570865112e-13,0.1525107955441014,0.2412033576235853,-1.1779965131505587e-05
2022-06-10,5.565851164053776e-13,8.746274619932234e-13,1.8779428537379367e-12,1.4197973145648518e-12,1.5738842998766481e-12,2.4372119794154826e-12,7.379776643324405e-12,7.813418534406439e-13,0.0,1.605931888909883e-11,0.30657796234592083,0.2953524222018882,5.770231247236205e-13,0.15854229365330255,0.2395390981658454,-1.1776400494388906e-05
2022-06-13,5.50986859306477e-13,8.640063893907105e-13,1.855928241564349e-12,1.3662249277927025e-12,1.5714775555911237e-12,2.3953921271668295e-12,7.1735061025147235e-12,7.846792181464512e-13,0.0,1.5874668800253692e-11,0.3118960117651579,0.2865396811899148,5.580360483476502e-13,0.15833796843332493,0.24323803576529412,-1.1697186686726375e-05
2022-06-14,5.463412905778597e-13,8.732696068104501e-13,1.8798884704395286e-12,1.3427917451087524e-12,1.5972742257814239e-12,2.4384957136011257e-12,7.19125932697686e-12,8.039835940506841e-13,0.0,1.600812236079043e-11,0.31172922030942546,0.28376994730907673,5.615059233997143e-13,0.1610864930712136,0.2434261106169431,-1.1771339901760075e-05
2022-06-15,5.369036575299559e-13,8.87657688709571e-13,1.890562433735278e-12,1.341818052041212e-12,1.6198312986716949e-12,2.495360307721878e-12,6.94518340177781e-12,8.119710506282132e-13,0.0,1.619365549288731e-11,0.31357576863437586,0.2879231314295305,5.587606297872964e-13,0.15620208844534644,0.24231082235961368,-1.181090214812843e-05
2022-06-16,5.36466459177594e-13,8.926448267356041e-13,1.8580882345484015e-12,1.3514415426652526e-12,1.5998101024466218e-12,2.4956759421213618e-12,6.866560957111501e-12,8.104501807727607e-13,0.0,1.5815669018147904e-11,0.308772372759906,0.2875707389444959,5.797914882646224e-13,0.15308938560485577,0.2505792564248404,-1.1753766904709443e-05
2022-06-17,5.505938322751166e-13,8.982656155295234e-13,1.8656599189885504e-12,1.3505620806679414e-12,1.61027305378765e-12,2.468813107153711e-12,6.9104743124958235e-12,8.338124371884121e-13,0.0,1.5875041036449014e-11,0.3025337434267681,0.2915767822825935,5.869095299511766e-13,0.1544366517881206,0.2514646592246619,-1.1836755094374295e-05
2022-06-20,5.414760677409507e-13,8.903658651401209e-13,1.8393852556390813e-12,1.336806240568642e-12,1.5923258652456847e-12,2.4700768004602647e-12,6.8783106870836664e-12,8.246892493684313e-13,0.0,1.5761561197572767e-11,0.30473890339346227,0.2905774234008892,5.602836558951261e-13,0.15597727313041523,0.24871807075155086,-1.1670709012902458e-05
2022-06-21,5.40372621470821e-13,8.915446448554054e-13,1.8298017774113086e-12,1.3383268173252375e-12,1.578611698939335e-12,2.5068961938234084e-12,6.858304249076148e-12,8.19111989614973e-13,0.0,1.580682753521152e-11,0.30527546672260436,0.29211924891690577,5.495243374331691e-13,0.15124994748879828,0.2513669871727295,-1.165033375709106e-05
2022-06-22,5.49434895566996e-13,8.846959713168886e-13,1.866344598193328e-12,1.346433971686544e-12,1.5829281457632249e-12,2.5012253449670175e-12,6.749538942631931e-12,8.3298811012691e-13,0.0,1.5661826965915757e-11,0.3111058731125807,0.28369664044820525,5.364698374785451e-13,0.1516650983259916,0.25354406763093085,-1.1679550220236287e-05
2022-06-23,5.498351177911016e-13,8.786373088623679e-13,1.9100885646528494e-12,1.3378800592376833e-12,1.5726185542643222e-12,2.466529683119229e-12,6.736052025687377e-12,8.371907935602635e-13,0.0,1.5245142159469565e-11,0.30876641716947845,0.28482692832079326,5.400994345512969e-13,0.15115738865494546,0.2552608982922395,-1.1632469530730619e-05
2022-06-24,5.456728114430732e-13,8.925826927608236e-13,1.9308085283436457e-12,1.3174483505099171e-12,1.5523737023587894e-12,2.4339488301797067e-12,6.799327568989155e-12,8.221751905977229e-13,0.0,1.535773879957742e-11,0.30854555358416785,0.28618055480697946,5.302222540091062e-13,0.15286247555010118,0.2524230470367412,-1.1631010171897544e-05
2022-06-27,5.426206757457338e-13,8.924882055129609e-13,1.9281677155865794e-12,1.3145826865588088e-12,1.53449713967271e-12,2.418800211164079e-12,6.7834487014234666e-12,8.04273775687365e-13,0.0,1.5414896762451242e-11,0.3014836629034681,0.29111394775977634,5.408392098184933e-13,0.1490721551954938,0.25834183334069155,-1.1599231604385683e-05
2022-06-28,5.382755374077461e-13,8.903247085436179e-13,1.9051636646824474e-12,1.3197654208118682e-12,1.53196840091986e-12,2.3779503913992557e-12,6.633451286952972e-12,7.825429957146595e-13,0.0,1.5452184182777653e-11,0.3027178081135417,0.2886896338735398,5.265142049566573e-13,0.1462936392327109,0.26231043844012486,-1.151969187542375e-05
2022-06-29,5.407851812060304e-13,8.999197724071914e-13,1.9006275535187936e-12,1.337273551917046e-12,1.5377697201514132e-12,2.432574387825318e-12,6.766065834535769e-12,7.844161746755518e-13,0.0,1.5466210389963775e-11,0.2985910990546105,0.287245755543557,5.334307526797278e-13,0.14858112229541182,0.26559364740022273,-1.1624326001175827e-05
2022-06-30,5.858302503415335e-13,9.097613318189683e-13,1.9264630378757932e-12,1.474290606149149e-12,1.5715825504414421e-12,2.500808525985046e-12,6.917750990627785e-12,7.928394970221022e-13,0.0,1.678107613809246e-11,0.300004159389614,0.3000041593940729,5.414420393879527e-13,0.15293276911643797,0.24707277672768718,-1.3864661813833772e-05
2022-07-01,5.829446726904512e-13,9.190980645363786e-13,1.9023391695095532e-12,1.4789883599736949e-12,1.5412867176963903e-12,2.506186247883714e-12,6.932752165287654e-12,8.113413933475276e-13,0.0,1.661880375430965e-11,0.3039024955762976,0.3016123302596778,5.430105581929595e-13,0.15023408454718293,0.244264943115592,-1.385353258701695e-05
2022-07-04,5.969285970685281e-13,9.297459022552431e-13,1.9332391063548064e-12,1.4950098980423101e-12,1.5376722133269856e-12,2.567198837249359e-12,7.065375037101136e-12,8.481377791980547e-13,0.0,1.7038648085930794e-11,0.30112890806373077,0.3061624874883962,5.59174887109909e-13,0.14636512272929583,0.24635749984256472,-1.401815855854661e-05
2022-07-05,5.927050790223106e-13,9.215376937689468e-13,1.937964515042773e-12,1.5116856449447322e-12,1.5326488276255961e-12,2.569784943598184e-12,7.064991417035477e-12,8.468312312429983e-13,0.0,1.730553805941601e-11,0.30211998302886023,0.30775363830140795,5.504798842247588e-13,0.14493830373577235,0.24520206555336735,-1.3990654242147963e-05
2022-07-06,5.826512048178318e-13,9.035483214616856e-13,1.9206794967562496e-12,1.5170645060735688e-12,1.5168531685146917e-12,2.5302255331996747e-12,6.971001235229011e-12,8.394262710246852e-13,0.0,1.78467569317639e-11,0.30659558009696364,0.31238528959230716,5.60545222923657e-13,0.14199737899575562,0.23903570410825498,-1.3952828470151788e-05
2022-07-07,5.811483717494838e-13,9.23069332329572e-13,1.9246417888713592e-12,1.5073205696836407e-12,1.52109780958255e-12,2.5429274124792862e-12,7.053144419214847e-12,8.492855538645779e-13,0.0,1.8184851465393876e-11,0.3059247915753967,0.3141401580707816,5.720077393010038e-13,0.14150681825460765,0.23844229317793902,-1.4061114384497626e-05
2022-07-08,5.835425576486096e-13,9.137438124111472e-13,1.9139531381331152e-12,1.5148408075269174e-12,1.5569423879419416e-12,2.559279648562121e-12,7.088956936583615e-12,8.545912896318291e-13,0.0,1.819547983070818e-11,0.3054169247515854,0.31548052760772877,5.725334109089016e-13,0.14232954630308964,0.2367870390777065,-1.4037775864092356e-05
2022-07-11,5.821980088879136e-13,8.998360838262241e-13,1.9020027359333548e-12,1.5347429782406562e-12,1.5586832608766076e-12,2.551646846793785e-12,7.250800751792655e-12,8.358863928258026e-13,0.0,1.8630429033299425e-11,0.30485757788054074,0.31339012547324147,5.590806411226861e-13,0.14313295552333563,0.23863333599062508,-1.3994904048242485e-05
2022-07-12,5.746732270256039e-13,8.962369725485756e-13,1.8902704990836318e-12,1.5353595844204031e-12,1.5336536343998562e-12,2.5861938330851045e-12,7.322478361826716e-12,8.295779156583008e-13,0.0,1.8547164825883636e-11,0.30031484034641004,0.3103307892524847,5.551658844623613e-13,0.14700681854374226,0.24236150740373338,-1.395558264131879e-05
2022-07-13,5.731053620184628e-13,8.893113047444564e-13,1.8461773402795197e-12,1.5171755720561511e-12,1.5341259647886887e-12,2.51568219787006e-12,7.302001803820143e-12,8.472274844700656e-13,0.0,1.8741725718775665e-11,0.29800802355514694,0.31188031414252393,5.420799670783352e-13,0.1474833294831749,0.24264212573950047,-1.3792956654893462e-05
2022-07-14,5.759485207172609e-13,9.031797962152772e-13,1.839610078878002e-12,1.5174041102386107e-12,1.5394827382420699e-12,2.4883314402098515e-12,7.34184097793403e-12,8.285903088014265e-13,0.0,1.8801644803130687e-11,0.2962334951640352,0.30826915496248475,5.412300314990774e-13,0.14971813262913308,0.24579303798816693,-1.3820780197216763e-05
2022-07-15,5.658411465695536e-13,8.85659437059519e-13,1.832461427260562e-12,1.4884696813458708e-12,1.5238956180897484e-12,2.4653211119819007e-12,7.293215183746708e-12,8.296414805019332e-13,0.0,1.8048797663191037e-11,0.2903782266833288,0.31425280811708267,5.54473741958896e-13,0.15307264584404223,0.24230998595793415,-1.3666637875694142e-05
2022-07-18,5.511050063275798e-13,8.565826530605164e-13,1.8033693938694768e-12,1.4713058088498328e-12,1.5336452644190737e-12,2.4697538518146814e-12,7.248320216574605e-12,8.116716524749356e-13,0.0,1.7954861200283482e-11,0.29098786320551273,0.3134651254588966,5.394976786951882e-13,0.15349273892500193,0.24206780834642752,-1.3535971078883583e-05
2022-07-19,5.410076474259625e-13,8.427607937233347e-13,1.8018132885610365e-12,1.4553059216673794e-12,1.5504598860071122e-12,2.4653609184993346e-12,7.142236917560288e-12,8.049853117276593e-13,0.0,1.760924208882289e-11,0.28439201976785855,0.31464139991358153,5.431411515840076e-13,0.15395073052010733,0.24702927084449708,-1.3421080800880043e-05
2022-07-20,5.435635938416952e-13,8.655462077727972e-13,1.8020425100504495e-12,1.4527548743811742e-12,1.5325040904794193e-12,2.475873740179223e-12,7.165088581550072e-12,8.191694485903876e-13,0.0,1.745872204059412e-11,0.28546027574241417,0.31586206454742827,5.316097772270029e-13,0.1527523813221763,0.24593882952439355,-1.3551171059150373e-05
2022-07-21,5.501338502248845e-13,8.660018532786798e-13,1.8124199234865283e-12,1.4258510509637287e-12,1.5526731524770978e-12,2.513908895644055e-12,6.963046080836044e-12,8.099788168939996e-13,0.0,1.761243839975075e-11,0.2819986165109281,0.31388095587164067,5.254626180653852e-13,0.15289593921718309,0.25123801737985507,-1.3529014238832834e-05
2022-07-22,5.453818566109984e-13,8.736064156798018e-13,1.794775866739593e-12,1.4101822039649122e-12,1.5661488953111694e-12,2.5405114830157312e-12,7.03463459883227e-12,7.939525372302497e-13,0.0,1.7817567794594948e-11,0.2818833543719552,0.30787300225213726,5.291440972579861e-13,0.15075516819483098,0.2595019830320997,-1.3507885929180808e-05
2022-07-25,5.545473189813028e-13,8.808885562576314e-13,1.8252201082940982e-12,1.4144259824922508e-12,1.5843326814602474e-12,2.5946467681793597e-12,7.0745222873228805e-12,7.929632736978655e-13,0.0,1.783791228950044e-11,0.2863449825835695,0.3135623018500706,5.351702077506785e-13,0.14964933729830504,0.2504569128711476,-1.3534638187366867e-05
2022-07-26,5.483471811865801e-13,8.724628578213498e-13,1.8072728062687812e-12,1.415276447286295e-12,1.612123909280831e-12,2.5821445540608832e-12,7.008943737910444e-12,7.850455296772809e-13,0.0,1.749808539935062e-11,0.28510876914193517,0.31398014176986716,5.338108977008615e-13,0.14996586359534575,0.2509586690114519,-1.3443553263505349e-05
2022-07-27,5.388234651323575e-13,8.77550549500095e-13,1.7931349069975857e-12,1.396711852945853e-12,1.5896629607731147e-12,2.5952034537354794e-12,6.984613945907045e-12,7.659998011281179e-13,0.0,1.7100643967933944e-11,0.2856524697527476,0.31513974551944696,5.419397923353739e-13,0.15479025383760467,0.24443096315086071,-1.343229484431465e-05
2022-07-28,5.431101846376625e-13,8.825205381743619e-13,1.8168679638856486e-12,1.4121264668450404e-12,1.5964214912279009e-12,2.6027238464739195e-12,6.938739090816058e-12,7.8344383172842e-13,0.0,1.7495283485234256e-11,0.2867013745187546,0.3143819729010428,5.363684906897943e-13,0.1571773990442306,0.24175279668755417,-1.3543186189839046e-05
2022-07-29,5.858284673615985e-13,9.09758562951708e-13,1.9264571746672273e-12,1.4742861191316768e-12,1.5715777673150133e-12,2.5008009147505284e-12,6.917729936386895e-12,7.928370840075575e-13,0.0,1.678102506472774e-11,0.3000032463241035,0.3000032463285624,5.414403915039597e-13,0.1529323036641016,0.24707202475934292,-1.0821110112138468e-05
2022-08-01,5.90870444479878e-13,9.10117040641867e-13,1.9205337148183742e-12,1.4582456826766227e-12,1.5506296190807523e-12,2.5299191411502375e-12,6.89321903333117e-12,7.644442302963272e-13,0.0,1.6455722131050728e-11,0.2955294079357418,0.30100564268148733,5.371418324825696e-13,0.15179610536102198,0.2516795936672665,-1.0749679128337657e-05
2022-08-02,5.845973154206751e-13,9.235478003724887e-13,1.8989738720375118e-12,1.4539291281169579e-12,1.5392282843456866e-12,2.523981957372551e-12,6.907566110891404e-12,7.661692259219673e-13,0.0,1.6107400936084483e-11,0.3063437614927127,0.29742816985360077,5.417035413314706e-13,0.14680677715726828,0.24943199533327737,-1.0703870106092061e-05
2022-08-03,5.906279422852806e-13,9.386950105215548e-13,1.8645186510604947e-12,1.473623014188666e-12,1.535410619414923e-12,2.5640658324531696e-12,6.890682383620878e-12,7.657626574969311e-13,0.0,1.6031187480194303e-11,0.3075776679261248,0.2948947498641377,5.305129087770628e-13,0.1513085740042518,0.2462298333252163,-1.0825152915893563e-05
2022-08-04,5.939503500439507e-13,9.528043349896448e-13,1.8658137825568275e-12,1.4704928978884852e-12,1.5510839771548285e-12,2.6202359579894704e-12,6.832801694472209e-12,7.698840960106006e-13,0.0,1.605419499807056e-11,0.31009029996990517,0.29286482417964066,5.302962373704942e-13,0.14856252603054032,0.24849325207738465,-1.09022907124265e-05
2022-08-05,5.967973775518579e-13,9.374174516521511e-13,1.8438701581873796e-12,1.4715092726570225e-12,1.5660224604787998e-12,2.55726050404113e-12,6.783428223793868e-12,7.691604960132121e-13,0.0,1.5361955455337873e-11,0.3110908789226239,0.29892159415352054,5.288356827784223e-13,0.14507837694366724,0.24491999417046795,-1.0844222696020265e-05
2022-08-08,6.110325400248315e-13,9.527145439549506e-13,1.8697402582385895e-12,1.4880158453266593e-12,1.564522000694886e-12,2.5689410195934917e-12,6.824988338878774e-12,7.807416254146255e-13,0.0,1.574216735427804e-11,0.3061605056496945,0.30224971082112073,5.396102100500038e-13,0.1477971497253662,0.2438035518942059,-1.0918123329748762e-05
2022-08-09,6.219963268787768e-13,9.31651568356266e-13,1.830737266849557e-12,1.478207702313671e-12,1.589951229805084e-12,2.5180476672289504e-12,6.738201262187448e-12,7.854181835899072e-13,0.0,1.551827524754869e-11,0.30616830790980765,0.30089954849652106,5.444217857770835e-13,0.14991732943832373,0.24302562823038998,-1.0814107599393678e-05
2022-08-10,6.289043980739495e-13,9.414722311732391e-13,1.8558356919641635e-12,1.491587202582543e-12,1.6033610664674908e-12,2.578330134220156e-12,6.9344897468027605e-12,7.751968156711497e-13,0.0,1.5484237175492213e-11,0.30725055701306253,0.30556006647149875,5.555896107502322e-13,0.15091260467161796,0.23628767380747615,-1.090199650448033e-05
2022-08-11,6.254257533237986e-13,9.534801579236222e-13,1.8075479395005074e-12,1.5175036653310513e-12,1.619533366407702e-12,2.6316939022369984e-12,6.942116164057243e-12,7.554294759027061e-13,0.0,1.5851670354349363e-11,0.31306787114863655,0.30333298615101123,5.58638546850285e-13,0.15004413838193156,0.23356594356254348,-1.0939277385778035e-05
2022-08-12,6.222728265376125e-13,9.288176887443969e-13,1.7652492020295964e-12,1.4775238255002223e-12,1.568229324130667e-12,2.600244008645749e-12,6.953804130758008e-12,7.430941199629928e-13,0.0,1.5838432297372322e-11,0.3172185323326255,0.29593652083332317,5.464127462345451e-13,0.14939688670269224,0.23745884472922724,-1.07846309121589e-05
2022-08-15,6.220297342556644e-13,9.204794543434996e-13,1.7854575718350769e-12,1.4979673223781036e-12,1.5756491472216623e-12,2.5937343462714723e-12,7.080325896577707e-12,7.522034442897683e-13,0.0,1.592656204782762e-11,0.3117739921076786,0.30081337115056567,5.465561866031462e-13,0.1489394579470869,0.23848401023401725,-1.0831472649328391e-05
2022-08-16,6.250041186903621e-13,9.32929952242953e-13,1.8048586805554063e-12,1.5019856110657615e-12,1.5974400372537317e-12,2.6188991277017625e-12,7.071739661681324e-12,7.543271975853093e-13,0.0,1.6126151008740935e-11,0.3113729659459847,0.30024097312685577,5.681092912702465e-13,0.15221110554509001,0.23618583231354406,-1.0876965075907187e-05
2022-08-17,6.306064770082094e-13,9.37390649002786e-13,1.8190270986236217e-12,1.5098217574375999e-12,1.6264587278774477e-12,2.6402168746802035e-12,7.09210950627606e-12,7.683358060627396e-13,0.0,1.6218050755531015e-11,0.31415629175161747,0.30092515796202574,5.70412681502034e-13,0.15117502350121656,0.23375444017239408,-1.0913421066452037e-05
2022-08-18,6.224971565579568e-13,9.210133156944399e-13,1.7956211469040294e-12,1.5017201368341835e-12,1.6230475434763458e-12,2.6223067555517444e-12,6.844086006136732e-12,7.829152101609666e-13,0.0,1.627789842010058e-11,0.3228299689929167,0.29503335173817624,5.874589161791803e-13,0.1480583413222366,0.23408921143316583,-1.0873520074138547e-05
2022-08-19,6.009602288798177e-13,9.001383644936995e-13,1.7620274309738152e-12,1.464944243707286e-12,1.59991194401842e-12,2.566033956177435e-12,6.641763916228198e-12,7.590416399346477e-13,0.0,1.5748807216520212e-11,0.3202232140297893,0.2943319161047834,5.574311586996725e-13,0.14771660716519108,0.23773888574800886,-1.0623080373749783e-05
2022-08-22,6.059281281778234e-13,9.109399799220463e-13,1.7923184829770014e-12,1.469014749594392e-12,1.6130519623075006e-12,2.5379764017586898e-12,6.694399420873783e-12,7.690393894847317e-13,0.0,1.6107272318958817e-11,0.3181530129575965,0.29349235567733617,5.795420311852681e-13,0.14823175969969346,0.24013355497045033,-1.0683338155974411e-05
2022-08-23,6.041007781512311e-13,9.012355348165963e-13,1.8194891401886895e-12,1.4567652347304278e-12,1.5873544003819396e-12,2.517651894815839e-12,6.499155065470386e-12,7.602772376341684e-13,0.0,1.622695155263694e-11,0.3140228650129479,0.2972691186588917,5.925427470664698e-13,0.1500375363551979,0.23868113569231322,-1.0655752316192936e-05
2022-08-24,6.11354043102255e-13,8.968082205896464e-13,1.8363318818034636e-12,1.4578861056055259e-12,1.6179862472793914e-12,2.628781247283926e-12,6.6138569056319316e-12,7.468529632003451e-13,0.0,1.6435281454460606e-11,0.31790909558535707,0.2968274151599735,6.016397831238884e-13,0.14825995637066405,0.23701430005003507,-1.076719947648519e-05
2022-08-25,6.10818519005155e-13,8.814586230966749e-13,1.8342978040093136e-12,1.4251546805975388e-12,1.641391426281748e-12,2.585006218798179e-12,6.549282600129417e-12,7.452957165635665e-13,0.0,1.636179792380668e-11,0.31873572365795744,0.29963781796496153,6.0596766123431e-13,0.14682518118942842,0.2348119675659167,-1.0690411504442583e-05
2022-08-26,6.269804336020371e-13,8.936735433460033e-13,1.8237263781368667e-12,1.4328667679303015e-12,1.641720120234108e-12,2.5916602953150983e-12,6.468610911895419e-12,7.441865267492314e-13,0.0,1.658195210496584e-11,0.30724382277498063,0.30715846742953407,6.20336918417588e-13,0.146527239910969,0.2390812027571262,-1.073290603552509e-05
2022-08-29,6.156619996347788e-13,8.805375476458119e-13,1.8347763268051604e-12,1.4142159155162883e-12,1.5885520438046758e-12,2.5639868722364874e-12,6.39812677929083e-12,7.493910510606095e-13,0.0,1.6312664856137297e-11,0.30940109312595593,0.3047968142628499,6.062520098523434e-13,0.14816585368158028,0.23764686220856354,-1.0623311913821201e-05
2022-08-30,6.136251974873102e-13,8.792054447383887e-13,1.8076204458314077e-12,1.401086343921628e-12,1.583501221002799e-12,2.5494179242743795e-12,6.487374762483148e-12,7.493403915229279e-13,0.0,1.626476552254394e-11,0.3137315907280148,0.3059119974429114,6.045773884175449e-13,0.14769025760578003,0.23267673996400884,-1.058577365554615e-05
2022-08-31,5.858292049523013e-13,9.097597083884618e-13,1.9264596001842186e-12,1.4742879753400985e-12,1.5715797460190442e-12,2.5008040633983104e-12,6.917738646194578e-12,7.928380822336503e-13,0.0,1.678104619297391e-11,0.3000036240449171,0.30000362404937597,5.414410732076003e-13,0.15293249621439856,0.2470723358367974,-1.2080179490873825e-05
2022-09-01,5.856948591464506e-13,9.07318781222543e-13,1.930121503556097e-12,1.4686316567302134e-12,1.5854543463341845e-12,2.5144711088124794e-12,7.01061310568557e-12,7.833643129219078e-13,0.0,1.677313895340878e-11,0.30314471572257773,0.2969075080242775,5.518567312213864e-13,0.15673009752319395,0.24322979012906687,-1.2111433226754692e-05
2022-09-02,5.826255127547381e-13,9.0191244408505e-13,1.9838849287488522e-12,1.4606281338445097e-12,1.6169607994104947e-12,2.472493785845992e-12,6.9139767366940665e-12,7.754276074552542e-13,0.0,1.6697551907021542e-11,0.29956924067994456,0.29271862712143326,5.629197192496579e-13,0.16018534631995965,0.24753888753800732,-1.210169331309827e-05
2022-09-05,5.803235382642321e-13,8.947882297152972e-13,1.955872107914606e-12,1.431984192355183e-12,1.6098863952082201e-12,2.4140657477900303e-12,6.761978505809576e-12,7.812682374200469e-13,0.0,1.6654894937789624e-11,0.3023204827491826,0.2890130131405595,5.450290536065779e-13,0.1605958031102979,0.248082693089131,-1.1992122801159935e-05
2022-09-06,5.829958833143447e-13,8.961220740934211e-13,1.984059570133135e-12,1.421470822571786e-12,1.601198513056544e-12,2.392560107100252e-12,6.797459946006481e-12,7.723988582546179e-13,0.0,1.6541385177375353e-11,0.30231217213446937,0.2829574826629656,5.481916416004861e-13,0.16494950945562745,0.24979287251936938,-1.2036805969518047e-05
2022-09-07,5.961580156193777e-13,9.154231749929263e-13,2.0166398089996613e-12,1.4340503786862294e-12,1.6144727040981107e-12,2.435419232277556e-12,6.816112564155574e-12,7.578875684083793e-13,0.0,1.638364848222684e-11,0.30003903885786665,0.28528295428654293,5.517883625815498e-13,0.1620366583539762,0.25265347796358467,-1.2129495492135903e-05
2022-09-08,6.011845890789289e-13,9.04370016803791e-13,2.0430507806203234e-12,1.4075349683452185e-12,1.6550348283173277e-12,2.4212521905050555e-12,6.825957563737163e-12,7.3720901620844e-13,0.0,1.643458744521704e-11,0.2994987567223664,0.28246704126742495,5.424380261812911e-13,0.16531989885336923,0.252726421851626,-1.2118728359320205e-05
2022-09-09,6.194069919457635e-13,9.135456525316834e-13,2.0651549292076638e-12,1.4428877077760588e-12,1.64779329872583e-12,2.4209449687761126e-12,7.0358102888277584e-12,7.363724247387971e-13,0.0,1.7178066810077714e-11,0.29737020282132187,0.2878338725041959,5.517165374258457e-13,0.15935170554482259,0.25545652357302334,-1.2304477975228728e-05
2022-09-12,6.216242463908117e-13,9.162483348333417e-13,2.0840543544208836e-12,1.4356571799478876e-12,1.6611538798034037e-12,2.3983223631652495e-12,6.8985611216233396e-12,7.225039474000854e-13,0.0,1.7440204512128218e-11,0.28997058239232276,0.28906513962488856,5.489708846270537e-13,0.1590083520817022,0.26196821985969515,-1.2293993335867727e-05
2022-09-13,6.286069729482381e-13,9.361803257055495e-13,2.1172080931781734e-12,1.4554037936733731e-12,1.7341147131213286e-12,2.390690133057586e-12,7.128133986139543e-12,7.406285354333274e-13,0.0,1.8161811959737618e-11,0.285717858408223,0.2910357879344196,5.458166182111618e-13,0.16273502215248878,0.26052381279175324,-1.2481322723252476e-05
2022-09-14,6.325146812980455e-13,9.364179544867373e-13,2.1108286800362018e-12,1.4651107503055003e-12,1.7323119823836044e-12,2.3626505244194607e-12,7.414502739136033e-12,7.372195300300721e-13,0.0,1.7967021230137078e-11,0.2805272820917841,0.2958074825098082,5.502446246474595e-13,0.16432421415295786,0.25935352646828097,-1.250525873988325e-05
2022-09-15,6.309948696840364e-13,9.331496513756528e-13,2.1095975575216826e-12,1.4796253992635697e-12,1.739991975401758e-12,2.3786981776846576e-12,7.467521255874743e-12,7.467824475324793e-13,0.0,1.8075952114520435e-11,0.28607553794884133,0.2926502349771049,5.422988751061214e-13,0.16087228468529358,0.26041444809265457,-1.2505739998936508e-05
2022-09-16,6.211859882195803e-13,9.394188501261666e-13,2.111450004902149e-12,1.5020122095810313e-12,1.729444918338754e-12,2.3775863231150316e-12,7.597072562433348e-12,7.630928132700313e-13,0.0,1.8167871141848798e-11,0.2880964655504913,0.2951761430385995,5.410663831555525e-13,0.16501714288398125,0.25172277678898153,-1.2528298403678118e-05
2022-09-19,6.166113963840323e-13,9.404968421510444e-13,2.114779751327463e-12,1.5202632422091811e-12,1.7488464984061247e-12,2.3611651995137186e-12,7.70535865160755e-12,7.52954528901585e-13,0.0,1.861951559391028e-11,0.2928479219698965,0.2947893631130939,5.362716643976184e-13,0.15993661178687701,0.2524385863274213,-1.2483234204960344e-05
2022-09-20,6.083936192662366e-13,9.303408361214404e-13,2.081821273658483e-12,1.5080964205058142e-12,1.7435176642844318e-12,2.3630970029962245e-12,7.622654170305241e-12,7.623562250436013e-13,0.0,1.8344722952243093e-11,0.29317467930054814,0.30378672890039193,5.380850910598341e-13,0.15848975921031447,0.24456127809786546,-1.2445545623106855e-05
2022-09-21,6.032497174279201e-13,9.266153742791593e-13,2.0599686465751627e-12,1.4699516016752487e-12,1.7146660172036653e-12,2.3921045336420426e-12,7.72177324225408e-12,7.481136685671022e-13,0.0,1.789863620401087e-11,0.29800739814837784,0.3031867851653699,5.437335683351246e-13,0.15261329956635908,0.24620488058327303,-1.2363499458544034e-05
2022-09-22,5.997388062585951e-13,9.292598939473054e-13,2.06847496896587e-12,1.462729633907412e-12,1.692561901286076e-12,2.4024675767869644e-12,7.672461694520383e-12,7.347615599482088e-13,0.0,1.7392304834293086e-11,0.2939297776996857,0.30714567276080945,5.42478776229876e-13,0.1503274059466376,0.24860943355400072,-1.2289996630685684e-05
2022-09-23,5.918305209207726e-13,9.251937814480138e-13,2.053506533148194e-12,1.4680111623293015e-12,1.6514224715867172e-12,2.3638719583187757e-12,7.46387867569086e-12,7.282769494727714e-13,0.0,1.7167721333417922e-11,0.2900180942706544,0.31008611058799096,5.498681254835168e-13,0.14933487763887798,0.25057313911818196,-1.2221650668891283e-05
2022-09-26,5.893088011209256e-13,9.437290142719024e-13,2.1138159711108614e-12,1.4857368016583088e-12,1.6194174166073713e-12,2.361311221573468e-12,7.57184614264661e-12,7.283972952806626e-13,0.0,1.7432339921621084e-11,0.2884953016715214,0.3122056419069782,5.446665772218175e-13,0.149782620054886,0.24952872855688432,-1.2292225660382211e-05
2022-09-27,6.005224742782872e-13,9.715295037964041e-13,2.0975963015221486e-12,1.464480969196811e-12,1.6274434642528926e-12,2.3338381800820085e-12,7.637290761490436e-12,7.420470629772269e-13,0.0,1.7628462855947116e-11,0.2899308821571019,0.3042506846519513,5.493773835046245e-13,0.1512090797930087,0.25462173954098166,-1.2386178696161516e-05
2022-09-28,6.057335924577461e-13,9.822469164257824e-13,2.0961853110826982e-12,1.4481800654354853e-12,1.6305631520562834e-12,2.32257335336754e-12,7.792035587512552e-12,7.4814660860685e-13,0.0,1.7632314614453446e-11,0.2790874300700612,0.3169166648036654,5.482778676683896e-13,0.15245173761851277,0.2515567428250966,-1.2575353142151715e-05
2022-09-29,6.101980529779044e-13,9.819347969462925e-13,2.073871883088536e-12,1.4391987237559988e-12,1.6609980176096331e-12,2.316563288405006e-12,7.760292475876643e-12,7.369891603930068e-13,0.0,1.7561431698052492e-11,0.2801338683331556,0.32231460983593746,5.25889196056891e-13,0.1491146337883702,0.24844943829414826,-1.2550287278897275e-05
2022-09-30,5.858291160510906e-13,9.097595703298965e-13,1.9264593078386178e-12,1.474287751612799e-12,1.571579507527448e-12,2.5008036838943404e-12,6.9177375964085035e-12,7.92837961918267e-13,0.0,1.678104364640349e-11,0.300003578518533,0.30000357852299187,5.414409910424118e-13,0.15293247300646703,0.24707229834288347,-1.192842487710243e-05
2022-10-03,5.952675211589829e-13,9.283585181214078e-13,1.9533422070942425e-12,1.5037649705988459e-12,1.61685780594148e-12,2.5190606427758847e-12,6.801717742070908e-12,7.929907465261681e-13,0.0,1.68782566038028e-11,0.295316773619619,0.29311733476436713,5.369202949922213e-13,0.1559178004700515,0.25566006928119883,-1.1978169363027849e-05
2022-10-04,6.030628517351562e-13,9.424484500295913e-13,1.9603330760529437e-12,1.4803232738231288e-12,1.6151740295101037e-12,2.522104758710057e-12,6.786967673994769e-12,7.97253958643032e-13,0.0,1.7181254797010462e-11,0.29536372642546976,0.28504303135100095,5.348964624764283e-13,0.1567859991683049,0.2628192714882277,-1.2028467427078298e-05
2022-10-05,6.020299800890421e-13,9.508425322051863e-13,1.9738037335585345e-12,1.4866323942238217e-12,1.6396102237221922e-12,2.510274821739709e-12,6.760163303162885e-12,8.002046245738414e-13,0.0,1.7384693183049735e-11,0.2931080006739643,0.2872708865262399,5.360992014996019e-13,0.1580357741530675,0.2615974088435188,-1.2070231434899517e-05
2022-10-06,6.045288311893694e-13,9.588156494972594e-13,1.9928168919629385e-12,1.4976555899543814e-12,1.6861077706197403e-12,2.4970314367439726e-12,6.8052954296847215e-12,7.882923263733052e-13,0.0,1.7214286331352155e-11,0.29402329193883986,0.2876640918775081,5.428995799843503e-13,0.15765695299389085,0.26066782002617217,-1.2156870998732742e-05
2022-10-07,6.197904329895691e-13,9.726863596169485e-13,2.0036860971882997e-12,1.5106846071541898e-12,1.7398177941272253e-12,2.518550156130248e-12,6.820855890278576e-12,7.897948581614361e-13,0.0,1.7256444568195422e-11,0.2913323429970145,0.28555139397293744,5.413524441354557e-13,0.1612514276887917,0.26187712983687683,-1.2294530394281082e-05
2022-10-10,6.194901697723288e-13,9.866723893381587e-13,2.03481319099929e-12,1.5081458472560186e-12,1.7292310030362443e-12,2.4946692817818566e-12,6.895949107219081e-12,7.888226547511271e-13,0.0,1.7068071124301016e-11,0.2882080948342204,0.28760596301369257,5.298231841527705e-13,0.16447603901270144,0.2597222133336181,-1.2310228888169064e-05
2022-10-11,6.085396878910309e-13,9.574958463111012e-13,2.00152046651387e-12,1.4781226010114024e-12,1.7002268465929476e-12,2.5006945425653702e-12,6.801063954529365e-12,7.673915727418081e-13,0.0,1.694946851032252e-11,0.28955775567665204,0.2843557836314854,5.2766952513582e-13,0.16365443598331464,0.2624441320167584,-1.210734250271377e-05
2022-10-12,5.922867986003899e-13,9.558483354554618e-13,2.0058085588540184e-12,1.4432556222119548e-12,1.6679228821060579e-12,2.452879253897756e-12,6.678444497568553e-12,7.558674081057706e-13,0.0,1.7036415442456213e-11,0.29222168384641334,0.27805702087943807,5.156369865942149e-13,0.16622239442217565,0.26351090352843287,-1.2002710564409856e-05
2022-10-13,5.959096162781495e-13,9.655739039583942e-13,2.0159642153084646e-12,1.4598026024753568e-12,1.6701576203178506e-12,2.474800339341883e-12,6.578304715971026e-12,7.526403365893094e-13,0.0,1.703206060747381e-11,0.2894541829353172,0.27710999975166356,5.047878397274744e-13,0.168840470299931,0.2646074112660822,-1.2064287044028588e-05
2022-10-14,5.889550142409064e-13,9.617616027219023e-13,2.032533784933553e-12,1.4573786831078622e-12,1.6636806281707075e-12,2.4839404304157303e-12,6.63974969429189e-12,7.407973219743851e-13,0.0,1.6900758041013818e-11,0.2907580659532503,0.27828065527812484,5.025486978104068e-13,0.16650148874766257,0.26447190629943096,-1.2116312440709532e-05
2022-10-17,5.92865588065704e-13,9.403914845260676e-13,2.052021239472183e-12,1.4406876109760405e-12,1.650296479617781e-12,2.4286574602555028e-12,6.515357901989557e-12,7.293504810063555e-13,0.0,1.6705638031311987e-11,0.28644396390880206,0.28459223514069076,4.882123080565595e-13,0.1654420295706048,0.2635337812787171,-1.2009932358190897e-05
2022-10-18,5.800865076397223e-13,9.36008934171609e-13,2.0196916001459497e-12,1.3834385192363704e-12,1.644477758617081e-12,2.366544396392015e-12,6.350067340933944e-12,7.280897733180183e-13,0.0,1.675193935739596e-11,0.28876198921230595,0.27832944906400076,4.894488755528023e-13,0.16133889019816,0.27158154023387293,-1.1868741589401706e-05
2022-10-19,5.863565612258813e-13,9.622790497801013e-13,2.0738128936167394e-12,1.4128305230904122e-12,1.659768200458906e-12,2.403554489022627e-12,6.274311219341715e-12,7.433121944647897e-13,0.0,1.7084254227141558e-11,0.2797420335363745,0.27723353298027387,4.916324432740079e-13,0.1650902334950772,0.27794627364419555,-1.207368961333959e-05
2022-10-20,5.794660991198149e-13,9.586543327887737e-13,2.0301155470409876e-12,1.408385647345245e-12,1.6525657025484052e-12,2.390989401551889e-12,6.196365003967543e-12,7.549944486914921e-13,0.0,1.6660848619319555e-11,0.2780919802075021,0.2779860909138017,4.817819201173189e-13,0.16671632434381173,0.2772175531578376,-1.1948656067372693e-05
2022-10-21,5.692654886529688e-13,9.66040501596974e-13,2.0306875079304175e-12,1.4237443674433118e-12,1.6794442686640623e-12,2.4084079464357226e-12,6.366009762702225e-12,7.567189032877284e-13,0.0,1.695134825347018e-11,0.27901796640251436,0.2830290045397129,4.79126728480666e-13,0.1662602450924012,0.27170478551595006,-1.2001584209347955e-05
2022-10-24,5.7252289258434e-13,9.72576333914649e-13,2.0637197815523495e-12,1.4417202597573048e-12,1.6795723269004117e-12,2.3805142814572517e-12,6.4262709585929986e-12,7.714197280131181e-13,0.0,1.7300189193749785e-11,0.27909458778982327,0.281853730771259,4.747195495573515e-13,0.1667226809476265,0.27234104086153427,-1.2040404326296031e-05
2022-10-25,5.744656858487938e-13,9.727278544193267e-13,2.0638229189881725e-12,1.4310521308961532e-12,1.70141573989987e-12,2.3866141500127894e-12,6.421455353778439e-12,7.644999110358833e-13,0.0,1.76811889746282e-11,0.2820857239919798,0.2746143820761275,4.819291596014413e-13,0.1698301350965349,0.2734818141279688,-1.2055327090206051e-05
2022-10-26,5.878538158712891e-13,9.82771759871559e-13,2.048801968487736e-12,1.448788904602229e-12,1.7204690624948276e-12,2.387642382223616e-12,6.524586061805616e-12,7.526212698594026e-13,0.0,1.75857745072591e-11,0.27991106789241993,0.27638950223469544,4.896815913050711e-13,0.1717777015614856,0.2719338786671689,-1.2150390298918665e-05
2022-10-27,5.830989297405953e-13,9.682998199672184e-13,2.03715539490492e-12,1.4619043813615098e-12,1.7148570241294089e-12,2.4062661740735705e-12,6.631739803116588e-12,7.440183458483172e-13,0.0,1.812243669046038e-11,0.28558568797209116,0.26778482932854564,4.915352987239827e-13,0.17127165421379184,0.27536993605906895,-1.2107608658853214e-05
2022-10-28,5.765705294513394e-13,9.560776838921825e-13,2.0139319360588797e-12,1.4463550562120762e-12,1.7247812122532438e-12,2.3602403672325667e-12,6.549600108933064e-12,7.222664815506204e-13,0.0,1.8407155158832798e-11,0.28296396048490485,0.2654062369967503,4.935356226661429e-13,0.1751991572607638,0.2764426997383329,-1.2054516002420185e-05
2022-10-31,5.858420133276431e-13,9.09779599072841e-13,1.926501719657661e-12,1.474320208683179e-12,1.5716141065171147e-12,2.5008587401485115e-12,6.917889893336828e-12,7.928554165823933e-13,0.0,1.6781413088199426e-11,0.30001018322460316,0.30001018322906214,5.414529110955587e-13,0.1529358398797483,0.24707773774436226,-3.394411177848643e-05
2022-11-01,5.872147810946404e-13,9.142613478361597e-13,1.9308357750143192e-12,1.4283893380514594e-12,1.606682690735957e-12,2.523642937686614e-12,6.968321935939235e-12,7.944233873503134e-13,0.0,1.6674306200846516e-11,0.3038961567302822,0.294267872499887,5.448481784646652e-13,0.1549675498330326,0.24690244843462367,-3.402753179853849e-05
2022-11-02,5.896770111890803e-13,9.057350573647511e-13,1.912123381482131e-12,1.433373643372751e-12,1.6212200309868623e-12,2.465029156933248e-12,7.023421795158208e-12,7.890074645082661e-13,0.0,1.6343120975360914e-11,0.29999684285539235,0.2993612732444673,5.457222590381566e-13,0.15404963910510816,0.24662628891473085,-3.4044153327091896e-05
2022-11-03,5.911363914724079e-13,9.078549395504299e-13,1.9065998117858554e-12,1.4483654969092667e-12,1.6370085338719744e-12,2.4731466705386126e-12,7.0147703180710685e-12,7.948113274144848e-13,0.0,1.658085597115687e-11,0.30380180583830335,0.29368323330281637,5.34365796313186e-13,0.1518130606665046,0.25073586482237215,-3.396466388543497e-05
2022-11-04,5.758701759741497e-13,9.013916595177205e-13,1.8929260816269557e-12,1.451515426433634e-12,1.6225693771353307e-12,2.4039255754996746e-12,6.848279149219466e-12,7.729806193223733e-13,0.0,1.6354465871116714e-11,0.29484462944280715,0.2977197215677735,5.163276149668053e-13,0.15386541618357488,0.253603813809391,-3.35810368868676e-05
2022-11-07,5.726744785477665e-13,8.826297728613663e-13,1.8735881696295756e-12,1.4104615293932357e-12,1.6178710204170388e-12,2.368555767581681e-12,6.716810288723215e-12,7.491556194588729e-13,0.0,1.5871019699505385e-11,0.2960632162758198,0.2916725709834577,5.078020798071134e-13,0.15359204828756787,0.25870527151774736,-3.310709716329744e-05
2022-11-08,5.749039192401379e-13,8.665234938663161e-13,1.8187730572179882e-12,1.4364202350527298e-12,1.648480892331694e-12,2.35438740415617e-12,6.546539734670736e-12,7.53060356736549e-13,0.0,1.5712251107824286e-11,0.2978767831412757,0.2909095478822922,4.931730355706983e-13,0.1514388414692181,0.25980764605510676,-3.281858009726299e-05
2022-11-09,5.811402294212004e-13,8.740576910508081e-13,1.8482256682280347e-12,1.4391628355623043e-12,1.662155763417839e-12,2.2663379875263133e-12,6.546960891059643e-12,7.659285272043734e-13,0.0,1.5696150690383504e-11,0.2946941178389306,0.2976994234853001,5.01074025236304e-13,0.15469444150942538,0.2529450260166782,-3.300888251548526e-05
2022-11-10,5.782036010276196e-13,8.685163487415921e-13,1.8362032228207693e-12,1.4240518041820465e-12,1.6494920179136174e-12,2.2832297524143084e-12,6.356458531661186e-12,7.82588585147675e-13,0.0,1.5634255842535837e-11,0.298045967403332,0.28947162736997134,4.936457584828957e-13,0.15386314207971705,0.2586521485295372,-3.2885414464149715e-05
2022-11-11,5.716488299693725e-13,8.629855256516278e-13,1.8047268440703624e-12,1.4165130419802684e-12,1.6649321835340144e-12,2.2874832508458456e-12,6.2813179800198746e-12,7.81619874966284e-13,0.0,1.5589339612978785e-11,0.30018903321378587,0.2917398824197572,4.873407848176615e-13,0.15402158341853292,0.2540820213625105,-3.2520446334455324e-05
2022-11-14,5.677708256840569e-13,8.62337308450199e-13,1.8068658869485769e-12,1.3923480449807308e-12,1.6858064468736346e-12,2.210957125415141e-12,6.525252262880377e-12,7.999698715992829e-13,0.0,1.5626064433395858e-11,0.30233654578165764,0.2894956366183491,4.901090953788038e-13,0.15397445241001784,0.254225942673404,-3.257751539596423e-05
2022-11-15,5.669155386893671e-13,8.481606780575731e-13,1.8019280145665004e-12,1.3905916552591166e-12,1.6832066573717613e-12,2.1980622218374027e-12,6.605261734074598e-12,7.935597934222044e-13,0.0,1.5893410180614286e-11,0.30106247124341085,0.28969883813152375,4.87873299887595e-13,0.15699605038907224,0.25227510653452917,-3.246633080491238e-05
2022-11-16,5.781663933597983e-13,8.53759486039948e-13,1.7989295113931908e-12,1.4122400152196809e-12,1.6899637869937723e-12,2.232765557253924e-12,6.4116165958917685e-12,7.998315301392474e-13,0.0,1.575446866423011e-11,0.3007272064604174,0.28917475612380616,4.913486250801734e-13,0.15431110439474768,0.2558196405185198,-3.270752951408988e-05
2022-11-17,5.799524417000714e-13,8.479124113381382e-13,1.797154503977948e-12,1.4162313264939151e-12,1.698908674864823e-12,2.264454617617568e-12,6.307772380324735e-12,7.841715577482939e-13,0.0,1.5777248952470442e-11,0.30163794536063004,0.2955884810285013,4.868486725404603e-13,0.15405823768592822,0.2487477199730551,-3.238408007542322e-05
2022-11-18,5.884935777070133e-13,8.405372265924789e-13,1.7817142140206662e-12,1.403187983395042e-12,1.67679477804921e-12,2.2316215308653905e-12,6.230823948041771e-12,7.650442245369181e-13,0.0,1.617172957648313e-11,0.3036874274390394,0.29869477661079424,4.94416286473998e-13,0.15841307776706576,0.23923692297814736,-3.220482723116283e-05
2022-11-21,5.876159611741555e-13,8.422659655265025e-13,1.7909443028963785e-12,1.4127988293982636e-12,1.68497159738506e-12,2.2611470781673075e-12,6.298738481176074e-12,7.651199793744616e-13,0.0,1.6089847996360983e-11,0.30415718488033855,0.30059170578986333,4.897526342481739e-13,0.1586641595351389,0.23661947813081038,-3.252836837440598e-05
2022-11-22,5.797287810778534e-13,8.229367246047871e-13,1.7528948018549226e-12,1.3746629301969892e-12,1.6614191733154347e-12,2.2089571561095482e-12,6.298787703918685e-12,7.602450135889419e-13,0.0,1.5700118633045628e-11,0.3023683796705424,0.3004621841739042,4.851295840783599e-13,0.16135775096922952,0.23584380873368638,-3.212357900733772e-05
2022-11-23,5.795440452737215e-13,8.167605082482224e-13,1.7501135703484932e-12,1.3501277212586146e-12,1.6376952782862327e-12,2.1994737314507085e-12,6.27278260814099e-12,7.590688700690101e-13,0.0,1.5220631983143077e-11,0.29504086071570607,0.2990423098066587,4.748777357967771e-13,0.1698270579698553,0.23612160370283813,-3.1832226119351057e-05
2022-11-24,5.767184526186944e-13,8.091594228957815e-13,1.7339338851731132e-12,1.3451192881901235e-12,1.6333207383526513e-12,2.1778557446046718e-12,6.2248554964716914e-12,7.704775081425247e-13,0.0,1.5220797795120664e-11,0.28752070118840967,0.3006029606078093,4.859694021964609e-13,0.17340734553035164,0.23850068683929157,-3.169419684034619e-05
2022-11-25,5.82933510792715e-13,8.074934567731556e-13,1.7412062831957775e-12,1.3312236658657248e-12,1.6349991956817528e-12,2.2094711574758537e-12,6.160176134977527e-12,7.592257866779543e-13,0.0,1.5131293868354778e-11,0.2898617144066363,0.2976144815950373,4.994714350818868e-13,0.16895174484205128,0.24360366381972734,-3.1604694309735855e-05
2022-11-28,5.803835729172894e-13,7.951140521762915e-13,1.7507910375197076e-12,1.3312612664793152e-12,1.6177815165571416e-12,2.1683638955670968e-12,6.178222408974477e-12,7.720865019020447e-13,0.0,1.519197898738668e-11,0.29303097143927925,0.29842528679113717,4.885114432688647e-13,0.16511299795490314,0.243462432963852,-3.168918004615389e-05
2022-11-29,5.81499238944044e-13,8.047484835279535e-13,1.7712871762418802e-12,1.3452346472462337e-12,1.6180125805810592e-12,2.1376268138720412e-12,6.235039590386053e-12,7.806659618142271e-13,0.0,1.505080376181288e-11,0.2908330192822438,0.30014466633158843,4.834519671642926e-13,0.16562777625009553,0.24342633015449638,-3.179204923254462e-05
2022-11-30,5.858301039400583e-13,9.09761104465736e-13,1.926462556444473e-12,1.4742902377176462e-12,1.571582157696268e-12,2.5008079010223416e-12,6.917749261852342e-12,7.928392988881345e-13,0.0,1.6781071944430046e-11,0.3000040844172965,0.3000040844217554,5.414419040792804e-13,0.15293273089788748,0.24707271498314776,-1.361475408882017e-05
2022-12-01,5.916655068494342e-13,9.241346835902599e-13,1.9468342555732337e-12,1.4929961602772758e-12,1.6134317548012155e-12,2.5474980890138887e-12,7.088365445888705e-12,8.031374001993429e-13,0.0,1.6750764708448075e-11,0.30310149366951694,0.2878574914035121,5.446630891970767e-13,0.15522437441857945,0.25383047203640774,-1.3831562319686491e-05
2022-12-02,5.953211824797674e-13,9.355177781533902e-13,1.9177402391804703e-12,1.505189630825178e-12,1.5945144951020388e-12,2.5303143240342485e-12,7.133465268197948e-12,8.249690659297598e-13,0.0,1.690624147271454e-11,0.3057402551485724,0.286967822327222,5.443660192719456e-13,0.15785781664896775,0.24944805551019422,-1.3949669444027183e-05
2022-12-05,5.934931147159702e-13,9.23827927128876e-13,1.9182534196430453e-12,1.5087861143422474e-12,1.5488165181096397e-12,2.4901407029837703e-12,6.991486373495198e-12,7.970068988379011e-13,0.0,1.7399740483314712e-11,0.306181088694766,0.2937832265227268,5.477046003766503e-13,0.1544387025121234,0.24561080884411307,-1.3826608448609853e-05
2022-12-06,5.947186173814031e-13,9.247207387512205e-13,1.8997802355606366e-12,1.4776265527491504e-12,1.6052459961194406e-12,2.4773485883930523e-12,6.9377473550357416e-12,7.956705321528646e-13,0.0,1.7376728878323662e-11,0.3115630022817251,0.29223849232824467,5.348528702441645e-13,0.15350548861061827,0.24270679257411473,-1.3775829327248398e-05
2022-12-07,6.074258906825997e-13,9.430164782479747e-13,1.9169485784447252e-12,1.4674483789409407e-12,1.5938770191794254e-12,2.497534303456342e-12,7.024855917888424e-12,7.977867238826198e-13,0.0,1.735578241059918e-11,0.3139662966592647,0.28277369535460134,5.287978447758751e-13,0.15299390023110218,0.2502799883833366,-1.3880663038297656e-05
2022-12-08,5.924050295214612e-13,9.285418721490989e-13,1.888744893870919e-12,1.4638452945214479e-12,1.5907074935010228e-12,2.4531836197115515e-12,6.861090335752352e-12,7.768663434058352e-13,0.0,1.694718397126148e-11,0.3114288980482716,0.27997503232657667,5.252900909029972e-13,0.1538719883857857,0.2547377207971135,-1.3639591775435322e-05
2022-12-09,5.88627712682577e-13,9.3181767017251e-13,1.867483290895399e-12,1.4726733194447066e-12,1.5992395789244699e-12,2.4664974143684445e-12,6.819125608650114e-12,7.638554257356375e-13,0.0,1.6813154465943258e-11,0.3168404081875412,0.2764967998295547,5.286852688102365e-13,0.1551154355744067,0.25156089036930823,-1.3533994661967141e-05
2022-12-12,5.982755297374557e-13,9.079424798416351e-13,1.8501333440690405e-12,1.4630221130398115e-12,1.5896829097179767e-12,2.48715768206556e-12,6.873721657934237e-12,7.712725370776465e-13,0.0,1.6634234722052597e-11,0.3118928545119489,0.27951917541796784,5.250620970823011e-13,0.15132294101376254,0.25727861318523804,-1.3584162617742754e-05
2022-12-13,6.017487146698806e-13,9.15565976872164e-13,1.840479461416287e-12,1.4629255600191084e-12,1.6045493925982773e-12,2.4490996117213948e-12,6.927136361095024e-12,7.68798698299619e-13,0.0,1.6565066595833084e-11,0.3162104325361289,0.2786175230304929,5.07846508384334e-13,0.15425076854955788,0.25093475846397095,-1.3482613793745131e-05
2022-12-14,6.055908411942532e-13,9.098258001668112e-13,1.8539074970823045e-12,1.4741064969227488e-12,1.6044211753718827e-12,2.4521282818820678e-12,6.930274292645024e-12,7.429857227223308e-13,0.0,1.6194605293368083e-11,0.3154673813330606,0.2718591642201465,4.947802491663058e-13,0.1579621976179784,0.25472466408858385,-1.3407293031954156e-05
2022-12-15,6.05818041788953e-13,9.119308507731508e-13,1.849816305509055e-12,1.4844834764712748e-12,1.5920874532924616e-12,2.48474735026294e-12,6.9106431819020014e-12,7.390187162201439e-13,0.0,1.60568022902288e-11,0.31736748389918684,0.2695910660317334,4.992224479446838e-13,0.1615870041996687,0.25146785602352,-1.3410187243522938e-05
2022-12-16,6.039678169189484e-13,9.145450092481896e-13,1.837860026396167e-12,1.4897963084039543e-12,1.6000864379042513e-12,2.5150168587339377e-12,6.842804115153205e-12,7.279627501145685e-13,0.0,1.579088939301691e-11,0.3197749202612462,0.26390951487814185,5.188791033322635e-13,0.1651602283998054,0.2511687195162196,-1.3383088254827392e-05
2022-12-19,6.189685010984226e-13,9.142657897515342e-13,1.9192017832950023e-12,1.5042638192878926e-12,1.62430309930978e-12,2.496061172713969e-12,7.0025923519345885e-12,7.285248478256616e-13,0.0,1.5920052126379765e-11,0.3194720113762719,0.26470926396780764,5.297131119708774e-13,0.164028529581473,0.2518037963473383,-1.3601306148798696e-05
2022-12-20,6.154114311121435e-13,9.27173268278431e-13,1.9061758311279037e-12,1.4707925258002632e-12,1.597937470892263e-12,2.4676113486533296e-12,6.8875424086475074e-12,7.291821762518038e-13,0.0,1.595564963625448e-11,0.31414009864289927,0.2674792527247812,5.220385463761766e-13,0.15926225800212981,0.25913182686403513,-1.3436266924883228e-05
2022-12-21,6.02754259426315e-13,9.171520526217093e-13,1.8869713336094206e-12,1.508117396991081e-12,1.6276611122054974e-12,2.506713264508326e-12,6.834767409354003e-12,7.518437028278265e-13,0.0,1.614689524303542e-11,0.31407677955830426,0.26643464858642146,5.181504473081255e-13,0.15817547722161138,0.26132648273775233,-1.338813739040483e-05
2022-12-22,6.042905388050518e-13,9.160450263595558e-13,1.9160735189070304e-12,1.4555829339971044e-12,1.6364241382735403e-12,2.5278156726132163e-12,6.935362049152779e-12,7.506126895911479e-13,0.0,1.6383061045634506e-11,0.32145561789096816,0.26492368558565305,5.202761282823755e-13,0.16292169270051435,0.2507123769952477,-1.3373206028893179e-05
2022-12-23,6.052466294979848e-13,9.372430789252599e-13,1.9545929604621922e-12,1.4763714579727328e-12,1.640965262531737e-12,2.5199761125808493e-12,6.9373130961483165e-12,7.734834841534745e-13,0.0,1.6546861102599035e-11,0.3202127778634784,0.27096444738135356,5.197391645437568e-13,0.1640186153322081,0.24481763896617717,-1.3479577129009289e-05
2022-12-26,5.962664249182825e-13,9.377275597330397e-13,1.9275300175630917e-12,1.51277088211233e-12,1.6007186224936469e-12,2.495505028584871e-12,6.94290778090772e-12,7.699509485827622e-13,0.0,1.6311770510897553e-11,0.3152955522735951,0.26984908355755677,5.379360072570905e-13,0.16437945704555348,0.25048938953005995,-1.3482440398400448e-05
2022-12-27,6.072075376307155e-13,9.611244637888855e-13,1.8945960581157547e-12,1.527961527892763e-12,1.6482622228566566e-12,2.511000921582959e-12,7.205175922923188e-12,7.969054136566618e-13,0.0,1.640701465305357e-11,0.31439547051498656,0.2706711816632565,5.335907802773869e-13,0.16796076291376835,0.24698624655197549,-1.3661678079738362e-05
2022-12-28,6.020275745243864e-13,9.535716760822397e-13,1.8343863505216223e-12,1.5332444064378457e-12,1.6352546402383967e-12,2.4996060816194856e-12,7.031674448836591e-12,7.927110637183089e-13,0.0,1.6154165788133297e-11,0.32008240650180353,0.2671217329772923,5.367460258613943e-13,0.16652847427229273,0.24628085185838153,-1.3465643343499598e-05
2022-12-29,5.924803136845943e-13,9.571130015788043e-13,1.819806050548776e-12,1.5183810819131515e-12,1.669965168735141e-12,2.49293445758979e-12,6.937170230185263e-12,7.887787158645501e-13,0.0,1.6516630944693284e-11,0.31654462585502496,0.2695713089179901,5.49660642570536e-13,0.1650607351606081,0.24883679206028195,-1.3462027748174351e-05
2022-12-30,5.858355223222504e-13,9.097695189076268e-13,1.926480374426751e-12,1.4743038735276126e-12,1.5715966933657724e-12,2.5008310311634966e-12,6.917813244582417e-12,7.928466319123499e-13,0.0,1.6781227153697673e-11,0.3000068591753324,0.3000068591797913,5.414469119120145e-13,0.152934145383043,0.2470750001753733,-2.2863947542148508e-05
2023-01-02,5.838918618731976e-13,9.054126242356795e-13,1.846675952127725e-12,1.4661558135366137e-12,1.526278888216661e-12,2.4991635333350237e-12,6.9930086795253855e-12,7.755390074046827e-13,0.0,1.6479421521560336e-11,0.3033337652667833,0.2978703592219997,5.530164067598016e-13,0.15275314338490478,0.24606538533354044,-2.2653240856849115e-05
2023-01-03,5.831681097573583e-13,9.112161043136471e-13,1.8087224866629445e-12,1.4649526359993373e-12,1.5222819384905382e-12,2.5180122524357704e-12,6.963348315229736e-12,7.628382165995613e-13,0.0,1.6176156391840426e-11,0.29340830400056045,0.3010492226638422,5.577707867786359e-13,0.15381924608902303,0.2517458333199386,-2.2606106632758e-05
2023-01-04,5.761459211636848e-13,8.928379544627623e-13,1.796982950844983e-12,1.4507808053452551e-12,1.4981475958994485e-12,2.501211816937567e-12,6.8670276916624746e-12,7.388355811608119e-13,0.0,1.5802868491348054e-11,0.2928850001684885,0.29608539255369065,5.655424070542129e-13,0.15745302549947954,0.253599052388195,-2.2470642544223496e-05
2023-01-05,5.679444889352929e-13,9.068506918602882e-13,1.8284316973298916e-12,1.4518323873608071e-12,1.5230366357439814e-12,2.4849282427851152e-12,6.698075496110264e-12,7.313320722747776e-13,0.0,1.5447734289318487e-11,0.2930899875608803,0.29647393113174625,5.60882600819338e-13,0.15630494957764854,0.25415360741120824,-2.247571368450691e-05
2023-01-06,5.584225938256078e-13,8.835299593624215e-13,1.8116743753300396e-12,1.4529063150755072e-12,1.5215696762177887e-12,2.431159317795724e-12,6.510262025145388e-12,7.201422990417185e-13,0.0,1.542673911497538e-11,0.29309992737135465,0.2975505449838376,5.587050398921247e-13,0.1549014079538824,0.25447033213930437,-2.221248025423616e-05
2023-01-09,5.650590664562099e-13,8.858260446242574e-13,1.8572016634771167e-12,1.4989069396973402e-12,1.5267925089141489e-12,2.499220127085055e-12,6.7731318183980135e-12,7.326021118412574e-13,0.0,1.572499843725257e-11,0.29554787708745794,0.2995938308421031,5.727892912472196e-13,0.15300962386260183,0.25187125672847327,-2.2588553272743458e-05
2023-01-10,5.664919563967567e-13,8.877351905245186e-13,1.8685825834943488e-12,1.5348820665623264e-12,1.5325015424916934e-12,2.5246685353445086e-12,6.700840540303751e-12,7.42462885642701e-13,0.0,1.5783493752410516e-11,0.29580507048200744,0.30562554237008105,5.611367906002042e-13,0.14704602383008458,0.25154600050111525,-2.263721599120052e-05
2023-01-11,5.686118659519292e-13,8.885229722424968e-13,1.892258183624339e-12,1.5416628462680504e-12,1.5211427162150772e-12,2.4480851681153168e-12,6.675968233069878e-12,7.529124824993871e-13,0.0,1.5783698644977922e-11,0.2977045677978756,0.30028137207735295,5.670768954097348e-13,0.15138307593966804,0.25065360146177024,-2.2617309306747394e-05
2023-01-12,5.683066446840572e-13,8.970408504130037e-13,1.8658309085878494e-12,1.5635995757228505e-12,1.5453338488680938e-12,2.5266340406973726e-12,6.7278122984377526e-12,7.651753423421995e-13,0.0,1.5861166289199828e-11,0.29340915872039486,0.30245364710853256,5.700092874525672e-13,0.15382311197608345,0.2503369265167655,-2.284435466721109e-05
2023-01-13,5.651522802790935e-13,8.883773954563729e-13,1.8474841555099568e-12,1.5552619464666868e-12,1.5364773430401904e-12,2.5354907484604624e-12,6.675457842167892e-12,7.567105768778361e-13,0.0,1.5589922962809936e-11,0.28993425392076927,0.31093011599433945,5.575224550498166e-13,0.15212926428257978,0.24702906095138444,-2.2695181580836056e-05
2023-01-16,5.56520610011065e-13,8.739414983063893e-13,1.82912641968399e-12,1.5051069931015745e-12,1.5358290898078123e-12,2.5232615971713788e-12,6.479487281580488e-12,7.230291309061476e-13,0.0,1.5333716947391782e-11,0.2982141748252097,0.30980618025320206,5.330275067004152e-13,0.14832495481026517,0.24367708649777772,-2.239641834765225e-05
2023-01-17,5.570422323958181e-13,8.610804910273858e-13,1.8239050348509925e-12,1.4906708334242897e-12,1.513206535348047e-12,2.528331225262076e-12,6.538729504225923e-12,7.307244607297408e-13,0.0,1.5197104048698606e-11,0.3013104208036251,0.3110644973295831,5.336832998113102e-13,0.14651293122238646,0.2411345099892707,-2.235937663983464e-05
2023-01-18,5.510346755653338e-13,8.722455832146776e-13,1.8089424735247205e-12,1.463359354802067e-12,1.4808885852080402e-12,2.483915007956852e-12,6.65473315429744e-12,7.18396006987843e-13,0.0,1.493890123137309e-11,0.29919726866745056,0.3116981115241154,5.224453080198572e-13,0.14319333076996038,0.24593338743053325,-2.2098423554542806e-05
2023-01-19,5.666948183929613e-13,8.959055396284654e-13,1.858978739840242e-12,1.4990656565499286e-12,1.5460924073899311e-12,2.5327479156705656e-12,6.834765247456241e-12,7.170983328729104e-13,0.0,1.4942057049516606e-11,0.31124146789330376,0.3040247605981344,5.287647988092682e-13,0.13800107250705973,0.2467552115069949,-2.251253741496689e-05
2023-01-20,5.701614326728949e-13,9.18306146349992e-13,1.887219176704852e-12,1.500910462613163e-12,1.5832104354667661e-12,2.5610635500645557e-12,6.913295561049922e-12,7.126372315084302e-13,0.0,1.4913951365940525e-11,0.31493046201087443,0.30780947729706604,5.491396169264126e-13,0.1405222490179011,0.23676056292407013,-2.2751282021752017e-05
2023-01-23,5.749233599048326e-13,9.101530126463835e-13,1.878580655682749e-12,1.4957625725135407e-12,1.5798314730800389e-12,2.5310075769149485e-12,6.974059539495972e-12,7.026220437844121e-13,0.0,1.5525942484900723e-11,0.31004455901979905,0.3082225147779382,5.280884480715643e-13,0.14062224959730404,0.24113355654886798,-2.2879976610317575e-05
2023-01-24,5.850080076922837e-13,9.206018407537484e-13,1.91694334217239e-12,1.5559893729171794e-12,1.6300621058911375e-12,2.5412142386841166e-12,6.911565890063579e-12,7.061659641789812e-13,0.0,1.580537528254508e-11,0.307444207041091,0.3112226502973511,5.417466674928997e-13,0.141912931510818,0.2394433304129005,-2.311929527535816e-05
2023-01-25,5.893222256432771e-13,8.997924912753205e-13,1.903231668534802e-12,1.5496492108510687e-12,1.6245561200667064e-12,2.538072275003123e-12,6.944011231195614e-12,7.033515395034403e-13,0.0,1.565156053198283e-11,0.30336501484813067,0.314292649266811,5.338123004303285e-13,0.1436236749673203,0.23874169045686436,-2.302957206378504e-05
2023-01-26,5.879631565013185e-13,9.078327178134169e-13,1.8933599376786766e-12,1.56523363610858e-12,1.6332240022904797e-12,2.525654861097216e-12,7.013138561753204e-12,7.108043501567239e-13,0.0,1.5932059098271015e-11,0.3066694493039384,0.30922348018939294,5.583918792786753e-13,0.14037201765488438,0.24375813840589086,-2.3085587434208112e-05
2023-01-27,5.8382293306924e-13,8.871376854819693e-13,1.8699918634334047e-12,1.5466381634150032e-12,1.640938957514271e-12,2.47520457312786e-12,6.9121570549124744e-12,6.798044633069999e-13,0.0,1.549792692153575e-11,0.3049659239734865,0.30537225361817943,5.514482511275927e-13,0.14091742216096775,0.24876722569344195,-2.282547872073126e-05
2023-01-30,5.87704326594283e-13,8.968515216997007e-13,1.8847371893760467e-12,1.5714927642580383e-12,1.6388537748211876e-12,2.5203797992060053e-12,7.046834863811185e-12,6.933103217837067e-13,0.0,1.5527287984605957e-11,0.30754030898282525,0.29967720877649295,5.694837206135726e-13,0.141538521418328,0.25126687900741046,-2.2918217993603776e-05
2023-01-31,5.858284691068337e-13,9.097585656619598e-13,1.9264571804063146e-12,1.4742861235237063e-12,1.5715777719968828e-12,2.5008009222006368e-12,6.917729956995428e-12,7.928370863694898e-13,0.0,1.6781025114719905e-11,0.3000032472178399,0.30000324722229876,5.414403931169588e-13,0.15293230411970055,0.24707202549539248,-1.0824089233242926e-05
2023-02-01,5.848846736080717e-13,9.043318703136109e-13,1.9243269783878834e-12,1.4939230694048059e-12,1.5762869797972223e-12,2.5265674722751414e-12,6.886989358299086e-12,7.793132543272856e-13,0.0,1.647819187613824e-11,0.30584946089069803,0.3023079678105186,5.433536178026397e-13,0.15551214359009694,0.23634118595063544,-1.0758275647186e-05
2023-02-02,5.924180591835434e-13,8.988596552406124e-13,1.9383005860501825e-12,1.4995509279531563e-12,1.600709729392143e-12,2.5527756990278155e-12,7.064264876810064e-12,7.784495191617816e-13,0.0,1.6644232732685716e-11,0.30000528274387056,0.2998856894700406,5.460579847554261e-13,0.15987700721180406,0.2402428550226632,-1.083448249410536e-05
2023-02-03,5.86619089464913e-13,8.987348571162508e-13,1.983123554227128e-12,1.5034759922969764e-12,1.5965279070217382e-12,2.5724559541223283e-12,7.147205164146323e-12,7.745425340780158e-13,0.0,1.658430189296974e-11,0.30396622814651764,0.3012151731592048,5.51552432562045e-13,0.15792239745537526,0.23690704713091787,-1.0845926214201483e-05
2023-02-06,5.854664990696078e-13,8.883386475162559e-13,1.967852785132002e-12,1.482136462456005e-12,1.5967033684513026e-12,2.5252019567652745e-12,7.05827404821071e-12,7.748627745530398e-13,0.0,1.627600709989077e-11,0.3103113644105203,0.2996292847457016,5.35797514978223e-13,0.15732468451981768,0.23274539294497085,-1.0726654701050882e-05
2023-02-07,5.857645256202674e-13,8.848021343905146e-13,1.9624972538443286e-12,1.4615163953550642e-12,1.6103050828086914e-12,2.4792285684528942e-12,6.928980331051809e-12,7.76263582837758e-13,0.0,1.6133173227329262e-11,0.3127991809634771,0.30405664480058947,5.416935472925427e-13,0.15593082254001123,0.2272240378273331,-1.068616477520574e-05
2023-02-08,5.686035677659741e-13,8.748651813928263e-13,1.9704353561945403e-12,1.4303541983860023e-12,1.610180866078194e-12,2.428260834093815e-12,6.8802455689943846e-12,7.774426877214587e-13,0.0,1.6040484692318706e-11,0.30810567124051647,0.3051151065905687,5.394232534014339e-13,0.15480260861821812,0.2319872054526175,-1.0591935041056197e-05
2023-02-09,5.803728166137324e-13,8.812450849552158e-13,1.996974913042624e-12,1.4497423773041978e-12,1.6350683597794687e-12,2.5431840470970743e-12,7.0151059142293685e-12,7.660052892934721e-13,0.0,1.5786864255471566e-11,0.3109468321915292,0.29921440673565436,5.389837821415868e-13,0.15273146656288986,0.2371180362932878,-1.074181655491883e-05
2023-02-10,5.726866253225831e-13,8.722611112393599e-13,1.968405168405119e-12,1.4077757303290948e-12,1.6236524898032742e-12,2.571693284199223e-12,6.961572228433627e-12,7.51444619872684e-13,0.0,1.5362137697890643e-11,0.30916540462201714,0.3006873664633025,5.344580539488134e-13,0.15295988582758432,0.2371979404546667,-1.0597400196730281e-05
2023-02-13,5.713697773520512e-13,8.603626047407744e-13,1.95830691944666e-12,1.3843640264673767e-12,1.6127281232299676e-12,2.564754441238738e-12,7.070277219480112e-12,7.324456862964987e-13,0.0,1.5608386595380953e-11,0.3108452382699581,0.3028557031067372,5.363420010197914e-13,0.15553010357630864,0.2307794756042823,-1.0520590185666293e-05
2023-02-14,5.633948081399805e-13,8.595782408290661e-13,1.9110479152720555e-12,1.4027957072090923e-12,1.6353896955843966e-12,2.5486334696812745e-12,7.02993708831774e-12,7.311990266094429e-13,0.0,1.562947312620934e-11,0.31346877737701423,0.30180354200242865,5.449221624652432e-13,0.1567136981895249,0.22802449168796185,-1.050928978607162e-05
2023-02-15,5.646143291861299e-13,8.390370633232203e-13,1.8895541227358355e-12,1.403838595174939e-12,1.6044835376980264e-12,2.5327039651898162e-12,7.009600680795732e-12,7.149732869916448e-13,0.0,1.5434574946475278e-11,0.3075500923083059,0.3103804604668384,5.322623792427796e-13,0.15799354715670758,0.2240862988232573,-1.0398787634851144e-05
2023-02-16,5.624826543757176e-13,8.454419487708881e-13,1.9153819481726447e-12,1.428085914050855e-12,1.6458344208980897e-12,2.645940060967462e-12,7.080620892940938e-12,7.130421776798588e-13,0.0,1.5475560799035043e-11,0.3142969506982155,0.3056765203426822,5.581965843914483e-13,0.16156856072476636,0.2184684331035633,-1.046490209806261e-05
2023-02-17,5.631293561054204e-13,8.591848183284846e-13,1.9551439223580618e-12,1.418484511125112e-12,1.6733929760239568e-12,2.6006395307793286e-12,7.129174024980501e-12,7.301438678685357e-13,0.0,1.5237007550183896e-11,0.31762011982945926,0.30504467387395656,5.690125146982472e-13,0.1602783599247907,0.21706739183215157,-1.0545493093510532e-05
2023-02-20,5.468219209198953e-13,8.520305598825763e-13,1.932226854728601e-12,1.3851938299329611e-12,1.660649701121331e-12,2.6087494024041865e-12,7.0381382566825906e-12,7.256904096760501e-13,0.0,1.480566295639327e-11,0.3249872422986707,0.29967206829195575,5.699653852944386e-13,0.16094846077595276,0.2144026659596777,-1.0437358382219944e-05
2023-02-21,5.468936272924086e-13,8.49417415244219e-13,1.892164254570991e-12,1.3723455779287955e-12,1.6393010019407288e-12,2.5792294536590716e-12,6.876955958921155e-12,7.333111888553918e-13,0.0,1.4950442685697606e-11,0.3299186933931461,0.2963633545862468,5.606566122135208e-13,0.15784059187263833,0.21588773728476632,-1.0377168798350613e-05
2023-02-22,5.44839515418936e-13,8.437795635147705e-13,1.9074322580458895e-12,1.37071805399089e-12,1.6132320369708849e-12,2.5420207553578275e-12,6.900548064449271e-12,7.398993117974803e-13,0.0,1.5303756469820986e-11,0.336753527450587,0.29690212436150853,5.493445038745126e-13,0.15322387905264578,0.21313078311987516,-1.0314016932108547e-05
2023-02-23,5.517381158471002e-13,8.641369657274537e-13,1.9266890447406136e-12,1.3968620725945068e-12,1.6174662833972292e-12,2.5767901696798296e-12,7.016828989493748e-12,7.232509720493333e-13,0.0,1.56187713216338e-11,0.3402090416194824,0.2926040926634641,5.290065151223147e-13,0.1530976335878606,0.21409960085261898,-1.0368756247664498e-05
2023-02-24,5.498700510302487e-13,8.697458200126512e-13,1.9470317408908373e-12,1.4147761383335407e-12,1.5792314235248875e-12,2.5464199063486345e-12,7.02416687802729e-12,7.329098451889456e-13,0.0,1.5815931626710777e-11,0.33988612280336356,0.2925353530806871,5.250421450464858e-13,0.15607434587394237,0.2115145968108722,-1.0418601870433472e-05
2023-02-27,5.54277255194056e-13,8.71586919838413e-13,1.946165246835612e-12,1.4042165363991527e-12,1.5533844728404723e-12,2.5255971241401765e-12,6.993969492585576e-12,7.084397475063114e-13,0.0,1.6046621220830175e-11,0.3430994431540469,0.29017326096712115,5.256449784894115e-13,0.1545479452997636,0.21218976692083075,-1.0416374892282602e-05
2023-02-28,5.858415375284025e-13,9.097788601834602e-13,1.9265001550241343e-12,1.4743190112947707e-12,1.5716128301101968e-12,2.5008567090434316e-12,6.9178842748822225e-12,7.928547726545142e-13,0.0,1.6781399458955666e-11,0.3000099395674155,0.30000993957187444,5.414524713475071e-13,0.152935715670909,0.24707753707695138,-3.313192115300015e-05
2023-03-01,5.883481291661457e-13,9.147656063618156e-13,1.895611521282459e-12,1.4876160912168414e-12,1.5924014729768037e-12,2.5079614092458942e-12,7.167123057024304e-12,7.882394298732265e-13,0.0,1.674439593932137e-11,0.30083173958207965,0.2995419333741596,5.302233429856006e-13,0.15202854711324676,0.24763102758485664,-3.324768855924177e-05
2023-03-02,5.959128565575855e-13,9.363392000744547e-13,1.9254296528547716e-12,1.4763337949407392e-12,1.581076369613684e-12,2.5062889953448222e-12,7.35003617187786e-12,7.875206538134642e-13,0.0,1.663897075827496e-11,0.30498208339487815,0.30349662141553485,5.291946965884444e-13,0.1541679623807727,0.2373866149737047,-3.3282199217621496e-05
2023-03-03,5.967041079037878e-13,9.44850353033009e-13,1.9088860634361076e-12,1.4628018674025444e-12,1.5459470360568616e-12,2.558619849616492e-12,7.28237207787513e-12,7.906407895018738e-13,0.0,1.7039600947445402e-11,0.3044138308786714,0.3009336000037991,5.311655476806782e-13,0.15788629667847484,0.23679955953322415,-3.32871288311213e-05
2023-03-06,5.841600196614699e-13,9.188769747810638e-13,1.861009029999845e-12,1.4595386850299966e-12,1.5214500101049805e-12,2.5083032267869965e-12,7.125885546184321e-12,7.821618641876389e-13,0.0,1.676617495887301e-11,0.30738408769856507,0.3050953602037095,5.100887719497957e-13,0.15696260305286486,0.23059082648703433,-3.2877476211400016e-05
2023-03-07,5.790512379429019e-13,9.15866114674879e-13,1.8449281792958196e-12,1.4541325381399286e-12,1.5242176963363385e-12,2.5019775963628994e-12,7.019566862193674e-12,7.703689971098038e-13,0.0,1.6442083544976706e-11,0.31520352652342304,0.29918231190790584,4.963772064868127e-13,0.15692216232318135,0.22872465928989288,-3.266007795184323e-05
2023-03-08,5.755854896924299e-13,9.251039620329528e-13,1.8482779045624244e-12,1.4394238611668924e-12,1.5102456817920084e-12,2.4759044075443918e-12,7.07418516615706e-12,7.639779184443134e-13,0.0,1.636582675462412e-11,0.3061722497668594,0.3090136681085993,4.861127746868442e-13,0.15586841740485108,0.22897818293408978,-3.251824786421023e-05
2023-03-09,5.741147973673295e-13,9.225733463841444e-13,1.8571205169093605e-12,1.4650004455302431e-12,1.524758931355765e-12,2.523624376176696e-12,6.976665894220063e-12,7.676976131635405e-13,0.0,1.6462016928527134e-11,0.31313708350782715,0.30801208735800933,4.829028580142978e-13,0.15746941537878317,0.22141393112293362,-3.2517401109778896e-05
2023-03-10,5.723409344115821e-13,9.20559434664636e-13,1.837201227945076e-12,1.481623432230633e-12,1.5039730863286412e-12,2.517433800608234e-12,6.999472102139342e-12,7.819056552516565e-13,0.0,1.6691133819241227e-11,0.3165082348250568,0.3084859247184368,4.734315316668543e-13,0.15328053583898385,0.22175778776831864,-3.248318457514196e-05
2023-03-13,5.66937426544461e-13,9.251220534686674e-13,1.8440688645817042e-12,1.4721999059473037e-12,1.4765638258635637e-12,2.5232859358884558e-12,6.874561339978794e-12,7.703019612682919e-13,0.0,1.6587270838431466e-11,0.32119738177781576,0.30721786120250266,4.678733456355671e-13,0.1484299469932177,0.22318714590448963,-3.23359115340567e-05
2023-03-14,5.667957509164449e-13,9.328951797228081e-13,1.8503034293843927e-12,1.4971471726723636e-12,1.4844874754565666e-12,2.5398322727908766e-12,6.970458997245033e-12,7.991473533138861e-13,0.0,1.6687582042345136e-11,0.32361062217049996,0.3067790591341385,4.635366427235708e-13,0.14804455195442875,0.22159832819005537,-3.256148291485351e-05
2023-03-15,5.761476571006976e-13,9.32277969165597e-13,1.8963078776673784e-12,1.5256908411440562e-12,1.5002673171347221e-12,2.5662744728587423e-12,6.990235671748042e-12,8.105997305133776e-13,0.0,1.667917268940525e-11,0.31890579267513514,0.3137011469618702,4.711185512202486e-13,0.14656659075851058,0.2208593587299623,-3.288915942622746e-05
2023-03-16,5.747257504006911e-13,9.307373032274806e-13,1.900549485977535e-12,1.5298174939970883e-12,1.4970546153226115e-12,2.556165825177036e-12,7.00952982479582e-12,8.173145691960193e-13,0.0,1.7080079575675738e-11,0.32345176274999937,0.3071188898369954,4.783160594125377e-13,0.14908175660373735,0.22038066065763778,-3.3069882744102036e-05
2023-03-17,5.698524943860704e-13,9.361706997785378e-13,1.91138339656849e-12,1.5189126449249547e-12,1.4792591369030557e-12,2.568283698686826e-12,7.02869726652068e-12,8.172980187763417e-13,0.0,1.6888270345807656e-11,0.3231055920620878,0.31175312486408646,4.78265254606825e-13,0.14542334638740237,0.21975118933216226,-3.3252679935292646e-05
2023-03-20,5.632672548183289e-13,9.37357335735839e-13,1.915269686684425e-12,1.4879618313957432e-12,1.4908835474338762e-12,2.5283261587721044e-12,7.1673108018613775e-12,8.157019354941705e-13,0.0,1.6569008559835758e-11,0.3245438858869423,0.309339810269844,4.769191765523251e-13,0.14953133821374248,0.21661816311413531,-3.319751861619159e-05
2023-03-21,5.634779931674336e-13,9.506725479943185e-13,1.9206028668955414e-12,1.4603838399254358e-12,1.4999162098212993e-12,2.4905052929933975e-12,7.303206328737556e-12,8.061970499697011e-13,0.0,1.6947324388789496e-11,0.3203872012731319,0.3094811785955793,4.832945429166027e-13,0.1516922739075,0.21847253074189085,-3.3184552527760415e-05
2023-03-22,5.618331332062098e-13,9.35675912932467e-13,1.8852215888680748e-12,1.4334931219020478e-12,1.4936312309941476e-12,2.4660418682481287e-12,7.2262692273169454e-12,8.035561379071297e-13,0.0,1.6784926015732706e-11,0.316924234717914,0.3136510019290907,4.636394441828259e-13,0.1537772516643495,0.21568020601758472,-3.269436299311057e-05
2023-03-23,5.663192401252861e-13,9.547624546222146e-13,1.9030959266706753e-12,1.4450230837466365e-12,1.5032147637700552e-12,2.4593152568887615e-12,7.248920099931181e-12,7.982328504846217e-13,0.0,1.6234874496986123e-11,0.32028544344014365,0.3141534306442792,4.626066833471374e-13,0.1549669750307212,0.21062694822293795,-3.279737165847991e-05
2023-03-24,5.789951854146494e-13,9.576900927629403e-13,1.907964392990801e-12,1.4349770389835552e-12,1.5099615379867284e-12,2.5136164202373056e-12,7.381509691867264e-12,8.113550703975583e-13,0.0,1.6214596983652303e-11,0.3141312403512398,0.31446443616441727,4.627309345086709e-13,0.15863023493546788,0.2128070132447719,-3.292472967043161e-05
2023-03-27,5.765572267035141e-13,9.507620069412451e-13,1.862307592344158e-12,1.3786309735642904e-12,1.5061380733139349e-12,2.5087987274386444e-12,7.1078813205613304e-12,8.129951077904935e-13,0.0,1.594779327637366e-11,0.3162604585094013,0.31553531166558635,4.592101850834582e-13,0.15699114651424567,0.21124537106420324,-3.2287786547886146e-05
2023-03-28,5.780610459999943e-13,9.56351680056963e-13,1.8560955749068687e-12,1.382287787190264e-12,1.509216882458819e-12,2.504676549476729e-12,7.1678749759267095e-12,8.146138352909949e-13,0.0,1.565001640159762e-11,0.3177941860064316,0.31836225197620927,4.597930606036906e-13,0.15755971146968725,0.20631633888275444,-3.248836796153127e-05
2023-03-29,5.81004919622413e-13,9.643026983208298e-13,1.869299349685482e-12,1.4012814065474739e-12,1.5156835505835562e-12,2.524736345802756e-12,7.196544416924182e-12,8.241267346316811e-13,0.0,1.54634997253247e-11,0.32661217225111494,0.30577177189045224,4.596073857130273e-13,0.16125974612214888,0.20638884746810016,-3.253776461637969e-05
2023-03-30,5.778023187083366e-13,9.639590886703702e-13,1.859126690943527e-12,1.3995238545404431e-12,1.5007300367209734e-12,2.5566479429612516e-12,7.323587045967572e-12,8.21340004959958e-13,0.0,1.531575645180997e-11,0.32518023715418637,0.30795278927713815,4.508709611340581e-13,0.1587900855499386,0.20810936423948007,-3.247625351253372e-05
2023-03-31,5.858400559658305e-13,9.097765594003618e-13,1.92649528300612e-12,1.4743152828191913e-12,1.5716088555836442e-12,2.5008503845077674e-12,6.917866779915134e-12,7.928527675663106e-13,0.0,1.6781357019675164e-11,0.30000918085798783,0.30000918086244677,5.414511020425592e-13,0.15293532890449224,0.2470769122307979,-3.060288972735459e-05
2023-04-03,5.791950313191985e-13,9.092269223811151e-13,1.9095140086302394e-12,1.4758136980283046e-12,1.5873335798253855e-12,2.5369820196931552e-12,7.0057793795303835e-12,7.907805177067912e-13,0.0,1.6917636792210887e-11,0.29199830679562355,0.3034526937222299,5.285964015207227e-13,0.15891899314088506,0.24566064979636057,-3.0643489339995626e-05
2023-04-04,5.731418869142799e-13,8.943023173802228e-13,1.880096369110852e-12,1.5012342442961059e-12,1.5916436543356744e-12,2.4652648666862382e-12,7.086856160278012e-12,7.972956282289367e-13,0.0,1.6854225585280193e-11,0.28946416336261505,0.31091058012639405,5.168449032282765e-13,0.15801039508638137,0.24164523165404778,-3.0370263599273603e-05
2023-04-05,5.575915813271581e-13,9.015695396494905e-13,1.8306395548521196e-12,1.4844118965879581e-12,1.536699875356147e-12,2.419198177209284e-12,7.030190787457993e-12,7.772751622009396e-13,0.0,1.6556806907984177e-11,0.290919722961491,0.313765950022358,5.046488666547962e-13,0.1561082886333284,0.23923598416987304,-2.994582064958353e-05
2023-04-06,5.677917445556899e-13,9.12880451191311e-13,1.8571951700218678e-12,1.4987052858874898e-12,1.558062405531317e-12,2.4902264333549805e-12,7.1804210807095564e-12,7.948655814138116e-13,0.0,1.672587226019503e-11,0.2961225284026486,0.3119310203940091,5.224379603596542e-13,0.1500842056599626,0.24189255573785226,-3.0310228580939143e-05
2023-04-07,5.61453117283103e-13,8.807601059900206e-13,1.8248244835858343e-12,1.4548459774593805e-12,1.5175847266654118e-12,2.466060031283116e-12,7.0445195279122886e-12,7.553475078213505e-13,0.0,1.661465490228364e-11,0.29188269445720383,0.3142542653867813,5.263592079864994e-13,0.14596472299535926,0.2479279634993025,-2.9646372293285847e-05
2023-04-10,5.667223422506072e-13,8.801848377125597e-13,1.8290304738895894e-12,1.4302767150717923e-12,1.5615403507150074e-12,2.539865638398387e-12,7.012765778311342e-12,7.599497766634877e-13,0.0,1.6521072084290987e-11,0.2862648606307296,0.3161036375385185,5.28364597832381e-13,0.14631239437561233,0.2513490191705534,-2.9911749043655574e-05
2023-04-11,5.730939500447313e-13,8.755508818097575e-13,1.8284099400229803e-12,1.4391053234032902e-12,1.5687187339919501e-12,2.514592257874629e-12,7.0074045376049065e-12,7.642873881818215e-13,0.0,1.6811668829585037e-11,0.29232909848757316,0.3116506659704927,5.291559194287299e-13,0.14774795396956955,0.2483021206052258,-2.9839066773247254e-05
2023-04-12,5.799760940250051e-13,8.835344603135968e-13,1.8128969573644087e-12,1.4575505438781683e-12,1.5594275350388866e-12,2.564127117730535e-12,6.996685905044336e-12,7.683552107859661e-13,0.0,1.7071295975590007e-11,0.2894345644578595,0.3086869473277579,5.276609915951601e-13,0.1499700635298888,0.25193847931037594,-3.0054660103686017e-05
2023-04-13,5.706603972979768e-13,8.659943283615878e-13,1.8036681873063124e-12,1.4427606105422129e-12,1.5874018530872549e-12,2.544752009575096e-12,7.110674600122043e-12,7.495954782777812e-13,0.0,1.664192545127365e-11,0.2926819985987161,0.3153331911936598,5.163499641148893e-13,0.14755259082943148,0.24446202277795645,-2.980343359753649e-05
2023-04-14,5.611397378221705e-13,8.726990791188645e-13,1.8089071163471118e-12,1.4436902441117841e-12,1.5612718687933274e-12,2.5997598882487032e-12,7.0666788631400396e-12,7.557441436417517e-13,0.0,1.66042439472373e-11,0.29427518211260967,0.31731064276733467,5.181538942510546e-13,0.1490017761787727,0.23944220950766665,-2.981060017606261e-05
2023-04-17,5.670334133645333e-13,8.812622752370998e-13,1.8291712331901453e-12,1.4574705067814752e-12,1.5505589164563927e-12,2.5782435872517503e-12,6.915821457362138e-12,7.712425514881834e-13,0.0,1.6970944814866617e-11,0.2983713631518786,0.30862921791989345,5.133850761568925e-13,0.15080851358310007,0.24222096698381249,-3.006167271968384e-05
2023-04-18,5.629805026172543e-13,8.801075300385595e-13,1.8202589770938304e-12,1.452236981271201e-12,1.5309223126135471e-12,2.5978746118035914e-12,6.842036493235727e-12,7.530276398140522e-13,0.0,1.6798161759065415e-11,0.3017265160027378,0.3069462147972007,5.092959948046571e-13,0.14668803809515157,0.24466913488342035,-2.990381225758633e-05
2023-04-19,5.57400431088767e-13,8.759215624724767e-13,1.842469153020845e-12,1.4553204330168066e-12,1.4951512888238372e-12,2.529716043122274e-12,6.811445495099189e-12,7.374408496713492e-13,0.0,1.6749981017617547e-11,0.3014775578786543,0.30223673795349515,5.230469895416909e-13,0.1537564684369621,0.24255902068995666,-2.9784992646048494e-05
2023-04-20,5.633998840446089e-13,8.833014176629594e-13,1.8510106141371235e-12,1.452225109296672e-12,1.4865413981976129e-12,2.5117006993240964e-12,6.900568214820371e-12,7.375768523714138e-13,0.0,1.699479531498912e-11,0.3036073716624746,0.31148639971416686,5.305478863300875e-13,0.15077883136227813,0.23415739677581307,-2.9999548644473642e-05
2023-04-21,5.5895113183737e-13,8.767660396358002e-13,1.8678950331383644e-12,1.450593555894849e-12,1.5055119291714601e-12,2.4666597881782713e-12,6.9838990010277186e-12,7.444341949805205e-13,0.0,1.7328792880589226e-11,0.3038163233465373,0.3132964860881788,5.220990389172142e-13,0.15416684837535674,0.22875030255754097,-2.9960401919427225e-05
2023-04-24,5.692902878150731e-13,8.934035623571564e-13,1.8678611030823317e-12,1.4993800405412202e-12,1.5258513539413118e-12,2.513942897518753e-12,6.913345618859077e-12,7.750160854873468e-13,0.0,1.779469163633701e-11,0.3021633376915181,0.31339546448638256,5.350897933394741e-13,0.1587679642003351,0.2257035041695989,-3.0270582722578385e-05
2023-04-25,5.69812656269505e-13,8.94492157809891e-13,1.831876016475826e-12,1.5128209630060027e-12,1.4850994460484896e-12,2.4709940417279706e-12,6.894571546110704e-12,7.586821873881021e-13,0.0,1.7699861235699398e-11,0.2985345081383661,0.31494124667357204,5.281758369103019e-13,0.158014725024264,0.2285395035890321,-2.9983459880604176e-05
2023-04-26,5.814149062740515e-13,9.13171604478668e-13,1.832402233449395e-12,1.5415335591596317e-12,1.488223732709873e-12,2.4618515258984096e-12,6.97722508934509e-12,7.586961691637521e-13,0.0,1.8157547460499484e-11,0.2931236658289296,0.3146135579711504,5.2141574293001e-13,0.15874671908797347,0.2335464181848742,-3.036110816134996e-05
2023-04-27,5.801578084203964e-13,9.078616264417878e-13,1.858465186048789e-12,1.5010964694276797e-12,1.5109429398072984e-12,2.4453312173318862e-12,6.9719424025690465e-12,7.532725288756266e-13,0.0,1.7817536665957494e-11,0.2932997255220704,0.31755139859846554,5.069197566949702e-13,0.15616441631038402,0.23301481847794428,-3.0358943717691453e-05
2023-04-28,5.858300324983871e-13,9.097609935208505e-13,1.926462321513384e-12,1.4742900579287314e-12,1.5715819660426552e-12,2.5008075960501414e-12,6.9177484182364806e-12,7.928392022018015e-13,0.0,1.67810698979872e-11,0.30000404783195717,0.30000404783641604,5.414418380507268e-13,0.15293271224782184,0.24707268485276085,-1.3492802957815707e-05
2023-05-01,5.774301676174553e-13,9.073005616580586e-13,1.898121737841029e-12,1.494597997507905e-12,1.5540777117478197e-12,2.5026196429870205e-12,6.904203503174901e-12,7.823992997662568e-13,0.0,1.6654944484501666e-11,0.29867833881196365,0.2933795396666727,5.362238893442594e-13,0.15442284257229405,0.25353259564336283,-1.331672810530535e-05
2023-05-02,5.75519247607139e-13,9.139968234865072e-13,1.8640463551680753e-12,1.4897483879852106e-12,1.5616882249960418e-12,2.4462808311264874e-12,6.7826818804139934e-12,7.927708131763584e-13,0.0,1.6128357613147543e-11,0.3026977197904845,0.29601411572822334,5.343698799332338e-13,0.1526085528757576,0.24869277534737547,-1.3163774930439636e-05
2023-05-03,5.672667988176259e-13,9.128908469838481e-13,1.837260370874572e-12,1.501015379685485e-12,1.518635567309447e-12,2.4045317081590065e-12,6.635227086058432e-12,7.674979006602845e-13,0.0,1.5961597294931377e-11,0.300175356382517,0.3017400935682902,5.297676353654943e-13,0.15321964667486446,0.2448778413234667,-1.2937981774121691e-05
2023-05-04,5.736192565073504e-13,9.307946260656457e-13,1.8394323729652065e-12,1.4772503749766586e-12,1.5017716618416819e-12,2.4025052699781394e-12,6.646639385986823e-12,7.716941229913615e-13,0.0,1.589423621982031e-11,0.29580597651031987,0.30248374152675417,5.446821340748601e-13,0.15540798278770523,0.24631517528789804,-1.2876145260044387e-05
2023-05-05,5.783394353492183e-13,9.259494442559926e-13,1.8267287135358255e-12,1.4625309364718425e-12,1.4974319761716397e-12,2.3863015706523493e-12,6.746134024933309e-12,7.655120522391205e-13,0.0,1.635320256258493e-11,0.2932917156358536,0.30291148130039497,5.483657374091465e-13,0.152020871616731,0.2517887859086244,-1.2854494694452095e-05
2023-05-08,5.97016713614119e-13,9.651481624343512e-13,1.8608001459151164e-12,1.5025640888367396e-12,1.5374512616939095e-12,2.4572596511919808e-12,6.787613399572596e-12,7.868956106437958e-13,0.0,1.6877926528485767e-11,0.2906622944642243,0.3012109589019717,5.70960500196669e-13,0.1544947120654578,0.25364522215189045,-1.31876174880717e-05
2023-05-09,6.053467962877429e-13,9.702391150043877e-13,1.8820402331260087e-12,1.5027116579559535e-12,1.5907207646023378e-12,2.4432537708450103e-12,6.9619412290580815e-12,7.878802078049124e-13,0.0,1.704143589599687e-11,0.29278853998209986,0.2965319810079983,5.629973990010649e-13,0.1547792971087079,0.25591339223316795,-1.3210366322543304e-05
2023-05-10,5.902874303609154e-13,9.790665800547463e-13,1.869153796777155e-12,1.4775540902215923e-12,1.6065528677829888e-12,2.4390174359685906e-12,7.066261455701189e-12,7.916789170867691e-13,0.0,1.6978636713289578e-11,0.29469613948686957,0.2940923785506572,5.538947227156748e-13,0.1563100125066715,0.2549146563910431,-1.3186969593448187e-05
2023-05-11,5.899399829499846e-13,9.889939569053365e-13,1.865271173003662e-12,1.4765963489752003e-12,1.5935892637214964e-12,2.450611914253385e-12,7.094395493700586e-12,8.012154410645775e-13,0.0,1.684705706623173e-11,0.2982899444331822,0.29516787537616657,5.44782731611153e-13,0.15994360523767134,0.2466117473347158,-1.3172415988403416e-05
2023-05-12,5.872099586353385e-13,9.646904849833055e-13,1.8806127694312933e-12,1.4332260434417715e-12,1.5967638563613105e-12,2.4191397553083124e-12,6.976139063441765e-12,7.938790446541751e-13,0.0,1.6416355017485706e-11,0.29091548413140766,0.29492805616607487,5.223324463150092e-13,0.15640858009476058,0.2577608920186951,-1.3012444528709847e-05
2023-05-15,5.8519699163199e-13,9.815565898924498e-13,1.879604533090614e-12,1.4500357503020143e-12,1.6189233629624784e-12,2.4686606587709556e-12,6.998620226022984e-12,8.211218987618245e-13,0.0,1.6575306382216506e-11,0.29383920333344643,0.291107686834387,5.228899288694899e-13,0.15783190275349357,0.25723429197220987,-1.3084927438856347e-05
2023-05-16,5.957064844401824e-13,9.683996379400782e-13,1.8941542728606868e-12,1.4571039452487899e-12,1.6107626032655243e-12,2.4294512346634844e-12,6.892705618647299e-12,8.111927544173899e-13,0.0,1.6240005790879084e-11,0.28543730617619273,0.29632313016305156,5.261051792748549e-13,0.15935170529850248,0.25890087543060847,-1.301710178094503e-05
2023-05-17,5.980422892555206e-13,9.850445489330382e-13,1.8861743231795826e-12,1.4624249227288851e-12,1.6293652342644481e-12,2.394231058230481e-12,7.198741378499187e-12,8.135813754586438e-13,0.0,1.6599699427117088e-11,0.2904257979310831,0.29729991007063633,5.287195556224428e-13,0.1554061637332871,0.25688117320431436,-1.3044973416894464e-05
2023-05-18,5.900975367761905e-13,9.716058112766711e-13,1.8765916570386615e-12,1.4341177546510943e-12,1.5731243534016589e-12,2.383122529897446e-12,7.206772146933381e-12,8.091970328629662e-13,0.0,1.65678983063637e-11,0.3010913272955942,0.2925820992986777,5.073875041558459e-13,0.1510222377594749,0.2553171421596515,-1.2806547318295251e-05
2023-05-19,5.915000345933311e-13,9.906315573700386e-13,1.9179609685743057e-12,1.485485233695372e-12,1.6268003858697513e-12,2.4527915603298272e-12,7.1222607650674955e-12,8.345201384482062e-13,0.0,1.693422079536673e-11,0.2979526632744661,0.29398279749505096,5.060264310192601e-13,0.14812503871672134,0.25995253249567885,-1.3032016379614079e-05
2023-05-22,5.7988009932622e-13,1.0045773319800281e-12,1.8912177203799947e-12,1.4892654987759732e-12,1.5765093315370023e-12,2.406744992283525e-12,7.045768746542107e-12,8.138941712751782e-13,0.0,1.6675312020344345e-11,0.29328623304421086,0.2995750872054481,5.033400880758184e-13,0.14765018842951036,0.2595013617642248,-1.2870477380654601e-05
2023-05-23,5.843590054917197e-13,1.005695299360655e-12,1.8884038772160158e-12,1.4951147374991766e-12,1.6019175590709481e-12,2.4465396259326162e-12,7.037629230969592e-12,8.244957815761919e-13,0.0,1.6720457446829063e-11,0.2916806132102375,0.2993255846384478,5.163486953170837e-13,0.14823803133180538,0.2607686634813964,-1.2892696008125323e-05
2023-05-24,5.724437193054278e-13,9.957469810419067e-13,1.870761145807646e-12,1.4709332249951334e-12,1.591605505738857e-12,2.4168491270870902e-12,6.99842881283507e-12,8.204523127391597e-13,0.0,1.65080434161527e-11,0.2901390094664579,0.30331902648612274,5.153159515364216e-13,0.14550697301711674,0.261047793336798,-1.2802340255754165e-05
2023-05-25,5.849393906410405e-13,1.0106493739821316e-12,1.8924774658297996e-12,1.4916181612242397e-12,1.6287041792201522e-12,2.464261116940706e-12,7.0926940376387325e-12,8.377101558225002e-13,0.0,1.6217774109246753e-11,0.2925907076399795,0.30546810384410716,5.134361947758625e-13,0.14857836068700964,0.25337569935892806,-1.2871563758643624e-05
2023-05-26,5.766521553139242e-13,9.96502773680881e-13,1.842117275622151e-12,1.503420314642548e-12,1.5873224850633307e-12,2.4236116596985882e-12,7.115025390079045e-12,8.377988242355744e-13,0.0,1.6243501441194356e-11,0.29135278094832096,0.3146764075915798,5.125106005494473e-13,0.1468924986633007,0.24709106386962135,-1.2751106461303698e-05
2023-05-29,5.706111616797036e-13,9.847733847419413e-13,1.863005664350375e-12,1.4986406816105322e-12,1.5928551990340606e-12,2.4624356695685274e-12,6.865861402393503e-12,8.501883802135874e-13,0.0,1.6300574092786478e-11,0.2865289750936138,0.3096876915892634,5.152866379168747e-13,0.15279664651697492,0.2509993911146768,-1.2704348033269981e-05
2023-05-30,5.810687561156179e-13,9.890757359935268e-13,1.8626926077707608e-12,1.4946963763002958e-12,1.5935592019532647e-12,2.413072895401561e-12,6.842668485318204e-12,8.489173324644314e-13,0.0,1.6440928417653585e-11,0.2901071940361825,0.31165617568063886,5.134175263818866e-13,0.14831508935245866,0.24993432269615337,-1.2781799013604507e-05
2023-05-31,5.858274441305271e-13,9.097569739315753e-13,1.926453809841261e-12,1.4742835440854826e-12,1.5715750223353946e-12,2.500796546753167e-12,6.917717853607363e-12,7.928356992070842e-13,0.0,1.678099575432851e-11,0.3000027223266191,0.300002722331078,5.414394458028497e-13,0.15293203654651744,0.2470715932136146,-9.074451830842706e-06
2023-06-01,5.878442744974525e-13,9.006169588859648e-13,1.8673509194370693e-12,1.4615352859477077e-12,1.5584559526479692e-12,2.4775400427029596e-12,6.815202427336824e-12,7.902054664176251e-13,0.0,1.6668477912518095e-11,0.30010616724355477,0.29596181981544284,5.334701507452212e-13,0.15580263614546025,0.24813838975540115,-9.012993519674118e-06
2023-06-02,5.913852288874489e-13,9.102013947198467e-13,1.8747272770662904e-12,1.4746032326253829e-12,1.526022778866723e-12,2.479966651239324e-12,6.7874868245841034e-12,8.07712612129005e-13,0.0,1.6480329165856967e-11,0.30146709118386605,0.29636435379154374,5.36949250806855e-13,0.15269637741135283,0.24948117279169196,-8.995211923975696e-06
2023-06-05,5.894022433600123e-13,9.11733749911175e-13,1.857938378272712e-12,1.463073349609737e-12,1.5460957929554068e-12,2.4439457456985944e-12,6.69103349175478e-12,8.063134560143122e-13,0.0,1.623864304648973e-11,0.30170296923381024,0.28858507501558395,5.270028106828605e-13,0.15827707650385386,0.2514438618463167,-8.982632639758187e-06
2023-06-06,5.84537158458701e-13,9.14511375851047e-13,1.8671625510037095e-12,1.4780974177519333e-12,1.542015263310166e-12,2.4718958271391178e-12,6.500220527012313e-12,7.934427674299741e-13,0.0,1.6306110980651247e-11,0.2969736293874637,0.28958722968990563,5.207830509145853e-13,0.15734611002808585,0.25610200084688817,-8.969985322081818e-06
2023-06-07,5.938579981545642e-13,9.11912977517535e-13,1.8594229853389744e-12,1.481985499189268e-12,1.5529373825878303e-12,2.4692810075813053e-12,6.6407188089803555e-12,8.033247997637162e-13,0.0,1.6106398630368006e-11,0.30488026857736206,0.27791296137062776,5.32437543366899e-13,0.16125053180418727,0.25596527185349816,-9.033638627421168e-06
2023-06-08,6.002898226117357e-13,9.102803558368005e-13,1.8585847029329363e-12,1.4861269993941095e-12,1.6113159932841783e-12,2.5092285170981336e-12,6.696769499049642e-12,7.921565614437923e-13,0.0,1.5888461016257902e-11,0.3086610668102561,0.27832914739881237,5.214973713588768e-13,0.16135753457471205,0.2516612723659482,-9.02118260363134e-06
2023-06-09,5.930547602210227e-13,8.902427576257613e-13,1.834212598407348e-12,1.47886747933501e-12,1.5887803729915267e-12,2.4633939922186267e-12,6.625865982481261e-12,7.893685015245224e-13,0.0,1.5741980555581954e-11,0.31108970072508213,0.2773251932489639,5.151732661548884e-13,0.16109942482848846,0.25049457913928175,-8.897974337121785e-06
2023-06-12,5.937452160988767e-13,8.66873777021613e-13,1.7928877601457365e-12,1.487193922091602e-12,1.5506876009622622e-12,2.4617817715334988e-12,6.5565112450928175e-12,7.737790311850756e-13,0.0,1.5701714335040032e-11,0.3199072462853133,0.2728653862615829,5.252408251866564e-13,0.16123413241196924,0.24600207861373982,-8.843604915610458e-06
2023-06-13,6.015116472555434e-13,8.766474753451681e-13,1.8035274852316073e-12,1.500051300542899e-12,1.5480688127168328e-12,2.449436035003864e-12,6.661185887680931e-12,7.757111042145502e-13,0.0,1.5860482943835223e-11,0.32313614682755515,0.26783281210619914,5.402213312389711e-13,0.16253670191603573,0.24650322949489437,-8.890377301208978e-06
2023-06-14,6.047783719598096e-13,8.799620356697877e-13,1.82103048689596e-12,1.5114818289406662e-12,1.563858565645974e-12,2.49558788929253e-12,6.750891458022386e-12,7.751497779777475e-13,0.0,1.62971300385003e-11,0.3224199490006229,0.26613877545058356,5.246541156203501e-13,0.16382060709678894,0.24762956907688305,-8.90065810292352e-06
2023-06-15,5.926871317205755e-13,8.789308380170197e-13,1.8009022329406247e-12,1.5492800348135246e-12,1.5442714998084115e-12,2.4677162641366574e-12,6.633894359702696e-12,7.847925124779411e-13,0.0,1.6025061500782132e-11,0.32432333859678997,0.2585260866064756,5.275296064064874e-13,0.16822314422158266,0.2489362781623592,-8.847620012580172e-06
2023-06-16,6.015927537698013e-13,8.946282900457507e-13,1.850656331165027e-12,1.5849676472576977e-12,1.566583323925996e-12,2.518998382236615e-12,6.614347759952109e-12,8.006805225957081e-13,0.0,1.608043726470568e-11,0.31098131959098474,0.2626864946522097,5.26417025105825e-13,0.17322661508008483,0.2531144956397238,-8.924996042371137e-06
2023-06-19,6.111439980050789e-13,8.894438995971273e-13,1.8812445994702663e-12,1.631835951960406e-12,1.5895271741130226e-12,2.5581188278715427e-12,6.6651028093941876e-12,7.990210943192814e-13,0.0,1.5790369303698213e-11,0.31057261862376223,0.25624590532858366,5.228025473667481e-13,0.1762287670240584,0.256961678632636,-8.96964197874895e-06
2023-06-20,6.166134936756957e-13,8.985451532785893e-13,1.8586470170151697e-12,1.6387552543620724e-12,1.5898972133845442e-12,2.5583386650823955e-12,6.777052877743042e-12,7.961184475892245e-13,0.0,1.5412273396351405e-11,0.3117983256776907,0.2537530613496206,5.28139760964454e-13,0.17470623954897704,0.2597514171624836,-9.043771446468228e-06
2023-06-21,6.16307361753977e-13,9.145744692228114e-13,1.8703590768368495e-12,1.6057091370815396e-12,1.5670150252902096e-12,2.5627437931208855e-12,6.698991842416714e-12,7.634530392648357e-13,0.0,1.5602072843836463e-11,0.3147915735984904,0.25145129017638584,5.327462156586732e-13,0.17267893582380628,0.26108725022696677,-9.049858383114767e-06
2023-06-22,6.080573068361263e-13,9.242443526000342e-13,1.8300576465271107e-12,1.620840742354106e-12,1.5605163534958919e-12,2.534975677064745e-12,6.6834636409692144e-12,7.67888705406517e-13,0.0,1.560769800512672e-11,0.30887185170633974,0.2505746958055716,5.473075740974337e-13,0.17614534907942456,0.26441710863779855,-9.005261819469489e-06
2023-06-23,6.172344871399861e-13,9.378129127719167e-13,1.8669902720333774e-12,1.6246125111858959e-12,1.5465497710790774e-12,2.5566577873918228e-12,6.66056128619159e-12,7.622493018528966e-13,0.0,1.633562981912901e-11,0.3119685177384564,0.25407884472956516,5.397844118727316e-13,0.17157351021623174,0.26238819845537475,-9.071173076235328e-06
2023-06-26,6.398379761934016e-13,9.623969965042783e-13,1.921866011521377e-12,1.6757502837619328e-12,1.5705131876885123e-12,2.6616587478117606e-12,6.754903230519815e-12,7.952608686791442e-13,0.0,1.6247219664547236e-11,0.31528323794529944,0.25210905773604014,5.635058236220315e-13,0.17545805743717874,0.25715892232143744,-9.275473748819171e-06
2023-06-27,6.441976664366738e-13,9.603047209915938e-13,1.8973367828741643e-12,1.7137049457867914e-12,1.5778530298958e-12,2.660647817929483e-12,6.741493545704154e-12,7.808962561941845e-13,0.0,1.6629283912060075e-11,0.31397075114304307,0.2531020304700404,5.452535502751934e-13,0.17186620626775162,0.2610703158805603,-9.303795546282563e-06
2023-06-28,6.429202089150802e-13,9.719687046491688e-13,1.9143070015677464e-12,1.6998598164533981e-12,1.5783169857568113e-12,2.6355645566124143e-12,6.891261891693765e-12,7.893753169168492e-13,0.0,1.6592949600677507e-11,0.3196286615233157,0.2542414506625851,5.572497992012792e-13,0.1641474017237014,0.2619917365512392,-9.250495115153247e-06
2023-06-29,6.34957943593257e-13,9.818051507396867e-13,1.931678412720643e-12,1.6878015927771587e-12,1.5957924778834276e-12,2.675830357635152e-12,6.8472508073063446e-12,8.11012004709304e-13,0.0,1.641701349323232e-11,0.3217530787065157,0.25089413476233413,5.540576491737051e-13,0.16715117800984705,0.26021078730256103,-9.17881539505742e-06
2023-06-30,5.858438238408776e-13,9.09782410697762e-13,1.9265076734076142e-12,1.474324764990492e-12,1.5716189635059863e-12,2.500866468917947e-12,6.9179112727034856e-12,7.928578668594168e-13,0.0,1.6781464950254038e-11,0.3000111103899393,0.30001111039439826,5.4145458442666e-13,0.15293631251973622,0.24707850132482245,-3.703466289883542e-05
2023-07-03,5.885820186945917e-13,9.181149651362606e-13,1.9492205102363826e-12,1.4609113075919612e-12,1.5830477491309348e-12,2.483876272605947e-12,6.792756683183555e-12,7.840441118420229e-13,0.0,1.695324826731182e-11,0.30626623739790804,0.2931958047691397,5.460016058191912e-13,0.14999387365591454,0.2505811807159407,-3.7096572962794646e-05
2023-07-04,5.81616304335219e-13,9.029324730641841e-13,1.9543891113846415e-12,1.4425110906560863e-12,1.5677095016240648e-12,2.3990800615891654e-12,6.83949334289464e-12,7.885709008266077e-13,0.0,1.6456515186345376e-11,0.31048156689464346,0.288255564256467,5.386004170142688e-13,0.1554314238090223,0.2458683121718507,-3.686716545495899e-05
2023-07-05,5.863281697845006e-13,9.090777912854069e-13,1.9648564964940004e-12,1.4488661153652206e-12,1.5767585075105602e-12,2.4103896826914715e-12,6.843259695055859e-12,8.064871085165022e-13,0.0,1.6739697095358423e-11,0.3150450456263247,0.2920572987309525,5.499330044426911e-13,0.1553943938453768,0.23754016149453952,-3.6899731029112414e-05
2023-07-06,5.864464108535389e-13,9.007795557876745e-13,1.9511677317253653e-12,1.4296036022577367e-12,1.569182992582714e-12,2.394410778696645e-12,6.630702604132871e-12,8.153708147913303e-13,0.0,1.6916433504067943e-11,0.31437701125263123,0.29213698559858975,5.465415253769663e-13,0.1558444079719435,0.23767852021262273,-3.692506952789802e-05
2023-07-07,5.88534285259118e-13,9.267746521884464e-13,1.942216733923589e-12,1.458224223887413e-12,1.5856110410815005e-12,2.4815553209880007e-12,6.739602861030478e-12,8.207843087706823e-13,0.0,1.712759311129318e-11,0.3122273571326932,0.29179404911581963,5.357539682630865e-13,0.15505883668462944,0.24095710294738973,-3.7345914738498004e-05
2023-07-10,5.872290071733315e-13,9.036561893973519e-13,1.929675889628101e-12,1.460376384300135e-12,1.5746775755922697e-12,2.4493362665315826e-12,6.669479185773351e-12,8.105520270952857e-13,0.0,1.7091601401366573e-11,0.32235222314285567,0.28677161325493494,5.302599897091717e-13,0.15418895640556596,0.23672435750603463,-3.715034339795779e-05
2023-07-11,5.973353160355314e-13,8.879621033140257e-13,1.9317005025159965e-12,1.4841822520302911e-12,1.5798463654502256e-12,2.4403030292158534e-12,6.7556794506596844e-12,8.266779146706783e-13,0.0,1.6997632332164084e-11,0.3270225610683143,0.28684331876270036,5.410082031778782e-13,0.15948425059392443,0.22668726377534645,-3.73942343278134e-05
2023-07-12,5.926949430030499e-13,8.647021001770785e-13,1.9652716576947094e-12,1.4633338230974791e-12,1.5803041915745641e-12,2.4180551166627936e-12,6.624734391035267e-12,8.088522134629862e-13,0.0,1.710217155169787e-11,0.33443681461356617,0.2846712696476837,5.391339316399096e-13,0.1573681189440688,0.2235608542554817,-3.705749475955502e-05
2023-07-13,5.821831323264026e-13,8.585632045795846e-13,1.9331034158387104e-12,1.4591519507231108e-12,1.5711224485929505e-12,2.407968163055586e-12,6.721621066568947e-12,8.02135046434869e-13,0.0,1.7510374130907383e-11,0.33888560665962153,0.28798401777160076,5.321404591821615e-13,0.1568244148170729,0.21634271552959675,-3.675481227020832e-05
2023-07-14,5.754290618214535e-13,8.469921391169539e-13,1.9023014137224462e-12,1.4524950062557863e-12,1.5231112229428507e-12,2.418856768169391e-12,6.694074567525795e-12,7.88476574221258e-13,0.0,1.7358926630015515e-11,0.34168863577665964,0.28388164341066824,5.250004154898211e-13,0.15438564921731954,0.22008022237213315,-3.61508108660585e-05
2023-07-17,5.748472052842714e-13,8.488651760294128e-13,1.937263685801592e-12,1.4586801340385937e-12,1.548153542040669e-12,2.3968734732512603e-12,6.69324013143507e-12,8.07218026413607e-13,0.0,1.7365593009242127e-11,0.344057872661722,0.27992614554861284,5.226615663346755e-13,0.15514353258994493,0.22090868252831256,-3.623336274574367e-05
2023-07-18,5.841223857698885e-13,8.65574566088176e-13,1.9271278733269275e-12,1.466495532808221e-12,1.567237922439139e-12,2.453565031643563e-12,6.78625721874665e-12,8.13941411981842e-13,0.0,1.762166569195063e-11,0.3403389351743562,0.28204503410363246,5.383598944963417e-13,0.1552316231845644,0.22242077825551437,-3.637075269186536e-05
2023-07-19,5.866571574386994e-13,8.50944354515037e-13,1.940476376697224e-12,1.4814778817202646e-12,1.5680114406612217e-12,2.4336571811589473e-12,6.751330110237003e-12,8.283861393907446e-13,0.0,1.812390310483922e-11,0.33523872910672475,0.2881013947955623,5.358165190537276e-13,0.15466307611249905,0.2220334051522438,-3.6605202130541626e-05
2023-07-20,5.962581242514218e-13,8.675059875842101e-13,1.957202370762256e-12,1.4944819831911468e-12,1.5922197171915268e-12,2.475337264732198e-12,6.925716208172669e-12,8.213078034384562e-13,0.0,1.7999800726739444e-11,0.33828406319025434,0.2898568880579869,5.407171809844162e-13,0.15393484430975707,0.2179611548194082,-3.695041267692276e-05
2023-07-21,5.877573731422885e-13,8.712663141236984e-13,1.959196246370494e-12,1.4913870279156972e-12,1.6271057775743397e-12,2.4622246649256254e-12,7.0991498467490045e-12,8.451109529086189e-13,0.0,1.8131916113121922e-11,0.33808675019153384,0.27726419570686334,5.301701678008035e-13,0.15704596954030525,0.22764023602069028,-3.7151494997933095e-05
2023-07-24,5.969443820471147e-13,8.803014946469775e-13,1.9726517581546242e-12,1.5310090264818117e-12,1.6815066608893552e-12,2.4612604248938965e-12,6.9573936667536166e-12,8.259269308175387e-13,0.0,1.825093535634198e-11,0.3415746824841483,0.27086923951116965,5.270302541086278e-13,0.1573588466118858,0.23023463707868147,-3.740572157006827e-05
2023-07-25,5.787271607533889e-13,8.47692220315881e-13,1.9035276767955833e-12,1.5106756859320641e-12,1.6414040041906528e-12,2.414306398893412e-12,6.6895827412341665e-12,7.70264312959488e-13,0.0,1.7526497573822377e-11,0.33437543886002397,0.2782889685474282,5.193077026719907e-13,0.16082314272539108,0.226548843878363,-3.639404560824621e-05
2023-07-26,5.756229282197763e-13,8.512036634141063e-13,1.941376728698229e-12,1.5434208670637277e-12,1.6310816962451638e-12,2.423915646962796e-12,6.565555114781101e-12,7.798787138548412e-13,0.0,1.7552148893280065e-11,0.3310514185169409,0.28023176900242847,5.235967471086588e-13,0.1612152637895606,0.22753795696186555,-3.640830518337295e-05
2023-07-27,5.730793800086378e-13,8.574174890762915e-13,1.9514759108822146e-12,1.521901049875338e-12,1.606763610706634e-12,2.4096332134085044e-12,6.613516656282052e-12,7.79495648831196e-13,0.0,1.7578839929637615e-11,0.32845553427485175,0.2836904296615695,5.253691563054259e-13,0.15990262045714743,0.22798771541345134,-3.629984143762238e-05
2023-07-28,5.905457894189749e-13,8.677007115519388e-13,1.9950244366711713e-12,1.5479207930232776e-12,1.6440843064535416e-12,2.4323687442120635e-12,6.7426241465911735e-12,8.060091948347929e-13,0.0,1.7527715681743613e-11,0.32741532880124774,0.2831369474620401,5.405052059055814e-13,0.15864529660459453,0.23083936694627988,-3.693984885687233e-05
2023-07-31,5.858330612554227e-13,9.097656970096732e-13,1.926472281375437e-12,1.4742976800480116e-12,1.5715900911637189e-12,2.5008205252927227e-12,6.917784183181993e-12,7.928433012018162e-13,0.0,1.6781156656570237e-11,0.30000559886095907,0.300005598865418,5.414446373196024e-13,0.15293350291406038,0.2470739622251915,-1.8662899630824163e-05
2023-08-01,5.897357683726501e-13,9.382714826564064e-13,1.922865141854009e-12,1.4735770892630058e-12,1.5834912538545583e-12,2.5282483225014643e-12,7.0867597076573816e-12,8.073634030960653e-13,0.0,1.6945877849310174e-11,0.30201870522808133,0.2989124873538525,5.394057586999389e-13,0.1576698006919324,0.24141788328836647,-1.8876596648306723e-05
2023-08-02,5.94629346647574e-13,9.28610695525297e-13,1.8938229675111104e-12,1.475987491109441e-12,1.6011504193928552e-12,2.5471976584280093e-12,7.0868924302169095e-12,8.143198883992249e-13,0.0,1.6697338708309895e-11,0.2956007152235445,0.30308251712939527,5.322744590279692e-13,0.15905515073319132,0.24228035995098687,-1.8743071290170917e-05
2023-08-03,5.931625117106089e-13,9.284059621418829e-13,1.9313820241824e-12,1.4713599193335324e-12,1.612943932330555e-12,2.536443790980666e-12,7.098485813679791e-12,8.186096201162196e-13,0.0,1.6546909619206982e-11,0.29875598545463383,0.3005691737714687,5.27890621228141e-13,0.15728797901821565,0.24340570838121459,-1.8846659598193842e-05
2023-08-04,5.987597725621504e-13,9.430763511373386e-13,1.9173435094195927e-12,1.5085584380862353e-12,1.5942657901957796e-12,2.573368615693224e-12,7.034183221716926e-12,8.09086489606734e-13,0.0,1.654619936256233e-11,0.30180255405541045,0.30421651147062106,5.195953082858601e-13,0.15458960087105794,0.23941018621887655,-1.8852650010457357e-05
2023-08-07,5.970470518846729e-13,9.393932373285853e-13,1.894346685486105e-12,1.5106126450956038e-12,1.635294559388872e-12,2.552451529529577e-12,6.9815623224428335e-12,8.141871163613537e-13,0.0,1.669193945560701e-11,0.2978358410252038,0.3131461271723266,5.219683903269467e-13,0.15262340923066764,0.2364134373244949,-1.881478683154941e-05
2023-08-08,5.931155902179593e-13,9.508161191219025e-13,1.8652544494426536e-12,1.4965586727712463e-12,1.6214984717471107e-12,2.5478605907192197e-12,6.945103859375085e-12,7.957567777689944e-13,0.0,1.6641411692553902e-11,0.29437769335909664,0.3163207042818252,5.296429036854303e-13,0.15219648685901446,0.23712389380252188,-1.8778336445224628e-05
2023-08-09,5.920867969947632e-13,9.648463366166866e-13,1.921555959203676e-12,1.5178207134262826e-12,1.6378114389362993e-12,2.6726419111986107e-12,7.252512462476797e-12,8.164665516971506e-13,0.0,1.6377218004099632e-11,0.2962504511870611,0.31989799321139395,5.376924997751175e-13,0.1537716257083692,0.23009906251708387,-1.9132658198676754e-05
2023-08-10,5.989820935161229e-13,9.779153081910048e-13,1.9704792400086557e-12,1.5162121869184869e-12,1.6336030065538771e-12,2.601758220634304e-12,7.282593281610986e-12,8.336458834624357e-13,0.0,1.706111904259813e-11,0.2974552218355792,0.3233476352079261,5.292004710943255e-13,0.15586536980535745,0.22335105443254885,-1.928131641708784e-05
2023-08-11,6.084992483727313e-13,9.942502788112142e-13,2.0180543796106053e-12,1.51249919109196e-12,1.6521563664545587e-12,2.645242595302383e-12,7.39525935706583e-12,8.312274989511796e-13,0.0,1.731647134812718e-11,0.2995576086247871,0.32332847919220226,5.414490405176428e-13,0.15724016233088614,0.2198932060985721,-1.9456281962603227e-05
2023-08-14,5.912684322964268e-13,9.728347944984795e-13,2.049073651570702e-12,1.5095246462340875e-12,1.6391414801398247e-12,2.612382948191225e-12,7.296211168283629e-12,8.364722701264055e-13,0.0,1.7296686990856295e-11,0.2948959834776448,0.3305859752655302,5.430566964014532e-13,0.1592164059645656,0.21532088815228095,-1.9252895368085065e-05
2023-08-15,5.963827546485799e-13,9.684912932907354e-13,2.0488885387447175e-12,1.5359159585536595e-12,1.6164077250714365e-12,2.6160678055097702e-12,7.330794340584232e-12,8.416783092416841e-13,0.0,1.783734564198622e-11,0.2884099897238347,0.3383734582498045,5.540785589692465e-13,0.1645695672258595,0.208666208174197,-1.9223409641613052e-05
2023-08-16,5.941238206030184e-13,9.875262085598962e-13,2.0164288674716417e-12,1.5144614375136683e-12,1.6141659873746737e-12,2.6345681478994357e-12,7.522950843736717e-12,8.43377737200465e-13,0.0,1.8008005484484984e-11,0.2919807081786545,0.34251750272803794,5.549993468172354e-13,0.15947567444993369,0.20604541986341227,-1.9305256329063744e-05
2023-08-17,6.017390529723783e-13,9.888382473992144e-13,2.0083316495006696e-12,1.5331082379616378e-12,1.5912487127618951e-12,2.625773876306328e-12,7.533753190593747e-12,8.377736216434823e-13,0.0,1.794950504078935e-11,0.28527735743984484,0.3434694162227119,5.41932330829638e-13,0.1599208902470893,0.21135162605227992,-1.9289998137940547e-05
2023-08-18,5.961672533806596e-13,9.706700193789012e-13,1.992409860701866e-12,1.5085499844954878e-12,1.5923049442730752e-12,2.6038059639529327e-12,7.657826376826924e-12,8.461063673161556e-13,0.0,1.8033225345879142e-11,0.2816637312047975,0.34149671457271397,5.351128229714989e-13,0.16113882938321952,0.21571988325789107,-1.9158454958153035e-05
2023-08-21,5.977807454798577e-13,9.750505792624327e-13,2.0027147039660745e-12,1.510927019968806e-12,1.5629088365280438e-12,2.6481813827689527e-12,7.807937773282779e-12,8.394193512457271e-13,0.0,1.812178198475879e-11,0.28289105439931445,0.33880483471062717,5.210446415364428e-13,0.16131726203059815,0.21700591149007556,-1.906266720302828e-05
2023-08-22,5.928317445840034e-13,9.638154985624466e-13,1.9669457420833785e-12,1.5053098158521479e-12,1.5408195785436971e-12,2.5931929535529454e-12,7.67311921623291e-12,8.065078810126133e-13,0.0,1.804462967179566e-11,0.28025066278792155,0.34237658964434325,5.110184789122824e-13,0.16036148990042823,0.21703003000683,-1.8772375721095992e-05
2023-08-23,6.055204545397264e-13,9.645657665149707e-13,1.943493071201054e-12,1.5189945700488145e-12,1.5747867800655535e-12,2.5809917482634475e-12,7.755980681229678e-12,8.201247712348806e-13,0.0,1.807148088550091e-11,0.2769619606333565,0.3417696023656563,5.149359493386038e-13,0.1629576918018059,0.21832950041080754,-1.875524797708217e-05
2023-08-24,5.976995035342492e-13,9.609355574633764e-13,1.9432886750974372e-12,1.5114567332702584e-12,1.5443777556067766e-12,2.551247604899403e-12,7.782971086181832e-12,7.966862846724777e-13,0.0,1.8325911332672175e-11,0.2767196515691265,0.34214144095877713,5.006518951390636e-13,0.16366103342686322,0.2174964500106847,-1.8576001966772648e-05
2023-08-25,5.946216058078361e-13,9.845323832001631e-13,1.966131501815275e-12,1.5197152871808299e-12,1.5527863053950916e-12,2.5104660215176004e-12,7.924826422650697e-12,8.07772337496473e-13,0.0,1.888054827285641e-11,0.27329330828211845,0.3421804547127347,4.982731276111208e-13,0.16451354800073845,0.2200314463968134,-1.8757429644661703e-05
2023-08-28,6.042765851265098e-13,9.929988705040313e-13,1.9712342343765756e-12,1.5680229745882199e-12,1.6178298317775065e-12,2.545934605650767e-12,7.940360563222156e-12,8.348232074620302e-13,0.0,1.9015068192249963e-11,0.2735670963213188,0.3396628136345395,5.020087382411513e-13,0.16394803452241236,0.22284103659058813,-1.898110645130496e-05
2023-08-29,6.167420475780033e-13,1.006879445987591e-12,2.003449606017755e-12,1.595857505131135e-12,1.6672052200333923e-12,2.5932114141351616e-12,8.193635520442195e-12,8.590662373979049e-13,0.0,1.982521875300345e-11,0.2741574169167779,0.3439220582043643,5.282540981207173e-13,0.1665644751314401,0.21537541355655174,-1.936384802350902e-05
2023-08-30,6.116890121619526e-13,1.0019434809670415e-12,1.934710758639923e-12,1.610225051794087e-12,1.6425479283636465e-12,2.588126724485912e-12,8.118668723142852e-12,8.382486583557611e-13,0.0,1.9419676195669312e-11,0.27730093899698216,0.3410154916861319,5.203048047036595e-13,0.16275967865831728,0.2189431288975771,-1.923827729465717e-05
2023-08-31,5.858438091056568e-13,9.097823878147957e-13,1.926507624951841e-12,1.4743247279080823e-12,1.57161892397642e-12,2.500866406015826e-12,6.917911098703275e-12,7.928578469173519e-13,0.0,1.678146452816443e-11,0.3000111028440205,0.3000111028484795,5.414545708079233e-13,0.15293630867306204,0.24707849511027158,-3.700950983624686e-05
2023-09-01,5.950293564780219e-13,9.085304549217221e-13,1.9293403689106406e-12,1.4607793810573586e-12,1.5511619911744196e-12,2.511894289949775e-12,6.92662637277448e-12,7.827034879815729e-13,0.0,1.6424706987019125e-11,0.3053449535681455,0.2964543150466825,5.374284215307481e-13,0.15674499619534746,0.24149266923736398,-3.693408116766094e-05
2023-09-04,5.870481607870612e-13,8.955454318509855e-13,1.9502176077636712e-12,1.4844598717774536e-12,1.5551810345564118e-12,2.520756901847381e-12,6.8282526763629465e-12,7.991560987050319e-13,0.0,1.6536665892344896e-11,0.3029002088806906,0.29326075041473565,5.496458430467532e-13,0.15730057563376984,0.2465751484337855,-3.6683396688303395e-05
2023-09-05,5.846511938862932e-13,8.821274719351409e-13,1.925487403681275e-12,1.476708606342237e-12,1.5335213712171547e-12,2.4692178611894044e-12,6.895160390249436e-12,7.880048689954436e-13,0.0,1.6509217468652763e-11,0.29815630064899434,0.29858243732597095,5.355667524967314e-13,0.15708385641814046,0.24621384404638924,-3.6438473094684256e-05
2023-09-06,5.870272300545433e-13,8.745587163665478e-13,1.9526001835786228e-12,1.4962494168710549e-12,1.528076557846076e-12,2.503376221795254e-12,6.962958308871305e-12,7.774044244670833e-13,0.0,1.6882040064366083e-11,0.30110734342702217,0.29718765858593205,5.300984755098801e-13,0.15637944803858456,0.24536214797503278,-3.659806066585068e-05
2023-09-07,5.762511027861161e-13,8.501877730746173e-13,1.956090289466843e-12,1.4972278786267912e-12,1.4888961026145293e-12,2.4818998243069725e-12,6.8074770056441145e-12,7.6658279155504e-13,0.0,1.6598978466215234e-11,0.3077109717469691,0.2919895956045444,5.172993507654901e-13,0.15265247840987473,0.24768316268271187,-3.620847764103559e-05
2023-09-08,5.611644825179792e-13,8.345878271090353e-13,1.9654187702415506e-12,1.4854184896317118e-12,1.476505216606541e-12,2.5227094048054697e-12,6.757896489719595e-12,7.508892761438639e-13,0.0,1.6135513141145825e-11,0.3106839665639494,0.2917433612640204,5.220128597132916e-13,0.15440596475617796,0.24320251985883412,-3.581247599398702e-05
2023-09-11,5.618236082573589e-13,8.426755505622448e-13,1.966851543563999e-12,1.5035232502838151e-12,1.5122313709662542e-12,2.543285223626546e-12,6.841745543564713e-12,7.57683170797e-13,0.0,1.6135167317554945e-11,0.3027747516466609,0.297149446171374,5.36651358445496e-13,0.15730550229898269,0.24280647010793768,-3.617025815694212e-05
2023-09-12,5.5646503756717e-13,8.47931694650769e-13,1.9723269762743386e-12,1.5032798256346123e-12,1.5477298189019749e-12,2.5157819308796243e-12,7.015202134536042e-12,7.590828469501591e-13,0.0,1.611368290280021e-11,0.307933848588407,0.29576591205239505,5.235744755374445e-13,0.15707986532530407,0.23925658039799597,-3.62063974570418e-05
2023-09-13,5.673707725091535e-13,8.673124073530532e-13,1.9789662411836253e-12,1.513429743433031e-12,1.58537857023877e-12,2.5254708787603205e-12,7.016837670582265e-12,7.57665242302376e-13,0.0,1.6436139154072074e-11,0.30914317498387645,0.3002870604157244,5.457845205172816e-13,0.15664719041944433,0.23395931210798715,-3.673796082671e-05
2023-09-14,5.6376490770679e-13,8.571764898266667e-13,1.9430725148080625e-12,1.5087020883583907e-12,1.5847263829528906e-12,2.428287441515868e-12,6.88243142262305e-12,7.743945326148592e-13,0.0,1.643655779021302e-11,0.3117601351856858,0.29727948401198223,5.477258215378425e-13,0.15707007009002677,0.2339266516764037,-3.634099762517339e-05
2023-09-15,5.536931256303358e-13,8.459262938533191e-13,1.9021310329916313e-12,1.4866150585442924e-12,1.5391835003993672e-12,2.3682727859396025e-12,6.7554211982573455e-12,7.528298299605072e-13,0.0,1.615510731969764e-11,0.30921266029951594,0.29764059019296,5.353749526354286e-13,0.15855565447197528,0.2346268885686484,-3.579356599424505e-05
2023-09-18,5.560862960600136e-13,8.468947748219905e-13,1.9079565563330873e-12,1.5063252452991705e-12,1.5615492708172804e-12,2.4080877410126806e-12,6.757376574416924e-12,7.585672889994922e-13,0.0,1.59958310056648e-11,0.3075709477287664,0.2976834511255925,5.437687415415763e-13,0.16118721337462366,0.2335941585287875,-3.57707906124469e-05
2023-09-19,5.510375082516817e-13,8.534847077446827e-13,1.899061413201908e-12,1.4884776827725212e-12,1.5458239679711637e-12,2.4311978030139654e-12,6.918768374927749e-12,7.631196908584359e-13,0.0,1.637908553459076e-11,0.30153905069139875,0.3019649335924127,5.466970913237153e-13,0.16376390149449838,0.23276806556511612,-3.595137680275915e-05
2023-09-20,5.507700372965745e-13,8.609607305583047e-13,1.947091243918927e-12,1.5142760060548068e-12,1.5476801342098713e-12,2.4071837932607277e-12,6.812237149482562e-12,7.831778639149879e-13,0.0,1.6419479157246356e-11,0.31032506426883766,0.29598207838959406,5.652921531865176e-13,0.1642575467132201,0.22947151716995967,-3.6206575019502064e-05
2023-09-21,5.510236865851223e-13,8.57084364825833e-13,1.9619543934895387e-12,1.507360509838587e-12,1.5161581877732425e-12,2.4074489365070646e-12,6.707431180802961e-12,7.878035521997006e-13,0.0,1.6345003952378006e-11,0.3122035874683989,0.2958406675651977,5.695606623398609e-13,0.16682040354492203,0.22517164227928732,-3.630089101674424e-05
2023-09-22,5.605112415911934e-13,8.429969975029266e-13,2.0023962074113673e-12,1.529083731396762e-12,1.5249430606678902e-12,2.4606574774445977e-12,6.93628502278646e-12,7.966059125944138e-13,0.0,1.6683408278749915e-11,0.31098892723834964,0.29785687388155924,5.923504125752758e-13,0.17005093994903714,0.2211401999678526,-3.6941070727846313e-05
2023-09-25,5.43634478678491e-13,8.331228842511477e-13,1.9941520143020876e-12,1.4807879740138887e-12,1.5129592805986967e-12,2.4695375243114462e-12,7.019147501868396e-12,7.898084268538433e-13,0.0,1.591974474256547e-11,0.31735535327020264,0.29111605263850004,5.750637981038289e-13,0.16706077235619216,0.22450426201768092,-3.644031571360761e-05
2023-09-26,5.493030183338405e-13,8.256787896691843e-13,1.995154055538665e-12,1.4665058723170975e-12,1.4787903880964267e-12,2.490925729684443e-12,6.890263314693663e-12,7.989023727769021e-13,0.0,1.591123624761749e-11,0.32350534203547154,0.2990821121760224,5.676303822411862e-13,0.1629777464164077,0.21447086009307786,-3.606075395374019e-05
2023-09-27,5.615759611255385e-13,8.229425250574233e-13,2.021965536104271e-12,1.4557788691691373e-12,1.5082654137010014e-12,2.4716673430391517e-12,6.7881628437570474e-12,7.975871358401508e-13,0.0,1.608042979704747e-11,0.3236876468171876,0.30267897813088296,5.655539530409239e-13,0.16124209784011764,0.21242737091062155,-3.609373188362739e-05
2023-09-28,5.818616706880213e-13,8.384392652048227e-13,2.011393641988807e-12,1.4710728569720957e-12,1.535107290508957e-12,2.572214109869034e-12,6.997037352854067e-12,8.003069962322926e-13,0.0,1.6341784725193842e-11,0.3357582098146796,0.30176970075845544,5.508845638964764e-13,0.15975473784092248,0.20275403302282682,-3.668147058441405e-05
2023-09-29,5.858418130061517e-13,9.097792879848651e-13,1.9265010609140255e-12,1.4743197045574658e-12,1.5716135691229462e-12,2.500857885010538e-12,6.917887527849226e-12,7.928551454752077e-13,0.0,1.6781407350001036e-11,0.30001008063980056,0.30001008064425955,5.414527259523765e-13,0.15293578758521353,0.24707765325916017,-3.360216243632407e-05
2023-10-02,5.882754178245093e-13,9.037734939882281e-13,1.9373110630612337e-12,1.4606535473677942e-12,1.5644694639649185e-12,2.5623615149794832e-12,6.882596235648177e-12,7.841964686613377e-13,0.0,1.6515296974807546e-11,0.2967886278573848,0.3030833281912195,5.506634924965463e-13,0.15642472756932646,0.24373691867891745,-3.3602330597905674e-05
2023-10-03,5.983646553230747e-13,9.098396659450415e-13,1.9468012666843756e-12,1.4979036243896433e-12,1.5720077847165861e-12,2.601326083891292e-12,6.9772397886581746e-12,7.813017786876504e-13,0.0,1.6854005938896576e-11,0.29061691731189776,0.30808554366131463,5.496074788965923e-13,0.16143741303481177,0.23989410647416753,-3.3980516480094854e-05
2023-10-04,6.007794386921559e-13,9.199830816512255e-13,1.962524682309541e-12,1.522366530955005e-12,1.554656178655121e-12,2.6765253833857437e-12,7.080082231576867e-12,8.024279665686438e-13,0.0,1.6980474873703908e-11,0.2867695704998665,0.30752008965129674,5.693201520287013e-13,0.1668018576374488,0.23894270832240572,-3.422614568688627e-05
2023-10-05,5.756063893129929e-13,9.036216679097724e-13,1.9258351960717046e-12,1.4943093889533626e-12,1.5402560267350217e-12,2.664491762486733e-12,7.063298615487343e-12,7.949805700554981e-13,0.0,1.6629747894639435e-11,0.2928821747988524,0.3046993702084808,5.641925733150001e-13,0.16532003284997285,0.23713210445011304,-3.368234157530541e-05
2023-10-06,5.552076028772141e-13,8.895368309523239e-13,1.8997007894406927e-12,1.4963531959228254e-12,1.5209421622559993e-12,2.5741281302725867e-12,7.0115451098047176e-12,7.756886507570647e-13,0.0,1.620159325542461e-11,0.29163063821043417,0.30714902001558086,5.616389459557211e-13,0.16507269545078687,0.23618087666838805,-3.3230378676169806e-05
2023-10-09,5.530552462803233e-13,8.915108781298793e-13,1.841262336814675e-12,1.4911511383519242e-12,1.4945578712514467e-12,2.6002544063744893e-12,6.965012846955119e-12,7.724342873585666e-13,0.0,1.638191667691903e-11,0.2932530940778276,0.3086329454518601,5.51143949853318e-13,0.16202048920804968,0.23612653456744775,-3.3063338727451976e-05
2023-10-10,5.468060422745804e-13,8.911895673300382e-13,1.7898304130922253e-12,1.4758649396109025e-12,1.520059918095739e-12,2.6028007789093503e-12,6.9485748546212906e-12,7.905293193796509e-13,0.0,1.6101631282591092e-11,0.29004088725592453,0.31170445914634076,5.571287242221984e-13,0.15876289318864018,0.2395246594873191,-3.289911144882129e-05
2023-10-11,5.421668221275578e-13,8.979118516547749e-13,1.7616720144992384e-12,1.4669872968403303e-12,1.504091817952145e-12,2.626031432562804e-12,6.868353383222927e-12,7.865030357525103e-13,0.0,1.6165795160168433e-11,0.29290858369022293,0.31144367567814213,5.506342179068543e-13,0.15706941616935227,0.23861106268612878,-3.27382570162076e-05
2023-10-12,5.403537549594678e-13,8.914992489113455e-13,1.7521129243992806e-12,1.4333778694233449e-12,1.5078278866111636e-12,2.6175259973733124e-12,6.922783619022233e-12,7.821858007377897e-13,0.0,1.5988510363051087e-11,0.2903818432490505,0.31364957851588604,5.278013020219188e-13,0.15635061347439538,0.23965051029049247,-3.254556278828849e-05
2023-10-13,5.385075016169197e-13,8.94740968838836e-13,1.7453109143900115e-12,1.425554920315361e-12,1.5047956217971093e-12,2.60143989449243e-12,7.007748751388e-12,7.764012644211611e-13,0.0,1.6478132149996672e-11,0.29582309991465244,0.3047637445099895,5.223835955148771e-13,0.15754668642290634,0.24189910097165462,-3.2631852697944466e-05
2023-10-16,5.335948237737067e-13,9.098116216462021e-13,1.7698162638591626e-12,1.440766361156874e-12,1.537457698012582e-12,2.6300546495609876e-12,7.086827665748384e-12,7.976848446178811e-13,0.0,1.6348929688085465e-11,0.3004439276683149,0.302959477832346,5.298331394308151e-13,0.1597723110225726,0.23685707289852237,-3.2789455340565404e-05
2023-10-17,5.313615580568286e-13,9.095089506111282e-13,1.7562285794637954e-12,1.4416975563723733e-12,1.5479652347697244e-12,2.621408348821993e-12,7.08791764022255e-12,8.110100171714121e-13,0.0,1.6354226424155028e-11,0.29496851789451367,0.3055524883119278,5.314629930810058e-13,0.1630712635791064,0.2364404135464343,-3.268336557494737e-05
2023-10-18,5.227313279110838e-13,8.94717242402725e-13,1.7719295302564497e-12,1.4337262895679413e-12,1.557804983233598e-12,2.6280687715057017e-12,7.079762254726003e-12,8.108192218216812e-13,0.0,1.6369651157270835e-11,0.2925326026268958,0.3040122440358106,5.291190759143205e-13,0.16260938083677395,0.24087847983589913,-3.270736897774312e-05
2023-10-19,5.217037051478605e-13,9.033440924214921e-13,1.8001168569559124e-12,1.4468372824209272e-12,1.5669333207386221e-12,2.637498990289762e-12,7.15834457847227e-12,8.114054373176367e-13,0.0,1.6517606512651733e-11,0.2906952551646707,0.30847294112234463,5.29755615512028e-13,0.16223460872117434,0.238629871619858,-3.2676661941125783e-05
2023-10-20,5.334251264829811e-13,9.315212600077773e-13,1.8554206108596206e-12,1.4831410753285962e-12,1.6114619299261622e-12,2.736816793362411e-12,7.294165811800493e-12,8.154078311459366e-13,0.0,1.672792246398536e-11,0.29352727834314585,0.3054654534101487,5.464142224163463e-13,0.1607880848626438,0.2402525352395132,-3.3351889987013624e-05
2023-10-23,5.31931078419581e-13,9.305550880089605e-13,1.8271559965650806e-12,1.4686749072584364e-12,1.5813110051962156e-12,2.6953702945287098e-12,7.2607565860426155e-12,8.030423091777841e-13,0.0,1.6215999215978064e-11,0.29651103264901435,0.3056275314238796,5.495949833750728e-13,0.1632592643154574,0.23463523968973712,-3.306811195290556e-05
2023-10-24,5.352316522427703e-13,9.215173155080459e-13,1.9073927761560023e-12,1.480390002397396e-12,1.616852595869373e-12,2.6784941152993712e-12,7.4304528132201e-12,8.322735043011227e-13,0.0,1.6119359739619186e-11,0.2987763627891035,0.2970732976873071,5.547037643594872e-13,0.16735657534603138,0.23682714385719122,-3.337971370981655e-05
2023-10-25,5.357942237719453e-13,9.29934436420584e-13,1.92713113716226e-12,1.4577661425094809e-12,1.6248433620037097e-12,2.7728763469742114e-12,7.325172251984295e-12,8.345452722213521e-13,0.0,1.6461138044238134e-11,0.2974868988054923,0.29931587668454657,5.569501053400797e-13,0.16575574000975404,0.237474982555706,-3.349808992509711e-05
2023-10-26,5.294576279163156e-13,9.224510969380205e-13,1.89407000159259e-12,1.4233164376719253e-12,1.6092603405481942e-12,2.808152663927396e-12,7.267022696236965e-12,8.231410842676767e-13,0.0,1.6273680923454187e-11,0.30374886910818605,0.29663325008570485,5.587924598604125e-13,0.16203236079208172,0.2376187031028091,-3.31831228911617e-05
2023-10-27,5.291121064975562e-13,9.189597160315378e-13,1.8778068031478288e-12,1.4084373468302648e-12,1.6097244642783558e-12,2.8220132291867305e-12,7.232255897137765e-12,8.239743668180561e-13,0.0,1.624984639829818e-11,0.3018667498693575,0.2958530731203704,5.835353306545416e-13,0.16248339955875815,0.23982984636485027,-3.3068947391907386e-05
2023-10-30,5.346332617977863e-13,9.222884510919263e-13,1.9160883974567913e-12,1.412655857812655e-12,1.6407604117464686e-12,2.8279435652981692e-12,7.184557082471169e-12,8.335990113644538e-13,0.0,1.6491853057758632e-11,0.2979711210410727,0.29619890879510896,5.726441497056368e-13,0.1719755934819939,0.23388764635897583,-3.326971148814725e-05
2023-10-31,5.858301048010694e-13,9.097611058028378e-13,1.92646255927585e-12,1.4742902398844522e-12,1.571582160006067e-12,2.50080790469785e-12,6.9177492720195544e-12,7.928393000533928e-13,0.0,1.6781071969093664e-11,0.30000408485822105,0.30000408486268,5.41441904875053e-13,0.15293273112265704,0.24707271534627753,-1.3616223837484473e-05
2023-11-01,5.771726851727907e-13,8.972614971511442e-13,1.9019954636856232e-12,1.4703961025194011e-12,1.5365617975162944e-12,2.4407713118670908e-12,6.939828024502126e-12,7.772096305778933e-13,0.0,1.643508135148082e-11,0.29447346170367916,0.3038279281398063,5.430132004490443e-13,0.15408715677497786,0.2476248838873528,-1.3430539335356632e-05
2023-11-02,5.84178834626829e-13,8.938631674648251e-13,1.904043507983194e-12,1.4584334371056514e-12,1.5376680168330058e-12,2.4703340423523654e-12,6.975663085280137e-12,7.943189258885549e-13,0.0,1.6619407605484492e-11,0.2895188260850951,0.3053706218607818,5.519959385374343e-13,0.15402860699782706,0.25109541547744074,-1.3470454934548139e-05
2023-11-03,5.846014519264684e-13,8.875186542897239e-13,1.934528490379868e-12,1.5024344070589829e-12,1.5342488179705822e-12,2.534186759609521e-12,7.049907752884383e-12,7.871424708942111e-13,0.0,1.679199707544825e-11,0.29054688898104525,0.301653311119424,5.410707913322447e-13,0.15320802256868374,0.25460537813894113,-1.360084224161986e-05
2023-11-06,5.885655428847297e-13,8.890824595511611e-13,1.9521200285178396e-12,1.530890170025416e-12,1.552315899685867e-12,2.5479180511406243e-12,7.188254637591001e-12,7.819052155102575e-13,0.0,1.6858429451016036e-11,0.2867573476538372,0.30166049703609554,5.251255178453283e-13,0.1596872315888071,0.25190861486582816,-1.3691178982672692e-05
2023-11-07,5.963428139231643e-13,8.87898906827634e-13,1.9607100852951526e-12,1.5197804922027856e-12,1.5536975278955669e-12,2.565046873772759e-12,7.241293972787875e-12,7.89265884557512e-13,0.0,1.6707848110979438e-11,0.27894765683600353,0.30388621206735955,5.343426399326285e-13,0.16416082897558648,0.2530189666726934,-1.3664585998943485e-05
2023-11-08,6.05962774598999e-13,8.932171501453589e-13,2.0295559064553306e-12,1.5236389478925178e-12,1.5838776117080248e-12,2.6182577954303127e-12,7.406089810993051e-12,8.084178412100618e-13,0.0,1.6464483558823283e-11,0.2856636555909673,0.29943842346299215,5.541348981914582e-13,0.16638815531003587,0.24852374912095543,-1.3983519438334723e-05
2023-11-09,6.023870579414037e-13,8.896912944162084e-13,2.0594731134114295e-12,1.529962025753452e-12,1.5935549119981116e-12,2.6630797754629746e-12,7.411091990807665e-12,8.186932320817387e-13,0.0,1.6169075424625506e-11,0.29308728336185186,0.2928847469389296,5.642588294970727e-13,0.16214252730465706,0.2518994483407596,-1.4005980499279569e-05
2023-11-10,6.107435873417494e-13,8.84555108075403e-13,2.0463860271098177e-12,1.5351769675174292e-12,1.5815605922557361e-12,2.7155831520528824e-12,7.404425288925684e-12,8.121631849837961e-13,0.0,1.5880843825350378e-11,0.2891304609663592,0.29017936722095566,5.575786750308281e-13,0.1596724160573345,0.26103170776507395,-1.395204375233051e-05
2023-11-13,6.08207946525156e-13,8.908847563335465e-13,2.0711985803303194e-12,1.5551177810660174e-12,1.5895202314762842e-12,2.7228436868582547e-12,7.492790433789741e-12,8.199861614085037e-13,0.0,1.558726231498425e-11,0.2886385916954338,0.28626101136671905,5.543477642136943e-13,0.16072846868321375,0.2643859560961994,-1.4027875458231318e-05
2023-11-14,6.234225759155896e-13,8.932052066274749e-13,2.105472015085314e-12,1.573286900485385e-12,1.6277362576083604e-12,2.7654560136681963e-12,7.451660793986626e-12,8.06575882005167e-13,0.0,1.5588022686082044e-11,0.28642786773217116,0.2824873341788484,5.60583870027515e-13,0.1665343496591076,0.2645645865249491,-1.4138129071520012e-05
2023-11-15,6.249590564956001e-13,8.895446130074601e-13,2.0698553234456557e-12,1.581772558159704e-12,1.6013066306968224e-12,2.7580531681377805e-12,7.395624424014125e-12,8.144155491021254e-13,0.0,1.5638019592549504e-11,0.28173883830331553,0.27927276691193365,5.233962466188184e-13,0.17240836299125975,0.2665941233411763,-1.4091581582236376e-05
2023-11-16,6.148328755761687e-13,8.715116984049014e-13,2.040326707940168e-12,1.5805306277149577e-12,1.550574802485159e-12,2.7286040038877955e-12,7.505306227805343e-12,7.94261616063267e-13,0.0,1.603087322077593e-11,0.28213534145959435,0.2774281934748491,5.234625526926632e-13,0.169668501501007,0.2707819252494704,-1.3961719161071402e-05
2023-11-17,6.204602393228605e-13,8.6533676414076e-13,2.058183535473362e-12,1.5834172834828097e-12,1.5655055797617215e-12,2.7552156371870127e-12,7.72683720365775e-12,8.126534245487562e-13,0.0,1.6242260112985233e-11,0.2809758437032493,0.2707743502174848,5.314871292514816e-13,0.17442147863861562,0.2738424674613918,-1.4140055502828e-05
2023-11-20,6.090808491530324e-13,8.578187650964855e-13,2.028984881394732e-12,1.5926154442566048e-12,1.5679013076095814e-12,2.752247659478703e-12,7.702905535030038e-12,7.87300494710145e-13,0.0,1.612303493933819e-11,0.28002469225350646,0.2694616666203428,5.287331095047452e-13,0.18062397394863808,0.2699036155929406,-1.394844997870017e-05
2023-11-21,6.115251553963516e-13,8.496637754339786e-13,2.0366171642326976e-12,1.602200146989069e-12,1.5674744785209243e-12,2.79807260365488e-12,7.575821698552035e-12,7.782747545627892e-13,0.0,1.6269247509109263e-11,0.2795720884300918,0.27407130693933784,5.202704549980922e-13,0.1760893916324333,0.27028109184220944,-1.3878878681643717e-05
2023-11-22,5.970364223326093e-13,8.347232047012115e-13,1.989338965070626e-12,1.55940812886771e-12,1.530232921781248e-12,2.7351703058643334e-12,7.372519010269482e-12,7.583517076995508e-13,0.0,1.6110770160901756e-11,0.2740831073126564,0.278051050332852,5.09920507197893e-13,0.17037947149784646,0.2774999280692303,-1.3557246582408906e-05
2023-11-23,5.986501992650702e-13,8.421008249026728e-13,1.999766728147921e-12,1.5688009775293399e-12,1.538514157418032e-12,2.6936734498811527e-12,7.401449595652731e-12,7.433714452857962e-13,0.0,1.5914321599081497e-11,0.27541665017056205,0.27936939189745746,5.137812245634382e-13,0.17112848950972112,0.2740990066807244,-1.3538292279359815e-05
2023-11-24,5.919197619859381e-13,8.424913785161947e-13,2.005137292264459e-12,1.5346731384186388e-12,1.4967927581624098e-12,2.64546799839805e-12,7.441062002003956e-12,7.496622089623628e-13,0.0,1.585355759011539e-11,0.28118111421792724,0.2789377806726916,5.221348481516151e-13,0.1727718212898798,0.26712270029778656,-1.3416511968033104e-05
2023-11-27,5.950025531612584e-13,8.487243879671721e-13,2.0215890219213104e-12,1.5618164027569468e-12,1.5149466983979134e-12,2.564115441826106e-12,7.361772107911688e-12,7.316708849998404e-13,0.0,1.602843849719779e-11,0.2845327862275659,0.27643815110386116,5.321957158453989e-13,0.176318503250427,0.26272406733993764,-1.3507955551932686e-05
2023-11-28,5.91895387621822e-13,8.561730678452865e-13,2.0788426522684543e-12,1.6063348628401064e-12,1.5388323541042391e-12,2.5627068681767635e-12,7.516326592179598e-12,7.334867886380656e-13,0.0,1.563477813840324e-11,0.287579439458869,0.2759805539023456,5.379427833308614e-13,0.17047542069209978,0.26597820934771793,-1.3623434689581249e-05
2023-11-29,5.825513963522291e-13,8.71987679484643e-13,2.1060399579607185e-12,1.6131056048905142e-12,1.5609132033734173e-12,2.549534702574661e-12,7.580251960496502e-12,7.473459169474012e-13,0.0,1.5644384215972258e-11,0.2896688973113851,0.27717494740171456,5.559341405953934e-13,0.16827511624342287,0.2648947598490557,-1.3720839390414513e-05
2023-11-30,5.858374680694435e-13,9.097725405432572e-13,1.9264867728844036e-12,1.4743087701624433e-12,1.5716019131411843e-12,2.5008393372234298e-12,6.917836220853384e-12,7.92849265209666e-13,0.0,1.6781282889521786e-11,0.3000078555940915,0.3000078555985504,5.414487102304314e-13,0.1529346533262673,0.2470758207904944,-2.6185343405862666e-05
2023-12-01,5.798221507111205e-13,8.98303287031316e-13,1.949317232685362e-12,1.4437828810883871e-12,1.5254122685906518e-12,2.4531396929358986e-12,6.744708188794502e-12,7.937583730467057e-13,0.0,1.6653077676595365e-11,0.3043192088183636,0.2952679001510609,5.465257771188867e-13,0.15649486298719872,0.243944090364411,-2.6062354622141384e-05
2023-12-04,5.9111727773433e-13,9.072697188257064e-13,1.9933517212544175e-12,1.4355032966349434e-12,1.5136820363117626e-12,2.4715272032553132e-12,6.7477904086063975e-12,7.979006430143703e-13,0.0,1.7052801919547073e-11,0.30615535444369046,0.294876724081351,5.500953122556829e-13,0.15627829857418907,0.2427160039667056,-2.6381099997068887e-05
2023-12-05,5.856554911373754e-13,9.134642551293733e-13,1.993293924703218e-12,1.4603798199186523e-12,1.496301700407882e-12,2.4696529040181592e-12,6.956154205063485e-12,7.922315686868884e-13,0.0,1.6837302351958126e-11,0.3013810330133316,0.30450960673606825,5.552953069891982e-13,0.15767115781861843,0.23646473893615622,-2.6536538234181597e-05
2023-12-06,5.873958803938899e-13,9.238073325469561e-13,2.0173055499629496e-12,1.4710882937672506e-12,1.4753291885467658e-12,2.4788859223234263e-12,7.017089887175192e-12,7.719219654779945e-13,0.0,1.7066589564379575e-11,0.3056151810947048,0.29652590027421616,5.629953990417234e-13,0.15793729382609292,0.23994814500741632,-2.6520236802615284e-05
2023-12-07,5.772681699153246e-13,9.193450028112008e-13,2.012763726148634e-12,1.4487045135236704e-12,1.4591156128373625e-12,2.4308060722228723e-12,7.093516044382933e-12,7.620382698377514e-13,0.0,1.6690320087741985e-11,0.3028631073403114,0.29698791224573556,5.437687893068615e-13,0.16146435336913872,0.23871084196806638,-2.6214957189882108e-05
2023-12-08,5.800444086349472e-13,9.188347512845603e-13,2.0141032287465134e-12,1.4469430363734899e-12,1.47791156980228e-12,2.431877670797772e-12,7.1710282140663575e-12,7.578080292573196e-13,0.0,1.649293572696926e-11,0.309039752136572,0.2930206377247517,5.410700548858964e-13,0.1606616436557334,0.23730418671040177,-2.6220261291216734e-05
2023-12-11,5.869820111033971e-13,9.20586952565037e-13,2.054956845058621e-12,1.4407911797132311e-12,1.4886734695673764e-12,2.4203146054822773e-12,7.249776260223446e-12,7.616518428880326e-13,0.0,1.6887053789958297e-11,0.3074122306108123,0.2975209658557296,5.366775199178019e-13,0.16187205443790562,0.2332210978196781,-2.6348758473052555e-05
2023-12-12,5.782246025515164e-13,9.118311686899054e-13,2.0770742356323023e-12,1.4300077412701781e-12,1.5055261214110246e-12,2.4063389609106607e-12,7.150273076756579e-12,7.716337202186671e-13,0.0,1.6577167172630392e-11,0.30714188041907303,0.2935642245324027,5.136159060211941e-13,0.16325682650448423,0.23606318245857644,-2.6113948458224725e-05
2023-12-13,5.889529175924435e-13,9.168247433851389e-13,2.0740381177202416e-12,1.445516353354e-12,1.5230172684340067e-12,2.4600998214584988e-12,7.155545180716987e-12,7.708771807927945e-13,0.0,1.6739239936514113e-11,0.29987796672197864,0.29784737267255884,5.196951265701715e-13,0.1652503876505106,0.23705041223870493,-2.613931794670394e-05
2023-12-14,5.993936353733188e-13,9.27901703903354e-13,2.067152792803976e-12,1.4404623542042956e-12,1.511737016289919e-12,2.4857629850767916e-12,7.082761327287655e-12,7.853693399351716e-13,0.0,1.6567969805199074e-11,0.30001846963565626,0.2989770712571533,5.296207809336936e-13,0.17070099773620237,0.23032967906893903,-2.621773194886866e-05
2023-12-15,6.062113085094261e-13,9.387774980669774e-13,2.0653753040339445e-12,1.4532313823856326e-12,1.5416835832179542e-12,2.5129640923640003e-12,7.0363627784817265e-12,8.293032632204084e-13,0.0,1.6840361261920555e-11,0.2990204193830164,0.3047178380390789,5.358946034514537e-13,0.1672686653936055,0.22901966775922564,-2.659060928659552e-05
2023-12-18,6.070201098432233e-13,9.514090710937413e-13,2.060969087834778e-12,1.4627231327226067e-12,1.5295085262244918e-12,2.4951430722824136e-12,7.097389289347238e-12,8.438045189088858e-13,0.0,1.6464397798044493e-11,0.2969494792736175,0.30436233864402124,5.303643121539508e-13,0.16747939699826117,0.23123520742616754,-2.6422376110125665e-05
2023-12-19,6.186315904330412e-13,9.769263680398373e-13,2.073397853244318e-12,1.4537313845063151e-12,1.5510311619580034e-12,2.580205332229254e-12,7.120364022410616e-12,8.603353570415263e-13,0.0,1.667549516924376e-11,0.2999081616885045,0.3025823274965313,5.14184622621829e-13,0.16571833347336254,0.23181784710232897,-2.6669795151689977e-05
2023-12-20,6.146332974967024e-13,9.596771272873694e-13,2.0275492436437993e-12,1.4150254401038073e-12,1.5375347050876173e-12,2.581771584124732e-12,7.1034337544940956e-12,8.534385725347939e-13,0.0,1.63123953541575e-11,0.3042965369136367,0.3032663422261645,4.92152034104243e-13,0.16285277654805583,0.22961056460462317,-2.6220326377995762e-05
2023-12-21,6.124178925508558e-13,9.406677129465436e-13,2.037179439291433e-12,1.4074375755079223e-12,1.5285867558523509e-12,2.579706758938873e-12,7.117512446207139e-12,8.56589341389485e-13,0.0,1.63196997199318e-11,0.29679298941100835,0.30605671126501316,4.693500163375799e-13,0.16264076850236897,0.23453584086224255,-2.631007450225543e-05
2023-12-22,6.145511007701111e-13,9.604280974199276e-13,2.0908249796383864e-12,1.3726027611590344e-12,1.54674454042577e-12,2.5188195798317236e-12,7.204223277232595e-12,8.683465013104902e-13,0.0,1.704050005163449e-11,0.30231629456001274,0.3058807863860612,4.881392403901779e-13,0.15952450549288055,0.2323050768505273,-2.6663324187031124e-05
2023-12-25,6.064669412730756e-13,9.865303506874837e-13,2.116826694203304e-12,1.395217283733123e-12,1.566174243738471e-12,2.5599342702074912e-12,7.27622012942398e-12,8.794892389032755e-13,0.0,1.7031777529595085e-11,0.30482049063584554,0.31008042363426525,4.935374807333977e-13,0.15664835525897927,0.22847762197411817,-2.689153812027123e-05
2023-12-26,6.077652499718449e-13,9.756177602873522e-13,2.1132528289061614e-12,1.3668233109975384e-12,1.5260098011343998e-12,2.512329805615761e-12,7.197504528706054e-12,8.643967429149147e-13,0.0,1.6946785718053326e-11,0.31151990535498586,0.30979199432599414,4.69029006413729e-13,0.15844118814696082,0.22027358305853298,-2.6670921053185354e-05
2023-12-27,6.123323365627414e-13,9.731498418353136e-13,2.1737758397733832e-12,1.3969112211032732e-12,1.5204864786048605e-12,2.5219417865157087e-12,7.260948228913664e-12,8.798045743572987e-13,0.0,1.677036826052563e-11,0.3096280507040129,0.31151519119945753,4.818994677933742e-13,0.1605852138768985,0.21829835181119323,-2.6807626153756133e-05
2023-12-28,6.116759753708333e-13,9.624312412979873e-13,2.179096546905751e-12,1.4272417791536474e-12,1.503201344057198e-12,2.5299901211997185e-12,7.137711742923704e-12,8.722946001499136e-13,0.0,1.6604597409316054e-11,0.3197627212981796,0.3077834993850189,4.835412020646183e-13,0.15388854682298234,0.21859184303962823,-2.6610580121052166e-05
2023-12-29,5.858346411204564e-13,9.097681504509498e-13,1.9264774766544285e-12,1.4743016559099216e-12,1.5715943294022147e-12,2.50082726946468e-12,6.917802838949421e-12,7.928454393286848e-13,0.0,1.6781201911719493e-11,0.3000064079111594,0.3000064079156183,5.414460974786592e-13,0.1529339153426338,0.24707462853021847,-2.1359733632129116e-05
