,ASSET_1,ASSET_2,ASSET_3,ASSET_4,ASSET_5,ASSET_6,ASSET_7,ASSET_8,ASSET_9,ASSET_10,ASSET_11,ASSET_12,ASSET_13,ASSET_14,ASSET_15,CASH
2020-12-18,0.0,0.0,0.0,0.0,0.0,0.0,0.0,0.0,0.0,0.0,0.0,0.0,0.0,0.0,0.0,1.0
2020-12-21,0.0,0.0,0.0,0.0,0.0,0.0,0.0,0.0,0.0,0.0,0.0,0.0,0.0,0.0,0.0,1.0
2020-12-22,0.0,0.0,0.0,0.0,0.0,0.0,0.0,0.0,0.0,0.0,0.0,0.0,0.0,0.0,0.0,1.0
2020-12-23,0.0,0.0,0.0,0.0,0.0,0.0,0.0,0.0,0.0,0.0,0.0,0.0,0.0,0.0,0.0,1.0
2020-12-24,0.0,0.0,0.0,0.0,0.0,0.0,0.0,0.0,0.0,0.0,0.0,0.0,0.0,0.0,0.0,1.0
2020-12-25,0.0,0.0,0.0,0.0,0.0,0.0,0.0,0.0,0.0,0.0,0.0,0.0,0.0,0.0,0.0,1.0
2020-12-28,0.0,0.0,0.0,0.0,0.0,0.0,0.0,0.0,0.0,0.0,0.0,0.0,0.0,0.0,0.0,1.0
2020-12-29,0.0,0.0,0.0,0.0,0.0,0.0,0.0,0.0,0.0,0.0,0.0,0.0,0.0,0.0,0.0,1.0
2020-12-30,0.0,0.0,0.0,0.0,0.0,0.0,0.0,0.0,0.0,0.0,0.0,0.0,0.0,0.0,0.0,1.0
2020-12-31,3.5861930439335436e-09,0.04216494588793828,0.09688635536030528,0.05395100737676701,0.054913189824378233,0.09070131532421566,0.10632933193501849,0.004054414611205901,2.6887477003882804e-10,0.10453526141962971,0.13590006020998258,0.13125877339966258,6.800305036106659e-10,0.08059016727660036,0.09906529538208769,-0.0003501225428900115
2021-01-01,3.5999163179581583e-09,0.042711185363054,0.0975755331294759,0.05429033689078324,0.054822008175692924,0.0909376815667079,0.10786996547507748,0.003968692037268219,2.6687163098308514e-10,0.10305004927986458,0.13643092096400308,0.13368855911497185,6.714553430737416e-10,0.07691721566383802,0.09808702521456825,-0.00034917741354864015
2021-01-04,3.6353034629053612e-09,0.04299592711042676,0.09814881136166724,0.05418497191374873,0.054040753087350075,0.0916603053070918,0.1068006770319681,0.004097181924367256,2.695127353116081e-10,0.10226919999318018,0.13527948753499325,0.13367949219233125,6.696581003551612e-10,0.07860411197082838,0.09858859955406064,-0.00034952355648789203
2021-01-05,3.605049991555993e-09,0.04375765133548156,0.09806716808656425,0.054589851803467225,0.053571454926051615,0.09196924012664455,0.10711494229767979,0.003982617023407818,2.7724288461244654e-10,0.10419570564247373,0.13425669240031218,0.13104898479441618,6.730122851984538e-10,0.07864539466003556,0.09914925032692386,-0.00034895797876351956
2021-01-06,3.596460275029748e-09,0.04379904495809183,0.09918830961008562,0.05472029278741638,0.052673150551858436,0.09319728318707213,0.10904659835331673,0.004143884975692724,2.715404318963954e-10,0.10417724802263596,0.12922450882148265,0.13175901374833787,6.639776347844686e-10,0.0810896749252802,0.09732841418462707,-0.00034742865787603506
2021-01-07,3.571578929145389e-09,0.04399180683245349,0.09797014368039862,0.05570349178728321,0.051829693828809593,0.09410107634467602,0.10698105433430599,0.004163800607410245,2.807826829101963e-10,0.10574955981761666,0.12862483511760195,0.13294086261205634,6.705169007325212e-10,0.08256943916411488,0.09572478208140837,-0.0003505507310140095
2021-01-08,3.6167950752175095e-09,0.04308931024095351,0.09799278497974008,0.055785238080441925,0.05260109573434887,0.09480282899379777,0.1057070181126444,0.004135345608703814,2.836525920473454e-10,0.10638866936127027,0.12834996369671145,0.1328302301358038,6.837025881693423e-10,0.08239564031666145,0.09627481261794396,-0.0003529424631717136
2021-01-11,3.726703390254783e-09,0.042881110334893384,0.09696966252473968,0.05683688895773409,0.052679011087201015,0.095344447070833,0.10562422525841092,0.004160872281903529,2.9326273713618397e-10,0.1087842581354425,0.131440008683938,0.1309548227178487,6.766198330859776e-10,0.07892129986329398,0.09575968008936896,-0.0003562917021936572
2021-01-12,3.746124771700435e-09,0.04294322046523172,0.09637634158257927,0.05661166312049182,0.05204605347386517,0.0952456656907393,0.10632916227503231,0.004050998003243934,2.935163903409727e-10,0.1099676682288003,0.1300983530242621,0.13204097099643086,7.075695912531228e-10,0.07850148707390457,0.0961432813684023,-0.00035487005019442714
2021-01-13,3.708543936677823e-09,0.0428906763190985,0.09656233540672314,0.05656819825227613,0.05124895176453619,0.09521691290921955,0.10811142883500269,0.004064993897412958,2.9685735408856944e-10,0.10925356674981053,0.13130945554250248,0.13229537671836625,6.938611461644575e-10,0.07874263879330208,0.09408916669784466,-0.0003537065853577239
2021-01-14,3.6950384601741586e-09,0.043075132372458864,0.09710549528462376,0.055932484584107975,0.05203291811105402,0.09615426796248558,0.10735338687446735,0.003986580261418721,2.969827147370766e-10,0.10878043697967749,0.13189667326119472,0.13183546053397377,6.71233497699072e-10,0.07839840687129816,0.09380322016794035,-0.0003544679279555775
2021-01-15,3.698970732851489e-09,0.04256265553734071,0.09838721546796676,0.05444296811652591,0.05260882122708384,0.09542216589611846,0.10808560045255032,0.0039723476620164575,3.0059623075940907e-10,0.10762500715579898,0.12895323537454692,0.1343751522575577,6.668465108129247e-10,0.07835848047200832,0.09555900930985517,-0.0003526635957829312
2021-01-18,3.674706520546094e-09,0.04295832789535268,0.0980810494673041,0.0545401495647333,0.05283058255015898,0.09390173638200319,0.10731238926826736,0.004062231335167264,3.0560017022265246e-10,0.10789421525656136,0.12991461266390136,0.13418080027307352,6.851445837198263e-10,0.07835286099424964,0.09632476895626589,-0.00035372927249003065
2021-01-19,3.7210380415674388e-09,0.042696636973759305,0.09991308222860759,0.053681667962015796,0.05397727709835276,0.09363108166790486,0.10716766891111726,0.003961206829533151,3.041411770469665e-10,0.10636763157279461,0.12889970388183783,0.13414780195612216,6.981191226237222e-10,0.0788167500557564,0.0970937685029632,-0.00035428236406333876
2021-01-20,3.6738743526046106e-09,0.04221777844175026,0.10161978818332128,0.0531084072493599,0.054939870701152756,0.09313322425785832,0.10693735281726195,0.004012626067958475,3.0922469500633664e-10,0.10596227213387706,0.12782471124298767,0.13374807804875327,7.008454168677434e-10,0.07993745238317639,0.09691181363010756,-0.00035337984150940965
2021-01-21,3.6899057226549285e-09,0.042855809679275776,0.10189344351329767,0.05322419742442066,0.05385296729536251,0.08987239166044232,0.10735751651408895,0.004002120175428677,3.0647903592892037e-10,0.10623292868411521,0.12754754001726773,0.13613339658555387,7.011072617941295e-10,0.07876274778862484,0.0986177247390484,-0.00035278877441869837
2021-01-22,3.680085728942517e-09,0.04305909240833618,0.10131203830101147,0.05279966315103013,0.05388117165578961,0.08984495445816797,0.10800493227472112,0.0039852406767732634,2.9801101703584965e-10,0.10548195462296579,0.1291444582145027,0.13541006176165132,6.978881000998496e-10,0.08015821695483422,0.09727071402552437,-0.0003525031812930575
2021-01-25,3.6387570561448454e-09,0.043136226197217624,0.1011302765990805,0.05239614657163963,0.05395502283502893,0.09073079238946222,0.10837637987946185,0.004016956588652334,3.0714041745389345e-10,0.10530374931105414,0.13020369190695696,0.13474486130046853,6.900968034961821e-10,0.0796028010815625,0.09675672023774508,-0.0003536295343246813
2021-01-26,3.6682676517180432e-09,0.044370598949382035,0.10082564014236912,0.052395185243231474,0.05417308928847067,0.09163255719961172,0.1092913482491359,0.004110068032403783,2.975377416180324e-10,0.10190602050466166,0.1298019070176142,0.1379261548129043,6.745293182967192e-10,0.07562367087961147,0.09829897546985356,-0.0003552204295846395
2021-01-27,3.7066334224217536e-09,0.044239343389685305,0.10057035279377252,0.05223846199872021,0.054693477129111816,0.09164956023671746,0.11093419398360686,0.003976722949515368,2.962115293965961e-10,0.10096606221379778,0.1303520867418303,0.13782984093244147,6.897689758161387e-10,0.0736844841002453,0.09922344908428901,-0.00035804024634713356
2021-01-28,3.7200145925174425e-09,0.04499735312077648,0.09988724923979762,0.05235050540734152,0.053412719075441276,0.08870471623453252,0.11203200447202717,0.003970612473775471,3.009619389661206e-10,0.09867596398216931,0.13126885152202405,0.14198267419316468,6.93931766020843e-10,0.0739602656312691,0.09911445637728988,-0.0003573764445174281
2021-01-29,3.585005719937194e-09,0.04215098583295959,0.09685427803116298,0.05393314516887668,0.054895009055190465,0.09067128575055203,0.1062941282062243,0.004053072267472573,2.687857504398916e-10,0.10450065167530541,0.13585506614507423,0.13121531598131408,6.798053577455954e-10,0.08056348532214196,0.09903249664510629,-1.8924614977535578e-05
2021-02-01,3.5206564452344866e-09,0.04207782519869146,0.0988171659384094,0.054057165123669634,0.05467518150403881,0.0916197126064448,0.10624966400609909,0.004052000572064321,2.6358588986393e-10,0.10454767278173545,0.13769904025325033,0.1289627770529239,6.94641947745447e-10,0.08018328841896553,0.09707735819302471,-1.88561282018495e-05
2021-02-02,3.566816452471564e-09,0.042110090729625925,0.09999695419659584,0.054077602019983094,0.05484119442533025,0.0925492210541784,0.10707446551059517,0.003952602330210066,2.6020488887128435e-10,0.10646982779668504,0.13794531924735384,0.12833048899172872,6.807978500423234e-10,0.07892259679661685,0.09374855362810272,-1.8921234825095716e-05
2021-02-03,3.5601766692488495e-09,0.04181830161352565,0.09886942787515318,0.053991000704331125,0.05503997256246069,0.09496004423082563,0.10481287207714488,0.0040146864499887285,2.637837915567549e-10,0.10511428643734966,0.13831308509876988,0.12726438966544326,6.826285872415615e-10,0.08104825536177765,0.09477257376657601,-1.8900349935502845e-05
2021-02-04,3.6159253528044046e-09,0.04208711405068897,0.09834178132717707,0.05444834481272607,0.05645620707067288,0.09411999293287229,0.10445447800637583,0.004066119740058464,2.627960601671976e-10,0.10496993563933796,0.13888766158426466,0.12571561999248124,6.784443484600805e-10,0.08300388277258093,0.09346795823751489,-1.9100723917175066e-05
2021-02-05,3.572936064667212e-09,0.041956066532914206,0.0994472559480472,0.054506858838547466,0.05632681461131049,0.09449350736387271,0.10234339760638735,0.004108765180865266,2.6521222748414254e-10,0.10466954225295948,0.14164934756216627,0.12376522148200965,6.943541182562872e-10,0.08353920334771478,0.09321317385036096,-1.9159109658349008e-05
2021-02-08,3.570779987160527e-09,0.041894276421222315,0.10072123546447667,0.053815878763040254,0.055788301283222416,0.09572258792611968,0.10149601064350126,0.004160283079147375,2.718503837172935e-10,0.10400025587892722,0.1431930072157271,0.12134450397531686,7.03492057787441e-10,0.08383864204462572,0.094044160103271,-1.9147344720455395e-05
2021-02-09,3.5611551566426617e-09,0.04133212324122267,0.10162101116836618,0.05272653442760377,0.05576990110033467,0.09722303430414665,0.10212464264340376,0.004290614742866805,2.7699442830463474e-10,0.10332390918787376,0.14378762162789044,0.1217006778299969,6.865459243220855e-10,0.08271533443605462,0.09340379986547542,-1.9209099931227947e-05
2021-02-10,3.4881898456945444e-09,0.04130035061150787,0.10122405061738357,0.05165309797695487,0.05597845580955259,0.09800383651217587,0.10232407557810583,0.004266306379584697,2.791323883752322e-10,0.10430770175141701,0.1443596113038336,0.1198922908783714,6.892297874259751e-10,0.08443947355395605,0.09226992533221823,-1.918076161370322e-05
2021-02-11,3.578056007629554e-09,0.041321198383643044,0.10185535310781642,0.051557735092863974,0.05646376174644265,0.09638703063453623,0.1021794315660401,0.004225609182923328,2.813868495032399e-10,0.10656163584769016,0.14676117748990689,0.11580373236636272,7.18319719723747e-10,0.08541977825054925,0.09148284046851506,-1.9288715052450636e-05
2021-02-12,3.5756902132704087e-09,0.04130737305585355,0.10091112152488829,0.051568457073204704,0.05593344568941012,0.09569551466324305,0.10103349063494736,0.004131787246959029,2.814555604468388e-10,0.1073263988953199,0.14770942407621668,0.11719003978949362,7.211033631870556e-10,0.08444085813109847,0.09277132821308656,-1.924357197047101e-05
2021-02-15,3.5086376162502357e-09,0.04068618083756906,0.09926667016281328,0.05189826635923827,0.05624056942294428,0.09572868499722229,0.10189676132968296,0.004056618645078003,2.8127678923416073e-10,0.10650190171301413,0.14887784181033104,0.11629624559868233,7.12176276449093e-10,0.08479193177660482,0.09377744707288037,-1.912422815151533e-05
2021-02-16,3.5002063563396586e-09,0.0408222221123187,0.09852415264485155,0.050613865113627136,0.05660580265125347,0.09686936636877298,0.10267702126614438,0.003960879708412138,2.809770548479497e-10,0.10326707996883278,0.1528216680634701,0.11465122319593024,7.309705059336114e-10,0.08662402991153684,0.09258188017257336,-1.919568987768383e-05
2021-02-17,3.471948540143882e-09,0.0410770031803895,0.09789098820114626,0.05081232058174764,0.05642977962820337,0.09492245230342972,0.09986828378946921,0.003984948712505623,2.7943881962513776e-10,0.1026790409159002,0.15499795882901113,0.11726735090234722,7.296572750153858e-10,0.0863472001360207,0.09374191121235628,-1.9242873571447127e-05
2021-02-18,3.4249234979474717e-09,0.0411407145056949,0.09840750850037946,0.05117553628863299,0.05506821265266721,0.09394027369109793,0.09862903071868315,0.00398844857329009,2.81289786779788e-10,0.10501324751030552,0.15368645459514454,0.11623412963607736,7.440763600127203e-10,0.0867818116251388,0.09595385217969901,-1.922492710074273e-05
2021-02-19,3.4324982465859172e-09,0.04063910008128572,0.09694673323701548,0.05024317488008821,0.055488719817792145,0.09533608095355633,0.10105545962760638,0.00403481438237562,2.8606220358779827e-10,0.10404111975450064,0.15077406551456618,0.11787657142638507,7.493962479233494e-10,0.08693890305975022,0.09664446401887421,-1.9211221752861837e-05
2021-02-22,3.4319857851905836e-09,0.041036909977843775,0.0979938407212859,0.05039969026589538,0.05588607095580847,0.0956715081566299,0.10012298381480093,0.004065849852880756,2.7931031431567715e-10,0.10543174771600541,0.1474277675704635,0.11810337798569814,7.361809829715825e-10,0.08756702335665423,0.09631237126468699,-1.9146086130482937e-05
2021-02-23,3.3883323281238525e-09,0.04131100489392514,0.09761995181825256,0.0510347184306702,0.05602646269345849,0.09639920874369864,0.09908156348439096,0.004042308366842742,2.7813290347568787e-10,0.10711508074719993,0.15183536941131878,0.11681358871098245,7.521276847106036e-10,0.08433813276024,0.09440179341190466,-1.9187891477710172e-05
2021-02-24,3.3684606884080654e-09,0.04087791843614961,0.09626560004267183,0.051446089044926334,0.05606721911635918,0.09719397652824267,0.10034401462218062,0.00407140259858166,2.818170809571942e-10,0.10737167399912584,0.14943955260117497,0.11931782687751172,7.470088785953723e-10,0.0831987817678866,0.09442518586928965,-1.9245901387546634e-05
2021-02-25,3.333553025973431e-09,0.0406349309227856,0.09645910122876337,0.051565404286166204,0.05536481830971746,0.09643049308532767,0.10163733553105479,0.004093654508508942,2.900527024940129e-10,0.1091737913961343,0.1519841828827182,0.11635685359549629,7.559454246807278e-10,0.08300303084345263,0.0933156073501288,-1.9208319805645748e-05
2021-02-26,3.585002765875678e-09,0.0421509511003497,0.0968541982227839,0.05393310072771226,0.05489496382144569,0.09067121103698757,0.10629404061936447,0.004053068927722028,2.6878552895917337e-10,0.10450056556627861,0.13585495419986293,0.1312152078592787,6.798047975827944e-10,0.08056341893745245,0.09903241504186487,-1.8100594696360735e-05
2021-03-01,3.602931782178748e-09,0.04208754095401544,0.09674970625329518,0.05416372073876375,0.05471885442666876,0.09225601135671858,0.10746070390950434,0.004101885572812471,2.6485442702054156e-10,0.10434456942974156,0.13516256153488254,0.1289634990573266,6.839784428627485e-10,0.07976272777833845,0.10024630209871883,-1.8087662551256176e-05
2021-03-02,3.5773436067095654e-09,0.042951200007665044,0.09611008561301833,0.054469622071497435,0.05541926920782449,0.09187246658326513,0.10904569707655574,0.004043501357385494,2.714465468083608e-10,0.10471135455103457,0.13430223750759682,0.12874286294883586,6.960271697127128e-10,0.07918266281406917,0.0991671747490424,-1.813903260781794e-05
2021-03-03,3.561218841117898e-09,0.04233803787529469,0.09776755040890404,0.053989386874551265,0.055849888381503315,0.09190929809575343,0.10735492444004317,0.004034177406842357,2.7400287163205465e-10,0.10417941847724559,0.13660405777369222,0.13068465117303438,7.057735357277847e-10,0.0783586373591036,0.09694805874640686,-1.8091553370188214e-05
2021-03-04,3.530089556700821e-09,0.04229769321992021,0.09805793791295578,0.05249309256085454,0.05568530531790535,0.09183581899020386,0.10665424288166654,0.004096628085173575,2.7496392327301233e-10,0.10600955980165622,0.13576171940476559,0.13239892360912248,7.241091641670246e-10,0.08002246653442202,0.09470464154648972,-1.8034394298372317e-05
2021-03-05,3.5235577285059354e-09,0.04217419206169625,0.09863545274439348,0.052939835035930055,0.05515439014197809,0.09197904104557744,0.10382168486138124,0.004183438853661682,2.7308417630154273e-10,0.10618661918213142,0.13519334780456563,0.1350738543149557,6.886834543448125e-10,0.08007154668259973,0.09460463347480944,-1.8040689005452786e-05
2021-03-08,3.5178505512181657e-09,0.04302718598212268,0.09795764843776476,0.053556059282868135,0.05554763078773197,0.09373004589266574,0.10317999693372004,0.004151902682273164,2.783328895615224e-10,0.10720090906420807,0.13220204034282,0.1342455082668777,6.95443245309182e-10,0.08154097284861897,0.09367818038883755,-1.808540213545216e-05
2021-03-09,3.435727582731827e-09,0.043442523676384265,0.09708877846444997,0.052546479965822596,0.05387390207560787,0.0951293469485715,0.10382173850378602,0.004157272249969219,2.853588518822658e-10,0.10875488004628343,0.13628434473845918,0.1316977880601791,6.982516538615534e-10,0.07951001106113136,0.09371108945689219,-1.815966687475721e-05
2021-03-10,3.409280518544191e-09,0.04348489183216006,0.09662121468360088,0.052642966011940025,0.05404897700199669,0.0972469417551404,0.10284323487864128,0.0040806628214506485,2.8493014670210427e-10,0.1068524491916884,0.13884545689048258,0.1304066555561381,6.878525666678724e-10,0.07843374247008016,0.09451086124499197,-1.805872037449938e-05
2021-03-11,3.3968463820021037e-09,0.04311036691789439,0.0981515178105284,0.05201779302489312,0.053961638711184194,0.09786218566041009,0.10037916745835514,0.004100367756823957,2.799256904613761e-10,0.10801038725905564,0.13642482211681986,0.1316863075176208,6.999168345238517e-10,0.07952151731774675,0.09479194020926517,-1.8016137286444025e-05
2021-03-12,3.3890717897899293e-09,0.04285560880227079,0.0997056208214495,0.05159944724749815,0.053282485274992075,0.09870065095361467,0.09930737771970528,0.0040455569027556685,2.7396154285755306e-10,0.10721726482865923,0.13626657871354578,0.13225366550479298,7.117629299418914e-10,0.08030587305134083,0.09447787649752509,-1.8010692946452194e-05
2021-03-15,3.370676447150689e-09,0.04292467358329612,0.10072113898053178,0.051494518499728956,0.0527961689816405,0.09711104167542305,0.09704041169716728,0.004070006376530958,2.753898970041176e-10,0.10781993975363878,0.13553673771604147,0.13495151413443415,7.034447047929893e-10,0.08144201493452993,0.09410977229430573,-1.79429767797352e-05
2021-03-16,3.3269462002515717e-09,0.04286946763281702,0.10043696721682208,0.05133392931673579,0.05247011738516386,0.09637203551140525,0.0994567027470221,0.004109032112127563,2.7638395615240086e-10,0.10724930184621895,0.13678444622242608,0.13518312968024365,6.988904248172787e-10,0.08043268926546401,0.09331998579020073,-1.7809028867809515e-05
2021-03-17,3.229954925557191e-09,0.0429974331329596,0.0999952012315406,0.052319224974073514,0.052531600853037166,0.09499472890501379,0.09948849018895103,0.004052266154711321,2.786182178620418e-10,0.10784966111510388,0.13905944991744174,0.13353145551045503,7.001209494870025e-10,0.0785265282163827,0.09467177574472327,-1.7820153087780813e-05
2021-03-18,3.2392313018856622e-09,0.04312714299212841,0.09980061003338232,0.052466417127195755,0.053453045618204145,0.09446974183384778,0.09949018743839688,0.003982638941702601,2.7453433572742636e-10,0.10782265156747081,0.14129902800556693,0.13272710803961513,6.960522693604781e-10,0.07781580884484701,0.0935633959760494,-1.7780628225062784e-05
2021-03-19,3.2497475140312144e-09,0.04249423801882861,0.10123292052419651,0.052094253863133225,0.05395254101649085,0.09298750160546412,0.10045121541611618,0.0040231958771093914,2.762890867934253e-10,0.1062347120991057,0.14197520660129692,0.13017915303329575,6.935200758115558e-10,0.07934032309809509,0.09505251988040497,-1.7785253094136316e-05
2021-03-22,3.251684912793189e-09,0.04209519678690439,0.10199042978414648,0.05213385373628364,0.05246181742056027,0.0939762620749005,0.1004809070691938,0.00409440084083751,2.71982322767163e-10,0.10106975110924192,0.14272172199844,0.13091928180156934,6.734890311065572e-10,0.07799036579938776,0.10008379715555615,-1.7789774178108924e-05
2021-03-23,3.2618927165702068e-09,0.042664150607482444,0.10189184085728405,0.051195718137799065,0.052675723680318025,0.09423567868093684,0.1005598375786147,0.004113272162828691,2.7476168063884144e-10,0.10146963236714303,0.14068570060313162,0.13283188367706797,6.546163888038871e-10,0.07555955233639969,0.10213489886247638,-1.7893742753222442e-05
2021-03-24,3.305790199950482e-09,0.043008408714624115,0.10122823674016669,0.05122240157566954,0.05296658718128315,0.09311723916042035,0.10043292128433602,0.004187929363152406,2.830669446672058e-10,0.10170480709374015,0.1436780097646421,0.1296933265344311,6.681271519515385e-10,0.07512311762456356,0.10365505522726534,-1.8044521278843203e-05
2021-03-25,3.3000403536326363e-09,0.04361071373718069,0.10033869755049138,0.05162663570033081,0.05282458461999302,0.09299744791493333,0.1002611809949189,0.004141066515068699,2.832424674246734e-10,0.101693106004963,0.14436702139625823,0.12999694440158593,6.781170439151561e-10,0.0764608691474815,0.10169977956968713,-1.805181429235486e-05
2021-03-26,3.3331139254288095e-09,0.04316582039314735,0.10116298906470732,0.05209165173852115,0.05169709468737283,0.09328909771429633,0.09982364225428703,0.0041047366205155655,2.895070566586693e-10,0.10086855258848078,0.14277910062329258,0.13043782474288115,6.877400758682541e-10,0.07642902579470966,0.1041685401857219,-1.808071829470197e-05
2021-03-29,3.3230039541650043e-09,0.04187721231285382,0.09978476175365444,0.05134577414233016,0.05158744925182975,0.08944067937288078,0.10244755106619133,0.004103309570813,2.878881625244277e-10,0.10192115016898698,0.14705161512514364,0.13133417607519776,6.938207644272339e-10,0.07602534660468975,0.10309890259769336,-1.793234697748898e-05
2021-03-30,3.2907071998897902e-09,0.041310293402130764,0.09853046163171268,0.050289334642092114,0.05127525484178459,0.0870621812227945,0.10218984014701356,0.0040804845753682865,2.870670037371161e-10,0.10059054270117625,0.15361058618582346,0.1336833699101617,6.753441476632571e-10,0.07597510975490576,0.1014203714352499,-1.7834703331872654e-05
2021-03-31,3.5849924030204727e-09,0.042150829258267124,0.09685391825479009,0.053932944827996106,0.054894805141355696,0.0906709489416162,0.10629373336444055,0.004053057211868741,2.687847520042587e-10,0.10450026349559678,0.13585456149578118,0.1312148285669075,6.798028325302837e-10,0.0805631860597952,0.09903212877748943,-1.5209929484785766e-05
2021-04-01,3.5773749325750545e-09,0.0418685184136705,0.09681125080455676,0.05416703345344929,0.05449954574787317,0.09118788603079474,0.104480251828877,0.004012214187065016,2.730666095386118e-10,0.10610607436709625,0.135798596465212,0.12973627503176072,6.71576902191818e-10,0.08050008028724175,0.10084756223429596,-1.5293373911816725e-05
2021-04-02,3.5912187753749345e-09,0.04145694105524091,0.09514666680259744,0.05407415625195597,0.05369848049493193,0.09015488231919008,0.10585013439238873,0.004040317674446113,2.72439244717345e-10,0.1035332132219663,0.1356399941035564,0.1314608997826671,6.641378785549706e-10,0.08211064371324311,0.10284888173598551,-1.5216075965481231e-05
2021-04-05,3.6512265594057352e-09,0.04162681610743614,0.09584898828216927,0.055009669284801506,0.054049109027019863,0.0896757694167622,0.10533012335593604,0.0040587373026620905,2.675422986973406e-10,0.10343032645884727,0.13822209659575072,0.12676589131870578,6.829100937578505e-10,0.08390185347192464,0.10209584269025802,-1.5227913952558054e-05
2021-04-06,3.650298025203836e-09,0.04140617506898338,0.09660666201964592,0.055336250406522354,0.05285125577363389,0.08987930489091464,0.10449259109513183,0.004042520594643725,2.6329183271208195e-10,0.10569336235973063,0.13983588453394552,0.12455213221506214,6.635754475739059e-10,0.08289645235921013,0.10242254738806714,-1.5143282656699506e-05
2021-04-07,3.6669389710272098e-09,0.04202834280647713,0.09765863653510444,0.056084257979121775,0.05318829573449782,0.08849274651834536,0.10447248225050983,0.004113425788235034,2.637512550549653e-10,0.10678897877814986,0.13947152229878562,0.12270677866530995,6.638781521865258e-10,0.08358425917207758,0.10142544374277655,-1.5174863959328821e-05
2021-04-08,3.6699136254065664e-09,0.04175662941380755,0.0991452710956535,0.05606978310286752,0.05429770032999642,0.09051454695966935,0.10469377903703254,0.004067806632897423,2.5642197611757394e-10,0.10469424665127856,0.13682319507862736,0.12598098442936262,6.674791787666215e-10,0.08446477077695494,0.09750649994711187,-1.5218049074431243e-05
2021-04-09,3.6170880495419808e-09,0.04200163184981255,0.0991483590847539,0.055805657745989105,0.05450623097083707,0.0921381050842873,0.10407437010053855,0.004059938482814383,2.5641283775572477e-10,0.10826991015646235,0.13179859725849805,0.12707562482359364,6.642880361158888e-10,0.08510244141010621,0.09603429617594161,-1.5167681423629646e-05
2021-04-12,3.6084246324207995e-09,0.042223477837317745,0.10228816374591122,0.05621878643762608,0.053846630508358195,0.09147336098651089,0.10325517887132558,0.003949783992428354,2.547209993036814e-10,0.1093172014401806,0.12886644362977145,0.1291128319153269,6.689030871453635e-10,0.08383293626827508,0.09563033518740478,-1.5135352485680131e-05
2021-04-13,3.6715436685374884e-09,0.04263843850953805,0.10254477294061604,0.0562024262508446,0.05402987934958314,0.0911003266078994,0.10057617101895283,0.00407445210333746,2.559679608237144e-10,0.11027989940665336,0.12908562417341427,0.12785250795947442,6.685204608263346e-10,0.08161278586569831,0.10001787923218787,-1.5168014231831726e-05
2021-04-14,3.5768110500095764e-09,0.04159063280061203,0.1006030355111927,0.056221691895350805,0.05327235221309812,0.0883865959274828,0.10083244618342037,0.004058562870033446,2.543800810948774e-10,0.10993748489786419,0.13220897268070744,0.13070830359031477,6.512413909716906e-10,0.08285497775724394,0.09933988724545922,-1.4948055212537269e-05
2021-04-15,3.6043025216064804e-09,0.04100027654849409,0.10072061902060615,0.05586694884329693,0.05397333196326507,0.08987788308593303,0.09831641240258782,0.004070100524218225,2.5943929732002495e-10,0.10997122513317427,0.13420315076046388,0.1319123052703101,6.57304574059846e-10,0.08271980972868766,0.09738292148060312,-1.4989282686898133e-05
2021-04-16,3.556914529847128e-09,0.04118929811191565,0.10048760084085233,0.05563903099277312,0.053563026650458034,0.08930796139125574,0.09946501727133951,0.00404112072856225,2.5367686711589905e-10,0.11098151441153706,0.13345075408941226,0.13168272794187283,6.743232400383797e-10,0.08250591525422873,0.09770097548158906,-1.4947650711264461e-05
2021-04-19,3.513712612057258e-09,0.04105697298642319,0.10105145514211841,0.054595284202534,0.053645011489166616,0.08934482922316717,0.09943585677593238,0.004097134420041045,2.5473386119162883e-10,0.113439985074422,0.1312072308978395,0.1318911087723522,6.748630260926221e-10,0.08084645289458081,0.09940360312475531,-1.4929446642055206e-05
2021-04-20,3.600667915242915e-09,0.04116296655253905,0.1018851437257287,0.05480183281337266,0.05333109862078847,0.08750967174279536,0.09877412984483366,0.004028080151153257,2.619480815282657e-10,0.11357499362088908,0.13086510122253117,0.13427561582377198,6.636145326395674e-10,0.07996402405681187,0.09984230447036359,-1.4967171809454248e-05
2021-04-21,3.6267822728454378e-09,0.04127210192084182,0.10191453514277822,0.05472160936109841,0.05346549333197737,0.08753398491688687,0.09717995194570572,0.004021661943826263,2.572023251324661e-10,0.11346904528568004,0.1295662454436681,0.13972763842733082,6.617553260954513e-10,0.07775722295291469,0.09938543243208113,-1.4927650529466646e-05
2021-04-22,3.654789860516882e-09,0.04208994651841633,0.10155548599195938,0.05388346663531607,0.05415334425108426,0.08623792774014823,0.09689519709098579,0.0040190083566338025,2.577148975816913e-10,0.1150331104378549,0.12852760382763864,0.1395158130467435,6.636692074971948e-10,0.07821637028733025,0.0998876877506621,-1.4966510947333389e-05
2021-04-23,3.666168902850262e-09,0.042408132590511176,0.10188961570893744,0.054114175616067364,0.053065546141341756,0.08621925079956125,0.09744104432830779,0.004057253584489603,2.5486892892719804e-10,0.11377177020445775,0.12724145908181791,0.14068080191644575,6.752564771993336e-10,0.07758674562937724,0.10153914835891918,-1.4948556528653131e-05
2021-04-26,3.6764114240710226e-09,0.04242482739115212,0.101828087978258,0.05467097217640648,0.05336801641968366,0.08889149879760981,0.09649345961008092,0.0040944907686389954,2.5333546642813895e-10,0.11244828106730222,0.12746195884930908,0.1412798915212739,7.11212646721186e-10,0.07748074909154466,0.0995727315708061,-1.4969883025339596e-05
2021-04-27,3.702676303729809e-09,0.04172424433758106,0.10219597189772561,0.05493466663150138,0.054134520526092765,0.09042358422682106,0.09629052256924574,0.0041051710451555645,2.516522071460459e-10,0.11101137924969336,0.12872122971984218,0.13891812533879036,7.094965908432922e-10,0.07645095288494537,0.10110466196985246,-1.5035061071942004e-05
2021-04-28,3.780418778146977e-09,0.04133676743696219,0.1005488888547511,0.05507520489578263,0.0543627738417458,0.09104460364660745,0.09610128919886002,0.004110327099208923,2.5407211096081714e-10,0.11327360978770123,0.12516972364636203,0.13863692231230007,7.151856961858662e-10,0.07549458214242649,0.10486039325947567,-1.5090871860351406e-05
2021-04-29,3.7368882187193865e-09,0.04109153165416647,0.10059727232663722,0.05440295611627869,0.052854893684162164,0.09005497918780772,0.09691241010276938,0.004068831250315233,2.495455866363735e-10,0.11429258135844882,0.12384409783919507,0.13672458039525673,7.133266894888824e-10,0.07615788862825545,0.1090129769704175,-1.5004213470888136e-05
2021-04-30,3.5850099909674096e-09,0.042151036049932214,0.09685439341941623,0.053933209422635416,0.05489507445487477,0.09067139377263939,0.10629425484073167,0.004053077096138263,2.687860706603183e-10,0.10450077617313767,0.13585522799728247,0.13121547230591243,6.798061676380893e-10,0.08056358130220641,0.09903261462840073,-2.0115996909968123e-05
2021-05-03,3.622315867603029e-09,0.041890346902150453,0.09601136721693927,0.05302439480057431,0.05649779160219294,0.0888687252004848,0.10502614924797304,0.004051878951126847,2.695201741169203e-10,0.10540768777692373,0.13898293684254662,0.13153647448114777,6.632049748627881e-10,0.079706888108968,0.09901533864765938,-1.9984333727999758e-05
2021-05-04,3.6838529418556433e-09,0.041195520378055524,0.09702008821206898,0.0530053982315945,0.05693635355336817,0.08854302992903833,0.10359009749969272,0.004085549865996785,2.715187963601534e-10,0.10675707756721102,0.1386446430330895,0.12992060313156653,6.436783032628462e-10,0.08072371156004107,0.09959785282139427,-1.9930382167375956e-05
2021-05-05,3.6376942465192333e-09,0.04083127479369468,0.09620481820729974,0.051929046309047266,0.056183528558715064,0.08696843955665762,0.1026768841486843,0.00402969348772701,2.64111114690593e-10,0.10975699560416162,0.14100999360605038,0.12781281454999202,6.447498206026801e-10,0.0810877499496094,0.10152861461541533,-1.985793360953916e-05
2021-05-06,3.6034762277419227e-09,0.04121419074946158,0.09547990653316335,0.05105145452662706,0.056588500937608185,0.08827093944162359,0.10610130438140317,0.003955303624402013,2.6646137706861896e-10,0.10890298131500971,0.14259808033884533,0.12447175896402193,6.296212315614484e-10,0.07983652050187856,0.10154887470696887,-1.982052057201945e-05
2021-05-07,3.5491357054640767e-09,0.04111362517502711,0.09566744456259399,0.05094023268864071,0.05718368604000963,0.08794829678211456,0.10342921971664425,0.003995896193592765,2.6173001094745606e-10,0.10946666369509912,0.1449449464615871,0.1243304520609981,6.077398895971318e-10,0.07781736337470417,0.10318180551290523,-1.9636682522317953e-05
2021-05-10,3.5439325677122776e-09,0.041153333493606656,0.09646938626177197,0.051358246939703533,0.0573913868369049,0.08773703572890693,0.10302394611676276,0.004045801290778192,2.6397509282189476e-10,0.1090718247663895,0.1475456585456781,0.12411493675470758,5.989445344771104e-10,0.076780085789105,0.1013279884459848,-1.9635377152186303e-05
2021-05-11,3.5462964925388174e-09,0.04180379185380079,0.09594700961434902,0.051640889997466646,0.05712510711664393,0.08774078583036389,0.10126982907938993,0.004047065872278781,2.6413119178850384e-10,0.1103716947534217,0.14860224341702752,0.1220396135766518,6.125250082121608e-10,0.07735306664847033,0.10207859308026762,-1.9695263084710484e-05
2021-05-12,3.561004536309908e-09,0.04176199048937559,0.09658534569285918,0.052146909511961624,0.05615626302413959,0.08751617028279123,0.10136603127915052,0.004079763311925481,2.7000883200206555e-10,0.10953973392614498,0.14807030233072574,0.12153491922207128,6.066777314122788e-10,0.0772178620201071,0.1040444792112154,-1.9774740158788383e-05
2021-05-13,3.517388091235363e-09,0.041846893742092904,0.09459649421166727,0.05169556170209782,0.055808356027974716,0.08920084475670254,0.10077343615638015,0.0039441563316643165,2.6145076854093413e-10,0.10937168015824614,0.14923773664167667,0.12205930990783562,6.072582584975426e-10,0.07869881838279583,0.10278643263136268,-1.9725036593849863e-05
2021-05-14,3.5517148792796412e-09,0.041210046042421865,0.09379879319025514,0.05069382413545218,0.055700343899711825,0.08927593256879639,0.1010763576375267,0.0039535059692079755,2.582435124416953e-10,0.10921776519476571,0.14584923942047665,0.1250660518463027,6.050116068100307e-10,0.07812776514347536,0.10605011717548271,-1.9746638845103642e-05
2021-05-17,3.4975212299675837e-09,0.04059647507084766,0.09236352774774875,0.050478092153484526,0.0557990769617913,0.08981395136893143,0.10422923294968965,0.003814620986397505,2.597067957355671e-10,0.1079151861278968,0.14399033318327342,0.12335612501645281,5.934479982668045e-10,0.0802672709680514,0.10739577546386005,-1.967234910138606e-05
2021-05-18,3.5182461671398146e-09,0.041387569424307394,0.09137879528390178,0.04999543333650967,0.054639221778904956,0.08952916864260782,0.10507046353308165,0.0038427371623267095,2.6182677007880927e-10,0.10618169343280925,0.1467364792444058,0.12460008801076325,6.047127962805628e-10,0.07797110327596642,0.10868702314905909,-1.9780659429382464e-05
2021-05-19,3.4883509836790116e-09,0.041335853376444055,0.09216437976275238,0.050189813206684405,0.054229253724011106,0.08979574762346315,0.10320007350057943,0.003916897865569128,2.6180744561822186e-10,0.10834979822027146,0.14592769550122953,0.12387869368520057,5.984548299616736e-10,0.07946283317353095,0.10756878722864543,-1.983121699486398e-05
2021-05-20,3.5308766604402836e-09,0.04142671080780327,0.09075036392118832,0.050168111646787784,0.05378291489641283,0.09039235584273264,0.10217550583668977,0.003993141076074595,2.630986798665782e-10,0.10873419124278451,0.14841372910130973,0.126695397629504,6.020764124943196e-10,0.07885085890570785,0.10463666221643261,-1.9947519479532708e-05
2021-05-21,3.5170750773520944e-09,0.04127566982882128,0.09109566274200503,0.050103134565438946,0.054378854199897825,0.08992699166610524,0.10237861857270676,0.004071445275847828,2.651782879938119e-10,0.1089419517335533,0.14738959479210142,0.12570609042698921,5.948320120486814e-10,0.07830490361130628,0.10644707340903999,-1.99952008985992e-05
2021-05-24,3.5021048363317354e-09,0.04062477908004688,0.09263892545229678,0.05018243087379563,0.05333999987483148,0.08923669797515524,0.10232724521064501,0.004161572536957971,2.6031131731795526e-10,0.1103805907493479,0.1504455724367088,0.12414278684524505,5.908562615718988e-10,0.0766888873941112,0.10585045517588683,-1.9947958301189173e-05
2021-05-25,3.4871324020509688e-09,0.04073641728959544,0.09336612002360235,0.04956044840951867,0.05186674273206552,0.08887429635634408,0.10234611837251036,0.004160686995685083,2.580893659144241e-10,0.11018761190835247,0.15357452078517958,0.12448965646898058,5.848784683659282e-10,0.07571941652462495,0.10513782540568858,-1.986560224779091e-05
2021-05-26,3.542034666450176e-09,0.04067326529554891,0.09337734299520832,0.04930411493289571,0.05257955355338894,0.09114535036610456,0.10301449494841337,0.004167547977970762,2.5836043145262907e-10,0.10616759377634435,0.15551447660637824,0.12484484111225395,5.89636301378662e-10,0.07478652252063145,0.10444475869362811,-1.9867168798046322e-05
2021-05-27,3.5187701690676806e-09,0.04098424346687316,0.09275009045479667,0.05035017049316951,0.05271819837757303,0.08942580403292578,0.1025760499260986,0.004118756007495378,2.493284936136399e-10,0.10853687672828624,0.15690539444563556,0.12566711315221699,5.899533969253894e-10,0.07273436893063108,0.10325273931193091,-1.9809685684900338e-05
2021-05-28,3.5721741096546856e-09,0.04083994457500266,0.09086665364106399,0.05058324390513143,0.0530106447787393,0.09023605870610082,0.10434458670878571,0.004186581007561465,2.521371429423876e-10,0.11137104001034172,0.1541872221744526,0.1276846583112994,6.009154405035803e-10,0.07162823439362746,0.10108107507392271,-1.9947711255934077e-05
2021-05-31,3.5850110985302913e-09,0.04215104907218963,0.09685442334187987,0.053933226084909996,0.054895091414310586,0.09067142178491004,0.10629428767957216,0.004053078348307088,2.6878615369982887e-10,0.10450080845789589,0.1358552699687716,0.1312155128439826,6.798063776592831e-10,0.08056360619174158,0.09903264522381004,-2.0424945884817435e-05
2021-06-01,3.6488906430691968e-09,0.04146523235503726,0.09594256787316424,0.0528735840555864,0.05522128156413866,0.09212229916929952,0.10809114191014949,0.0041007798416923535,2.6653755077572847e-10,0.10334534558148513,0.13146663923448018,0.13499273126297692,6.817408180892242e-10,0.07941797931555544,0.10098071826450307,-2.0305025237787168e-05
2021-06-02,3.6185526595794125e-09,0.04167386888744641,0.09585381975566007,0.053312540582083776,0.05523366973614888,0.09050153864584236,0.10831541204874955,0.004166223131749992,2.6671787630303816e-10,0.10470741744928218,0.12939207018645635,0.13509429275160645,6.750989493974054e-10,0.08059926318872095,0.10117019801426713,-2.0318938383460845e-05
2021-06-03,3.6754900650808146e-09,0.042519645403775355,0.09745925047503642,0.053973801416227166,0.05506987565053424,0.09133983816187842,0.10853929762776647,0.004184703431744325,2.677243495145146e-10,0.10408599100027645,0.1264745388980349,0.13483702469583456,6.838232127126102e-10,0.07936927125015227,0.10216725827013518,-2.050090843321058e-05
2021-06-04,3.7229880072553463e-09,0.042748900798666126,0.09870410537950244,0.05395267639082925,0.05558109623584719,0.0900577939277705,0.10708220151963396,0.004003223333560596,2.7115309490206866e-10,0.1060741908000458,0.12475786187145183,0.13363784769075254,6.716762016251071e-10,0.07955684154053831,0.10386365141837448,-2.0395572790264188e-05
2021-06-07,3.6625936367476577e-09,0.04293785702503773,0.09843910422234464,0.054040759570480414,0.05591104377634212,0.08987538787637665,0.10697706177116785,0.003992868207773228,2.751883201493484e-10,0.10681697378405686,0.1252697647279871,0.13084640753884585,6.676077281000349e-10,0.08090870420469021,0.10400445924127773,-2.0396551770085672e-05
2021-06-08,3.6933773266885055e-09,0.04380126918949155,0.09976363891192457,0.05422000544854468,0.05569042786836949,0.08713349085608564,0.10698279946116697,0.003983802875468084,2.77443665207325e-10,0.10681937037448587,0.1249246147344984,0.12723369101280319,6.582440174758446e-10,0.08181755723882049,0.10764976396649521,-2.0436567219152936e-05
2021-06-09,3.6674502563377287e-09,0.0436795835122078,0.1001799680811652,0.05339232802641543,0.05560337231823629,0.08579168860417874,0.10758888989329345,0.003968765680166867,2.770343904730265e-10,0.10490486669693547,0.12561896827689167,0.13094385524432028,6.428793500043591e-10,0.08084470457659017,0.1075033122920569,-2.0307789822307607e-05
2021-06-10,3.706617483368753e-09,0.0435735626842286,0.09743471080186356,0.05440433100899083,0.05630438216199886,0.08415732599492017,0.1070693108051512,0.004070840552315287,2.8396485835421913e-10,0.10680336733749979,0.12570052865874312,0.13159119036858402,6.436913266875897e-10,0.08280263634003313,0.10610817791979282,-2.0369268394933673e-05
2021-06-11,3.6875981361671167e-09,0.04413045231903752,0.0976370911669425,0.0554074645474069,0.05599117131010204,0.08432045611156702,0.10601904922834773,0.004082254758253902,2.784908166673959e-10,0.1062873893650867,0.12311937585480034,0.13350567638105695,6.536333002978251e-10,0.0804233946686492,0.10909663581849556,-2.0416149468672772e-05
2021-06-14,3.788838167689704e-09,0.04431877531777735,0.09733249377791699,0.05742312099382221,0.05530830935080556,0.0846722855112058,0.10669497850638893,0.004176572979363838,2.810974369301801e-10,0.10588980358090148,0.12171497938481018,0.13327820070588092,6.447307153258853e-10,0.08082679683790303,0.10838416742295934,-2.048908440190537e-05
2021-06-15,3.731847288948714e-09,0.04484087139057403,0.09672395729052007,0.05653940650707496,0.05514962390754593,0.08467878993447951,0.10410027475406074,0.004193082847889092,2.7653096655697713e-10,0.10862655349206259,0.12266682631957895,0.13229606221629378,6.359221761669558e-10,0.0806260921790006,0.10957892026980474,-2.046575318538651e-05
2021-06-16,3.726660945991725e-09,0.044692159441043745,0.09667916671765803,0.05608802102857189,0.0548628515823058,0.08233154609171917,0.10536478269635341,0.004206829114993966,2.731041964443463e-10,0.11172685917254703,0.12273325289857169,0.12987537073789535,6.449551774540217e-10,0.08114716072529576,0.11031243332748314,-2.043817915914692e-05
2021-06-17,3.736890949923637e-09,0.04520227932054608,0.09706649506103147,0.05683405456363237,0.053963826696064796,0.08244159783587071,0.10856429380117325,0.004190214203688847,2.7255733134090386e-10,0.11173262507452078,0.12117112382530328,0.12592735518516496,6.469312633924933e-10,0.08193085349327177,0.1109958492504282,-2.057296707598277e-05
2021-06-18,3.753242120264419e-09,0.04548338564103024,0.09870848838349905,0.05704095276683122,0.05390193110396032,0.08262870565528975,0.11006107690407915,0.004299480016071627,2.7163100488166747e-10,0.11257654520356679,0.12257047009547728,0.12457042865303826,6.511068715773101e-10,0.0802320177509686,0.1079472003521577,-2.0687201950050575e-05
2021-06-21,3.775357851355721e-09,0.04541755857771007,0.09916900296071658,0.057172075804729355,0.05339764925246635,0.08279228808442313,0.1085100404808491,0.004395690001785112,2.668686608355953e-10,0.11253477373009954,0.12082784724605093,0.12611237628552424,6.49108764136189e-10,0.07969573172210948,0.10999569429921341,-2.0733137012591444e-05
2021-06-22,3.779923932764044e-09,0.04569886936251266,0.0982152738378109,0.056307958482089186,0.0535230278343649,0.08254235126773082,0.10954778790097182,0.004395673645990195,2.6799094590006964e-10,0.10983026252036704,0.12467343681727495,0.12591940079368172,6.578860132088262e-10,0.07858416728101132,0.11078253387626608,-2.074832587255087e-05
2021-06-23,3.745880269939518e-09,0.04606274974054738,0.0981704495546894,0.05651991700197594,0.0541633222606266,0.08152127111912454,0.1089173154485027,0.004439825404592015,2.7732348177514037e-10,0.10998936561608001,0.1263232325263715,0.1261517361840357,6.828031544323409e-10,0.07636592501997921,0.1113956989750906,-2.0813557622534734e-05
2021-06-24,3.6601792222584123e-09,0.0445524056992205,0.09773891200424896,0.05618267687494635,0.05356969236520201,0.08079983331400759,0.11262322266259493,0.004390663585920827,2.773515190764844e-10,0.10807692459822035,0.125993138400955,0.12472393461567846,6.729372209766216e-10,0.07832188604365872,0.11304735568707629,-2.0650462197852295e-05
2021-06-25,3.67596567577265e-09,0.04364585237855051,0.09765725899097531,0.05810436366704407,0.05358687625179363,0.08220144226942959,0.11518056356233716,0.00441844986428729,2.747747968519215e-10,0.10433334072461034,0.12780934620296422,0.12341975397602434,6.772831893593896e-10,0.07679827059322115,0.11286518555171343,-2.0708660974725134e-05
2021-06-28,3.674736720033651e-09,0.04373718548145464,0.09642436258715929,0.05886866104553959,0.05316971296382935,0.08039581821611541,0.11495559655503379,0.004418592967312208,2.753123658426623e-10,0.1064961024895434,0.12727301825591913,0.12312875317953792,6.639709087851331e-10,0.07792382294033474,0.11322905974397358,-2.0691039773186042e-05
2021-06-29,3.6538539910377783e-09,0.04282136268140535,0.09776498066419115,0.057944664115061065,0.052702993761533735,0.0806375246200741,0.11292401163390438,0.004318505838414449,2.6623468143357435e-10,0.1075295451217367,0.12596810779758227,0.1290251317100292,6.514896996592466e-10,0.0765123597278432,0.1118714590790644,-2.0651322418484356e-05
2021-06-30,3.585003076736094e-09,0.042150954755315405,0.09685420662114183,0.053933105404324035,0.05489496858146192,0.09067121889921034,0.10629404983626382,0.00405306927916909,2.6878555226592846e-10,0.10450057462766334,0.13585496598002894,0.131215219237126,6.798048565295835e-10,0.08056342592321496,0.0990324236290989,-1.81873076120252e-05
2021-07-01,3.586716537484041e-09,0.042130532153260895,0.09672412563394758,0.05386420849902336,0.054981129544966915,0.09050106620675029,0.10726978842057662,0.004099750566945643,2.6685165885395777e-10,0.10724744348468668,0.13456357132335445,0.1284639273903684,6.888080432523912e-10,0.07988390313489659,0.10028884516703178,-1.8296068185544324e-05
2021-07-02,3.506875496460075e-09,0.042745112761284364,0.09747634006007473,0.05296588618509837,0.054024541325019194,0.09249664683000854,0.10626918259627292,0.004053957023783394,2.580531845894237e-10,0.10673980525102149,0.1341668887684554,0.13011418132741936,6.72442348257187e-10,0.07773622333019513,0.10122953092486547,-1.830082086940859e-05
2021-07-05,3.555713697933448e-09,0.04225053604841955,0.09905145385923694,0.05322499189030933,0.054986578537962724,0.09283075030262156,0.10311884143939995,0.0040637283164059994,2.6331981108555343e-10,0.1057469264607276,0.13394523814819934,0.13033572784162312,6.412554456413767e-10,0.0804825363816854,0.09998106353543508,-1.837722231575042e-05
2021-07-06,3.5739920507872946e-09,0.042229895417695076,0.10043826795341326,0.05349675294516259,0.05485570508956592,0.09181357220029648,0.10428437816912252,0.003958077978284026,2.660003949879515e-10,0.10400763633597161,0.1367491017583108,0.1307782162075382,6.489545953145836e-10,0.08066152308286541,0.09674524858301328,-1.8380210186220327e-05
2021-07-07,3.5038396141245995e-09,0.04202566051789742,0.09945831036226048,0.053597517027456285,0.05449158836508714,0.08963741210500385,0.10198569368791002,0.003918680301524581,2.5394457700623183e-10,0.10549830420056902,0.13616929214769302,0.13197836705015809,6.238626012288844e-10,0.08156376501091361,0.0996935683969987,-1.8163555118986998e-05
2021-07-08,3.459288348496441e-09,0.04234485819282539,0.09944133544055866,0.052639875191001675,0.054810874556222765,0.09058645895456724,0.10115142825679722,0.003983248740548159,2.4765920998523643e-10,0.1030530558617294,0.1364764498769035,0.1320444201735308,6.160839631396944e-10,0.08277710881970327,0.10070903721850745,-1.815560592689456e-05
2021-07-09,3.461047085835096e-09,0.041974493207043266,0.0993394727176924,0.0519804576963793,0.055760941143397205,0.08897979693008552,0.10325843957369207,0.00395596355593376,2.408290243205996e-10,0.10447403172207968,0.1357623184694067,0.1329716553955658,6.247772297991722e-10,0.08268929323122468,0.09887114721397527,-1.801518312881046e-05
2021-07-12,3.467336231791042e-09,0.04166819037474587,0.09934682190726121,0.05032881289469983,0.05565883579928436,0.0876166395951759,0.104805792041284,0.0039624069197666855,2.399684712754272e-10,0.10451712826172543,0.13262577397633335,0.13565236413427767,6.420752023441353e-10,0.08270077769382,0.10113433158109292,-1.787952884700787e-05
2021-07-13,3.4357224754204333e-09,0.04117772352578538,0.09902252660553838,0.0503939628310243,0.05519043627639294,0.0879013197475342,0.10486112490950401,0.0038924428408067665,2.4096140849795916e-10,0.10554611065671937,0.13253133589893296,0.13781218573515414,6.262152988041769e-10,0.08312254539001847,0.09856609003129514,-1.7808751605263622e-05
2021-07-14,3.396210931280067e-09,0.04087559028914764,0.09792434449614999,0.050032089782934434,0.054998872814764746,0.08876967472588072,0.10432152661603859,0.0038020021405168612,2.44852759190544e-10,0.10409907172449819,0.1323123224554754,0.13875640618672935,6.280017808149345e-10,0.08472667686771333,0.09939920530114797,-1.7787670062854392e-05
2021-07-15,3.3652764099549916e-09,0.04173719424223183,0.09803923340027158,0.04990284893626971,0.05559453992749091,0.08897892110265375,0.10479859744911177,0.003933172937236249,2.4366929238204146e-10,0.10351073739096886,0.13246974363758418,0.1411694841004883,6.110169510287315e-10,0.0816436279251283,0.09823966145225464,-1.7766721652785437e-05
2021-07-16,3.2927679975506745e-09,0.04130099484952975,0.09796494742896182,0.049090618338861684,0.05429827234555754,0.08851787715930202,0.10537833139585594,0.0038156544158200398,2.4516075415118506e-10,0.10419949094903519,0.13371914764737303,0.14322099970470648,6.308911730962373e-10,0.0806404497278166,0.09787086483099705,-1.765296263691309e-05
2021-07-19,3.2393687060398575e-09,0.04079366529426289,0.09836372533878347,0.04774127644269066,0.05307388806069841,0.08898241241354359,0.10552935737771654,0.0037499565997242312,2.4526377013280683e-10,0.10348582478352222,0.13531657694240684,0.14167677679241913,6.345358892759437e-10,0.0835092656052655,0.09779470204684598,-1.7431817047795116e-05
2021-07-20,3.2382226997929605e-09,0.04105945860343777,0.09790107900571343,0.049012961386631276,0.05315239957271484,0.08861097245316289,0.10427157677738012,0.0038058857474037263,2.4827328863676027e-10,0.1026292302518549,0.1365062644034313,0.13800217425221362,6.362891168245355e-10,0.0841598872178957,0.10090552028348547,-1.7414078110233464e-05
2021-07-21,3.2151098070665477e-09,0.040535234706605396,0.0969742620304098,0.04827265987389373,0.05402925583243134,0.09039610651314282,0.1047551876377007,0.0038730724277752085,2.488595562404842e-10,0.10251883625604334,0.1358284642068832,0.13734257080805748,6.193166336839669e-10,0.0846084124807414,0.1008833463024152,-1.7413159385607445e-05
2021-07-22,3.251290279021432e-09,0.040744448311330894,0.0972142824969447,0.04799421209868382,0.054308917400729656,0.0916462132664906,0.10358799066696246,0.0038948630212779934,2.508215695332423e-10,0.10182652905443873,0.13513661966970428,0.13849651439960892,6.097511726261033e-10,0.08553524009915703,0.0996316479189731,-1.7482516165489812e-05
2021-07-23,3.2867855848153456e-09,0.04174594828386121,0.09639989559469124,0.0483343090037538,0.053882376224408876,0.092962920743667,0.10192508523379011,0.0039255636385511355,2.4784259315107155e-10,0.1016134616612465,0.13303375596539374,0.14058292270125958,6.015259151486525e-10,0.0865019265129285,0.09910932451244772,-1.749421215342723e-05
2021-07-26,3.293134927400459e-09,0.04193568427767458,0.09590085502409487,0.04860122549513085,0.05505563193159504,0.09232634505842464,0.10386671257344723,0.004021774587976683,2.4563455793017046e-10,0.09964430138353288,0.13412540729930825,0.1397487739786308,6.233257413830604e-10,0.08684984612845757,0.09794098160202284,-1.7543502391388393e-05
2021-07-27,3.2612066328100225e-09,0.042448463827613435,0.09542492117095298,0.04868594107351593,0.05576535906473883,0.09187214404882489,0.10393986046499834,0.004026271468558595,2.48468610846124e-10,0.10069944956436284,0.13383963869718465,0.14010397117405696,6.201871133371624e-10,0.084641317656253,0.09857021793285169,-1.7560273774415344e-05
2021-07-28,3.320129160970492e-09,0.0420778876741575,0.09465171139799354,0.048212851382545094,0.05627308077822303,0.09243084661272825,0.10375467976128723,0.003975440597726374,2.489125655270632e-10,0.09829829375586248,0.13421372964575992,0.1422343344458378,6.068978854543954e-10,0.08232465036131938,0.1015700495078294,-1.7560097209710494e-05
2021-07-29,3.289378976937568e-09,0.042413817717509746,0.09416871006783252,0.047958807789608364,0.05638095160830957,0.09107621508263002,0.10359373721500734,0.003940886204363101,2.4323448117798207e-10,0.09849205366788469,0.13321121307191225,0.14140487346571487,5.921372675218045e-10,0.08444515281114791,0.10293107229420922,-1.7495120880376537e-05
2021-07-30,3.584978191725356e-09,0.042150662167850565,0.09685353431545053,0.05393273103200736,0.054894587532449295,0.09067058951223142,0.10629331200465951,0.004053041145114426,2.6878368651261907e-10,0.10449984924532305,0.13585402295370094,0.13121430841722717,6.798001377188062e-10,0.08056286669866862,0.0990317362034893,-1.1245761734154682e-05
2021-08-02,3.5943223528279096e-09,0.04170855833903776,0.09674845077312474,0.05396874236657962,0.05488190725545934,0.0904037635314134,0.10515896312606174,0.0042023240294915614,2.7740814676251285e-10,0.10305480482991596,0.13993433601639674,0.13089558330499204,6.843148515226157e-10,0.08082361017769653,0.098230240469771,-1.1288775985754544e-05
2021-08-03,3.6097074291764497e-09,0.04155540325297485,0.095777926581059,0.052901512255806436,0.05402270823490441,0.08807431807808776,0.10467157374902496,0.004111367809840311,2.750043012308987e-10,0.10474950250301326,0.1419830213806444,0.13021495850310344,6.801062831894885e-10,0.08320620832618421,0.09874272522419157,-1.1230463652737405e-05
2021-08-04,3.598764764987247e-09,0.0409594487116388,0.09619697053233803,0.053412803743419245,0.05361787026151607,0.08842143192014189,0.1041826039390237,0.004101730486743713,2.6492719781332274e-10,0.10442250667646528,0.14426174168163466,0.12887698181715734,6.810090111581104e-10,0.08209623485639944,0.09946089980137875,-1.122897255805247e-05
2021-08-05,3.584232153392798e-09,0.040490195341075085,0.09739158538288366,0.053878733630353184,0.053123705011405904,0.08882058187860965,0.10474637694171536,0.004131611595708885,2.5780790923669134e-10,0.10586871497115312,0.14268612386369048,0.1278833169603842,7.113353688216707e-10,0.08241312330079045,0.09857713089676189,-1.1204327907429072e-05
2021-08-06,3.498677882530293e-09,0.04093362826565926,0.0956850158992299,0.053097980736028255,0.05275186321692937,0.09016575630770497,0.10552910127102139,0.004110407030318799,2.5824317774024863e-10,0.1045839570612533,0.1426057849563652,0.12768431114838336,7.214242281883437e-10,0.08363564179646343,0.0992277152079615,-1.1167375664065237e-05
2021-08-09,3.479404898413675e-09,0.04115584440180041,0.09539538123228886,0.05233373330862809,0.05238957543210107,0.09008733416138237,0.10661981470339371,0.004091951391042932,2.531350822919175e-10,0.10448363009941798,0.1426091754160871,0.12785629961535097,7.317780955505605e-10,0.08504077140274088,0.09794762616727665,-1.1141795829172004e-05
2021-08-10,3.4624291593821465e-09,0.04076226717181056,0.09621161572623212,0.0532583993764847,0.05224446466568612,0.0899063399798566,0.10885159929855706,0.004125984088396492,2.550732661473101e-10,0.10267623626104251,0.1443538135738857,0.12601133706670828,7.181470836769522e-10,0.08461490035240704,0.09699418814305769,-1.1150139774335345e-05
2021-08-11,3.4372640433321577e-09,0.039960585386598156,0.09670898068983795,0.053672137786147274,0.0507501017739582,0.09057484389165237,0.10712102592723682,0.004155249886371845,2.5355029243700283e-10,0.10221548897867236,0.14321549093218486,0.12796040178503582,6.991285859568064e-10,0.0851393705306053,0.09853740816314127,-1.1090121385142852e-05
2021-08-12,3.4614593466189654e-09,0.04091305584709119,0.0961881112556652,0.054280764848939324,0.05070413590959588,0.09204484329468879,0.10715703325941656,0.004134350091283894,2.585937535965304e-10,0.10148910985775134,0.14001715703581108,0.1269188137310619,7.071502470165018e-10,0.0873536494552292,0.0988100618998033,-1.1090913541184349e-05
2021-08-13,3.5136753770944006e-09,0.04045664876152315,0.0959820595072147,0.05424632302123034,0.05077095530498937,0.09239667060570593,0.10845562328025701,0.004119790963773889,2.5985980907384976e-10,0.10170760083224839,0.13831586522596837,0.12704437151097048,7.074424406662676e-10,0.08734955423084792,0.09916564981042399,-1.1117536131206923e-05
2021-08-16,3.5277587082564183e-09,0.040413328296144045,0.097626642606633,0.05369931227940081,0.050497735150391576,0.09601796939418604,0.10730670896289483,0.004054875092270067,2.6361686797068285e-10,0.09877870981440136,0.13828161131922787,0.13211636210893313,6.907730991861522e-10,0.08450466048825517,0.09671323191514686,-1.11519100334218e-05
2021-08-17,3.5466156604063434e-09,0.04074724537041563,0.09678940938733473,0.053956136569896514,0.05119620924777358,0.09792590508178832,0.10663497296647778,0.0039112119289659185,2.596526533721698e-10,0.09784381130124188,0.13731180359467315,0.13132844134602345,7.023735580430253e-10,0.08622849829765715,0.09613746536258191,-1.1114963471947468e-05
2021-08-18,3.556186182215515e-09,0.04058509542303252,0.09612612460529857,0.054107462189295484,0.050857451621538666,0.09975942346872235,0.10378815308532377,0.0038539191591032457,2.572536519015287e-10,0.09778720900612864,0.1391050737799511,0.13031729154098323,6.798793557326597e-10,0.08691823898756068,0.09680558093822375,-1.102829848132943e-05
2021-08-19,3.5005328227482032e-09,0.04069612190082015,0.09474066084139565,0.05384696256409621,0.050443648750405704,0.10108544579868498,0.10425493179197241,0.003794864825657341,2.6138880106023135e-10,0.09589866035970578,0.14027230024213114,0.12892137248636068,6.776041191378203e-10,0.08798977883721955,0.09806630354873325,-1.1056386708466944e-05
2021-08-20,3.5545299985596115e-09,0.04077561920914006,0.0953218531762418,0.053729022542754766,0.050700416672195346,0.10194995796742605,0.10442173338122752,0.003708826057782768,2.6345944885873314e-10,0.09673196470682884,0.139149851739661,0.12651634261857914,6.972996801579132e-10,0.08905515953791665,0.09795033257676132,-1.1084701804398808e-05
2021-08-23,3.548492880740756e-09,0.040807248828179786,0.09755154699057345,0.05431042576445125,0.05082753107410801,0.10356883872978412,0.10423602331153638,0.0038230743315107616,2.7126764396508077e-10,0.09693426291513683,0.1390319936405186,0.12207363504070554,6.856219996463859e-10,0.08770914114032777,0.09913745754235068,-1.1183814565631419e-05
2021-08-24,3.566644609428577e-09,0.040583696270923786,0.09806068636868921,0.055079087540195956,0.05157983264106875,0.1018919683771766,0.10492907112508705,0.0037797144578974574,2.7722145129189125e-10,0.09894567017446221,0.1381762556071381,0.12152521675984193,6.859004539647438e-10,0.08483328671619253,0.10062678297028872,-1.1273538728786621e-05
2021-08-25,3.5913624500633685e-09,0.04137405756698566,0.09782703665567029,0.0552139345034126,0.051124565763100725,0.10155333236571293,0.1042575226544624,0.0038703560940407836,2.770263922274439e-10,0.10010685650105001,0.13867275361201872,0.12009450853299786,6.906296214480433e-10,0.08660833111694008,0.09930811882037828,-1.1378745788843901e-05
2021-08-26,3.619882627121744e-09,0.04103148399204947,0.09735117094963325,0.0555711596095039,0.050733350682794234,0.10164664202218994,0.10386310964533643,0.0038793640252743817,2.673769796242844e-10,0.0973183225850014,0.1401367711537882,0.12226935934927455,6.800327879802175e-10,0.08628062905993797,0.09993001220467805,-1.1379846754248299e-05
2021-08-27,3.639923786950008e-09,0.04015007583998301,0.09632838164977744,0.05530817162540755,0.05112091871500868,0.10481154641897032,0.10345698306402143,0.0037989609654841107,2.687637088572131e-10,0.09923847558866104,0.14028036528281,0.12031617845233836,6.909981160696432e-10,0.08726763347523497,0.09793367046615528,-1.1366143537949836e-05
2021-08-30,3.631621333550183e-09,0.0403187108597374,0.09699102223848281,0.054946648477825384,0.050605904467657004,0.10585133550307124,0.101188086069362,0.003800908243607459,2.618141391916724e-10,0.10031307999564594,0.1389145794491515,0.12220782236386213,6.931029403067114e-10,0.08485442298647917,0.10001877201825872,-1.129725967917148e-05
2021-08-31,3.5849983353858525e-09,0.042150899008518206,0.09685407852649137,0.05393303407502895,0.054894895980053496,0.09067109898187793,0.10629390925693707,0.0040530639187773155,2.687851967832647e-10,0.10450043642029945,0.13585478630487607,0.13121504569827594,6.798039574528319e-10,0.08056331937395661,0.09903229265364487,-1.68647323247925e-05
2021-09-01,3.605945423650747e-09,0.04214008793096044,0.0971223253657199,0.05412025174466462,0.054537897895658334,0.09164569121795967,0.10731001656761145,0.004155435496573623,2.747208570630976e-10,0.10374183590042009,0.13813329983515085,0.12955908924040344,6.905110281316465e-10,0.080087008492507,0.09746397041778347,-1.691467659032766e-05
2021-09-02,3.629118848907586e-09,0.041155067783630796,0.0956510595392724,0.054218336802890205,0.05480457471352862,0.09156871468701618,0.10543691568185247,0.004123588269252811,2.774208261699448e-10,0.1050998581870276,0.13865703898589898,0.13262616449276265,6.981831160314217e-10,0.07932384862158964,0.09735180272124067,-1.6975090686050733e-05
2021-09-03,3.539344555295617e-09,0.040632724018674966,0.09567833938832819,0.054013157801111614,0.05509531451110631,0.0901643824881818,0.10612071708991454,0.00406524118208609,2.8024447563171373e-10,0.10386793593836667,0.1386518170677555,0.13438551359089254,6.879503312721252e-10,0.07874149558186389,0.09860013103630595,-1.677420212762515e-05
2021-09-06,3.5352811210045995e-09,0.040094963708181705,0.09790816901466427,0.0537325077799728,0.055213795525577855,0.09152346130580348,0.1052786989093622,0.004008421576772714,2.813942113318574e-10,0.1010148144138831,0.13805960376401388,0.13499758643455967,6.850003273382236e-10,0.07656451353843924,0.10162023222253945,-1.6772695446038384e-05
2021-09-07,3.54532782453664e-09,0.04075265790055568,0.09782062493083532,0.05329367780067684,0.05550372958320211,0.09145317278951375,0.10381611395902507,0.004100324632086731,2.7937768202979873e-10,0.09833816769897687,0.14133104152916798,0.13414045951307904,6.791905141567775e-10,0.07426805998096384,0.10519876576858386,-1.680059056328553e-05
2021-09-08,3.4782827649340753e-09,0.04050015325094377,0.0981171014324898,0.053191220613615496,0.05509195622853447,0.08886139794257669,0.10199969045852869,0.004084039834298872,2.7429493053244115e-10,0.09800148478180216,0.14195791434584473,0.13543152320526766,6.60281419093936e-10,0.07674145924118972,0.10603873709071686,-1.668283866800615e-05
2021-09-09,3.495959160473987e-09,0.041156711339750615,0.1011414937598089,0.05258457627281824,0.05522759549009014,0.08660349114863394,0.10280369285503693,0.004126930177486481,2.7559556168478496e-10,0.09752559996396404,0.1379861296290376,0.13702219242392288,6.808198710526432e-10,0.07633054198377479,0.107507805068253,-1.6764564952075394e-05
2021-09-10,3.45193653087941e-09,0.04144161398023641,0.10094482959888285,0.05224671551834478,0.05484722522386209,0.08637309590760231,0.1035848997089447,0.0040601482683660485,2.7465139952540544e-10,0.09770759531133233,0.13587497858358077,0.1415365635492736,6.723696760759876e-10,0.07559780093336546,0.10580132806346662,-1.679904621580955e-05
2021-09-13,3.508556757246977e-09,0.04165061342043564,0.0998719747609661,0.05288357873895223,0.05495534384343213,0.08662009083138159,0.10306129398543272,0.004015511594072946,2.759311797592637e-10,0.09684985976499146,0.13983038857930666,0.13846982294961993,6.903203093010909e-10,0.075428672513843,0.10637963054204766,-1.6785999290446312e-05
2021-09-14,3.5429553774108366e-09,0.04146546895565823,0.1010029160225582,0.051343804254378365,0.054585469956623944,0.08577031941899708,0.1015296587865682,0.0040117566438502925,2.7810632191623526e-10,0.09811860622884867,0.1406848292762579,0.13722062648950575,6.963575441544582e-10,0.07577232357006626,0.10851103073902463,-1.6814859756835622e-05
2021-09-15,3.5909337188721415e-09,0.0417348161522574,0.10064604100146549,0.05127735579396728,0.05456100221993876,0.08596179093298084,0.10254168404224204,0.004078164966489804,2.796696542523002e-10,0.09877258923044645,0.14191963556115225,0.1369068728151499,6.895075567243406e-10,0.07382854065454812,0.10778841709862164,-1.6915029370997736e-05
2021-09-16,3.60954734344272e-09,0.041468498758083894,0.10046465084135636,0.051592712848383265,0.054951269989030535,0.08484440922885622,0.10401279764984384,0.004147068793067857,2.7523745086238923e-10,0.0976041325433545,0.14480028291432678,0.136707423441295,6.633595967842123e-10,0.07202411406185898,0.10739955807054419,-1.692368814592561e-05
2021-09-17,3.53953875132418e-09,0.04094507173831154,0.09965106175630355,0.05201654155644045,0.05429807191829917,0.08529184916766618,0.10513468216461137,0.004196203386577446,2.7411309344540744e-10,0.09385022990126708,0.14468146754811462,0.13798482246630042,6.57008390003192e-10,0.0737080047916176,0.10825876562060563,-1.6776486775248832e-05
2021-09-20,3.5436809859059254e-09,0.0412236116599208,0.09959773183212298,0.05032244196590603,0.05374963509848507,0.08625140623624267,0.10357234121842786,0.004166276287202543,2.6879621410237347e-10,0.0960697642684666,0.1480416631738409,0.13540255352650707,6.561781031327855e-10,0.07251720377443813,0.10910206960519334,-1.6703115409393524e-05
2021-09-21,3.5876934104962655e-09,0.041878048321564124,0.1007168453160556,0.05241499466307226,0.053486397809911324,0.08501051895297049,0.10382033866146125,0.004105367011142213,2.648913002154165e-10,0.09531724310389429,0.1469766279285028,0.13427277710300864,6.673803579516726e-10,0.07241910471232875,0.10959855808942737,-1.682619330428945e-05
2021-09-22,3.632423193341234e-09,0.041720027599132514,0.10083519938949971,0.052849190366316454,0.05243926863509623,0.08275168482875453,0.1047387756162129,0.004151285853547959,2.7415728457296906e-10,0.09595638445503368,0.1495632982855494,0.13440544527357076,6.737624364957729e-10,0.07494317737173133,0.10566314765416171,-1.6889908950134286e-05
2021-09-23,3.6282924089269047e-09,0.04240886584307296,0.10063968773406845,0.0535837484135718,0.05178290759250046,0.08231368560121753,0.10427732423763006,0.0040014453302412165,2.6811081626438396e-10,0.09387319211421916,0.15083511703180097,0.13573934072908797,6.744159018146302e-10,0.07571366041596395,0.10484782208771765,-1.6801701911395754e-05
2021-09-24,3.669722920503073e-09,0.042416515930171525,0.10071461957217755,0.05342841615940032,0.052222576346807895,0.08188599631087486,0.1056758845986776,0.003938290265204933,2.6381424586074794e-10,0.09490467135558943,0.1506710697249494,0.13475077460781384,6.852201169274322e-10,0.07490857544875389,0.10449940448945572,-1.6799428634302493e-05
2021-09-27,3.7405130068615265e-09,0.04333667366649335,0.10304394155818956,0.05357918821478131,0.053326798681481755,0.08138609333917378,0.10502601591179327,0.0038307129501449866,2.720462995306089e-10,0.0942174780615358,0.1513062747801571,0.1335186943147838,6.979679752222443e-10,0.0748694687917104,0.10257555176186058,-1.6896742632931765e-05
2021-09-28,3.740420001175262e-09,0.0425304682258424,0.10169128172404156,0.05207019941772078,0.052191430088595545,0.08124290164390206,0.10183183338720199,0.0037353904816493366,2.709610602626861e-10,0.09305599388999752,0.15557749959174075,0.13711557455287082,6.847029514860846e-10,0.0753408011343892,0.10363344394379882,-1.6822777834817527e-05
2021-09-29,3.730504993713321e-09,0.04201396382696415,0.1019896855898566,0.05212785279394064,0.0520774187341007,0.08196116984532474,0.1011209351571645,0.003686216958520764,2.7227858785939145e-10,0.0939190913889441,0.1531165031567746,0.139724541516658,6.656650972729148e-10,0.07479951604275945,0.10347997040023378,-1.687007969084922e-05
2021-09-30,3.5850265751837595e-09,0.042151231040156216,0.09685484146676308,0.053933458917062416,0.05489532839887872,0.09067181321749863,0.1062947465567725,0.004053095845627835,2.6878731406169206e-10,0.1045012595925661,0.13585585646205636,0.13121607930722806,6.798093124138608e-10,0.08056395398843756,0.09903307275217467,-2.4742078845314403e-05
2021-10-01,3.6299541650133855e-09,0.042072949196254934,0.09622474844325674,0.05337281415173628,0.05531125489890005,0.08941840299847917,0.10858972877599755,0.004150730179030115,2.689517676174106e-10,0.10415257456389172,0.13769052682053481,0.13322424017942747,6.681393099452601e-10,0.07954832442188407,0.09626835355295187,-2.4652749390178096e-05
2021-10-04,3.660834902656547e-09,0.04255393144642687,0.0952662913329219,0.053344215463550976,0.05466403801861391,0.08880947345612566,0.10992175123076485,0.004127411140402562,2.6905018748178623e-10,0.10201823698451841,0.13878542177142483,0.13378213194865426,6.628728950454927e-10,0.0796704468186723,0.0970814076453146,-2.476185014908478e-05
2021-10-05,3.630525191936484e-09,0.04189471048693003,0.09707197059888026,0.05293020211373847,0.054574005115329095,0.0899203504709955,0.11510837019706754,0.00405306589494986,2.707492233763213e-10,0.100864827666961,0.13753312966855616,0.13212094975896044,6.496262143139745e-10,0.07959321494510917,0.09435994096931477,-2.4742437692760092e-05
2021-10-06,3.666116942837873e-09,0.041954901521563774,0.09760321782363932,0.05269644804073069,0.05438302750483415,0.09034144976491118,0.11341603089528086,0.004036741507419383,2.675829891526503e-10,0.09958108144294187,0.13298577605745107,0.13526237605176916,6.425686853025837e-10,0.08137882784529282,0.09638487555251563,-2.4758584618494595e-05
2021-10-07,3.6402931545749877e-09,0.04170831711473463,0.1008254138104449,0.05403721889814527,0.05464934933069188,0.09112085711614155,0.11305094471760084,0.004083268563233073,2.661631526874938e-10,0.09696392235277262,0.13084993450699586,0.1360521784426216,6.332918356084139e-10,0.08172926359615611,0.09495420861146989,-2.488160075646862e-05
2021-10-08,3.6071476239495803e-09,0.04199703413327473,0.10092594811224485,0.05394250965335933,0.055143606371070075,0.09153691048774029,0.11507818113915444,0.004050462859881735,2.640690499502205e-10,0.09486647683221652,0.129753488019323,0.138070098355176,6.468324647329912e-10,0.08304568835933768,0.09161442486551877,-2.4833706346241572e-05
2021-10-11,3.643691500611187e-09,0.04121252596320895,0.10190006419360952,0.053714095659421084,0.055614810293990694,0.08997703098273406,0.11690491250825345,0.003966779331509014,2.614820444091941e-10,0.09341169564387278,0.12609111546826773,0.1383193821309267,6.674817523092445e-10,0.08710270920066068,0.09180970032971913,-2.482627882912921e-05
2021-10-12,3.6689930154813654e-09,0.04116311783383466,0.1020891531969613,0.05331691866400846,0.05555396770414719,0.0902865305931332,0.1155981926870007,0.003949069384434775,2.603821400446864e-10,0.09429598210028599,0.12350767470692245,0.1377489820864404,6.87637739631335e-10,0.08866465464428544,0.0938504845731737,-2.473279164108183e-05
2021-10-13,3.687318193570189e-09,0.041494719398732366,0.10369115309714948,0.05453425377694221,0.054501700395992336,0.08919940274453873,0.1182211195853825,0.003953095719503913,2.5907264040026793e-10,0.09292502193217567,0.12301561794120551,0.13517378814058448,7.16495895949998e-10,0.08908334085901065,0.09423162740256798,-2.4845656672648265e-05
2021-10-14,3.7012816171652968e-09,0.04182638675215378,0.10457171602024345,0.05511342738321058,0.05399511000736803,0.0887150579723518,0.11925807499145459,0.003917433131003306,2.5865594441228114e-10,0.09335932229022746,0.12439557686050914,0.1309313978037763,7.244479123520861e-10,0.08858071708175441,0.09536057205345237,-2.479703189058733e-05
2021-10-15,3.7020419302193955e-09,0.04220724922524858,0.105354262947363,0.05557307045218958,0.05455889296644358,0.08842829725769068,0.11848500482054782,0.0039385695582910074,2.596734715291587e-10,0.09227709289299052,0.1243593424439533,0.12996763539390002,7.087847500905115e-10,0.09005368984687805,0.09482150404779968,-2.4616523796076177e-05
2021-10-18,3.7798637632281915e-09,0.041581874263618035,0.10489813553110397,0.05568950922098035,0.055409265229347505,0.0890390755647227,0.11919619542736236,0.0038827731579676146,2.5568968858463895e-10,0.09291418515012792,0.12184613007641251,0.12905263762027858,7.164244369596275e-10,0.08861978008802045,0.09789508579982209,-2.4651881741982056e-05
2021-10-19,3.851889723081899e-09,0.041224747323756,0.10461727970835011,0.05463566983182213,0.05529538801205949,0.09059265572943741,0.11942870975135507,0.0039378495689047915,2.51820504651246e-10,0.09478550752490296,0.1216798680348098,0.13007571224621395,7.208001863425113e-10,0.0872407730335222,0.09651066395503485,-2.482954467915128e-05
2021-10-20,3.866240093982741e-09,0.041170197087474616,0.10524125536078545,0.05454937663502058,0.0551002998694795,0.08812507110637154,0.11837432930576221,0.003915966826896914,2.577878047303367e-10,0.09530587697267513,0.1240717141773103,0.13072193885024475,7.0822738083913e-10,0.08698957003172667,0.09645909029564398,-2.4691351646895984e-05
2021-10-21,3.812116701515174e-09,0.04079905158734771,0.10447023712658783,0.05527139038893447,0.05343613027609281,0.08903704717305591,0.11629319870939149,0.0038207381152378463,2.610048707943666e-10,0.09591411261639417,0.12597269837083153,0.1318429714641386,7.302664613287803e-10,0.08745245658121381,0.09571452155172833,-2.4558764342491153e-05
2021-10-22,3.8087763202287385e-09,0.0411442262495255,0.10317203843040568,0.054637673239123774,0.0530232213675995,0.08629165793326171,0.11605160374842288,0.003704115770909988,2.6019773461210485e-10,0.09682778417852082,0.12452251376642401,0.13505793082528245,7.08881947853194e-10,0.0890160680384321,0.09657561483027724,-2.4453156041667846e-05
2021-10-25,3.7774195157999366e-09,0.04261720440846429,0.10394312459114363,0.05453104026333417,0.05254574880049369,0.08675845623147502,0.11681156299612636,0.0037403303060280888,2.612078734558593e-10,0.09859733716628688,0.12477996255283359,0.13175130965641588,7.130016345691474e-10,0.0859002713958552,0.09804829347264503,-2.4646592730829375e-05
2021-10-26,3.7244766671547334e-09,0.04248361545824382,0.1049168251647913,0.053682799916701295,0.05297309840705162,0.0858737558932207,0.11902026377837528,0.0037038222839410216,2.567672171661626e-10,0.09919487432299716,0.12333873124443634,0.12929741006268408,7.038657241699234e-10,0.08544924436138582,0.10009007763698403,-2.45232159221168e-05
2021-10-27,3.6480384339939675e-09,0.04239729002635964,0.10538839788561061,0.053683099181841706,0.05369848481221563,0.08560729173673126,0.1184717361165072,0.0037270791534041105,2.5661414759618454e-10,0.09839295391209539,0.12411938250491986,0.12762103456591645,6.9496008082608e-10,0.08446456270964235,0.10245314491760275,-2.446212245963049e-05
2021-10-28,3.526301352821256e-09,0.042439145656246714,0.10511357240917178,0.05249282382257398,0.053743083070207136,0.08588032326686335,0.11907239176042794,0.0035768775990111176,2.6108341598749287e-10,0.09699634885521691,0.12515389276161085,0.12886427748794585,6.824306490916391e-10,0.08525270190985124,0.10143894001830157,-2.4383087243776734e-05
2021-10-29,3.58501246561794e-09,0.04215106514582985,0.09685446027579227,0.053933246651498276,0.0548951123476911,0.09067145636103197,0.10629432821322848,0.004053079893884827,2.6878625619720494e-10,0.10450084830763713,0.13585532177504403,0.13121556288095657,6.79806636892763e-10,0.08056363691340684,0.09903268298835313,-2.0806287959972314e-05
2021-11-01,3.5660106331653757e-09,0.042016111206248374,0.09661281804688363,0.054271419284035664,0.05577690257332075,0.09103552865993242,0.10793599468661247,0.003995533866288326,2.669964441551939e-10,0.10327684448972749,0.136485348650462,0.13036605037742735,6.8823604505314e-10,0.07916856301055684,0.09907966750921972,-2.078688195804352e-05
2021-11-02,3.5788526601907005e-09,0.04102092164600188,0.09854784252975758,0.053944532356545505,0.054255169081813985,0.09097120048058831,0.10769319745766406,0.003980237198163687,2.702083224925232e-10,0.10420144752988578,0.136788872709985,0.13101972409886778,6.852383150865517e-10,0.08152417126307986,0.09607340224472131,-2.0723131374013317e-05
2021-11-03,3.562843835135376e-09,0.04081162005157996,0.09884363899623573,0.053117846951970055,0.05280497881543803,0.0906396148652204,0.107494797844505,0.0040415294664706515,2.636396326031959e-10,0.10548171032667063,0.14125037751452768,0.1294722515748013,6.660755225280976e-10,0.08048142563033223,0.0955808026334548,-2.0599163765577786e-05
2021-11-04,3.5942494562063385e-09,0.040709247619794275,0.10085771820627036,0.05262520380217917,0.051874836081099565,0.09225761162948308,0.1045747806370309,0.004044626783041076,2.7685909817656677e-10,0.10585494769357515,0.13920793980404012,0.129836223215582,6.680184013019501e-10,0.08102683811507637,0.09715068841692578,-2.0666543224846658e-05
2021-11-05,3.552997681526442e-09,0.041336340421032645,0.10096076597618826,0.05297945171368861,0.051398587997503624,0.0936350119762182,0.10405498983420536,0.004054526858879486,2.726287176695928e-10,0.10406926362865122,0.1405628507567631,0.12868888491308653,6.571347199254748e-10,0.07997283774281572,0.0983071114930674,-2.062779486120266e-05
2021-11-08,3.509547681338885e-09,0.0410271760701397,0.10034425148684116,0.05149096270713808,0.050166700603478,0.09345720044295656,0.10238603671898586,0.0040900165109400855,2.74854288732591e-10,0.10459175986940997,0.14382993645396558,0.12773567069195504,6.606349143092971e-10,0.07865023075695698,0.10225054652030648,-2.0493278110560092e-05
2021-11-09,3.577488709557806e-09,0.041058207015633945,0.10083000065129015,0.052330038419036426,0.05011316190327936,0.09273997167470927,0.10367409248602112,0.004097862749622438,2.7583080247089516e-10,0.1033269034167097,0.13995460737017731,0.12836230936843593,6.717567240260139e-10,0.0784032433905327,0.10513009869289291,-2.050166341760897e-05
2021-11-10,3.538200442745184e-09,0.04044389394114586,0.10032309850431442,0.052056890756506574,0.05036690713356254,0.09143116949047014,0.10514539664684892,0.004194522459665436,2.745305699348408e-10,0.10489792890313851,0.1369995368386148,0.1301605765199726,6.813438790029191e-10,0.07931810914099514,0.10468237337677178,-2.04082060817685e-05
2021-11-11,3.447476592528942e-09,0.04027609359941574,0.09988333201058862,0.051597239316670644,0.050565114860540696,0.0911652172239914,0.10423576578642034,0.004142061965005885,2.7231059697664736e-10,0.10699964494602505,0.1358880554635618,0.12937160945046353,6.776938099651421e-10,0.08002351704534602,0.10587279570264328,-2.0451768154036796e-05
2021-11-12,3.362437417466517e-09,0.04086537081764194,0.10186585662915675,0.05119504034343727,0.05018445493743038,0.09103420983273491,0.10362520278870281,0.0041735568147439,2.656188822964326e-10,0.10561400244703942,0.13990154541723657,0.1279233846810025,6.956304268442221e-10,0.08091091772079911,0.10272698720252382,-2.0533956136366795e-05
2021-11-15,3.3405663651764807e-09,0.040310408858434524,0.1001104524739938,0.050704954097997725,0.04985190138869187,0.09073082460957498,0.10398167163799726,0.004146326983831485,2.5701909324809915e-10,0.10356087300237952,0.1447867323893471,0.12791649079583334,7.157730195415378e-10,0.0819660035681938,0.10195363053539087,-2.0274655024860347e-05
2021-11-16,3.365187422345305e-09,0.040478364204337244,0.09868082796051074,0.050948509459992776,0.05081880905463388,0.09045223959691229,0.10504910934984442,0.0042161158283389654,2.5475013911740726e-10,0.1033258106262984,0.14308331531788768,0.12675124970251325,7.030028189733582e-10,0.08101521601146697,0.10520079061831608,-2.0362053993180514e-05
2021-11-17,3.3139386595157876e-09,0.040262286811389256,0.09749914186833426,0.05129905777322265,0.05129117394169303,0.09085998930138038,0.10480070114477673,0.00417524776802708,2.4863886584447183e-10,0.10576221493312629,0.1404251555314298,0.12735881000454738,7.115559585619761e-10,0.07969291097717787,0.10659352855353126,-2.022288276982319e-05
2021-11-18,3.3128407779255134e-09,0.0406605070448057,0.09628331907531457,0.05016776578245204,0.05059985923932461,0.09043307921997902,0.10411442856792193,0.004121664565596978,2.398363872244604e-10,0.10576259981350031,0.14386382570612072,0.12743341123949253,7.140092122872914e-10,0.07994955007978136,0.10663005269185619,-2.0067292832428414e-05
2021-11-19,3.3303351148614395e-09,0.0406818975861121,0.09562879976183403,0.049540423076043436,0.05027648493619651,0.09049317135032768,0.10332610252801133,0.004126389634727046,2.406116477638728e-10,0.10678322726674408,0.1463807105738389,0.12719534711746053,6.954335557603213e-10,0.07919891969744866,0.10638851549223921,-1.999328736402052e-05
2021-11-22,3.260872979338766e-09,0.04110733257153207,0.09543866338025124,0.049583390803718326,0.05093326886309896,0.089453801146266,0.10377169984489151,0.004106046032726896,2.391502448353308e-10,0.10515325986835547,0.14983299728636695,0.1259770796423016,7.016858412718251e-10,0.07624882056429425,0.1084135536242142,-1.9917829726519563e-05
2021-11-23,3.3032438187934093e-09,0.04127343942565917,0.09549805962504537,0.049965727082076666,0.05251329995294917,0.08770856191015097,0.10520166445171922,0.004066072406322455,2.3985668802362587e-10,0.10509228654526123,0.1492860647692102,0.1263750111201333,6.900415222442666e-10,0.0779415985215385,0.10509818403839488,-1.9974081603363e-05
2021-11-24,3.341849747519591e-09,0.04140783492686063,0.09491422877792519,0.050414271067339235,0.05186388311217754,0.08834091548683153,0.10387576874721632,0.0041202882346914075,2.3817052654029424e-10,0.1050676717490785,0.15102250211859747,0.12558517766684954,6.940942960925807e-10,0.07631753824710855,0.10709001660604997,-2.010101484041187e-05
2021-11-25,3.3896297368793198e-09,0.04247979869563822,0.09479097787222981,0.05075550313327773,0.05062943132836274,0.08984502070635254,0.10473628089773479,0.004083284182762763,2.420319608622668e-10,0.10443484666797406,0.1495945997878255,0.12633543206148554,6.797885522443187e-10,0.07758445431246819,0.10475041610053519,-2.0050058097435692e-05
2021-11-26,3.3563526815587415e-09,0.042094222457859265,0.09558357945992699,0.050405934614419313,0.04981136812620099,0.08916931091555375,0.10471966926515987,0.004016175812609424,2.3797340679144183e-10,0.10789483661008323,0.14756740191745268,0.12569936901956225,6.757099186706941e-10,0.07702541952767926,0.10603275616562474,-2.0048162167730875e-05
2021-11-29,3.3976402003789967e-09,0.04210413870177735,0.09462553042696192,0.05131666735006678,0.049924246898143974,0.091462288003565,0.10190039508662183,0.004041443685733831,2.456169046154151e-10,0.10768651210331628,0.1475577491225173,0.12678401302771164,6.715333484265361e-10,0.07686976828506105,0.10574735361105261,-2.0110617320246278e-05
2021-11-30,3.5849963265832605e-09,0.04215087538986423,0.09685402425569241,0.053933003854423955,0.05489486522048293,0.0906710481756232,0.10629384969666386,0.004053061647700862,2.6878504617332035e-10,0.1045003778649731,0.13585471018058776,0.1312149721738,6.79803576534398e-10,0.08056327423145175,0.09903223716231474,-1.6304387163722108e-05
2021-12-01,3.6296755130722583e-09,0.04204458253769638,0.09727840439069253,0.05379530917690716,0.05425035647793799,0.08774482114319457,0.10620383426728616,0.003994168777973862,2.6464861505022206e-10,0.10332581754462604,0.13920426556973237,0.13606315733520546,6.800460345089762e-10,0.07960880054075438,0.09650271722073567,-1.6239557112636048e-05
2021-12-02,3.6711340651473102e-09,0.04310266561552242,0.09769989694996759,0.052696238858150925,0.055078999459848205,0.08948476617431034,0.1046728385195021,0.004032844217864738,2.6833743697763057e-10,0.10395394927056123,0.13841835912257328,0.13940174856764811,6.801689666422878e-10,0.0780236119774692,0.09345042606653012,-1.634941958846399e-05
2021-12-03,3.705382342528844e-09,0.04326223865544592,0.0975486451295876,0.052300750565810475,0.0545916572064211,0.08803799174155959,0.10381550934060767,0.0039024987273347657,2.6478856669665305e-10,0.1032147067668944,0.139467924047525,0.1389956738098453,6.881258260045613e-10,0.07976614934912454,0.09511255446121665,-1.6304459669837165e-05
2021-12-06,3.695449078965162e-09,0.042961700658978176,0.09583644553837649,0.052374929808982174,0.055316444560913315,0.0878092294253268,0.10576375715532539,0.0037918138215719283,2.5846491080750613e-10,0.10386887650865445,0.13911046975636115,0.14111141406560204,6.832909738239246e-10,0.07797695523685563,0.09409414440617499,-1.6185580327349596e-05
2021-12-07,3.6548103866125126e-09,0.04262222896428345,0.09719034117417535,0.05309073005693702,0.05576298061558016,0.08618754154343405,0.10564216581846665,0.003739912512473955,2.6396749690899247e-10,0.10331817849600938,0.1371868673893292,0.14172540568667083,6.782373507219421e-10,0.08039676809264841,0.09315311460844718,-1.6239555470749826e-05
2021-12-08,3.6142827746892528e-09,0.04178461771098945,0.09737327473552808,0.05286687601047826,0.054919763781285144,0.08770278896653647,0.10684157933115243,0.0037472300272964752,2.6995527670258824e-10,0.10463230270534404,0.13568980222702845,0.13958554760400504,6.896871458500188e-10,0.08118184258825123,0.0936906411188287,-1.6271380648951863e-05
2021-12-09,3.6007166794467246e-09,0.04222278214130324,0.0969976895884698,0.05303542770201432,0.05613030872513792,0.08734418478122633,0.10503901315496561,0.0037078756021322627,2.7517341920925946e-10,0.10552213841713907,0.1360244510536271,0.13902241543870172,6.987712462687934e-10,0.08029786971350687,0.09467217685198061,-1.6337744866223243e-05
2021-12-10,3.600485258913886e-09,0.04212868639823751,0.09699947993023124,0.05317549731516571,0.05649002629919219,0.08822408915518984,0.10051618551824364,0.0036914402194354076,2.755220015431276e-10,0.10875836793050817,0.134605110598505,0.1404085898305578,7.222813824702805e-10,0.07894693061798776,0.09607203866443949,-1.6447075982196297e-05
2021-12-13,3.543345635637833e-09,0.04156453306234836,0.0953605319352045,0.05229303894680372,0.05787650240072945,0.08844667849342779,0.10117551804572922,0.003686849535247352,2.667670268149677e-10,0.10853841474727284,0.13583785046225624,0.13727445223062187,7.286217317452206e-10,0.07932089084477413,0.0986410411978418,-1.630644099155214e-05
2021-12-14,3.5673715672734233e-09,0.04154661492917357,0.09601668651513047,0.05373118324723662,0.05720726104938686,0.08704112174230431,0.10240594631621676,0.0037039236085202173,2.6973216810376176e-10,0.11134494335305264,0.13611102537994896,0.13441187189629625,7.631366855079497e-10,0.07874799592231933,0.09774790023162888,-1.647879145506088e-05
2021-12-15,3.578939091856099e-09,0.04109182995741176,0.09527412776241309,0.05364913872090026,0.057554525001454825,0.08606498429847226,0.10378084313247365,0.0035670105908910004,2.7089581065033774e-10,0.10914094324186988,0.13818498647033023,0.1338175563985621,7.490226142370667e-10,0.07916113084578495,0.09872927735595381,-1.6358375375225127e-05
2021-12-16,3.633055453508485e-09,0.041030776113465096,0.0956348694616771,0.05413416486456257,0.05805011402065698,0.08768681409584018,0.10188535063113728,0.003616886587688422,2.722197063038652e-10,0.10871838728142151,0.13779184902655817,0.13457560039377792,7.082726932208203e-10,0.07888260268381694,0.09800908258614287,-1.650236029274805e-05
2021-12-17,3.6446903866701357e-09,0.040623255431393224,0.09524435551012114,0.05499616716002305,0.05865077868697841,0.08855201737879796,0.10103094705621175,0.003638796188796266,2.7084189823580506e-10,0.10821774273736745,0.1384923978947897,0.13301944161606155,7.257419814813192e-10,0.07853819273235847,0.09901237199708819,-1.646903126131983e-05
2021-12-20,3.7005438307588907e-09,0.041112314396672754,0.09394647437455626,0.05536731537631142,0.059355447219150766,0.08971615073327256,0.0996845841270161,0.003611233555243258,2.7532885792411276e-10,0.10713189562292114,0.13807338966082544,0.1368092269998655,7.265058435808997e-10,0.07764746801439919,0.09756098653423291,-1.64913168457435e-05
2021-12-21,3.696095981353657e-09,0.04038301821767867,0.09329504431551662,0.05534290864042306,0.06003761700806591,0.09010472946677024,0.09831316079570675,0.0036563479099790673,2.7297944511075486e-10,0.1046492995253829,0.1371312277761123,0.13956397495112788,7.257019975383664e-10,0.0773572497342892,0.10018183358983165,-1.6416625661520453e-05
2021-12-22,3.6285723830576924e-09,0.039666878583602246,0.09123160946509781,0.05531674882834256,0.05987634201919262,0.09145756527437916,0.09817825010370256,0.0036186367417495977,2.7173480261524905e-10,0.10436259129052589,0.13281516931671522,0.14528638946860095,7.290431307412681e-10,0.07730796498187396,0.10089818369113274,-1.6334394265599457e-05
2021-12-23,3.6408213124424858e-09,0.03948068688937025,0.0903155945944646,0.055517800818148826,0.05996486182796564,0.09022175326938009,0.09974453020266971,0.0036223888719566664,2.738327778766261e-10,0.10629141460422126,0.13246077019467864,0.14562576284861367,7.372081716508933e-10,0.07606330324123818,0.10070740517894657,-1.6277193516237794e-05
2021-12-24,3.5926421368116875e-09,0.038536624066138406,0.09124734266044214,0.05383951275357435,0.0581760738809542,0.09043331888567518,0.09927105987504455,0.003519020559151698,2.7238342283838076e-10,0.1071739452207923,0.13052607374450823,0.14986581415374098,7.048597090675884e-10,0.07594314004692858,0.10148410916916023,-1.6039585996040653e-05
2021-12-27,3.5980039696611933e-09,0.03819378006274249,0.09034139774576996,0.05374658944892869,0.058355406638114934,0.09051847807528815,0.09998965030747861,0.003445077185783153,2.6965864653735977e-10,0.10491189112930249,0.12885544081315356,0.15143166136736483,7.015812969803273e-10,0.07903138619093043,0.10119516269299722,-1.5926227098367187e-05
2021-12-28,3.616978619905851e-09,0.038415892236090605,0.09014673847184872,0.05396834226244251,0.05943988767918439,0.09109033483417649,0.09940160477569286,0.003416605146245743,2.691786159314626e-10,0.105553440469722,0.1320012203816695,0.14875127550398592,7.011680855978999e-10,0.07964142010402578,0.09818923156654123,-1.5998018951152996e-05
2021-12-29,3.6011810511938608e-09,0.03828749396715649,0.08969311617436661,0.05428296784690091,0.059540463627331335,0.09077452390924531,0.10034614767866239,0.0035130841752428143,2.767653675230693e-10,0.1027925394183159,0.13374346472666926,0.14887539021491167,7.058017574225177e-10,0.07937246283643978,0.0987943922350114,-1.6051394001925103e-05
2021-12-30,3.595919459249069e-09,0.03795430390297816,0.08857367368131867,0.053852234134609024,0.05954420905700511,0.09122037827542358,0.1012257627639134,0.0034791042180656565,2.771917038063479e-10,0.10405301663602073,0.13591249742874348,0.14834447904399548,7.012752635148785e-10,0.07944804009385281,0.09640829806311367,-1.60018734259472e-05
2021-12-31,3.584988930390162e-09,0.04215078842854398,0.0968538244365014,0.05393289258543661,0.054894751967082836,0.09067086111250804,0.10629363040220273,0.004053053285843873,2.6878449164385295e-10,0.10450016227061729,0.13585442989922114,0.13121470146466022,6.798021740340706e-10,0.08056310802164884,0.09903203284926046,-1.424125710278612e-05
2022-01-03,3.6644216407883378e-09,0.04211418625182929,0.09772717633312232,0.05397397392682362,0.05513164773691293,0.09377437550739162,0.10673875625225823,0.004107963614816147,2.7322805464780347e-10,0.10374785103499944,0.1351106210567753,0.1296405268498184,6.749568492400991e-10,0.07703607640399524,0.1009111956245379,-1.4355205886926567e-05
2022-01-04,3.695118346658848e-09,0.041722042575940366,0.09519709269435671,0.05300085795806199,0.05423736725099883,0.09156271452304428,0.10682757683244397,0.004110981097428393,2.656970365753507e-10,0.10380642660584707,0.13699141392716335,0.1323938121066424,7.014440016729998e-10,0.074978341843171,0.10518556499506676,-1.4197072424310535e-05
2022-01-05,3.673335607879301e-09,0.041366961022689594,0.09529434238282447,0.05251682148185723,0.05436701355312836,0.08979576331754609,0.10622916419498349,0.004175983061967487,2.648531553009994e-10,0.10379491667749872,0.1377315280077329,0.13470438571671775,6.795698023226551e-10,0.07561061751049636,0.10442665641207464,-1.4157957275599962e-05
2022-01-06,3.7060218057561387e-09,0.04211770156192001,0.09475896145668447,0.052290812625162136,0.05348333940300116,0.08982834073357303,0.10894550946363422,0.004200166006630938,2.61542571845898e-10,0.10379245583195422,0.13543490992051366,0.13315605223819757,6.894416887285074e-10,0.0745626220467963,0.1074433827125139,-1.4258657587670517e-05
2022-01-07,3.6997938087712616e-09,0.0421128383899975,0.09438417175880627,0.05270561076101053,0.0539436681733804,0.09013588935553718,0.10968364776511719,0.004184148333866457,2.6344095897357387e-10,0.10317040403773609,0.13534144824597702,0.13244680153344723,6.834550507147993e-10,0.073579590053562,0.10832601838558213,-1.4241440709709796e-05
2022-01-10,3.735238346091655e-09,0.04249531540994663,0.09285136537954784,0.05334155312831289,0.05359260474853606,0.09059152034107079,0.10806097394069959,0.004181792782189755,2.639950859842914e-10,0.10054050288282143,0.13633474479991425,0.13512048445038632,6.797071384745409e-10,0.07522140271482364,0.10768193395724138,-1.419921443107225e-05
2022-01-11,3.754164162166353e-09,0.04142026453182146,0.09500172608941071,0.054101880181585404,0.05325658719436423,0.08805450747768172,0.10818087142972402,0.0040850276377111475,2.650180586076291e-10,0.10091123651675485,0.13390051691526375,0.13731352374901373,6.875206748069774e-10,0.07636164462037592,0.10742636366901578,-1.4154719425513791e-05
2022-01-12,3.6872829510527695e-09,0.04164306739723431,0.09430325265233921,0.05300419238529706,0.05389346939215001,0.09002994540148768,0.10765213315860696,0.004191866153428489,2.6424224137956527e-10,0.09988930958665922,0.1319743605848508,0.1405130710468583,6.752896936822696e-10,0.07706418458011094,0.10585523122488015,-1.4088190717958312e-05
2022-01-13,3.6761481872449906e-09,0.04213467130751235,0.09404700579916443,0.052832984620997926,0.054714055756533944,0.09200920933249718,0.10875204710844498,0.004159346756222412,2.6264918694661696e-10,0.10017219865599504,0.1328748096659703,0.1383996414407136,6.849988171639771e-10,0.07731569587997619,0.10260243324733687,-1.4104195161332574e-05
2022-01-14,3.6297077761040868e-09,0.041757735168935634,0.09361266155238145,0.05377247276531588,0.05466499551161308,0.09067618762956306,0.10866984920406692,0.004123311723534221,2.629478348076276e-10,0.10070695941523142,0.13498733738883853,0.13784758415937637,7.021860811418021e-10,0.07831733720062553,0.10087761021074483,-1.4046525068436893e-05
2022-01-17,3.6829052539997547e-09,0.041641822715809546,0.09220855486101441,0.0544627448728355,0.05570925066159667,0.090098245374234,0.10729185544760922,0.0040889879086731685,2.641778142085603e-10,0.10210395487347965,0.13544236286214412,0.13728540992461524,7.164872100544453e-10,0.07742510197998509,0.10225566201498766,-1.3958160554371397e-05
2022-01-18,3.7172783459082648e-09,0.04233023229127369,0.0932139843696944,0.05509042920279411,0.05613057143417274,0.09277253943087845,0.10753308558774333,0.004095823432055407,2.75850521865215e-10,0.10493281281324197,0.13182331582481752,0.13766318063987518,7.023410498699666e-10,0.0770325301139454,0.09739561424059959,-1.4124076561538007e-05
2022-01-19,3.695016815691308e-09,0.041645463905428295,0.09284108974411358,0.053813921186911064,0.055929320878356045,0.09185833241832274,0.10921531335619969,0.0041589113578068635,2.7781712687139707e-10,0.10393678111224161,0.1354595437395294,0.1334690014019971,6.820633371639534e-10,0.07658164150918427,0.10110472963163544,-1.4054896623308363e-05
2022-01-20,3.712839052126282e-09,0.04184989972974669,0.0920177462380525,0.05476954562715995,0.05696500379896403,0.09342686929669583,0.10903725340075966,0.004145874229966048,2.7438586620850075e-10,0.10480102119140451,0.13402604460722561,0.13174250855083783,6.817948524158587e-10,0.0764396782669498,0.10079269732196672,-1.4146928748916266e-05
2022-01-21,3.727830874241752e-09,0.04186919242807195,0.091702996026507,0.05486903516925406,0.05626473542275736,0.0935318613703619,0.10923729341476815,0.0040569016867805525,2.7840171439665594e-10,0.1033560834482792,0.1342107563620683,0.13432215123514674,6.928451761878855e-10,0.07648756186725011,0.10010556579886234,-1.413892918542829e-05
2022-01-24,3.762564078616521e-09,0.042171603923636794,0.09112898486225457,0.054393082294374125,0.054874724548729166,0.09376382009534219,0.10917352627769351,0.004124521077068518,2.800503509623857e-10,0.10556099527268907,0.13278115047549952,0.13699276184337375,6.869003643237332e-10,0.07762752312673003,0.09742144272400362,-1.4141250909593074e-05
2022-01-25,3.739708246838925e-09,0.04098353596619244,0.09011912208744316,0.054219924960601504,0.054082297982233275,0.09174851226479215,0.10952461042714402,0.004085194525292715,2.757766342913392e-10,0.10478198406941927,0.13734239634137715,0.13854491909681413,6.953410583313548e-10,0.07762423599979867,0.09695728298235265,-1.402141428708049e-05
2022-01-26,3.707692625921971e-09,0.041289210167105794,0.0909478072495013,0.053822479733890996,0.05409611031500508,0.09071932741587946,0.11106334051369825,0.00419293048648155,2.844081004577126e-10,0.10700236039156218,0.13718605607432308,0.13600318925206833,6.838529006354912e-10,0.07695058641793666,0.09674081782675836,-1.4220520164405915e-05
2022-01-27,3.690038287389943e-09,0.0407334159512835,0.09098847589455189,0.05350877988613418,0.053932923212057345,0.09175858764971277,0.1089570927161262,0.004204899314461735,2.8348716735136424e-10,0.1061290009094443,0.13873837814437356,0.1376126730699127,6.705380911153471e-10,0.07647363399373981,0.09697630600234604,-1.4171388207458774e-05
2022-01-28,3.687118512800422e-09,0.04104922774507893,0.09143347613647684,0.054736157306898306,0.053031451067849046,0.09179179297045184,0.10783262134254998,0.004249333823360592,2.772415555554181e-10,0.10691781537595049,0.13760826128415526,0.13619488433955526,6.549206477320741e-10,0.07598977551602112,0.09917939244687,-1.4193974498172398e-05
2022-01-31,3.5849705189593747e-09,0.04215057195470295,0.09685332702423047,0.05393261560223294,0.05489447004405711,0.09067039545408725,0.10629308450991205,0.004053032470574565,2.6878311124710394e-10,0.10449962558904247,0.13585373219150657,0.13121402758520306,6.797986827734504e-10,0.08056269427362445,0.09903152425036267,-9.105483088675477e-06
2022-02-01,3.5600773151886626e-09,0.04228761083306423,0.09713745787138255,0.05362092344536592,0.053420236222053726,0.09363391990699527,0.10820492682039196,0.004072358048905695,2.643465411727593e-10,0.1037564228059875,0.13394061705541646,0.13330021535431877,6.793264701480667e-10,0.07899549150369013,0.09763886821085904,-9.052582181509365e-06
2022-02-02,3.5958183570301766e-09,0.042950206225024205,0.09869183599590609,0.05406156343147996,0.05323324086401806,0.0897066464752819,0.10859785121107789,0.00407083265394718,2.6481090324587814e-10,0.10381286933780905,0.13102993749518976,0.13452164504418093,6.867168843579708e-10,0.0799629065231464,0.09936950603177462,-9.045836182095242e-06
2022-02-03,3.633833868621987e-09,0.042980098718964646,0.09909907355186819,0.05438451397199412,0.05356681719036012,0.09130706815970865,0.11008974556059706,0.004211754306066461,2.748686027473305e-10,0.10447066727363448,0.12352014292512417,0.13803502034580492,6.837316788073897e-10,0.07920603249458015,0.09913814870491694,-9.087796054084187e-06
2022-02-04,3.617378909469533e-09,0.043234274388116584,0.09740595283293187,0.05370011554846869,0.05377948586651103,0.09202073036004677,0.11102722009868703,0.004164324740321018,2.708550036696344e-10,0.10364369570060737,0.12399654424069773,0.14149334098904365,6.591987384509939e-10,0.07889221069639774,0.09665118316709115,-9.083176353368643e-06
2022-02-07,3.5648633929734898e-09,0.04370707034592451,0.09809289509963737,0.054041403812656964,0.0544475323108393,0.0915692134313685,0.11052023941906325,0.004298896936176753,2.702242560565816e-10,0.10496893091692115,0.12418204891554963,0.13727770712901582,6.364806374622532e-10,0.07817564009535269,0.09872750856054709,-9.091444621221271e-06
2022-02-08,3.582722890791196e-09,0.044005979474925884,0.09681828075630029,0.05491457180671841,0.05368538212745016,0.09160988236243449,0.11025620139106161,0.004278780767331815,2.7498860055598523e-10,0.10359572494164153,0.12120901612604162,0.13703447735503507,6.307026766842009e-10,0.08281412620305423,0.09978663985020916,-9.067650618451418e-06
2022-02-09,3.570100203680209e-09,0.04355183409602071,0.09489099402502622,0.054292131516130125,0.05378498321160863,0.09333154931661444,0.11198269866853092,0.004295002886589903,2.7382615761832273e-10,0.10409028409127305,0.12026678222504286,0.14109837502570993,6.290407657558633e-10,0.08274292315128245,0.09568150629513825,-9.068981934277651e-06
2022-02-10,3.5462242329361465e-09,0.04370878028701332,0.09334748674558611,0.05356809076232046,0.0540455355093369,0.09113357740170373,0.11304941318493801,0.0042427870672863905,2.709878525697547e-10,0.1018049729158501,0.12045012687176976,0.14628469189149773,6.347856603237061e-10,0.08107529005236049,0.09729826606180829,-9.023203469086997e-06
2022-02-11,3.5090161556569467e-09,0.043984713122284205,0.09345737717600949,0.05137461842321158,0.05299084689698576,0.0915559514387571,0.11244765831940025,0.004150614450004661,2.6648041598460046e-10,0.09807554802771369,0.11940675518708421,0.1506440093923288,6.391216582916415e-10,0.08370626521718173,0.09821459147921584,-8.953544795359755e-06
2022-02-14,3.5406165120196778e-09,0.04483368490772658,0.09377816378347893,0.05123303103640096,0.05362424975824729,0.09321074059694237,0.11166076797440959,0.004106142536823577,2.669046283884899e-10,0.09929722924385763,0.12089992314300452,0.14696946689967919,6.603154376126051e-10,0.08270177559734164,0.09769376560478937,-8.9455505382817e-06
2022-02-15,3.520779863566176e-09,0.04619536201097512,0.0943059759067914,0.0508869280566812,0.05435291757967586,0.09442086195483385,0.11172549079347882,0.004168130376563051,2.6447296269398836e-10,0.0988536750365565,0.11734333058815515,0.14415673061540643,6.834921341676379e-10,0.08545691613528102,0.09814264663832042,-8.970161463785949e-06
2022-02-16,3.5718091600311565e-09,0.04606658868264012,0.09395083358394189,0.05086325864773397,0.05421160746456992,0.09406094825252721,0.11333268056556028,0.004172821991798827,2.670101811051914e-10,0.10034098111543896,0.11797284792131489,0.1416721706022675,6.667019341421083e-10,0.08561739637538623,0.09774681793326809,-8.957641969021661e-06
2022-02-17,3.56180404387784e-09,0.045893496966861985,0.09622689389011281,0.0499098967191773,0.05271569266549791,0.09413276154126446,0.1123675234641125,0.004177147649109646,2.684090095282089e-10,0.10199540860905579,0.11470938260957196,0.13987704476592003,6.695090072158829e-10,0.08653607516056554,0.10146759487022568,-8.92341119764441e-06
2022-02-18,3.572265514369199e-09,0.04559150372178825,0.0947318506930004,0.049291668995503926,0.052026159434494734,0.09436375481626744,0.11209552573312319,0.004074874535283093,2.651226201897522e-10,0.10278629137784044,0.11469853496807735,0.14040967949050803,6.701642155497978e-10,0.08859417926464155,0.10134484024186495,-8.86777994566519e-06
2022-02-21,3.560235261915034e-09,0.04518285020285853,0.0950191375789523,0.047929173048763894,0.051930144808465244,0.09415446170354876,0.11008118483843071,0.004023207615741717,2.684446682504084e-10,0.10320946956001546,0.11495231809803505,0.14121865794442579,6.716693691707055e-10,0.09065838760721653,0.10164987099817559,-8.868504978894536e-06
2022-02-22,3.496482599635126e-09,0.045737282941163845,0.09500485765987716,0.04740984995450012,0.05093120544513759,0.09424931975449304,0.10946540199148254,0.00409652105620025,2.660081481638695e-10,0.10146764456433431,0.11616398581611265,0.1428661328022271,6.71062672758338e-10,0.09142443014680096,0.10119219304160476,-8.829607487585338e-06
2022-02-23,3.491494756822647e-09,0.04611002555382666,0.09530464997931963,0.04715013888832912,0.051585766055052204,0.0910733892568815,0.11210745224940999,0.0039837952903623375,2.6263574017008227e-10,0.10106111198489227,0.11550078010729435,0.144809016418766,6.564460329020315e-10,0.09155910064078548,0.09976356499389587,-8.795829391866805e-06
2022-02-24,3.499965415069792e-09,0.04606445787394649,0.09537122319647313,0.04683977527070864,0.05125349756650125,0.09138871543010675,0.1135133504874385,0.003949383494712128,2.592143019292097e-10,0.1020122515812401,0.11543100526743322,0.14682996227591838,6.460035622107337e-10,0.08859240396867017,0.09876276008998784,-8.790908319681301e-06
2022-02-25,3.4704537327543675e-09,0.045973756600387106,0.09460712591414701,0.04718520083063057,0.05101858482611834,0.09146801421718001,0.11363752829684005,0.003956321484602372,2.588689991172266e-10,0.10272319706255477,0.11383943184608188,0.15016160898574285,6.427695746650632e-10,0.0864041620799763,0.09903384209431045,-8.778610663886835e-06
2022-02-28,3.5850353571740155e-09,0.042151334295095204,0.09685507872533178,0.053933591034105555,0.05489546287214662,0.09067203532993307,0.10629500693962014,0.004053105774214828,2.687879724912806e-10,0.10450151558203347,0.1358561892586989,0.13121640073813123,6.798109776954512e-10,0.08056415134035226,0.09903331534660505,-2.7191769902423943e-05
2022-03-01,3.5503835953856493e-09,0.04112309935422546,0.09708734521333034,0.05311646140790982,0.05541670785214942,0.09000764368147861,0.1069010412526327,0.004123678551823613,2.633400767529049e-10,0.1033414249337664,0.1353760139199826,0.13431146090983184,6.704453303302516e-10,0.07951433070965835,0.09970790356268781,-2.7115833645959837e-05
2022-03-02,3.516784089448032e-09,0.04102166810405214,0.09508151035999766,0.05425059619907251,0.05429599521603685,0.08928759034481104,0.10644140427501216,0.004219184209102887,2.5717910404258226e-10,0.10611980845397442,0.13652171176039177,0.13475282516796716,6.564334847961563e-10,0.08004696280513167,0.09798773980845084,-2.7001134397840595e-05
2022-03-03,3.5456076066076575e-09,0.04046827964664128,0.09461688388057274,0.05370877710374988,0.05345097861266471,0.08981300535936466,0.10682918929821035,0.004276314631865937,2.495087431215708e-10,0.10749757322125551,0.1415705142453346,0.13326971726556985,6.759552741897459e-10,0.07939572557334013,0.09512993188550616,-2.689519514730946e-05
2022-03-04,3.53709995994216e-09,0.04091880543444053,0.09381187625272479,0.05336955905960008,0.053868732279330686,0.08987320919760536,0.10774294066819193,0.004293675073741211,2.5146488347071947e-10,0.10685599387975996,0.14221149106748152,0.13129048717229172,6.918037226082185e-10,0.07854587070779108,0.09724425774389969,-2.6903017227023468e-05
2022-03-07,3.5480638932014404e-09,0.041221701955991785,0.09381214613246512,0.053032621928969806,0.053013672849034875,0.08914148722441968,0.10786087302731685,0.0043303270844263966,2.5665155093710523e-10,0.10670849257824,0.1409662471623774,0.12881745016490853,7.015773172707128e-10,0.08098268730507453,0.10013932881277494,-2.7040732292681648e-05
2022-03-08,3.5580490157907284e-09,0.04132887320540202,0.095167528893319,0.053033298348703746,0.05322912188149008,0.08844417582467437,0.10548701934119198,0.004272636861690849,2.556823488408598e-10,0.10642327254718259,0.14484164184919798,0.12853529480095746,7.135565463452253e-10,0.08005980421078426,0.09920425853794274,-2.6930829825009256e-05
2022-03-09,3.5157881304403327e-09,0.041047665434288505,0.09578011125265881,0.05307882152577357,0.053881773609520366,0.08872311248698571,0.10507526941449644,0.004406580357162356,2.555592061992716e-10,0.10844578894820543,0.14404037223311214,0.1302033845095168,7.259152881840411e-10,0.08044861061233262,0.09489544909119316,-2.6943972508421615e-05
2022-03-10,3.5219571514500964e-09,0.041625813873293976,0.09648341110437385,0.053439210919484954,0.05284417725095439,0.08805521605735274,0.10584365802260386,0.004440093826516573,2.6063718816775057e-10,0.10840083311396274,0.14525731439303155,0.13048603632343336,7.147212291455346e-10,0.07729391073094641,0.09585730112994825,-2.698124321815299e-05
2022-03-11,3.5237459800185692e-09,0.041319641734117084,0.09469469776122455,0.05376878816721575,0.05261976675985319,0.08859585055647513,0.10840137771631424,0.0043013546057521015,2.5769684710162854e-10,0.10795371106379796,0.14855234658669547,0.12678061010407826,7.384014167556493e-10,0.07742584246487479,0.09561295327208824,-2.694531233106166e-05
2022-03-14,3.5345486036767503e-09,0.04134182224922653,0.09624535357167725,0.053376983416668085,0.053107881426692635,0.08860811052860347,0.10783554903652873,0.004481891591661487,2.606412202909506e-10,0.10954792734235304,0.15208025136198308,0.12439237306298552,7.651194233664621e-10,0.07428063398490001,0.0947282910795822,-2.7073213171194285e-05
2022-03-15,3.508754144838137e-09,0.04146274066229975,0.09619115089265276,0.05312091754935116,0.052948218023966674,0.0872493020122546,0.10536059084301787,0.004515453477796428,2.626011923210043e-10,0.11193597486732937,0.14973090648909482,0.12551063005782775,7.593061521994825e-10,0.07569335819624404,0.09630773973692748,-2.6987339424184872e-05
2022-03-16,3.527213404480571e-09,0.041456088395733684,0.09751135295984824,0.05369407135247446,0.05268518074867867,0.086055880077678,0.10531032429460244,0.004628352393886475,2.680008889537603e-10,0.11039068199708754,0.14742049957591394,0.12866670749054632,7.46861674901562e-10,0.0766726872641616,0.09553523882927804,-2.7069921965226008e-05
2022-03-17,3.602828068712552e-09,0.041383586579562454,0.0993196839925874,0.05413904664731539,0.05317326169927682,0.08440323196710121,0.10281744118515418,0.004642807668649352,2.706766133243147e-10,0.10914936483408998,0.14574206400471998,0.1307139722713052,7.590694756338562e-10,0.07697278541930694,0.0975699778834555,-2.722878509871904e-05
2022-03-18,3.549027787227476e-09,0.04107554925698682,0.1006998653289531,0.053975682839661844,0.0530540637441685,0.08657311829878836,0.10050139724641266,0.0046778932898298075,2.763472852831837e-10,0.10820509148782281,0.14723843907420361,0.12808991734662856,7.472689851100185e-10,0.07723994315261788,0.09869615203932533,-2.711767804315727e-05
2022-03-21,3.5856221683234056e-09,0.041717809036926234,0.10060449452069671,0.054704256094342006,0.05282492060093816,0.08756253413783832,0.10077212409068899,0.004707066884812347,2.7807070756930404e-10,0.10550865881700994,0.14455975204134583,0.12831603631581046,7.25201618669039e-10,0.0784165230470302,0.10033292464652514,-2.7104822858633848e-05
2022-03-22,3.5672349576184486e-09,0.040907622221326635,0.1012726785210041,0.05552861759786367,0.05249163122705233,0.08742585181040798,0.10023555651725838,0.004704512738270413,2.7536532915073644e-10,0.10461471901688466,0.1455189994304,0.1323403112041552,7.018362830766512e-10,0.07765556011908675,0.0973308124565811,-2.687740472757133e-05
2022-03-23,3.6214352470002316e-09,0.04067157472466698,0.0997154817689726,0.05594833626247598,0.05361784826557642,0.08819542373975059,0.10054486832804173,0.004733438744984522,2.812541753621387e-10,0.10323761974382019,0.1453186449909522,0.13139078469171425,6.877984211438325e-10,0.07723125600874148,0.09942159428141811,-2.687614160268529e-05
2022-03-24,3.6175810896223965e-09,0.040676672759285264,0.09924131224746464,0.055929684176803676,0.052763579352843294,0.08729714414099202,0.10017896419766643,0.004722654655525476,2.808506891383186e-10,0.10238458583603693,0.14354942022945538,0.13754757312330085,6.94513323292234e-10,0.07734420672336065,0.09839089726016191,-2.669929584177563e-05
2022-03-25,3.593861716882236e-09,0.04053038365710597,0.09933133878627193,0.05460186224770713,0.051644503822926756,0.08639718115835135,0.10024458383377753,0.004696733322766696,2.864159077818505e-10,0.09982458642608306,0.14151658656130103,0.1407926284932526,6.947430084157069e-10,0.07843848939120608,0.1020077502275255,-2.6632503296170533e-05
2022-03-28,3.556134681038421e-09,0.04033007604636638,0.09865168050625917,0.0531703197295872,0.05125141374344636,0.0870385509403729,0.10059214329908404,0.004720060078822781,2.837534281110552e-10,0.09844125847069911,0.14389229562621414,0.1391009919148587,6.957912078337431e-10,0.07838843982085152,0.10444928682145381,-2.652153369538163e-05
2022-03-29,3.562422873098487e-09,0.03951025435892528,0.09667736898027283,0.05313497013106283,0.050841159733881716,0.08590758113361939,0.10123931304633266,0.004698783707849035,2.8195345876786097e-10,0.09892618993992311,0.14200865880084051,0.14177655414354165,6.813684036627322e-10,0.07877296188199032,0.10653252121872764,-2.6321602711513657e-05
2022-03-30,3.508426008352058e-09,0.03928846700774893,0.0976623166291345,0.05372782238886179,0.05063070698920178,0.08492552604428368,0.10233968166882279,0.004768134895951102,2.7653984551726865e-10,0.0968918550250169,0.142257023753896,0.14301445245923494,6.765508672992912e-10,0.07960348241643497,0.10491678542948533,-2.6259169589303186e-05
2022-03-31,3.5849987909251843e-09,0.042150904364557616,0.09685409083356605,0.05393304092820321,0.05489490295544983,0.09067111050329245,0.10629392276351418,0.004053064433792904,2.687852309373193e-10,0.10450044969898316,0.135854803567701,0.13121506237153732,6.798040438343059e-10,0.08056332961099363,0.09903230523750131,-1.6991802680514487e-05
2022-04-01,3.5078292614219254e-09,0.04167582871528152,0.09658193102321752,0.05410093218665595,0.05527162401142354,0.09062027407713315,0.10651455753971992,0.004048405916445198,2.708903247934452e-10,0.10476703570864025,0.1356914779822315,0.13032913283967787,6.792704075521628e-10,0.08109724506456138,0.09931849564279237,-1.694516577030068e-05
2022-04-04,3.5322586694061687e-09,0.04238513194734454,0.09718883557422099,0.05388288778133069,0.05605851775821939,0.08934447365405908,0.10533024997691064,0.004082123764906725,2.739443054070488e-10,0.10311399456553152,0.13534114162878036,0.12947003302830318,6.759612200019371e-10,0.08279816094089773,0.10102144353166623,-1.699863433528281e-05
2022-04-05,3.5354790335346808e-09,0.04219815562013065,0.09588275509462324,0.054825154971806865,0.056529743905438516,0.08864438104552703,0.10648731690050746,0.004083327682283691,2.7313686108464913e-10,0.10395024327633347,0.13390034993991068,0.1289002469385495,6.783719255952966e-10,0.0821648859465439,0.10245044802179444,-1.7013830437422385e-05
2022-04-06,3.6239664265781923e-09,0.042180483133299675,0.09484643241152718,0.05395886551408034,0.056841577834431875,0.08853991650427534,0.1075777337699705,0.004121447330345239,2.686295974798622e-10,0.10178059789299052,0.13555480501319955,0.13017097436851147,6.784129624747871e-10,0.08029175437987614,0.10415254093846484,-1.713366198168295e-05
2022-04-07,3.672196070980644e-09,0.04235439150967961,0.09410399932206118,0.05405999009741394,0.055976228097915914,0.08986808791334579,0.10785243111334672,0.0040241299298667665,2.6783306551111743e-10,0.10266939233341259,0.1350343164503019,0.1297712249822292,6.649181946007522e-10,0.08125376947310732,0.10304918631494762,-1.7152142575696943e-05
2022-04-08,3.5999539232146334e-09,0.04222656844760819,0.09517413775127447,0.05386307418758418,0.05720508125963901,0.09043963961485618,0.10844126064654269,0.004020475889921687,2.678134232038532e-10,0.10234887108179701,0.13450755154382027,0.13106742916986575,6.546942879978862e-10,0.07974785292425542,0.10097521394917731,-1.716098880358014e-05
2022-04-11,3.6619281759171078e-09,0.04236654267693654,0.09529470705445932,0.05310403821367362,0.0575253359001696,0.09013028413609693,0.10854792923965782,0.003957421123284838,2.6795540008383745e-10,0.10149114365309664,0.13260275263319624,0.1324566633609597,6.359345869388309e-10,0.08043096489420233,0.10210933460853508,-1.7122060086838137e-05
2022-04-12,3.6090569064489517e-09,0.04175633021359414,0.09448317640051035,0.05295113442262555,0.057070209209353524,0.09008396073471925,0.11046227865869422,0.003905450609858051,2.595792303142218e-10,0.10218267757991988,0.13541335585175351,0.13255145518586686,6.201584756682517e-10,0.07978297743611848,0.0993740020913218,-1.7012883130016557e-05
2022-04-13,3.639170510049057e-09,0.04127933510681369,0.09439493211481183,0.0524637076179486,0.05729361288163406,0.08987599635078865,0.11099452742331439,0.003916281381551849,2.5641328369267154e-10,0.10343584493204484,0.13565025578345352,0.13067654490879793,6.462071904600896e-10,0.08068661656902448,0.0993493882864181,-1.7047898392951955e-05
2022-04-14,3.6977034871665575e-09,0.04216270673707188,0.0945046077080544,0.05281834700840904,0.05676418315703037,0.08995943661420766,0.11101176524075597,0.0039378352084347866,2.5842847901566785e-10,0.10464049731507612,0.13657562285091865,0.1283911576562473,6.374899600374181e-10,0.08012712985780661,0.09912379622381595,-1.7090171450505913e-05
2022-04-15,3.732453090257559e-09,0.04164575335216222,0.09409593413728629,0.05337229188285946,0.05653421246997212,0.09045579119662851,0.11076349534693537,0.003950873801644772,2.574755115434883e-10,0.10569512302004082,0.13312704270939374,0.1275773614175037,6.406878635345156e-10,0.08089336771696674,0.10190582614412667,-1.7077826136836288e-05
2022-04-18,3.7051326980322275e-09,0.04211677038827731,0.09309173858002197,0.05399311704288466,0.056894171706389426,0.08908385627498187,0.11083650243186814,0.003934419241180575,2.5897924015752067e-10,0.10497242493640573,0.13202015856374585,0.13008862410205665,6.374678052152575e-10,0.08184227840602729,0.10114294602857074,-1.7012303989945072e-05
2022-04-19,3.739663422062062e-09,0.041564173400606266,0.09189470893247577,0.054594411794494924,0.05623512398685202,0.09034997451598974,0.1114796962477507,0.0039017376166917486,2.5047176667853074e-10,0.10430369264828658,0.13143808873475712,0.13185134762513964,6.513038248684107e-10,0.08033955009873309,0.10206439108651885,-1.6901329735337118e-05
2022-04-20,3.775151047829011e-09,0.042111168991221665,0.092601887327438,0.05350219427455463,0.05626121260437991,0.08922363048368442,0.11144316205729592,0.0039655693877294,2.5222755320739015e-10,0.10642698765374725,0.13249926803720655,0.12929380628325307,6.241158616634423e-10,0.08076767424941347,0.10192036986712223,-1.6935868540884527e-05
2022-04-21,3.735004863630491e-09,0.041328782062673146,0.09174226080320544,0.05331167022501672,0.05664220245994224,0.08932521848259532,0.11371923338674761,0.00390261808057182,2.5522143612841855e-10,0.10638119989937789,0.13383743270401585,0.12819994455301958,6.351611165852685e-10,0.0811166860943957,0.1005096551221086,-1.690849905740261e-05
2022-04-22,3.741047434380595e-09,0.04130113340771901,0.09239171486774167,0.0526857571079807,0.056726487651576195,0.08994608791389781,0.11398629126326135,0.003984770888258586,2.5865913937429273e-10,0.10658021769517625,0.13457767511269278,0.1291025254885331,6.409794216332043e-10,0.07858423687032906,0.10015003151016023,-1.693441801273665e-05
2022-04-25,3.7063254080079878e-09,0.042037923255993384,0.09278038326507317,0.052826257181555064,0.0576266879408644,0.09088090575358655,0.1128094297849066,0.004000708545287042,2.5866897679183904e-10,0.10422053448711625,0.13375159879768247,0.12936227143324838,6.429825731502205e-10,0.07685887674979307,0.10286143069292088,-1.7012496004072845e-05
2022-04-26,3.67760131949804e-09,0.041769456507516824,0.09255405484029794,0.05199758932157919,0.05755903790547277,0.08985162175248787,0.11070651771824118,0.0040066139791833655,2.626596360034943e-10,0.10470355708204902,0.13486652910802469,0.12739521667715994,6.20932213045032e-10,0.078437507646871,0.10616918649553102,-1.689359560804595e-05
2022-04-27,3.717205693929857e-09,0.04147250239782981,0.09106257613939785,0.0511736314616036,0.056176860022734865,0.0894039895410349,0.11270000008939993,0.0039843619443847515,2.629080337762862e-10,0.10656439005783655,0.1335193397415582,0.13131513968090675,6.404339584303737e-10,0.07798536848913312,0.10465866269416627,-1.682688053411792e-05
2022-04-28,3.743892441400728e-09,0.04135210876148967,0.0899835410457568,0.051960683520280965,0.057046816691316345,0.08964763378932208,0.11086353287005608,0.003918035064221473,2.6354113534592935e-10,0.10582705057761557,0.13289775610810003,0.1336986466168341,6.492718019665861e-10,0.08001931322363133,0.10280171051618031,-1.6833441510251956e-05
2022-04-29,3.5849788609709773e-09,0.04215067003655842,0.09685355239611944,0.053932741100198064,0.05489459778019987,0.09067060643866492,0.10629333184755109,0.004053041901738286,2.687837366892996e-10,0.10449986875341007,0.13585404831500164,0.13121433291238352,6.79800264624255e-10,0.0805628817381871,0.0990317546907861,-1.143244436154772e-05
2022-05-02,3.4832325195848714e-09,0.04121954451970207,0.09680732013700799,0.05352336571814575,0.0548712275687815,0.09004719985882434,0.10629103920636784,0.003975673595171875,2.6899672335256604e-10,0.10530770359420945,0.13749217873814823,0.13464906676186417,6.775916711109454e-10,0.08035999050867744,0.09546702597964313,-1.1340616364850858e-05
2022-05-03,3.4793457689990597e-09,0.041301597017942504,0.09829483834000671,0.05336134416185448,0.05562563487005397,0.09041149499974757,0.10647114649752033,0.004006144183966709,2.685453643415565e-10,0.10504393836409402,0.13425986462786269,0.13465415092264096,6.747536486479455e-10,0.07994663335210202,0.09663459110055238,-1.1382860989227886e-05
2022-05-04,3.48261082246302e-09,0.041182440359637126,0.09883507831979355,0.05343612332459681,0.05514149869817526,0.08941575243602742,0.10637720372151467,0.004018299781261074,2.727393182546726e-10,0.10645079371997787,0.13242150941119607,0.1337583114245345,6.79340767583679e-10,0.08110359656641661,0.09787070864365174,-1.1320841473628317e-05
2022-05-05,3.482731875612227e-09,0.04068683428783924,0.09783714858144377,0.053642025397597506,0.055412327390729314,0.08822517811288137,0.10652726521359217,0.004057630158800065,2.683110786270175e-10,0.10837274648624727,0.1317334557148306,0.1367250852620025,6.736435231027901e-10,0.07966729500769201,0.09712432978558898,-1.1325823931291011e-05
2022-05-06,3.5055338252451134e-09,0.04083004243097186,0.09834201929811538,0.05425344061973714,0.05571555553769989,0.08881995002266747,0.1048637677581867,0.004111372036298975,2.700140440997108e-10,0.11193695655849538,0.1307333778417391,0.13358497043602108,6.862541849071103e-10,0.08079733944468949,0.09602261152233758,-1.140796876219269e-05
2022-05-09,3.453203699962988e-09,0.0414465540801437,0.09980085085022707,0.05268446340411664,0.05538501003594877,0.09068387273152766,0.1041575259510191,0.004081631603766388,2.6881192584661297e-10,0.10996502495545757,0.12709955914666027,0.13593294097435463,6.639773395320352e-10,0.08115190392904018,0.0976220581491996,-1.1400197454618309e-05
2022-05-10,3.410658532669521e-09,0.041117825714113265,0.10125620885790165,0.053085697660421725,0.05505347687726192,0.09222430625409302,0.1060204447677998,0.004103777048805504,2.656543631960207e-10,0.10944141100589148,0.12790503191429187,0.13573379686075926,6.760926304559632e-10,0.07903112710116629,0.09503830557964392,-1.1413994555572278e-05
2022-05-11,3.429278319103754e-09,0.04106760224824637,0.10095300322131319,0.052208246193632825,0.05527898944297793,0.09252011298159787,0.10737403354135167,0.004123981562316512,2.661845453206411e-10,0.11188591184400334,0.12569141476531723,0.13751732032934466,6.589575140509194e-10,0.07814456232829546,0.09324627164489054,-1.1454457707995007e-05
2022-05-12,3.465832892390083e-09,0.04117489362547224,0.1012719093154955,0.05171729881821978,0.05526296118915417,0.09192522145942643,0.10829861915016033,0.004080090627560766,2.723817500902562e-10,0.10935885461234565,0.12448835181217484,0.14191065452447688,6.562757421792817e-10,0.07654912279266986,0.09397350706462049,-1.1489386267537746e-05
2022-05-13,3.446807720919456e-09,0.04078675320528576,0.0999790549108308,0.05331061455884548,0.05504512198711129,0.08957886841421865,0.11038944595673908,0.004112103748771245,2.690740782478265e-10,0.10769486866863459,0.12575521113766164,0.14122201244936697,6.336866461176965e-10,0.07899070319806198,0.0931467130037414,-1.1475588837382424e-05
2022-05-16,3.4936175216055632e-09,0.041293362996248854,0.09885069056279146,0.05391783275332289,0.05458627158107461,0.08740034329874076,0.10971627842398113,0.004133854007009404,2.6714210421744835e-10,0.10715113903536609,0.12805059834154936,0.1414432216875789,6.241886783031497e-10,0.07998687845287093,0.09348099158263493,-1.1467108117751728e-05
2022-05-17,3.4146216843378087e-09,0.04152501172397607,0.09939760975882753,0.054001756062626305,0.05525212569595571,0.08676673664077593,0.11036992075759727,0.004047895455597105,2.691505550974166e-10,0.11056343385857255,0.12618004414245923,0.13984754104383404,6.173901302727023e-10,0.08030527419230048,0.09175412541918106,-1.1479052865861404e-05
2022-05-18,3.407328860440127e-09,0.041627020225066265,0.09936772163137791,0.052588545585721035,0.055585607797603805,0.0872868774712773,0.11094533536663202,0.004045293992395829,2.6844622279220787e-10,0.11167878798258463,0.12935379730113752,0.13680428517253188,6.254453440563152e-10,0.07972014890384546,0.09100798113760708,-1.1406869001268568e-05
2022-05-19,3.3757951335699038e-09,0.0417298074080874,0.09882825174667755,0.052592472904364536,0.05514328389388691,0.08726025045289802,0.11094528931712924,0.004073273849568976,2.634710302820738e-10,0.10978475140488071,0.13084347238197536,0.13572729739154618,6.40852445640107e-10,0.0805042299233279,0.09257908053853256,-1.146549299416523e-05
2022-05-20,3.4168599327151927e-09,0.04155244012718676,0.09810816095712716,0.05306191000209361,0.05542713578501479,0.08696313868468104,0.11291790892891897,0.0040571703287432545,2.6335643836219327e-10,0.10972287608068533,0.12875220966843418,0.13579127500255567,6.560215280100543e-10,0.08109339914426489,0.09256382102002615,-1.1450065969865976e-05
2022-05-23,3.4077710193207777e-09,0.04164552018681224,0.09879580623189342,0.053376698347321866,0.055147412757965,0.08723858774748001,0.11353966816221711,0.0039955338531672165,2.6377454831944446e-10,0.10595003892953067,0.12964774236989046,0.13719064248131355,6.640951312202312e-10,0.0804483033234976,0.09303547609180347,-1.1434818533497702e-05
2022-05-24,3.4677910695103274e-09,0.0424160655980144,0.09917574450740685,0.05368602698629566,0.05612726567955664,0.08592356859600217,0.1135280454921192,0.004088662175006181,2.6875187272904553e-10,0.10702181012013663,0.12704209976981734,0.13768077133922763,6.60146445741452e-10,0.08129551623854732,0.09202589858251364,-1.1479481333053374e-05
2022-05-25,3.436158509173923e-09,0.041554582817242496,0.10054733630260135,0.05347506260097483,0.05627304368830105,0.08598260331388372,0.11197608460040637,0.004018828702041527,2.64953792458347e-10,0.10590865954422787,0.12790576274392368,0.13595348198572052,6.809897765122072e-10,0.0828944130618242,0.09352162004873149,-1.1483791981258613e-05
2022-05-26,3.415709709704477e-09,0.04198906784096457,0.0998322353914518,0.05320242769880226,0.0561234338423196,0.08634972845642039,0.11241250039326667,0.003973299005989436,2.616485174125225e-10,0.10647118337735234,0.12879899161092043,0.1344417223476147,6.590617273210074e-10,0.08221314979932477,0.09420368200242464,-1.1426103271529182e-05
2022-05-27,3.4798115058389884e-09,0.0415508734579283,0.09954524511068794,0.05305837772401347,0.05715000626800799,0.08646846417970114,0.11124186666312545,0.004012281371821282,2.6057359593634617e-10,0.10465077465586119,0.12718677854005458,0.13864930829819658,6.64844828056892e-10,0.08254344540357922,0.09395401697183567,-1.1443050042869813e-05
2022-05-30,3.472888312480732e-09,0.04147254470404463,0.09939189679401149,0.05288112976823988,0.05748600214082802,0.08609659700995853,0.1092725485020105,0.003959413645651524,2.517788464240397e-10,0.10745808681820343,0.12838894140014187,0.13610326008418452,6.586488002076784e-10,0.08122947629121674,0.09627148504946571,-1.1386591272877104e-05
2022-05-31,3.584983633964177e-09,0.04215072615540019,0.09685368134565162,0.05393281290553261,0.054894670866137626,0.09067072715630503,0.10629347336508016,0.004053047297904395,2.6878409454439364e-10,0.10450000788314619,0.13585422918927564,0.13121450760940212,6.798011697012905e-10,0.0805629889985369,0.09903188654034784,-1.2763846289207184e-05
2022-06-01,3.5702250839208138e-09,0.04222429077407532,0.09596607615195486,0.053945462845294154,0.05528199609140083,0.08960936487737894,0.1071658637724091,0.004046792977837537,2.723392647517674e-10,0.10394142646857993,0.1363922666295255,0.13084006128860493,6.772002910274895e-10,0.08077181575988954,0.09982730749263712,-1.2729649352370248e-05
2022-06-02,3.526472908096252e-09,0.04281871766727305,0.0940018546371852,0.053501893947784755,0.05519982579718445,0.09005481014113052,0.10941390429711374,0.0039392353411812275,2.702253157251735e-10,0.10049112694844468,0.1364386371123619,0.13142068314381825,6.960144980487041e-10,0.08094224344353282,0.10178978436132734,-1.2721331050745369e-05
2022-06-03,3.550620733177774e-09,0.04268775974526524,0.09269982618417967,0.05374632641112518,0.05427745830894694,0.09168432369962587,0.1093378392478093,0.004012041824842793,2.6871559432837437e-10,0.10106977864439934,0.13712128721790226,0.13153579064223678,6.918830541675898e-10,0.08165885905275223,0.10018144016491094,-1.2735655215875472e-05
2022-06-06,3.475042248349566e-09,0.042794837458935954,0.09250096568097918,0.053254998076232525,0.05482902184760446,0.09047109283143369,0.11019804688635171,0.003982695671578855,2.620484800463995e-10,0.10295722941697101,0.13797023560062963,0.1299985606417982,6.939541494558351e-10,0.08027952823108546,0.10077538935224703,-1.2606126892585733e-05
2022-06-07,3.3648400858838805e-09,0.0419589569239566,0.09261160983346688,0.05261129238322026,0.05446032064569106,0.08809168885624719,0.11191056214032549,0.004012867131297802,2.5888787913353047e-10,0.10138157211047678,0.13900026373186777,0.13313241238263349,6.992143678451122e-10,0.08270645207448911,0.09813448344438838,-1.2485981003056686e-05
2022-06-08,3.3428085165082642e-09,0.04150504739443641,0.09317049974381555,0.05278515547755426,0.05443136274027095,0.0891252440420395,0.11392769210875987,0.003931627987256426,2.5696086073287775e-10,0.10282142794495894,0.1381526593330764,0.13153918865446546,7.128034203169186e-10,0.08089096235223224,0.09773162642619938,-1.2498517638073697e-05
2022-06-09,3.3570468019480094e-09,0.041312650100137474,0.09407174830283442,0.052505535345473454,0.05543256942851075,0.08909661738150514,0.11511153545127444,0.003978546441206179,2.5491828699332474e-10,0.09968523333996943,0.13915896366382613,0.13189224346463388,7.208257420211597e-10,0.08067966311738518,0.09708720005198708,-1.251042153423046e-05
2022-06-10,3.4226599784870926e-09,0.04072091054120702,0.09487561590359635,0.05219310185473994,0.05524367663804581,0.08879668349933917,0.11394667981109843,0.004013786490650214,2.6038454647434523e-10,0.10049406672030699,0.13950944276932412,0.1298111208710546,7.280143450988196e-10,0.08392608014166925,0.09648134528924242,-1.2514941333031598e-05
2022-06-13,3.4210037953499707e-09,0.040615468947306124,0.09467025850599087,0.0507094744260316,0.05569267789964396,0.08811710207088692,0.11183302603357521,0.004069916282584073,2.5704999406648887e-10,0.10029935017652261,0.14330212776262738,0.1271558317857032,7.108682543096955e-10,0.08462857295276972,0.09891873975269008,-1.2550985253675795e-05
2022-06-14,3.3761318539104597e-09,0.04085694817852493,0.09543936200541751,0.04960422030370211,0.05633943178409559,0.08927886187961569,0.11158006633295749,0.004150339011931175,2.619112544266047e-10,0.10066463009117388,0.14254874278260096,0.1253317113974303,7.119086471943117e-10,0.08569078803169866,0.09852746472158751,-1.257087068730487e-05
2022-06-15,3.314247411011432e-09,0.04148549587361603,0.09587815209800064,0.04951499996790099,0.05707369011563881,0.09126265506450099,0.10764616728517126,0.004187069014442306,2.570598766822797e-10,0.10172192972259594,0.14323909269598978,0.12702942005068948,7.076669480524299e-10,0.08300323784272724,0.0979706855595866,-1.2599569834271543e-05
2022-06-16,3.331584511563238e-09,0.04197098442509545,0.09480138044510024,0.05017184991919125,0.05670930156185657,0.09182643544916162,0.10707148586047709,0.0042045119790324725,2.608818483271557e-10,0.09994865615365957,0.14189830181023957,0.12764157329024992,7.387451559664811e-10,0.08184138583934611,0.10192674341725633,-1.2614481877769822e-05
2022-06-17,3.4153126115886104e-09,0.04218578147117431,0.09507616791855543,0.05008045446078859,0.05701330911903331,0.09073160795633645,0.10762998166333766,0.00432064414974732,2.601464711783612e-10,0.10020631871509186,0.13886840381501836,0.12926806673227526,7.469384771422964e-10,0.08246489906632729,0.10216704917297591,-1.2688663059300051e-05
2022-06-20,3.371559030405762e-09,0.04197417862029221,0.09409450680679571,0.049759333591515964,0.05659278344264113,0.09112409573185282,0.10753741181024642,0.0042896597435113076,2.6338951605742367e-10,0.09986926772421459,0.14041383618050024,0.12931609008444647,7.157708473959098e-10,0.08360504011761023,0.10143635015268287,-1.2558357029388673e-05
2022-06-21,3.3649652444559005e-09,0.04203320877125455,0.09361196443659094,0.04982003358585571,0.056109986787387885,0.092490019363223,0.10723345107815921,0.0042610000516547005,2.594517829609119e-10,0.10016433042873656,0.140672644761382,0.13001295115509073,7.020834376606633e-10,0.08107782935762903,0.1025251133604623,-1.2537463926907568e-05
2022-06-22,3.4238147086817174e-09,0.041739790731710476,0.0955489494783092,0.05015724396156075,0.05630316636707221,0.09234600429238288,0.10560741482779144,0.004336245155003047,2.573992566550643e-10,0.0993156221454009,0.14346062786047623,0.12635353670534918,6.858890578447498e-10,0.08135781945551492,0.10348615243876028,-1.2577786434615517e-05
2022-06-23,3.436587757179289e-09,0.04157830756741304,0.09808182460212853,0.049988112007861144,0.056104276046023374,0.09133822838224412,0.10571258342928776,0.004371197390302217,2.6183539066435304e-10,0.09696334157680823,0.14280898258510782,0.12723752284986553,6.926011962368066e-10,0.08132872785518104,0.10449945598340347,-1.2564666650582753e-05
2022-06-24,3.4074353770511942e-09,0.04219937098890402,0.09905458643510448,0.04917943108387552,0.0553310858724584,0.09004882076539925,0.10660745285195321,0.00428884835821991,2.6038730107382037e-10,0.09758964117894581,0.14257556713447617,0.12772462292369646,6.793096986514844e-10,0.08217048227095904,0.10324263732359303,-1.2551534717599264e-05
2022-06-27,3.3955128103916683e-09,0.04228377216385149,0.09912744449659538,0.04917581125124926,0.05480910648311516,0.08967684213672243,0.10658249196995186,0.004204302482904259,2.5854621409201443e-10,0.09815914962127668,0.13960575488085578,0.130200077949707,6.943712898357304e-10,0.08030178520422418,0.10588600061523143,-1.254360411534837e-05
2022-06-28,3.3863101596762088e-09,0.04240652832582546,0.09846784838645085,0.04963333129297499,0.05501099513196549,0.08863314381156304,0.10478229930873144,0.004112551121565634,2.589746545974285e-10,0.09892204773544956,0.14092581765307063,0.1298053149383548,6.795896151236181e-10,0.07922589765853154,0.10808674442534898,-1.252411470679754e-05
2022-06-29,3.3840245209384607e-09,0.042635829422438654,0.09771152866908342,0.05002459299746279,0.05492595635232189,0.09018745301172232,0.10630929246829418,0.00410049484037534,2.595602499178209e-10,0.09848583333284265,0.13826621650000748,0.12846994379844526,6.848592393514892e-10,0.08003721860301721,0.10885820640800185,-1.2570732457100734e-05
2022-06-30,3.5849850877815528e-09,0.04215074324877197,0.09685372062269698,0.053932834776890634,0.05489469312755763,0.09067076392597878,0.10629351647024166,0.004053048941535495,2.687842035443297e-10,0.10450005026100415,0.13585428428220192,0.13121456082078342,6.798014453808622e-10,0.08056302166922252,0.09903192670072015,-1.3169381176087673e-05
2022-07-01,3.5753191771654225e-09,0.04267873468985312,0.09585516048140955,0.05422590715533165,0.053957090058484036,0.09106932058258504,0.10676267465366351,0.004156924385087789,2.6302971317174245e-10,0.10372140031016447,0.13792793994276323,0.13221348950364342,6.832982450851126e-10,0.07931870043943177,0.09812584156745739,-1.3188291522245747e-05
2022-07-04,3.628019151831127e-09,0.0427832391206457,0.09653233810538882,0.05431825923410577,0.05334436574012876,0.09244383775034379,0.10782232565815816,0.004306204050865398,2.5988628501563916e-10,0.10538127539959773,0.13543475858321719,0.13299593245224092,6.972835109683615e-10,0.0765780708898944,0.09807261291256811,-1.322448234370413e-05
2022-07-05,3.595332596087766e-09,0.042322930422264385,0.09657980226331805,0.05481715625766254,0.05306652926101834,0.09235671495237044,0.10760646178601613,0.004291195496934532,2.547939178758037e-10,0.10682346516289382,0.13561582733428426,0.1334267213516494,6.851038808141485e-10,0.07568385277933085,0.09742251122360948,-1.3172826582643534e-05
2022-07-06,3.539861305090912e-09,0.041561497201458006,0.09586775684037437,0.055098050732913656,0.05260157451718654,0.09107687166485712,0.1063405854128625,0.00426030964179373,2.5327254389417503e-10,0.11033620379169405,0.13783959550604372,0.13564611728772358,6.987194038246962e-10,0.0742638671027461,0.09512072352060985,-1.3157712116644076e-05
2022-07-07,3.5141889204490234e-09,0.04226049750187366,0.0956154468238121,0.05448767730107914,0.052501634500426296,0.0911052316524179,0.10708956290206072,0.004290153460327063,2.510262961853015e-10,0.11189971214263777,0.1368936349214645,0.13576903552432373,7.096668770210718e-10,0.07366057089762858,0.09444003559999041,-1.3197702923874127e-05
2022-07-08,3.5219830999889175e-09,0.04175431712655326,0.09490434609652833,0.05465580794152332,0.05363704940665927,0.09151741609913669,0.10742945213300457,0.004308778864223951,2.46255337166659e-10,0.11175304807263971,0.13640752711998888,0.13609008543939918,7.089736910477352e-10,0.07394851084427082,0.093606807220993,-1.3150842133072731e-05
2022-07-11,3.4988143666539503e-09,0.0409426353167388,0.09390774035173335,0.0551366568964546,0.05346698072232985,0.09085357597417226,0.10941136746720238,0.004196415200016829,2.405283824902605e-10,0.11393421724229985,0.13557439743673919,0.1346091831124927,6.89349064561944e-10,0.07404733947725038,0.09393254088575928,-1.3054511881254085e-05
2022-07-12,3.452458210817779e-09,0.040765476679224415,0.09329781873306164,0.055140685371449484,0.05259111245264019,0.09205339517954594,0.11045664618309198,0.004163376232186832,2.391051907585247e-10,0.11338774773180592,0.13351029713679147,0.13325132216725638,6.842972379591011e-10,0.07602642679648754,0.09536870451602197,-1.3013555424565945e-05
2022-07-13,3.4592004305527476e-09,0.04064033420815227,0.09154923900556647,0.05474338974381015,0.05285424559337389,0.08996390628746698,0.11066479404180128,0.004271912033666855,2.4127249769575916e-10,0.11511501217606389,0.13310663809062834,0.1345452632213077,6.713038891677736e-10,0.0766308817052192,0.09592730180135065,-1.2922280184389877e-05
2022-07-14,3.4747732797776416e-09,0.041255250004225315,0.09118190350695159,0.054726623212226364,0.053014568777310374,0.08894515708072442,0.11121774090507307,0.004176030540720311,2.4550812239765054e-10,0.11543028855501282,0.13225359055493113,0.13292665405495724,6.699451436727291e-10,0.07775652481452892,0.09712860603516048,-1.2942432048497133e-05
2022-07-15,3.4433335882636912e-09,0.040805014038070235,0.09161350171767657,0.054147593061126265,0.05293188954759187,0.08888517711528385,0.11143712291888466,0.004217509235578401,2.403826585548552e-10,0.1117670997588474,0.1307612686133194,0.13667935987257224,6.922773281495141e-10,0.0801865996566831,0.09658076891560169,-1.2908827229182162e-05
2022-07-18,3.367883321472272e-09,0.03963274556641221,0.09054144962139211,0.05375021677896247,0.0534964794350728,0.08942266852353545,0.11122088383518447,0.004143659590594798,2.3578484394597034e-10,0.11165697673081314,0.13159156716747236,0.13691502388315993,6.764361547223684e-10,0.08074769821666467,0.09689346600409636,-1.2839633465086359e-05
2022-07-19,3.3225502727422663e-09,0.03918633829317856,0.0909113297469028,0.05342899963262922,0.054350844276148745,0.08970567890352535,0.11013584763829884,0.00412987705803513,2.352623425201298e-10,0.11004997602558317,0.12924568872098566,0.13810939332679195,6.843770166583632e-10,0.08138971830571069,0.09936909753038467,-1.2793700364442774e-05
2022-07-20,3.3377002772676154e-09,0.04023920895580791,0.09090799367099925,0.05332660116780578,0.053712605447506036,0.09007343818491138,0.11047012031125597,0.004201958227645179,2.3846488943829824e-10,0.10909141012440479,0.12970990975285882,0.13862247170064823,6.697372953550856e-10,0.08074294716876848,0.09891424663381111,-1.291559232535605e-05
2022-07-21,3.3807121313932552e-09,0.040292187690847886,0.09150371346142425,0.05238037139517759,0.054462487193804726,0.0915294034729841,0.10743984736697611,0.00415809584231982,2.4011826640856075e-10,0.11013882585400382,0.1282381677298207,0.13786181294663785,6.625157387122867e-10,0.08088265699865618,0.10112533042216701,-1.2904658166139225e-05
2022-07-22,3.344364951723928e-09,0.040559350836852866,0.0904197426250763,0.05169431641192109,0.054818055898176905,0.09230078892805468,0.10831305634387374,0.004067134445743766,2.3767870566367024e-10,0.111184060023529,0.12791247760416075,0.13493474085644275,6.657351442308035e-10,0.07958016249193564,0.10422896632332065,-1.2857036866795821e-05
2022-07-25,3.381402751515049e-09,0.04066693699987785,0.09143523897627213,0.051557649158879636,0.055141969802352656,0.0937363000489665,0.10831327822985602,0.004039172265321019,2.309139695979182e-10,0.11068364360594718,0.12920471790086907,0.13665367977927106,6.695218753030812e-10,0.07855118196350347,0.10002903687908524,-1.2809892040385783e-05
2022-07-26,3.3566997785661098e-09,0.040435799569438866,0.09089095494943747,0.051790815979489604,0.05632911229190409,0.09365020004912623,0.10772977383375353,0.004014511812487786,2.307819652864722e-10,0.10900051448569466,0.12915105631535587,0.1373720125795163,6.704383846294336e-10,0.07902580563814478,0.1006222117839611,-1.2773546230400322e-05
2022-07-27,3.310763783256578e-09,0.040824045649409085,0.09051795385068338,0.051303040387173295,0.055752500982181874,0.09447662689109404,0.10775821572752872,0.003931799496873607,2.3319430940969436e-10,0.10692402329958327,0.12988236301951722,0.13839616962916537,6.831991016606648e-10,0.08187379897858002,0.09837226854859737,-1.2810687544526743e-05
2022-07-28,3.3215437223473464e-09,0.0408638283125508,0.09128837191493444,0.05162739464044321,0.055728479737607015,0.09430862026903765,0.10655132968494667,0.00400258812706802,2.357183959197685e-10,0.1088815117171124,0.129751475261845,0.1374196559060102,6.730228888117345e-10,0.0827488103922533,0.09684078602908673,-1.2856223180334274e-05
2022-07-29,3.5849823989180963e-09,0.04215071163424907,0.09685364797903917,0.053932794325389444,0.054894651954629246,0.09067069591975346,0.10629343674640876,0.004053045901607874,2.687840019468322e-10,0.10449997188233325,0.13585418238676542,0.13121446240530082,6.798009355061432e-10,0.08056296124415532,0.09903185242333204,-1.2419336531011817e-05
2022-08-01,3.6282841853183294e-09,0.04231247973232039,0.09688823227786614,0.05352963939593057,0.05434939420021947,0.09204218993729389,0.10628143192003124,0.003921352163513876,2.653632327893254e-10,0.10282698585113016,0.13428893677596052,0.13210609675614818,6.767255224671579e-10,0.08023969928837765,0.10122593695718486,-1.2379826349843578e-05
2022-08-02,3.6019423163519694e-09,0.04308256166205591,0.09612558459590254,0.053552255090104826,0.05413281048376726,0.09213771896326114,0.10686396321089846,0.003943534562434719,2.6227670658188454e-10,0.1009918987092552,0.13967525734557087,0.13097886741661544,6.847880331657107e-10,0.07786560747447016,0.10066230482844671,-1.2368891790262717e-05
2022-08-03,3.6361252227892366e-09,0.04375337457196639,0.09430433171888149,0.05423327448538068,0.0539544146679503,0.09352447670226417,0.10651563572231007,0.003938220573481114,2.6406757147330543e-10,0.10043189712449287,0.1401232315180106,0.12975708416347753,6.700934125679252e-10,0.08018774761892866,0.09928880537943968,-1.2498816869577527e-05
2022-08-04,3.648599933365022e-09,0.044314109939139805,0.09416390661387068,0.05399998312996074,0.05438623792532504,0.09536472899205668,0.10539043800191833,0.0039507765021227735,2.5865509445391023e-10,0.10035656049578986,0.14095964170342606,0.12858269094529487,6.683580752633306e-10,0.0785606400346641,0.09998284155280673,-1.2560411988807195e-05
2022-08-05,3.6986838138142623e-09,0.043986108202540494,0.09388380962657372,0.05451774618277724,0.0553982302129522,0.09390020604886719,0.10555913538342221,0.003982156116241164,2.592818795987216e-10,0.09688307923777353,0.14267178057028274,0.13240878043295035,6.724431943802951e-10,0.07740029635286247,0.09942127159315417,-1.2604590806343288e-05
2022-08-08,3.76305980349714e-09,0.04442237558909365,0.09460152305084432,0.05478213160565173,0.05499662763500522,0.09373508731717274,0.10553705832728515,0.004016660510213377,2.6532727041895565e-10,0.09865575804352146,0.13952641985676523,0.1330398879945307,6.818227541463617e-10,0.0783542349967226,0.09834484093539567,-1.2610572411622748e-05
2022-08-09,3.856733779546431e-09,0.04373685634241847,0.09326054127299939,0.05479259787754794,0.05627211623847183,0.09250539506146112,0.10490643045467728,0.004068307804731857,2.646361053952695e-10,0.0979166222929743,0.14048261358932312,0.13334986268889526,6.925990446486425e-10,0.08002087823858456,0.09870034903502704,-1.2575711080984684e-05
2022-08-10,3.868351584622033e-09,0.0438440864502801,0.09378230399902433,0.05484594772929503,0.05629246213783776,0.09396175182074935,0.10709818410633624,0.003983220037014721,2.6480313028562303e-10,0.09691974293716515,0.1398506498991498,0.13433126304612383,7.01148443183831e-10,0.07990730004377398,0.095195659388683,-1.257642973641993e-05
2022-08-11,3.8315787279251705e-09,0.0442258161358439,0.09097705733921434,0.05557587786711427,0.056632990694263766,0.09552315117292152,0.10678743606028612,0.0038661342458628524,2.6645033480908634e-10,0.098823028020801,0.14192895200953712,0.1328191904389684,7.021783634946773e-10,0.07912990816394608,0.09372302204885717,-1.256899782407589e-05
2022-08-12,3.8421337173116935e-09,0.04341945018458758,0.08954425563767031,0.05453567856036357,0.055268644427132065,0.09512113346531048,0.10780536695323811,0.0038328027926270297,2.5893522618300297e-10,0.09951417864432986,0.14493747568258683,0.13059585641960908,6.92192694355869e-10,0.07940590882465129,0.0960317320188876,-1.2488404255257627e-05
2022-08-15,3.82605032769238e-09,0.042866283856471066,0.09022546633092852,0.05508032094548915,0.055319297365186086,0.09452273938665226,0.10935007136064269,0.0038650566290914607,2.562265443579753e-10,0.09968795854751329,0.1419089934974823,0.13224396590290483,6.897455359649806e-10,0.07886220876924971,0.0960801276594728,-1.2495023106417221e-05
2022-08-16,3.825638606005386e-09,0.04323468527224758,0.090762057528815,0.0549593292684898,0.05581144035490501,0.09497539458952528,0.10868600260336377,0.003857108355359034,2.5559596801184944e-10,0.10044606223669868,0.1410368073932795,0.131350042085285,7.134565098754137e-10,0.08020233954479294,0.09469121241785676,-1.2486445309451986e-05
2022-08-17,3.844593327663876e-09,0.043268795018929496,0.09111108481068925,0.05502654558905575,0.05659950481393083,0.09536803990558375,0.108565966540241,0.003913128090026094,2.5642705548190516e-10,0.10061709341403892,0.14173210767592798,0.13112625960147398,7.135028361984327e-10,0.07933990208245517,0.09334404615841553,-1.247851529078703e-05
2022-08-18,3.819970240421132e-09,0.0427908309252641,0.090526845421188,0.05508916649009015,0.056850128763645445,0.09534048892788388,0.10545431515805295,0.004013454544202569,2.6141820832450193e-10,0.10164875716017303,0.14659763184177066,0.1293995946169525,7.396302381278064e-10,0.0782123116013813,0.09408898391972294,-1.2514191346151801e-05
2022-08-19,3.738719594124148e-09,0.042398318949087195,0.09005957547431727,0.05448197562872845,0.056813408642427454,0.09458250998333038,0.10374970880283839,0.003944788962174386,2.6215080135089716e-10,0.09970247989026806,0.14742138171616,0.1308741021428108,7.115131876050538e-10,0.07910904121385448,0.0968750986282317,-1.239474661199127e-05
2022-08-22,3.7519559735347595e-09,0.04270596956674509,0.09117837991311073,0.05437726571377364,0.05701151491632058,0.09310981700540345,0.10408173678194972,0.003978013156305366,2.645247018768354e-10,0.10149385596761781,0.14578175130015544,0.12988907056260104,7.362683118093115e-10,0.07901281210610675,0.09739221488109617,-1.2406623934695928e-05
2022-08-23,3.753230572256145e-09,0.042393215661717366,0.09287212565107657,0.0541053247736758,0.05629208746953594,0.0926750449572108,0.1013862450537114,0.003945925203654413,2.6103663366007656e-10,0.10259210033054121,0.14437354634241595,0.13200331590357053,7.553184398926306e-10,0.08024452470301613,0.09712895541718963,-1.2416236901442866e-05
2022-08-24,3.764906268058009e-09,0.041814139463027464,0.09290789531500726,0.05367098505245374,0.056874004627127765,0.09591512588635664,0.10226863604321863,0.0038421781572848105,2.6015699872093706e-10,0.10299583359235288,0.14487546269189155,0.13064854725582611,7.601730635521025e-10,0.07859680321608432,0.09560281972652909,-1.2435812396480075e-05
2022-08-25,3.777854003836828e-09,0.04127595294663362,0.093205789352756,0.0526925926578127,0.05794590350424447,0.0947252675205984,0.10170750366159044,0.0038507259406985045,2.5734978086737725e-10,0.10297816076056443,0.1458794842366051,0.1324551338048738,7.689480028468597e-10,0.07817234766598588,0.09512353359277381,-1.2400449288808077e-05
2022-08-26,3.876502974647028e-09,0.04183379250392831,0.09263729843082255,0.05295982405574156,0.05793791441808391,0.09493699530256265,0.100420748094474,0.0038436952524134515,2.6534285869105023e-10,0.10432848996952597,0.1405723148302217,0.13573374157460646,7.869158859701515e-10,0.07798734532664771,0.09682028084473118,-1.2445532521146276e-05
2022-08-29,3.8301162243563224e-09,0.04147435943591433,0.0937762366694048,0.05259444956123901,0.056409033066389586,0.09450541093804189,0.09994216088817373,0.0038945664424260935,2.644298578836861e-10,0.10327035010041329,0.14243671555409013,0.13552493971786822,7.73815360501322e-10,0.07934825245730122,0.09683591510143018,-1.2394801053723274e-05
2022-08-30,3.822625199465564e-09,0.0414678105387404,0.09251365651319571,0.05217687003357054,0.056305982316936946,0.09409593062806276,0.10147377335653192,0.003899587656662858,2.673146005880062e-10,0.10310683877644987,0.14462630403806967,0.13620537254120854,7.727250379723081e-10,0.07920088165500032,0.09493935484607437,-1.2367763168810953e-05
2022-08-31,3.584977568020831e-09,0.042150654834595715,0.0968535174651423,0.05393272164894097,0.054894577982041795,0.09067057373761468,0.10629329351204501,0.004053040439977611,2.6878363975038166e-10,0.10449983106473021,0.13585399931819625,0.1312142855889271,6.79800019449071e-10,0.08056285268256537,0.09903171897422357,-1.107178256178311e-05
2022-09-01,3.5744964496894753e-09,0.04192427507779742,0.09677611307442115,0.05358101457257464,0.055229969364214135,0.09092040913593913,0.10743004260919886,0.003993817829225172,2.6750891318129605e-10,0.10416910533451741,0.13690646691139582,0.12951015793724976,6.9101003271737e-10,0.08234087853209068,0.09722881560104704,-1.107051268632227e-05
2022-09-02,3.556337858870404e-09,0.0416811888095005,0.09948785352307929,0.05329761385742459,0.05633659695699732,0.0894169798620699,0.10596628732373174,0.003953991984577161,2.640935382709988e-10,0.10371640347948545,0.1353135338670929,0.12770357921266615,7.04976317862035e-10,0.08416972999138937,0.09896730000096561,-1.1063394387564653e-05
2022-09-05,3.5695732947951074e-09,0.04167048771278967,0.09883861223043701,0.052654916827109384,0.05652218620157503,0.08797646047536477,0.10443502938331777,0.004014461494443506,2.712731010018876e-10,0.10424833959978651,0.13760816159656966,0.12705820353821595,6.878287460054629e-10,0.08503543620252445,0.09994874788500327,-1.10476758121002e-05
2022-09-06,3.5855397082956102e-09,0.04172712155058406,0.10024987128471478,0.05226146595082248,0.05620977281333035,0.08718126753586662,0.10496922607320573,0.003968365653495233,2.6959779847114756e-10,0.1035242408365706,0.1375862978484064,0.1243796775581319,6.917290401698906e-10,0.08732924616481418,0.10062452956606675,-1.1087382875550392e-05
2022-09-07,3.652394022763611e-09,0.042461989814773976,0.1015043465356666,0.05252127178696056,0.05645787736245797,0.08840182696409721,0.10485261818454002,0.003878841466592783,2.727215863983572e-10,0.10214285404586662,0.13602680707929315,0.12491979248712701,6.935907990960897e-10,0.08545729632069511,0.10138560314218677,-1.1129808964176948e-05
2022-09-08,3.678055730635875e-09,0.04189081645201133,0.10269036449696275,0.051478306217215226,0.05779565728443272,0.08776508268015623,0.1048577029928932,0.0037677503158207925,2.7196433741305127e-10,0.10231761403513831,0.13559260138473403,0.12351435711548311,6.808871592786605e-10,0.08706733101979995,0.10127351580401597,-1.1104429570861459e-05
2022-09-09,3.7529611252981856e-09,0.04190737137968523,0.10279942099146029,0.0522618868817168,0.05698732849811895,0.08690687890219048,0.10703809540629283,0.0037271467263813997,2.661972368026645e-10,0.10591400273558547,0.13332939677984507,0.12464620436931764,6.858490084275053e-10,0.08311402471400339,0.10137940371162685,-1.1165801231849796e-05
2022-09-12,3.7681608200082775e-09,0.04205105396695231,0.10378882454536871,0.052024368921600644,0.0574763197578666,0.08613513016959679,0.10499927250411714,0.0036586656139735137,2.604312117556165e-10,0.10758065612608621,0.1300726317763273,0.12523807951595387,6.827557185446777e-10,0.08297381432418723,0.10401233958282609,-1.1161516203985207e-05
2022-09-13,3.758300285735794e-09,0.042377369575594015,0.10399582298144593,0.05201760769622154,0.05917901186311862,0.0846850689258697,0.10700755151061242,0.0036990800878287577,2.5903237336061407e-10,0.11049753481263745,0.1264096333832138,0.124364914111257,6.695354672974088e-10,0.08375542462143978,0.10202215213606038,-1.117639216749185e-05
2022-09-14,3.7734051978991765e-09,0.04229555890637322,0.1034560486596008,0.052250190427385705,0.05898839040005472,0.08350905965344059,0.11106344810737068,0.0036740128876361247,2.5054525844267875e-10,0.10907369996403962,0.12384213764872337,0.1261279053946001,6.734931646085315e-10,0.08438864849338368,0.10134206813178272,-1.1173371834863763e-05
2022-09-15,3.755376259517841e-09,0.04204759200632324,0.10314954344530847,0.0526421957329782,0.05910884552579348,0.08387610245763452,0.11159131242327115,0.0037128101315500144,2.511341305684812e-10,0.10947373659463376,0.1259908060080914,0.12448462074048287,6.621873538976722e-10,0.08241921854611799,0.10151435891827282,-1.1147199155662038e-05
2022-09-16,3.6821022311340143e-09,0.042159520691011525,0.10282413428727948,0.053223354562469724,0.058513830493589984,0.0834990930918234,0.11306983421393171,0.0037786143126761107,2.4814933458052363e-10,0.10958708214151365,0.12636960391348168,0.1250531512229767,6.58020302844429e-10,0.08420209347034574,0.09773080532118097,-1.112231055237343e-05
2022-09-19,3.637422626890043e-09,0.04200507472830193,0.10249140062406435,0.05361120902400267,0.058885926437149676,0.0825239227634228,0.11413040661417477,0.0037104960813556776,2.495744580983209e-10,0.11177166654348823,0.12783649839007646,0.12428915080669038,6.490551763121883e-10,0.0812175235010142,0.097537748999361,-1.1029049154263302e-05
2022-09-20,3.607931701524821e-09,0.041771295473473934,0.10142783773146698,0.05346349622201803,0.05901706563835898,0.08302836387180779,0.11350269241209966,0.003776701133537037,2.4947030369565124e-10,0.11070467106084224,0.1286561700041143,0.12876020212781566,6.546952152016769e-10,0.0809085647639415,0.09499398896888477,-1.1053920457992492e-05
2022-09-21,3.5929601823592998e-09,0.041784670519924745,0.10079893773750156,0.0523374914013262,0.058292465097162564,0.08441248873508717,0.11547782907935147,0.0037222357628169007,2.5149397865814867e-10,0.10848166683085511,0.13134478249873485,0.12906388692643528,6.644403123006465e-10,0.07824692761039218,0.09604764201957483,-1.1028728057328938e-05
2022-09-22,3.5875687675490315e-09,0.042085983497963254,0.10165492429422221,0.052306629144147306,0.05779100512815089,0.08514651795187857,0.11523889946565109,0.0036716859000573737,2.4776117353905696e-10,0.10587083874419402,0.13011044809916789,0.13131721992633627,6.657871150631032e-10,0.07740978861713557,0.09740706552262832,-1.1010792649799314e-05
2022-09-23,3.569719091668676e-09,0.04225047462967316,0.10175900237189817,0.05293228366842585,0.056855499221015925,0.08447572078877492,0.11303880166277007,0.003669562245150242,2.530078302161189e-10,0.10537327314041792,0.1294470867778462,0.13367746236857364,6.804712485505146e-10,0.07753853099806665,0.09899333829056817,-1.1040666379005576e-05
2022-09-26,3.5312221615890092e-09,0.04281457375595817,0.1040613263450993,0.05322045519681544,0.05538836219103839,0.08383138063075184,0.11392267776007906,0.003646124125505141,2.5768473815424976e-10,0.10629649183913306,0.1279238029640283,0.1337094358231647,6.696184189827774e-10,0.0772615064829795,0.09793489009980647,-1.1031672884759073e-05
2022-09-27,3.5940540973709752e-09,0.04402238236218079,0.10313767118060294,0.05239546107843083,0.055595399901205954,0.08275559361108653,0.11476803849746792,0.003709947855866854,2.652034952735763e-10,0.10736208098923698,0.12840452368743752,0.13014458526737022,6.745912004886885e-10,0.07790276089973759,0.0998126526519081,-1.1102516381022577e-05
2022-09-28,3.6181010469124533e-09,0.04442034321344936,0.10286527080606504,0.051710196383864725,0.05559225103354289,0.08219392979093877,0.11686278973786376,0.0037330753390393337,2.666901776621548e-10,0.10717401243294843,0.12335870792251909,0.13529548519783335,6.719149410024818e-10,0.07838826386732141,0.09841691959970081,-1.1249881792982249e-05
2022-09-29,3.651091322317638e-09,0.04448327274318248,0.10194686371608228,0.0514786599336641,0.056728146749046145,0.08212347562788697,0.11658864568084477,0.0036837825741940383,2.592332052635689e-10,0.10692836558027087,0.12403607056813602,0.13783866714186865,6.455957722492148e-10,0.07680540421020086,0.09736988785621208,-1.1246937509546903e-05
2022-09-30,3.5850000997365007e-09,0.04215091975300928,0.0968541261930564,0.05393306061807716,0.054894922996480355,0.09067114360550041,0.10629396156929828,0.00405306591348562,2.687853290654283e-10,0.10450048785000611,0.13585485316557108,0.13121511027553076,6.798042920171582e-10,0.08056335902305306,0.09903234139221416,-1.7356888872205364e-05
2022-10-03,3.6273820571684156e-09,0.0428310817233677,0.09779114141174552,0.054779197622124326,0.05623808764794249,0.09094755102893322,0.10407010873943023,0.00403673502851022,2.704373850082246e-10,0.10466219287511984,0.13316795511729693,0.12766204919032048,6.712827449851018e-10,0.08178929171195648,0.10204195903381189,-1.7355699661362506e-05
2022-10-04,3.6686853750461673e-09,0.043407792368849514,0.09797557635159249,0.05383429725347724,0.056084753805699106,0.09090385195660929,0.10366925121081978,0.004051590893551912,2.7300716290173556e-10,0.10636136475539623,0.1329644534573609,0.12393601117620848,6.676243495541303e-10,0.08210598281356415,0.10472246852636766,-1.7399178813723086e-05
2022-10-05,3.6525504515907e-09,0.043676608467472226,0.09838347053515448,0.05391831182883676,0.05678012256276362,0.09023409106858139,0.10298206150095769,0.004055647230454747,2.707373044602036e-10,0.10733126952810264,0.13159405823504516,0.124568694858478,6.673256460957393e-10,0.08253784912277992,0.10395522309649398,-1.7412625734036186e-05
2022-10-06,3.6587944419253136e-09,0.043935776833891035,0.09908968693298811,0.054186055068274445,0.05824839001563142,0.08953983217566175,0.10341755493232008,0.00398555954688675,2.736362441806121e-10,0.10602081697969656,0.1316840670131688,0.12443594248405106,6.741476873739141e-10,0.08213982173345855,0.10333398665393333,-1.7494976539961974e-05
2022-10-07,3.732458634817793e-09,0.04434913604725238,0.09913337402945824,0.05438492434813018,0.05980417544297232,0.08986115837216843,0.10313719092675414,0.003973245934587798,2.732268514912209e-10,0.1057505384255545,0.1298282907564416,0.12290615001982616,6.688747285853411e-10,0.0835936595571746,0.10329575632787025,-1.7604862750771286e-05
2022-10-10,3.726327019486277e-09,0.044934687395017235,0.10055673380047694,0.05423060862086931,0.059371382665838066,0.08890594430004506,0.10415182484460232,0.003963756176924501,2.718066581141187e-10,0.10447493789910436,0.1282871696716721,0.12364701248792971,6.538709685811517e-10,0.0851665038407789,0.10232704055853067,-1.7606913793866886e-05
2022-10-11,3.6871930876957286e-09,0.043924424023693745,0.09963388769676082,0.05353921764785132,0.05880191181232323,0.08977158503605118,0.1034689690772658,0.0038842306396479754,2.6654978516086807e-10,0.10450671327000156,0.1298292888197128,0.12314257609758286,6.559693342005476e-10,0.08535999673871601,0.10415463773891609,-1.7443208235607125e-05
2022-10-12,3.6071728979674875e-09,0.04407436844079621,0.10036087855928918,0.052545164262537566,0.0579813705271584,0.08850796388025407,0.10212604586772905,0.003845577221571392,2.666750443330717e-10,0.10558306374726024,0.13169759621876903,0.12103416182222351,6.443079928419302e-10,0.08714532121987825,0.10511586511635733,-1.7381401980091973e-05
2022-10-13,3.625598922881754e-09,0.044478188224985435,0.10076791023984052,0.0530943231246272,0.058000859363601234,0.08920943847758794,0.1004938863403112,0.003825320835448811,2.651964677809631e-10,0.10545026869203611,0.13031958795874188,0.12050102982095559,6.301193269216947e-10,0.088429170908274,0.10544746455303888,-1.7453060363531018e-05
2022-10-14,3.5813108839835514e-09,0.04427815706453304,0.10154013583133005,0.052976943903352,0.05774407943674887,0.08948955506801087,0.10137664075223467,0.003763052810550808,2.68480884232879e-10,0.10457965736808914,0.13083446808874089,0.12094338271827666,6.269784324551577e-10,0.08715607312346871,0.10533536801960558,-1.7518661711426044e-05
2022-10-17,3.628181012775296e-09,0.04357160863155953,0.10317028317627414,0.052705642776582066,0.05764641179483591,0.08805828893325099,0.10011456624820227,0.003728635991452152,2.6378345530445843e-10,0.10403438438560624,0.12971878757167088,0.12447867152277335,6.129936530012943e-10,0.08715617993877962,0.10563401059616509,-1.7476072110523536e-05
2022-10-18,3.583161040782447e-09,0.043773952311805454,0.10249405848086239,0.05108436701406691,0.057980128127360864,0.08660829577235273,0.09848683560719587,0.0037569853782129154,2.618747183068861e-10,0.10529791863418647,0.13199093060427108,0.12287737307776908,6.202909559783414e-10,0.08578912988504517,0.10987745270511898,-1.7432063574601382e-05
2022-10-19,3.593469719607679e-09,0.044649380164554546,0.10441474654277437,0.05176030883430124,0.058060028351888573,0.08727250584270284,0.09654828125375801,0.0038054364064759325,2.65790785428023e-10,0.10654408825831621,0.12686459307533446,0.12143312042139542,6.181690905396705e-10,0.08709499865496842,0.11157010164250403,-1.759392640374865e-05
2022-10-20,3.5758169660720986e-09,0.04478901278174102,0.10292196575245433,0.05195453085993673,0.058208121782190196,0.0874170550923784,0.09600868680142849,0.0038919926942301065,2.6691080466039576e-10,0.1046225972664028,0.12698903259843497,0.12260537471007228,6.099753660472964e-10,0.0885615091589969,0.11204764826740697,-1.753221837643085e-05
2022-10-21,3.487888729199239e-09,0.044813132599135365,0.10221883592515679,0.05214760585343897,0.05873418757847473,0.0874277075207018,0.09793577304897502,0.0038731414625832743,2.6876936680391094e-10,0.10568981640355951,0.12650580008012222,0.12394183016892041,6.022997953093496e-10,0.08769116034370478,0.10903848930477479,-1.7484648505568897e-05
2022-10-24,3.4910451212081143e-09,0.04490022381916339,0.10338401638745598,0.05255308269076666,0.0584573224348094,0.0860012314505685,0.09838931300046645,0.003929473434006364,2.714704103542804e-10,0.107348156145256,0.1259344421455175,0.12283597803572223,5.939012958363942e-10,0.08751387717566105,0.10877033611021893,-1.7457186029354524e-05
2022-10-25,3.4919254383512486e-09,0.04476663232865382,0.10306551277721658,0.05200090640520529,0.05903219325061634,0.08595167688944368,0.09800779680569602,0.0038820338613426934,2.6571244192273524e-10,0.10936880495696055,0.1268856415298769,0.11930629053783968,6.010334247275718e-10,0.08886592362784063,0.10888400677370286,-1.742410306633657e-05
2022-10-26,3.5655548058156325e-09,0.045130759921254135,0.10209343714422488,0.05253121861030705,0.059563779290219054,0.0858021810298525,0.09936582172033938,0.0038134255592674722,2.7127094102182395e-10,0.10854264646982253,0.12563433595062828,0.11981701989512868,6.093770629389695e-10,0.08969003567060657,0.10803285769991162,-1.7523407765129477e-05
2022-10-27,3.520786760089463e-09,0.044265923829927105,0.1010559070115832,0.052768048773776464,0.05910211168371878,0.08608201365488659,0.10054286259519653,0.003752858010052822,2.6846732034700553e-10,0.11135127669356311,0.12760403866257466,0.11556402052580533,6.089291157916904e-10,0.08902307778793883,0.108905239440309,-1.7383067515643886e-05
2022-10-28,3.4915432366768996e-09,0.04383493516750093,0.10019587465327014,0.05235937957810656,0.05961788986323521,0.08468227002490214,0.09958778162727978,0.003653788929262214,2.721941030193715e-10,0.11343126845281737,0.12680214853104338,0.1148722965597594,6.131942019217719e-10,0.09133066744304726,0.10964905221896777,-1.7357426123578856e-05
2022-10-31,3.5850356066887674e-09,0.04215133722878447,0.09685508546634505,0.05393359478782769,0.054895466692814046,0.09067204164061293,0.10629501433764264,0.004053106056306797,2.687879911986455e-10,0.10450152285523084,0.1358561987141491,0.131216409870657,6.798110250095921e-10,0.08056415694753387,0.09903332223922134,-2.726137076018009e-05
2022-11-01,3.589271345702552e-09,0.04230988799340154,0.09696047128482843,0.05219278872365468,0.056055345194467476,0.09139206584944823,0.10694581868711389,0.004056414669272889,2.699037957328232e-10,0.10371419882288092,0.1374564183444727,0.128555705913821,6.83281035475975e-10,0.08153981355153606,0.09884836311606653,-2.7296693420335153e-05
2022-11-02,3.6193115593305916e-09,0.042089634453836476,0.096420138919786,0.05259273751792932,0.05679777688972599,0.08964067268618416,0.10823975822899674,0.004045515741951067,2.704976869410787e-10,0.10207700046366935,0.13625704304212902,0.13132475079031575,6.872234840035585e-10,0.08139394394197841,0.0991484463543987,-2.7423607933813375e-05
2022-11-03,3.619916052995456e-09,0.04209102163589173,0.09592027534121925,0.05302046876653558,0.05721887964093968,0.0897288185669527,0.10785754934328523,0.004065892215749644,2.7061571549025426e-10,0.10332344580548973,0.1376675732370398,0.12853729348795434,6.713732074933209e-10,0.08002755963726739,0.10056851435028641,-2.7296590516356084e-05
2022-11-04,3.5549792870322935e-09,0.042129686351359975,0.0960033107980703,0.05356594028513226,0.05717331396489348,0.08792346173521265,0.10615005702400751,0.003986227704484037,2.676853627721584e-10,0.10273773426082987,0.13469026636563544,0.13135883458317751,6.53961816409393e-10,0.08176607255389567,0.10254229665944765,-2.7206762772741244e-05
2022-11-07,3.5717661345353398e-09,0.041678872541219825,0.09600401354005995,0.052588528757203754,0.05759657855944212,0.08752458782585197,0.10518760284830948,0.003903266806105625,2.569378524857497e-10,0.10073053679114033,0.13664386628608105,0.13001994293264668,6.498067408129294e-10,0.08246383974561765,0.10568545871803914,-2.709983022828337e-05
2022-11-08,3.6069439117903553e-09,0.04116107086501384,0.09374814858152744,0.0538741242775457,0.05903446621916867,0.08751718071405383,0.10312933505534405,0.00394688903000029,2.559079064190304e-10,0.10031448835306371,0.13829652817342677,0.1304491609975829,6.348308067857593e-10,0.08179015530929411,0.10676547096527135,-2.7023038975024466e-05
2022-11-09,3.647266768765069e-09,0.041532578153576735,0.09529753221969363,0.05399469771833554,0.059543712969558786,0.08427185251462811,0.10316980874283511,0.0040156499250863205,2.5609319883877044e-10,0.10024457526829642,0.13686378907374114,0.13353766496472483,6.452128827746634e-10,0.08357587509625354,0.10397944745768094,-2.7188652983871308e-05
2022-11-10,3.6464217083742405e-09,0.041469261591410046,0.09513644400850256,0.05368667150550273,0.05937640823979608,0.08531138442517999,0.10065320516151326,0.004122879300821431,2.5832255263592913e-10,0.10033314998287828,0.1390912641066496,0.1304761997706727,6.387281573756112e-10,0.08352958675902103,0.10684075882342173,-2.7218218841797693e-05
2022-11-11,3.614940531168742e-09,0.04131783462285849,0.0937612490755853,0.05354846244470944,0.06009605865333812,0.08570398867030879,0.09973530203043003,0.0041290338466626235,2.5845956902962403e-10,0.10031842102666573,0.14047439267863043,0.1318581071140403,6.32294126170206e-10,0.08384420606454457,0.10523992900128024,-2.6989734748238026e-05
2022-11-14,3.5858134785708505e-09,0.04123386089578873,0.09375201459138587,0.05256746343519561,0.0607714972218734,0.08273060811993672,0.10347566304289217,0.004220552082121007,2.5768892902697236e-10,0.10042581491678039,0.1412979210558079,0.13067600225920836,6.350704937300778e-10,0.08371107617624678,0.10516452415498273,-2.7002430792519475e-05
2022-11-15,3.5743046461913017e-09,0.0404868083700065,0.09333632778129598,0.0524115994554069,0.06057427829750076,0.08210780843234564,0.10456576660060503,0.004179591825915986,2.5734578717680006e-10,0.1019697672918101,0.14046247927633976,0.13054467260099634,6.310950975269495e-10,0.08520823437749218,0.1041795255996774,-2.686437213816945e-05
2022-11-16,3.6519692591661244e-09,0.04082930752842606,0.09335304390864473,0.05332579901234281,0.06092973243732549,0.08355812123658364,0.10168762473208136,0.00422040180440244,2.580741684825465e-10,0.10126495199197678,0.1405650954326495,0.1305490879586227,6.367640918819403e-10,0.0839056262239225,0.10583831710504263,-2.7113918828005146e-05
2022-11-17,3.6633885802053935e-09,0.04055120850014576,0.09326444057235685,0.05347852152749212,0.06125453444462129,0.08474722781384122,0.100044428768765,0.004137925838760663,2.586129873479191e-10,0.10141519169076069,0.1409960943506291,0.1334496093835509,6.309561051834737e-10,0.08377128285090753,0.10291637650050539,-2.684679529405886e-05
2022-11-18,3.7235391037753163e-09,0.040265523259362127,0.09261734003489569,0.053074344341961024,0.06055802565710081,0.08365771681871356,0.09898877764480074,0.004043726209135676,2.5471592645184287e-10,0.10412422770654284,0.14219080297939224,0.135076878044705,6.418322134198437e-10,0.0862829246992749,0.09914645069592308,-2.6742711894905343e-05
2022-11-21,3.7068288144904145e-09,0.04022725528644996,0.09281776232384958,0.05327750302601368,0.06067071799243683,0.08451018106376981,0.09976743648980184,0.00403199049627669,2.4832585542035623e-10,0.10328613329821822,0.1419833860627485,0.1355267845331395,6.338701167603841e-10,0.08616034248021896,0.09776743267759719,-2.6930319545475497e-05
2022-11-22,3.691812599388612e-09,0.039677420735016025,0.09170873582077446,0.05233179083197181,0.06039091466509508,0.08334381035329912,0.10071590198062651,0.004044355998658253,2.47413584806681e-10,0.10174166751460822,0.14248910586930869,0.13675518486488505,6.338508777910361e-10,0.08845537997169887,0.09837257463879591,-2.6847817815120897e-05
2022-11-23,3.710924248488929e-09,0.03959611483787216,0.09206656532053793,0.05168030704896117,0.05985581404405813,0.08344219005317631,0.10085145485891533,0.004060297287057143,2.506500779228727e-10,0.09917665536453092,0.13980036662938758,0.13685714470186405,6.238669809482677e-10,0.09360998204254734,0.09902985378903678,-2.6750563385968313e-05
2022-11-24,3.7038597273273438e-09,0.03934476743701053,0.09148782124642618,0.05164235910118869,0.05987420545453523,0.08286880319437168,0.1003797817914862,0.004133630560135522,2.55560773967256e-10,0.09947391970270972,0.1366439176935284,0.13798222130431215,6.403452024716945e-10,0.09586891411678597,0.10032636790804837,-2.6714110304248037e-05
2022-11-25,3.748386720990229e-09,0.03931213075386692,0.09198471394240172,0.0511718346468824,0.06000957007932835,0.08417535926579678,0.09945916026024011,0.004078282722000443,2.556308624061752e-10,0.09901079915826319,0.13792618626536265,0.1367787477698665,6.589471366811986e-10,0.09352068613466614,0.10259919582621424,-2.6671487853957304e-05
2022-11-28,3.738866369309612e-09,0.038780773196898835,0.09266147609132404,0.0512675681514164,0.05948703243307184,0.08276148457914485,0.09993431951880147,0.004155007404887744,2.5912604052267713e-10,0.09959105065285544,0.1396911392324414,0.1374040856930531,6.456752268173772e-10,0.09156420502096524,0.10272864544190914,-2.6792060436916184e-05
2022-11-29,3.742378997605566e-09,0.03921217991874462,0.09365428720489849,0.05175487337745216,0.059437168770328355,0.08150828934449081,0.10075442331540646,0.004197057035198606,2.506115834227084e-10,0.09856879361272419,0.13850735352476964,0.13806018208854626,6.383612243245154e-10,0.0917595810632702,0.10261265877940012,-2.6852666581733932e-05
2022-11-30,3.585003615645505e-09,0.04215096109158507,0.09685422118058357,0.05393311351172518,0.05489497683345349,0.09067123252920513,0.10629406581473373,0.0040530698884397465,2.687855926706535e-10,0.10450059033653218,0.13585498640219262,0.13121523896182777,6.798049587200773e-10,0.08056343803377315,0.09903243851597736,-1.8337633623013908e-05
2022-12-01,3.5919058212788116e-09,0.04247624947757085,0.09709966618645485,0.054182865603309434,0.05590837808596892,0.0916291863356887,0.10804908144784374,0.004073048211793656,2.6963270934118265e-10,0.10348191558146547,0.13616555766549662,0.12490085783181451,6.784083511797198e-10,0.08112005614032494,0.1009316143194618,-1.8481427140330123e-05
2022-12-02,3.612535990427335e-09,0.04298085940657203,0.0956072211813656,0.05460176156983593,0.05522896720088368,0.09097175943746535,0.10868952417612708,0.004181956599665197,2.734312986732147e-10,0.1043972469204381,0.1372916021805147,0.1244609879377562,6.77745129294071e-10,0.08246061568588986,0.09914612431885561,-1.863117908174492e-05
2022-12-05,3.6116385923395756e-09,0.0425639466343891,0.09590354240142757,0.05488717369134938,0.053798005539519834,0.08978085991336207,0.10682782966786238,0.004051647848403095,2.677350170387496e-10,0.10774881495067287,0.13787879074961504,0.1277776190580299,6.838321886570623e-10,0.08090295395675168,0.09789733012390162,-1.8519098490369475e-05
2022-12-06,3.6241051893759548e-09,0.04266404819802129,0.09511142609057005,0.053828036318243955,0.05583524926276143,0.08944326712927138,0.10615342977805672,0.004050452515756369,2.662717544180333e-10,0.10775524456890949,0.14049654463633968,0.12728167275496755,6.687104992079477e-10,0.080525383793272,0.09687371701746378,-1.8476622721251992e-05
2022-12-07,3.6919580602194495e-09,0.043395524770579987,0.09572249078285341,0.0533188632974074,0.055296274467900614,0.08993861493620753,0.10720799415464669,0.00405071114784228,2.658092849646635e-10,0.10734672219353443,0.1412137522027038,0.12284052451975376,6.594284602446895e-10,0.08004923952292899,0.09963785241774387,-1.8569031298450368e-05
2022-12-08,3.6339760581071938e-09,0.04312479272113156,0.09518679318088683,0.053680072694740996,0.05569692967364938,0.08915889026074744,0.1056775537966265,0.003980985923558779,2.62778071110208e-10,0.10578936251702295,0.141368528188067,0.12275009113968009,6.611151108298111e-10,0.0812535837913599,0.10235082691723335,-1.8415362573885763e-05
2022-12-09,3.6146034205067166e-09,0.04332245858995174,0.09421428203449723,0.05406061209751349,0.05605457746284831,0.08973707061915827,0.10514168438922504,0.003918430324237719,2.5572408036527107e-10,0.10506311783667176,0.14397630286635302,0.12135264722347187,6.660881548015573e-10,0.08199636530800991,0.10118073872577321,-1.8292014127259936e-05
2022-12-12,3.6841191442810697e-09,0.04233045785110412,0.09359993022758403,0.05385647278268862,0.055875385898999604,0.09074172272006312,0.10627978286637386,0.003967539918691046,2.5977717099081494e-10,0.1042356751394378,0.14212430525878245,0.12302212612288974,6.633727786618042e-10,0.0802152303139474,0.10376977744044699,-1.841114827775468e-05
2022-12-13,3.7057242265377288e-09,0.04268838986132622,0.09311699850968,0.053856080438141614,0.056401235738570366,0.08935845440124511,0.10711195643789581,0.003955046331223435,2.614583116005886e-10,0.10380833923343037,0.14410021290227268,0.12263249028018783,6.416599706624649e-10,0.08177205208860978,0.10121701375666857,-1.8274588094291925e-05
2022-12-14,3.734215085597583e-09,0.042475693854865305,0.09391785373957556,0.05433797887246501,0.05646977006982114,0.08958483342441041,0.10729926429313155,0.0038272030997016817,2.6090250762459294e-10,0.1016182074528091,0.1439477875493944,0.11981279602196104,6.259605110347344e-10,0.08384802402968274,0.10287877900382537,-1.8196032721416342e-05
2022-12-15,3.734427779296853e-09,0.04256042670478909,0.09368078758920857,0.05470308504766474,0.05601784343391715,0.09074764672305552,0.10696128735042816,0.003805557690970998,2.610708437568537e-10,0.10072146950485876,0.1447687397058813,0.11877541410910686,6.313795603752703e-10,0.08574482650838566,0.10153110517622099,-1.8194171365824944e-05
2022-12-16,3.727888736395134e-09,0.04273822013448531,0.09319693809340561,0.05497061905087323,0.05637287601538315,0.09197320452926645,0.10604972384340265,0.0037535249934467687,2.598032648801554e-10,0.09918291483301109,0.14605756179657187,0.11642423364490206,6.570975924995073e-10,0.0877554815650029,0.10154287799346072,-1.8181138001298703e-05
2022-12-19,3.790285557454744e-09,0.04238752458773833,0.0965526256319665,0.05506580361027421,0.056773812412736005,0.09055863759224222,0.10766846383352753,0.0037267371398015284,2.624596212420494e-10,0.09920395778081839,0.14476604206048418,0.11585418264726982,6.65516237372292e-10,0.08646541063268637,0.10099512891854569,-1.8331566352363303e-05
2022-12-20,3.789560422917346e-09,0.0432261326802508,0.09643313901187128,0.05414137498610308,0.05616434023100065,0.09002669554840428,0.1064912323318835,0.003750941857005457,2.6167640820866e-10,0.09998132774918148,0.14314532065777308,0.11772062888854629,6.59538875812413e-10,0.0844220279915489,0.1045150436714457,-1.821031579014293e-05
2022-12-21,3.7015299926842146e-09,0.042642683816063474,0.0952020620248446,0.0553644161099005,0.057053537295391435,0.09120463659928059,0.1053879639481745,0.003856999316110463,2.61563010706806e-10,0.10090464151066401,0.14272738754055217,0.11694209824468892,6.528470001297108e-10,0.08361799940741121,0.10511366532657894,-1.8095755600879614e-05
2022-12-22,3.694289933292668e-09,0.04239983885930785,0.09623596786187591,0.0531957242937713,0.057102965427688515,0.09155917218635097,0.10645856530708243,0.0038333819588924544,2.610109234631329e-10,0.10192045710188638,0.14542420713478496,0.11575644087573149,6.525798087451848e-10,0.0857400495223081,0.10039121921785468,-1.7994355415637402e-05
2022-12-23,3.68169043298562e-09,0.0431647604027369,0.09768126777469324,0.053686503429343585,0.056975990043881826,0.09082022778870116,0.10595768829217043,0.003930492254713766,2.5944411688427656e-10,0.10242633712629862,0.14413984485722678,0.1178057249910382,6.486566638825731e-10,0.08588704585850321,0.09754215966221015,-1.804707130912928e-05
2022-12-26,3.6413500856117136e-09,0.043357173524693884,0.09670819940180861,0.05522679311392806,0.055797492218126875,0.09029252583644364,0.10646080990549131,0.003927951785595072,2.563608269039789e-10,0.10136880190671056,0.14248541987774851,0.11778289425536644,6.740114049152599e-10,0.08641502412853888,0.10019503147546559,-1.8122001639701843e-05
2022-12-27,3.6809782215102624e-09,0.044113135574977196,0.09435888299182825,0.05537236880867524,0.05703349716097404,0.0901870620330574,0.10967230535442886,0.004035653600849839,2.5617766767745003e-10,0.10121311501774619,0.14103694014298518,0.11727550397095116,6.63665071712616e-10,0.08765033233159973,0.09806942669225069,-1.8228281144732192e-05
2022-12-28,3.6799331839656203e-09,0.04413052515854342,0.09212010573702104,0.056025988563193775,0.05705405853640304,0.09052455441955523,0.10792165457627556,0.004047804043743036,2.589685453866103e-10,0.10048221890360574,0.14478242819849282,0.11670029890822166,6.731423863598561e-10,0.08762573773505325,0.09860273677145019,-1.8116163602719622e-05
2022-12-29,3.6202606588921555e-09,0.04427834045221646,0.0913547405959712,0.055462736025557305,0.05824396505860827,0.09025017447554022,0.10643257208661279,0.004026262721823093,2.539176008213315e-10,0.1026995433398086,0.14313022819343588,0.11772773233291445,6.890886682942475e-10,0.08682190804424116,0.09958989683675637,-1.8104726752464183e-05
2022-12-30,3.584992876134739e-09,0.042150834820945206,0.09685393103667783,0.05393295194556925,0.054894812385866285,0.09067096090753264,0.10629374739210809,0.0040530577467538876,2.687847874759938e-10,0.10450027728657874,0.13585457942461449,0.1312148458834316,6.798029222443981e-10,0.08056319669178222,0.09903214184683734,-1.5341902277969242e-05
2023-01-02,3.5979090184170172e-09,0.04224025229802662,0.09348641726580592,0.054007300632745746,0.05368207015181044,0.09123966949564763,0.10819522930812593,0.003992109194493763,2.6722856283451647e-10,0.10333343080254953,0.1383149148009253,0.13118501794978432,6.991499349470114e-10,0.08102658689108215,0.09931230270780762,-1.5306063092435473e-05
2023-01-03,3.6073047179497572e-09,0.042674913822917,0.0919181063776308,0.05417104782081145,0.05374793225293642,0.09228225013472982,0.1081517303674752,0.003941871981439066,2.678438029301558e-10,0.10182291630383081,0.13430493369907434,0.1330962343457492,7.078795695575209e-10,0.0819066900687667,0.10199670135109347,-1.5333109482492164e-05
2023-01-04,3.5895946854539773e-09,0.0421160632140991,0.09198075000448921,0.05403427297590081,0.05327765816809942,0.09232826343490572,0.10742565497174954,0.0038454018837052735,2.6651806202647795e-10,0.10019129253383374,0.13503319853682336,0.13184664979478275,7.229240094658454e-10,0.08444687183025218,0.10348926932481524,-1.535125249298983e-05
2023-01-05,3.5472288872440933e-09,0.04288262030026607,0.09382144817555252,0.054206877699453,0.05429643010449015,0.09195353897047215,0.10504119424452689,0.003815741566733971,2.7421168128120564e-10,0.09818140551030273,0.13546116553313542,0.13234545455039073,7.18736733440867e-10,0.08403799610438265,0.1039715153083368,-1.539260822039652e-05
2023-01-06,3.513198077159311e-09,0.04208459367560212,0.09363966780193103,0.05464266292353612,0.05463980022403576,0.09062006055514521,0.10284055526795151,0.0037847655873326047,2.794476993645787e-10,0.09876314734020597,0.13645387348824467,0.13379491253450992,7.211685759147696e-10,0.08389086156177468,0.10486041781911007,-1.5323293193930653e-05
2023-01-09,3.5093041722229305e-09,0.04165218736383808,0.09476027162841416,0.05564887960705859,0.05412336486953957,0.09196084395223703,0.10561922650461883,0.0038008115919086274,2.772419652056078e-10,0.09937998056573324,0.13582681343026867,0.13298394934697044,7.298550305315282e-10,0.08180230612273638,0.10245674314407036,-1.5382643795025773e-05
2023-01-10,3.5114844558212246e-09,0.0416622424310154,0.09515888990337092,0.05687568025371376,0.0542219992123076,0.09271983359490045,0.10429237927991161,0.003844614168583661,2.7525905401527557e-10,0.09955917214240215,0.13568540004619248,0.13540223868778012,7.136418283768194e-10,0.078463905786503,0.10212902633626425,-1.5386343330728053e-05
2023-01-11,3.530261564442429e-09,0.04176589860567731,0.09651869158594546,0.057218301477705104,0.05390617683303558,0.09005104605971247,0.10407142879765427,0.0039049589596125162,2.739703828236938e-10,0.09971968036881529,0.13677507668745797,0.13324734142864125,7.223496550768086e-10,0.08090734053000424,0.10192945153606912,-1.5397396912032025e-05
2023-01-12,3.510323177492877e-09,0.04195065940643125,0.09468402658810757,0.057735708712793946,0.05448341091653819,0.09246512989953196,0.10434328942821976,0.003948265461977304,2.7190174464934214e-10,0.09969666194123476,0.1341122771411594,0.13352493910826105,7.223719110305407e-10,0.08179101459870179,0.10128008472733123,-1.5472434884890164e-05
2023-01-13,3.5058364637413006e-09,0.041723993799204946,0.0941557744445769,0.057674562008465775,0.05440388745321627,0.09318788888913979,0.1039760983408358,0.003921362437668118,2.70673747248238e-10,0.09841272788208176,0.1330933019879832,0.13785678739574508,7.095828071655387e-10,0.08123787768574456,0.10037117062748578,-1.543743824107291e-05
2023-01-16,3.483225481918377e-09,0.04141378279638324,0.09405548492946854,0.05631476802986237,0.054868214656049685,0.09356940929368993,0.10182801262002246,0.0037803946714967058,2.6570857618502325e-10,0.09766274120122855,0.13812081164932818,0.13858927045432654,6.844859031018794e-10,0.07991608416897611,0.09989639181921676,-1.537072346917395e-05
2023-01-17,3.4933330207679712e-09,0.04088441795741426,0.09397106665056056,0.055884093438140395,0.054166113843952306,0.09394141730770567,0.10296070977805133,0.003828128632313894,2.6816962928343424e-10,0.09698260265153309,0.1398287647730607,0.13942527450629702,6.866730930640858e-10,0.07909471366818667,0.0990480677636151,-1.5375419006632496e-05
2023-01-18,3.4711915585099985e-09,0.04160069958677618,0.09361910303050197,0.05510680470177834,0.053247551341484387,0.09270596029181385,0.10525835709111993,0.0037804593473070264,2.699294175562306e-10,0.09576337406049801,0.13947224107000109,0.14033726812729924,6.752351408254589e-10,0.07765011042968267,0.1014733307861961,-1.5264280814841173e-05
2023-01-19,3.5283007974820955e-09,0.04223191611095983,0.0950891252139156,0.05579452767067824,0.05494515616609332,0.093428548397567,0.10684796456512224,0.0037297187568492993,2.6857416335769605e-10,0.09466902032010945,0.14339840436779314,0.13528963075738135,6.754503752984524e-10,0.07396367087674452,0.10062768169958378,-1.536937512308757e-05
2023-01-20,3.5265449157541974e-09,0.043003249791604595,0.09589898074333829,0.05549590743828043,0.055894339667497434,0.09385193067284738,0.107365066305678,0.0036821468197942506,2.657887432116068e-10,0.09386970142618167,0.14414406174309638,0.13607325230969589,6.968654124747167e-10,0.07481975970292759,0.09591702913615528,-1.5430246296308533e-05
2023-01-23,3.547898057169655e-09,0.04252436055444356,0.09524256686525265,0.055179584914270434,0.05564799773224169,0.09253923316804953,0.10806202908341826,0.0036221293828982448,2.682090821168349e-10,0.09749902710129348,0.1415845271471564,0.13594546742188113,6.686246688649053e-10,0.07470245137358716,0.09746610295231777,-1.5482181542165312e-05
2023-01-24,3.5824025925998838e-09,0.04268218283301973,0.0964410487544067,0.056960500384827535,0.056976312019051865,0.09219877126026511,0.10627113573865134,0.0036124377490825074,2.6526565366040564e-10,0.09849144820929842,0.13931869469981112,0.13621438426242097,6.806492635401393e-10,0.0748090579297943,0.09603954559313495,-1.5523962082024558e-05
2023-01-25,3.6180531946030916e-09,0.04182410876541233,0.09599615776364323,0.056873521069733646,0.05692911723337212,0.09232033802366246,0.1070431379046864,0.003607244504425933,2.635769783153134e-10,0.09778244763398872,0.13782186585056583,0.1379099326432592,6.723962072423301e-10,0.07590454775951859,0.09600307956679725,-1.5503273092208383e-05
2023-01-26,3.599875652974487e-09,0.04208287677747578,0.09523808148087029,0.057288987731064236,0.057076948198904125,0.09161839150205747,0.10781423259965817,0.003635536209283394,2.681392088023658e-10,0.09926369262631786,0.13894355385668364,0.13531596705666227,7.014408126880569e-10,0.07398395838399074,0.09775326765214679,-1.5498644570564593e-05
2023-01-27,3.6068161169332864e-09,0.04149502998549267,0.09491233020034152,0.05711973224852212,0.057864590013229605,0.09059937952013605,0.10722171223720939,0.0035083900724887027,2.745174661415367e-10,0.09743109675721569,0.13941986862945394,0.13483778834177743,6.989758416101462e-10,0.07494232728370694,0.10066321257440307,-1.5462444286562556e-05
2023-01-30,3.6089677114709336e-09,0.041697196965377284,0.0950856493237945,0.05768874404063411,0.05744363551045119,0.09169831854093487,0.10865369313668786,0.0035565816636151533,2.714066919063757e-10,0.09702884193304448,0.13975155783471482,0.13152763729772834,7.174968076826287e-10,0.07482011952272916,0.10106345156639042,-1.5431933973242284e-05
2023-01-31,3.5849827633744987e-09,0.04215071591937379,0.09685365782537259,0.053932799808304,0.05489465753532814,0.09067070513751575,0.10629344755240978,0.004053046313648537,2.6878402927194544e-10,0.1044999825060071,0.13585419619797032,0.1312144757448226,6.79801004616051e-10,0.08056296943434531,0.09903186249110603,-1.2520999771859849e-05
2023-02-01,3.5801214331359267e-09,0.041909989884441744,0.09677127271288181,0.05466512427346364,0.055073212234176834,0.09162831294875308,0.10584813685720121,0.003984929015922881,2.671019936616032e-10,0.10264036869835849,0.13853698713634893,0.13225628070793233,6.823773928400734e-10,0.08194292433126545,0.09475490471691939,-1.2448047266533422e-05
2023-02-02,3.6032792296839513e-09,0.04139269660691127,0.09685695783112365,0.05452371496788457,0.05557248501571469,0.09199274110035721,0.10788545407594186,0.00395531516685232,2.702193029852632e-10,0.10301833833559783,0.13502961651373033,0.13036606778100365,6.814326556589976e-10,0.08370960137696198,0.09570946354052524,-1.245686753597696e-05
2023-02-03,3.554412220136212e-09,0.041229245859429046,0.09871915801694059,0.05445812558143522,0.055216098880616134,0.09234870777321726,0.10873619719090223,0.003920467739878568,2.7159949763947253e-10,0.1022562655819427,0.13629108191589456,0.13044506150054094,6.856665403651029e-10,0.08237111883079362,0.09402088912493466,-1.2422508203857095e-05
2023-02-06,3.5715638747861035e-09,0.041029585732960304,0.09862546091034172,0.054050430002696895,0.055597878118122564,0.09126909890851287,0.10811381146165609,0.003948773105212252,2.752655102086509e-10,0.1010381473268748,0.14008271674788933,0.13064109890125342,6.706124593639712e-10,0.0826176573577243,0.09299770639714068,-1.2369487827286734e-05
2023-02-07,3.5917586878701627e-09,0.04107640703984263,0.09886286901100344,0.05357255572381112,0.056359852939649964,0.09006829158705328,0.10667918820100025,0.003976255721430359,2.823140688171654e-10,0.1006665100206553,0.14193195798506958,0.13325324013737375,6.814787168904614e-10,0.08230679455948338,0.09125845868690295,-1.2386168827515568e-05
2023-02-08,3.503103493309481e-09,0.04080813274507034,0.09973455335166874,0.052679491265780816,0.0566233620946094,0.08863596884097223,0.106432341467744,0.004001223228312748,2.78520954892832e-10,0.10056387653723559,0.14046676570125055,0.13435266743046212,6.818480493840471e-10,0.08209964836253808,0.09361429981158823,-1.2335300705567363e-05
2023-02-09,3.5488851243929895e-09,0.04079846183086147,0.10032231744365976,0.05299443940017335,0.0570687548313362,0.0921369735910628,0.10770736490724712,0.003912890169463197,2.7821041678634244e-10,0.09823401276933628,0.14070240420249824,0.13076953344981626,6.761999389093165e-10,0.08039573970067246,0.09496951954225016,-1.2416341672803849e-05
2023-02-10,3.5240869237847602e-09,0.04063855759956938,0.09951398917420737,0.05178662814713286,0.05702959110021961,0.09376052178959547,0.10756307133370435,0.003862847484551432,2.7047063493791894e-10,0.09619718342056133,0.14078324292918132,0.13224642721138416,6.747730800684632e-10,0.08102643976071859,0.09560382265237646,-1.2327072532927255e-05
2023-02-13,3.512280404364729e-09,0.04004198927438868,0.09889919175946556,0.05087176561607393,0.05658621937476151,0.09340905534808483,0.10912761108633881,0.0037612166700706747,2.702592504096013e-10,0.09763624327562145,0.14139909759019542,0.1330598003647866,6.764384329937728e-10,0.08230117050519774,0.09291885951267981,-1.2224836643087433e-05
2023-02-14,3.4694564471268653e-09,0.040077093339673124,0.09668525424245622,0.051641353607375304,0.057484063440050394,0.09298807455206932,0.10869919496496444,0.0037615359317683494,2.7077609261973526e-10,0.09794315035890905,0.1428477461051092,0.13283487978920736,6.884899762309182e-10,0.08307592651784054,0.09197395628623603,-1.2233564382071915e-05
2023-02-15,3.4948796730303164e-09,0.039320920926684336,0.09609034128181042,0.05194599862871477,0.05668826967347066,0.09288295757657893,0.10894314279514951,0.003697014538993217,2.69133998180088e-10,0.0972201165461623,0.14087265394297396,0.13731370967152692,6.759594652654369e-10,0.08418589168846191,0.09085114558584706,-1.2167296347271843e-05
2023-02-16,3.4468269565265357e-09,0.039224402991989094,0.09642858729449526,0.05231416182562538,0.057567065371370525,0.09606421132844623,0.1089451693349773,0.003650115246865566,2.700505557165236e-10,0.09650234651855234,0.142521707447146,0.13387874187703605,7.017979121442277e-10,0.08522889095551923,0.0876867174529758,-1.2122063674056093e-05
2023-02-17,3.44754533668213e-09,0.03982452603990522,0.09833782949284071,0.05191358317523278,0.058475960410364854,0.09433074216783834,0.10958909081988796,0.003734145799402314,2.6976351934843156e-10,0.0949254429550489,0.14389321835046817,0.13347639235092593,7.147237062777454e-10,0.08446880352612313,0.08704246441124028,-1.2203931311061395e-05
2023-02-20,3.3702622090015144e-09,0.03975897224850226,0.0978398900778579,0.05103673843021671,0.0584215949823043,0.09526237625204059,0.10891855171654444,0.003736372515464683,2.7000118460561554e-10,0.09285959058435861,0.14822265557216588,0.13200890688984038,7.20743619543711e-10,0.08539338644631846,0.0865531200869013,-1.2160163522447789e-05
2023-02-21,3.3919299140859994e-09,0.03988663246104232,0.09641462334982989,0.05088175519176623,0.05803370731211031,0.09477750249711625,0.10709434524387727,0.003799385223917439,2.766752240001921e-10,0.09435810082337959,0.15141936957027935,0.13137348004226362,7.134367990843663e-10,0.08427181403337422,0.08770144604047468,-1.2166171473168831e-05
2023-02-22,3.3772138908263922e-09,0.03959872243067948,0.09713576387609109,0.05079169328170628,0.05707743003870107,0.09335559140751858,0.10739890259593776,0.003831277444775464,2.7719884132021266e-10,0.09653152038393514,0.15446590216289893,0.13153534524595323,6.986333341902567e-10,0.08175909137949097,0.0865308404604565,-1.2085061190530397e-05
2023-02-23,3.3926680268522954e-09,0.040230290191557286,0.0973329921325087,0.05134716778010126,0.056770303808307124,0.09387689286995417,0.10833668946949675,0.0037151676385002706,2.7486538368456876e-10,0.0977319077191694,0.15480491054890086,0.12859615098955274,6.673965387329688e-10,0.08103945113605521,0.0862301235742605,-1.2052193294158131e-05
2023-02-24,3.37695046475878e-09,0.04044074776910694,0.09823759535514959,0.05194059733944899,0.05535897041918857,0.09265437226401516,0.10831428430524079,0.0037600722513031473,2.779622722417019e-10,0.09884177462074377,0.15446445621980695,0.12840507161505368,6.615662481705006e-10,0.082511746910202,0.08508240159305448,-1.2094978793066732e-05
2023-02-27,3.4083481951709485e-09,0.04057792220768633,0.09831882481357075,0.051618522655595925,0.054522211263509916,0.0920136472807885,0.107985867433905,0.00363915730126285,2.7755936997260063e-10,0.10041107824687305,0.1561231891117453,0.12753033000401082,6.631686211488209e-10,0.08180875211773,0.08546260099490569,-1.2107780660344128e-05
2023-02-28,3.5850024236830928e-09,0.04215094707699355,0.09685418897794071,0.05393309557973656,0.05489495858165907,0.09067120238231752,0.10629403047347759,0.004053068540851995,2.687855033032894e-10,0.10450055559158096,0.13585494123235328,0.1312151953346381,6.798047326946543e-10,0.08056341124758262,0.09903240558910839,-1.8005141832948453e-05
2023-03-01,3.5873007749250285e-09,0.042228479588871014,0.09495608969642025,0.054222416856627896,0.05541962574666823,0.09059944506210794,0.10972474125075592,0.00401488010653214,2.674210632763299e-10,0.103892460241627,0.1357336639155113,0.13053598127549615,6.632951302668644e-10,0.07979546212323148,0.0988947522295428,-1.8002611408910007e-05
2023-03-02,3.6175294465631806e-09,0.04303528946624233,0.09602781420531795,0.053575776061897805,0.05478476095811024,0.09014294455136485,0.11203277302828135,0.003993670983565781,2.613871565372212e-10,0.10278669681048441,0.13700428461915037,0.1316807755212803,6.591122049434165e-10,0.08056438324221926,0.09438876847338717,-1.7942459330598722e-05
2023-03-03,3.616756980690347e-09,0.043359626599380925,0.09505618402011108,0.053002993256514176,0.05348506342194029,0.09188345960296965,0.11083054143415523,0.004003322037880546,2.634751241620409e-10,0.10509954887181178,0.13653851776857617,0.13036775185476965,6.605485592304278e-10,0.0823804905053133,0.09401041357999501,-1.7917494198434286e-05
2023-03-06,3.577469325443116e-09,0.042605303238680205,0.09363379735253387,0.05343358196406492,0.05318380180360649,0.09101131694488988,0.10957443011726914,0.004001490003582469,2.6211018165724743e-10,0.10448626707801098,0.13930155771860528,0.13354231069918668,6.409208546669666e-10,0.08274845911685758,0.09249556012781984,-1.7880645607397724e-05
2023-03-07,3.5633170609568137e-09,0.042670886663241855,0.09327322754505717,0.05349288916134036,0.053537991670680206,0.09122044001366438,0.10846111819467912,0.003960201464484421,2.5615321322577383e-10,0.1029616407889577,0.14353540641984347,0.13158687760032023,6.267060022568666e-10,0.08312686293624426,0.09219030133233479,-1.784823702420403e-05
2023-03-08,3.5465779476802056e-09,0.04315711614608328,0.0935636190326845,0.05302039508584032,0.053115940831338526,0.09038675995018211,0.10944662788067715,0.003932434423218994,2.486803128540784e-10,0.10261686752574681,0.139603401608251,0.13608697382977225,6.145415582140571e-10,0.08267561473311606,0.09241203829164575,-1.7793748356370403e-05
2023-03-09,3.526341929754896e-09,0.042903111212294585,0.0937142936963364,0.05379204150550305,0.053456986135355336,0.09183784146795498,0.10759693387430719,0.003939098868842477,2.485651666618294e-10,0.10289395383817006,0.1423281110762232,0.13521741699762818,6.085552409955505e-10,0.08326098228060895,0.089076961744081,-1.7737080767861627e-05
2023-03-10,3.515172244697869e-09,0.04280611745410327,0.09270189182298344,0.05439816245840739,0.05272413584473964,0.0916054125019008,0.10794023985853378,0.004011688163606923,2.4835088929351017e-10,0.10431788485596794,0.14384915625240824,0.13541486797428104,5.965729157458628e-10,0.08103981609192233,0.08920833939580312,-1.771703475397747e-05
2023-03-13,3.4945133760268343e-09,0.043173058492221576,0.09338320650731974,0.05424665385732046,0.051949504207210825,0.09214872268678796,0.10639540209282937,0.003966373367895756,2.446115929923023e-10,0.10404174952244728,0.14650555041901714,0.13534344777355364,5.916902792497835e-10,0.07875764946944812,0.09010637743842968,-1.770016529682152e-05
2023-03-14,3.4769368977743118e-09,0.04332766404616081,0.09325094564680565,0.05490214432102819,0.051978574428086365,0.09230952873287136,0.10736380374085726,0.004095228123975831,2.4847848477059203e-10,0.10417050470191148,0.14690057448750368,0.1345039781113971,5.834032507847725e-10,0.07817759168458417,0.08903719609006842,-1.773842406912499e-05
2023-03-15,3.516782329917292e-09,0.0430843269655723,0.095095639984085,0.055671486436059126,0.0522706547695279,0.09280813935174126,0.10713461076046113,0.004133321185841442,2.538757356701887e-10,0.10360180575130234,0.144047126471956,0.13685699194246306,5.900060228590694e-10,0.07701340211137127,0.08830031801043413,-1.7828101478842137e-05
2023-03-16,3.497796412165002e-09,0.04288675585951655,0.09502833542090909,0.05565806254132966,0.05200548128561133,0.0921709724648524,0.1071146935273321,0.004155316640063033,2.5343363007520603e-10,0.10578032404798968,0.14567126680892983,0.1335917368737312,5.972599385104447e-10,0.0781048509329395,0.08785007264777625,-1.7873399470517618e-05
2023-03-17,3.471570285979494e-09,0.04317981293044083,0.0956646277371758,0.05531601631578197,0.05143815381405563,0.09269958236189516,0.10751390514170346,0.004159345199673096,2.5487925881979397e-10,0.10469593331348738,0.14565938975562018,0.13574177357495637,5.977875841675798e-10,0.07626359567963868,0.08768584983611712,-1.798998478281078e-05
2023-03-20,3.4358545718034326e-09,0.043290006842789316,0.09598210531517261,0.05425835832925859,0.05190887233407135,0.09137442146296537,0.10977483574749775,0.004156547732637799,2.5017587811753525e-10,0.10284849063076973,0.14649547267626264,0.1348637646853683,5.968697995244697e-10,0.07851852332672288,0.08654657981505591,-1.7983181472305336e-05
2023-03-21,3.4259494543854523e-09,0.04376199865067967,0.09593600571080031,0.053079350516426295,0.05205333914837832,0.08971451930747812,0.1114920374660983,0.004094738833689599,2.603607583208475e-10,0.10485430495885395,0.1441483426640277,0.13448610919695816,6.02879385536577e-10,0.079393891264932,0.0870032756236711,-1.7917631183089882e-05
2023-03-22,3.4382756102584397e-09,0.04335318328878324,0.0947841700091125,0.052442518753213874,0.05217402338020495,0.08941390415969078,0.11103854610834364,0.00410800130113065,2.504378972512022e-10,0.1045283035057577,0.1435222691633574,0.1371889756667474,5.82141105638791e-10,0.08101120060001421,0.0864526681327191,-1.7768339929883836e-05
2023-03-23,3.4673446349178074e-09,0.044258147229579006,0.09572743919538211,0.052888964982528285,0.05253325727671062,0.08921156768612473,0.11143850986590872,0.004082689022387776,2.512845598036124e-10,0.10114997058041604,0.14511202326995695,0.13747277378115044,5.81115082225967e-10,0.08167600441102872,0.08446648102790023,-1.783262881783918e-05
2023-03-24,3.5295995782766342e-09,0.04420156887590115,0.09555662885100193,0.05229377910531875,0.05254047260090662,0.09078639362581474,0.11298530710860007,0.004131830066624968,2.533122694663028e-10,0.10058605527649928,0.14170726574538997,0.1370128241800894,5.787534210405543e-10,0.08324460338731762,0.0849710911500085,-1.7824335138016108e-05
2023-03-27,3.5533199499584766e-09,0.044363511658655964,0.0942938516504832,0.05079190657912054,0.052982724221904955,0.09160706907617541,0.10999130419983075,0.004185630018577118,2.526704417419665e-10,0.1000169537768268,0.1442338822089368,0.13898856071129995,5.806547149584162e-10,0.08328881629252097,0.08527345661272291,-1.767139370027774e-05
2023-03-28,3.5648533715344937e-09,0.04465270728232856,0.09403907965198936,0.05095901530480815,0.05312478984215561,0.09151470623279168,0.11099021128834903,0.004196630757484576,2.5640713459656474e-10,0.09821185078946787,0.14502551529259683,0.14032295769347133,5.817614371455492e-10,0.08364361190715447,0.08333671203482437,-1.779248044372299e-05
2023-03-29,3.574102835781353e-09,0.04491204386740192,0.09447266291760273,0.05153083542181321,0.05321981678376118,0.09201837083062164,0.11115718351118557,0.004235086136425955,2.5026850778722076e-10,0.09680017817793313,0.14867916149976101,0.1344385498884666,5.800811913861499e-10,0.08539507821157781,0.08315880359346207,-1.7775244465153526e-05
2023-03-30,3.5517063022951607e-09,0.044861993817267805,0.09388729341890222,0.05142717407481211,0.0526547971452906,0.09311078062007408,0.11303368937702701,0.004217564690589663,2.4457333579458327e-10,0.09580261170531,0.14791506605660643,0.13529479930575894,5.686232081834066e-10,0.08402350285161242,0.08378845075881969,-1.772818697367254e-05
2023-03-31,3.585022257049408e-09,0.04215118026935303,0.09685472480592132,0.053933393954664864,0.05489526227791747,0.09067170400406237,0.10629461852564447,0.0040530909637079855,2.6878699030963344e-10,0.10450113372167803,0.13585569282482013,0.1312159212585644,6.798084935892629e-10,0.08056385694983273,0.09903295346767164,-2.3537557456011756e-05
2023-04-03,3.5313397301662995e-09,0.041970985130621245,0.0956483735958607,0.05378990776781339,0.055240866249861756,0.09164385209050169,0.1072500292713884,0.004027649268606187,2.6846647484180297e-10,0.10496282265683146,0.131742381199076,0.1322345267155249,6.612313349440466e-10,0.08340846186388219,0.09810362194353359,-2.3482214539157855e-05
2023-04-04,3.5041379367923323e-09,0.04139668870145242,0.09443635646219188,0.05486837475850102,0.05554468265279789,0.08930050279890958,0.10879249880580219,0.004072109404597472,2.658109808230025e-10,0.10485978866637705,0.1309617142655871,0.13586066639397545,6.48326588662025e-10,0.08316188749651438,0.09676806264475477,-2.3337469736464848e-05
2023-04-05,3.4408256113131712e-09,0.04212189367532507,0.09280884415351265,0.0547589951420507,0.054126894903591585,0.08844823566198691,0.10892808157215082,0.004006842344697698,2.6695539382329757e-10,0.10396907244684098,0.13284650163163375,0.13838577851159128,6.389256259875513e-10,0.08292625473398796,0.0966958265771745,-2.322570125051091e-05
2023-04-06,3.473648326962622e-09,0.04228369043613187,0.09334571526928617,0.054810984536347376,0.05440755710396039,0.09026240204253518,0.11029935615993341,0.004062295175367535,2.7087108538570345e-10,0.10412779730925455,0.1340598490750583,0.13639377056262963,6.557617038462649e-10,0.07904081325112024,0.0969290709145416,-2.3306236447393362e-05
2023-04-07,3.471824989681149e-09,0.041234825932027,0.09270549869099332,0.05377939776129266,0.05356423144282476,0.09034814604640402,0.10937598933605598,0.003901864095974378,2.6402018880889616e-10,0.10454825390339087,0.13356208092550304,0.1388879934448383,6.677918322362437e-10,0.07769836308637541,0.10041639196907638,-2.304103839307489e-05
2023-04-10,3.4963907738476456e-09,0.04111361998014534,0.09270659716477708,0.0527502216812145,0.054989585441757576,0.09283925508487204,0.10863387088181925,0.003916656940610256,2.6626442399195757e-10,0.10372154772600187,0.1306917505000785,0.13938573185472575,6.688025073938583e-10,0.07770525379189687,0.10156909862472717,-2.3194104083847073e-05
2023-04-11,3.5303812991288754e-09,0.04083564155925879,0.09253572494095146,0.05299598389252159,0.05515926577385754,0.09177716488839338,0.10838751761928456,0.003933086463864189,2.60887023632162e-10,0.10538717133392683,0.13325954932213596,0.13721545957814615,6.687965123235194e-10,0.07834962103009142,0.10018691207422473,-2.3102936721603418e-05
2023-04-12,3.5611977586869575e-09,0.04107444411838691,0.09145325901179502,0.05350128486748671,0.054654861789464194,0.09328177979600538,0.10787099041932943,0.003941205226751697,2.673687290648377e-10,0.10666786977702859,0.13151245801053446,0.13547010257483705,6.647457028897218e-10,0.07927024648640967,0.10132468787346514,-2.3194444806279244e-05
2023-04-13,3.512645641287906e-09,0.04035839219987248,0.09121228148016684,0.05308911334138279,0.0557726258327423,0.09280542096070853,0.1098989897199485,0.0038544691522495746,2.5969239032125674e-10,0.10424165772960611,0.13331625959854695,0.13872843487409783,6.521016626463711e-10,0.07818493504765159,0.0985604729714339,-2.305733284708621e-05
2023-04-14,3.4500574978600048e-09,0.04062393876932131,0.09137168697159768,0.053062037152438686,0.054791279984588076,0.09470214595468021,0.10909301725461658,0.0038816029490096977,2.5396172543919656e-10,0.10388564602980982,0.13388731985694793,0.13943735692575399,6.536249555983495e-10,0.07886174599856975,0.09642525406660649,-2.303627158448062e-05
2023-04-17,3.483027355405444e-09,0.040984120219073904,0.09230870639389449,0.053518335652035474,0.05436433881156515,0.09383037540409345,0.1066641057380902,0.003957493657945472,2.5911391976384623e-10,0.10608045819232441,0.13562378965051025,0.1354953738810731,6.470025983472653e-10,0.07974321263979234,0.09745289389538445,-2.3208524926540436e-05
2023-04-18,3.469890457193104e-09,0.04106958836620044,0.09217128867418824,0.05350747922895,0.053858365138520194,0.0948662796440819,0.1058849134534104,0.0038771654849219877,2.557787658914569e-10,0.10535746208775185,0.1376151953332037,0.13521469327417387,6.440316663421713e-10,0.07782815671902338,0.09877257337656516,-2.3165150691826977e-05
2023-04-19,3.4453169882191772e-09,0.04099107481182754,0.09356257778279077,0.05377434162311955,0.052750262885887966,0.09264136251002164,0.10571277192059124,0.0038077645569301348,2.580595909725561e-10,0.10535552993871852,0.1378946372465853,0.13352061796405457,6.63310913577828e-10,0.0818116054497595,0.09820058799409846,-2.3139051072603533e-05
2023-04-20,3.47302462296283e-09,0.041225149545170724,0.09374326727045161,0.05351550650534462,0.052305302823898066,0.09173398690589292,0.10680762353607334,0.003798213721227715,2.494050412165921e-10,0.10660760305152714,0.13849494559175757,0.13723642406613018,6.710119407023479e-10,0.08001126128301428,0.09454395429588325,-2.324298981312723e-05
2023-04-21,3.433787688003818e-09,0.04077984042549795,0.0942740434112696,0.05327211416672532,0.05279118415563371,0.08978010863984529,0.10772681972851136,0.003820383174368892,2.408923583145634e-10,0.1083300744357754,0.1381151138538185,0.137560681337819,6.58062349530184e-10,0.08152864567298379,0.09204411974163865,-2.3133076629872173e-05
2023-04-24,3.4713445025547518e-09,0.04124523897545745,0.09357257641050548,0.05465504499016362,0.05310724495474138,0.09082190843127327,0.10584698698001455,0.003947804777213421,2.372898185432601e-10,0.11041689726100803,0.13634405716286277,0.13658274706352763,6.694299815004252e-10,0.08333864824561928,0.09014403945607963,-2.3199086530712238e-05
2023-04-25,3.4934566210024903e-09,0.041520445451478,0.09226976367526689,0.05544538290946563,0.051970441134766655,0.08975656739327091,0.10613456297800457,0.003885654321154719,2.3734562926162584e-10,0.11042674138930969,0.13544042430736672,0.1380041037762413,6.643796837117737e-10,0.08339508544037855,0.0917739270406891,-2.3104212574752903e-05
2023-04-26,3.5445645998002787e-09,0.042149394041448414,0.09177779388919427,0.056180332747996525,0.0517872158297627,0.08892213149694232,0.10680356695999758,0.003863897842702806,2.4189215615280974e-10,0.11264581285133858,0.13223856259908498,0.13708608165216404,6.521919351176432e-10,0.08331076581160671,0.09325770363157981,-2.3263792467394475e-05
2023-04-27,3.546281861478663e-09,0.04201544539459914,0.0933300732703155,0.05485172651138131,0.05271725350384528,0.08855968731175637,0.1070057681867771,0.003846451394818808,2.481755463249064e-10,0.11082963462819119,0.13266894274481547,0.1387331776661488,6.357419612832776e-10,0.08217294004349086,0.09329221874692181,-2.3323833260859004e-05
2023-04-28,3.584977826520187e-09,0.04215065787392216,0.09685352444888805,0.05393272553782829,0.05489458194028499,0.09067058027553145,0.10629330117645781,0.0040530407322272345,2.68783659131367e-10,0.10449983859982313,0.13585400911412124,0.13121429505029966,6.798000684669139e-10,0.08056285849165207,0.09903172611503129,-1.1143889628834072e-05
2023-05-01,3.5424732582321534e-09,0.04214251923300547,0.09566900156611938,0.05481331857180535,0.05441986325990678,0.09096477156799015,0.10635232394442898,0.004009743337948279,2.63739358677295e-10,0.10397559915281306,0.1355942710786879,0.1286400288248002,6.749441226826791e-10,0.0815526894768183,0.10187689166795282,-1.1026163433376174e-05
2023-05-02,3.560640388464165e-09,0.042812949697377166,0.09474690606706226,0.055097992398612315,0.055149324874404326,0.0896697268261898,0.10536490964152959,0.004097292081058631,2.592222518375154e-10,0.1015405559560752,0.13858234734418715,0.13089404157021114,6.783046318707666e-10,0.08127683244426684,0.10077810839260011,-1.0991791741700637e-05
2023-05-03,3.535611408944021e-09,0.043078266307103465,0.09407796969264727,0.05592640360873445,0.05402668633714177,0.08879304359254189,0.10383869976235066,0.0039960909830483796,2.5619106915191253e-10,0.10123592183548993,0.1384467287360587,0.1344155076704507,6.77449824215854e-10,0.0822074641914051,0.09996809618587638,-1.0883372101193811e-05
2023-05-04,3.5779021366449846e-09,0.04395626729548884,0.09426025898427715,0.0550824734414154,0.05346705256118164,0.08878515509275105,0.10409578428150133,0.004020970979116154,2.570110631503894e-10,0.10088475180345681,0.13653443023045453,0.13484845242887858,6.970475681492618e-10,0.0834444954682732,0.1006307424295737,-1.0839528329119626e-05
2023-05-05,3.6012038825419465e-09,0.0436530287623755,0.09344993986214345,0.054440806959214195,0.05322180621602595,0.08803624362650771,0.1054741800105747,0.003981969656534026,2.5319806462211777e-10,0.10362125567967904,0.13514351231045524,0.13480929358333318,7.005671441421544e-10,0.0814868924194718,0.10269186924226156,-1.0802883545358322e-05
2023-05-08,3.6686355590796908e-09,0.04490288788142582,0.09394158449702465,0.05519575476207775,0.05392585535375102,0.08946237114571295,0.10472767684251294,0.004039393991773337,2.5102437146795163e-10,0.1055402953566021,0.13217133665320172,0.13229031347522213,7.198445099363239e-10,0.08172432376341959,0.10208913878870793,-1.09371509366548e-05
2023-05-09,3.6962942461777576e-09,0.04485421601382877,0.09441288291179623,0.05485200831598359,0.05544135571759023,0.0883897975325023,0.10673796789443252,0.004018865661838474,2.438345485669907e-10,0.10588869710246814,0.1322960461013532,0.12941154495851198,7.053151738179958e-10,0.08135697504741717,0.10235052481376115,-1.0886716927664784e-05
2023-05-10,3.601916918322753e-09,0.04523187441389974,0.0937033808982532,0.053897439516595744,0.05595550001788236,0.08817720612844604,0.10826451830255614,0.004035526893977598,2.4333697190719095e-10,0.10542754732236136,0.13306845214143692,0.12826055674133596,6.934448608234018e-10,0.08210632012703739,0.10188253308548417,-1.0860127965257529e-05
2023-05-11,3.5978490516119277e-09,0.045665787171072295,0.0934581443102073,0.05383335999346977,0.05547395192725734,0.08854844138918383,0.10863675693166651,0.0040819288288688315,2.409511120670693e-10,0.10455391164094496,0.13461833760874123,0.12865995392708288,6.816681315496485e-10,0.08396951076673802,0.09851075325700745,-1.084227270858829e-05
2023-05-12,3.6112354157942042e-09,0.04491719078912739,0.09501711442223425,0.052690421100691553,0.05605065417602571,0.088144378647241,0.10772185106099216,0.004078474371856036,2.4237536760421104e-10,0.10273543297797592,0.13239138601114214,0.12963362698784278,6.59058466721204e-10,0.08280233743113767,0.10382792794144555,-1.0800430381396554e-05
2023-05-15,3.5787824659844252e-09,0.04544757995127291,0.09443647493734507,0.053011063298665964,0.05651153577613831,0.08944702190809022,0.1074662100700284,0.004194902403978863,2.4034816651932223e-10,0.10315158656958948,0.13297605869545548,0.1272407102025986,6.560818809149367e-10,0.08308978645862043,0.10303786526696002,-1.0800013956358869e-05
2023-05-16,3.6618900188627476e-09,0.045070231685219085,0.09565956131402183,0.05354489764217172,0.05651739167950048,0.08848149023135371,0.10638710454930522,0.004165604583253127,2.3406803432570153e-10,0.10158750174435113,0.12984170383299282,0.13019002690926545,6.635292876575212e-10,0.08432363486656047,0.10424164598713645,-1.0799584618775983e-05
2023-05-17,3.6517078463871097e-09,0.04553886525750899,0.09462067147938112,0.053381687518661805,0.056788471357380826,0.08661666599458376,0.11036897022069093,0.004149981284580833,2.335936681135921e-10,0.10314435992205258,0.13122900121244277,0.12974723226664323,6.6237518530453e-10,0.08168682266408488,0.10273801673585248,-1.0750461541003812e-05
2023-05-18,3.6204424941428407e-09,0.04513257980627527,0.09459053917164614,0.05259897171403081,0.05509072778884876,0.0866274434760838,0.11102094838721847,0.004147373459596887,2.2995994984000857e-10,0.10343949783827096,0.13669939763194247,0.1282994512046275,6.386930199892241e-10,0.07976243203862018,0.10260123748143646,-1.0604487693166174e-05
2023-05-19,3.5934652863548743e-09,0.04556517486553726,0.09572789566675952,0.05394877753855635,0.05641187691958482,0.08828574701645692,0.1086432726702359,0.004235225233639286,2.3424009906153805e-10,0.1046899587986976,0.13394806801582387,0.12764969834861717,6.307342751873691e-10,0.07746522576501831,0.10343976008527166,-1.068538263841341e-05
2023-05-22,3.5474447315156584e-09,0.04652892413702961,0.09505151200812628,0.054463324976395305,0.05504927231972859,0.08723259330079965,0.10822612471318607,0.004159358767076798,2.3158882962834709e-10,0.10380840870762735,0.13276989556036925,0.13098522874580373,6.31762007266144e-10,0.07775549195285786,0.10398048693995257,-1.0626539748700896e-05
2023-05-23,3.5654125810121534e-09,0.04645780371171861,0.09465967360123988,0.05453297153464842,0.05578890233725798,0.08844098667590908,0.10781587796184716,0.0042024204375735235,2.3080639069700898e-10,0.1038148157871297,0.13169464575856754,0.13053082588973922,6.463796664001617e-10,0.07785909020696599,0.10421259845333533,-1.0616798531018207e-05
2023-05-24,3.513356117411373e-09,0.04627011504469666,0.09432955530054854,0.05396807472327313,0.05575738714887528,0.08788407609457669,0.10784902339564814,0.004206527495261411,2.2736968081394e-10,0.10310176774943257,0.131772869896704,0.1330540891731929,6.488996123968953e-10,0.07687636118661006,0.10494075310493028,-1.0604703375168147e-05
2023-05-25,3.5690154842480835e-09,0.04668746335613104,0.09486551061001934,0.05440637816600879,0.05672276307906813,0.08908314924315476,0.10866134571308034,0.004269847408939435,2.2370643569970273e-10,0.10069547206794191,0.13210784124158564,0.13321177894101932,6.427448353596456e-10,0.07803919138146799,0.10125985393614308,-1.0599580026701709e-05
2023-05-26,3.5364730586694397e-09,0.046269749613291916,0.09281406150385095,0.05511774461095324,0.055564729701965965,0.0880624453465781,0.10956180490930557,0.004292172734813837,2.191774693240396e-10,0.10137181376496344,0.13222272545225558,0.1379303419738992,6.448724709230668e-10,0.07754890809000088,0.09925405206766799,-1.055417006968932e-05
2023-05-29,3.5035209078655204e-09,0.04577864739878127,0.09397637617503084,0.055006822471423314,0.055823665760831385,0.08957784656946424,0.10584875955995546,0.0043607443482535065,2.189021278440635e-10,0.10184705665544228,0.13018576518439665,0.13590254538439056,6.491243227342686e-10,0.08076029715930032,0.10094199673669299,-1.0527775510056454e-05
2023-05-30,3.573183405907664e-09,0.04604892914853762,0.0941042078285357,0.05494590810278077,0.055933705337962734,0.08791631961187805,0.10565245027992178,0.004360880596199799,2.2009273557330924e-10,0.10288101828972654,0.13201302583452737,0.13697544389198688,6.47758357393413e-10,0.07851140630559454,0.10066730847883311,-1.0608147519459058e-05
2023-05-31,3.584970174717774e-09,0.042150567907255354,0.09685331772403005,0.05393261042343167,0.054894464772895155,0.0906703867475939,0.10629307430327259,0.004053032081387995,2.687830854375951e-10,0.10449961555461729,0.13585371914634878,0.13121401498556617,6.797986174967669e-10,0.08056268653770847,0.09903151474100402,-9.009458663381318e-06
2023-06-01,3.623520027204425e-09,0.04203109429507196,0.09456586100981287,0.05385577352690997,0.054832810806825505,0.09048161199377132,0.10548080194234058,0.004069016151030818,2.692860619377406e-10,0.10455515464969807,0.13689065342537496,0.1303896914353033,6.746725622640837e-10,0.08267283098963762,0.10018370884025275,-9.013633508390948e-06
2023-06-02,3.6511049600688186e-09,0.042545491478875874,0.09508937904043191,0.05442314264201655,0.05377649155965259,0.09071329857867422,0.1052177799958037,0.004165735775091848,2.730015054474237e-10,0.10353825905627204,0.13772863978493294,0.13077327692787763,6.801451987026816e-10,0.08115255797979652,0.10088495263684688,-9.010060524423559e-06
2023-06-05,3.654950692355883e-09,0.04280553925543451,0.09465446639735685,0.054236346550277106,0.054724744146578234,0.08979095112463945,0.10418117020028426,0.004176905560499355,2.70803026776183e-10,0.10247091276142502,0.13844581269736597,0.1279036091945682,6.704975883624157e-10,0.08449040510367226,0.10212816965215586,-9.037240508353349e-06
2023-06-06,3.6280586114912637e-09,0.04297476255156001,0.0952103949327275,0.054842825093503945,0.05462965356286331,0.09089994244785049,0.10130165738955653,0.004113947894052518,2.7143988992144914e-10,0.10298967690898464,0.1363988032358094,0.12846380219284803,6.631832713692842e-10,0.08406937439468577,0.10411418750750247,-9.032674626503752e-06
2023-06-07,3.680827800523378e-09,0.04279356717765971,0.09468499345691135,0.05491126316478546,0.05494073161608332,0.09067857359697515,0.10334852224921359,0.004159442025657421,2.7475127671636405e-10,0.10158801290207262,0.13983719747624332,0.12311497678116538,6.770895516670016e-10,0.0860366873737025,0.10391511177573412,-9.084228872509762e-06
2023-06-08,3.7086969818571586e-09,0.042579224203176454,0.0943371597822168,0.054887175745454174,0.05682228469626849,0.09184845567807363,0.10388480072856382,0.004088390824608313,2.741871856557708e-10,0.09989030396516882,0.1411148525069121,0.12290180320752632,6.610389424641691e-10,0.08581619503882154,0.10183839143328093,-9.042453994388845e-06
2023-06-09,3.68942638147299e-09,0.04193095030099865,0.09374622591308623,0.054998127198297025,0.0564164198070275,0.0907965201344502,0.10349824599172021,0.004102275808023954,2.679581733187292e-10,0.0996562534072302,0.14321225680459396,0.12330837432338974,6.57554753429862e-10,0.08627355165523123,0.1020697748956107,-8.980854598921091e-06
2023-06-12,3.7138382236904737e-09,0.04105262453194188,0.09213317306608741,0.05560899544292598,0.05536365786354468,0.09123126217731904,0.1029726663354708,0.004043159044745819,2.6927534807931794e-10,0.09994269624211816,0.14807353296134432,0.12198614335439985,6.740558528309422e-10,0.0868159411990984,0.10078511771460193,-8.974590767752882e-06
2023-06-13,3.74834055796424e-09,0.041360158136461836,0.09233318870540168,0.05587991057023819,0.05506337992288067,0.0904341325421342,0.10422522561462752,0.004038090239716231,2.6948071586322047e-10,0.10057557858905883,0.14900850098610396,0.11928833512784878,6.906869978902869e-10,0.08718987974427267,0.10061260341477063,-8.98830202351296e-06
2023-06-14,3.738871929161082e-09,0.04118797841441729,0.09249145725843107,0.05586011913643718,0.05518479254239756,0.09140889950974108,0.10479287431884879,0.004003233987144942,2.6330822867418894e-10,0.10252661048650204,0.14750160475926552,0.11759576643338251,6.654753485072398e-10,0.08718313932228432,0.10027244664419632,-8.927480703837998e-06
2023-06-15,3.6806269971613265e-09,0.041325033543408135,0.09188116934527164,0.05751496013755348,0.054739089481486335,0.09079518254871546,0.10344062842100785,0.004071291239976721,2.615747379746999e-10,0.1012691455398655,0.14904074544060325,0.11474661335193911,6.721368378843285e-10,0.08992939876186004,0.1012556518327067,-8.914258732826889e-06
2023-06-16,3.7081346501609982e-09,0.041750120176976074,0.09371707913776463,0.05840202296144131,0.05511680088270071,0.09199242373593557,0.10236847037121277,0.004122808606320435,2.5809998135555953e-10,0.10086300081567007,0.14184619951621294,0.11572570621627991,6.657288481443236e-10,0.09191516119118018,0.10218912706810805,-8.925311766125342e-06
2023-06-19,3.750692474724587e-09,0.04132840741376261,0.09485347372041454,0.05986858488658961,0.05568182570082686,0.09301647853434691,0.10270723758899512,0.004096445315180517,2.6129659243108075e-10,0.09861462440599471,0.14104625933790194,0.11239941104551952,6.582943868258262e-10,0.09310314325869795,0.1032930352323088,-8.931110822483104e-06
2023-06-20,3.789233316256106e-09,0.041806174776545905,0.09383725816496619,0.06020145801030025,0.05576798775287002,0.09314673375266692,0.1045696095902915,0.004086928320433542,2.6154590088872676e-10,0.09637983056158096,0.1417890211180479,0.11145224173725045,6.658888425555531e-10,0.09242008703902446,0.10455168121633313,-9.016756979344467e-06
2023-06-21,3.79072193517026e-09,0.042589824432745366,0.09451258299588629,0.05903995818291236,0.05501426779255754,0.0933901422116143,0.10345710261126019,0.003922725439126864,2.6731546342303463e-10,0.09765354320682133,0.14327755912947499,0.11053953577118185,6.722944052319364e-10,0.09142891607706245,0.10518286827299471,-9.030853969952268e-06
2023-06-22,3.7488049702286085e-09,0.04314170890913103,0.09269433080168575,0.05973698092741045,0.054915414137383885,0.09259625143183071,0.10346089114654744,0.003954828232227237,2.721502869369022e-10,0.09791930450097577,0.14091498213229164,0.11041415225412277,6.92300020538717e-10,0.09348440120917964,0.10677575716353081,-9.007559572500133e-06
2023-06-23,3.779539955791624e-09,0.04347776077542751,0.09392276733811415,0.05946934295198662,0.054054301751838216,0.09275399658405724,0.10240611147561061,0.0038991218113684145,2.6948405827258914e-10,0.10179015412864793,0.14136113693155103,0.11119786743568269,6.781466904654297e-10,0.09043959906278098,0.10523684689069784,-9.011864933977893e-06
2023-06-26,3.871193860453635e-09,0.0440850532125522,0.09552962685425238,0.06060923443511592,0.05423680502210576,0.09541102342108083,0.10261723975481601,0.004019439823357346,2.741689164663802e-10,0.10003111066041348,0.14115825859982833,0.10901908974114415,6.995002380849108e-10,0.09138351494592645,0.10190870354871913,-9.104864174941855e-06
2023-06-27,3.89028891855628e-09,0.04390702138170563,0.09413414946730693,0.06186618679396462,0.054388472322766036,0.0951965861348633,0.10222217599676889,0.0039394633107708195,2.692918328458873e-10,0.10219211518848081,0.14030799014427772,0.10924398480386685,6.755784093886655e-10,0.08934553093478032,0.10326543428677401,-9.115601485140901e-06
2023-06-28,3.876927707782076e-09,0.04437568915122991,0.09483797699036522,0.06127711682003442,0.0543253408158934,0.09416197469667865,0.10434116231914618,0.0039764468191653786,2.681469932309895e-10,0.1018205295115414,0.14262867399942247,0.10957618569456438,6.894378099065279e-10,0.08520876544209659,0.10347918310307185,-9.050197722451379e-06
2023-06-29,3.822647147659467e-09,0.044751413832321965,0.09554195980531197,0.060742859570466365,0.054836947058938136,0.09544410310365921,0.10350510654397904,0.004078754299178059,2.6562304700598974e-10,0.10057604132505078,0.14334167172886453,0.10795653953203085,6.843665228103208e-10,0.0866260132381407,0.1026075505621597,-8.965372738058949e-06
2023-06-30,3.585022264536975e-09,0.042151180357388685,0.09685472500820912,0.05393339406730849,0.05489526239257001,0.0906717041934365,0.10629461874764813,0.004053090972173146,2.687869908710136e-10,0.10450113393993588,0.13585569310856413,0.13121592153261794,6.7980849500909e-10,0.0805638571180959,0.09903295367450883,-2.3539646074401673e-05
2023-07-03,3.6031198440206424e-09,0.04255307872679896,0.09803310487499396,0.05346261008106195,0.055315053324318034,0.09008924548656909,0.10441047352516732,0.004009527768216018,2.6644804791875495e-10,0.10561017706003967,0.13873988915480745,0.12828286902892555,6.857726934226484e-10,0.07904326534481318,0.10047428884737478,-2.3587778426586173e-05
2023-07-04,3.583258373903147e-09,0.04211715503270131,0.0989219466687188,0.053127001194841685,0.05512958788353729,0.08757044704708962,0.1058014872869625,0.004058479060809193,2.6662945438391877e-10,0.10317169326167612,0.14154934895309065,0.12692829502579583,6.808050805631225e-10,0.08243279241905759,0.09921535353028992,-2.3591895263263258e-05
2023-07-05,3.5976035924636927e-09,0.04223143117338333,0.09904748514929743,0.05314414121087017,0.055222407262304436,0.08762561544920379,0.10542943014556715,0.004133814539480343,2.607128020217141e-10,0.10452045093241297,0.14304599575149643,0.12807955420468237,6.923040682546193e-10,0.08207814439533846,0.0954650419841418,-2.351674879923532e-05
2023-07-06,3.6154266202483937e-09,0.04204476628417031,0.09882478805776515,0.052686753920966944,0.055218221511425476,0.0874583240983944,0.10264009799605216,0.004199208043720172,2.708850405175078e-10,0.10612584374385192,0.1434209194348757,0.12872323851657325,6.913037839076119e-10,0.08270696356376421,0.09597451496518977,-2.3644714364996637e-05
2023-07-07,3.5981131928659898e-09,0.04289823302865283,0.09755304126535853,0.05329444596934422,0.05533212106996763,0.08988729028957718,0.10345789776031762,0.004191921195313548,2.70809316938248e-10,0.1065566411643514,0.14125522118377148,0.12750249390278234,6.7202124215786e-10,0.08160545860370526,0.09648894527479228,-2.371524887807449e-05
2023-07-10,3.6055982480461943e-09,0.042008315265412904,0.09734065680995588,0.053603015836383244,0.0551872915151658,0.08910242426756218,0.10282247302763524,0.004157495049233589,2.68108688005958e-10,0.10679077081673029,0.14646403899682714,0.12584767268268832,6.679950491395696e-10,0.08149720929940124,0.0952023245718015,-2.3692680499189282e-05
2023-07-11,3.660918718322312e-09,0.04120297064108572,0.09726391691782763,0.05437680896268827,0.055266804328669754,0.08861085496235542,0.10396022688719901,0.004232424700644092,2.7033046597270245e-10,0.10600868733151557,0.1483133049218324,0.12564807176268458,6.802840607420997e-10,0.08414132195868787,0.09099840645886578,-2.3804445589327088e-05
2023-07-12,3.641068651749691e-09,0.04021854572444043,0.09918826751231875,0.0537397505590805,0.05541354587909001,0.08801062702375405,0.10218623686047282,0.004150953178520309,2.749663268666911e-10,0.10691288174809874,0.15203452684147498,0.12499149978967226,6.795303564007598e-10,0.08322121154439727,0.08995559460960771,-2.3645866493349614e-05
2023-07-13,3.5709737942669577e-09,0.03987140317680346,0.09741418486302111,0.05350349525595608,0.055006584857407274,0.08750826206707063,0.1035207380615645,0.0041101298915989515,2.754750630039763e-10,0.10929583228428714,0.15381924349545278,0.12625094171627435,6.696808428224078e-10,0.08280572328305694,0.08691687307463741,-2.341654326042937e-05
2023-07-14,3.548603092532424e-09,0.03954642392623169,0.09637958084774306,0.053546966459649216,0.053613585993869714,0.0883785884027287,0.10365314173785105,0.004061958108888842,2.7192526803359113e-10,0.10893555081569502,0.15592892051551385,0.12512443820254068,6.642626482484066e-10,0.08195815961963276,0.08889583697381839,-2.3156088954090936e-05
2023-07-17,3.536649805140156e-09,0.039540354153235986,0.09791933149297323,0.05364809339968384,0.05436648667723348,0.08736872877944914,0.10339566488558911,0.004148694892788951,2.6928806651009056e-10,0.10872023542515372,0.1566396257457534,0.12308986449482008,6.59742938843412e-10,0.08216615130477946,0.08901991848432235,-2.3154201463518023e-05
2023-07-18,3.5713597400686746e-09,0.040067886790237824,0.096801112598027,0.05360003609166606,0.054694327068042926,0.08887888445736518,0.10418048008682612,0.004157228576922496,2.7140062861642667e-10,0.10963717519130506,0.15398268446718943,0.12325013421660688,6.753314859115617e-10,0.0817014156111902,0.08907172775168681,-2.3097425157698953e-05
2023-07-19,3.5782925343736968e-09,0.03929658706707402,0.09723886850275301,0.05401833952479856,0.05459065426349476,0.08794722550179977,0.10339680092166588,0.0042209023311457795,2.805949694241732e-10,0.11249269771840677,0.1513129704587669,0.1255960626304399,6.705360289661673e-10,0.08120780033904493,0.08870427701540969,-2.3190804223582057e-05
2023-07-20,3.6136503670037008e-09,0.03980581364052418,0.09745129670198525,0.05414484248097193,0.05507980859810047,0.08888274827608093,0.10539082461427385,0.004158136874758695,2.816374492277309e-10,0.11100962863961579,0.15171337242896643,0.12555518191671375,6.723517526077675e-10,0.08030977194182959,0.0865218294757614,-2.3260157222023826e-05
2023-07-21,3.54655404108739e-09,0.03980353301484595,0.09712398739486142,0.053796428833147315,0.05604048518621659,0.08802528642801503,0.10755760641233071,0.00425993759391913,2.7388463569613655e-10,0.1113354140483103,0.15096182923568485,0.11957530079939654,6.563542980148145e-10,0.081574594878364,0.0899688761662521,-2.3284468136923086e-05
2023-07-24,3.5918532704527826e-09,0.040103138322189445,0.09751584975858399,0.055070251341087895,0.05775118677175034,0.08774321834361123,0.10511327921652658,0.00415152211471192,2.8049716824885675e-10,0.11175088626989081,0.15209008194408075,0.1164886470899111,6.506310947869359e-10,0.08150711402947441,0.09073819811004546,-2.3377834845598065e-05
2023-07-25,3.5428902697003697e-09,0.039290199780695,0.09573772431217419,0.055285299344764255,0.05735574543153231,0.08756841628512661,0.1028274712921118,0.003939169096626574,2.7562554022491505e-10,0.1091842775943955,0.15147770221203744,0.12176403260755389,6.522636127465427e-10,0.08475240202811547,0.09084069726773294,-2.3141723645396414e-05
2023-07-26,3.5185997357666264e-09,0.03939376306923801,0.09749484846731322,0.05639891362250677,0.0569095431087298,0.08778504920915152,0.10076959714095006,0.003982353962686563,2.81787205389865e-10,0.10918002943855293,0.14974686436020446,0.12243013962479615,6.566640968616529e-10,0.08483158356451352,0.09110042603231891,-2.311605801289157e-05
2023-07-27,3.505263262158823e-09,0.039706389608002865,0.09806389101064238,0.05564765463553256,0.05609645922170847,0.08732288445205863,0.10156980064856436,0.003982910657413885,2.7855990667656886e-10,0.1094150849124638,0.14866644121627257,0.12401943227293338,6.593028937234823e-10,0.0841939866716828,0.09133812199207897,-2.3061742480839924e-05
2023-07-28,3.585883822720887e-09,0.039890988141631015,0.09952471099462451,0.056188308897187664,0.056982870756633615,0.08750710678742571,0.10280112769857072,0.004088496632853859,2.776183139598821e-10,0.10830514520100036,0.1471201464554745,0.12287920086480562,6.733751256885234e-10,0.08292576243484721,0.09180942863252767,-2.329803445993624e-05
2023-07-31,3.584998003360806e-09,0.04215089510470768,0.09685406955633939,0.05393302908001459,0.054894890895956186,0.09067109058436332,0.10629389941251405,0.004053063543402318,2.687851718896918e-10,0.10450042674197912,0.1358547737226689,0.13121503354577888,6.798038944927074e-10,0.08056331191257522,0.0990322834817573,-1.677211564417341e-05
2023-08-01,3.5842184022338188e-09,0.04317453969550257,0.09601208268272718,0.05353828389453514,0.05493261435940667,0.0910391087149835,0.1081461325249554,0.004099086340407736,2.684507268291517e-10,0.10480504748277329,0.1358317638339399,0.12984351078203296,6.726158939600365e-10,0.08249073045512043,0.09610394294207142,-1.6848233741373477e-05
2023-08-02,3.6212703683873014e-09,0.042816434258947725,0.09475323776952936,0.05373433497949776,0.05565758379409257,0.09190698771342092,0.10836692306633103,0.004142768490145159,2.603970564667109e-10,0.10347680251435225,0.13321422275212372,0.13192123017286142,6.650660671110185e-10,0.08338385778689782,0.09664237505127159,-1.6762896204780085e-05
2023-08-03,3.6093041183253167e-09,0.04277104935881979,0.09655127972080661,0.05352088579366278,0.056020458130701056,0.09144212238428168,0.10845305495317968,0.004161095049275936,2.5868642131971723e-10,0.10245845617728612,0.13452311005895537,0.13071740394791614,6.590346946630566e-10,0.08238818744115844,0.09700973384390651,-1.6841386975263757e-05
2023-08-04,3.6399899458253993e-09,0.043406685725090065,0.09576075573352723,0.05482318937572045,0.05532047492737327,0.09268743052447766,0.10737113285301592,0.00410888067456695,2.5578005452179025e-10,0.10235921663208254,0.13576911366623856,0.13218115617941448,6.480780926674918e-10,0.08089980593154776,0.09532898437809503,-1.6831144998265428e-05
2023-08-07,3.6316683676529856e-09,0.043262066206903524,0.09466668193163955,0.05492946010747223,0.05677684037052827,0.09198698874757355,0.1066292940425909,0.004137165186490568,2.534026360397699e-10,0.10332027591506782,0.13406181246724652,0.1361394103110607,6.514129369925695e-10,0.079916859683513,0.09418994750945571,-1.6807016026267305e-05
2023-08-08,3.61920337029471e-09,0.04392708523515071,0.09350865288130342,0.05459111762976237,0.056476502679165784,0.09211292699462961,0.10640907851020685,0.004056346115302957,2.5231592949549223e-10,0.10333440523199139,0.13292572836128302,0.13795595817994796,6.630882871132775e-10,0.07994621556815304,0.09477280576647759,-1.6827687982240388e-05
2023-08-09,3.56682127839454e-09,0.04400644918585878,0.09510187431434768,0.054660177400353324,0.05631673592724787,0.09539113582857756,0.10970104014125429,0.0041088035780327825,2.5819615819570516e-10,0.10039619041289549,0.13206431869378915,0.13773575146359165,6.645757672756146e-10,0.07974286087133647,0.09079158410762556,-1.692641450405119e-05
2023-08-10,3.5887502509392836e-09,0.044360133473343624,0.0969932089847346,0.05430551906099104,0.05586676499640697,0.09235652957871986,0.10955740634428301,0.004172458415702925,2.5654748176898416e-10,0.10402028542768513,0.1318807768186965,0.13846444863685853,6.505252665834752e-10,0.08038937743290037,0.08765005156437324,-1.6965230518737942e-05
2023-08-11,3.6145295450834276e-09,0.04471463165270763,0.09848377007734627,0.0537083083390424,0.056017082317591435,0.09309546246425067,0.11029896371164478,0.004124702650482976,2.476503688888589e-10,0.10467241949398631,0.1316747767211757,0.13726976415818157,6.598783383146507e-10,0.08040348089151593,0.08555360547867642,-1.697247866030568e-05
2023-08-14,3.5208373524057866e-09,0.04385938812911134,0.10024411984210292,0.05373485336200395,0.05571284217403979,0.09216571233477748,0.10909000328601134,0.004160962761717722,2.439806656792359e-10,0.10481062915955455,0.12994531627181508,0.1406970172461225,6.634695479876005e-10,0.08161476248793602,0.08398122498523958,-1.6836468719901297e-05
2023-08-15,3.5353266001275494e-09,0.04346727234386882,0.0997844493839415,0.05442851766972774,0.05469315607161251,0.09188079281139745,0.10911432988109629,0.004168037426968803,2.4099170699876207e-10,0.10760088011186407,0.12651594568343766,0.14336394706263028,6.738920915487118e-10,0.08397956600315788,0.08101983621010704,-1.673511002049863e-05
2023-08-16,3.5124865133649113e-09,0.0442026731284756,0.09794012958539762,0.053524239980405404,0.05447076762520106,0.09228230008073224,0.11167403643636199,0.004165247798181627,2.3929114412301974e-10,0.10833890602530065,0.1277386613326648,0.14473036729928868,6.732009543324955e-10,0.0811618209498499,0.07978760660461127,-1.6761271449556857e-05
2023-08-17,3.5618724509821696e-09,0.044315701120826806,0.0976665092380919,0.054249728892473335,0.05376328962638095,0.09208709270233925,0.11197158951367284,0.004142646329836882,2.398553107963168e-10,0.10811943663940578,0.12495912371320188,0.14531064562689966,6.581574129404195e-10,0.0814882513950297,0.08194274931233456,-1.6768570378792984e-05
2023-08-18,3.5320907675667526e-09,0.04354091561510972,0.0969800689783453,0.05342912140722084,0.053847753003118726,0.09139945985972049,0.11391883724216421,0.004187643594503653,2.3799506402770605e-10,0.10872221195044318,0.12348811724335607,0.14460704892161935,6.504645718152397e-10,0.0821833002403638,0.08371218684439707,-1.666932091298558e-05
2023-08-21,3.5273008032044806e-09,0.043560205786199784,0.09708669769584274,0.05329649541397188,0.052639508438488206,0.09258051162075066,0.11568131268007979,0.004137714891728837,2.3464780225375825e-10,0.10881345691093275,0.12352370004859113,0.14288589817474873,6.307976397430238e-10,0.0819409607762181,0.08387005194812978,-1.651877842876284e-05
2023-08-22,3.5257611215047334e-09,0.04339878213251644,0.09610674788147643,0.053518251579462925,0.05230591759449039,0.09137503153447767,0.11458286289099257,0.004006923580912888,2.323706228896412e-10,0.10920701550109074,0.12333847794137523,0.14553407516036432,6.235518746884202e-10,0.0820996207102594,0.0845426849768256,-1.6395865928013838e-05
2023-08-23,3.5951308971319386e-09,0.04335906781829095,0.09480013455666254,0.05391339740997673,0.05336853152747141,0.09079120469669964,0.11562424170431372,0.004067680462210692,2.3536441365915984e-10,0.10918444312032434,0.12168485164237106,0.14503022391479667,6.272687507114348e-10,0.08328760779042796,0.08490496408508236,-1.6353186392170084e-05
2023-08-24,3.5508519855588615e-09,0.04322212762621938,0.09484775634568383,0.05367845207446825,0.05236978795892372,0.08979942541157489,0.1160971025255047,0.003953830302976995,2.2610602087279328e-10,0.11078893479111188,0.12165225939183844,0.14527622613957772,6.102391825156657e-10,0.083697907041822,0.08463239274103901,-1.6206737938265944e-05
2023-08-25,3.50879148034724e-09,0.04398545441968509,0.09531681102303366,0.053608505012111375,0.05230053965306047,0.08776927188209019,0.11741752524086176,0.00398186802343433,2.2622061733614664e-10,0.1133737749807685,0.11933734598948828,0.14431493185123903,6.032521675123039e-10,0.08356764772011499,0.08504257475033233,-1.6254884484262697e-05
2023-08-28,3.541723251493787e-09,0.04406459816236685,0.09491987489717005,0.05493964737223976,0.05412392693555238,0.0884091823554337,0.11685448068778295,0.004087468140269405,2.2258695117403348e-10,0.11341170381370788,0.11865149643318756,0.14228727243588055,6.036770754461408e-10,0.08271889141956427,0.08554779079739598,-1.6337818538518907e-05
2023-08-29,3.5592318879593494e-09,0.04399389399321911,0.094988540787884,0.05505559054289327,0.05491859149186579,0.08866698136907213,0.11872868459664966,0.004141525950315102,2.255780443962621e-10,0.11642650078824486,0.11708013855904799,0.14185738561181757,6.254752812774235e-10,0.08274747314248182,0.081411099870807,-1.6411114583611275e-05
2023-08-30,3.558292717736805e-09,0.044128221011957375,0.09246281411686358,0.055995375483415495,0.05453893421373296,0.08920060565996797,0.11858290978112457,0.004073473263423025,2.224120920244131e-10,0.11495665232889411,0.11936935177819455,0.14178304402996506,6.209882455409663e-10,0.08150372366957483,0.08342132530476115,-1.6435043567668195e-05
2023-08-31,3.585035001408088e-09,0.04215133011214941,0.09685506911378447,0.05393358568193127,0.054895457424519664,0.09067202633196861,0.10629499639128853,0.004053105371999286,2.687879458177355e-10,0.10450150521168146,0.13585617577682263,0.13121638771669072,6.798109102334715e-10,0.08056414334545761,0.09903330551889743,-2.7092530825089035e-05
2023-09-01,3.649413428086119e-09,0.042187750226358955,0.09721506979961027,0.05355794349953207,0.054302450824157446,0.0912761482682362,0.1066676493943308,0.004010171561316291,2.6321405819714213e-10,0.10250933945495413,0.13858171213324014,0.12995160395690072,6.762695822527621e-10,0.0827557146127308,0.09701153964364292,-2.7097963907978414e-05
2023-09-04,3.5973199245651786e-09,0.04154848164363098,0.09818123087755974,0.054378645180003515,0.05439561437029406,0.09151822108528052,0.1050609212363841,0.004090891490003254,2.623485834649496e-10,0.1031179842408854,0.13735213262947887,0.1284394591302305,6.910394322856585e-10,0.0829765316798825,0.0989667724279968,-2.6890542338321393e-05
2023-09-05,3.5972314729810743e-09,0.04109273942537918,0.09733124830050581,0.054315144490352,0.05385660584554777,0.0900123762506104,0.1065227098834594,0.004050246498032541,2.62307097272555e-10,0.1033663458002798,0.13575193780916395,0.13130310541755857,6.760825129681486e-10,0.08319988632056845,0.0992244692764359,-2.681985351480945e-05
2023-09-06,3.5898389405737986e-09,0.04049187550621699,0.09810024925755098,0.054698485403973346,0.05333833244875142,0.09070142565637145,0.10691454735948173,0.0039714100985195405,2.586414849806796e-10,0.10505646303790864,0.13626005728831544,0.12989327974264386,6.651013405786167e-10,0.08232202173521208,0.09827862110186689,-2.6773150394303198e-05
2023-09-07,3.5508651944211675e-09,0.039664270712403984,0.09902648880275929,0.05515246278021624,0.05236780997237491,0.0906103769688824,0.10532582950863424,0.003946049164967916,2.566330826186536e-10,0.10408422394149518,0.14031235050788454,0.12859645221194027,6.540017336745395e-10,0.08097405900446353,0.09996631250298811,-2.6690540510676415e-05
2023-09-08,3.468380399909894e-09,0.03905447435092358,0.0998002696923255,0.05488326792043962,0.05208937383664557,0.09237938089539299,0.1048755792950654,0.003876979103786634,2.536374629310023e-10,0.10148467388495601,0.14209732150550253,0.12887738786858444,6.619608429789656e-10,0.0821524000164572,0.09845536588036441,-2.647863442257578e-05
2023-09-11,3.4564819540634154e-09,0.03925155854814447,0.09941363595896346,0.055296678724481574,0.053104357142253776,0.09270446473038166,0.10568844710493351,0.003894062886919246,2.581408722066788e-10,0.10101570842474948,0.13784292129797976,0.13066173763401945,6.773936060249598e-10,0.08331013871554803,0.09784290459616841,-2.6620156559371572e-05
2023-09-12,3.4115766810012467e-09,0.03935866201877555,0.09934276347855657,0.05509493473948306,0.054161415691248084,0.09138218145431683,0.10799004771625466,0.003887652537970341,2.50588951067686e-10,0.10052942503470343,0.13970282454426086,0.1295998706518112,6.5858262888013e-10,0.0829005494631579,0.09607622218396988,-2.6553835256730586e-05
2023-09-13,3.4594834526576176e-09,0.04003889287703213,0.09913402769582796,0.05516468622875917,0.05517659354084109,0.09123425630776377,0.10742664607403768,0.0038592478685242873,2.5431185801495966e-10,0.10198240247110406,0.13948723435699112,0.13086397608074574,6.827788545144936e-10,0.08222171710865726,0.09343711186085162,-2.679686770992777e-05
2023-09-14,3.464738335184254e-09,0.03988456467510837,0.09810733500003017,0.05542816271745437,0.055590975350577346,0.08841862754295086,0.10620392919595639,0.003975719087517658,2.5586184099476395e-10,0.1027932043925453,0.14178277951375085,0.13057996136591926,6.906375199060177e-10,0.08309702473394716,0.09416442939716914,-2.6717384164441227e-05
2023-09-15,3.4405048661976507e-09,0.039796765162487126,0.09710320037201992,0.05522124095973808,0.05459099971705131,0.08718786494563506,0.10539785363775071,0.003907786917447628,2.5299464559870013e-10,0.10215132958744408,0.1421807546056852,0.13218567619950272,6.825361283480546e-10,0.08481143550505979,0.09549169420489613,-2.660619075357516e-05
2023-09-18,3.4462814310299195e-09,0.039737469161920336,0.09714424939138856,0.05580612810206322,0.055238495661553574,0.08842032922273056,0.10515089145301885,0.003927205877424591,2.5730616755985794e-10,0.10087800525993494,0.14105366047428408,0.13185677044889985,6.914126749449967e-10,0.08599214242131484,0.09482116741323873,-2.651928277247167e-05
2023-09-19,3.399325578693066e-09,0.039862960366926936,0.09624777043866838,0.054891932129523965,0.05443136692365206,0.08885935748086299,0.10716838396310106,0.003932649768824113,2.5833619475268346e-10,0.10282113247825506,0.13765299549579682,0.13313961847307149,6.919471336129741e-10,0.0869659832542966,0.09405237576717891,-2.6530889767498024e-05
2023-09-20,3.3911233788507607e-09,0.04013459005754293,0.09849170522179894,0.05573563013202143,0.054391632838367,0.08781198796589873,0.10531478196243868,0.0040282340806446024,2.560961371443304e-10,0.1028759344730797,0.14139063396216003,0.13025004906772467,7.141028934972383e-10,0.08705991757636561,0.09254156599180928,-2.6667691174185252e-05
2023-09-21,3.4009382522664628e-09,0.04005108213040403,0.09948496569343888,0.05561605780066035,0.053413446036212835,0.08803529756873477,0.10394676883952643,0.004061883135603382,2.529602608654076e-10,0.10265843522411928,0.14259256153938968,0.13050451823705184,7.212453330780169e-10,0.0886333737964179,0.09102840782379115,-2.6802200494661904e-05
2023-09-22,3.423252624778522e-09,0.0389800914421887,0.10047192066862633,0.05582651014700397,0.053160107939866995,0.08903834118354464,0.10636722837538844,0.004064238249095294,2.5125917993309483e-10,0.1036860982450448,0.1405497416419769,0.13001739035347915,7.422460048081004e-10,0.08940324740531408,0.08846206905576612,-2.6989124053147253e-05
2023-09-25,3.342007170065327e-09,0.038776771842756845,0.1007160567131308,0.054418661135126715,0.05308908343695479,0.08994712518650971,0.1083455410850193,0.004056048674019828,2.5146615886030225e-10,0.09959043188025708,0.14436991994083126,0.1279103635427582,7.253221888309422e-10,0.08840859806232489,0.09039819247894651,-2.6798297431548127e-05
2023-09-26,3.3874888860440956e-09,0.03855131753965443,0.10108399481034475,0.054063516385702184,0.05205352157396445,0.09101185069714007,0.10669105318831257,0.004115670664095565,2.5454994075970326e-10,0.09985066214198494,0.1476310990604159,0.1318243163660305,7.182011186787383e-10,0.0865194672290453,0.08663012866267439,-2.6602679605029198e-05
2023-09-27,3.4612197709771482e-09,0.0384018701430055,0.10238456359304256,0.05363776430402318,0.05306107476552172,0.0902572214368625,0.10505076239250112,0.004106575558812391,2.527365090880869e-10,0.10085546836066027,0.14763090934931927,0.1333343723636099,7.151699529855095e-10,0.08554974930496084,0.08575627597573428,-2.6611977179754695e-05
2023-09-28,3.5484121779336147e-09,0.03871222411080817,0.10077468569331824,0.05362941792920723,0.05343559494791283,0.09293786705573533,0.10714077744784906,0.004077105368965595,2.6337617297243545e-10,0.10141330304959947,0.15152052096171192,0.1315313079513789,6.892701412972675e-10,0.08386634047602397,0.08098761048354304,-2.675997711235171e-05
2023-09-29,3.5850074040340285e-09,0.04215100563386016,0.09685432352955148,0.05393317050457935,0.05489503484273955,0.09067132834441022,0.1062941781390888,0.004053074171448942,2.6878587670502665e-10,0.10450070076566409,0.13585512996452243,0.13121537762118735,6.798056770918225e-10,0.08056352316774701,0.09903254316673751,-1.9394385135774646e-05
2023-10-02,3.6003092085242907e-09,0.04187751506997471,0.09740887479561576,0.05343931808369518,0.054651714959308595,0.09291177920035947,0.10576395495958839,0.004009267127533018,2.7360494142442027e-10,0.1028552867332927,0.13441163346879148,0.13257460537188728,6.914486546215163e-10,0.08241080229573845,0.09770464005762945,-1.939668877741676e-05
2023-10-03,3.633571015308421e-09,0.04183066704595968,0.09712463690076756,0.05437586533914437,0.054487893200855064,0.0935909357135108,0.10638432897256961,0.0039633967033383035,2.7858702140035766e-10,0.104148254157461,0.130592764258449,0.13371441715958768,6.847545154673731e-10,0.08439010832288106,0.0954161900464233,-1.946241785995504e-05
2023-10-04,3.622331275098226e-09,0.041996698340419095,0.0972138851726627,0.05487151128902076,0.053503853892333246,0.09561273573265561,0.10718590921495072,0.004041663682381865,2.823435905749171e-10,0.10418472931494979,0.12794893443913768,0.13252133202446584,7.042781458518053e-10,0.08657522369095204,0.09436298251198265,-1.946391486522629e-05
2023-10-05,3.494725070667046e-09,0.0415371073583492,0.09606088797967885,0.05423535963610548,0.05337746319871539,0.09584579519325505,0.10767658331660833,0.004032040951994478,2.724303894389434e-10,0.10274346458879724,0.13158635382133615,0.1322203070060489,7.027960717726562e-10,0.08640373714274775,0.09430018340679816,-1.928807038665347e-05
2023-10-06,3.402641098796769e-09,0.041274980473737816,0.09565022804410049,0.05482131437987161,0.05320482773517654,0.09346783275317735,0.10789486124096397,0.003971267910946747,2.6652104354186543e-10,0.10104145584106707,0.13225874267814708,0.13453927028941387,7.062077920380043e-10,0.08708745841891566,0.09480696443315123,-1.9208574039339998e-05
2023-10-09,3.399205773788228e-09,0.04148563951672142,0.09297467671804714,0.054787967989212295,0.052432344676812646,0.09468824208080354,0.1074872992433087,0.003965988889965601,2.6011425141941614e-10,0.10246010189779674,0.13337733793573336,0.13557837305261555,6.950059689245661e-10,0.08572322732917875,0.09505796334195048,-1.916702647232179e-05
2023-10-10,3.376216716383555e-09,0.04166096332216666,0.0907922883255406,0.05447512259991077,0.053571686880541904,0.09521584202333842,0.10772562958136028,0.004077519093027099,2.5110171833766253e-10,0.10116913101632774,0.1325216207386943,0.1375558995197701,7.057763670165249e-10,0.08438507681873085,0.09686837507566856,-1.9159328172183578e-05
2023-10-11,3.3545844972004994e-09,0.042063141525116164,0.08955109927293409,0.05426086851418771,0.05311996135551631,0.09626690108777256,0.10670498761584335,0.004065249565213081,2.5238823711197144e-10,0.1017850515860087,0.13411223489771518,0.13772871945352724,6.990102515563989e-10,0.0836598462736095,0.09670104013636521,-1.9105589792159306e-05
2023-10-12,3.3522335188386286e-09,0.04187350118891683,0.08930139672529931,0.05315833564598853,0.05339314037435995,0.09620959085162853,0.10783584293621991,0.00405365728747074,2.4518142436137843e-10,0.10093579887674249,0.13330795031219606,0.13907209401028447,6.718017000024047e-10,0.08349785419160584,0.09737987683897475,-1.9043508903917613e-05
2023-10-13,3.3297525708017647e-09,0.04188704583514645,0.08866109236017909,0.05269370652457953,0.05310988093163163,0.09530271539512702,0.10879902855711328,0.004010397768272276,2.4183925300609024e-10,0.10368342101258238,0.1353576456388754,0.13468607637174085,6.627111633986749e-10,0.08385889072026864,0.09796912562497792,-1.9030974797592366e-05
2023-10-16,3.280682941985115e-09,0.04235126001151366,0.08939657951062864,0.05295424765214197,0.05395521548002824,0.09580511547758647,0.10940339874269679,0.004096990944055097,2.4568424936043355e-10,0.10228762855584927,0.1366930978986181,0.1331301407674056,6.683536464823524e-10,0.08456171925351527,0.09538361605687734,-1.9014545637424774e-05
2023-10-17,3.2678261018856722e-09,0.04234849553196464,0.08873397026797158,0.0530026468082589,0.054338495782311196,0.09551569880873956,0.10944949393679775,0.004166544597253721,2.467801227650838e-10,0.10234813737775167,0.13423784591097312,0.13430550854270792,6.705889387035623e-10,0.08633082212234264,0.09524129422182033,-1.895809408833492e-05
2023-10-18,3.2143433417140467e-09,0.04165448272337554,0.08951591381335104,0.05270290738645919,0.05467696853017024,0.09574624148286169,0.1093096991901545,0.004165036215906436,2.438620290887141e-10,0.10243167903108526,0.1331123998933037,0.13361155112223239,6.675467801697689e-10,0.08607538350825904,0.09701670258886368,-1.8969611775053143e-05
2023-10-19,3.191638392430836e-09,0.04184130018395064,0.09047540298628447,0.05291320163389534,0.05471644574562588,0.09559899681923004,0.10995846008960022,0.00414675792880851,2.460353054316774e-10,0.10282956696900661,0.13160070182468925,0.13487952531312614,6.649360501168779e-10,0.08543835927936888,0.09562013212401171,-1.8855000207317807e-05
2023-10-20,3.2188036719737846e-09,0.0425574888069135,0.09198213032990041,0.05350052842745851,0.05550328305134494,0.09784486057432808,0.11051543574624735,0.00411033205450537,2.525824065893194e-10,0.10271743300225955,0.13106900112927825,0.13174141240016152,6.764840555338734e-10,0.08352077512417727,0.09495629714421848,-1.8981938663353794e-05
2023-10-23,3.23480467873037e-09,0.04284468841660403,0.09128688609535927,0.05339160324470677,0.05488928764042133,0.0971141266192068,0.11086663463268624,0.004079548826178559,2.5157720198351693e-10,0.10035003856115071,0.13343324801222475,0.1328386233836053,6.85725039603046e-10,0.0854653680669091,0.09345890944018852,-1.8967111348344553e-05
2023-10-24,3.2319137180339984e-09,0.04212924465642023,0.09462331757843036,0.05343781626961318,0.05572704326065571,0.09582524523212395,0.1126573521512516,0.004198218604723561,2.5203777281490124e-10,0.09904826862939058,0.13350413219882865,0.12820966979331755,6.872165869147862e-10,0.08699221402847801,0.09366648419411824,-1.9010768519773952e-05
2023-10-25,3.220719509062721e-09,0.04232231450596516,0.09517134631947474,0.05238383930895929,0.05574988561362406,0.09875444515205228,0.11056024894256007,0.004190692438239669,2.591576128577163e-10,0.10069220818136108,0.13232844946843444,0.12859492385234703,6.868876655933684e-10,0.08577151632863499,0.09349911786659612,-1.8992145013971155e-05
2023-10-26,3.1980060055907497e-09,0.042184569381295396,0.0939905430879007,0.05139301777000176,0.05548198330131507,0.1004939815345658,0.11021250451908397,0.004153396136147821,2.609592897963952e-10,0.10002648171434879,0.1357666924506787,0.12805811084529617,6.92489437355266e-10,0.08424991272311734,0.09400770685094643,-1.8904466152676898e-05
2023-10-27,3.2014581493358385e-09,0.04209774249866282,0.09334500994368704,0.050943907410450455,0.055594173510990774,0.10116503801616512,0.10987533297478932,0.0041648066312009666,2.604762244383572e-10,0.10005309371641678,0.13515929316068243,0.127942670163703,7.244056634027725e-10,0.08463086151880563,0.09504693834069883,-1.887207259341385e-05
2023-10-30,3.2178073017553158e-09,0.042027449199207645,0.09474573456732432,0.050827063874613325,0.05636724782621121,0.10084307267612734,0.10857512738881529,0.004191237389728881,2.565108020149779e-10,0.10100773818833038,0.13271155439876853,0.1274168040497653,7.071367973196824e-10,0.0891026272571007,0.09220322553329502,-1.8886530742767245e-05
2023-10-31,3.584994658609437e-09,0.04215085577853123,0.09685397919289108,0.05393297876127727,0.05489483967981568,0.09067100598954514,0.10629380024184082,0.00405305976195256,2.6878492111700777e-10,0.10450032924458999,0.1358546469721268,0.13121491112404737,6.798032602454906e-10,0.08056323674816857,0.0990321910860669,-1.5839114436257127e-05
2023-11-01,3.5578069215198324e-09,0.04187529127756178,0.09632214614989026,0.05418331077828603,0.05406351030930807,0.08914048021641167,0.10741170337662148,0.004002172374383272,2.6216055581648206e-10,0.10309309914348527,0.13432389308042808,0.13385774147920096,6.867545474801594e-10,0.0817641040173,0.09997828048974253,-1.57371993413544e-05
2023-11-02,3.593047867271819e-09,0.04162463423214464,0.09621308069933189,0.053623898862989156,0.05398304396813115,0.09002106397231625,0.10772809280154542,0.004081249129691672,2.580244320566588e-10,0.1040192829884823,0.13177241244373633,0.13424052241253712,6.96574574044631e-10,0.08155267434063139,0.10115578874051416,-1.574913969819027e-05
2023-11-03,3.5703946862010363e-09,0.04103893019371681,0.09706698401335305,0.05485376582773293,0.05348472149120102,0.09169934399429559,0.10811004840742927,0.004015972166306115,2.544559404398465e-10,0.10436138142555304,0.13131159306663823,0.1316750917645994,6.779926387913138e-10,0.08054850415394439,0.101849448897785,-1.578990539808792e-05
2023-11-06,3.572291401564549e-09,0.04085604193399263,0.09734163359415954,0.05554572877200934,0.05377863247371207,0.09162390011485806,0.10954732774617715,0.003964488530706278,2.538140832819933e-10,0.10412386716415688,0.12879443631317317,0.1308608336285474,6.53927676720249e-10,0.0834337707165621,0.10014513064666823,-1.5796114755885562e-05
2023-11-07,3.616649327948441e-09,0.04076957043675329,0.09769309344495501,0.055099272709160825,0.0537841722753171,0.09216732656943302,0.11026885868956103,0.003998662528153151,2.5184513326791006e-10,0.10311267675054048,0.12518826818630138,0.13172269327587005,6.648823337156699e-10,0.08570370208344084,0.10050745155353268,-1.575303639544106e-05
2023-11-08,3.6446008837677525e-09,0.040674599647087785,0.10028711027216904,0.054782353498827076,0.05437549883872446,0.09330130309008129,0.11184570067836004,0.004061822404569425,2.562249290941519e-10,0.10077046784345609,0.12714214173121988,0.12872139962983814,6.838078519456478e-10,0.08614817312335095,0.09790541206015299,-1.5987402470737992e-05
2023-11-09,3.6179854568596546e-09,0.04045691177160557,0.1016219159260224,0.05493212825125024,0.05463058121095593,0.09476470914645749,0.11176341869827358,0.004107649653291517,2.589858693577887e-10,0.09882287911387544,0.13026227608137692,0.12572658925400063,6.95319002636884e-10,0.08383160032203099,0.09909532650021818,-1.599050164903954e-05
2023-11-10,3.6745482801550427e-09,0.04029323532443459,0.10115158023712659,0.055215127311841014,0.054313586411842064,0.09680090582971182,0.11185687636272391,0.004081965709498915,2.5647330569994864e-10,0.09722987973740004,0.12872692459440677,0.12478166226501147,6.882809485922125e-10,0.08269791757533021,0.10286629061771517,-1.595659634498058e-05
2023-11-13,3.650874740330718e-09,0.0404882097101663,0.10214253928057823,0.05580366454246959,0.05446136299402135,0.09683644247070335,0.11293140160970411,0.004111803731213057,2.5639420551329555e-10,0.09521290550323802,0.12821231513437265,0.12281353699581762,6.827185351858417e-10,0.0830533747979925,0.10394844505689071,-1.6006417154949793e-05
2023-11-14,3.7233659704663414e-09,0.04038933001543652,0.10331009030671097,0.05617146052299526,0.055490014826766,0.09785684926799586,0.11174614936201392,0.00402419893942067,2.5840622006599583e-10,0.09473825051217988,0.1265898754825088,0.1205844690015994,6.869234589757948e-10,0.08562028318948119,0.10349507492024981,-1.605101605374662e-05
2023-11-15,3.743402316593018e-09,0.04034083432171698,0.10185796549506006,0.05663873763089188,0.05474784692198393,0.09787884733361431,0.11122849898124966,0.0040751350533814994,2.543561348696054e-10,0.09531863691273987,0.12487979040036652,0.11955912329691151,6.432208201764678e-10,0.08889818652273099,0.10459243720551442,-1.604471714094292e-05
2023-11-16,3.6884105649596903e-09,0.03958381061064956,0.10055923440138108,0.05668128422607597,0.05309486263087948,0.09698263091282443,0.11305164400664013,0.003980400402886464,2.528081493992658e-10,0.09786344207517801,0.12524781833231188,0.11895205927044888,6.442914161163718e-10,0.0876199567793849,0.10639877306345003,-1.592129762068057e-05
2023-11-17,3.6956750646554007e-09,0.039023586585529145,0.1007172806216149,0.05638061311640539,0.05322455597118864,0.09723143418030586,0.11556009109283116,0.0040435815296321785,2.553167023220968e-10,0.09844811756045667,0.12384523751901512,0.11527272003139657,6.495119208510794e-10,0.08943333418804594,0.10683545289222106,-1.600988914633775e-05
2023-11-20,3.6351826094270315e-09,0.03876225489053742,0.09948787767125368,0.05682203719051917,0.05341307895940879,0.09732178638927123,0.11543357579718508,0.003925299712172031,2.5495460098702924e-10,0.09792176076359295,0.12367391783045778,0.11494430910134253,6.47444200840143e-10,0.09279964506449745,0.10551027676078226,-1.582466860185901e-05
2023-11-21,3.6480327851637575e-09,0.03837547041108453,0.09981455468087473,0.05713678016312915,0.05337310735417396,0.09889507376807256,0.11347506506237082,0.0038784514540220875,2.5446956389659377e-10,0.09876271124924124,0.12341521936838105,0.11685496561284704,6.367781029455753e-10,0.09042681483425836,0.10560751974258241,-1.5738240318409298e-05
2023-11-22,3.6083402652909196e-09,0.038195425139744,0.0987769280534943,0.0563405447517119,0.052788801638589664,0.0979404972966458,0.11187907039762768,0.003828761710525604,2.5043237216630707e-10,0.09908412804270478,0.12257994736333523,0.12010757361250794,6.323007359920149e-10,0.0886428191773468,0.10985107359313943,-1.5575268446395866e-05
2023-11-23,3.6204142577368924e-09,0.03855772762244073,0.09935838903623213,0.05671625885793033,0.05310852448748805,0.09651645325680618,0.1123901396100272,0.003755536787745437,2.4970115868782615e-10,0.09793871389477452,0.12325536430552597,0.12075445237705366,6.374966624751605e-10,0.08908961594219472,0.10857438278327895,-1.556346910997173e-05
2023-11-24,3.5918218471873848e-09,0.03870611801865929,0.09996227468482892,0.05567015484492448,0.05184313129333671,0.09510990191794774,0.11337391946204155,0.0038001310772222954,2.449885626315849e-10,0.09789484296229523,0.1262608179130397,0.12097579487252033,6.500536160881573e-10,0.09024943548287229,0.10616894863552698,-1.547565207938751e-05
2023-11-27,3.61016399121084e-09,0.03898854118721453,0.10077226944464306,0.056649055070104114,0.052466616405799124,0.09217580696796143,0.11215451449669184,0.0037085563741223733,2.473805185925183e-10,0.09896473073679596,0.12775294494410425,0.11987959734815619,6.625124221944715e-10,0.09209278905981105,0.10441015300176429,-1.5579557225047697e-05
2023-11-28,3.573688079871221e-09,0.03913771382459827,0.10311773723333952,0.057977884202629004,0.05303231676904273,0.09167309503504313,0.11394719003699882,0.003699516718542997,2.4554720510338466e-10,0.09606043348836452,0.12848724686617308,0.11909385816757843,6.663805679268e-10,0.08860395202464917,0.10518468678837464,-1.563564095009001e-05
2023-11-29,3.5047215519283734e-09,0.03971840716187818,0.10409405966257748,0.05801451440267322,0.05360133782999818,0.09087647497439942,0.11450625280522897,0.003755968561006559,2.352031624895224e-10,0.09577648105348384,0.12895899517086892,0.11918248614275294,6.86210197775089e-10,0.08714827706662194,0.10438243198506085,-1.569124268527178e-05
2023-11-30,3.5850227523557704e-09,0.04215118609295642,0.09685473818736164,0.053933401406097856,0.0548952698622421,0.09067171653125708,0.10629463321129967,0.00405309152368268,2.6878702744522054e-10,0.10450114815954553,0.13585571159463078,0.13121593938734463,6.798085875115449e-10,0.08056386808052816,0.09903296715005586,-2.367572062075088e-05
2023-12-01,3.572495913400939e-09,0.04190464155789984,0.09867327166760323,0.05317817340231583,0.0536465473861106,0.0895510105800569,0.10434373837919729,0.004085509910051304,2.680273641565157e-10,0.10441251994374813,0.13875121892928258,0.13002664857064258,6.908792343687894e-10,0.08300354841870762,0.09844689251661516,-2.37257936335082e-05
2023-12-04,3.623138944266805e-09,0.042102700709283084,0.1003772605699583,0.052598107632445455,0.05295702702468495,0.08975279958728824,0.1038482565776244,0.004085461868042596,2.6912871049419086e-10,0.10636242111077372,0.13886209009236558,0.1291787339808243,6.917733552695735e-10,0.08245740149001911,0.09744162577639714,-2.38910037477429e-05
2023-12-05,3.580234948316925e-09,0.04227884054897234,0.10011075091076847,0.05336908053325924,0.052211489247374517,0.08944920835069257,0.1067738244253484,0.004045781858646061,2.6916997939390453e-10,0.1047425035382461,0.1363376261187915,0.1330483526012408,6.964787363370369e-10,0.08297384186956021,0.09468266411016892,-2.3968658952578895e-05
2023-12-06,3.576929337016235e-09,0.0425915134432823,0.10092324721259392,0.053551642218926845,0.05127976219878299,0.08943495212794021,0.107290876621928,0.003926755621262236,2.636125082961153e-10,0.10575656587693545,0.13771615557221725,0.12905691889815707,7.033943260724027e-10,0.08279112637625068,0.09570434019888241,-2.386091109541611e-05
2023-12-07,3.5309440416252664e-09,0.04257493036676679,0.10114538883106672,0.05297215317290681,0.05094253252309415,0.08809166313994334,0.10894343597758332,0.0038937764695753216,2.582687109586232e-10,0.10388647742832002,0.1370850516496125,0.1298348235026405,6.824047653567843e-10,0.08501773208662254,0.09563572187907352,-2.3691498822900243e-05
2023-12-08,3.5454799412329046e-09,0.04252197260897584,0.10114294186363172,0.052871278400021045,0.051563197468141295,0.08806975465188592,0.11005797271426265,0.0038694924266533108,2.590025790581363e-10,0.10258713137421084,0.13978437774088026,0.1280121501502664,6.785499730460326e-10,0.08453676572469365,0.09500664035330912,-2.367995996431712e-05
2023-12-11,3.567280129906843e-09,0.04235838968547627,0.10260185121817944,0.05234413816335435,0.051640385423703285,0.08714761736662838,0.11062755556172436,0.003866784158796104,2.582913155244959e-10,0.10443532944045143,0.13824965871711567,0.1292317404310318,6.691760326877292e-10,0.08468450165782626,0.09283570302721092,-2.3659346245879416e-05
2023-12-12,3.5245523374567818e-09,0.04208080451831965,0.10401584086322294,0.05210751662583314,0.052380941019787276,0.086903141027988,0.10943501848663843,0.0039291590236923985,2.58529235307115e-10,0.10282503032326142,0.138540560158313,0.12789386779034576,6.42333264284431e-10,0.08566400648897743,0.09424762777429459,-2.351852608869308e-05
2023-12-13,3.5745564190540643e-09,0.04212986886527041,0.10341853473551159,0.0524468220087028,0.0527623353108976,0.08846379811821184,0.10904621516795773,0.003908478967332684,2.55042846787469e-10,0.10338521720473008,0.13468419624097108,0.12920357996235918,6.471497289387972e-10,0.08633834114462897,0.09423604824914616,-2.3440452469071724e-05
2023-12-14,3.6410196188239095e-09,0.04267515108239947,0.10316289911858223,0.052307913177318435,0.05241610463684068,0.08946267548792285,0.10802885894876957,0.003985344287554303,2.611638612535496e-10,0.1024144690361361,0.1348619348417131,0.1298039684906414,6.600707073552821e-10,0.08926199438280445,0.09164221271883005,-2.3530771766860966e-05
2023-12-15,3.668424231635464e-09,0.04301108461341124,0.10268205874307804,0.05257083526559755,0.05325107398044601,0.09009756968104113,0.10691288084846369,0.004192276366102382,2.650256272334853e-10,0.10370222035947736,0.13390193990904492,0.1317930756950728,6.653489169804058e-10,0.08713442030529168,0.09077433427525486,-2.377464108030842e-05
2023-12-18,3.6798101366930983e-09,0.04366684589152939,0.102644073321804,0.053007711124585744,0.05292389976215705,0.08961672301006883,0.1080307146007267,0.0042731209922563995,2.6902317653882477e-10,0.10156622582013582,0.13320956290066363,0.13187195359434215,6.596463689888713e-10,0.08739837454423068,0.09181445580194571,-2.3665972925670033e-05
2023-12-19,3.724619465209952e-09,0.04453216914856332,0.10255870478967091,0.05232251018401793,0.05330254456596234,0.09203973444374738,0.10764114328645778,0.004327116590946006,2.725908834171222e-10,0.1021667751893133,0.13361911860239603,0.13020647132765192,6.351604536372027e-10,0.08588948662705477,0.09141794525318901,-2.3724641341524442e-05
2023-12-20,3.7284210689934596e-09,0.04407539533665686,0.10104628424111214,0.05131303549231638,0.0532367334877803,0.09278931296886586,0.10819407878720792,0.004324761352801523,2.642141101159332e-10,0.1006949612861644,0.13659549673299154,0.13148380919666108,6.125234279723573e-10,0.08504008218292015,0.09122954483047988,-2.350050111644972e-05
2023-12-21,3.719032806604276e-09,0.04324944907510909,0.10163691887116574,0.051093525435666795,0.052984621298547946,0.09281619354091826,0.10852671652554453,0.004345460589149577,2.6203664239320306e-10,0.10084989112787414,0.13337249626140069,0.1328382792036654,5.847813678849826e-10,0.0850219753849367,0.0932880747710498,-2.3606650879422754e-05
2023-12-22,3.7079441232951563e-09,0.043873495812597654,0.10364131817734754,0.04950791513428218,0.05326861133414857,0.09004166436372939,0.10914117723251142,0.004376724896255223,2.542303135093936e-10,0.10462576498268203,0.13497932085390316,0.13190661427511557,6.042733647649947e-10,0.08285566773516272,0.09180549011323935,-2.376947742247143e-05
2023-12-25,3.63571133636618e-09,0.044776992066589194,0.10425757843504771,0.050001001046523004,0.053591997323014916,0.09092479903607639,0.10952528226496822,0.0044044714844828975,2.5527802170838614e-10,0.10390187124580794,0.13522497897795288,0.13286047655541072,6.070395016971748e-10,0.08084026639128984,0.08971409992389544,-2.3819249088210243e-05
2023-12-26,3.665415956622552e-09,0.044548111916489344,0.10470777427657195,0.04927814689600464,0.052531805506168754,0.08977084752801337,0.1089922549068971,0.004354933559025955,2.5970903927558116e-10,0.10400539571856188,0.13902845809342612,0.13353551535011648,5.803655882767748e-10,0.08225742805816728,0.0870130896567711,-2.376597170460081e-05
2023-12-27,3.6771077821734075e-09,0.04424468269670784,0.10724424366110813,0.05014672334249151,0.052116990715580166,0.0897274852962091,0.10948100997503378,0.004413533136523576,2.601427066495024e-10,0.10248089182453878,0.13759098087699184,0.1337019035718296,5.937315984741083e-10,0.08301266459930076,0.08586267102072276,-2.3785248019935803e-05
2023-12-28,3.6834621741777675e-09,0.04388000885167289,0.10780808497070374,0.05137915187244465,0.051668939776820515,0.09026614388750615,0.10792451006975436,0.004388124954382387,2.5917815192271837e-10,0.10175230894427727,0.14249286719035503,0.13247054390308696,5.974242235226078e-10,0.07977388162971098,0.08621910600688838,-2.3676597667677683e-05
2023-12-29,3.5849971046558058e-09,0.042150884538113186,0.09685404527648299,0.053933015559816576,0.0548948771346339,0.09067106785448667,0.10629387276623453,0.004053062527360338,2.6878510450929777e-10,0.10450040054529618,0.13585473966592343,0.13121500065214642,6.798037240761108e-10,0.08056329171656641,0.09903225865585553,-1.6521426502174994e-05
