,ASSET_1,ASSET_2,ASSET_3,ASSET_4,ASSET_5,ASSET_6,ASSET_7,ASSET_8,ASSET_9,ASSET_10,ASSET_11,ASSET_12,ASSET_13,ASSET_14,ASSET_15,CASH
2020-12-18,0.0,0.0,0.0,0.0,0.0,0.0,0.0,0.0,0.0,0.0,0.0,0.0,0.0,0.0,0.0,1.0
2020-12-21,0.0,0.0,0.0,0.0,0.0,0.0,0.0,0.0,0.0,0.0,0.0,0.0,0.0,0.0,0.0,1.0
2020-12-22,0.0,0.0,0.0,0.0,0.0,0.0,0.0,0.0,0.0,0.0,0.0,0.0,0.0,0.0,0.0,1.0
2020-12-23,0.0,0.0,0.0,0.0,0.0,0.0,0.0,0.0,0.0,0.0,0.0,0.0,0.0,0.0,0.0,1.0
2020-12-24,0.0,0.0,0.0,0.0,0.0,0.0,0.0,0.0,0.0,0.0,0.0,0.0,0.0,0.0,0.0,1.0
2020-12-25,0.0,0.0,0.0,0.0,0.0,0.0,0.0,0.0,0.0,0.0,0.0,0.0,0.0,0.0,0.0,1.0
2020-12-28,0.0,0.0,0.0,0.0,0.0,0.0,0.0,0.0,0.0,0.0,0.0,0.0,0.0,0.0,0.0,1.0
2020-12-29,0.0,0.0,0.0,0.0,0.0,0.0,0.0,0.0,0.0,0.0,0.0,0.0,0.0,0.0,0.0,1.0
2020-12-30,0.0,0.0,0.0,0.0,0.0,0.0,0.0,0.0,0.0,0.0,0.0,0.0,0.0,0.0,0.0,1.0
2020-12-31,2.928242711384955e-09,0.042164771601911503,0.09688599556696618,0.05395087006371109,0.05491306352943596,0.09070112558239891,0.10632931418031095,0.004055284312441354,2.614012492187545e-10,0.1045352848933847,0.13589997435017753,0.13125866355557092,6.983352431979032e-10,0.0805903469075448,0.09906542411105713,-0.0003501225428900115
2021-01-01,2.9394483169660816e-09,0.04271101038983163,0.09757517436505063,0.054290200710546,0.05482188410647254,0.09093749467455084,0.10786995142991332,0.003969543496367535,2.5945379804627124e-10,0.10305007620966056,0.13643083978589796,0.13368845215375283,6.895292859005254e-10,0.07691738993653056,0.09808715627938334,-0.0003491774263892468
2021-01-04,2.968342978508288e-09,0.04299574968286943,0.09814844754959565,0.05418483437481625,0.05404062916753973,0.09166011418434146,0.10680065992704736,0.004098060827453486,2.62021483686226e-10,0.10226922365566543,0.13527940299000338,0.13367938123428963,6.876836451862103e-10,0.07860428771113015,0.09858872833607195,-0.00034952355887200523
2021-01-05,2.9436401101697836e-09,0.043757471813192714,0.09806680692720855,0.05458971454501394,0.053571333366170155,0.09196905056368612,0.10711492770934301,0.003983471446173632,2.695367757833519e-10,0.10419573224766314,0.13425661171187653,0.1310488791602478,6.911281329770807e-10,0.07864557237730829,0.09914938221731746,-0.00034895798950624897
2021-01-06,2.9366262262531725e-09,0.043798863743284545,0.0991879408734866,0.05472015329860731,0.05267302919912356,0.09319708785287015,0.1090465797108287,0.004144773852469858,2.6399281650089556e-10,0.10417727100132436,0.1292244266648273,0.1317589029611583,6.818502681241374e-10,0.08108985534682413,0.09732854026921893,-0.00034742865649310927
2021-01-07,2.91630978198476e-09,0.043991624518653585,0.09796977880103398,0.05570334941046548,0.051829574064132536,0.09410087847135912,0.10698103531184333,0.004164693727616058,2.7297817220264423e-10,0.10574958241845546,0.1286247524607858,0.13294074992015134,6.885655501961143e-10,0.08256962231226356,0.09572490543260274,-0.0003505507272164739
2021-01-08,2.953230243239692e-09,0.04308913188131637,0.09799242050266968,0.05578509577170511,0.05260097444837711,0.0948026301156327,0.10570699984164911,0.004136232645955147,2.757683119898998e-10,0.10638869262701409,0.12834988185390409,0.13283011819729965,7.021061670732446e-10,0.08239582348847345,0.09627493715599955,-0.0003529424611009409
2021-01-11,3.042973946301451e-09,0.042880932927894404,0.09696930205851229,0.05683674408662373,0.052678889733165805,0.09534424725842772,0.10562420722547308,0.0041617648034769405,2.8511133840581775e-10,0.1087842821555099,0.13143992514918584,0.13095471263719072,6.94832763251734e-10,0.0789214754785632,0.0957598041639164,-0.0003562917008579777
2021-01-12,3.0588321932756992e-09,0.042943043648962766,0.09637598522436076,0.05661151994096309,0.052045934605324216,0.0952454679654843,0.10632914622066823,0.0040518670363859114,2.8535794681350135e-10,0.10996769468092042,0.13009827291030507,0.13204086260922857,7.266156266007722e-10,0.0785016633046228,0.0961434078378372,-0.00035487005586917346
2021-01-13,3.028146221493321e-09,0.0428904996775097,0.09656197826697124,0.05656805512772179,0.05124883466671703,0.0952167151511525,0.10811141240651043,0.004065865929049323,2.8860604642385066e-10,0.10925359292401945,0.13130937455518937,0.1322952679938098,7.125381831510404e-10,0.0787428154888929,0.09408929037383625,-0.00035370659067024526
2021-01-14,3.0171186315044194e-09,0.043074955955401645,0.09710513835467946,0.05593234434595814,0.05203280041083547,0.0961540704545817,0.10735337301402974,0.003987435562692392,2.8872792920361793e-10,0.10878046552600765,0.13189659492534445,0.13183535519963108,6.893014697427991e-10,0.07839858458573516,0.09380334561133369,-0.00035446794137859435
2021-01-15,3.020329460021118e-09,0.042562481225647014,0.0983868538417939,0.054442831621293916,0.05260870223216337,0.09542196990653509,0.10808558651403381,0.003973199910360594,2.9224100575560126e-10,0.10762503541530681,0.1289531588064932,0.13437504491450392,6.847963959514278e-10,0.07835865810787083,0.09555913711582201,-0.0003526636091913192
2021-01-18,3.000516878623536e-09,0.04295815102081761,0.09808068681480059,0.05454001162937779,0.05283046189466647,0.09390154145528619,0.10731237307528546,0.004063102778492249,2.9710585166055473e-10,0.10789424121981414,0.12991453267499975,0.13418069014167022,7.035869930131698e-10,0.07835303689849445,0.09632489567326429,-0.0003537292781789602
2021-01-19,3.0383481416379433e-09,0.04269646223996681,0.09991271529032776,0.05368153353464254,0.05397715516820928,0.09363088963471676,0.10716765540876683,0.003962056699413484,2.9568741933629507e-10,0.1063676598175676,0.1288996277278039,0.13414769519247996,7.169107924885959e-10,0.07881692896422068,0.09709389864952182,-0.0003542823785838499
2021-01-20,2.999837430689099e-09,0.04221760523750405,0.10161941394162984,0.05310827371639868,0.05493974603680675,0.09313303229681573,0.1069373382543389,0.004013486928851312,3.0062963528194746e-10,0.10596229919135519,0.12782463442164743,0.13374797024047175,7.197104646136986e-10,0.0799376330210667,0.09691194254532853,-0.0003533798523923223
2021-01-21,3.0129275610352804e-09,0.04285563381951105,0.10189306817366968,0.053224063553243925,0.053852845049679625,0.08987220634095161,0.10735750179898516,0.004002978778867228,2.97960292949719e-10,0.10623295571673817,0.12754746324968363,0.13613328673415942,7.199793571294464e-10,0.07876292570231871,0.09861785583629586,-0.00035278878497135206
2021-01-22,3.0049092196841336e-09,0.04305891573795911,0.101311665158516,0.0527995303765485,0.05388104937556809,0.08984476924441871,0.10800491752998122,0.003986095661113638,2.897276471707191e-10,0.10548198152221389,0.12914438055644542,0.1354099525680437,7.166735438559512e-10,0.08015839806455632,0.09727084338535509,-0.0003525031920300665
2021-01-25,2.971163007405693e-09,0.04313604903565573,0.10112990371644204,0.05239601459966385,0.05395490016868178,0.09073060498210289,0.10837636464507332,0.004017818360978563,2.9860328998788176e-10,0.10530377573836311,0.13020361308461162,0.1347447520975389,7.08672521699998e-10,0.07960298061397346,0.09675684852213975,-0.0003536295436637509
2021-01-26,2.99525935438559e-09,0.04437041656639807,0.10082526803797758,0.05239505309439686,0.05417296594098741,0.09163236761608981,0.10929133251216878,0.004110949766200705,2.892675245257893e-10,0.10190604573057564,0.12980182799435735,0.1379260425597784,6.926859955016712e-10,0.07562384117891736,0.09829910546268927,-0.00035522043775026556
2021-01-27,3.0265863451744563e-09,0.04423916295419684,0.10056998483232545,0.05223833190772794,0.05469335433744657,0.09164937353489334,0.11093418154072852,0.003977576203354616,2.8797818423177136e-10,0.10096609042042812,0.13035201153226936,0.1378297331443362,7.083358898206848e-10,0.07368465237775852,0.09922358345760665,-0.0003580402659727389
2021-01-28,3.0375124963316655e-09,0.04499716947521041,0.09988688351472651,0.052350374899525126,0.05341259901859534,0.0887045352982384,0.11203199161111761,0.003971464406084628,2.925965530604176e-10,0.09867599128928121,0.13126877543798332,0.14198256278365493,7.126107304025639e-10,0.07396043434391843,0.09911459034211015,-0.00035737646316594474
2021-01-29,2.9272732228850817e-09,0.0421508116043304,0.09685391835624328,0.05393300790089188,0.05489488280166446,0.09067109607089846,0.10629411045662493,0.004053941680736222,2.6131470396620944e-10,0.10450067514053156,0.13585498031271157,0.13121520617263915,6.981040369578247e-10,0.08056366489303014,0.0990326253307384,-1.8924607732473385e-05
2021-02-01,2.8747299904845064e-09,0.04207765176261189,0.09881680012524686,0.05405702816972238,0.05467505639298234,0.0916195220099675,0.10624964750158093,0.004052869802651701,2.562593793349413e-10,0.10454769747535109,0.13769895485987238,0.1289626706315362,7.133399995820389e-10,0.08018346807644165,0.09707748546890829,-1.885612120265348e-05
2021-02-02,2.912421232144248e-09,0.04210991862140621,0.09999658748497327,0.05407746689028149,0.05484107083690604,0.09254903173469947,0.1070744525925165,0.0039534503751495345,2.5297236384585965e-10,0.10646985663789117,0.1379452384867595,0.12833038754407128,6.991232770902969e-10,0.07892277636734712,0.09374867979193963,-1.8921228458136548e-05
2021-02-03,2.906999575132116e-09,0.04181812985175022,0.09886906329795862,0.05399086469860523,0.05503984741242699,0.09495984805837529,0.104812857311186,0.004015547734049098,2.564517839523108e-10,0.10511431278452704,0.1383130013243084,0.12726428648555435,7.010032791112678e-10,0.08104843812907467,0.09477269939092263,-1.8900343193151153e-05
2021-02-04,2.9525201432360015e-09,0.04208694064478207,0.09834141743381389,0.054448206956290664,0.0564560779759985,0.09411979728815908,0.10445446195062427,0.004066992006089263,2.554915037918819e-10,0.10496996060343594,0.13888757567968615,0.12571551645517157,6.967064019167467e-10,0.08300406888485447,0.09346808093323439,-1.9100716858257268e-05
2021-02-05,2.917417979883796e-09,0.04195589341544778,0.09944688736798794,0.054506720507231037,0.05632668547486906,0.09449331037632182,0.10234338126165196,0.004109646570582716,2.5784051090657874e-10,0.1046695665181945,0.14164925910034296,0.12376511880912817,7.130444193169648e-10,0.08353939015952844,0.09321329565287369,-1.9159102463008202e-05
2021-02-08,2.9156574442443775e-09,0.04189410314853526,0.1007208611765466,0.0538157416584425,0.05578817283518128,0.09572238743914618,0.10149599344037129,0.004161175479459916,2.6429415342748905e-10,0.10400027897075823,0.14319291638789627,0.12134440212255082,7.224283225792355e-10,0.08383882870520068,0.0940442820708729,-1.9147337342065355e-05
2021-02-09,2.9077983935851297e-09,0.041331951369802104,0.10162063126557232,0.05272639891984745,0.0557697714482006,0.09722282850161446,0.10212462305123172,0.004291535004018912,2.692952104597091e-10,0.10332392982023497,0.1437875272092334,0.12170057295825433,7.050260253915846e-10,0.08271551674697078,0.09340391891499893,-1.920909209971626e-05
2021-02-10,2.8482198545824824e-09,0.041300178841945215,0.10122367212442746,0.05165296519009354,0.0559783256315595,0.09800362898502392,0.1023240558726966,0.004267221423895054,2.7137374451402425e-10,0.1043077225037977,0.14435951640379963,0.11989218747709988,7.077821308664552e-10,0.08443965960313429,0.09227004286893133,-1.9180753779690517e-05
2021-02-11,2.921598497854525e-09,0.04132102673689222,0.10185497277077508,0.051557602812579165,0.05646363072616884,0.09638682701976696,0.10217941240658729,0.004226515519863516,2.7356554299688286e-10,0.10656165758882018,0.14676108175526878,0.1158036330784569,7.376550951840394e-10,0.0854199668927979,0.09148295746647614,-1.9288707272149897e-05
2021-02-12,2.9196667964224434e-09,0.04130720212026807,0.10091074631072472,0.05156832558154068,0.055933316784909266,0.09569531402377272,0.10103347328934202,0.004132673525746883,2.7363234841152897e-10,0.10732642249104778,0.14770933006069753,0.11718994116766404,7.405136791068473e-10,0.08444104594786571,0.09277144832712059,-1.9243564512931407e-05
2021-02-15,2.8649162014730686e-09,0.04068601276885889,0.09926630178606202,0.051898134404560106,0.05624044022021645,0.09572848498534982,0.10189674457793452,0.004057488829559853,2.734585482344547e-10,0.10650192590307817,0.14887774813533075,0.11629614857595805,7.313463026378328e-10,0.08479212099174424,0.09377756917250564,-1.912422087949798e-05
2021-02-16,2.858031855501393e-09,0.040822054205759885,0.09852378877122372,0.050613737322428666,0.056605673613561475,0.09686916569190873,0.10267700620744812,0.003961729426227939,2.7316714997371734e-10,0.10326710525595675,0.15282157461779716,0.11465112957933056,7.506464396710152e-10,0.0866242247516208,0.09258200235780986,-1.919568291899384e-05
2021-02-17,2.8349584103876574e-09,0.04107683389308333,0.09789062587284199,0.050812191877804995,0.056429650534579545,0.09492225489078167,0.09986826833357536,0.003985803561493036,2.7167166860608905e-10,0.10267906522712808,0.15499786279681696,0.11726725419949552,7.492978537256243e-10,0.08634739365385849,0.09374203416905273,-1.9242866439747372e-05
2021-02-18,2.7965609152177062e-09,0.041140544581143364,0.09840714336403737,0.05117540619862415,0.05506808617236265,0.09394007746557642,0.09862901455634085,0.003989304136734122,2.734711846509668e-10,0.1050132714178198,0.15368635797586053,0.11623403272668495,7.641050580577617e-10,0.08678200532666513,0.09595397716381415,-1.9224919800608137e-05
2021-02-19,2.802745895010173e-09,0.04063893153697053,0.09694637187097353,0.05024304630513703,0.05548859142736291,0.09533588018999785,0.10105544134788039,0.004035679823085616,2.7811094481346354e-10,0.10404114167012303,0.15077396816036076,0.11787647114159275,7.695681311164468e-10,0.08693909563238053,0.09664458825784097,-1.9211214130994416e-05
2021-02-22,2.8023274467720126e-09,0.041036739682259044,0.09799347521000835,0.05039956116585925,0.055885941507871274,0.09567130645027679,0.10012296545631216,0.004066721940441488,2.715467274049238e-10,0.10543176966399874,0.14742767201260726,0.11810327721607591,7.55997142231153e-10,0.0875672171041852,0.09631249483872031,-1.9146078487141244e-05
2021-02-23,2.7666830393154436e-09,0.04131083424912254,0.09761958956417498,0.051034588677751944,0.056026333989336624,0.09639900734244546,0.09908154720736735,0.004043175482115517,2.7040204851925794e-10,0.10711510508941101,0.15183527389366994,0.11681349127069289,7.723731042171054e-10,0.08433832097285304,0.0944019163357842,-1.918788418379091e-05
2021-02-24,2.7504571828679037e-09,0.040877749293503955,0.09626524213898494,0.051445957885163825,0.05606708992523108,0.09719377278459206,0.10034399743372462,0.004072275926283874,2.739838203664337e-10,0.10737169764630228,0.14943945754219928,0.11931772651114438,7.671165071024969e-10,0.08319896685413046,0.09442530816111816,-1.924589393654207e-05
2021-02-25,2.721953927118223e-09,0.04063476249481451,0.09645874191548741,0.051565272453257684,0.05536469034093247,0.0964302902521635,0.10163731739383022,0.004094532580013635,2.8199052626044426e-10,0.10917381465904956,0.1519840851176283,0.11635675488725727,7.762935973162014e-10,0.08300321490032445,0.09331572753723465,-1.920831223175272e-05
2021-02-26,2.9272708107894497e-09,0.04215077687173771,0.09685383854787022,0.0539329634596789,0.05489483756785917,0.09067102135721848,0.10629402286946103,0.004053938340257122,2.6131448864088517e-10,0.10450058903117217,0.13585486836716373,0.13121509805030088,6.981034617147333e-10,0.08056359850795113,0.09903254372709404,-1.8100584453280788e-05
2021-03-01,2.941910405027001e-09,0.04208736658742425,0.09674934604672279,0.054163582368889254,0.05471872805796339,0.09225581748464255,0.10746068494326255,0.0041027654178694434,2.5749265137614055e-10,0.10434459186770999,0.13516247485478333,0.12896338990679457,7.023894445281502e-10,0.07976290480592553,0.10024643140836335,-1.8087652143553695e-05
2021-03-02,2.9210168825952693e-09,0.04295102281247173,0.09610972946491533,0.054469483870640455,0.05541914218863149,0.09187227512036134,0.10904567973341588,0.004044368749736179,2.639015441446118e-10,0.10471137889508678,0.13430215372279533,0.12874275623160145,7.147625056658374e-10,0.079182839935983,0.099167304397167,-1.813902248708251e-05
2021-03-03,2.9078505274909305e-09,0.042337863764302756,0.09776718939954702,0.05398925059937869,0.055849761106943493,0.09190910776004699,0.10735490877209698,0.00403504285192093,2.663868180353837e-10,0.10417944406231801,0.1366039743423247,0.13068454455810694,7.247712293268343e-10,0.07835881366422717,0.09694818676329062,-1.809154351293241e-05
2021-03-04,2.882432408800878e-09,0.04229751854520373,0.09805757413982845,0.05249295915698331,0.055685177457831816,0.0918356272224888,0.10665422547618163,0.004097506857005249,2.6732115213035457e-10,0.10600958400750712,0.13576163414595224,0.1323988133117627,7.436003951124009e-10,0.08002264520272127,0.09470476496734105,-1.8034384161164286e-05
2021-03-05,2.877098915349734e-09,0.042174017248155504,0.09863508531132859,0.05293969968225576,0.05515426265240874,0.09197884756371122,0.103821666320876,0.00418433618298367,2.6549364965927563e-10,0.1061866417947458,0.13519326082276342,0.13507373971110634,7.07221101763862e-10,0.08007172422859,0.09460475530984835,-1.8040678587153323e-05
2021-03-08,2.872438846016157e-09,0.04302700801663931,0.09795728440328895,0.05355592283131814,0.05554750288460064,0.09372984956344016,0.10317997942804569,0.004152793284262222,2.7059647442685213e-10,0.10720093284891716,0.13220195646466795,0.1342453955631445,7.141628558743898e-10,0.08154115438007584,0.09367830186625375,-1.8085391852630734e-05
2021-03-09,2.8053827798215197e-09,0.04344234392876924,0.09708841751532386,0.05254634600879553,0.053873777946705684,0.09512914754765087,0.10382172073569233,0.004158163997605493,2.7742714586582183e-10,0.10875490401493661,0.13628425806866096,0.131697677300579,7.170468587722288e-10,0.07951018795355144,0.0937112108383951,-1.8159656522854998e-05
2021-03-10,2.783787957407381e-09,0.04348471287054825,0.09662085760871995,0.05264283297270233,0.054048853664555044,0.09724674006533171,0.10284321955153809,0.004081538226359292,2.7701036290539964e-10,0.10685247510322254,0.1388453716613689,0.1304065487652622,7.063678695259531e-10,0.07843391870195632,0.09451098575174863,-1.8058710479360974e-05
2021-03-11,2.773635069689557e-09,0.04311018930279996,0.09815115463664228,0.05201766133049866,0.05396151532916638,0.09786198225230179,0.10037915204481863,0.004101247370401789,2.721450069369798e-10,0.10801041296323607,0.13642473775702257,0.13168619908367535,7.187568746141675e-10,0.07952169563433445,0.09479206465789822,-1.801612733321504e-05
2021-03-12,2.7672869038850722e-09,0.04285543286395854,0.09970525335632878,0.05159931736737794,0.05328236422561415,0.09870044724719457,0.09930736392407913,0.004046424817491394,2.663466398874354e-10,0.10721729191318646,0.1362664964458196,0.13225355853916154,7.309218484881428e-10,0.08030605430199873,0.09447800191649357,-1.801068325981198e-05
2021-03-15,2.752266492344371e-09,0.0429244970750013,0.10072076710058368,0.05149438854008836,0.05279604868477515,0.09711084060172297,0.09704039756888988,0.0040708795093757156,2.677352904040787e-10,0.10781996627090047,0.13553665498446985,0.13495140408624168,7.223797122271124e-10,0.08144219820598037,0.09410989659659882,-1.7942967009776712e-05
2021-03-16,2.7165593087824964e-09,0.04286929102669314,0.10043659562503543,0.05133379937340558,0.05246999743362486,0.09637183523760798,0.09945668751332791,0.004109913585966926,2.687017171209915e-10,0.10724932741046482,0.13678436169278138,0.13518301841883865,7.177028367578581e-10,0.0804328696561246,0.09332010834220066,-1.780901903583934e-05
2021-03-17,2.637362827032761e-09,0.0429972565686484,0.09999483259740938,0.05231909322896906,0.052531481456090164,0.09499453275050351,0.09948847626691859,0.004053135504693625,2.708738799227931e-10,0.10784968824962755,0.13905936582206901,0.13353134737546712,7.189664936403974e-10,0.07852670537113833,0.0946719013247474,-1.782014348548309e-05
2021-03-18,2.64493734148593e-09,0.043126966754223006,0.0998002441045345,0.05246628605652164,0.053452925191670594,0.0944695486451201,0.09949017549787008,0.00398349343360837,2.669035167276646e-10,0.10782268084291718,0.14129894537035406,0.13272700319978212,7.147883088307106e-10,0.07781598594624495,0.09356352194952243,-1.778061899823468e-05
2021-03-19,2.653524128628959e-09,0.042494063712222974,0.10123254778313238,0.05209412291915581,0.05395241863294311,0.09298731001448132,0.10045120181178642,0.004024059008644743,2.686094894705965e-10,0.10623473930578618,0.1419751213820803,0.13017904819934703,7.121879437924755e-10,0.07934050244610276,0.09505264639358595,-1.7785243590747328e-05
2021-03-22,2.655106033298759e-09,0.042095023416579135,0.10199005255661196,0.052133721825162786,0.05246169754544028,0.09397606688273824,0.10048089178864773,0.004095279180445598,2.6442242976584975e-10,0.10106977531118205,0.14272163395597265,0.13091917419284446,6.916177007377456e-10,0.077990540797918,0.10008392869968709,-1.7789764376248276e-05
2021-03-23,2.663441034524957e-09,0.04266397487587533,0.1018914639513397,0.051195588578751915,0.0526756032941636,0.09423548291013556,0.1005598222435717,0.004114154549014533,2.6712453379761103e-10,0.10146965662195971,0.14068561375719965,0.13283177444015468,6.722370529993712e-10,0.07555972184862454,0.1021350330592929,-1.789373288651552e-05
2021-03-24,2.6992846960216753e-09,0.04300823068493777,0.10122786021747572,0.05122227090091164,0.052966465046507226,0.09311704380763654,0.10043290391344435,0.004188827679210831,2.7519894296980466e-10,0.10170482932354094,0.14367791813139902,0.12969321722460234,6.861114786424539e-10,0.07512328462039862,0.10365518930029968,-1.8044510959743367e-05
2021-03-25,2.6945897871060586e-09,0.04361053364654032,0.10033832533096175,0.05162650450600663,0.05282446333621735,0.09299725373518564,0.10026116464744955,0.00414195482004005,2.753695897047847e-10,0.10169312924011698,0.14436693075444895,0.1299968361242951,6.963702806354336e-10,0.07646103987491537,0.1016999121216405,-1.8051804148001152e-05
2021-03-26,2.7215954416472253e-09,0.04316564233663692,0.10116261424890925,0.05209151960015641,0.05169697622814724,0.09328890335120592,0.09982362643359759,0.004105617151050836,2.8146005257373235e-10,0.10086857609544554,0.1427790116298914,0.1304377166934863,7.062523440740793e-10,0.07642919679974533,0.10416867643063574,-1.8080708216597668e-05
2021-03-29,2.7133402836897686e-09,0.04187703896871955,0.09978439060732043,0.051345643156585054,0.051587330300954456,0.08944049173977091,0.10244753335433454,0.004104189736120576,2.798861524406361e-10,0.10192117245352134,0.1470515213510675,0.13133406539200285,7.124966995254197e-10,0.07602551561170048,0.10309903595890303,-1.7932336723848396e-05
2021-03-30,2.6869689335516384e-09,0.0413101223288921,0.09853009496997324,0.05028920625913262,0.051275136516715294,0.0870619984197167,0.10218982229226262,0.004081359837197749,2.7908781770228243e-10,0.10059056451026464,0.15361048794735332,0.13368325700194197,6.935227367668432e-10,0.07597527851087511,0.10142050243919641,-1.7834693101349723e-05
2021-03-31,2.927262349183718e-09,0.04215065503017325,0.09685355858094935,0.05393280756037806,0.05489467888815296,0.09067075926242656,0.10629371561462492,0.004053926621892094,2.6131373328194576e-10,0.10450028696045842,0.13585447566337674,0.1312147187582922,6.981014437681083e-10,0.08056336562980251,0.09903225746238066,-1.5209919585134675e-05
2021-04-01,2.9210424498002487e-09,0.041868345521988926,0.09681089168108555,0.0541668958093244,0.05449942062436292,0.09118769563935443,0.10448023480486054,0.004013074852210969,2.654765753264128e-10,0.10610609862208323,0.13579851121792116,0.1297361669857025,6.896540945179173e-10,0.08050026004248083,0.10084769368647122,-1.52933640197667e-05
2021-04-02,2.93234633057421e-09,0.041456768943239505,0.09514631174273262,0.05407401764399164,0.053698356019043436,0.09015469208411564,0.10585011479645182,0.004041184278436759,2.648666425727859e-10,0.10353323459151574,0.13563990594610947,0.1314607873833311,6.820148155957801e-10,0.08211082524288169,0.10284901351470851,-1.5216065785799225e-05
2021-04-05,2.9813446165064836e-09,0.04162664313113922,0.09584863023523037,0.055009528068664694,0.054048983531848616,0.0896755798500323,0.10533010345382869,0.004059607841950976,2.6010580892976926e-10,0.10343034741197944,0.13822200623198866,0.12676578244927167,7.012923293828902e-10,0.08390203864098883,0.10209597311404063,-1.5227903706774376e-05
2021-04-06,2.980586450861199e-09,0.04140600318418976,0.09660630154987761,0.05533610858542176,0.05285113328265171,0.08987911527303824,0.10449257179202522,0.004043387672742911,2.559734881343544e-10,0.10569338421712757,0.1398357937049839,0.12455202577221461,6.814372456446601e-10,0.08289663565903956,0.10242267866122166,-1.514327253173248e-05
2021-04-07,2.9941742880111353e-09,0.04202816786775777,0.09765827104521194,0.05608411361217852,0.05318817186606413,0.08849255883356599,0.10447246177984473,0.0041143080286248175,2.5642013770001116e-10,0.1067889996648757,0.13947143014283417,0.12270667242380776,6.817480906681198e-10,0.0835844430556876,0.10142557260084749,-1.5174853643116185e-05
2021-04-08,2.9966032663437666e-09,0.04175645667635258,0.09914490258323673,0.05606964021033894,0.054297575269641574,0.09051435730686977,0.10469376120647479,0.004068679193257094,2.492945866627166e-10,0.10469426981178032,0.13682310817955648,0.1259808785820923,6.854460654411546e-10,0.08446495876264425,0.09750662632553005,-1.5218039118923138e-05
2021-04-09,2.953469483291353e-09,0.04200145823463223,0.09914799088140953,0.05580551570699967,0.054506105606407985,0.0921379123275744,0.10407435271195056,0.004060809368554017,2.4928570311259917e-10,0.10826993445801557,0.13179851397675768,0.12707551846746457,6.821690273376844e-10,0.08510263109014284,0.0960344209567166,-1.5167671550109393e-05
2021-04-12,2.9463956323188208e-09,0.042223304875112125,0.10228778768574942,0.05621864543749278,0.05384650866317783,0.091473173021703,0.10325516545892781,0.003950631396140453,2.476408994408556e-10,0.10931723004152771,0.12886636699243748,0.1291127286549332,6.869083296695716e-10,0.08383312623593753,0.09563046299911175,-1.5135343195979797e-05
2021-04-13,2.9979342901559886e-09,0.042638262704994316,0.10254439318930844,0.05620228378577562,0.054029755641989766,0.09110013696855108,0.10057615525955863,0.004075326144683983,2.4885319436242396e-10,0.11027992530487202,0.12908554394682176,0.12785240228117986,6.865153855860971e-10,0.08161296861558101,0.10001801022789629,-1.516800451565024e-05
2021-04-14,2.9205820019307815e-09,0.04159046077875403,0.1006026616503451,0.05622154865476323,0.05327222955138784,0.08838641079475756,0.10083242908057612,0.004059433450391521,2.4730944740389916e-10,0.10993750929468964,0.1322088888041112,0.13070819386207344,6.687711970717704e-10,0.08285516221774968,0.09934001606918196,-1.4948045444046372e-05
2021-04-15,2.943029690263411e-09,0.041000107134013496,0.1007202451296578,0.05586680673219306,0.05397320790554768,0.0898776951926528,0.09831639612365685,0.004070973595900901,2.522280409617618e-10,0.10997124998171987,0.1342030661608304,0.13191219506418594,6.749975887659551e-10,0.08271999422241831,0.09738304815991963,-1.4989272952014943e-05
2021-04-16,2.9043358689490392e-09,0.041189128030403435,0.10048722809305348,0.05563888961544209,0.053562903684089815,0.08930777493662366,0.09946500107754552,0.004041987595016932,2.4662578132156705e-10,0.11098153979555982,0.13345067033347013,0.131682618292047,6.924743570903758e-10,0.08250609949927805,0.097701102845079,-1.494764104479454e-05
2021-04-19,2.8690600665926984e-09,0.04105680291016019,0.1010510789708424,0.05459514475773573,0.053644887627507486,0.08934464151394104,0.09943583927625478,0.0040980132480563924,2.4765339241074973e-10,0.11344000952553794,0.13120714682057197,0.1318909972105994,6.930286637181507e-10,0.08084663236824985,0.09940373139759134,-1.4929436790577632e-05
2021-04-20,2.9400619369400507e-09,0.04116279675191981,0.10188476622002895,0.054801693792548,0.0533309764099212,0.08750948940858905,0.09877411417664411,0.0040289442371064755,2.546670939186601e-10,0.11357502007312657,0.13086501963673006,0.13427550457650128,6.814774005731508e-10,0.07996420295997987,0.09984243504289093,-1.4967162192960274e-05
2021-04-21,2.9613851883653196e-09,0.041271932128543076,0.10191415866039825,0.0547214711517152,0.05346537140711449,0.08753380350448364,0.09717993761002094,0.004022524697662474,2.5005325114864904e-10,0.11346907297383266,0.12956616610704094,0.13972752421537335,6.795681563200418e-10,0.07775739778266626,0.09938556351124643,-1.4927641104204791e-05
2021-04-22,2.9842542802040687e-09,0.042089773212136944,0.10155511047549033,0.05388333035156533,0.054153220565411025,0.08623774870771124,0.09689518245339457,0.004019870526936898,2.5055157548760954e-10,0.11503313809937282,0.12852752467081144,0.13951569851274323,6.815335522957661e-10,0.07821654587181509,0.0998878191377161,-1.4966501444414222e-05
2021-04-23,2.993545613408858e-09,0.042407957643069795,0.10188923816165722,0.05411403832640222,0.053065424525975194,0.0862190711328978,0.0974410288476619,0.004058123927602666,2.4778471010529057e-10,0.11377179667459791,0.12724137972388574,0.14068068532794903,6.934327174220607e-10,0.07758691919482508,0.10153928112563297,-1.4948546920450148e-05
2021-04-26,3.0019089730102027e-09,0.04242465250753555,0.10182771097746388,0.05467083364512793,0.05336789427804187,0.08889131384045865,0.09649344458179296,0.004095369112508645,2.46293871790691e-10,0.11244830758123651,0.12746187975253243,0.14127977487818127,7.303567406992704e-10,0.07748092266221865,0.09957286207779228,-1.4969873450251925e-05
2021-04-27,3.0233551014665253e-09,0.04172407239347096,0.1021955936611998,0.0549345274999338,0.054134396697077945,0.0904233961935956,0.09629050769156103,0.004106051685216034,2.446573999019996e-10,0.111011405562013,0.12872115000069762,0.13891801081728883,7.285944937211911e-10,0.07645112424317174,0.10110479460964032,-1.5035051473745431e-05
2021-04-28,3.0868343110094037e-09,0.04133659657723945,0.10054851546787148,0.05507506472559027,0.05436264881676066,0.09104441319344192,0.0961012731591826,0.004111208794383752,2.4701003813844635e-10,0.11327363523213076,0.12516964457517266,0.1386368063041337,7.344367266807326e-10,0.07549475042122913,0.10486052952662214,-1.509086203946596e-05
2021-04-29,3.0512901738496645e-09,0.041091361454880744,0.10059689789538147,0.05440281718937333,0.05285477167271494,0.09005479003071701,0.09691239309467901,0.00406970400934537,2.426093289396648e-10,0.11429260604933843,0.1238440185408882,0.13672446481204584,7.325276738236321e-10,0.07615805773094551,0.10901311769684027,-1.500420357742628e-05
2021-04-30,2.9272767103320145e-09,0.04215086182127546,0.09685403374448165,0.05393307215471741,0.05489494820143279,0.09067120409314705,0.10629423709156509,0.004053946510455008,2.613150152870508e-10,0.10450079963883808,0.13585514216539774,0.13121536249766705,6.981048686536033e-10,0.08056376087365258,0.09903274331460908,-2.011599393565708e-05
2021-05-03,2.957738158625148e-09,0.04189017364293294,0.09601101042486726,0.053024259708886745,0.05649766151685474,0.08886853906273781,0.10502613143952315,0.004052748097974196,2.620287132616526e-10,0.10540771117425346,0.1389828486759457,0.1315363640648238,6.810568110624856e-10,0.07970706556520155,0.09901546705589663,-1.998433072158404e-05
2021-05-04,3.0079851380202143e-09,0.041195349531675265,0.0970197265857899,0.05300526259517405,0.05693622182112896,0.08854284348267029,0.1035900787755657,0.004086426189684435,2.63971779751139e-10,0.10675710006944851,0.13864455352965407,0.12992049261784624,6.610045224034957e-10,0.08072389037678629,0.09959798087056092,-1.9930378946054922e-05
2021-05-05,2.9702950554813996e-09,0.040831105264334644,0.09620445916369519,0.05192891318072516,0.056183398301900785,0.08696825601360787,0.10267686510282742,0.004030557811478323,2.567699975139887e-10,0.10975701821835894,0.14100990190710572,0.12781270522324442,6.621048791862634e-10,0.08108792918832046,0.1015287446655371,-1.9857930305780656e-05
2021-05-06,2.9423549889301465e-09,0.04121402037203247,0.09547955191344405,0.051051324566982414,0.056588370760388355,0.08827075473842044,0.10610128660997249,0.003956152063571258,2.5905493768810534e-10,0.10890300571330548,0.142597990173674,0.12447165473536623,6.465690778625291e-10,0.07983669841175299,0.10154900661074195,-1.9820517631219067e-05
2021-05-07,2.8979841793510495e-09,0.04111345501373013,0.09566708878189155,0.05094010276482084,0.05718355421599569,0.08794811232704978,0.10342920189063756,0.003996753320736727,2.5445508123478236e-10,0.10946668768823271,0.14494485410879543,0.12433034734705904,6.240987412620901e-10,0.07781753640723892,0.10318193903678716,-1.963667951346012e-05
2021-05-10,2.8937356482154594e-09,0.041153163157300374,0.09646902747370438,0.05135811593642333,0.057391254519211725,0.08773685169418675,0.10302392833390762,0.004046669121609409,2.5663775975630494e-10,0.10907184864471695,0.14754556449758818,0.12411483219011772,6.150666368203979e-10,0.07678025649528146,0.10132811954465057,-1.9635374138440248e-05
2021-05-11,2.8956658597529567e-09,0.04180361868666188,0.09594665245111839,0.0516407581020827,0.05712497522354654,0.08774060149699216,0.10126981126368784,0.00404793396094929,2.567895190151408e-10,0.11037171855053218,0.14860214820296286,0.12203951035602702,6.290126611636245e-10,0.07735323837220251,0.10207872481176533,-1.9695259996499767e-05
2021-05-12,2.907675427246051e-09,0.041761817118198,0.09658498528105662,0.05214677585316577,0.05615613286074811,0.08751598563086037,0.10136601253097902,0.004080638377283948,2.625037845924922e-10,0.1095397565545063,0.14807020612011135,0.1215348153306037,6.230079845580105e-10,0.07721803274624625,0.1040446125399328,-1.9774736879508828e-05
2021-05-13,2.8720612548046506e-09,0.041846720983849575,0.0945961434036679,0.051695430392772586,0.05580822795848341,0.08920065860810329,0.1007734198426518,0.003945002401794854,2.541836031845793e-10,0.10937170527509325,0.1492376431154143,0.1220592083840062,6.236041523727014e-10,0.07869899419886381,0.10278656671922802,-1.9725033777868643e-05
2021-05-14,2.900090151646334e-09,0.04120987538818813,0.09379844414528178,0.050693694724628806,0.055700215368330405,0.08927574512590848,0.10107633998679955,0.003954353994562804,2.510654913020999e-10,0.10921778888456446,0.14584914615928657,0.1250659462279444,6.212970184486532e-10,0.0781279386882479,0.10605025416957849,-1.9746635774417908e-05
2021-05-17,2.8558393241524845e-09,0.04059630754269085,0.0923631853751886,0.05047796402106062,0.05579894900696503,0.08981376409116207,0.10422921625093125,0.003815439275985008,2.5248810546799383e-10,0.10791521109084513,0.14399024318646925,0.12335602262040507,6.094221550339173e-10,0.08026745042241622,0.10739591574445734,-1.9672346325845386e-05
2021-05-18,2.8727618944168734e-09,0.04138739845937939,0.0913784561813717,0.049995306221255705,0.05463909625646336,0.08952898158618453,0.10507044626241391,0.003843561467236716,2.5454915292350666e-10,0.10618171755300838,0.14673638692072521,0.12459998406373594,6.20990171049484e-10,0.0779712772723744,0.10868716466410576,-1.9780656556265176e-05
2021-05-19,2.8483514612035204e-09,0.04133568192715059,0.09216403618866961,0.050189684749707864,0.05422912822767264,0.08979555849377661,0.10320005479471273,0.003917738012524222,2.545303612987806e-10,0.1083498210033783,0.14592760122228182,0.12387858824817552,6.145637453576121e-10,0.07946300915699393,0.10756892547129016,-1.9831213779532803e-05
2021-05-20,2.8830750172029252e-09,0.04142653847577465,0.09075002451012723,0.05016798263272314,0.05378278977620926,0.09039216435262397,0.10217548606880775,0.00399399752788726,2.5578570184576056e-10,0.10873421277889982,0.14841363140385117,0.1266952882479414,6.182828043333052e-10,0.07885103257095588,0.10463679541305682,-1.994751600175366e-05
2021-05-21,2.871805524907516e-09,0.04127549736016526,0.09109532035126577,0.05010300478992741,0.05437872668552025,0.08992679949525231,0.10237859686817617,0.004072318446931339,2.578075012998931e-10,0.10894197129182862,0.14738949503728163,0.12570597956986607,6.108433914180228e-10,0.078305074622909,0.10644720693746178,-1.9995197041941975e-05
2021-05-24,2.8595817954202847e-09,0.04062460871123962,0.09263857584754784,0.05018230012718633,0.05333987398260329,0.08923650591781994,0.10232722195564495,0.004162464973418564,2.530758070788586e-10,0.11038060888165768,0.1504454683179979,0.124142675472529,6.067606144951469e-10,0.0766890537063041,0.10585058634078184,-1.9947954149268036e-05
2021-05-25,2.84735632748423e-09,0.040736246575642766,0.09336576795652315,0.049560319433123105,0.05186662047364573,0.08887410534739999,0.10234609542233176,0.00416157925481307,2.509156169140154e-10,0.11018763034175545,0.15357441496485355,0.12448954516106531,6.006219160619597e-10,0.0757195809630562,0.1051379560050691,-1.9865598173010206e-05
2021-05-26,2.8921858287659875e-09,0.04067309523564787,0.09337699177979276,0.04930398709561609,0.05257943011814818,0.09114515534881945,0.1030144728346094,0.004168441748344384,2.5117915042748254e-10,0.10616761255367405,0.1555143709382097,0.1248447306820162,6.055078236915957e-10,0.07478668564911582,0.1044448894320464,-1.9867164913150862e-05
2021-05-27,2.8731896600938004e-09,0.04098407275782972,0.09274974307210712,0.05035004074353201,0.052718075454359234,0.08942561411549704,0.1025760295359932,0.004119639379412872,2.4239826449443557e-10,0.10853689764893566,0.15690529032505668,0.12566700399106162,6.058334642754048e-10,0.07273452873834546,0.10325287019857406,-1.9809682125952775e-05
2021-05-28,2.9167956634006117e-09,0.04083977388495488,0.09086631201751251,0.050583112833972405,0.05301052041812799,0.0902358657818693,0.10434456448002447,0.004187478866594803,2.4512884230347075e-10,0.11137105989003429,0.15418711766016577,0.12768454557785286,6.170905698072376e-10,0.07162839075016884,0.10108120176709486,-1.994770738789708e-05
2021-05-31,2.9272776147045498e-09,0.04215087484364592,0.09685406366721759,0.0539330888171631,0.05489496516104692,0.09067123210571806,0.10629426993082089,0.004053947762908482,2.6131509601946743e-10,0.10450083192401725,0.13585518413739817,0.13121540303622276,6.981050843308119e-10,0.08056378576356216,0.09903277391045018,-2.042494686919959e-05
2021-06-01,2.9794372878529964e-09,0.04146506036486361,0.09594221020475872,0.05287344872428087,0.05522115376640347,0.09212210512993206,0.10809112230664893,0.00410165942961316,2.5912899051239844e-10,0.10334536730168703,0.13146655428484683,0.13499261635260082,7.000915850439919e-10,0.07941815519153604,0.10098084803009519,-2.0305025924334944e-05
2021-06-02,2.9546652831251952e-09,0.04167369519304535,0.09585346048868756,0.053312403054143115,0.05523354079795919,0.09050134619863769,0.10831539022431662,0.004167116672908997,2.5930429857136044e-10,0.1047074373481174,0.12939198397283963,0.1350941750354945,6.932709198142972e-10,0.08059944005835727,0.10117032598691382,-2.031893866148325e-05
2021-06-03,3.001156540664893e-09,0.042519468529831954,0.09745888598296253,0.05397366262117202,0.05506974754232688,0.091339644674499,0.10853927664045461,0.00418560097044483,2.6028279839307646e-10,0.1040860116270489,0.12647445565637494,0.1348369082998811,7.022300241234049e-10,0.07936944606578711,0.10216738833442718,-2.0500908880358866e-05
2021-06-04,3.039940261158287e-09,0.042748724576195836,0.09870373993788012,0.053952539675913284,0.05558096902535528,0.09005760653766873,0.10708218483480138,0.004004082098603184,2.6361624974362303e-10,0.10607421580370659,0.12475778444407434,0.13363773734781367,6.8975607176252e-10,0.07955701975652342,0.10386378754215256,-2.0395574000930138e-05
2021-06-07,2.9906262936952564e-09,0.04293767990408444,0.09843873948777104,0.054040622481894236,0.05591091565501025,0.08987520061557482,0.10697704480485326,0.00399372474033083,2.675393130040769e-10,0.10681699866538685,0.12526968663411409,0.13084629913643572,6.855780830350637e-10,0.08090888522371419,0.10400459526001087,-2.0396552924018087e-05
2021-06-08,3.0157621571198064e-09,0.043801088272471464,0.09976326873572856,0.054219867615042175,0.05569029995450104,0.08713330884181052,0.10698278192131659,0.003984657442042505,2.6973196809121843e-10,0.10681939468462287,0.12492453618713474,0.12723358492240444,6.759623207766447e-10,0.08181773985331382,0.10764990417642097,-2.0436568265962402e-05
2021-06-09,2.994591881533701e-09,0.04367940334170262,0.10017959691956443,0.05339219259510373,0.05560324491480925,0.08579150987186733,0.10758887285484549,0.003969617043274825,2.6933407087403416e-10,0.10490489115715022,0.1256188899943974,0.13094374679148418,6.601840780890178e-10,0.08084488547113756,0.10750345291152871,-2.0307790975918512e-05
2021-06-10,3.0265730870082657e-09,0.04357338145980924,0.09743434647676004,0.05440419114880303,0.05630425122542983,0.08415714778737621,0.10706929018470707,0.004071713672752228,2.760718932319693e-10,0.10680338858519986,0.12570044602352023,0.13159107687609958,6.610178885615882e-10,0.0828028187817646,0.10610831308297015,-2.0369268854930395e-05
2021-06-11,3.011043187094095e-09,0.044130268959727076,0.09763672648608726,0.0554073223359606,0.05599104133185789,0.08432027790488052,0.10601902924558151,0.004083130343597076,2.7075000676644414e-10,0.10628741094664758,0.12311929542205834,0.13350556178569242,6.71227478012214e-10,0.08042357219841109,0.10909677523649157,-2.0416150013575064e-05
2021-06-14,3.0937088954010612e-09,0.04431859041730672,0.0973321285685245,0.05742297262587217,0.05530818001094084,0.08467210511144573,0.10669495656971124,0.004177468723104329,2.7328416986508465e-10,0.10588982326900555,0.12171489778591059,0.1332780840241846,6.62085246329381e-10,0.08082697387447417,0.10838430407503939,-2.0489084598001743e-05
2021-06-15,3.0471739735272276e-09,0.04484068392501914,0.09672359352997136,0.05653925993463632,0.055149494462960795,0.08467860879028431,0.10410025245271869,0.004193982096293703,2.688446248774559e-10,0.10862657275181932,0.12266674302422677,0.13229594525303232,6.530395977931048e-10,0.0806262680803494,0.10957905748283449,-2.0465753204688322e-05
2021-06-16,3.0429391110676517e-09,0.04469197192534827,0.0966788016721772,0.05608787478312841,0.0548627219860629,0.08233136873103457,0.10536475854015878,0.004207731248167355,2.655130998742694e-10,0.11172687730239556,0.12273316771305476,0.1298752539623467,6.623157347431803e-10,0.08114733654356082,0.11031256980066792,-2.0438178871173766e-05
2021-06-17,3.051292242304016e-09,0.045202089699848826,0.09706612862889895,0.05683390641736615,0.05396369926564861,0.08244142030252312,0.10856426899627422,0.004191112777153357,2.6498143542467037e-10,0.11173264329260402,0.12117103981868739,0.12592724205780667,6.643450124213532e-10,0.08193103107354666,0.11099598665582548,-2.0572966802184553e-05
2021-06-18,3.064643477344268e-09,0.04548319448437996,0.09870811497855944,0.057040803633877146,0.05390180339694673,0.08262852707095113,0.11006105089397213,0.004300401987392432,2.640808546985611e-10,0.11257656267630112,0.12257038415737657,0.12457031576766146,6.686330121452312e-10,0.08023219101984747,0.10794733313688958,-2.0687201512479995e-05
2021-06-21,3.0827016210782526e-09,0.04541736673458244,0.0991686257106946,0.057171925116550906,0.05339752160785776,0.08279210739082224,0.10851001253619451,0.004396632510933691,2.594508774206922e-10,0.11253478880990489,0.12082775996745028,0.1261122593284652,6.665811065992631e-10,0.07969590214277159,0.10999582727117267,-2.0733136134376293e-05
2021-06-22,3.086429973081568e-09,0.0456986763172055,0.09821490018595048,0.056307810054300925,0.05352289987373343,0.08254217109446048,0.10954775965568068,0.004396616150291944,2.6054196778174396e-10,0.10983027720429345,0.12467334672286269,0.12591928397721477,6.755946164905951e-10,0.078584335300765,0.11078266776566141,-2.0748324987369266e-05
2021-06-23,3.0586322136224046e-09,0.046062555018969345,0.09817007577683132,0.05651976784474404,0.054163192605603025,0.081521092928427,0.1089172870367792,0.004440777362339114,2.696150990954528e-10,0.10998937998904922,0.12632314085817983,0.12615161877098166,7.011824610982955e-10,0.07636608806627106,0.11139583326906712,-2.081355667170171e-05
2021-06-24,2.98865451683706e-09,0.0445522170099612,0.09773853909640257,0.05618252816333528,0.05356956370750102,0.08079965606117573,0.11262319239339638,0.004391604967984309,2.696423549494871e-10,0.10807693786646964,0.1259930459757875,0.12472381754504595,6.910509565957014e-10,0.07832205264658615,0.11304749107809751,-2.0650461091139923e-05
2021-06-25,3.001544674290402e-09,0.043645667651432386,0.0976568866691771,0.05810421003219365,0.053586747703454715,0.0822012621729172,0.11518053292958708,0.004419397216302345,2.6713725512985877e-10,0.1043333538265533,0.12780925280474767,0.1234196384764782,6.955139092015045e-10,0.0767984341710602,0.11286532104182337,-2.0708659923105805e-05
2021-06-28,3.0005411589091074e-09,0.04373699988185388,0.09642399389454016,0.05886850473575952,0.05316958482549322,0.08039564118236928,0.11495556470494392,0.004419540300908082,2.676598790719646e-10,0.1064961146798959,0.12727292383561256,0.12312863658434364,6.81843288730306e-10,0.07792398804981872,0.11322919441290934,-2.069103849258152e-05
2021-06-29,2.9834898206512054e-09,0.04282118217516071,0.0977646096013136,0.05794451189204534,0.05270286823357428,0.08063734932709091,0.1129239835297972,0.004319431835374598,2.58834522117636e-10,0.10752956046142988,0.12596801789614093,0.129025013168294,6.690261365876194e-10,0.0765125240033739,0.11187159528677668,-2.0651321722457803e-05
2021-06-30,2.927271064646921e-09,0.042150780527118535,0.09685384694718552,0.05393296813682925,0.05489484232842473,0.09067102922035027,0.10629403208744378,0.00405393869182095,2.613145113024835e-10,0.10450059809362554,0.1358548801487089,0.13121510942947795,6.981035222553497e-10,0.08056360549455151,0.09903255231535003,-1.8187307576072024e-05
2021-07-01,2.928670118044022e-09,0.042130357394195336,0.09672376503047247,0.05386407062023431,0.054981002290809204,0.09050087556213814,0.10726976894222987,0.004100629933184287,2.5943436772337477e-10,0.10724746600119406,0.1345634843427152,0.12846381800901946,7.073490421714462e-10,0.07988408002496446,0.10028897402127195,-1.8296067882174974e-05
2021-07-02,2.863477380172395e-09,0.042744936285267425,0.09747597855032544,0.052965751637165735,0.05402441733688347,0.09249645378275616,0.10626916536894977,0.00405482664660279,2.5088045685803566e-10,0.10673982973944651,0.13416680465679684,0.130114073074604,6.905428368279021e-10,0.07773639697829643,0.10122966295892699,-1.8300820922323948e-05
2021-07-05,2.903355354390844e-09,0.04225036163681874,0.09905108656067914,0.05322485671255089,0.054986452371232425,0.09283055660755855,0.10311882477775176,0.004064600037452687,2.5600069476081244e-10,0.10574695077773812,0.13394515424690334,0.13033561947396635,6.585164601073549e-10,0.08048271620743862,0.09998119399441555,-1.8377222378683532e-05
2021-07-06,2.9182803161977313e-09,0.042229722464871264,0.10043789877918984,0.05349661881724209,0.05485558100736765,0.09181338361395536,0.10428436471112285,0.003958927164767677,2.586067787977941e-10,0.10400766363599669,0.1367490205486406,0.1307781117256876,6.664228735703136e-10,0.08066170593215431,0.09674537796654116,-1.838021084700183e-05
2021-07-07,2.8609985582238477e-09,0.04202548810310145,0.09945794408376356,0.05359738226631034,0.054491464719574674,0.0896372273520231,0.10198567980237064,0.0039195210075952495,2.4688605665189966e-10,0.10549833114273595,0.13616921031542792,0.13197826067231758,6.406554595244557e-10,0.08156394932629372,0.09969370101558862,-1.8163555643002524e-05
2021-07-08,2.8246209622152937e-09,0.042344683804321166,0.09944096766486996,0.05263974201203009,0.05481074932653347,0.09058627082466987,0.1011514128983108,0.00398410323651686,2.4077539086907794e-10,0.10305308056306763,0.13647636571945235,0.1320443116713689,6.326674295633436e-10,0.08277729457862128,0.1007091696083399,-1.815560616591476e-05
2021-07-09,2.8260570395985536e-09,0.04197432051300027,0.09933910571915043,0.051980326395257195,0.05576081396779435,0.0889796124955615,0.10325842431149797,0.0039568122145690375,2.34135054781917e-10,0.10447405718513289,0.13576223529955073,0.1329715466674671,6.415947001860193e-10,0.08268947912638147,0.09887127758628891,-1.801518343859752e-05
2021-07-12,2.8311922959482956e-09,0.041668018425626965,0.09934645365300458,0.05032868514319672,0.05565870816825498,0.08761645690265617,0.10480577525430587,0.003963256911662178,2.33298418376681e-10,0.10451715244277525,0.13262569108785727,0.13565225153668228,6.593582835643551e-10,0.08270096259207711,0.10113446368698496,-1.7879528933355763e-05
2021-07-13,2.805378683447588e-09,0.04117755423387162,0.09902216107613354,0.050393835689108164,0.05519031056816837,0.08790113781316697,0.10486110972622363,0.0038932778842964617,2.3426375997686947e-10,0.10554613669892914,0.13253125510755248,0.13781207346409163,6.430714804175905e-10,0.08312273250950908,0.09856622029820003,-1.7808751965133773e-05
2021-07-14,2.7731162576966233e-09,0.04087542267876842,0.09792398407317986,0.05003196409182656,0.054998748134075244,0.08876949194845507,0.10432151263229027,0.0038028178226942257,2.3804695109824964e-10,0.10409909852867937,0.13231224321989296,0.1387562946379986,6.449060570795892e-10,0.08472686850907851,0.09939933773760516,-1.778767061350664e-05
2021-07-15,2.7478571859196216e-09,0.041737022599410645,0.09803887138128328,0.04990272297269485,0.05559441323118793,0.08897873682964885,0.10479858214737146,0.003934016713743037,2.3689637652225186e-10,0.10351076280502862,0.1324696627225682,0.1411693689225774,6.274640295925866e-10,0.08164381161604636,0.09823979116821188,-1.7766721990188632e-05
2021-07-16,2.6886517785993833e-09,0.04130082592018753,0.09796458786560669,0.049090495518571746,0.054298149812391186,0.0885176958120834,0.10537831835587104,0.0038164730662694464,2.383463876359327e-10,0.1041995188523536,0.13371906894664878,0.14322088604202018,6.478732314272287e-10,0.08064063295725477,0.09787099623923542,-1.765296336522505e-05
2021-07-19,2.645049531320378e-09,0.04079349851323055,0.09836336448835996,0.047741157084034626,0.053073768385836,0.08898223027436447,0.10552934450848381,0.0037507611614094687,2.384465406645592e-10,0.1034858526815022,0.13531649754442496,0.14167666460958572,6.516160556854538e-10,0.08350945550307522,0.0977948335283791,-1.743181779827592e-05
2021-07-20,2.644113732987086e-09,0.04105929000445668,0.09790071810888201,0.04901283797568428,0.05315227877416126,0.08861078949610456,0.10427156220442571,0.003806702241015839,2.413724037937829e-10,0.10262925609105468,0.13650618187617647,0.13800206252115518,6.534164642278292e-10,0.08416007709628565,0.10090565415024483,-1.7414078549800714e-05
2021-07-21,2.6252412600970913e-09,0.040535067530442684,0.09697390280430926,0.04827253745791372,0.0540291320683683,0.0903959182428693,0.1047551711112367,0.003873903265502596,2.4194237142963166e-10,0.10251886022178922,0.1358283796440692,0.13734245713844223,6.359871118862752e-10,0.08460860184785812,0.10088347832353958,-1.7413159511660232e-05
2021-07-22,2.6547837861147715e-09,0.04074428025962417,0.09721392235142065,0.047994090373865844,0.05430879297911983,0.09164602236401867,0.10358797429234666,0.0038956985322316042,2.438498494348171e-10,0.10182655282660166,0.13513653549548563,0.13849639973177463,6.261641719843499e-10,0.08553543151399737,0.09963177827100206,-1.7482516286594764e-05
2021-07-23,2.6837668415577553e-09,0.04174577592974716,0.09639953806972248,0.04833418621758157,0.05388225255839902,0.09296272671611076,0.10192506870284358,0.0039264057191340665,2.409536743085131e-10,0.1016134849657551,0.13303367255387588,0.14058280572780518,6.177175082991739e-10,0.08650211973530313,0.09910945377348662,-1.7494212202663656e-05
2021-07-26,2.6889512365117194e-09,0.04193551037867493,0.09590049760843472,0.0486011011483186,0.05505550457304595,0.09232615068288842,0.10386669384141264,0.004022637233915041,2.388070082834351e-10,0.09964432242692078,0.1341253207676639,0.13974865516145424,6.401041204327097e-10,0.08685003855082767,0.09794110756070314,-1.7543502122180004e-05
2021-07-27,2.6628807621433804e-09,0.04244828798375222,0.09542456593715622,0.04868581671816717,0.05576523030288422,0.09187195102242109,0.10393984216427987,0.004027135096272617,2.415622881497322e-10,0.10069947126123269,0.1338395529222822,0.14010385265405148,6.368810110477388e-10,0.08464150554743911,0.09857034512231715,-1.7560273580047693e-05
2021-07-28,2.7109929443747815e-09,0.04207771384666465,0.09465136012512503,0.04821272878699256,0.05627295148764167,0.09243065346961066,0.10375466267982612,0.003976293367790757,2.419939056320612e-10,0.09829831605962305,0.13421364516612574,0.14223421575041298,6.232340772638518e-10,0.08232483405140473,0.10157018172977723,-1.75600972161814e-05
2021-07-29,2.6858844125431344e-09,0.04241364232736414,0.0941683601991754,0.0479586856422761,0.05638082183739823,0.09107602439458591,0.10359371973286606,0.003941731545925293,2.364736457450128e-10,0.09849207560946953,0.1332111286739969,0.14140475487938697,6.080761374533677e-10,0.08444534088447016,0.10293120586346576,-1.7495120814681028e-05
2021-07-30,2.927250745214119e-09,0.0421504879406332,0.09685317464346263,0.05393259376517126,0.0548944612799891,0.09067039983419346,0.10629329425538296,0.004053910551709218,2.6131269740737937e-10,0.10449987271055243,0.13585393712223576,0.1312141986096257,6.980986764220476e-10,0.08056304626831932,0.09903186488830706,-1.1245756244257068e-05
2021-08-02,2.9348804618311724e-09,0.041708384611767416,0.09674808841214755,0.05396860329041799,0.054881779285427444,0.0904035715342656,0.1051589422192851,0.0042032253245660725,2.696974274989208e-10,0.10305482469071364,0.13993424315330324,0.1308954695980773,7.027348927914017e-10,0.08082378775613082,0.0982303649867004,-1.128877011556814e-05
2021-08-03,2.94744287430237e-09,0.041555230163524734,0.0957775678548193,0.052901375929729336,0.05402258226815141,0.08807413102791886,0.10467155293886576,0.004112249597033329,2.673603982380778e-10,0.10474952269013313,0.1419829271576231,0.13021484538708708,6.984130403413372e-10,0.08320639113922747,0.09874285039048301,-1.1230457812843385e-05
2021-08-04,2.9385078471118432e-09,0.04095927827270896,0.09619661063166725,0.05341266631910668,0.05361774545893288,0.08842124449590372,0.10418258365392917,0.004102610223816501,2.575633947735295e-10,0.1044225272294032,0.14426164653884996,0.12887687039268733,6.993400703571162e-10,0.08209641556785942,0.09946102628648883,-1.1228966765048258e-05
2021-08-05,2.9266414860263947e-09,0.04049002666658912,0.09739122056014361,0.05387859475683743,0.053123581112140834,0.08882039319547236,0.10474635605999405,0.004132497722459101,2.5064198973117333e-10,0.10586873531666775,0.14268602909685135,0.12788320580062187,7.304827343195901e-10,0.08241330432673682,0.09857725579979452,-1.1204322075061821e-05
2021-08-06,2.856783646971789e-09,0.040933457606024265,0.09568465714686121,0.053097843696049446,0.05275174000719948,0.09016556446325147,0.10552907987776701,0.004111288595373585,2.5106515884991454e-10,0.10458397680755799,0.14260568976249222,0.1276841997314761,7.408431580017289e-10,0.08363582522601183,0.09922784060105662,-1.1167369813314108e-05
2021-08-09,2.8410466313592396e-09,0.04115567280490839,0.09539502354082004,0.052333598227355935,0.05238945305480199,0.09008714246015019,0.10661979306105174,0.004092828996815711,2.46099045812379e-10,0.10448364979936649,0.14260908018253418,0.12785618801482118,7.514757252932065e-10,0.08504095789170472,0.09794774991703692,-1.1141789988899223e-05
2021-08-10,2.827185386507804e-09,0.040762097145289826,0.09621125480753714,0.05325826181623237,0.05224434253683203,0.08990614850799586,0.10885157701459329,0.004126868986052732,2.479833562933243e-10,0.1026762554423136,0.14435371692516094,0.1260112268582388,7.374777995127867e-10,0.08461508576085555,0.09699431052016166,-1.11501339103697e-05
2021-08-11,2.8066372240084955e-09,0.03996041825719947,0.09670861682399383,0.05367199855710318,0.05074998257090961,0.09057464998329687,0.10712100279974023,0.0041561410141750695,2.4650271176711685e-10,0.10221550693090879,0.14321539344418088,0.12796028844109456,7.179473635717779e-10,0.08513955613625473,0.09853753138548424,-1.1090115428733173e-05
2021-08-12,2.8263934798847514e-09,0.04091288485668453,0.09618774963773272,0.054280624203685124,0.05070401696640696,0.0920446465150036,0.10715701044515608,0.004135236749340637,2.514059876873471e-10,0.10148912798644373,0.14001706214438914,0.126918701689942,7.261849496837792e-10,0.08735384014973983,0.09881018575910892,-1.1090907617574227e-05
2021-08-13,2.8690295572096014e-09,0.04045647967973885,0.09598169866661822,0.05424618246673604,0.050770836206475045,0.09239647307644737,0.10845560019255672,0.00412067449957672,2.52636852412982e-10,0.10170761900281666,0.13831577149140611,0.1270442593625678,7.264850084706231e-10,0.08734974491886414,0.09916577411823861,-1.1117530193689044e-05
2021-08-16,2.8805291666252694e-09,0.04041316099689339,0.09762627945200482,0.053699175270212236,0.0504976186939046,0.0960177679281406,0.1073066903720956,0.004055744866849571,2.562894917980086e-10,0.09877873137608847,0.13828152308766584,0.13211625071870237,7.093669984338951e-10,0.08450484831447784,0.09671335698129845,-1.1151904519470914e-05
2021-08-17,2.8959265683774742e-09,0.04074707795501483,0.09678905235467987,0.053956000582062666,0.05119609277134383,0.09792570265541667,0.10663495780561333,0.003912051009222131,2.5243547257380256e-10,0.09784383569924002,0.13731172024870558,0.13132833470098115,7.212797352959683e-10,0.08622869263486366,0.09613759267153614,-1.1114958321648823e-05
2021-08-18,2.9037412385343885e-09,0.04058492908046169,0.09612577098241322,0.054107326362164525,0.050857336425349654,0.0997592182516909,0.10378813936904815,0.003854745986845172,2.501031551048461e-10,0.09778723436973148,0.13910499073917515,0.13031718702267608,6.981800511047979e-10,0.08691843575009373,0.09680571010180758,-1.1028293481679597e-05
2021-08-19,2.858298482148118e-09,0.04069595531381062,0.09474031280558355,0.053846827669579225,0.050443534752576145,0.10108523837701884,0.1042549185535646,0.00379567900340509,2.5412336699342483e-10,0.0958986857297746,0.14027221723052025,0.12892126975483437,6.958435742868714e-10,0.08798997848084669,0.09806643490197388,-1.1056381753304025e-05
2021-08-20,2.9023889780262167e-09,0.040775453028472755,0.09532150471603,0.053728888907917605,0.05070030300396638,0.10194975060142758,0.1044217219955994,0.0037096218427241055,2.561364646846417e-10,0.09673199203330886,0.13914977188949545,0.1265162440739811,7.160693047663265e-10,0.08905536319702433,0.09795046553249327,-1.108469703547269e-05
2021-08-23,2.8974594369308287e-09,0.040807081973858954,0.09755118907721119,0.05431028995854173,0.05082741644238174,0.10356862668841356,0.10423601055467598,0.003823894579107404,2.6372762367035746e-10,0.09693428900475742,0.1390319120020019,0.12207353832696795,7.040772798780146e-10,0.08770934055038199,0.09913759078604055,-1.1183809604768027e-05
2021-08-24,2.9122809512421896e-09,0.040583530882167054,0.09806032791986262,0.05507895056068263,0.05157971701359253,0.10189176115355855,0.10492905970929928,0.0037805254539277533,2.695159455971873e-10,0.09894569815003054,0.13817617634879323,0.12152512213200907,7.043632390824746e-10,0.08483348074069297,0.1006269195831049,-1.1273533881320922e-05
2021-08-25,2.932463805080531e-09,0.04137388804909251,0.09782667691348712,0.05521379597651898,0.051124450033950504,0.10155312360156334,0.10425750902313557,0.0038711864536540115,2.6932630238265126e-10,0.10010688260744006,0.13867267102481892,0.12009441238296921,7.092196887743903e-10,0.0866085273000123,0.09930825146299402,-1.1378740646361106e-05
2021-08-26,2.955751448778283e-09,0.04103131580890161,0.09735081279401607,0.05557102009311921,0.050733235754098625,0.10164643289566633,0.10386309589130187,0.0038801963109696713,2.599450996874548e-10,0.09731834780088874,0.14013668745954522,0.1222692612528572,6.983376131872683e-10,0.08628082435593358,0.09993014551025983,-1.1379841592173259e-05
2021-08-27,2.9721157497003192e-09,0.04014991187199896,0.09632802870223772,0.055308033599075296,0.05112080367531224,0.10481133235351757,0.10345697091595366,0.0037997760583719726,2.612932879921489e-10,0.09923850279096916,0.1402802836074611,0.1203160837280797,7.095981118292863e-10,0.08726783231460944,0.09793380257795871,-1.1366138552619238e-05
2021-08-30,2.965336543940917e-09,0.04031854642797967,0.09699066740407368,0.05494651166021646,0.050605790869217154,0.10585111990444446,0.10118807475217412,0.003801723775504427,2.5453688648934134e-10,0.10031310805209626,0.13891449934391722,0.12220772683204047,7.117595968075985e-10,0.08485461680070051,0.10001890750078954,-1.1297254787074258e-05
2021-08-31,2.9272671931894216e-09,0.042150724780673554,0.09685371885329061,0.05393289680787155,0.05489476972734192,0.09067090930353072,0.10629389150844766,0.004053933330291047,2.6131416570140924e-10,0.10450045988653257,0.13585470047406212,0.13121493589115224,6.981025989796923e-10,0.08056349894528847,0.09903242134001196,-1.6864735178279284e-05
2021-09-01,2.9443711222795975e-09,0.04213991308128981,0.09712196316022363,0.05412011314501229,0.05453777160140067,0.09164549805129957,0.10730999695217079,0.004156326801791703,2.6708483684334884e-10,0.10374185755545462,0.13813321038000312,0.12955897876987374,7.090978663093544e-10,0.08008718573545529,0.09746409552465557,-1.691467918473115e-05
2021-09-02,2.963292980173729e-09,0.04115489710867323,0.09565070302432091,0.0542181980674788,0.054804447918404026,0.09156852187755657,0.10543689663327926,0.004124472752295361,2.697097593695972e-10,0.1050998803492968,0.1386569494867835,0.1326260516894104,7.169764692458384e-10,0.07932402434444988,0.09735192789139775,-1.6975093325861253e-05
2021-09-03,2.889989390848527e-09,0.040632555883204885,0.0956779836506316,0.05401302008690176,0.05509518754945496,0.09016419346400235,0.10612069889266784,0.004066113187408235,2.7245492642046675e-10,0.10386795879503181,0.13865172884571705,0.13438540052566458,7.064682498579924e-10,0.07874167073801168,0.09860025871728087,-1.6774204890289416e-05
2021-09-06,2.88667152934576e-09,0.04009479868854482,0.09790780716113541,0.05373237197486586,0.055213669517348456,0.09152327146538458,0.10527868319503533,0.004009281483191861,2.7357271066178956e-10,0.10101483888652574,0.13805951898547877,0.13499747585303484,7.034388547518857e-10,0.07656468555272486,0.10162036607162746,-1.677269858102293e-05
2021-09-07,2.8948749425863473e-09,0.04075248953256484,0.09782026186110561,0.053293542265808874,0.055503602039628445,0.0914529816553637,0.1038160968288812,0.00410120418944834,2.716122275809957e-10,0.09833818997525123,0.14133095251709957,0.13414034752220808,6.974726446816896e-10,0.07426822566687646,0.10519890267524269,-1.6800593439032407e-05
2021-09-08,2.8401304569627915e-09,0.040499985584066575,0.09811673643357964,0.05319108489001379,0.055091829165831184,0.08886121147454987,0.10199967276652219,0.004084915863916642,2.666707516702593e-10,0.09800150615399982,0.14195782373986043,0.135431408992541,6.780545577721176e-10,0.07674162979682315,0.10603887419482252,-1.6682841382679224e-05
2021-09-09,2.8545637970843216e-09,0.041156540825634885,0.1011411171926776,0.05258444193213067,0.05522746794124843,0.08660330914687037,0.10280367470097768,0.004127815394162081,2.6793523022167324e-10,0.09752562092634576,0.13798604112508328,0.13702207643977143,6.991458517399137e-10,0.07633071138663143,0.10750794373444916,-1.6764567627440064e-05
2021-09-10,2.818617948643194e-09,0.04144144307033702,0.10094445567507433,0.05224658302995531,0.05484709959187086,0.08637291602526233,0.10358488337803015,0.004061019237365835,2.670173166283259e-10,0.09770761816266024,0.13587489400613448,0.14153644642348334,6.904682115655482e-10,0.07559797014126775,0.10580146653166966,-1.6799049214721148e-05
2021-09-13,2.8648502211855263e-09,0.041650442003216055,0.09987160566158812,0.05288344508584707,0.05495521843168215,0.08661991117213785,0.10306127861454514,0.004016373021963256,2.6826152696847534e-10,0.09684988324030888,0.1398303027302881,0.13846970954059887,7.089020376565012e-10,0.07542884198540173,0.10637977067283874,-1.6786002429946955e-05
2021-09-14,2.8929377886788375e-09,0.04146529801501777,0.10100254204834228,0.051343674139364914,0.05458534501324564,0.08577014093192252,0.1015296429452958,0.004012617238591241,2.703762080400814e-10,0.0981186293363559,0.14068474193433636,0.13722051315912256,7.151017751319356e-10,0.07577249329219896,0.10851117293057629,-1.681486278599915e-05
2021-09-15,2.9321136332393075e-09,0.041734643748098675,0.1006456674970006,0.05127722541346264,0.054560876870896835,0.08596161132008862,0.10254166717540694,0.004079039772508422,2.7189608441754485e-10,0.09877261165620212,0.14191954625176317,0.1369067585854536,7.08067396910369e-10,0.0738287053981045,0.10778855743121189,-1.6915032275079402e-05
2021-09-16,2.947312229346915e-09,0.041468327018660614,0.10046427695519435,0.05159258112432656,0.05495114316641054,0.08484423105983531,0.10401277944892179,0.004147958336074434,2.6758707371690556e-10,0.0976041536790006,0.1448001902717951,0.13670730794262037,6.81215591327494e-10,0.07202427402271946,0.10739969676919983,-1.6923690873799535e-05
2021-09-17,2.8901478958194765e-09,0.04094490142673824,0.09965068909723593,0.05201640781032407,0.05429794562201311,0.08529166851778407,0.10513466186754206,0.004197103393072242,2.6649396362039913e-10,0.09385024852810878,0.14468137236714154,0.13798470339495505,6.746934136253196e-10,0.07370816716034913,0.10825890347257668,-1.677648917623698e-05
2021-09-20,2.893530177578287e-09,0.04122344037809951,0.09959735982753262,0.05032231280561078,0.05374951032342457,0.0862512239480655,0.1035723216961841,0.004167169893937941,2.613248711661479e-10,0.09606978377475411,0.1480415664586859,0.13540243730211055,6.738407805863779e-10,0.07251736385131549,0.10910220902945927,-1.67031178761946e-05
2021-09-21,2.9294678054847186e-09,0.04187787516754379,0.10071647116841309,0.052414861191970086,0.05348627472765338,0.0850103410066198,0.10382032119216182,0.004106247636753992,2.575285017795697e-10,0.09531726438510878,0.14697653488162357,0.13427266456393439,6.853445860173438e-10,0.07241926603728505,0.10959870036472093,-1.6826196129564654e-05
2021-09-22,2.965991077089761e-09,0.04171985447932164,0.10083482330570591,0.052849055005235505,0.052439147184232926,0.0827515103825468,0.10473875643795086,0.004152176267401996,2.665369290829693e-10,0.09595640445486378,0.1495632013814608,0.13440533062860022,6.918984440574798e-10,0.0749433432072268,0.10566328325256193,-1.68899115354457e-05
2021-09-23,2.9626182627032138e-09,0.04240869136439269,0.10063931593792586,0.053583613065724296,0.051782789492749344,0.08231351498882337,0.10427730883095011,0.00400230374615253,2.6065853496876633e-10,0.09387321499907199,0.1508350246369818,0.13573922974586672,6.925695235242282e-10,0.07571383063352337,0.10484796034706886,-1.6801705077288303e-05
2021-09-24,2.9964476618881132e-09,0.04241634205217606,0.10071424900022316,0.0534282820001855,0.05222245802262305,0.08188582780535522,0.10567587056032172,0.003939135191391097,2.5648139382411084e-10,0.09490469590632868,0.15067097967616752,0.13475066644114256,7.036645720919047e-10,0.07490874497275599,0.10449954384678603,-1.6799432050139747e-05
2021-09-27,3.0542501813736114e-09,0.04333649772495914,0.10304356647797487,0.05357905578923419,0.053326679957694675,0.08138592907085108,0.1050260061002291,0.0038315349475980275,2.6448464377423524e-10,0.09421750614886132,0.1513061903167177,0.1335185924008534,7.16755599912944e-10,0.07486964117881162,0.10257569259745918,-1.6896746734679695e-05
2021-09-28,3.0541742647212963e-09,0.042530295912593157,0.10169091241678109,0.05207007115663034,0.05219131432840362,0.08124273834309159,0.10183182472448508,0.0037361920559334464,2.634295714458375e-10,0.09305602240822596,0.1555774140432835,0.1371154710385818,7.031335194095579e-10,0.07534097523594219,0.10363358709736994,-1.682278205910523e-05
2021-09-29,3.046078377969233e-09,0.04201379413693819,0.10198931648692205,0.0521277250491583,0.052077303884470176,0.08196100613585924,0.10112092783198069,0.0036870080272634184,2.647104810926458e-10,0.09391912135778611,0.15311642089527186,0.13972443779733268,6.835832202691357e-10,0.07479968983812835,0.10348011464865695,-1.6870084140067227e-05
2021-09-30,2.9272902519202235e-09,0.04215105681125077,0.09685448179144515,0.05393332164922247,0.054895202145578456,0.0906716235383276,0.10629472880892908,0.004053965264020079,2.613162241308603e-10,0.10450128305975666,0.1358557706315707,0.1312159695002095,6.981080980881916e-10,0.08056413356177955,0.09903320144028761,-2.474208909206999e-05
2021-10-01,2.963975031429431e-09,0.0420727745532562,0.09622438942071096,0.05337267737502454,0.05531112671923953,0.08941821437357902,0.10858970874105302,0.004151620467902786,2.6147610202586004e-10,0.10415259612666447,0.13769043741681075,0.1332241263560679,6.86123955980567e-10,0.07954850033670431,0.09626847696057905,-2.4652759167699727e-05
2021-10-04,2.9891901563212424e-09,0.042553754855113396,0.09526593599441459,0.05334407882057756,0.05466391140077474,0.08880928621637901,0.1099217310746236,0.004128296432259803,2.615717865511843e-10,0.10201825822102482,0.13878533181404676,0.13378201780024793,6.807157830805679e-10,0.07967062309383918,0.09708153220521883,-2.4761859997936938e-05
2021-10-05,2.9644413668230295e-09,0.04189453762158744,0.09707161081989771,0.05293006778245642,0.05457387999607194,0.08992016301472201,0.11510835181084393,0.004053935336261981,2.6322360301185364e-10,0.10086485104765369,0.13753304377394576,0.1321208401510691,6.671125504523949e-10,0.07959339293085733,0.09436006426797383,-2.4742448118763133e-05
2021-10-06,2.99350317999802e-09,0.04195472835445486,0.0976028559514438,0.05269631423561125,0.05438290275419479,0.09034126131577382,0.11341601263499931,0.004037607441774308,2.6014537564114743e-10,0.09958110439929592,0.1329856928335477,0.13526226366555788,6.598650493192555e-10,0.08137900972042239,0.09638500137443018,-2.47585950197848e-05
2021-10-07,2.9724172431889335e-09,0.041708145279596556,0.10082504075123984,0.054037082095666475,0.0546492243808242,0.09112066772763545,0.1130509273677565,0.0040841445090232945,2.5876500624574585e-10,0.09696394543626269,0.1308498536054684,0.13605206642511683,6.503384946133118e-10,0.08172944687018166,0.0949543332811041,-2.4881611396881966e-05
2021-10-08,2.945352884073279e-09,0.04199686167872608,0.10092557605106112,0.05394237382288467,0.05514348103967603,0.09153672147705097,0.11507816504030784,0.004051331823162594,2.5672911369316965e-10,0.09486650070413824,0.12975340955702713,0.13806998655044878,6.642436131953941e-10,0.0830458757126811,0.09161454639381311,-2.4833717303275894e-05
2021-10-11,2.975192157444147e-09,0.041212356927969186,0.10189968903054694,0.05371396066196477,0.055614684158618546,0.08997684562491498,0.1169048967150679,0.003967630360848248,2.5421401653381303e-10,0.09341171959814815,0.12609103982592898,0.1383192707883503,6.85448732396792e-10,0.08710290612489857,0.0918098225577906,-2.4826289902067e-05
2021-10-12,2.995851649480258e-09,0.04116294880110717,0.1020887768413702,0.05331678440553038,0.05555384143665978,0.09028634415874762,0.1155981765082977,0.003949916595092764,2.5314468334586465e-10,0.09429600582285075,0.12350760001389141,0.13774887053327106,7.061472662827582e-10,0.08866485466871742,0.09385060906187226,-2.4732802552069844e-05
2021-10-13,3.0108147561712423e-09,0.04149454907543659,0.10369077101345697,0.05453411654654153,0.05450157661360128,0.08919921870787761,0.118221103242223,0.003953943800726017,2.518715823553068e-10,0.09292504546912003,0.12301554375660961,0.13517367890457943,7.3578221487145e-10,0.0890835419806795,0.09423175255835584,-2.484566767601434e-05
2021-10-14,3.0222163699937177e-09,0.041826215428818835,0.10457133159526918,0.05511328917152124,0.053994987842014265,0.08871487570144036,0.11925805953526715,0.003918273595169117,2.514664708203718e-10,0.09335934674374834,0.1243955029184365,0.1309312931272851,7.439482865534068e-10,0.08858091783394942,0.09536069953253594,-2.4797043086651637e-05
2021-10-15,3.0228371857503153e-09,0.04220707627921564,0.10535387548918727,0.055572931005315414,0.054558769444515105,0.0884281154446627,0.11848498928864311,0.003939414551314709,2.524557148784577e-10,0.09227711692604433,0.12435926833878817,0.12996753129495664,7.278635090135956e-10,0.09005389380360077,0.09482163066547365,-2.4616534874092523e-05
2021-10-18,3.086381258774713e-09,0.04158170421515511,0.10489775059568944,0.05568936993068171,0.05540914022865866,0.08903889321338695,0.11919618076272268,0.0038836062115516277,2.485826652168782e-10,0.09291421009781967,0.12184605845070534,0.12905253529412888,7.357088435718993e-10,0.08861998151128213,0.09789521731057968,-2.4651893034557417e-05
2021-10-19,3.14519276159001e-09,0.04122457837413586,0.10461689488586651,0.05463553269811719,0.05529526278322146,0.09059246940170315,0.11942869401047912,0.003938694404647782,2.4482102504744626e-10,0.09478553214358947,0.12167979543946082,0.13007560796784087,7.402023710122991e-10,0.08724097055716966,0.09651079275938734,-2.482955583530557e-05
2021-10-20,3.1569103149459337e-09,0.041170028499103575,0.10524086859504544,0.05454923990034204,0.05510017526673832,0.08812489014860014,0.11837431409974375,0.00391680698096295,2.506224618098021e-10,0.09530590204525655,0.12407164056990615,0.13072183449099173,7.272911386527841e-10,0.08698976727754697,0.09645921935376182,-2.4691362823536096e-05
2021-10-21,3.112716865790391e-09,0.040798885233919134,0.10446985502554614,0.05527125281324981,0.053436010373313164,0.0890368659032772,0.11629318580912758,0.0038215579053731893,2.537501123369643e-10,0.09591413953019627,0.1259726258437225,0.1318428685209092,7.499234707079758e-10,0.08745265640950721,0.09571465129135767,-2.4558775889587995e-05
2021-10-22,3.1099893680325404e-09,0.041144058910039104,0.10317166213411033,0.054637537800358016,0.053023102934330546,0.0862914831365001,0.11605159206343114,0.0037049105761131997,2.5296541349153855e-10,0.09682781234030566,0.124522443349461,0.1350578267549203,7.27963345233093e-10,0.08901627235117396,0.09657574672612813,-2.44531677895319e-05
2021-10-25,3.0843855295191898e-09,0.04261703120350906,0.10394274578820518,0.05453090524928221,0.05254563158826011,0.08675828074431659,0.1168115515781821,0.003741132892915425,2.539474757874288e-10,0.09859736613273028,0.12477989235728702,0.13175120852151345,7.321939261623124e-10,0.08590046880976389,0.09804842766815185,-2.4646604644115508e-05
2021-10-26,3.0411559873466556e-09,0.04248344294411491,0.10491644317860373,0.053682667189698295,0.05297298042595203,0.08587358249449799,0.1190202525588722,0.003704617049962265,2.496302505304151e-10,0.09919490381030635,0.12333866228902877,0.12929731126155428,7.228121015130327e-10,0.08544944103622254,0.1000902149754493,-2.452322786113745e-05
2021-10-27,2.97874167850866e-09,0.04239711768497856,0.10538801374054549,0.05368296622897499,0.053698364990355074,0.08560711851706024,0.1184717244518907,0.003727878894250212,2.494814345555449e-10,0.0983929827484017,0.12411931259256667,0.12762093651058115,7.13666736614319e-10,0.08446475676387011,0.10245328506890158,-2.4462134266324144e-05
2021-10-28,2.879339492378934e-09,0.04243897444604257,0.1051131924889681,0.05249269542716831,0.05374296479676432,0.08588015212809817,0.1190723836878167,0.003577645219946563,2.538264852761954e-10,0.09699638025643956,0.12515382610417414,0.12886418242878064,7.00800064167375e-10,0.08525290038893012,0.10143908189266472,-2.4383099759988753e-05
2021-10-29,2.9272787310483763e-09,0.04215089091826375,0.09685410060339186,0.05393310938503493,0.054894986095739,0.09067126668401353,0.1062943104671033,0.0040539493089181726,2.613151956743457e-10,0.10450087177635584,0.1358552359470029,0.13121545307640495,6.981053505595076e-10,0.08056381648729143,0.09903281167749534,-2.0806313714256934e-05
2021-11-01,2.9117631716173045e-09,0.04201593828522662,0.09661246099346542,0.05427128212399815,0.05577677528730336,0.09103533984355654,0.10793597858982727,0.003996391008497125,2.5957513705941103e-10,0.10327686952395565,0.136485264856564,0.1303659436068925,7.067616701381644e-10,0.07916874088565239,0.09907979802501986,-2.0786908058730135e-05
2021-11-02,2.9222491056161887e-09,0.04102075286327425,0.09854747842715036,0.053944396078542844,0.05425504532469384,0.09097101189189442,0.1076931815086737,0.003981091062978576,2.626977398152005e-10,0.10420147289620489,0.13678878887147441,0.13101961692872588,7.03683249367802e-10,0.08152435451520237,0.09607352889997041,-2.072315741612483e-05
2021-11-03,2.909177338183273e-09,0.04081145152265281,0.09884327232970741,0.053117711971859556,0.05280485758035537,0.09063942561496978,0.10749478032509145,0.004042396419916112,2.563116263073328e-10,0.10548173443480498,0.14125028883936455,0.12947214374355825,6.840046312678007e-10,0.08048160534076612,0.09558092721680524,-2.0599189345332887e-05
2021-11-04,2.934821049170035e-09,0.040709079577799255,0.10085734422742819,0.052625070156927474,0.05187471706333224,0.09225741914642474,0.1045747637584174,0.004045494407274825,2.69163650103848e-10,0.10585497205393064,0.139207852630602,0.12983611528593564,6.859998086236153e-10,0.08102701917115217,0.09715081519971172,-2.066656892086058e-05
2021-11-05,2.9011376528782625e-09,0.04133616998013919,0.10096039207845597,0.05297931741187122,0.05139847030822227,0.0936348170489993,0.10405497351689476,0.004055396625412552,2.6505085652253894e-10,0.10406928805554111,0.14056276337977217,0.12868877852762226,6.748231684912883e-10,0.07997301681062546,0.09830724023603565,-2.0627820603679383e-05
2021-11-08,2.8656592649706774e-09,0.041027006104489484,0.10034387791682793,0.05149083117516813,0.0501665847572607,0.09345700406463302,0.10238601866811577,0.004090893810898403,2.6721456143906653e-10,0.1045917823806783,0.14382984424315862,0.12773556260521954,6.784175662683798e-10,0.07865040533058601,0.10225067843495853,-2.0493303285797716e-05
2021-11-09,2.9211353021323834e-09,0.04105803676364985,0.10082962488541523,0.05232990454257882,0.050113045988117694,0.09273977644708753,0.10367407380965944,0.0040987417168316075,2.681639314062653e-10,0.10332692525867256,0.13995451710605725,0.1283622002581768,6.898387448433757e-10,0.07840341711465044,0.10513023391848912,-2.0501688524362574e-05
2021-11-10,2.8890550743788027e-09,0.040443725025603984,0.10032272162390377,0.05205675602028718,0.0503667891235096,0.09143097428061157,0.10514537455742938,0.0041954220341987964,2.668998315681905e-10,0.10489794793659367,0.136999444378668,0.13016046198420275,6.996839412473956e-10,0.07931828251749434,0.10468250489232099,-2.0408230463058205e-05
2021-11-11,2.814976124122335e-09,0.04027592548675941,0.09988295703534111,0.05159710590089283,0.05056499651421911,0.09116502281296904,0.10423574415223742,0.004142950299144249,2.6474156473256827e-10,0.10699966463197223,0.13588796409809056,0.12937149593678332,6.959356233020636e-10,0.0800236921665353,0.10587292898204109,-2.045179263919487e-05
2021-11-12,2.745538899984469e-09,0.04086520042904668,0.10186547466918121,0.05119490819777602,0.05018433770763483,0.09103401611032695,0.10362518174708499,0.00417445192224313,2.582358513349594e-10,0.10561402235283732,0.1399014519821826,0.12792327301310213,7.143550520181503e-10,0.08091109514768309,0.10272711698358339,-2.0533980812231147e-05
2021-11-15,2.7276804692414e-09,0.04031024064794267,0.10011007675884798,0.05070482304651832,0.04985178476776974,0.09073063122707957,0.10398165017365375,0.004147216237344644,2.498750975714407e-10,0.10356089217228473,0.14478663520383175,0.12791637870296518,7.350398302797667e-10,0.08196618303257401,0.101953758995913,-2.0274679320808914e-05
2021-11-16,2.7477843002890305e-09,0.04047819443324296,0.09868045551481064,0.050948376696894254,0.05081868909240467,0.09045204488701447,0.10504908543394412,0.004217019959741901,2.4766920508440614e-10,0.10332582755808155,0.1430832162367152,0.12675113593858578,7.219258726740631e-10,0.08101539167335685,0.10520092093578973,-2.0362077961378285e-05
2021-11-17,2.7059380443533165e-09,0.04026211817542858,0.09749877443686202,0.05129892438827567,0.05129105315598105,0.090859794230263,0.10480067788119346,0.0041761431591566,2.41727799718589e-10,0.10576223286538751,0.14042505908923658,0.12735869641931175,7.307092452511823e-10,0.07969308422500287,0.106593661202215,-2.022290668916409e-05
2021-11-18,2.705041601427214e-09,0.0406603369345785,0.09628295668431149,0.050167635577960674,0.05059974032258263,0.09043288549611735,0.10411440595254247,0.004122548485324537,2.331699923720166e-10,0.10576261824954222,0.14386372758747257,0.12743329819465,7.332285378539948e-10,0.07994972426630148,0.10663018589383927,-2.0067316663314304e-05
2021-11-19,2.719326286204887e-09,0.040681727282666294,0.09562843959048258,0.049540294373431146,0.05027636665123797,0.09049297726700484,0.1033260798204153,0.004127274557255198,2.3392370348776626e-10,0.1067832456084281,0.14638061036538205,0.12719523395948812,7.141528697243693e-10,0.07919909204662966,0.10638864812123186,-1.9993311056043688e-05
2021-11-22,2.6626082346181042e-09,0.041107160914431645,0.0954383049171046,0.049583262504898834,0.0509331495623839,0.08945361022198438,0.10377167811807896,0.0041069266351711885,2.3250292354223725e-10,0.10515327902313973,0.14983289627208268,0.1259769688776834,7.205734584527395e-10,0.07624898728621145,0.10841368990468053,-1.99178535361724e-05
2021-11-23,2.697205425445751e-09,0.041273267538051925,0.09549770201038732,0.049965598354611326,0.05251317754058546,0.08770837569496683,0.10520164360597901,0.004066944481465067,2.3318973334447277e-10,0.10509230686817754,0.1492859657987917,0.12637490142368676,7.086157116091569e-10,0.07794176981938392,0.10509831733060648,-1.997410570438809e-05
2021-11-24,2.7287283849560445e-09,0.04140766202355044,0.09491387230432566,0.050414140629101385,0.0518637616425066,0.08834072695624393,0.10387574702027916,0.004121171892446568,2.3155043714001115e-10,0.10506769091018499,0.15102240033387118,0.125585067273001,7.127775681286843e-10,0.07631770513519734,0.10709015124510857,-2.0101038873235376e-05
2021-11-25,2.7677423282164522e-09,0.04247962188220138,0.09479062312448894,0.050755372488408945,0.050629313424452614,0.08984483016287943,0.10473626038628275,0.004084159958858711,2.353045437665612e-10,0.10443486710512927,0.14959450095861232,0.12633532269138778,6.980867589518757e-10,0.07758462500471007,0.10475054919379066,-2.0050082336476022e-05
2021-11-26,2.7405705595051473e-09,0.04209404760882929,0.09558322256231294,0.05040580529985693,0.04981125255280315,0.08916912256671997,0.10471964965137083,0.00401703722972167,2.3135880150871327e-10,0.10789485864586304,0.14756730568787288,0.12569926127370837,6.938983446954986e-10,0.0770255896478732,0.10603289179381557,-2.004818657571059e-05
2021-11-29,2.77428315348573e-09,0.042103963796433545,0.09462517707259765,0.05131653568061977,0.049924131044909136,0.0914620947785116,0.10190037596427363,0.00404231052102189,2.3878984390676723e-10,0.10768653405786706,0.14755765284622788,0.12678390430659028,6.896093513475683e-10,0.07686993803386744,0.10574748883619486,-2.0110641797039137e-05
2021-11-30,2.9272655529256065e-09,0.042150701161952034,0.09685366458231365,0.05393286658713213,0.05489473896762697,0.09067085849702695,0.10629383194776784,0.004053931058711546,2.613140192767264e-10,0.10450040133078357,0.13585462434928958,0.13121486236622368,6.981022078051405e-10,0.0805634538023673,0.09903236584822166,-1.6304386098755217e-05
2021-12-01,2.9637476073727343e-09,0.042044409491640115,0.09727804485927548,0.05379517321008717,0.05425023266544481,0.08774463913566043,0.10620381840897286,0.003995025626590304,2.572925670555932e-10,0.10332584257141329,0.13920418008056323,0.13606304587327714,6.983512044816807e-10,0.07960897939009183,0.09650284432393053,-1.623955633869314e-05
2021-12-02,2.9975998871950378e-09,0.04310248863699088,0.09769953681810342,0.05269610618557818,0.05507887429590278,0.08948458143448935,0.10467282391547493,0.004033709402851571,2.608788587860897e-10,0.10395397546812431,0.13841827547239766,0.13940163573675324,6.984774524905759e-10,0.07802378803006517,0.09345055006528173,-1.6349418969491583e-05
2021-12-03,3.025564767195104e-09,0.04326206176634731,0.09754828723427571,0.052300619789162735,0.05459153408957514,0.08803781150390665,0.10381549664309077,0.003903336015877181,2.5742863562555004e-10,0.10321473455471471,0.1394678421636184,0.13899556370004687,7.06648503218618e-10,0.07976633070654006,0.09511268230253578,-1.6304459333202823e-05
2021-12-06,3.017454009661181e-09,0.04296152605349729,0.09583609627789946,0.05237480013275399,0.05531632116762664,0.08780905181189468,0.10576374681622612,0.003792627455573132,2.512807550942159e-10,0.10386890702277546,0.1391103914977514,0.1411113057443093,7.016835257787373e-10,0.07797713444082448,0.09409427318884012,-1.6185580390557078e-05
2021-12-07,2.9842712276820033e-09,0.04262205614075492,0.09718998789692368,0.053090599109512845,0.05576285675250465,0.08618736802365842,0.10564215648830509,0.0037407150449806784,2.5663039660746843e-10,0.1033182098234668,0.13718679150763965,0.14172529823166424,6.964938778536542e-10,0.08039695361653527,0.09315324298234562,-1.6239555687437123e-05
2021-12-08,2.9511790914986854e-09,0.04178444790859832,0.09737291991900834,0.05286674514048984,0.054919641298068506,0.08770261160864948,0.10684156893571764,0.0037480340963846996,2.6245174089856786e-10,0.10463233349175573,0.13568972595503154,0.139585440518067,7.082518677190926e-10,0.08118202919483618,0.09369076939222984,-1.6271380719961203e-05
2021-12-09,2.9401019678886055e-09,0.042222611033441264,0.09699733723202625,0.053035297011576596,0.056130184173758584,0.0873440091313927,0.10503900411689632,0.003708671268401872,2.675248456533004e-10,0.10552217065278796,0.13602437612417362,0.13902231034916862,7.175804983828999e-10,0.08029805519174572,0.09467230753454448,-1.6337745121367134e-05
2021-12-10,2.9399130235695663e-09,0.04212851593039231,0.09699912816291534,0.05317536660609484,0.05648990129649194,0.08822391227760804,0.10051617748656855,0.003692232381538654,2.6786374062342406e-10,0.10875840182262343,0.1346050372774528,0.1404084845553808,7.417234758239861e-10,0.07894711346050426,0.09607217186926882,-1.644707634004225e-05
2021-12-13,2.8932566329904817e-09,0.0415643643829774,0.09536018497746525,0.052292909784997,0.05787637364171655,0.08844650011775683,0.10117550875816708,0.0036876406683615352,2.5935211136550513e-10,0.1085384472800792,0.13583777485429996,0.13727434767285052,7.482344832918366e-10,0.07932107361008392,0.09864117679155382,-1.6306441152418106e-05
2021-12-14,2.9128745786303215e-09,0.041546446225890134,0.09601633694673739,0.05373105040830074,0.05720713364619616,0.08704094599886322,0.10240593667752974,0.0037047183968140105,2.6223483454244537e-10,0.11134497646810876,0.13611094930337528,0.13441176920625017,7.836784951038301e-10,0.07874817718445455,0.09774803437027114,-1.6478791579300724e-05
2021-12-15,2.922319903712396e-09,0.04109166403044329,0.09527378305285503,0.05364900729851431,0.057554398126956105,0.08606481247299738,0.1037808357122328,0.0035677760810904615,2.6336613905064436e-10,0.10914097817055345,0.13818491236074193,0.1338174571899495,7.691845242808541e-10,0.07916131484975647,0.09872941507490723,-1.635837586863593e-05
2021-12-16,2.966507662790603e-09,0.04103061034635816,0.09563452324491224,0.05413403213967511,0.05804998593104851,0.08768663884721846,0.10188534313120465,0.0036176627737710162,2.6465323586656227e-10,0.10871842184522156,0.13779177483674732,0.13457550033890153,7.273377106247878e-10,0.07888278587374278,0.09800921909345565,-1.6502360755642992e-05
2021-12-17,2.9760079517188636e-09,0.040623091153347286,0.09524401033817292,0.05499603210867595,0.058650649044804035,0.08855184005800511,0.10103093922783829,0.0036395770625951202,2.6331372357992656e-10,0.10821777672283002,0.13849232279135149,0.13301934220292608,7.452772277156373e-10,0.07853837481824565,0.09901250951826862,-1.646903165948849e-05
2021-12-20,3.0216141460564813e-09,0.04111214875438488,0.09394613530809942,0.05536718023975419,0.059355316905082965,0.08971597242012298,0.09968457789047852,0.003612008568089921,2.676759701621753e-10,0.10713193086602057,0.13807331684496985,0.13680912679589677,7.460616622971521e-10,0.07764764919387046,0.09756112349536807,-1.649131749053767e-05
2021-12-21,3.0179822918736295e-09,0.04038285496807195,0.09329470633953561,0.055342772815625677,0.06003748438505682,0.09010454916378718,0.09831315331652836,0.0036571325554761052,2.6539185673427033e-10,0.10464933253772721,0.1371311536041625,0.13956387084364882,7.452361685508152e-10,0.07735742919129696,0.10018197287655396,-1.641662608156724e-05
2021-12-22,2.962847086348434e-09,0.03966671827381188,0.09123127906727095,0.055316613130222264,0.059876209820063975,0.09145738236761233,0.09817824274567008,0.0036194132985874687,2.6418180994385885e-10,0.1043626243302933,0.1328150976292495,0.1452862812565842,7.486672379550724e-10,0.07730814441186049,0.10089832408777924,-1.633439470199029e-05
2021-12-23,2.9728487229365993e-09,0.03948052717676603,0.09031526715877297,0.05551766440845732,0.059964729197536766,0.09022157247925451,0.09974452233492487,0.003623166219747928,2.6622146997964176e-10,0.10629144783655012,0.13246069817749168,0.14562565381103393,7.570520593695411e-10,0.07606347948321227,0.10070754491401641,-1.6277193887077143e-05
2021-12-24,2.933508907187786e-09,0.03853646875400374,0.09124701322342377,0.05383938127981278,0.0581759460847008,0.09043313903601606,0.09927105354239912,0.003519775777688803,2.6481240442607324e-10,0.10717398034603501,0.1305260047485022,0.14986570420251397,7.238328641585583e-10,0.07594331715627455,0.10148425151307842,-1.6039586603463995e-05
2021-12-27,2.9378870348013027e-09,0.038193626354253676,0.09034107210442045,0.053746458514341254,0.05835527878695462,0.09051829858216702,0.09998964450991918,0.0034458165553203613,2.6216336601763605e-10,0.10491192612270214,0.12885537344887488,0.15143155114712753,7.204662091631328e-10,0.07903157096163316,0.10119530521956312,-1.5926227794026764e-05
2021-12-28,2.953380489896124e-09,0.03841573811812573,0.0901464146688559,0.05396821146814101,0.059439758201530454,0.09109015535569003,0.09940160026562675,0.0034173384483113627,2.6169668137311427e-10,0.10555347700807982,0.1320011530372694,0.14875116911034733,7.200418841851402e-10,0.07964160730518695,0.09818937109756772,-1.599801985167436e-05
2021-12-29,2.9404812010753333e-09,0.038287339569966744,0.08969279213993328,0.05428283516390177,0.05954033269532666,0.09077434316974238,0.10034614104388707,0.0035138381115917714,2.6907255038261924e-10,0.1027925728683521,0.13374339371867405,0.14887528064382696,7.248002685386211e-10,0.07937264775868132,0.09879453057633424,-1.6051394572437145e-05
2021-12-30,2.9361849561156097e-09,0.037954151051350284,0.0885733541623813,0.053852102790983895,0.05954407843358859,0.0912201971335562,0.10122575660958497,0.0034798508805560153,2.6948703789217367e-10,0.10405305104988233,0.13591242599231884,0.14834437065297376,7.201519359710232e-10,0.0794482256149058,0.09640843357617392,-1.600187407984255e-05
2021-12-31,2.927259513713507e-09,0.042150614201264716,0.0968534647644931,0.0539327553187779,0.05489462571484352,0.0906706714348914,0.106293612654033,0.004053922695087181,2.6131348016240336e-10,0.10450018573705738,0.13585434406898145,0.1312145916581618,6.98100767557502e-10,0.08056328759271664,0.09903216153554444,-1.4241262526242827e-05
2022-01-03,2.9921189001408183e-09,0.04211401227462563,0.09772681364710278,0.05397383668220886,0.055131521069155025,0.09377417955738002,0.10673873868013208,0.004108844812359908,2.6563353253318577e-10,0.10374787457585354,0.13511053601337666,0.1296404186647477,6.931250202273032e-10,0.07703624829418612,0.1009113269893818,-1.4355211387449805e-05
2022-01-04,3.0171836990530834e-09,0.0417218694554988,0.09519673765657845,0.053000722218339714,0.054237241645736636,0.09156252151954919,0.1068275572915045,0.004111862867032981,2.583118384713661e-10,0.10380644826106622,0.13699132519395196,0.13239369920208297,7.203251281937139e-10,0.07497850777037163,0.10518570000007088,-1.4197077604534933e-05
2022-01-05,2.9993973345820463e-09,0.04136678863916951,0.09529398528585183,0.05251668604684872,0.05436688667974184,0.08979557243996333,0.10622914287232783,0.004176878699566553,2.574914087661145e-10,0.10379493648247445,0.13773143634312104,0.13470426844360106,6.978621174212648e-10,0.07561078349083916,0.10442678858393337,-1.4157962189500417e-05
2022-01-06,3.0260866406320948e-09,0.04211752560841602,0.0947586053726023,0.05229067722484713,0.053483214031138364,0.08982814884508124,0.10894548645368025,0.004201066786790811,2.542728422261247e-10,0.10379247454841403,0.13543481836462262,0.13315593491719335,7.079997228341164e-10,0.07456278494494625,0.10744351757629547,-1.4258662387049568e-05
2022-01-07,3.021001296128673e-09,0.04211266268571009,0.09438381759611975,0.052705474573105496,0.0539435420156531,0.09013569729999474,0.10968362519544017,0.004185045701575807,2.561184639590954e-10,0.10317042320279818,0.13534135748890408,0.13244668555725195,7.018519434155145e-10,0.07357975120400292,0.10832615494605281,-1.4241445580701945e-05
2022-01-10,3.049942902634026e-09,0.04249513804728467,0.09285101683172478,0.053341415218603604,0.05359247933289873,0.09059132718126227,0.1080609515457511,0.0041826896385466815,2.5665718830850184e-10,0.10054052141125702,0.13633465317594157,0.1351203659339699,6.980031457667016e-10,0.075221567350284,0.10768206954713926,-1.4199219266706794e-05
2022-01-11,3.0653964992308104e-09,0.04142009240918445,0.09500137119679136,0.054101741289779466,0.05325646353335491,0.08805432132828163,0.1081808509768349,0.004085903815430873,2.576517314945539e-10,0.1009112569482464,0.13390042936174965,0.13731340580563176,7.060270156896641e-10,0.07636181313984361,0.10742650089029918,-1.4154724503351654e-05
2022-01-12,3.010785767129595e-09,0.041642893527474446,0.09430289850917034,0.053004055266183694,0.05389334318945038,0.09002975330043848,0.10765211068261767,0.0041927651637343345,2.568974734795541e-10,0.09988932784127079,0.1319742716880575,0.14051294758414293,6.934667933988255e-10,0.07706435313015898,0.10585536435164444,-1.4088195494088999e-05
2022-01-13,3.0016939211344165e-09,0.04213449606913056,0.09404665414489437,0.052832848802391544,0.05471392852039737,0.09200901450172377,0.10875202616811282,0.004160238859772759,2.5534870307273723e-10,0.1001722185883347,0.13287472231951136,0.1383995220815263,7.034372734776996e-10,0.07731586623513252,0.10260256394876409,-1.4104200171833354e-05
2022-01-14,2.9637738372421812e-09,0.04175756169812856,0.09361231197030744,0.05377233478896203,0.05466486865124732,0.09067599605555043,0.108669828799768,0.0041241961179740005,2.556390510699597e-10,0.10070697993606569,0.13498724929987865,0.1378474659361768,7.210871791018922e-10,0.07831751013767764,0.10087773919788903,-1.4046530125691618e-05
2022-01-17,3.0072113114597623e-09,0.041641649897238835,0.09220821090036961,0.05446260534856261,0.05570912160622151,0.09009805539061379,0.10729183574189255,0.00408986495788666,2.568348435509185e-10,0.10210397609755335,0.13544227503149495,0.1372852927463602,7.357732617522846e-10,0.07742527326424695,0.10225579318337677,-1.3958165637033422e-05
2022-01-18,3.035278107598679e-09,0.04233005737368657,0.09321363832764205,0.05509028905695295,0.056130442407848105,0.09277234546935934,0.1075330677632187,0.004096702020779923,2.681831065472098e-10,0.10493283650428026,0.13182323270146037,0.13766306560418679,7.212463350731731e-10,0.0770327019090922,0.09739574091874287,-1.412408195752312e-05
2022-01-19,3.017100763339029e-09,0.041645290655608166,0.0928407424962522,0.05381378278708294,0.055929190754299835,0.09185813780544803,0.10921529220588466,0.004159803363371945,2.7009504116215496e-10,0.10393680167871776,0.1354594545441685,0.13346888614751032,7.004227769173855e-10,0.07658181016225528,0.10110485831338255,-1.4054901600752674e-05
2022-01-20,3.0316532166424696e-09,0.041849725915297876,0.09201740269820168,0.05476940514372886,0.05696487165439712,0.09342667199882283,0.10903723302968733,0.004146763467644631,2.667591561711096e-10,0.1048010426447176,0.13402595727121494,0.13174239568707324,7.001470700133677e-10,0.0764398471294894,0.10079282629502065,-1.4146933855581323e-05
2022-01-21,3.0438945861986715e-09,0.04186901938262049,0.09170265552152465,0.054868895543402706,0.05626460604371334,0.09353166574763833,0.10923727522171144,0.004057771923265659,2.70663387081191e-10,0.10335610670192134,0.1342106716275549,0.13432203888552358,7.114948553805008e-10,0.07648773238677994,0.10010569592286682,-1.4138934575950624e-05
2022-01-24,3.07225531809756e-09,0.04217142888905109,0.0911286448911602,0.05439294292617478,0.054874597404018725,0.09376362234379453,0.10917350618144075,0.004125405746112224,2.7226619412261696e-10,0.1055610171719157,0.1327810643159159,0.1369926448585137,7.053900115130576e-10,0.0776276948268452,0.0974215676511986,-1.4141256053103749e-05
2022-01-25,3.0535927867462878e-09,0.040983365793697386,0.0901187857320256,0.054219785944757286,0.054082172582490824,0.09174831860908672,0.10952459008180615,0.004086070752297723,2.681112673559071e-10,0.10478200563056411,0.1373423069907646,0.13854480055315663,7.140579067805317e-10,0.07762440756190996,0.09695740715104459,-1.4021419363389164e-05
2022-01-26,3.027450927963733e-09,0.04128903779258391,0.0909474657464628,0.05382234052111295,0.05409598366110031,0.09071913388297255,0.11106331737338392,0.004193829726857958,2.765028108100705e-10,0.10700237999220051,0.1371859637261167,0.13600306981061977,7.02260500643368e-10,0.07695075475270281,0.0967409395326631,-1.422052499152887e-05
2022-01-27,3.013035587276865e-09,0.04073324586503289,0.09098813416718478,0.05350864144262737,0.053932796897765825,0.09175839182750954,0.10895706992888905,0.00420580111843238,2.7560747536159473e-10,0.10612902026656255,0.13873828464199897,0.13761255210665416,6.885872893993166e-10,0.07647380122494363,0.09697642792817526,-1.417139300674911e-05
2022-01-28,3.0106514682953597e-09,0.04104905595001634,0.09143313186887779,0.054736015167608496,0.05303132636087852,0.09179159620504337,0.10783259776569686,0.004250245116588499,2.695354614450107e-10,0.10691783386084854,0.13760816723566044,0.13619476332822336,6.725494573433593e-10,0.07598994096696107,0.09917951620003065,-1.4193979170219298e-05
2022-01-31,2.927244480167291e-09,0.04215039772807412,0.09685296735350786,0.05393247833596655,0.054894343792147964,0.09067020577691913,0.10629306676121728,0.004053901875329347,2.613121381330197e-10,0.10449964905475626,0.13585364636092015,0.1312139177785079,6.980971823167321e-10,0.080562873843303,0.09903165293541168,-9.105482715072865e-06
2022-02-01,2.9069183903527394e-09,0.04228743628581945,0.09713709771020006,0.053620787284109225,0.05342011367127986,0.09363372457461867,0.10820490938147667,0.004073231622815194,2.5699888643663616e-10,0.10375644670796969,0.13394053321213378,0.13330010457669367,6.97612262950513e-10,0.0789956680393801,0.09763899565383667,-9.052581862701766e-06
2022-02-02,2.9361020968829887e-09,0.042950028777540936,0.09869146969166205,0.05406142594323418,0.05323311853735752,0.08970645899046145,0.10859783329089182,0.004071705884969377,2.5745034032458085e-10,0.10381289285326484,0.1310298549696397,0.1345215327337869,7.052016061661417e-10,0.07996308491303095,0.09936963535123487,-9.045835828711807e-06
2022-02-03,2.9671429234602743e-09,0.042979920143810225,0.0990987034208075,0.05438437439180542,0.05356669284564431,0.09130687519677472,0.1100897248221207,0.004212657667654956,2.672284743608233e-10,0.10447068849726827,0.12352006224351939,0.13803490187712883,7.021360298533758e-10,0.07920620734539603,0.09913827540704895,-9.08779548673676e-06
2022-02-04,2.953706954269987e-09,0.043234095303524275,0.09740559025713283,0.05369997840376045,0.05377936170807338,0.09202053705234067,0.11102720058735642,0.004165217981601985,2.6332643887045605e-10,0.10364371806663257,0.1239964648156333,0.1414932213411958,6.769427325051822e-10,0.07889238585189469,0.09665130791277862,-9.083175901150534e-06
2022-02-07,2.9108262544803473e-09,0.04370688808770765,0.09809252723948535,0.054041264293784995,0.054447405096270954,0.09156901852620423,0.11052021692395446,0.0042998189234367675,2.627132159321499e-10,0.10496895065040203,0.124181965918942,0.13727758722911365,6.536130984462372e-10,0.07817581148635085,0.09872763324111024,-9.09144391581563e-06
2022-02-08,2.925409076491364e-09,0.04400579543526113,0.0968179164990455,0.054914429365965814,0.05368525604094016,0.09160968625696539,0.11025617760925976,0.004279698388233578,2.6734512945915735e-10,0.10359574315750758,0.12120893364285672,0.137034356001583,6.476796015944906e-10,0.08281430675658216,0.09978676465516992,-9.067649804652376e-06
2022-02-09,2.9151022391204907e-09,0.04355165187753084,0.09489063684852948,0.05429199059250346,0.053784856794685885,0.09333134935821194,0.11198267431343868,0.004295923978756312,2.662149968341739e-10,0.10409030220736688,0.12026670016729828,0.1410982498202728,6.459729550578077e-10,0.08274310340113401,0.09568162579408523,-9.068981104089762e-06
2022-02-10,2.895606757457961e-09,0.04370859771935025,0.09334713603563938,0.0535679520948932,0.05404540886020708,0.09113338279345622,0.11304938939312566,0.004243696991273793,2.6345558601457374e-10,0.10180499135038086,0.12045004553627106,0.14628456311299845,6.518724922693182e-10,0.08107546723973572,0.09729838826443997,-9.023202706566125e-06
2022-02-11,2.865225190307721e-09,0.04398452987971768,0.0934570270680827,0.051374485991743934,0.05299072329483493,0.09155575692280042,0.11244763587533818,0.0041515046513903595,2.5907343909058583e-10,0.09807556685196837,0.11940667585281428,0.15064387841209484,6.563252115142301e-10,0.08370644906346394,0.0982147158992624,-8.953544135955155e-06
2022-02-14,2.891027958846915e-09,0.04483349898828116,0.09377781427264287,0.05123289995264386,0.05362412570727219,0.09321054435322279,0.11166074782924611,0.00410702327889289,2.594858652433525e-10,0.09929725020728354,0.12089984513572849,0.14696934193346073,6.780894872638258e-10,0.08270195882379776,0.09769389123897533,-8.945550051056372e-06
2022-02-15,2.874830654356469e-09,0.0461951698165315,0.09430562314615033,0.05088679716634427,0.054352791103793686,0.09442066187913696,0.11172546911705963,0.004169024357936032,2.5712178555718806e-10,0.09885369456183042,0.1173432532796841,0.14415660608014597,7.018900333129238e-10,0.08545710430347078,0.09814277151492697,-8.970160853216955e-06
2022-02-16,2.9164977094334515e-09,0.046066396767077473,0.09395048162785591,0.0508631275346547,0.05421148101521214,0.09406074841497537,0.1133326579453536,0.00417371695615672,2.595884790851799e-10,0.10034100037495684,0.11797276954026054,0.141672047423393,6.84647879269696e-10,0.08561758441951552,0.09774694176116347,-8.95764130935499e-06
2022-02-17,2.908328179718253e-09,0.045893305318571866,0.09622653245593354,0.04990976757007847,0.05271556918408247,0.09413256062027117,0.11236749992534845,0.004178043499894814,2.6094842368470536e-10,0.10199542717750007,0.11470930526240881,0.1398769217646101,6.875305049163742e-10,0.0865362643666664,0.10146772240827891,-8.923410452255616e-06
2022-02-18,2.9168703327359703e-09,0.04559131371081301,0.09473149565600165,0.049291541852903076,0.05202603799755284,0.09436355418090162,0.11209550317632719,0.0040757484857261985,2.5775338359233014e-10,0.10278631093843867,0.11469845857469764,0.14040955717945605,6.882033554887691e-10,0.08859437370173072,0.1013449684619024,-8.867779278098538e-06
2022-02-21,2.907047247564576e-09,0.04518266197366999,0.095018781630653,0.047929049504004534,0.05193002368602898,0.09415426167707139,0.11008116287859193,0.00402407049203172,2.6098309385967305e-10,0.10320948938079946,0.1149522417357203,0.14121853517448626,6.89749025270914e-10,0.0906585867324173,0.10164999978107246,-8.868504326710426e-06
2022-02-22,2.854991092187181e-09,0.04573709168872632,0.09500450028296996,0.04740972700876796,0.05093108585809669,0.0942491180561772,0.10946537844678893,0.004097399592448413,2.586142942198365e-10,0.10146766246768192,0.11616390683669722,0.1428660063712811,6.891259873610179e-10,0.0914246295283096,0.1011923196660239,-8.829606700516955e-06
2022-02-23,2.850918426624936e-09,0.046109833864603565,0.09530429379344953,0.04715001776325503,0.051585646186176254,0.0910731965710318,0.11210743086402084,0.0039846497484900744,2.5533563051488756e-10,0.10106113227533062,0.11550070438892596,0.14480889179164935,6.741159208269955e-10,0.09155930254362919,0.09976369225788978,-8.795828821812216e-06
2022-02-24,2.857835039222907e-09,0.046064267117134676,0.09537086830004572,0.046839655698417824,0.05125337929638393,0.09138852355113262,0.1135133306647347,0.00395023063579327,2.520092971590315e-10,0.10201227370801202,0.1154309314566077,0.14682983827775126,6.633923756016291e-10,0.08859260075838267,0.09876288767025872,-8.790907891735369e-06
2022-02-25,2.833737801030356e-09,0.045973566309635346,0.09460677404723666,0.047185080469381725,0.05101846719845927,0.09146782235168456,0.11363750867604644,0.003957170121665596,2.516735927247276e-10,0.10272321954565304,0.11383935927695928,0.15016148246945454,6.600713384323641e-10,0.08640435417897255,0.09903397021962207,-8.778610253812511e-06
2022-02-28,2.9272974226346117e-09,0.04215116006482782,0.09685471904698402,0.05393345376473281,0.05489533661731921,0.09067184564828581,0.10629498918937508,0.004053975194646886,2.6131686425324215e-10,0.1045015390469631,0.13585610342498897,0.13121629092793258,6.981098081795571e-10,0.08056433091234681,0.09903344403283616,-2.719175796344653e-05
2022-03-01,2.899003089012154e-09,0.04112292868772375,0.09708698305195304,0.05311632533168769,0.0554165794735384,0.09000745388738174,0.10690102161688725,0.004124563041782053,2.5602039147382724e-10,0.10334144641332235,0.13537592613006993,0.13431134626768307,6.884920492549356e-10,0.07951450661448768,0.09970803146125541,-2.711582128772984e-05
2022-03-02,2.8715679244598163e-09,0.041021496705089075,0.0950811530074847,0.054250455691993146,0.05429586790701927,0.0892873995585272,0.1064413817308461,0.004220089065461819,2.5003065942871826e-10,0.1061198275272123,0.13652161938888277,0.13475270636020362,6.741030207737226e-10,0.08004713763755957,0.09798786274535143,-2.7001121332686145e-05
2022-03-03,2.8951032245974487e-09,0.04046811008974459,0.09461652717511167,0.05370863737601145,0.053450852664020054,0.08981281240700928,0.10682916543084231,0.00427723169086227,2.425734978874588e-10,0.1074975912932884,0.14157041681310176,0.13326959821718395,6.9415027950188e-10,0.07939589806101742,0.09513005013180062,-2.6895181820966116e-05
2022-03-04,2.8881564374877312e-09,0.040918633726481135,0.09381152197822049,0.053369419870794306,0.0538686049995325,0.08987301553734348,0.10774291590307206,0.00429459582805094,2.4447526456797827e-10,0.10685601115603781,0.14221139227861399,0.1312903690467366,7.104253234699999e-10,0.07854604084350629,0.09724437799227684,-2.690300372361377e-05
2022-03-07,2.897108776836813e-09,0.04122152803057692,0.09381178970311004,0.053032482401325805,0.053013546372409584,0.08914129309428294,0.10786084575870492,0.0043312555991106925,2.495177597386908e-10,0.10670850738074183,0.14096614600208124,0.1288173313068845,7.204619819606022e-10,0.08098286085980948,0.10013945034197287,-2.7040718099318956e-05
2022-03-08,2.9052620160078517e-09,0.04132869973882635,0.09516716941213431,0.053033159988309174,0.05322899606420625,0.0884439851627279,0.10548699499800859,0.004273553100561779,2.485755027034242e-10,0.10642328965604596,0.14484154110063271,0.12853517903662148,7.327636773563967e-10,0.08005997755247102,0.09920438111913635,-2.6930816282978776e-05
2022-03-09,2.8707545789093975e-09,0.04104749231359869,0.09577974751054105,0.05307868196763764,0.05388164515427158,0.08872291942018222,0.1050752430303808,0.004407525229739434,2.4845577783576517e-10,0.10844580417774567,0.14404026911386594,0.13020326459607878,7.454550700019076e-10,0.0804487831604954,0.09489556441920938,-2.6943958412070226e-05
2022-03-10,2.8757917892290966e-09,0.041625638392214254,0.09648304487210056,0.05343907051390372,0.05284405136835468,0.08805502460889435,0.10584363164383559,0.004441045893475177,2.533926145864093e-10,0.10840084854026803,0.14525721067469535,0.13048591639413407,7.339596969165774e-10,0.07729407665763405,0.09585741780649874,-2.698122915284928e-05
2022-03-11,2.8772524912520796e-09,0.041319468487399376,0.09469434048115315,0.05376864812365513,0.05261964261353987,0.08859565995589087,0.10840135317573046,0.004302277021812081,2.5053400785996313e-10,0.10795372889188086,0.1485522439081819,0.12678049647578965,7.582773119383583e-10,0.07742601044300612,0.09561307183479635,-2.6945298899855296e-05
2022-03-14,2.8860731111092167e-09,0.041341647884809964,0.09624498805549016,0.053376843070577606,0.05310775481243004,0.08860791770539636,0.10783552195121549,0.004482852612369509,2.5339653414047967e-10,0.1095479427184442,0.15208014247552412,0.12439225849197362,7.857144801144141e-10,0.07428079329825578,0.0947284061973341,-2.7073199005194413e-05
2022-03-15,2.865011052191224e-09,0.04146256506371081,0.0961907839022497,0.053120776948738804,0.05294809086556762,0.08724911062210867,0.10536056253912239,0.004516421616061622,2.55302023059882e-10,0.11193598862353613,0.1497307966695283,0.12551051226468882,7.797447169462219e-10,0.0756935192174794,0.09630785509198177,-2.6987324831758704e-05
2022-03-16,2.8800835742678225e-09,0.041455911969652155,0.0975109789199207,0.05369392812657402,0.05268505313454056,0.08605568952920181,0.10531029383056657,0.0046293446427539305,2.6055162626933186e-10,0.11039069328488252,0.14742038840809454,0.12866658407966672,7.669652505606794e-10,0.07667284878615123,0.09553535128716419,-2.7069906769413304e-05
2022-03-17,2.9418253858593302e-09,0.04138341043424822,0.09931930294948046,0.05413890219812445,0.053173132867212446,0.08440304502132587,0.10281741137323386,0.004643803013392011,2.631529769274349e-10,0.10914937592168317,0.14574195400474813,0.13071384680903864,7.795016530449132e-10,0.07697294752182349,0.09757009267100458,-2.722876979544888e-05
2022-03-18,2.897895710209072e-09,0.04107537428651209,0.10069947865660601,0.053975538647248106,0.05305393502486744,0.08657292625964708,0.10050136777255587,0.004678896140851274,2.68666027898225e-10,0.10820510212045974,0.14723832745627954,0.12808979397797543,7.673835214401939e-10,0.07724010556147078,0.09869626782429357,-2.7117662712353014e-05
2022-03-21,2.927776185201382e-09,0.0417176310738415,0.10060410759536736,0.05470410961890432,0.052824792112459454,0.08756233936502136,0.1007720939172109,0.0047080759611186915,2.7034154484683456e-10,0.10550866853530717,0.14455964156434345,0.12831591193962216,7.447221543408276e-10,0.07841668744718908,0.10033304173414268,-2.7104807368274226e-05
2022-03-22,2.9127624647332432e-09,0.0409074481400584,0.10127229007961487,0.0555284694929218,0.052491504095443786,0.08742565825132416,0.10023552754743167,0.004705521315995054,2.67711367030343e-10,0.10461472974140015,0.1455188897344936,0.13234018430430697,7.207278923691394e-10,0.07765572373192653,0.09733092705352805,-2.6877389646850775e-05
2022-03-23,2.9570187205486303e-09,0.04067140124053383,0.09971509830163441,0.05594818647769937,0.053617717869310244,0.08819522759349988,0.10054483826177665,0.004734453476596224,2.7343652611338884e-10,0.1032376292931507,0.1453185339905896,0.1313906573863689,7.063121605906843e-10,0.07723141795407489,0.09942171034425122,-2.6876126253486257e-05
2022-03-24,2.9538716824121413e-09,0.040676499332069425,0.09924093079551854,0.05592953455012266,0.052763451136159295,0.08729695016133202,0.10017893443455156,0.004723667084431391,2.7304425558896754e-10,0.1023845955044612,0.14354931085810468,0.13754744011860345,7.132078117690487e-10,0.07734436905511279,0.09839101231005448,-2.66992806452076e-05
2022-03-25,2.9345040267410582e-09,0.0405302105426546,0.09933095622622706,0.0546017157543971,0.05164437792940663,0.08639698851562855,0.10024455328209254,0.004697740158692048,2.7845478310589725e-10,0.09982459508690773,0.14151647765306907,0.14079249127051877,7.134436739438639e-10,0.07843865341788313,0.10200786872405364,-2.6632487933295136e-05
2022-03-28,2.903698643771026e-09,0.04032990321577415,0.09865129916537815,0.053170176323295876,0.051251288081642664,0.08703835563374637,0.10059211121552064,0.004721071848366972,2.7586630495520603e-10,0.09844126561604293,0.14389218284992955,0.13910085436903255,7.145200780211967e-10,0.07838860263166295,0.10444940667354272,-2.6521518020560606e-05
2022-03-29,2.9088331202565898e-09,0.03951008456470131,0.09667699410423203,0.053134826178761724,0.05084103446430259,0.0859073873278615,0.10123927953437115,0.0046997908599641855,2.7411636369850215e-10,0.0989261959263999,0.14200854578678423,0.14177641224078708,6.997090414315472e-10,0.07877312454063162,0.1065326421753813,-2.6321586837147718e-05
2022-03-30,2.8647429076768204e-09,0.039288297730822055,0.0976619368504911,0.05372767623441111,0.050630581676516975,0.08492533351193932,0.10233964665735924,0.004769156860113976,2.688532226605891e-10,0.09689185981355843,0.14225690896411858,0.14301430773101223,6.947618220064317e-10,0.0796036459069729,0.10491690338778752,-2.625915346129554e-05
2022-03-31,2.9272675652422164e-09,0.0421507301379894,0.09685373116330347,0.053932903662689935,0.0548947767044134,0.09067092082771452,0.10629390501829722,0.0040539338455420045,2.613141989141839e-10,0.10450047316843873,0.13585471774106156,0.13121495256844215,6.981026877078493e-10,0.08056350918483032,0.09903243392693577,-1.699183634325074e-05
2022-04-01,2.864256137039433e-09,0.041675656317718905,0.09658157205153026,0.0541007943190176,0.05527149671537193,0.09062008421506708,0.10651453941347394,0.004049274315823522,2.633607796879451e-10,0.10476705889941927,0.13569139182029505,0.13032902335679405,6.975546850024358e-10,0.08109742556642216,0.09931862438318041,-1.6945199285886422e-05
2022-04-04,2.884203509917446e-09,0.04238495618216969,0.09718847335283554,0.053882749918266054,0.0560583880765443,0.08934428555121673,0.10533023097495632,0.004082999355141107,2.663298705120614e-10,0.10311401633581717,0.13534105430512136,0.129469922942971,6.941564152177558e-10,0.08279834438175726,0.10102157344629652,-1.699866778277186e-05
2022-04-05,2.886833025014384e-09,0.0421979803901972,0.09588239719537232,0.054825014385911086,0.05652961281198759,0.08864419391221574,0.10648729708385953,0.004084203507510161,2.655448680442945e-10,0.103950264631657,0.13390026278392186,0.12890013660420063,6.96632007047184e-10,0.0821650675168194,0.10245057919115534,-1.701386381799658e-05
2022-04-06,2.9590858177660813e-09,0.042180307595148035,0.09484607752246316,0.05395872666141198,0.05684144550358971,0.08853972879047814,0.10757771277714999,0.004122331294488261,2.6116288400973146e-10,0.10178061788178018,0.1355547155539631,0.13017086176880974,6.966741422343979e-10,0.08029193108445395,0.10415267334478306,-1.713369544235462e-05
2022-04-07,2.9984669376498127e-09,0.04235421602559586,0.0941036489391211,0.05405985197729096,0.055976098809623835,0.08986789903404621,0.10785241204755262,0.00402499309538143,2.603884968849706e-10,0.10266941438220258,0.13503422981436672,0.1297711151114684,6.828161415085663e-10,0.08125394978703951,0.10304931921102665,-1.715217638744698e-05
2022-04-08,2.9394789292216423e-09,0.04222639411432036,0.09517378478393305,0.05386293736295112,0.05720494997461064,0.09043945086476463,0.1084412430719436,0.0040213383308123594,2.603694043768441e-10,0.10234889456741476,0.13450746722459758,0.13106732012981423,6.723170426148583e-10,0.07974803106951832,0.10097534565603915,-1.7161022885225555e-05
2022-04-11,2.990082942596799e-09,0.042366368184960604,0.09529435458286885,0.05310390384260917,0.05752520444934956,0.09013009692344075,0.10854791272181015,0.003958270077328044,2.6050743751034164e-10,0.10149116794610988,0.1326026708200926,0.13245655447575594,6.530523831590718e-10,0.0804311453612738,0.1021094688050183,-1.712209426058766e-05
2022-04-12,2.9469118715805883e-09,0.04175615869783461,0.094482827978167,0.05295100102556297,0.05707007943131585,0.09008377461710328,0.11046226307430858,0.003906288458392505,2.5236409062359633e-10,0.10218270317142869,0.13541327380598636,0.13255134769242732,6.368516248053537e-10,0.07978315733387767,0.0993741337947421,-1.7012917274494702e-05
2022-04-13,2.971500576530192e-09,0.04127916516339282,0.09439458313305991,0.05246357495705884,0.05729348205852455,0.08987580982037022,0.11099451072341107,0.003917121516927813,2.4928614079799214e-10,0.10343586986783364,0.1356501723226104,0.1306764377109105,6.636015010587968e-10,0.08068679774801264,0.09934951902594705,-1.704793244790321e-05
2022-04-14,3.0192946456828257e-09,0.042162533125286755,0.09450425824999771,0.052818213411183666,0.056764053500266316,0.08995924984319227,0.11101174845505711,0.00393867996466657,2.512453225123921e-10,0.10464052246284956,0.1365755387183679,0.12839105223690397,6.546496237104428e-10,0.08012730972043239,0.09912392659218323,-1.7090205577093093e-05
2022-04-15,3.0476687823769474e-09,0.041645581328173906,0.094095584968418,0.053372156191368425,0.056534082604294426,0.09045560222036864,0.11076347716031397,0.003951721303634524,2.5031884002519465e-10,0.10569514704862645,0.1331269589723255,0.12757725500953213,6.57933598369297e-10,0.08089354824903075,0.10190595884800899,-1.7077860016985005e-05
2022-04-18,3.025360802900302e-09,0.04211659649168357,0.09309139329885285,0.053992979866619516,0.056894041112457716,0.08908367031931663,0.11083648442537211,0.003935263220323336,2.517807721230706e-10,0.10497244898264269,0.13202007575173916,0.13008851582500777,6.546268651680535e-10,0.08184246119766003,0.10114307791432581,-1.7012337769593964e-05
2022-04-19,3.053556276762078e-09,0.04156400205443184,0.09189436868541755,0.054594273443624525,0.056234995269357185,0.09034978650168943,0.11147967885769658,0.003902574610479975,2.435097700449841e-10,0.1043037172158642,0.13143800713786913,0.13185123873359522,6.688353206462878e-10,0.08033973005363321,0.10206452483384365,-1.6901363403935934e-05
2022-04-20,3.082533021161304e-09,0.04211099469130256,0.09260154292538292,0.053502057803731164,0.056261082893582635,0.08922344333269609,0.11144314282367047,0.003966420008777033,2.4521674947970593e-10,0.10642701095540998,0.13249918358286633,0.12929369735841528,6.409155137598936e-10,0.08076785382303199,0.10192050173446542,-1.6935901997255234e-05
2022-04-21,3.0497523899459775e-09,0.04132861137507262,0.09174192042842629,0.053311534722593035,0.056642072383327476,0.08932503192683025,0.11371921478935612,0.0039034552337849186,2.4812741802172036e-10,0.10638122415366755,0.13383734860784102,0.1281998377098066,6.522580854703829e-10,0.08111686717801737,0.10050978607375158,-1.690853261271223e-05
2022-04-22,3.054686319878355e-09,0.04130096250021386,0.09239137133603416,0.052685622770255534,0.056726356922530675,0.08994589933385268,0.11398627170013355,0.003985625631884693,2.514695664089883e-10,0.10658024113268769,0.1345775894627594,0.1291024168487591,6.582329995987388e-10,0.07858441166486255,0.10015016118311948,-1.6934451482496202e-05
2022-04-25,3.0263346790159462e-09,0.04203774954335205,0.09278003882621193,0.052826122791902776,0.05762655547141677,0.09088071574059507,0.11280941107789945,0.004001566730785244,2.5147913184833937e-10,0.10422055801005768,0.13375151444906774,0.12936216332502076,6.602900748204396e-10,0.07685904815229323,0.10286156447302014,-1.701252972679767e-05
2022-04-26,3.002880480252173e-09,0.041769283200116594,0.09255370968140536,0.051997456163487873,0.057558904621217134,0.08985143237681344,0.11070649749368447,0.0040074733638892765,2.553588642112177e-10,0.10470357894893449,0.13486644178273793,0.12739510806519672,6.376461627716662e-10,0.07843768124757643,0.10616932278786483,-1.6893628810292487e-05
2022-04-27,3.0352187247740964e-09,0.04147233020293671,0.09106223628002474,0.05117350026597204,0.05617672977706146,0.08940380085099,0.11269997917565806,0.00398521654472545,2.556003568916e-10,0.10656441200603929,0.13351925290352684,0.13131502734829184,6.576728447079698e-10,0.07798554086425381,0.10465879674558447,-1.682691355671901e-05
2022-04-28,3.0570093590920977e-09,0.04135193762809718,0.0899832064356175,0.05196055101256096,0.057046685203436275,0.08964744580260874,0.11086351380280517,0.003918875491424795,2.562158645263204e-10,0.10582707381124949,0.1328976714792885,0.13369853406109738,6.667485900248235e-10,0.08001949118127419,0.1028018435853402,-1.6833474774353475e-05
2022-04-29,2.9272512916724016e-09,0.04215049580927351,0.09685319272398393,0.05393260383329152,0.054894471527670505,0.09067041676051624,0.10629331409818293,0.004053911308492012,2.6131274618915457e-10,0.10449989221855702,0.13585396248340761,0.13121422310465253,6.980988067428971e-10,0.08056306130780438,0.09903188337554558,-1.1432438040466502e-05
2022-05-02,2.8441721641850424e-09,0.04121937492306651,0.0968069624729071,0.05352323050845232,0.05487110241086092,0.09004701319292686,0.10629102347363535,0.003976526481296609,2.615198177328115e-10,0.10530772923835395,0.13749209447970673,0.1346489566339289,6.958307765529374e-10,0.08036017115042889,0.09546715184322278,-1.1340610309664004e-05
2022-05-03,2.8409985032312607e-09,0.04130142703689706,0.09829447506872663,0.0533612093009821,0.05562550792833555,0.0904113074762103,0.10647113061746456,0.004007003602289715,2.610810041873814e-10,0.10504396382496026,0.13425978219810164,0.13465404063794292,6.929163607025028e-10,0.07994681297406084,0.09663471839393119,-1.138285489858474e-05
2022-05-04,2.8436644951917127e-09,0.04118227043546266,0.0988347120114869,0.05343598771220692,0.0551413722808107,0.089415566036483,0.10637718673562492,0.004019161764954124,2.651583821463398e-10,0.10645081840122134,0.13242142671608945,0.13375820046545997,6.976269462770073e-10,0.08110377793402022,0.09787083653502703,-1.1320835296994242e-05
2022-05-05,2.8437633113607235e-09,0.04068666601304977,0.09783678502056466,0.0536418887411608,0.05541219981375224,0.08822499333754143,0.10652724716809593,0.004058500539974346,2.608532252859288e-10,0.1083727705595196,0.13173337216870626,0.13672497051261973,6.917763392946686e-10,0.07966747238885412,0.0971244557574102,-1.132581764183026e-05
2022-05-06,2.862381809885812e-09,0.040829873115396036,0.09834165278090644,0.05425330180973268,0.055715426650584425,0.0888197630260141,0.10486374884260069,0.004112253900192995,2.625088530173236e-10,0.11193698019392083,0.13073329349382148,0.13358485685467353,7.047264411588458e-10,0.08079751845439723,0.09602273501044438,-1.1407962301803724e-05
2022-05-09,2.8196525990617016e-09,0.04144638264762806,0.09980047995461834,0.05268432916725333,0.05538488250097013,0.09068368277258254,0.10415750826765655,0.004082507131825796,2.6134015108422745e-10,0.10996504934094291,0.12709947849142963,0.13593282683851252,6.818499657313702e-10,0.08115208458510399,0.0976221847297529,-1.1400191119555507e-05
2022-05-10,2.784913125177404e-09,0.04111765611923707,0.10125583373063939,0.05308556301829301,0.05505335074563283,0.09222411414033724,0.10602042800051918,0.00410465737487265,2.582703576196344e-10,0.10944143654738628,0.12790495223466228,0.1357336844698681,6.942913783639502e-10,0.07903130395471258,0.0950384299147101,-1.1413988345516276e-05
2022-05-11,2.800116776174004e-09,0.041067432750312036,0.10095262894642647,0.05220811363689092,0.05527886264633413,0.09251992000335275,0.1073740162718459,0.004124866211506552,2.5878580235311486e-10,0.11188593765573547,0.12569133612737074,0.13751720609260595,6.766950250254299e-10,0.07814473698820067,0.0932463933852659,-1.1454451445184438e-05
2022-05-12,2.8299648105713445e-09,0.04117472429279276,0.10127153535389163,0.05171716827176405,0.05526283524540926,0.0919250310795742,0.10829860333132686,0.004080965921827023,2.648107563853258e-10,0.10935888145613003,0.12448827576538699,0.14191053873392692,6.739410764224502e-10,0.07654929501712589,0.09397363114228283,-1.1489380155307468e-05
2022-05-13,2.8144300910622558e-09,0.04078658473262051,0.09997868391860984,0.0533104790282056,0.055044995546225,0.0895786812767847,0.11038942783991065,0.004112985836511121,2.6159501829586246e-10,0.10769489316001184,0.1257551320470268,0.14122189467156865,6.507439255214854e-10,0.07899087948988866,0.09314683430839292,-1.1475582525351169e-05
2022-05-16,2.852651774995814e-09,0.04129319194249677,0.0988503225881931,0.05391769504111704,0.054586145548432816,0.08740015967847732,0.10971625911968895,0.004134740711485161,2.597167414591242e-10,0.10715116213549414,0.12805051629245107,0.14144310205202368,6.409902882889992e-10,0.07998705602172017,0.0934811122167357,-1.1467101674729507e-05
2022-05-17,2.7881491735188544e-09,0.04152484054913393,0.09939724175538997,0.054001619226501194,0.055251999241621524,0.08676655610370097,0.11036990356694804,0.00404876380386834,2.616693716181622e-10,0.11056345992689656,0.1261799658398235,0.13984742558181387,6.340087530217962e-10,0.08030545408955198,0.09175424567757066,-1.147904664791899e-05
2022-05-18,2.7821943486151835e-09,0.041626848658995304,0.0993673538084707,0.05258841236753788,0.05558548061912373,0.08728669591331553,0.11094531816437513,0.0040461617854504325,2.6098461678920614e-10,0.11167881439241531,0.12935371711994936,0.13680417231930814,6.42280793786133e-10,0.07972032754637716,0.09100810048205206,-1.1406862830447739e-05
2022-05-19,2.756446006514457e-09,0.041729634918716715,0.09882788473734658,0.052592339046503386,0.055143157067160664,0.08726006790548774,0.11094527078644487,0.004074147596055978,2.5614770934255217e-10,0.10978477605227001,0.1308433897107075,0.13572718380158835,6.581026087548203e-10,0.0805044093589413,0.09257920083473496,-1.146548665434509e-05
2022-05-20,2.7899767417349765e-09,0.041552268332004434,0.098107796529953,0.053061774899679316,0.05542700825348001,0.08696295667729582,0.11291788996289455,0.004058040617104935,2.5603630232752555e-10,0.10972290061131616,0.12875212819778853,0.13579116123174859,6.736800046799527e-10,0.08109357981704905,0.09256394120962025,-1.1450059627841553e-05
2022-05-23,2.782555406510304e-09,0.04164534885656698,0.09879544126634067,0.053376563532559373,0.055147286995315715,0.08723840694369099,0.11353965140852496,0.003996391001666073,2.564427959228555e-10,0.10595006477857222,0.1296476629780249,0.13719053033742457,6.819709432316378e-10,0.08044848420057754,0.09303559879220032,-1.1434812433244768e-05
2022-05-24,2.831563672872067e-09,0.042415890370946875,0.0991753764389586,0.05368589047035767,0.056127136720643726,0.0859233890453376,0.11352802679486199,0.004089539231938653,2.612817685038865e-10,0.10702183439686458,0.12704201979671903,0.1376806564355616,6.779159572093205e-10,0.08129569762748484,0.09202601837457569,-1.1479475012275195e-05
2022-05-25,2.805734691388986e-09,0.041554411565101805,0.10054696415040436,0.0534749271568426,0.05627291495781102,0.08598242450065241,0.11197606727977157,0.004019690819272027,2.575892605153361e-10,0.10590868462873296,0.1279056835076505,0.13595336988466053,6.993203459533511e-10,0.08289459884814951,0.09352174272407969,-1.1483785773074502e-05
2022-05-26,2.7890376081943938e-09,0.04198889515564255,0.09983186673575693,0.053202293398047065,0.0561233059317748,0.08634954961466894,0.11241248396193225,0.003974151390037332,2.5437585951702213e-10,0.10647120950132774,0.12879891291758133,0.13444161263739113,6.768020533850365e-10,0.08221333475853912,0.09420380637427725,-1.1426097191785758e-05
2022-05-27,2.8413787819266727e-09,0.041550702297152624,0.0995448768497586,0.05305824343242836,0.057149875636013966,0.08646828451437315,0.11124184965974146,0.004013142091869559,2.5333081435516376e-10,0.10465079963404858,0.12718669998205998,0.13864919422814376,6.82740816454826e-10,0.08254363055443675,0.09395414038640049,-1.1443043877662866e-05
2022-05-30,2.8357257918398566e-09,0.041472374180150866,0.09939152985343905,0.052880996325933065,0.05748587117637388,0.08609641876962379,0.10927253262755798,0.003960263054448931,2.447805214341485e-10,0.10745811328061668,0.12838886307237898,0.13610314914003188,6.763780118921514e-10,0.0812296591101964,0.09627161223758852,-1.1386585224360824e-05
2022-05-31,2.92725518899057e-09,0.04215055192809515,0.09685332167352398,0.05393267563871437,0.054894544613716054,0.09067053747835947,0.10629345561622251,0.004053916705836012,2.613130940987844e-10,0.10450003134884954,0.13585414335825008,0.13121439780218436,6.980997361858768e-10,0.08056316856879815,0.09903201522577636,-1.2763844994025246e-05
2022-06-01,2.915204343018304e-09,0.04222411606739246,0.09596571937758,0.05394532532231345,0.05528186871865327,0.08960917704770893,0.10716584543295606,0.004047661027367503,2.647694453127578e-10,0.10394144937731557,0.13639217989231076,0.13083995125153122,6.954288454023628e-10,0.08077199546026993,0.09982743679720614,-1.2729648007808277e-05
2022-06-02,2.879479323003808e-09,0.04281854121082895,0.09400150672332995,0.05350175844240248,0.05519969952871548,0.09005462287045117,0.10941388738652247,0.003940080384575763,2.6271425901496734e-10,0.10049115076240768,0.13643855260717355,0.13142057479677952,7.147494961200553e-10,0.08094242486472725,0.10178991789506077,-1.2721329917922369e-05
2022-06-03,2.899196751361005e-09,0.04268758305148989,0.09269948140197182,0.05374618930836162,0.054277333162404656,0.09168413137148408,0.10933782035877913,0.004012902413614982,2.612464963739626e-10,0.10106980075579022,0.13712119979398954,0.1315356798060537,7.105068310003063e-10,0.08165904059376564,0.10018156976519457,-1.2735653849959264e-05
2022-06-06,2.8374844856969204e-09,0.04279466052467823,0.09250062207661319,0.05325486247909923,0.054828895689078345,0.0904709034769083,0.110198028370765,0.003983549984430388,2.547646994126601e-10,0.10295725242903528,0.13797014828907508,0.12999845171678734,7.126336784160697e-10,0.08027970708593729,0.10077552019830979,-1.2606125600281805e-05
2022-06-07,2.747500811319268e-09,0.041958782813511286,0.09261126442289738,0.05261115763248541,0.05446019451507381,0.08809150315466217,0.11191054165104898,0.004013727855646542,2.516919453367023e-10,0.10138159324303354,0.13900017367442044,0.13313229882612648,7.180354780540334e-10,0.08270663509029781,0.0981346093831028,-1.248597953496599e-05
2022-06-08,2.729511384450372e-09,0.04150487611689173,0.09317015437994973,0.05278502148891889,0.05443123792178264,0.08912505820031952,0.11392767385616058,0.003932471376482006,2.4981849520761436e-10,0.10282145172958922,0.13815257298489403,0.13153907946574295,7.319903307343543e-10,0.08089114320096707,0.09773175408343593,-1.2498516454400482e-05
2022-06-09,2.741137397728681e-09,0.04131247949931584,0.09407139933126957,0.05250540191761945,0.055432442156813505,0.0890964313466386,0.11511151668234523,0.003979399883803991,2.478326952019985e-10,0.0996852561162487,0.13915887629177784,0.13189213360856186,7.402285914565078e-10,0.08067984326476267,0.09708732659195793,-1.2510420313927774e-05
2022-06-10,2.794712632493235e-09,0.04072074168316805,0.09487526231716313,0.05219296832259894,0.05524354884929281,0.08879649656253932,0.11394665927106228,0.004014647423539188,2.5314701268479905e-10,0.10049408795187399,0.13950935277625093,0.12981101051433322,7.476106811156656e-10,0.08392626609349928,0.09648146937910548,-1.2514939896904319e-05
2022-06-13,2.7933602431530762e-09,0.040615299621926094,0.0946699035764195,0.05070934356024997,0.05569254783189333,0.08811691460223174,0.11183300338381992,0.0040707891643094575,2.4990514045628185e-10,0.10029936913310022,0.14330203213141499,0.12715572085433918,7.300030439364612e-10,0.08462875857624845,0.09891886477431275,-1.25509835338789e-05
2022-06-14,2.756720806794466e-09,0.04085677718101526,0.09543900263804132,0.04960409148237918,0.05633929928832153,0.08927867048530358,0.1115800419172085,0.004151229074445138,2.5463127511936363e-10,0.10066464747733468,0.14254864533256228,0.12533160001624963,7.310714296804281e-10,0.08569097458944053,0.09852758764403476,-1.2570868760050229e-05
2022-06-15,2.7061901845331046e-09,0.04148532264477553,0.09587779200126739,0.04951487185488277,0.05707355644243547,0.0912624602958098,0.10764614476636938,0.004187966994213678,2.499147467143829e-10,0.10172194827048246,0.1432389961527441,0.1270293083834795,7.26715561707205e-10,0.08300341934833536,0.09797080873040788,-1.2599568023893025e-05
2022-06-16,2.7203464706244314e-09,0.0419708089045458,0.09480102379508855,0.05017171979050934,0.05670916838473979,0.091826238898631,0.10707146278718192,0.004205413673208829,2.536304828185891e-10,0.09994867374838083,0.14189820527651412,0.12764146028058235,7.586303120007614e-10,0.08184156428857257,0.10192687091942355,-1.2614479985758313e-05
2022-06-17,2.788713096013169e-09,0.042185603912023195,0.09507580766475127,0.05008032321541997,0.05701317368684062,0.09073141129665044,0.10762995556031402,0.004321570632660524,2.5291553907661707e-10,0.10020633364646565,0.13886830558875066,0.12926794878828515,7.670441559799055e-10,0.08246507664594244,0.10216717421403652,-1.2688660813171528e-05
2022-06-20,2.7529868850644735e-09,0.04197400197866919,0.09409415033290365,0.049759203219589994,0.05659264904564855,0.09112389827984375,0.10753738579858019,0.0042905795851360135,2.560684416810908e-10,0.09986928266935899,0.14041373695106957,0.1293159721795019,7.350375736006236e-10,0.0836052202059728,0.10143647436444704,-1.2558354814373761e-05
2022-06-21,2.7476028769684057e-09,0.04203303235821381,0.0936116108531222,0.049819903620261306,0.05610985417369314,0.09248982000106319,0.10723342635692788,0.004261913796080884,2.5224016317204113e-10,0.10016434655472597,0.14067254694544004,0.13001283409019543,7.209817418760915e-10,0.08107800492237895,0.10252524006893046,-1.2537461857855951e-05
2022-06-22,2.7956553318357267e-09,0.041739615032459536,0.09554858739355955,0.0501571124942022,0.05630303259849643,0.09234580409531137,0.10560738917160557,0.0043371749814716115,2.5024468497699605e-10,0.09931563690297154,0.14346052632662973,0.1263534213683035,7.043514417219106e-10,0.0813579946174936,0.10348627905144699,-1.2577784202911179e-05
2022-06-23,2.8060849326471377e-09,0.0415781324593114,0.09808145270999784,0.04998798087729781,0.056104142630433715,0.09133803017530356,0.10571255752229394,0.00437213470230589,2.5455751335294536e-10,0.09696335577823223,0.1428088812081561,0.12723740643478182,7.112442522426555e-10,0.08132890278122575,0.10449958361316773,-1.2564664394432781e-05
2022-06-24,2.7822811206403086e-09,0.04219919399653263,0.0990542125713092,0.04917930292699927,0.055330955254451114,0.09004862691714904,0.1066074285732681,0.00428976808653923,2.531496786993404e-10,0.09758965716342612,0.14257546839419785,0.1277245082765387,6.975949935652872e-10,0.08217066043159335,0.10324276520765104,-1.2551532681338047e-05
2022-06-27,2.772546008282001e-09,0.04228359555990912,0.09912707209830368,0.04917568396724261,0.054808978059672116,0.08967665066379214,0.10658246956834799,0.0042052041544963035,2.5135977025611146e-10,0.098159167422537,0.13960566064853652,0.13019996336662848,7.130620171204223e-10,0.08030196072313964,0.10588613363272732,-1.254360230061687e-05
2022-06-28,2.7650317927164547e-09,0.04240635191963143,0.09846748011578338,0.04963320365627972,0.05501086715710267,0.08863295605199357,0.10478227904096699,0.004113433184706852,2.5177630622424495e-10,0.09892206733235627,0.14092572489072752,0.12980520287738462,6.978824686247701e-10,0.07922607215315187,0.1080868820183291,-1.2524113104708783e-05
2022-06-29,2.7631654934224205e-09,0.04263565204194787,0.09771116318023547,0.050024464330630174,0.054925828548968596,0.09018726191630194,0.10630927185422402,0.004101374315710675,2.5234562446746646e-10,0.09848585279613885,0.1382661254220504,0.1284698328287386,7.032939376260557e-10,0.08003739484621368,0.10885834493087777,-1.257073084302472e-05
2022-06-30,2.9272563760682105e-09,0.042150569021233444,0.09685336095004934,0.05393269750980838,0.05489456687487278,0.09067057424760604,0.1062934987209662,0.00405391834980402,2.6131320006799837e-10,0.1045000737263133,0.1358541984506167,0.1312144510130142,6.981000192833639e-10,0.08056320123924535,0.09903205538581827,-1.3169376017903231e-05
2022-07-01,2.919363794493765e-09,0.04267855751012569,0.09585480278810317,0.05422576816429796,0.05395696498900856,0.09106912842789221,0.10676265490043038,0.00415781600039702,2.5571865428036665e-10,0.10372142172986612,0.1379278503133355,0.13221337647525835,7.016909315328053e-10,0.07931887580531062,0.09812596730531989,-1.3188286118785048e-05
2022-07-04,2.9623949629480695e-09,0.042783060552892625,0.09653197573220076,0.054318118794915556,0.053344240901192566,0.0924436406337001,0.10782230330413918,0.004307127588987366,2.5266259384369256e-10,0.10538129481179521,0.13543466755336867,0.13299581578878422,7.160526299620407e-10,0.07657823848860773,0.09807273639493627,-1.3224476630473832e-05
2022-07-05,2.935705347494202e-09,0.04232275398264128,0.09657944018410265,0.05481701479656453,0.05306640533171394,0.09235651847300136,0.10760644000280697,0.004292115837201749,2.4771177323552533e-10,0.10682348536298457,0.13561573684571948,0.13342660496259012,7.035451582257274e-10,0.07568401879095601,0.097422634363711,-1.3172820956127577e-05
2022-07-06,2.8904112622515223e-09,0.04156132419424025,0.09586739802591557,0.05509790888906917,0.0526014520003454,0.09107667847376151,0.10634056454622974,0.004261223384377112,2.4623268825456787e-10,0.11033622534116717,0.13783950438959966,0.13564599980496128,7.175271814071755e-10,0.07426403046079091,0.09512084434194913,-1.3157706578286526e-05
2022-07-07,2.869448916346249e-09,0.04226032138758164,0.09561508850716952,0.05448753677411177,0.052501511971173295,0.09110503797569648,0.1070895413883421,0.004291073583712489,2.440488751495231e-10,0.11189973347489343,0.13689354379102553,0.1357689173010488,7.287693297790289e-10,0.07366073258460178,0.09444015511568278,-1.3197697307049134e-05
2022-07-08,2.87581310357366e-09,0.0417541429407616,0.09490399003347774,0.05465566674410116,0.05363692399513327,0.0915172211496043,0.10742943008548705,0.004309702963586325,2.394105266577583e-10,0.11175306889268342,0.13640743572206762,0.13608996634685458,7.280574818226896e-10,0.0739486728428431,0.09360692527659793,-1.315083647920561e-05
2022-07-11,2.8568951232837926e-09,0.040942465086900665,0.09390738933484527,0.05513651522425023,0.05346685645264985,0.0908533837033248,0.10941134653582596,0.004197315259281944,2.3384275927664506e-10,0.11393424005454322,0.13557430848408955,0.1346090671894968,7.07904619543492e-10,0.07404750272298562,0.09393266065961409,-1.3054506450506026e-05
2022-07-12,2.8190438115324315e-09,0.04076530702970128,0.0932974696383494,0.055140543477519406,0.052590990017080216,0.09205320001668023,0.11045662462832219,0.004164269189195377,2.32459125077558e-10,0.1133877699999752,0.13351020902663754,0.13325120690282333,7.027168076930287e-10,0.0760265941139058,0.09536882575555132,-1.3013549960970116e-05
2022-07-13,2.8245489484820795e-09,0.04064016358929773,0.09154889309679907,0.054743246865012,0.052854120607258144,0.08996371225590152,0.11066476838874642,0.004272828112663003,2.3456618187687083e-10,0.11511503056260866,0.13310654536634597,0.1345451419043245,6.893736851810283e-10,0.07663104754313328,0.09592742023370619,-1.2922274285303069e-05
2022-07-14,2.837264722892761e-09,0.04125507738139597,0.09118156026273593,0.05472648114340296,0.053014444154317934,0.08894496649166866,0.1112177166809774,0.00417692611714094,2.3868407815577283e-10,0.11543030860803126,0.1322535002765506,0.13292653605852195,6.879783753398507e-10,0.07775669417711822,0.09712872731053249,-1.294242632141522e-05
2022-07-15,2.8115931628973017e-09,0.04080484278503205,0.09161315569449044,0.054147451813226416,0.052931764452049994,0.08888498553485792,0.11143709724297035,0.004218413654220767,2.337010766836208e-10,0.11176711776728827,0.1307611777061149,0.13667923682286195,7.109116768773212e-10,0.08018677330195129,0.09658088829008409,-1.290882135432771e-05
2022-07-18,2.7499856020512216e-09,0.03963257952912392,0.09054110832332242,0.053750076968949866,0.05349635340462674,0.08942247645225247,0.11122085903947744,0.00414454820358334,2.2923106283344126e-10,0.11165699555515093,0.13159147666550475,0.13691490164350417,6.946441044514532e-10,0.08074787367987048,0.09689358648849007,-1.2839627717583975e-05
2022-07-19,2.7129697003344476e-09,0.03918617409726162,0.09091098698773288,0.05342886061886094,0.05435071619298187,0.08970548615842087,0.1101358230035302,0.004130762712305783,2.287230844798862e-10,0.11004999449809774,0.12924559973738523,0.1381092699192623,7.027987137817315e-10,0.08138989510418422,0.09936922102011272,-1.2793694628097136e-05
2022-07-20,2.7253401440892205e-09,0.04023903998398379,0.09090765010151859,0.05332646193775529,0.053712478382211465,0.09007324383428943,0.11047009460175226,0.0042028593017159905,2.3183661258538321e-10,0.10909142744853198,0.1297098192755269,0.13862234657985978,6.87764922008659e-10,0.08074312183141602,0.09891436866291403,-1.291558641744656e-05
2022-07-21,2.7604607371048325e-09,0.0402920188478292,0.09150336843827628,0.05238023509229185,0.0544623588293638,0.09152920677880699,0.10743982329938132,0.004158987546735323,2.3344403497087736e-10,0.11013884430467429,0.12823807939708387,0.1378616897143231,6.80348985337398e-10,0.08088283266867384,0.10112545606068205,-1.2904652375736305e-05
2022-07-22,2.7307821265587915e-09,0.04055918141760096,0.09041940290033997,0.05169418258673239,0.05481792742999,0.09230059181259075,0.10831303353156313,0.0040680066979635,2.3107228637746645e-10,0.11118408013864954,0.12791239120919717,0.134934622048085,6.836550582608257e-10,0.07958033639905679,0.10422909721399128,-1.2857031269985403e-05
2022-07-25,2.7610247532873964e-09,0.0406667680966177,0.09143489760668574,0.05155751691141407,0.055141841884071154,0.09373610209305511,0.1083132579887426,0.004040038616577701,2.2449558545497692e-10,0.11068366625804868,0.12920463370028074,0.13665356270142223,6.87543734921679e-10,0.07855135548671315,0.10002916487007527,-1.2809886768191396e-05
2022-07-26,2.7408539888551108e-09,0.04043563180697157,0.09089061601831767,0.05179068336551681,0.05632898187155828,0.0936500026937876,0.10772975418338211,0.0040153728923440985,2.2436725128111634e-10,0.10900053728071459,0.12915097272721932,0.137371895500477,6.88484917472507e-10,0.07902598056317435,0.10062234098386055,-1.2773541030280043e-05
2022-07-27,2.7033458040877538e-09,0.040823876908128866,0.090517617711719,0.05130290981636789,0.055752372759943304,0.09447642925669379,0.10775819774009808,0.003932642896495107,2.2671254645765563e-10,0.10692404731556733,0.1298822809686861,0.1383960538196721,7.015891321103592e-10,0.08187398147512702,0.09837239638238156,-1.2810682527599354e-05
2022-07-28,2.712147937413193e-09,0.04086365886582434,0.09128803170642125,0.05162726256061455,0.05572835083280496,0.09430842173750344,0.10655131048830127,0.0040034466583630055,2.2916647157319711e-10,0.10888153473124015,0.12975139157587218,0.1374195390943115,6.911389916243142e-10,0.08274899374365396,0.09684091059061124,-1.2856217975365878e-05
2022-07-29,2.9272541805237685e-09,0.04215053740683562,0.09685328830664847,0.053932657058403,0.054894525702031814,0.09067050624151096,0.10629341899713253,0.004053915309223776,2.6131300407397854e-10,0.10449999534761098,0.13585409655522657,0.1312143525975966,6.980994956839858e-10,0.08056314081403278,0.09903198110832054,-1.2419331240163327e-05
2022-08-01,2.962611572767373e-09,0.04231230600591492,0.09688787515537894,0.05352950463478432,0.054349270704076434,0.0920419999343362,0.10628141711076601,0.0039221934302956455,2.579873241918903e-10,0.10282701178325591,0.13428885564556498,0.13210598985416558,6.949413193415614e-10,0.08023988035584735,0.10122607129149142,-1.2379821418050553e-05
2022-08-02,2.9411025961961584e-09,0.043082384960826836,0.09612523070165459,0.05355212050443727,0.05413268771469294,0.09213752916297539,0.106863948784248,0.003944380605233021,2.5498659068681207e-10,0.10099192461688743,0.13967517356722442,0.13097876199524358,7.032208561720349e-10,0.07786578352254077,0.10066243885164221,-1.2368886916506147e-05
2022-08-03,2.969014038786249e-09,0.04375319500203823,0.09430398427670898,0.05423313804269173,0.053954292158705106,0.09352428379438395,0.1065156210569033,0.0039390654656519305,2.5672767687909956e-10,0.10043192261900881,0.1401231470950163,0.12975697937734923,6.88130690395603e-10,0.0801879287020336,0.09928893730754744,-1.2498811911091923e-05
2022-08-04,2.979200060344643e-09,0.044313928309552754,0.09416356020260574,0.05399984756869895,0.05438611473218727,0.09536453280848163,0.10539042406620502,0.003951624109550094,2.5146564382654385e-10,0.10035658651850114,0.14095955754525988,0.1285825878088119,6.863486457928529e-10,0.07856081787182195,0.09998297494838368,-1.2560407074387079e-05
2022-08-05,3.020095171062211e-09,0.04398592791167057,0.09388346423365483,0.054517609314712306,0.055398104720370385,0.09390001286601715,0.10555912141182211,0.0039830104554007305,2.5207500712528616e-10,0.09688310434733839,0.14267169537155125,0.13240867421051766,6.905437262717579e-10,0.07740047155340116,0.09942140422670263,-1.2604585873016085e-05
2022-08-08,3.072660233655001e-09,0.0444221932388184,0.09460117443989868,0.05478199373936119,0.05499650271637667,0.09373489390171212,0.1055370437142345,0.004017522227480028,2.5795236164031626e-10,0.09865578301016037,0.13952633568443662,0.13303978045350912,7.001757566515165e-10,0.07835441187815774,0.09834497153246498,-1.2610567398958641e-05
2022-08-09,3.149148001199282e-09,0.04373667585530369,0.09326019557614461,0.05479245879372272,0.05627198719935486,0.0925052021723053,0.10490641364826703,0.0040691805137249674,2.572804023128082e-10,0.09791664494384121,0.14048252578604215,0.13334975199826934,7.112421030997195e-10,0.08002105714272979,0.09870047795843263,-1.257570580878042e-05
2022-08-10,3.158634408953094e-09,0.043843906822081356,0.09378195915183567,0.054845810138035765,0.05629233472298979,0.093961558683907,0.10709817012779248,0.0039840746117494035,2.5744279229804626e-10,0.09691976823429421,0.13985056664203632,0.13433115552821046,7.200216517345141e-10,0.07990748106588323,0.09519578655992257,-1.2576424837220255e-05
2022-08-11,3.1286082594071073e-09,0.044225636066662154,0.09097672511724075,0.05557573985584012,0.05663286394664097,0.09552295725211818,0.10678742483379282,0.0038669637987675215,2.5904421850964806e-10,0.09882305632397283,0.14192887111893557,0.13281908750378255,7.210793133011901e-10,0.07913008943418122,0.09372314963258047,-1.2568993246916759e-05
2022-08-12,3.137226713786967e-09,0.04341927289108309,0.08954392760123221,0.05453554249476659,0.05526852008697666,0.09512093924880963,0.10780535435963683,0.003833625148822422,2.5173799303061315e-10,0.09951420598226737,0.14493739138320041,0.13059575368103093,7.108248456988127e-10,0.07940608979900084,0.0960318616229447,-1.2488399561475765e-05
2022-08-15,3.124094087382674e-09,0.042866108581913843,0.09022513529424615,0.05508018321291381,0.05531917260163302,0.09452254586320538,0.10935005797491526,0.0038658858839612877,2.4910459896812705e-10,0.09968798537556085,0.1419089101657364,0.13224386112803468,7.083118117671663e-10,0.07886238806331357,0.09608025679139547,-1.2495018340253637e-05
2022-08-16,3.1237579164894656e-09,0.04323450867414223,0.09076172490712543,0.05495919207083213,0.055811314717376076,0.09497520054088093,0.10868598975845292,0.0038579359212238375,2.484915508586295e-10,0.10044608969345559,0.14103672517000482,0.13134993857400748,7.326610306459752e-10,0.08020252222475632,0.09469134008343111,-1.2486440599353311e-05
2022-08-17,3.139235048817019e-09,0.04326861811254998,0.09111075055414221,0.05502640800874468,0.0565993771813845,0.09536784468233091,0.10856595328560606,0.003913967659980284,2.492995368653595e-10,0.10061712052467381,0.14173202449388728,0.13112615575455,7.327086011004167e-10,0.07934008248821743,0.09334417164322445,-1.2478510534955667e-05
2022-08-18,3.1191294296924087e-09,0.042790655007284094,0.0905265112648548,0.05508902750986098,0.056849999282844364,0.09534029160921514,0.10545429990322865,0.004014315548808458,2.541519523752477e-10,0.10164878225458743,0.1465975424954906,0.1293994892169559,7.59539272144015e-10,0.07821248767794751,0.09408910828239572,-1.2514186294280469e-05
2022-08-19,3.0527856588149044e-09,0.042398144832579324,0.09005924344172435,0.05448183842167222,0.05681327949692473,0.09458231465236118,0.10374969425417839,0.003945635253461661,2.5486418372394147e-10,0.09970250494584892,0.14742129252086314,0.13087399612151338,7.306653827407884e-10,0.07910921965962527,0.0968752271025955,-1.2394741663243627e-05
2022-08-22,3.0635935691506304e-09,0.0427057938769922,0.09117804309422128,0.05437712837592416,0.057011384906887265,0.09310962404033715,0.10408172143164009,0.003978866546445537,2.5717209858655337e-10,0.10149388073706209,0.14578166203928095,0.12988896439696343,7.560868488692803e-10,0.0790129897615924,0.09739234333469222,-1.2406618891198853e-05
2022-08-23,3.0646343399110577e-09,0.042393041530063125,0.0928717831700499,0.05410518846909606,0.05629195946113444,0.09267485348659522,0.10138623075013083,0.003946771735342837,2.5378098468640846e-10,0.10259212602492136,0.14437345886821493,0.1320032088550751,7.756497646416811e-10,0.08024470564174967,0.09712908414549484,-1.2416231933540713e-05
2022-08-24,3.074168021815524e-09,0.041813969043920554,0.0929075556660595,0.05367085155431779,0.05687387710986475,0.09591493078152319,0.10226862487777733,0.0038430025543960255,2.5292580772679055e-10,0.10299586267367655,0.1448753795354754,0.13064844547399942,7.806350877989593e-10,0.07859698294690808,0.09560294948217002,-1.2435807817479137e-05
2022-08-25,3.0847402621584978e-09,0.041275784645093634,0.09320544844342428,0.05269246149640075,0.05794577347714466,0.09472507466195522,0.10170749237042657,0.003851552164784269,2.5019661740619994e-10,0.10297818964757634,0.14587940023570103,0.13245503037211093,7.896462258300988e-10,0.0781725262824707,0.09512366252302859,-1.240044470003044e-05
2022-08-26,3.165290344464337e-09,0.04183362192385925,0.09263695959204658,0.052959692224136726,0.0579377844034351,0.09493680200387318,0.10042073693666931,0.003844519967608862,2.579675236845441e-10,0.10432851922546603,0.14057223387202672,0.13573363556878576,8.080977608925532e-10,0.07798752351304848,0.09682041206560288,-1.2445527914509323e-05
2022-08-29,3.127414010899963e-09,0.04147418968198882,0.09377589221886162,0.05259431782822796,0.056408905612863304,0.09450521706096374,0.09994214824258983,0.0038954020126409357,2.5707989621900713e-10,0.10327037746735677,0.14243663132599696,0.1355248317855324,7.946445886690938e-10,0.07934843252968693,0.09683604485042711,-1.2394796274755432e-05
2022-08-30,3.1212973372421436e-09,0.04146764069085252,0.09251331643082175,0.05217673919451332,0.056305854932268445,0.09409573731699353,0.10147376022163086,0.003900424292808321,2.598844552837155e-10,0.10310686579978255,0.1446262180939946,0.13620526367030178,7.935249149974474e-10,0.07920106116228515,0.0949394817774047,-1.236775836424907e-05
2022-08-31,2.927250235955273e-09,0.04215048060764032,0.0968531577937493,0.053932584382425174,0.05489445172990527,0.09067038406010808,0.10629327576335577,0.004053909846443428,2.6131265194636003e-10,0.10449985453052987,0.1358539134874927,0.1312141757820659,6.980985549726203e-10,0.0805630322526276,0.09903184765956323,-1.1071782567941844e-05
2022-09-01,2.9186920920319824e-09,0.04192410219573273,0.09677575463497227,0.05358087872413484,0.05522984287973475,0.09092021982314177,0.10743002571917729,0.003994674570999636,2.600733596354526e-10,0.10416912974270649,0.136906381751917,0.129510050820464,7.096103210036911e-10,0.082341062868893,0.0972289428925511,-1.1070512800524714e-05
2022-09-02,2.903865035819899e-09,0.0416810172335685,0.09948748576483597,0.05329747911588605,0.05633646834869981,0.08941679433125353,0.10596627143600217,0.00395484021184975,2.5675291877132075e-10,0.10371642853736839,0.13531345068447212,0.127703474520645,7.239525494241365e-10,0.08416991903578265,0.0989674302896477,-1.1063394582311151e-05
2022-09-05,2.9146721328454393e-09,0.04167031525098733,0.09883824466643604,0.052654782535320285,0.05652205590825057,0.08797627597018436,0.10443501139458727,0.004015322604287528,2.6373291587539174e-10,0.10424836245976514,0.13760807393247004,0.12705809653983188,7.063433912724361e-10,0.08503562529361931,0.0999488772352718,-1.104767576002863e-05
2022-09-06,2.9277092379339943e-09,0.04172694902078559,0.10024949887224611,0.052261332870898146,0.056209643464319455,0.0871810850460254,0.10496920841104658,0.00396921689151924,2.621041803456212e-10,0.10352426395058972,0.13758621074688768,0.12437957331137924,7.103486745227279e-10,0.08732944070483836,0.10062466019216981,-1.1087382867504823e-05
2022-09-07,2.982298050131088e-09,0.042461815674840586,0.10150397287742542,0.052521139812173726,0.05645774934164687,0.08840164489302009,0.10485260406904838,0.0038796736316515134,2.6514114979931076e-10,0.10214288028735832,0.13602672554072515,0.12491969198975265,7.122605713521619e-10,0.08545748956527953,0.1013857381667084,-1.1129809330486726e-05
2022-09-08,3.003251726173967e-09,0.04189064549385368,0.10268998853031291,0.05147817789463053,0.05779552738817476,0.08776490367902484,0.10485769097771637,0.0037685587229389418,2.6440495423636835e-10,0.10231764237163277,0.13559252282326517,0.12351426022358973,6.992149945520677e-10,0.08706752964969953,0.10127365270844775,-1.1104430158831782e-05
2022-09-09,3.0644144557700405e-09,0.04190720099449652,0.10279904619676755,0.05226175740465525,0.056987201289607624,0.08690670297973202,0.10703808477729733,0.003727946478588143,2.587981569934333e-10,0.10591403368692905,0.13332932156753316,0.12464610849468946,7.043104154423982e-10,0.0831142155954387,0.10137954230873575,-1.116580199373331e-05
2022-09-12,3.076825537780135e-09,0.04205088352239738,0.10378844743874846,0.0520242406822657,0.05747619217514345,0.08613495688436104,0.10499926338801278,0.0036594507175225586,2.5319240453668807e-10,0.1075806889071285,0.13007256002454473,0.1252379847490921,7.011338703804265e-10,0.082974005919162,0.10401248307757449,-1.116151710487665e-05
2022-09-13,3.0687740665095365e-09,0.04237719746054038,0.10399544426907514,0.052017479046569844,0.05917888001508757,0.0846848978627112,0.10700754134178153,0.003699873833444508,2.51832445441336e-10,0.11049756757547147,0.1264095626144188,0.12436481898427108,6.875577559284168e-10,0.0837556173337281,0.10202229204771383,-1.1176392977843085e-05
2022-09-14,3.0811077203932227e-09,0.042295387168121694,0.10345567202179819,0.052250061257521456,0.05898825903882308,0.08350889105373092,0.11106343767004105,0.003674801258221209,2.4358123417238054e-10,0.1090737324195372,0.1238420684476906,0.12612780905188786,6.916219856851861e-10,0.08438884275149851,0.10134220721747393,-1.1173372656759522e-05
2022-09-15,3.0663864943199827e-09,0.04204742109414641,0.10314916747987793,0.05264206536769281,0.059108713642189156,0.08387593275627275,0.1115913014565607,0.003713606811290969,2.441537372684842e-10,0.10947376869849453,0.12599073506473385,0.12448452511778546,6.800118467356431e-10,0.08241940791635849,0.10151449780397241,-1.1147199927706459e-05
2022-09-16,3.006555832921832e-09,0.04215934874740418,0.10282375810194723,0.05322322203022532,0.05851369913748924,0.08349892301150988,0.11306982155584602,0.0037794250607330053,2.4125190181413365e-10,0.10958711278016238,0.1263695310289017,0.1250530534536368,6.757326194385746e-10,0.0842022857856537,0.09773093769412071,-1.1122311170611957e-05
2022-09-19,2.970073545345605e-09,0.04200490422990711,0.10249102764540959,0.053611076566552514,0.05888579538871998,0.0825237562712397,0.11413039605264093,0.003711292285846914,2.426374180326555e-10,0.11177169996240853,0.1278364271407721,0.12428905604712577,6.665261862996413e-10,0.08121771057608865,0.09753788300403261,-1.1029049981392794e-05
2022-09-20,2.945993219587979e-09,0.04177112551656592,0.10142746763395602,0.05346336360805819,0.05901693372245178,0.08302819555208357,0.11350268080158554,0.00377751150757512,2.4253615628523473e-10,0.11070470308096071,0.12865609704309836,0.1287601027035826,6.723180349629942e-10,0.0809087503382078,0.09499411855220621,-1.1053921179170848e-05
2022-09-21,2.9337685330704747e-09,0.04178450113989757,0.10079857145768191,0.052337362371112375,0.05829233568160324,0.08441231888473025,0.11547781901148996,0.0037230345063648733,2.4450358592021277e-10,0.10848169984698809,0.13134470999742429,0.12906378921766562,6.823254569345676e-10,0.07824710826204447,0.09604777449134326,-1.1028728943491089e-05
2022-09-22,2.9293663187394284e-09,0.042085813625522946,0.10165455666478529,0.05230650109606158,0.05779087782692781,0.0851463480994333,0.11523889141476355,0.003672473859873808,2.408745400372801e-10,0.10587087279960003,0.13011037853294413,0.13131712278631086,6.837085242504447e-10,0.07740996867693195,0.09740720155662051,-1.1010793725246925e-05
2022-09-23,2.9147914747957336e-09,0.04225030403026442,0.10175863421426315,0.05293215400975523,0.056855373895694325,0.08447555214843074,0.11303879359695365,0.0036703497437455693,2.45975363160018e-10,0.10537330687857442,0.1294470173731907,0.1336773632831704,6.987879187226e-10,0.07753871124165178,0.09899347639219178,-1.1040667440900341e-05
2022-09-26,2.8833575193981177e-09,0.04281440143161101,0.10406095120135748,0.05322032551940328,0.05538824081482534,0.08383121435907984,0.11392267110207693,0.003646906641298768,2.5052227756156916e-10,0.10629652724530327,0.12792373602775406,0.13370933844041497,6.87642965632221e-10,0.07726168708014637,0.09793502798929406,-1.1031674088221414e-05
2022-09-27,2.934661768072157e-09,0.044022204179961465,0.10313729703186403,0.05239533222509329,0.055595276812744704,0.0827554275997394,0.1147680291919689,0.0037107439852375737,2.578320416842682e-10,0.10736211431990501,0.12840445359283617,0.130144487534779,6.927495869915963e-10,0.0779029412322751,0.09981279092569276,-1.11025173408772e-05
2022-09-28,2.954296867717918e-09,0.04442016319822369,0.10286489713084436,0.051710068957043456,0.05559212767391205,0.08219376449507806,0.11686277967782689,0.0037338764127278472,2.592773997522609e-10,0.10717404516901202,0.12335863996517855,0.1352953829202371,6.900012855295184e-10,0.07838844493152446,0.09841705544752513,-1.1249882709291215e-05
2022-09-29,2.9812345476801073e-09,0.04448309321845954,0.10194649508572984,0.05147853394017568,0.05672802181960359,0.08212331185008216,0.11658863759840817,0.0036845731319925562,2.5202770160440427e-10,0.10692840003339944,0.12403600431645882,0.13783856525188073,6.629736787600057e-10,0.07680558290549953,0.09737002389068801,-1.1246938614112356e-05
2022-09-30,2.9272686338686024e-09,0.042150745525507426,0.09685376652066333,0.05393292335140052,0.05489479674426475,0.09067095392798168,0.10629394382188079,0.004053935325468447,2.613142943093747e-10,0.10450051131731322,0.1358547673360961,0.13121500046968707,6.981029425567606e-10,0.08056353859529237,0.09903247007965144,-1.7356901893194172e-05
2022-10-03,2.9618748856413197e-09,0.04283090485156233,0.09779077864120433,0.05477905841562321,0.05623795852599369,0.09094736112799474,0.10407009176931854,0.004037600953151512,2.6292043148229133e-10,0.10466221678704973,0.1331678715048483,0.12766194285585078,6.893520192397568e-10,0.08178947433582458,0.10204209203018016,-1.7355712749167452e-05
2022-10-04,2.9956003493948375e-09,0.04340761264481928,0.09797521183447698,0.05383415986443845,0.05608462442765402,0.09090366116120951,0.10366923318194508,0.0040524599609992745,2.654187781299776e-10,0.10636138790221132,0.13296436853089746,0.12393590660140595,6.855951414013148e-10,0.08210616525424724,0.10472260388082681,-1.739919174564868e-05
2022-10-05,2.98242566673443e-09,0.04367642769728229,0.09838310465102536,0.05391817430789589,0.05677999166750896,0.09023390181700487,0.10298204374918057,0.004056517174195133,2.6321201205939954e-10,0.10733129305023813,0.13159397438524842,0.12456858994045249,6.852883986352537e-10,0.08253803264938145,0.10395535761836301,-1.7412638702602182e-05
2022-10-06,2.987524156679455e-09,0.04393559601660931,0.09908932073545272,0.054185918129273154,0.058248257095233666,0.08953964647025361,0.10341753951948865,0.003986414549743497,2.66030380364392e-10,0.10602084268942269,0.13168398617984173,0.124435840582469,6.922940885171795e-10,0.08214000629237429,0.10333412278396738,-1.749498997823644e-05
2022-10-07,3.0476733670199714e-09,0.0443489536907918,0.09913300803258354,0.054384787105202316,0.059804039190788305,0.08986097232857322,0.10313717593244456,0.003974098310381242,2.656323679311535e-10,0.10575056445602285,0.12982821153650398,0.12290604981995257,6.868791971287764e-10,0.08359384768805024,0.10329589278485805,-1.7604876337758564e-05
2022-10-10,3.0426667173119555e-09,0.0449345028200271,0.10055636297192524,0.05423047199566082,0.05937124764962592,0.08890576060834285,0.10415181014123538,0.003964606533581331,2.642516506858509e-10,0.10447496405539669,0.128287091932167,0.12364691220458586,6.714715755003384e-10,0.0851666958699334,0.10232717616658515,-1.7606927456557745e-05
2022-10-11,3.010712611856554e-09,0.043924243853896816,0.09963352085077937,0.05353908307580447,0.05880177843305782,0.08977140007781309,0.10346895507194157,0.0038850639580401795,2.591408967572528e-10,0.10450674004192585,0.12982921090063335,0.123142476939398,6.736264279059515e-10,0.0853601897004936,0.10415477637460856,-1.7443221872692347e-05
2022-10-12,2.945373529358901e-09,0.044074187579156265,0.10036050886169358,0.05254503209750724,0.05798123890807935,0.08850778137125635,0.10212603186622592,0.0038464022406012282,2.592626738345626e-10,0.10558309061093993,0.13169751694891363,0.12103406415089754,6.616511905423743e-10,0.08714551806564648,0.10511600484833367,-1.7381415538570118e-05
2022-10-13,2.960418992173461e-09,0.044478005954772554,0.10076753960591563,0.053094189874984356,0.058000728024365455,0.08920925502056874,0.10049387312409447,0.003826141530110925,2.578251965214877e-10,0.10545029611113987,0.1303195102464908,0.12050093325316076,6.470806040013688e-10,0.08842937114813582,0.10544760531501127,-1.7453074075427104e-05
2022-10-14,2.9242564293309023e-09,0.044277976460118725,0.10153976429733924,0.052976811960590384,0.057743949782363954,0.08948937274492923,0.10137662935706035,0.003763860217983707,2.610183259283688e-10,0.10457968655915796,0.13083439256947996,0.12094328810700812,6.438551766111425e-10,0.08715627214592454,0.10533551064472346,-1.7518675809613695e-05
2022-10-17,2.962527433704552e-09,0.04357143127472803,0.10316990654344309,0.05270551195184246,0.057646282843539655,0.08805811026520613,0.10011455583509572,0.00372943604564901,2.5645146650100803e-10,0.10403441429757661,0.1297187137850506,0.1244785751906071,6.294939659749868e-10,0.08715637969293381,0.10563415451217593,-1.7476086321104053e-05
2022-10-18,2.925767116903524e-09,0.04377377338352019,0.10249368256567652,0.05108423934091035,0.05797999743904681,0.08660811856671569,0.09848682368086813,0.003757791451146381,2.545957794226032e-10,0.10529794711056416,0.13199085327031165,0.12287727588561853,6.369876838932211e-10,0.08578932504043953,0.10987760052528302,-1.7432077451591278e-05
2022-10-19,2.9341844681659927e-09,0.044649197367367895,0.10441436290366975,0.05176017913497169,0.05805989710566576,0.08727232671014751,0.09654826893391395,0.0038062528499603018,2.584029958163065e-10,0.10654411637839074,0.12686451791937134,0.12143302358140448,6.348086988530033e-10,0.08709519621423475,0.1115702510138008,-1.7593940295102532e-05
2022-10-20,2.9197703502223824e-09,0.04478882829821485,0.10292158503665681,0.05195439938092436,0.05820798875255553,0.08741687348755164,0.09600867216103655,0.003892827611190499,2.5949187708830594e-10,0.10462262227556002,0.1269889542083336,0.12260527388391601,6.26394403638007e-10,0.08856170784071082,0.11204779548947548,-1.7532231782732074e-05
2022-10-21,2.8479741258308877e-09,0.04481294846373628,0.10221845883097977,0.05214747440653382,0.05873405393304524,0.08742752676674413,0.09793575909264908,0.0038739723742282333,2.6129878211913153e-10,0.1056898427231821,0.12650572325152992,0.12394172948132028,6.185122315777341e-10,0.08769135794848387,0.10903863366183239,-1.748466205008641e-05
2022-10-24,2.8505513912920996e-09,0.04490003883990584,0.10338363387578851,0.05255294965294802,0.058457188786618215,0.086001052714917,0.09838929791452986,0.003930316388102972,2.639247458989563e-10,0.10734818171589887,0.1259343643007877,0.12283587691689982,6.098876584540792e-10,0.08751407343368309,0.10877047893491974,-1.74571993636391e-05
2022-10-25,2.8512702050832514e-09,0.044766447999253146,0.1030651316730355,0.05200077488078389,0.059032058419317905,0.08595149844779912,0.09800778199606885,0.0038828666472897175,2.583268238368271e-10,0.10936883125198853,0.12688556337916537,0.11930619258980846,6.172117680904361e-10,0.08886612311544834,0.10888414998964642,-1.7424116414074718e-05
2022-10-26,2.9113910094288897e-09,0.045130574733549506,0.10209306108456019,0.052531086490709596,0.05956364409077702,0.08580200411726428,0.0993658081168523,0.0038142436813244722,2.6373082525472276e-10,0.10854267410791177,0.12563426035506584,0.11981692322962402,6.257800054347397e-10,0.08969023828211309,0.10803300133078401,-1.75234214378347e-05
2022-10-27,2.87483645922682e-09,0.044265742336441406,0.10105553510577973,0.05276791623196475,0.05910197772642971,0.08608183644824205,0.10054284916101824,0.0037536631504477935,2.610051335209133e-10,0.11135130541278357,0.12760396230121016,0.1155639276713372,6.253200026993075e-10,0.08902327918536324,0.10890538458895654,-1.738308113598023e-05
2022-10-28,2.850958191056789e-09,0.04383475568947918,0.1001955064802907,0.052359248359463914,0.0596177550747243,0.08468209617957186,0.0995877688850066,0.0036545728360253002,2.6462832985744106e-10,0.11343129835123164,0.1268020733680435,0.11487220491198039,6.296998981155332e-10,0.09133087457844995,0.10964919898026856,-1.735743982217597e-05
2022-10-31,2.927297626495206e-09,0.042151163000286464,0.09685472579206583,0.05393345752072489,0.054895340440298,0.09067185196278472,0.10629499659188892,0.004053975476970707,2.6131688245167006e-10,0.10450154632457885,0.1358561128861752,0.13121630006599655,6.98109856796783e-10,0.08056433652294594,0.09903345092964706,-2.7261401087499976e-05
2022-11-01,2.9307562363602305e-09,0.04230971299178057,0.09696011094930834,0.05219265574182263,0.056055216118350897,0.09139187441100528,0.1069458005350271,0.004057284788364883,2.6240167186013966e-10,0.10371422182672131,0.13745633112294212,0.12855559797786065,7.016732694113354e-10,0.08153999507469563,0.09884849129100041,-2.729672371097012e-05
2022-11-02,2.9552850448458547e-09,0.04208946038707169,0.09641978064693825,0.052592603546866054,0.0567976461362248,0.08964048496716145,0.10823973991861204,0.004046383525466925,2.629790556858846e-10,0.10207702316221162,0.13625695665884754,0.13132464060385618,7.057218392931385e-10,0.08139412518651927,0.09914857497461911,-2.7423638380820223e-05
2022-11-03,2.9557786199990818e-09,0.04209084737126833,0.09591991848791602,0.05302033346389073,0.05721874765685038,0.089728630253779,0.10785753060524612,0.0040667643515592666,2.630938023660577e-10,0.10332346830958487,0.1376674853311433,0.12853718505357534,6.894449094222396e-10,0.08002773747391938,0.10056864435364755,-2.729662069774791e-05
2022-11-04,2.9027556747842778e-09,0.04212951230324124,0.09600295449399245,0.05356580406931112,0.057173182596963225,0.08792327799684851,0.10615003953145527,0.003987082787857592,2.602449027448379e-10,0.10273775755569928,0.13469018156481807,0.13135872494271777,6.715648528686147e-10,0.08176625498474355,0.10254243013088428,-2.7206793098005808e-05
2022-11-07,2.916462703580606e-09,0.041678700703677865,0.09600365803531928,0.05258839546618251,0.05759644670009,0.08752440565215175,0.10518758639302206,0.0039041041261974586,2.4979612742999376e-10,0.10073056047232595,0.1366437813967033,0.13001983549580323,6.672979384764985e-10,0.08246402442212075,0.10568559716350981,-2.7099860660731224e-05
2022-11-08,2.945186462275724e-09,0.04116090066618652,0.0937478003003246,0.05387398707868915,0.059034330356411896,0.08751699750089853,0.10312931767899405,0.003947735660250919,2.487948062663478e-10,0.10031451072731364,0.13829644059040616,0.13044905163372508,6.519188813176876e-10,0.0817903374912444,0.10676560953865039,-2.702306899551934e-05
2022-11-09,2.9781113462471223e-09,0.041532405944198054,0.09529717709392085,0.053994559595687,0.05954357525469981,0.08427167513285463,0.10316979018124682,0.004016511259064748,2.489749455381654e-10,0.10024459648194593,0.13686370083479735,0.1335375514862936,6.625804095353552e-10,0.08357606030115523,0.1039795812273471,-2.718868287779777e-05
2022-11-10,2.9774212435292165e-09,0.041469088480729825,0.09513608681301755,0.05368653266408975,0.05937626924548284,0.08531120246105109,0.10065318422784993,0.004123763519154685,2.5114232615474273e-10,0.10033316839940849,0.13909117052799433,0.1304760852320033,6.559211130415229e-10,0.08352976951707353,0.10684089327566437,-2.7218248004348153e-05
2022-11-11,2.9517158393530475e-09,0.0413176620750961,0.09376089688630966,0.053548323871035426,0.06009591787373809,0.08570380572523081,0.09973528112062131,0.004129919378020744,2.512755336767462e-10,0.1003184392724665,0.14047429793414165,0.1318579911414098,6.493138928093923e-10,0.08384438937053337,0.10524006126271195,-2.698976362077681e-05
2022-11-14,2.927932580985609e-09,0.04123368759960915,0.09375165993780876,0.05256732599896518,0.06077135324012207,0.08273042931667049,0.10347563859072051,0.004221457128371054,2.5052630738720343e-10,0.10042583050522277,0.14129782198953092,0.13067588384305134,6.521649758132225e-10,0.08371125695982048,0.1051646535184423,-2.700245895887853e-05
2022-11-15,2.9185352449288744e-09,0.040486638178687806,0.0933359746199338,0.05241146238159714,0.06057413473090408,0.08210763090449372,0.10456574180089079,0.004180488085139606,2.501927031597592e-10,0.10196978303220114,0.1404623806749864,0.13054455419156033,6.480825715001973e-10,0.08520841832105726,0.10417965366187504,-2.6864400137411566e-05
2022-11-16,2.9819509093461643e-09,0.04082913587330236,0.09335269062900478,0.053325659516162756,0.060929587992354046,0.08355794052371074,0.10168760055503069,0.004221306812307996,2.509008385124076e-10,0.10126496756387807,0.14056499667640387,0.13054896946822775,6.539041603709425e-10,0.08390580730601829,0.10583844714391398,-2.711394707135319e-05
2022-11-17,2.991275232725967e-09,0.040551039081763746,0.0932640900833094,0.053478383039683365,0.06125439084224205,0.08474704676032914,0.10004440761618463,0.004138813269773551,2.5142468719563506e-10,0.10141520995564014,0.14099599900346457,0.13344949177376847,6.479398545123965e-10,0.08377146584845112,0.10291650565871582,-2.6846823965930716e-05
2022-11-18,3.0403901177760403e-09,0.0402653555320509,0.09261699312201649,0.05307420755658165,0.060557884435825625,0.08365753912648125,0.09898875793850234,0.004044593487809743,2.4763595045994823e-10,0.10412424774585646,0.14219070858119592,0.13507676066978208,6.591087283355112e-10,0.08628311424957091,0.09914657634797777,-2.674274078604561e-05
2022-11-21,3.0267456511620576e-09,0.04022708805199086,0.09281741542962829,0.05327736615866592,0.06067057701126663,0.08451000226138083,0.09976741745547149,0.004032855291360975,2.414234971371456e-10,0.10328615403238318,0.14198329297916423,0.1355266678906626,6.509323173806163e-10,0.08616053247541253,0.09776755739237349,-2.6930348862523144e-05
2022-11-22,3.0144843696959457e-09,0.03967725504890539,0.09170839136688906,0.05233165542146962,0.060390773211675186,0.0833436324696219,0.10071588089342147,0.004045223370752596,2.4053657913300366e-10,0.101741686047744,0.14248900980585594,0.13675506462342393,6.50912548448304e-10,0.08845557338371215,0.09837269829713854,-2.6847846543357083e-05
2022-11-23,3.0300895932523975e-09,0.03959594876017407,0.09206621782273329,0.051680172369965784,0.059855672738816215,0.083442010418835,0.10085143188118961,0.004061168003010925,2.436831075257326e-10,0.0991766715992108,0.1398002697973337,0.1368570218438017,6.406598983959634e-10,0.09361018499691424,0.09902997644509827,-2.675059151621049e-05
2022-11-24,3.0243210984254626e-09,0.03934460130826756,0.09148747336297598,0.0516422230703512,0.059874062423892024,0.08286862246647027,0.10037975610135473,0.004134516885995477,2.4845730082609717e-10,0.09947393319162608,0.13664381920917237,0.13798209356006075,6.575816533930446e-10,0.0958691192755513,0.10032648935156784,-2.671413764570286e-05
2022-11-25,3.0606788804041565e-09,0.03931196544976448,0.09198436577660914,0.05117170074949296,0.060009427773769004,0.08417517715909777,0.09945913654341515,0.004079157251542087,2.4852544545467693e-10,0.09901081431423885,0.1379260892665927,0.1367786235295105,6.766843157963031e-10,0.09352088790218382,0.10259932181351275,-2.6671515617778023e-05
2022-11-28,3.0529051620334745e-09,0.03878060957339713,0.09266112404093911,0.05126743327152919,0.05948689051729122,0.08276130434958077,0.09993429426180354,0.00415589832760479,2.5192346935004066e-10,0.09959106447568566,0.13969103899792387,0.13740395892282192,6.630551504446077e-10,0.09156440126008358,0.10272877012139892,-2.6792087943708604e-05
2022-11-29,3.0557733207257195e-09,0.039212014272628486,0.09365393089903247,0.05175473694833612,0.059437026666669494,0.08150811142323312,0.10075439733100727,0.004197956952586994,2.4364567567922504e-10,0.09856880678482063,0.13850725342464454,0.1380600540002776,6.555442703505537e-10,0.09175977724741778,0.10261278278839427,-2.685269401212574e-05
2022-11-30,2.927271504693371e-09,0.04215078686349837,0.09685386150688653,0.05393297624438425,0.05489485058057494,0.09067104285060988,0.1062940480662549,0.004053939301235415,2.613145505849826e-10,0.10450061380283598,0.13585490057129923,0.13121512915458772,6.981036271988175e-10,0.08056361760539735,0.09903256720256824,-1.8337636822686842e-05
2022-12-01,2.9329073633892036e-09,0.04247607367842502,0.09709930508350535,0.05418272741138705,0.055908249204241645,0.09162899416450536,0.10804906283015318,0.004073921888360098,2.6213811978797907e-10,0.10348193826720554,0.1361654709122923,0.12490075264272457,6.966694227220174e-10,0.08112023652005074,0.10093174493570065,-1.8481430266541584e-05
2022-12-02,2.9497524783772436e-09,0.042980680267834886,0.09560686284562188,0.05460162072012511,0.055228838277692024,0.09097156599698086,0.10868950228422647,0.004182853515528169,2.6583111750079473e-10,0.10439726676792735,0.13729151071345339,0.12446087949616827,6.959883282872276e-10,0.08246079664614113,0.09914624973841953,-1.8631181690950068e-05
2022-12-05,2.949019810663793e-09,0.04256377048681732,0.09590318577947314,0.054887033721847577,0.05379788154105614,0.0897806716492714,0.1068278112970754,0.004052516935934585,2.6029317497638773e-10,0.10774883860860746,0.13787870295195678,0.1277775114898122,7.022392567023309e-10,0.08090313388134734,0.09789745684687765,-1.8519101629275877e-05
2022-12-06,2.9591991974972323e-09,0.04266387173479604,0.09511107263396866,0.053827899174094,0.055835120697727586,0.08944307977981865,0.10615341176859623,0.004051321356250154,2.5887058514338843e-10,0.10775526847731061,0.14049645549649278,0.12728156589844286,6.867105304305987e-10,0.08052556306428707,0.09687384263933074,-1.847662589566397e-05
2022-12-07,3.014603257550243e-09,0.04339534520483991,0.09572213488543985,0.05331872735587333,0.05529614704572226,0.08993842638950827,0.10720797577593044,0.0040515800366203985,2.58420969822994e-10,0.10734674582070385,0.1412136623570959,0.12284042117359881,6.771786407541542e-10,0.08004941759179508,0.09963798144712495,-1.8569034455770178e-05
2022-12-08,2.967259093728557e-09,0.04312461453239424,0.09518643984190044,0.053679936151855026,0.05569680165981315,0.08915870387946812,0.1056775363094304,0.003981839879788933,2.554740117442955e-10,0.10578938643123718,0.14136843908562813,0.12274998860040472,6.789106958365159e-10,0.08125376502302778,0.10235096006922294,-1.8415365814713776e-05
2022-12-09,2.9514407494102555e-09,0.043322280192605665,0.09421393362805063,0.05406047534554143,0.05605444941385449,0.08973688428890265,0.10514166846662132,0.003919270916762252,2.486160939974858e-10,0.10506314306153082,0.14397621414132875,0.1213525475550285,6.840176114642221e-10,0.08199654934743174,0.10118087177587061,-1.8292017603153304e-05
2022-12-12,3.0082025454003725e-09,0.04233028292388373,0.09359958273352935,0.053856335764867834,0.05587525744777989,0.09074153298576328,0.1062797652277485,0.003968390988702582,2.525565231523569e-10,0.10423569865165475,0.14212421561075284,0.12302202329643971,6.812291341754367e-10,0.08021540919054775,0.10376991238785041,-1.841115150887203e-05
2022-12-13,3.0258437995856197e-09,0.042688213527106514,0.09311665296586145,0.05385594351231399,0.05640110617377638,0.08935826771023776,0.10711193884213584,0.003955894727941371,2.5419093597348586e-10,0.10380836282464867,0.14410012225136748,0.12263238798660954,6.589318721665977e-10,0.08177223457501977,0.101217145555347,-1.8274591332320002e-05
2022-12-14,3.0491075774661138e-09,0.042475519361815754,0.09391750735225701,0.05433784195284411,0.05646964162730542,0.08958464829061116,0.10729924909821759,0.0038280241595274648,2.5365058661878896e-10,0.10161823284917633,0.14394770025652048,0.11981269879561923,6.428098364308584e-10,0.0838482130490991,0.10287891529779637,-1.819603635788402e-05
2022-12-15,3.049281260208472e-09,0.04256025202342588,0.09368044242792016,0.054702947413416816,0.05601771622961986,0.09074745952688848,0.10696127260491729,0.0038063741214404414,2.538142447134697e-10,0.10072149505523048,0.14476865245863865,0.11877531817047765,6.483747557547032e-10,0.08574502012567617,0.10153124006594813,-1.8194175070223054e-05
2022-12-16,3.043941946331894e-09,0.0427380450953005,0.09319659552581129,0.05497048122184634,0.05637274849542949,0.09197301560532485,0.10604971014638329,0.0037543302936805132,2.525819010447505e-10,0.09918294085616365,0.14605747504356442,0.11642414061849626,6.747850603494566e-10,0.08775568048611439,0.10154301378243706,-1.818114186125208e-05
2022-12-19,3.0948910268098875e-09,0.04238735172810678,0.09655227242273554,0.05506566650813692,0.05677368498132927,0.0905584531618855,0.10766845181534769,0.0037275367581941082,2.5516442710520825e-10,0.09920398554898252,0.14476595861298963,0.11585409210779306,6.83430326635285e-10,0.08646560814563897,0.10099526574594007,-1.833157056568801e-05
2022-12-20,3.0942989096360404e-09,0.043225956102914506,0.09643278557539475,0.05414123981260248,0.056164213780651215,0.09002651158117522,0.10649121971146135,0.0037517466429781614,2.5440298211027594e-10,0.09998135504613997,0.14314523715834404,0.11772053607944169,6.77292064277107e-10,0.0844222202551942,0.10451518454755859,-1.821031985014351e-05
2022-12-21,3.02241914241271e-09,0.042642508666043195,0.0952017109659392,0.055364276641583776,0.0570534075639241,0.09120444818013759,0.1053879490956835,0.003857826770822784,2.5429273084717204e-10,0.10090466679740356,0.14272730108493722,0.11694200342750283,6.70420044484587e-10,0.08361818796521675,0.10511380465290324,-1.8095759229628425e-05
2022-12-22,3.0165074153953317e-09,0.04239966493167545,0.09623561350095705,0.05319559057080071,0.05710283588675845,0.09155898352049392,0.10645855086847089,0.003834204367236073,2.5375599050161844e-10,0.10192048318387627,0.14542411981707262,0.11575634763396743,6.701456645166626e-10,0.08574024332016746,0.10039135281723388,-1.7994359119512195e-05
2022-12-23,3.0062194887142623e-09,0.04316458295696264,0.09768090723110442,0.05368636799956679,0.05697586028892472,0.09082003984518974,0.1059576729877814,0.003931335462319575,2.5223273189536565e-10,0.10242636243515447,0.1441397570405158,0.11780562906046155,6.661169122992491e-10,0.08588723923177073,0.09754228861054404,-1.8047074864822222e-05
2022-12-26,2.973280266031277e-09,0.043356994960911326,0.09670784172042068,0.055226653382066025,0.05579736472618679,0.09029233830393335,0.10646079372545615,0.003928794418561861,2.4923514169362767e-10,0.10136882618968662,0.14248533199430086,0.1177827974550095,6.92154135630016e-10,0.08641521803875772,0.10019516317511303,-1.8122005073473366e-05
2022-12-27,3.0056378427704866e-09,0.0441129527304885,0.09435853150260472,0.05537222724321651,0.05703336533565451,0.0901868723330498,0.10967228578414104,0.004036519231434916,2.490570668843968e-10,0.10121313658510882,0.14103684942080386,0.11727540448423412,6.815292865277426e-10,0.08765052669435482,0.09806955300280072,-1.8228284116281814e-05
2022-12-28,3.0047845138207796e-09,0.044130341919241145,0.09211976191360595,0.05602584491695524,0.057053926246309915,0.09052436334763826,0.10792163452912348,0.004048672250937706,2.517703687537194e-10,0.10048223958037261,0.14478233400819474,0.11670019905600457,6.912617018829752e-10,0.08762593140244139,0.09860286304778218,-1.8116166423504234e-05
2022-12-29,2.9560599742531604e-09,0.04427815671806212,0.0913543998744889,0.05546259397239812,0.05824383016591596,0.09024998422512738,0.10643255260189069,0.0040271263194679155,2.468598187014878e-10,0.10269956474864454,0.14313013546237438,0.11772763191775103,7.076372198881459e-10,0.08682210016819217,0.09959002464474996,-1.810472962008802e-05
2022-12-30,2.927262735503402e-09,0.042150660592922946,0.09685357136300701,0.053932814678054136,0.05489468613277011,0.09067077122852148,0.10629372964252876,0.004053927156901077,2.6131376776831116e-10,0.10450030075167802,0.13585449359250368,0.1312147360750963,6.981015358986716e-10,0.08056337626199404,0.09903227053196782,-1.534189462335132e-05
2023-01-02,2.9378091845036823e-09,0.042240077710610086,0.09348607012021856,0.054007163189053256,0.05368194670088424,0.09123947864897594,0.10819521126717178,0.003992965531701415,2.5980079930197063e-10,0.1033334540306097,0.13831482744781423,0.13118490819811263,7.179693225155666e-10,0.08102676751374187,0.09931243178098662,-1.5306055459397822e-05
2023-01-03,2.9454810874831567e-09,0.04267473758608264,0.09191776537258912,0.0541709101471566,0.05374780883585001,0.09228205742543599,0.10815171270663768,0.003942717555982592,2.6039893936162154e-10,0.10182293954339063,0.1343048493415052,0.1330961234539823,7.269339398115445e-10,0.08190687293571462,0.10199683426474761,-1.533310188882899e-05
2023-01-04,2.9310202999614523e-09,0.04211588967842286,0.09198040962588433,0.05403413615438016,0.05327753632832747,0.09232807149160742,0.1074256384325297,0.0038462268002732915,2.5911005056374764e-10,0.10019131633650354,0.13503311498265527,0.13184654117520606,7.423833458291605e-10,0.08444706115697104,0.10348940514975893,-1.5351245033678643e-05
2023-01-05,2.8964273099633984e-09,0.042882444437251616,0.09382110280391259,0.05420674149157123,0.0542963069873376,0.09195334958853947,0.10504118010844335,0.0038165601945402503,2.6658982674155335e-10,0.09818143073854128,0.13546108433981321,0.13234534808514772,7.380833729382029e-10,0.08403818614333942,0.10397165378150103,-1.5392601039346796e-05
2023-01-06,2.8686400575615352e-09,0.04208442118165391,0.09363932331379833,0.054642525745717964,0.054639676453364275,0.09061987412699696,0.10284054166342922,0.0037855775782289075,2.7168030763452383e-10,0.09876317294399975,0.13645379201225785,0.13379480520951365,7.405806763742182e-10,0.08389105146003996,0.10486055771617876,-1.5323286080293903e-05
2023-01-09,2.8654605870699225e-09,0.04165201706450027,0.09475992397844712,0.05564874046737444,0.054123242817430216,0.09196065569810247,0.10561921360333072,0.003801627063888346,2.6953588571732824e-10,0.09938000733699927,0.13582673370577245,0.13298384402075014,7.495009567777647e-10,0.0818024921226276,0.10245688087308928,-1.538263680979276e-05
2023-01-10,2.867240878220174e-09,0.04166207236567051,0.09515854141933397,0.05687553842220458,0.05422187729580999,0.09271964439927802,0.10429236722936279,0.00384543906388901,2.676080923052423e-10,0.09955919961935128,0.13568532130066074,0.13540213234031231,7.328513394056225e-10,0.07846408471374512,0.10212916429912695,-1.5386336445414553e-05
2023-01-11,2.882572940482157e-09,0.04176572731216844,0.09651833626173843,0.05721815768891091,0.05390605458760935,0.09005086057403318,0.1040714147666466,0.0039057967271313217,2.663552352335306e-10,0.09971970596795343,0.13677499467317422,0.13324723420531423,7.417935454295472e-10,0.08090752346969537,0.10192958726462781,-1.539738972498561e-05
2023-01-12,2.866292572415525e-09,0.041950486928385024,0.09468367705477998,0.05773556303639135,0.054483286807808354,0.09246493850067243,0.10434327429902604,0.00394911248027058,2.643440932310573e-10,0.0996966865202022,0.13411219535918023,0.1335248303031415,7.418163929124049e-10,0.08179119870436888,0.10128021856082586,-1.547242750540992e-05
2023-01-13,2.862629052989112e-09,0.041723822656450804,0.09415542777158614,0.05767441704391718,0.05440376405158622,0.09318769689509813,0.1039760842700782,0.003922203722394842,2.6315023120497996e-10,0.09841275309592289,0.1330932221140647,0.13785667639348187,7.286830447519408e-10,0.08123806133171457,0.10037130423026949,-1.543743102752645e-05
2023-01-16,2.844166550913059e-09,0.04141361434022615,0.09405514183749974,0.05631462840615908,0.054868092074827526,0.09356921970877773,0.10182800231714878,0.003781205842275411,2.583230784467575e-10,0.09766276955787649,0.13812073347472925,0.13858916359476683,7.029106172771916e-10,0.07991626755586113,0.09989652820126335,-1.5370716811676063e-05
2023-01-17,2.8524196566899848e-09,0.04088425126129498,0.09397072296271802,0.05588395434473521,0.054165992310326275,0.09394122606552462,0.10296069837029512,0.003828950008686819,2.607157228824334e-10,0.09698262987792089,0.13982868428690842,0.1394251656611417,7.051566743503121e-10,0.07909489440950178,0.0990482020348533,-1.5375412199219948e-05
2023-01-18,2.8343404533055962e-09,0.04160053023909564,0.09361876123506298,0.05510666789921764,0.053247432213040215,0.09270577216396442,0.10525834610916662,0.0037812705200367365,2.624265986731842e-10,0.09576340156360766,0.13947216169059493,0.14033715947729816,6.934108445432486e-10,0.07765028837181967,0.10147346900107275,-1.526427415530088e-05
2023-01-19,2.8809720971329147e-09,0.04223174563857429,0.09508878130475405,0.05579439106969979,0.054945035119466364,0.09342836199976984,0.10684795707283248,0.003730519169805897,2.611090233545595e-10,0.09466905074776658,0.14339832765982966,0.1352895306438568,6.936318963406034e-10,0.07396384290154921,0.10062782220532558,-1.5369368943517655e-05
2023-01-20,2.8795384327344614e-09,0.043003077251232286,0.09589863623681391,0.05549577291771375,0.05589421788876852,0.09385174571224408,0.10736506138756342,0.00368293711316345,2.584010315003822e-10,0.09386973387924338,0.1441439881409234,0.13607315492472902,7.156233928922907e-10,0.0748199355379694,0.09591716539654013,-1.5430240467429358e-05
2023-01-23,2.8969739665419465e-09,0.04252418994273041,0.09524222473301446,0.0551794511698417,0.055647876499686,0.09253905081020368,0.1080620241517487,0.003622906795435457,2.6075409609565666e-10,0.09749906082567755,0.14158445487599122,0.13594537015147878,6.86622474900478e-10,0.07470262694564071,0.09746624142989717,-1.5482175696299295e-05
2023-01-24,2.9251480809171304e-09,0.04268201218356535,0.0964407036624018,0.05696036311846472,0.05697618868755701,0.09219859085959566,0.10627113237130144,0.0036132131319258944,2.57892485088516e-10,0.0984914836510097,0.1393186255288629,0.13621428869993055,6.989707531798081e-10,0.07480923479606684,0.09603968338374379,-1.552395643695739e-05
2023-01-25,2.9542579383643074e-09,0.041823941304631435,0.09599581370806423,0.05687338368386016,0.05692899367459583,0.09232015685088624,0.10704313389343163,0.0036080187516989784,2.562507456902837e-10,0.09778248225471639,0.1378217966252302,0.13790983509317678,6.904955398720798e-10,0.07590472677653817,0.09600321674953076,-1.5503267364949337e-05
2023-01-26,2.9394153630765413e-09,0.04208270796293765,0.0952377394233609,0.05728884890911898,0.057076823888422,0.09161821101521114,0.10781422774565422,0.003636316501546962,2.606861651002598e-10,0.09926372702218436,0.13894348301910706,0.13531587031995737,7.203219527005149e-10,0.07398413231291627,0.09775340659788778,-1.5498638728021357e-05
2023-01-27,2.945082527862919e-09,0.04149486424199952,0.09491199094345547,0.057119594818068706,0.05786446498145806,0.09059920259728485,0.1072217092520249,0.003509143135766914,2.6688714064090437e-10,0.09743113219200351,0.13941979994436637,0.13483769426352485,7.177906427199613e-10,0.07494250475322643,0.10066335738578341,-1.546243872332117e-05
2023-01-30,2.9468393494784853e-09,0.04169703005751887,0.09508530863363637,0.05768860474742578,0.05744351089665208,0.09169813868730278,0.10865368918175872,0.0035573450406002688,2.6386282939258473e-10,0.09702887639114649,0.13975148779020408,0.1315275444033806,7.368101437413041e-10,0.07482029606252603,0.10106359608862449,-1.5431928288909183e-05
2023-01-31,2.927254478272766e-09,0.04215054169422562,0.09685329815819116,0.05393266254422473,0.05489453128569111,0.09067051546416492,0.1062934298088889,0.004053915721572396,2.613130306537288e-10,0.10450000597694721,0.13585411037378095,0.13121436594421418,6.980995666919724e-10,0.08056314900860455,0.09903199118147145,-1.2521048644173924e-05
2023-02-01,2.923285111937578e-09,0.04190981761735198,0.09677091557533563,0.05466498640169506,0.05507308683941376,0.09162812337771088,0.10584812162029798,0.003985783903780021,2.5967775410724946e-10,0.10264039411019682,0.13853690280077702,0.1322561730746511,7.007453210186723e-10,0.08194310886440315,0.09475503002681884,-1.2448096140141834e-05
2023-02-02,2.9421941951635815e-09,0.04139252635711555,0.09685660012231856,0.054523577309199434,0.05557235833784166,0.09199255053311718,0.10788543826169014,0.0039561636912256665,2.627084154967905e-10,0.10301836356975454,0.13502953395775102,0.1303659613427529,6.997751519838811e-10,0.08370978966818818,0.0957095898607789,-1.2456916411415002e-05
2023-02-03,2.902292756664346e-09,0.0412290770989726,0.09871879538708751,0.05445798916757152,0.05521597410937394,0.09234851829869843,0.10873618340683174,0.003921308866226919,2.6405025214832206e-10,0.10225629265590175,0.13629100128962154,0.1304449575828966,7.041230164394603e-10,0.0823713057437182,0.0940210150798241,-1.2422557190668593e-05
2023-02-06,2.9162976205403815e-09,0.041029417537411676,0.09862509801809158,0.054050294277654204,0.055597752142232,0.09126891108772278,0.108113797091545,0.003949620280112939,2.676143643968786e-10,0.10103817345689736,0.14008263301702573,0.13064099402394974,6.886637119461208e-10,0.08261784432195435,0.092997830409356,-1.2369536528941117e-05
2023-02-07,2.932787337844678e-09,0.04107623862602382,0.098862505181834,0.05357242116440678,0.05635972520111666,0.09006810617964094,0.10667917395318686,0.003977108789937601,2.7446700453355697e-10,0.10066653599003374,0.14193187305788285,0.13325313307764763,6.998224621867563e-10,0.08230698076746566,0.09125858032133373,-1.2386217586906796e-05
2023-02-08,2.860397469028823e-09,0.040807965001441335,0.09973418526430357,0.05267935839475369,0.0566232331625526,0.08863578544862429,0.10643232613208685,0.004002081611220359,2.707793193039498e-10,0.10056390142112409,0.14046668017156513,0.13435255807258958,7.002017288368168e-10,0.08209983323730748,0.09361442360018726,-1.2335349134810692e-05
2023-02-09,2.8977797411256187e-09,0.04079829535798419,0.10032195021404568,0.05299430733375413,0.05706862660703549,0.09213678573498246,0.10770735263770692,0.003913729720357115,2.7047742092758304e-10,0.09823404004071143,0.14070232277471717,0.13076943095415666,6.944016060139536e-10,0.08039592316429311,0.09496964798839182,-1.2416390794856957e-05
2023-02-10,2.8775312260318884e-09,0.04063839205506376,0.09951362557909704,0.05178649944226672,0.057029463351099104,0.09376033125985744,0.1075630598108708,0.0038636763245031456,2.6295277192122385e-10,0.0961972107795833,0.14078316241042493,0.13224632445600165,6.929363442881677e-10,0.08102662521370868,0.09560395260548851,-1.2327121385501584e-05
2023-02-13,2.86789086208339e-09,0.040041826745506506,0.09889883185665001,0.050871639928704346,0.056586093446163506,0.09340886689829311,0.1091276009914614,0.0037620237583987806,2.62747266770454e-10,0.09763627247146445,0.14139901878661199,0.1330596989228855,6.94646534654981e-10,0.08230136007911829,0.09291898717472678,-1.2224885269238322e-05
2023-02-14,2.832923698166734e-09,0.040076930471022294,0.09668490192041217,0.05164122576439839,0.057483935230394106,0.09298788649385097,0.10869918437463538,0.003762343070083676,2.632497418111304e-10,0.09794317916439053,0.14284766579099317,0.1328347778648886,7.070224730764707e-10,0.08307611746739697,0.09197408219732063,-1.2233612982717556e-05
2023-02-15,2.8536826120181547e-09,0.03932076148191823,0.09608999198511645,0.05194587049511174,0.05668814374458379,0.09288277055980904,0.10894313315323235,0.003697807865513273,2.6165329250557e-10,0.09722014600656304,0.14087257599643446,0.1373136055359478,6.941546770405578e-10,0.08418608594052113,0.09085127077055152,-1.2167344793230602e-05
2023-02-16,2.814446068449057e-09,0.03922424474806546,0.09642823875822595,0.052314033863483995,0.05756693867830474,0.09606401988878867,0.1089451619411692,0.003650898584810499,2.6254437931361e-10,0.09650237775295692,0.14252163152936734,0.13387864310929568,7.206886479713748e-10,0.08522908937307658,0.08768684008696594,-1.212211219007661e-05
2023-02-17,2.8150326280829224e-09,0.039824365076721616,0.09833747331944781,0.05191345580423783,0.058475831279196026,0.0943305534764268,0.1095890825618727,0.0037349471428742395,2.622653192865892e-10,0.09492547296834758,0.1438931406247753,0.13347629288066276,7.339623683405583e-10,0.08446899954172597,0.08704258549251453,-1.2203980063367388e-05
2023-02-20,2.751928439650731e-09,0.0397588114474631,0.09783953545496865,0.051036613078602945,0.0584214658201185,0.09526218545072865,0.10891854322740685,0.003737174327123474,2.624963778507642e-10,0.09285961970435713,0.14822257512458828,0.13200880817182853,7.40144321438177e-10,0.0853935843866612,0.08655324026365198,-1.2160212068465213e-05
2023-02-21,2.769620771989225e-09,0.03988647039686852,0.09641427208761084,0.05088162926811037,0.058033577920882394,0.09477731089236839,0.10709433489170624,0.0038002004867151505,2.689849042230823e-10,0.0943581286465561,0.15141928455254713,0.13137337933962398,7.326408050543546e-10,0.08427200779604026,0.08770156616953971,-1.2166219815373477e-05
2023-02-22,2.75760465621689e-09,0.03959856145656605,0.09713540979094602,0.05079156747864262,0.05707730266462169,0.09335540248932397,0.10739889199802255,0.003832099543210042,2.6949396680724984e-10,0.09653154865356607,0.15446581512352553,0.1315352441543222,7.174388649772397e-10,0.08175927920009314,0.0865309588118086,-1.2085109186104101e-05
2023-02-23,2.7702235416598827e-09,0.04023012784435313,0.09733264021794161,0.051347042125560405,0.05677017880495452,0.09387670568376213,0.10833668199524725,0.0037159649329265437,2.6722537667696496e-10,0.09773193924171877,0.1548048279142113,0.12859605597448986,6.853612703836465e-10,0.08103963970930192,0.08623024407423935,-1.205224151699406e-05
2023-02-24,2.7573896087384903e-09,0.04044058408259899,0.09823723897959517,0.05194046960333727,0.05535884785269529,0.09265418639279388,0.1083142755201068,0.0037608791369243377,2.702361825488758e-10,0.09884180530361722,0.1544643718952265,0.12840497518530578,6.793740339977359e-10,0.08251193790959344,0.08508251945824595,-1.2095027040540683e-05
2023-02-27,2.783026940199731e-09,0.04057775892799745,0.09831847047433315,0.0516183969353531,0.054522091842269395,0.09201346487641615,0.10798586123560047,0.0036399383256659253,2.6984448553199686e-10,0.10041111179750192,0.15612310758309486,0.12753023725473897,6.810195551816196e-10,0.08180894342939339,0.08546272141299024,-1.21078292459449e-05
2023-02-28,2.9272705314563756e-09,0.04215077284952492,0.09685382930565033,0.05393295831315796,0.05489483232955197,0.09067101270499024,0.10629401272641718,0.004053937953412468,2.6131446370510566e-10,0.10450057905926566,0.13585485540329378,0.13121508552917824,6.98103395098626e-10,0.08056359082021769,0.09903253427697252,-1.8005158321264442e-05
2023-03-01,2.92914722491417e-09,0.04222830526103025,0.09495573756773275,0.05422227913630695,0.055419498576744025,0.09059925600711248,0.10972472350280386,0.004015741348327656,2.5998795038765526e-10,0.10389248411425953,0.1357335788705409,0.13053587271880465,6.811493985481981e-10,0.0797956404000489,0.09889488125399229,-1.8002627988741932e-05
2023-03-02,2.953829956359776e-09,0.04303511242505016,0.09602745947980497,0.05357564075251562,0.054784636030862074,0.09014275774202506,0.11203275651408137,0.003994527733040505,2.5412176299059016e-10,0.1027867219034764,0.13700420074334627,0.13168066790147087,6.768538889053253e-10,0.0805645643926131,0.09438889297302053,-1.7942476112411844e-05
2023-03-03,2.9531991810220984e-09,0.043359447755047305,0.09505583185590956,0.05300285882059335,0.05348494088007461,0.0918832681930707,0.11083052389871406,0.004004180814466252,2.561516916868052e-10,0.10509957339294795,0.13653843270147412,0.13036764389834646,6.783288989917665e-10,0.08238067484843914,0.0940105365640001,-1.791751076314775e-05
2023-03-06,2.9211195268670957e-09,0.04260512733710746,0.09363345008750838,0.05343344622458393,0.053183679741540126,0.09101112699171515,0.10957441234701099,0.0040023483713312906,2.548246874831819e-10,0.1044862910426356,0.13930147037887722,0.13354219958554714,6.58172862375789e-10,0.08274864395597356,0.09249568076411939,-1.788066206729563e-05
2023-03-07,2.9095637736402114e-09,0.04267071091494184,0.09327288254420187,0.05349275380278602,0.05353786932774864,0.09122025053052708,0.1084611016828106,0.003961051014708008,2.4903329868388315e-10,0.10296166542708615,0.1435353178519536,0.1315867694213459,6.435753876145482e-10,0.08312704944669815,0.09219042248665123,-1.7848253631636427e-05
2023-03-08,2.8958957669053803e-09,0.04315693871302731,0.09356327364686758,0.05302026131340922,0.05311581984408786,0.09038657286451145,0.10944661202491048,0.003933278045772882,2.417681133258005e-10,0.10261689283720199,0.13960331649484137,0.13608686295357425,6.310835112823058e-10,0.08267580084006336,0.09241216041802927,-1.779376504416288e-05
2023-03-09,2.8793724244604335e-09,0.042902935145822094,0.09371394845828797,0.05379190619026292,0.05345686477283999,0.09183765206866758,0.10759691909477531,0.003939943950712247,2.416561694975823e-10,0.1028939799909086,0.14232802537077754,0.13521730784564684,6.249360617657673e-10,0.08326117033070399,0.08907708013216609,-1.7737097535749334e-05
2023-03-10,2.870251972514696e-09,0.04280594115564321,0.09270154895015283,0.05439802481780643,0.052724015369992626,0.09160522223368081,0.10794022344314519,0.004012548759497429,2.414478445256567e-10,0.1043179098352438,0.14384906751381923,0.13541475666983124,6.12631192568726e-10,0.08103999793260203,0.08920845664549641,-1.771705124214906e-05
2023-03-13,2.8533833888071765e-09,0.043172881462861815,0.09338286280245359,0.05424651758059116,0.051949386441495354,0.09214853295569572,0.10639538783549787,0.003967224314468227,2.378124882481014e-10,0.10404177631618007,0.14650546268985382,0.135343338974169,6.076171384799947e-10,0.07875782761286806,0.09010649749714149,-1.770018208922849e-05
2023-03-14,2.839031559388472e-09,0.043327485383647356,0.09325060027823139,0.05490200513146989,0.05197845539776592,0.09230933654188647,0.10736378687777905,0.004096106620611978,2.4157189221417666e-10,0.1041705291264662,0.1469004831340394,0.1345038668849715,5.991070296037818e-10,0.07817776671305819,0.089037312670851,-1.7738440488752287e-05
2023-03-15,2.8715666597409658e-09,0.04308414952885715,0.09509528827427957,0.05567134558340744,0.05227053534015829,0.09280794660169371,0.10713459448639112,0.004134207875432438,2.4681912490856797e-10,0.1036018305772904,0.14404703763651888,0.13685687947667263,6.058875351697809e-10,0.07701357493092152,0.08830043408217736,-1.7828118073505237e-05
2023-03-16,2.8560640093209687e-09,0.0428865787298925,0.09502798283755512,0.05565792106520826,0.052005361847828155,0.09217077994939085,0.10711467599104571,0.004156207999076328,2.4638930496279e-10,0.10578034814653298,0.14567117525119525,0.13359162551326062,6.133367011606572e-10,0.07810502527914287,0.08785018708997788,-1.7873415896223432e-05
2023-03-17,2.8346495510712417e-09,0.04317963493826366,0.09566427356358762,0.055315876154684085,0.05143803609356454,0.0926993894890543,0.10751388840611102,0.00416023745636643,2.4779475366891953e-10,0.10469595800833992,0.14565929937867217,0.13574166151567352,6.138785546808389e-10,0.07626376653010243,0.08768596477071791,-1.7990001460572727e-05
2023-03-20,2.8054864995938445e-09,0.04328982817502016,0.09598174947540875,0.054258220570634653,0.05190875327086951,0.09137423088004751,0.10977481809864237,0.0041574393679637495,2.4322210470204094e-10,0.10284851436395236,0.1464953810314568,0.13486365266129335,6.129360623997418e-10,0.07851869882731553,0.08654669281380235,-1.7983198051804215e-05
2023-03-21,2.797398662802786e-09,0.043761818226934666,0.09593565046294376,0.0530792159841609,0.05205321998224145,0.08971433258037624,0.11149202003042942,0.004095617228149433,2.531238917796852e-10,0.10485432961503366,0.14414825312011587,0.13448599807675363,6.191074143620322e-10,0.07939406907051172,0.0870033896005,-1.791764778078402e-05
2023-03-22,2.8074633350488874e-09,0.043353004038631474,0.09478381790731268,0.05244238521582089,0.052173903321745256,0.08941371700252781,0.11103852743251494,0.004108882492110805,2.4347683906624756e-10,0.1045283268510688,0.14352217831373063,0.1371888606934311,5.978109039665145e-10,0.08101138107108273,0.08645278036745144,-1.7768356179486025e-05
2023-03-23,2.831199183885089e-09,0.044257965007109136,0.09572708525368874,0.05288883122775358,0.052533137304858646,0.08921138250335171,0.111438493060078,0.00408356485472144,2.442999724173846e-10,0.1011499949296231,0.1451119339366701,0.13747266095984473,5.967572729159791e-10,0.08167618778297554,0.08446659215250527,-1.7832645436241442e-05
2023-03-24,2.882032315417544e-09,0.04420138618337155,0.09555627402107161,0.05229364602404084,0.052540351776940684,0.09078620373014078,0.11298528827250791,0.00413271637513314,2.4627131689953837e-10,0.10058607789017177,0.1417071762543228,0.13701270955711595,5.94332032159476e-10,0.08324478895696853,0.08497120158704409,-1.782435146519927e-05
2023-03-27,2.9014007253981445e-09,0.044363327664221346,0.09429350016510384,0.05079177659569444,0.05298260162545243,0.09160687615770977,0.1099912842945323,0.004186527807883192,2.456473256239115e-10,0.1000169748364314,0.144233789065657,0.13898844245364383,5.962844957063255e-10,0.08328900077312973,0.08527356622684376,-1.7671409635392495e-05
2023-03-28,2.9108181442246575e-09,0.044652522194101076,0.09403872933873357,0.05095888501427054,0.053124667042643854,0.09151451372531241,0.11099019146482261,0.004197530916303882,2.4928015560225657e-10,0.09821187170130818,0.1450254219811523,0.14032283863238257,5.974210095153366e-10,0.0836437973714762,0.08333681935650362,-1.7792496530115182e-05
2023-03-29,2.918370605486715e-09,0.04491185730980705,0.09447231015954283,0.051530703216736674,0.053219693297233917,0.09201817645557576,0.11115716268169105,0.004235994506555605,2.4331215320447957e-10,0.09680019793912423,0.14867906453185858,0.1344384346395802,5.956955304838426e-10,0.08539526680954058,0.08315890995575509,-1.7775260379865945e-05
2023-03-30,2.900083126062966e-09,0.0448618076966309,0.09388694332596743,0.05142704239826326,0.052654675238631814,0.09311058441288508,0.11303366877303185,0.004218469324139125,2.377752829493572e-10,0.09580263175200811,0.14791497034227616,0.13529468401363867,5.839291299280247e-10,0.08402368884941673,0.08378855835426023,-1.772820293677061e-05
2023-03-31,2.927286726014186e-09,0.042151006040519856,0.0968543651307205,0.053933256686814215,0.0548951360245901,0.09067151432482387,0.1062946007774755,0.00405396038103979,2.6131590937681377e-10,0.10450115718849924,0.13585560699399443,0.1312158114512498,6.981072572205816e-10,0.08056403652269549,0.09903308215530635,-2.3537564438983964e-05
2023-04-03,2.8834531930937464e-09,0.041970811472995015,0.09564801800485187,0.05378977064264782,0.05524073897317268,0.09164365999850003,0.1072500109200425,0.004028513211845992,2.6100430173147923e-10,0.10496284579314026,0.1317422974219904,0.1322344155087949,6.790300445929654e-10,0.08340864743220061,0.09810374901773922,-2.348222140857468e-05
2023-04-04,2.8612420117962926e-09,0.041396516891465646,0.09443600417133301,0.05486823418347372,0.055544553966916245,0.08930031447855205,0.10879247880147044,0.004072982832670481,2.584226153278049e-10,0.10485981044112996,0.13096162931282862,0.1358605504030701,6.657779260058162e-10,0.08316207145444157,0.09676818675347118,-2.3337476265566753e-05
2023-04-05,2.8095454768298206e-09,0.0421217192668671,0.09280849884040819,0.05475885538204545,0.054126770031053505,0.08844805000272637,0.10892806260670403,0.004007701812757857,2.59535221260716e-10,0.10396909505201642,0.13284641675365125,0.13838566171637876,6.561239192336947e-10,0.08292643898056243,0.0966959515375993,-2.3225707975170807e-05
2023-04-06,2.836346294990813e-09,0.042283515484439205,0.09334536823834333,0.05481084480788231,0.05440743174694796,0.09026221284566326,0.11029933728622753,0.004063166550239684,2.633420748032753e-10,0.10412782026094163,0.134059763823534,0.13639365585731797,6.734131845708186e-10,0.07904098910180588,0.09692919646682094,-2.3306243265204242e-05
2023-04-07,2.8348575471314922e-09,0.041234656280809266,0.09270515620011655,0.05377926191563167,0.053564109276854906,0.09034795877482164,0.10937597316869946,0.00390270114881305,2.5668160863979684e-10,0.10454827938362285,0.1335619991023788,0.13888787987786524,6.857671501957144e-10,0.07769853776066314,0.10041652437808744,-2.3041045670139876e-05
2023-04-10,2.8549163036847633e-09,0.0411134508011294,0.09270625461015013,0.0527500884012664,0.05498945998952215,0.09283906258999801,0.10863385475421114,0.003917497164382153,2.58863463957554e-10,0.1037215729379666,0.13069167035123289,0.13938561779101022,6.868050298070566e-10,0.07770542843164246,0.10156923248829801,-2.31941113943206e-05
2023-04-11,2.8826706489421333e-09,0.04083547324817196,0.09253538239243607,0.052995849633528144,0.05515913956180223,0.09177697397553601,0.10838750079586751,0.003933930185610052,2.5363552956178877e-10,0.10538719623865175,0.13325946669810207,0.13721534636325852,6.867988687233853e-10,0.07834979658861385,0.1001870434391639,-2.3102943847233948e-05
2023-04-12,2.9078332628907654e-09,0.04107427449594121,0.09145291974206785,0.05350114890231949,0.05465473629631454,0.09328158501043693,0.10787097281705947,0.003942050658734041,2.599370704623535e-10,0.10666789413495839,0.13151237542244476,0.13546998972121377,6.82639016031316e-10,0.0792704234765171,0.10132481992335846,-2.3194451775425546e-05
2023-04-13,2.8681889618247246e-09,0.04035822658490647,0.09121194547847997,0.05308897980548908,0.05577249922474286,0.09280522958538619,0.10989897464721048,0.0038552960787333976,2.524741062822439e-10,0.10424168424671335,0.13331617934765705,0.13872832291694576,6.696546468711066e-10,0.07818511164954509,0.09856060398424794,-2.3057340375173166e-05
2023-04-14,2.817083714165378e-09,0.04062377205104123,0.09137135035207966,0.05306190366686601,0.05479115558595282,0.09470195063635527,0.1090930022558549,0.003882435695397301,2.4690272810592815e-10,0.10388567242153625,0.13388723921742984,0.13943724434975135,6.712189429242692e-10,0.07886192410279322,0.09642538220883473,-2.303627909797039e-05
2023-04-17,2.844004615906095e-09,0.040983951229640395,0.09230836453627828,0.053518199983062745,0.05436421433037956,0.0938301800682505,0.10666408900944911,0.003958342609088165,2.519117096539599e-10,0.10608048308910532,0.13562370534097284,0.135495261865997,6.644183151354037e-10,0.07974339119181414,0.0974530215176744,-2.3208532047155274e-05
2023-04-18,2.833277974502475e-09,0.041069419913774656,0.09217094932158239,0.053507344746277274,0.05385824298227012,0.09486608420615841,0.10588489914006448,0.0038779972882596785,2.4866926355413607e-10,0.10535748909651654,0.13761511276597793,0.13521458441940612,6.613674272791331e-10,0.07782833266855278,0.09877270486614588,-2.3165158300809174e-05
2023-04-19,2.8132129516403684e-09,0.04099090683701003,0.09356223366289214,0.05377420667382133,0.052750143443131184,0.09264117200734609,0.10571275803173091,0.0038085814855146364,2.508866928813462e-10,0.10535555734684797,0.13789455503505482,0.13352051097986004,6.811656273917594e-10,0.08181179071534977,0.09820071909493683,-2.3139058760833452e-05
2023-04-20,2.835837167941853e-09,0.04122498111684056,0.09374292363588463,0.05351537286205404,0.05230518503027084,0.09173379939435167,0.10680761081352796,0.0037990286473498316,2.424727037289924e-10,0.10660763209308885,0.13849486472118153,0.13723631578803847,6.890739558575322e-10,0.0800114434531181,0.09454408167473069,-2.324299782100321e-05
2023-04-21,2.8037989148568047e-09,0.04077967346754607,0.09427369702430796,0.05327198067538907,0.0527910648160328,0.08977992435391141,0.10772680597462285,0.003821202824361008,2.341966330890212e-10,0.10833010301955064,0.1381150320231422,0.1375605716267432,6.757757872932823e-10,0.08152883060020968,0.0920442429648137,-2.3133084401922927e-05
2023-04-24,2.834465197600998e-09,0.041245069045228955,0.09357223018050648,0.05465490661968238,0.05310712352694727,0.0908217196576431,0.10584697072821744,0.003948651662930903,2.3069422176975299e-10,0.11041692353928495,0.13634397285473385,0.1365826345994554,6.87449390483208e-10,0.08333883512267846,0.09014415780380693,-2.3199093724855977e-05
2023-04-25,2.852520473264719e-09,0.04152027460431667,0.0922694227478832,0.055445242827747314,0.051970322577744955,0.08975638130287507,0.10613454723653787,0.003886487894619265,2.307484824050165e-10,0.11042676824683846,0.13544034126558666,0.13800399086278722,6.822631546610869e-10,0.0833952728796783,0.09177404800771327,-2.3104219860180525e-05
2023-04-26,2.8942517938628085e-09,0.04214922061622315,0.09177745480118042,0.056180190822658196,0.051787097702905224,0.08892194715748458,0.10680355114443343,0.0038647267497485915,2.351686362403718e-10,0.11264584027508166,0.13223848155155374,0.13708596952207647,6.697473419364878e-10,0.08331095308098888,0.09325782657630668,-2.3263799808615297e-05
2023-04-27,2.895654027046373e-09,0.042015273005224694,0.09332972952386215,0.054851588575231015,0.05271713386374547,0.08855950474533855,0.10700575357575548,0.0038472766035302364,2.4127737905598254e-10,0.11082966288838343,0.13266886296405928,0.13873306578932335,6.528545826962699e-10,0.08217312570322134,0.0932923428134294,-2.3323840890104838e-05
2023-04-28,2.927250447058708e-09,0.042150483647391115,0.09685316477847301,0.05393258827186163,0.05489445568870836,0.090670390598951,0.10629328342886904,0.0040539101387977615,2.613126707913489e-10,0.10449986206670765,0.13585392328481968,0.13121418524479062,6.980986053171384e-10,0.08056303806256232,0.09903185480140675,-1.114390000088291e-05
2023-05-01,2.892544086820858e-09,0.04214234497765658,0.09566864615270088,0.05481317898337469,0.0544197380194772,0.09096458114116514,0.1063523060293627,0.00401060345097034,2.5640857903841265e-10,0.1039756223478722,0.13559418521252126,0.12863992098288823,6.931119484528085e-10,0.08155287113314852,0.10187702390047727,-1.1026173679511025e-05
2023-05-02,2.9073780973732836e-09,0.04281277209025895,0.09474655279657238,0.05509785133930816,0.05514919720859722,0.08966953789647529,0.10536489046635575,0.0040981709183085906,2.5201702424054755e-10,0.1015405772332568,0.13858225770966023,0.13089393006665645,6.965629048032201e-10,0.08127701238579904,0.10077823783460034,-1.099180180708754e-05
2023-05-03,2.886941182434458e-09,0.04307808844632265,0.09407762076605959,0.055926261528176056,0.05402656233239761,0.08879285825577451,0.10383868290657412,0.003996948192037563,2.490700998716247e-10,0.10123594503930819,0.13844664191134573,0.13441539580993095,6.956851015315214e-10,0.08220764780963657,0.09996822655302134,-1.0883382281284648e-05
2023-05-04,2.9214729050236225e-09,0.04395608542204765,0.0942599085504526,0.055082333019162634,0.05346692936948889,0.08878496898958231,0.10409576646612233,0.0040218334896973025,2.498672994903526e-10,0.10088477403722729,0.13653434340110984,0.13484833901902885,7.158103620525074e-10,0.0834446811137537,0.10063087277354847,-1.0839538372621568e-05
2023-05-05,2.940499536940432e-09,0.0436528481756067,0.09344959250935166,0.054440668212666625,0.0532216836284029,0.08803605915765808,0.10547416203659224,0.003982823804131085,2.461602855308192e-10,0.10362127859248459,0.13514342646471275,0.1348091803052169,7.194246768401728e-10,0.08148707376944103,0.10269200233121376,-1.08028935628239e-05
2023-05-08,2.9955596743012014e-09,0.04490270198597415,0.09394123502770149,0.05519561392163102,0.05392573097851806,0.08946218341328499,0.10472765867345765,0.004040260444674785,2.440470106191732e-10,0.10554031836896081,0.13217125228870266,0.13229020190665955,7.392209393099102e-10,0.08172450539029863,0.10208927078235366,-1.0937161044968279e-05
2023-05-09,3.0181439018056435e-09,0.04485403053207306,0.09441253213586005,0.054851868612154006,0.05544122810927268,0.08838961246897471,0.10673794988157458,0.004019727730415141,2.370570339325214e-10,0.10588872069173588,0.13229596228312326,0.12941143643001657,7.243005129148987e-10,0.08135715624277558,0.10235065762956386,-1.0886727040869573e-05
2023-05-10,2.94108173643643e-09,0.04523168702960787,0.09370303205226982,0.05389730183784235,0.05595537080452348,0.0881770208455778,0.10826449921626655,0.004036392506063556,2.365732859054432e-10,0.10542757001445972,0.13306836683111598,0.12826044821160298,7.121106751028974e-10,0.08210650237260655,0.10188266452626957,-1.0860137971927228e-05
2023-05-11,2.9377601688027244e-09,0.04566559763459614,0.0934577956515106,0.05383322206039062,0.05547382339514373,0.08854825463867937,0.10863673693619103,0.004082804362369941,2.342537405429445e-10,0.10455393333314317,0.13461825025947824,0.12865984406035164,7.000169400754539e-10,0.08396969649587561,0.0985108795828536,-1.0842282614615738e-05
2023-05-12,2.948690557596902e-09,0.04491700419652476,0.0950167596023799,0.05269028590465004,0.05605052410406898,0.08814419242868037,0.10772183084255296,0.004079349149589655,2.356384072412093e-10,0.10273545391964366,0.1323912996258872,0.1296335158186959,6.767986769164037e-10,0.0828025202778203,0.10382806070858877,-1.08004402099562e-05
2023-05-15,2.922191610580679e-09,0.045447390167933366,0.09443612023397048,0.05301092612814941,0.05651140340684594,0.08944683099410951,0.10746618756468357,0.00419580206279375,2.3366754827967084e-10,0.10315160535494076,0.13297596903957118,0.1272405983210111,6.737419542058051e-10,0.08308996813478486,0.10303799478515492,-1.0800023549890531e-05
2023-05-16,2.9900516298412877e-09,0.04507004370202208,0.09565920249298032,0.053544759356890445,0.05651725957786621,0.08848130181869455,0.10638708279959896,0.0041664979794605456,2.2756197717626214e-10,0.1015875207506203,0.12984161693679572,0.13018991308252928,6.813898297898257e-10,0.08432381966035087,0.1042417775374531,-1.0799594265692708e-05
2023-05-17,2.9817375757594615e-09,0.0455386756105847,0.09462031715965742,0.05338154999588082,0.05678833898489025,0.08661648210617777,0.11036894836195466,0.0041508713565782925,2.2710079769959742e-10,0.10314437987846882,0.13122891422607091,0.1297471196558525,6.802046662447806e-10,0.08168700220115085,0.10273814704490256,-1.0750471212712854e-05
2023-05-18,2.956208403278104e-09,0.04513239183520912,0.09459018493097099,0.052598836188907795,0.05509059935407816,0.08662725953385537,0.1110209263597023,0.004148262970796406,2.2356808063639935e-10,0.10343951781484391,0.13669930697064062,0.1282993398045751,6.558850361215292e-10,0.07976260731763482,0.10260136758035353,-1.0604497229761344e-05
2023-05-19,2.9341806351636345e-09,0.045564985009675596,0.09572753699211889,0.05394863843717433,0.05641174530190026,0.08828555939202995,0.10864325091634087,0.004236133579192111,2.277292602307462e-10,0.10468997882584286,0.13394797893497143,0.12764958727994152,6.477120606655419e-10,0.07746539585461945,0.10343989105879885,-1.0685392228270537e-05
2023-05-22,2.896603405728584e-09,0.046528730941838174,0.09505115724937395,0.0544631853399485,0.055049144681372605,0.08723240918248559,0.10822610461592479,0.004160250901718467,2.2515168763526558e-10,0.10380843007502709,0.13276980919290807,0.13098511667878354,6.487674661454996e-10,0.07775566381000133,0.1039806201095357,-1.0626549440208938e-05
2023-05-23,2.911274712230648e-09,0.046457610429061345,0.0946593195250306,0.05453283127033625,0.05578877252433186,0.08844079927841572,0.10781585705246231,0.004203321773816929,2.243909951860592e-10,0.1038148363005079,0.13169455900551755,0.13053071313603742,6.6377859076714e-10,0.07785926165159507,0.104212731061569,-1.0616808126169267e-05
2023-05-24,2.868768919964224e-09,0.04626992245050809,0.09432920227080045,0.053967935804171925,0.05575725729794704,0.08788388970163792,0.10784900226448725,0.004207429703986429,2.2104981017652544e-10,0.10310178791604653,0.13177278282900645,0.1330539739741975,6.663663660784882e-10,0.07687653031378003,0.10494088643018354,-1.0604712938212954e-05
2023-05-25,2.9142165911194428e-09,0.04668726898733657,0.09486515549837497,0.05440623807504142,0.05672263093443046,0.08908296023566847,0.10866132433561956,0.0042707631949848975,2.174883868860967e-10,0.10069549168313537,0.1321077538466171,0.13321166349866814,6.600459173165336e-10,0.07803936300426942,0.10125998250367926,-1.0599589576626235e-05
2023-05-26,2.8876446208031345e-09,0.04626955654817024,0.09281371319814845,0.05511760216968859,0.055564599732344185,0.08806225767614122,0.10956178232382936,0.004293093268744987,2.1308530372608107e-10,0.1013718325581015,0.13222263673720702,0.13793022114462333,6.622308172722078e-10,0.07754907790492033,0.09925417715459928,-1.0554179479396759e-05
2023-05-29,2.860738061051953e-09,0.04577845537536063,0.09397602143929823,0.0550066791062534,0.05582353395700156,0.08957765369816138,0.10584873541042873,0.004361679492615223,2.1281761083954298e-10,0.1018470732952801,0.13018567497098196,0.13590242334061878,6.665971035790702e-10,0.0807604722291098,0.10094212172940187,-1.0527784664540721e-05
2023-05-30,2.917619757937426e-09,0.046048736237971094,0.0941038531141759,0.054945765190594145,0.05593357357383193,0.08791613078880137,0.10565242674092622,0.004361815793135808,2.1397512605282754e-10,0.10288103564939653,0.1320129350617928,0.13697532161819573,6.651943734767415e-10,0.07851157692073457,0.1006674336704553,-1.0608156800635336e-05
2023-05-31,2.9272441991074845e-09,0.042150393680997524,0.09685295805415606,0.05393247315763177,0.05489433852145953,0.09067019707120609,0.10629305655547294,0.0040539014860933665,2.613121130430966e-10,0.10449963902120718,0.13585363331691244,0.13121390517998444,6.980971152888291e-10,0.0805628661080469,0.09903164342687305,-9.009466694473732e-06
2023-06-01,2.95872134381492e-09,0.0420309197419708,0.0945655079880816,0.05385563540510709,0.05483268362654672,0.09048142094558417,0.10548078227059143,0.004069888904967775,2.6180110392538653e-10,0.10455517608725796,0.13689056426795643,0.13038957977361726,6.928330657969007e-10,0.08267301364914643,0.10018383706718409,-9.013641367208144e-06
2023-06-02,2.9812452933047397e-09,0.04254531420833147,0.09508902276543392,0.054423002321676246,0.05377636609482623,0.09071310580213313,0.10521775893581367,0.004166629217282123,2.654132709610154e-10,0.10353827887098037,0.13772854820033398,0.130773163151316,6.984530024250854e-10,0.08115273617181358,0.10088508038320448,-9.01006825704639e-06
2023-06-05,2.9843854160364604e-09,0.04280536029796876,0.09465411041757657,0.05423620594701967,0.05472461569798096,0.0897907590424662,0.10418114787919472,0.004177801339426528,2.6327589656268227e-10,0.10247093092739379,0.13844571868428088,0.12790349611171706,6.885456928935943e-10,0.0844905894338035,0.1021282975331012,-9.037248136909578e-06
2023-06-06,2.962427212409081e-09,0.04297458361052314,0.09521003846599455,0.05484268384181979,0.05462952625768866,0.09089974952450226,0.10130163739182499,0.004114830240396009,2.6389506216562937e-10,0.10298969690176953,0.1363987129103888,0.12846369077867253,6.810345044007854e-10,0.08406955922240959,0.1041143196290567,-9.03268240336034e-06
2023-06-07,3.0055149086809795e-09,0.04279338822952072,0.0946846372722157,0.05491112075960528,0.05494060260824039,0.09067837952969084,0.10334850000816782,0.004160334055396663,2.6711440230757834e-10,0.10158803081484369,0.13983710238524555,0.12311486781490237,6.95315094568099e-10,0.0860368749954321,0.1039152417953267,-9.084236532084863e-06
2023-06-08,3.028271069210207e-09,0.04257904717630253,0.09433680717685682,0.05488703472397305,0.05682215263811233,0.0918482613180023,0.1038847808728056,0.004089267715214846,2.6656599690872855e-10,0.09989032398313002,0.14111475994398417,0.12290169738840741,6.788324597908801e-10,0.08581638424547718,0.10183852130590071,-9.042461836409127e-06
2023-06-09,3.0125359693016384e-09,0.041930775534367935,0.0937458745438977,0.054997985321169666,0.056416288106830775,0.0907963270584042,0.10349822513609838,0.004103155634155963,2.6051012080916754e-10,0.09965627234439954,0.14321216138013315,0.123308266874944,6.752544780843896e-10,0.08627374097521137,0.10206990400438096,-8.980862294347281e-06
2023-06-12,3.0324690443516134e-09,0.04105245364701825,0.0921328282384748,0.05560885228915618,0.05536352891882458,0.09123106866766591,0.10297264613978983,0.004044026213704956,2.6179068534349976e-10,0.09994271577144946,0.1480734350944355,0.12198603771445202,6.921997494168661e-10,0.08681613217641088,0.10078524574066419,-8.974598506098613e-06
2023-06-13,3.0606413140037313e-09,0.041359985939526035,0.09233284305802318,0.05587976667598445,0.055063251635082806,0.09043394065356213,0.10422520509295463,0.004038956318414804,2.6199034461013595e-10,0.10057559816453994,0.14900840238639407,0.11928823173226016,7.09278562731451e-10,0.08719007147697161,0.10061273114414275,-8.98830976675348e-06
2023-06-14,3.0529098947865717e-09,0.041187807237672354,0.09249111169976942,0.05585997570455325,0.055184664378162065,0.09140870622606997,0.10479285445720092,0.004004092619458436,2.55989427132568e-10,0.10252663119682427,0.1475015082430172,0.11759566537094776,6.833882838977539e-10,0.0871833316822613,0.10027257468023573,-8.927488460432637e-06
2023-06-15,3.0053509537899005e-09,0.04132486083994434,0.09188082393867636,0.05751481112444599,0.054738961084574926,0.09079498845985569,0.10344060641988084,0.004072164375212672,2.543041139002546e-10,0.10126916365069936,0.14904064446532334,0.11474651208045372,6.902290679558485e-10,0.08992959509830853,0.10125577877901157,-8.914266271471597e-06
2023-06-16,3.027811822851774e-09,0.04174994543428142,0.09371672623972409,0.05840187128255941,0.05511667125297644,0.09199222650888304,0.10236844795392647,0.004123692764097954,2.509259386110998e-10,0.10086301821914304,0.14184610252261506,0.11572560335242413,6.836485869762853e-10,0.09191536128458297,0.10218925454165766,-8.925319257950782e-06
2023-06-19,3.0625616885138043e-09,0.041328234787601406,0.09485311734988873,0.05986842990798049,0.05568169521576478,0.09301627990283759,0.10270721597100511,0.004097323854058964,2.5403370013785036e-10,0.09861464226019612,0.14104616409083676,0.11239931209418058,6.760140144891987e-10,0.09310334673006618,0.10329316496136899,-8.931118395131623e-06
2023-06-20,3.094031537900089e-09,0.04180600023603936,0.0938369057948189,0.06020130228701439,0.05576785717429214,0.09314653502405511,0.10456958778355975,0.00408780482620747,2.5427607941469236e-10,0.09637984819850733,0.14178892564500062,0.11145214383638749,6.838128951775662e-10,0.09242028919725272,0.10455181272938634,-9.016764642137991e-06
2023-06-21,3.0952471606407314e-09,0.04258964823395011,0.09451223167026424,0.059039807700714014,0.05501414106291201,0.09338994650162523,0.1034570849558413,0.00392356687766002,2.598852834251126e-10,0.09765356477628488,0.1432774680819739,0.11053944285966696,6.903909056426341e-10,0.09142911953087103,0.10518300456469971,-9.030861986846318e-06
2023-06-22,3.061020541399974e-09,0.04314152957346395,0.09269398440075073,0.059736827486581774,0.054915286548816764,0.09259605555328423,0.10346087144324538,0.003955676478650357,2.645857151307519e-10,0.097919324191557,0.14091488979775968,0.11041405726317308,7.109350085006869e-10,0.09348460738716191,0.10677589340640403,-9.007567390477575e-06
2023-06-23,3.0861167263147067e-09,0.04347758109730814,0.09392241862442412,0.059469191640947196,0.05405417747494947,0.09275380262141472,0.10240609445688303,0.003899958204256425,2.619936021608213e-10,0.10179017706637981,0.14136104773316788,0.11119777446741966,6.964007230111244e-10,0.09043980071898915,0.10523698372232358,-9.011872974261032e-06
2023-06-26,3.1609550820646025e-09,0.04408487068364888,0.09552927143560427,0.060609079754890424,0.0542366799060223,0.09541082316405221,0.10261722190710848,0.004020301994320665,2.665482401084563e-10,0.10003113242787094,0.1411581684373978,0.10901899775105356,7.183290497897714e-10,0.09138371799983011,0.10190883526459577,-9.10487222775848e-06
2023-06-27,3.1765468665600016e-09,0.04390684030209948,0.09413380076741107,0.0618660299093627,0.054388347738998845,0.09519638787201867,0.10222215987583641,0.00394030839066246,2.618067219656082e-10,0.10219213908376437,0.14030790280076358,0.10924389439596774,6.937633160422139e-10,0.08934573090949481,0.10326556943119809,-9.115609695311151e-06
2023-06-28,3.165637017778955e-09,0.0443755063131703,0.09483762605602766,0.06127696167007225,0.054325216590249706,0.09416177895866681,0.10434114627412804,0.003977299848261751,2.6069370480623203e-10,0.1018205537201203,0.14262858577182164,0.10957609544240669,7.079957802652845e-10,0.08520895649272503,0.10347931893393249,-9.05020590928401e-06
2023-06-29,3.1213151262661958e-09,0.044751228637054274,0.09554160453852291,0.06074270467493755,0.05483682067191458,0.09544390297474169,0.10350508875607523,0.004079629201556655,2.5823990834100583e-10,0.10057606341925265,0.1433415804684923,0.10795644866195704,7.027879738849577e-10,0.08662620590018097,0.10260768339365703,-8.965380686057855e-06
2023-06-30,2.9272867320586998e-09,0.04215100612755687,0.0968543653307137,0.053933256798180236,0.0548951361379423,0.09067151451205022,0.10629460099696175,0.004053960389410757,2.613159099164013e-10,0.10450115740428222,0.13585560727452078,0.13121581172219549,6.981072586620937e-10,0.08056403668905103,0.09903308235979838,-2.3539629373601053e-05
2023-07-03,2.942064033491961e-09,0.04255290344229294,0.09803274221886159,0.053462474772213324,0.05531492689266938,0.0900890583077995,0.10441045757740018,0.004010387897996707,2.590419828511063e-10,0.10561020227878434,0.13873980347612994,0.1282827635016354,7.042320085868428e-10,0.07904344265317266,0.10047442083773396,-2.3587762027858928e-05
2023-07-04,2.9258464412899162e-09,0.04211698069928608,0.09892157874081571,0.053126865670043585,0.05512946077029864,0.08757026334560546,0.10580146900511143,0.004059349610291551,2.592183418291199e-10,0.1031717158292482,0.1415492587009707,0.12692818806752773,6.991306657808037e-10,0.08243297567772562,0.09921548187726847,-2.3591878388589948e-05
2023-07-05,2.9375597541150902e-09,0.04223125604434782,0.09904711599785271,0.05314400523638375,0.05522227951320985,0.08762543096262274,0.10542941112263442,0.004134701216944314,2.5346614414223474e-10,0.10452047299658208,0.14304590345239007,0.12807944529789278,7.109391722869124e-10,0.08207832623858553,0.09546516475038741,-2.3516731798668995e-05
2023-07-06,2.9521127762072566e-09,0.042044591119413104,0.09882441783290735,0.05268661810197966,0.05521809270848552,0.08745813827953965,0.10264007749950657,0.004200108666787159,2.633556345178522e-10,0.10612586410287993,0.1434208241314954,0.12872312658318238,7.099119490993287e-10,0.08270714520717178,0.09597463653808781,-2.364469681651346e-05
2023-07-07,2.9379758224085707e-09,0.04289805459529935,0.09755267645763561,0.05329430894045781,0.0553319923716247,0.0898870999115282,0.10345787779280174,0.004192820283595631,2.632820174810499e-10,0.10655666231909887,0.14125512826477807,0.1275023838841543,6.901103742732916e-10,0.08160563837405997,0.09648906814503352,-2.3715231435944508e-05
2023-07-10,2.9440876279759464e-09,0.04200814076005094,0.09734029332111031,0.053602878303022974,0.05518716345113513,0.08910223603207744,0.10282245373695315,0.004158386776167615,2.606564554754987e-10,0.10679079259354422,0.14646394344084138,0.12584756477026046,6.859758098997517e-10,0.0814973892705487,0.09520244631676904,-2.3692663201357438e-05
2023-07-11,2.9892585291780297e-09,0.04120279875531101,0.09726355200205479,0.054376668485995726,0.05526667510649559,0.08861066620429607,0.10396020555159755,0.00423333242440502,2.6281647323777726e-10,0.10600870708129478,0.1483132055465206,0.1256479618078753,6.985955987390035e-10,0.084141506286539,0.09099852122473444,-2.380442779053463e-05
2023-07-12,2.9730503754056654e-09,0.040218378859083824,0.09918789763016528,0.053739612949053425,0.05541341757273143,0.0880104415437758,0.10218621821048045,0.0041518435234923,2.673234837516525e-10,0.10691290409525228,0.15203442842683032,0.12499139324906927,6.978216224237344e-10,0.08322139574724853,0.08995571010397202,-2.364584935033057e-05
2023-07-13,2.9158156702942616e-09,0.039871237946189575,0.09741382207169207,0.05350335851184898,0.05500645776161761,0.08750807807260776,0.10352071967290453,0.004111011500365299,2.6781808058916843e-10,0.1092958556625885,0.15381914467573723,0.12625083471789622,6.877069878067769e-10,0.08280590697012294,0.08691698509148656,-2.3416526397874648e-05
2023-07-14,2.8975492790156504e-09,0.039546260187982706,0.09637922226440104,0.05354682980161537,0.053613462314104,0.08837840290375978,0.10365312370735641,0.0040628293999336595,2.643669551155387e-10,0.10893557451806865,0.1559288209146369,0.12512433261962908,6.821429514040321e-10,0.08195834172835449,0.0888959518684632,-2.3156072364360912e-05
2023-07-17,2.8877889899185375e-09,0.039540189850509555,0.09791896572080763,0.0536479556835838,0.05436636044992991,0.08736854409728013,0.10339564535808482,0.004149584727018839,2.618030521601143e-10,0.1087202574594822,0.15663952335515674,0.12308975879325988,6.775015725278342e-10,0.08216633265041873,0.08902003221190405,-2.315418452987357e-05
2023-07-18,2.916130772871138e-09,0.040067720269141245,0.09680075093935542,0.05359989846374198,0.054694200043657534,0.08887869652464289,0.10418046034270545,0.0041581202387727025,2.6385689423279715e-10,0.10963719733949269,0.15398258371226523,0.1232500282965036,6.93509723930312e-10,0.08170159587749257,0.08907184148698172,-2.3097408250413916e-05
2023-07-19,2.921791579133111e-09,0.03929642315181583,0.09723850372472237,0.05401819999848622,0.05459052664683225,0.0879470381969814,0.10339677974823248,0.004221807585616163,2.7279566896082315e-10,0.1124927187268101,0.15131286914167325,0.12559595277767235,6.885851747452793e-10,0.08120797827699942,0.08870438892787984,-2.3190786894052376e-05
2023-07-20,2.950662468188714e-09,0.03980564861581532,0.09745093361110016,0.054144704008066986,0.05507968124193117,0.08888256124447232,0.10539080571893635,0.004159028773972441,2.7380917941102567e-10,0.11100965220070502,0.1517132747109653,0.12555507530012197,6.904497907066117e-10,0.08030994995918865,0.08652194084023657,-2.32601404335743e-05
2023-07-21,2.8958760423833347e-09,0.03980336656531973,0.0971236220237412,0.05379628931280156,0.05604035358940486,0.08802509802882993,0.1075575832527908,0.004260851175334167,2.6627185005622794e-10,0.11133543366669069,0.1509617265620035,0.11957519495192213,6.740217001088659e-10,0.08157477275991167,0.0899689887255724,-2.3284450491896136e-05
2023-07-24,2.9328644137851637e-09,0.04010297179574193,0.09751548577281541,0.055070110131951004,0.05775105285125735,0.0877430331210694,0.10511325966559852,0.0041524125672289585,2.7270059134734346e-10,0.11175090923841484,0.152089982962859,0.11648854739058528,6.681444622788464e-10,0.08150729415395656,0.09073831429262762,-2.337781781533821e-05
2023-07-25,2.8928846311417444e-09,0.039290037875697355,0.09573736999892388,0.05528515933712231,0.05735561424659756,0.08756823420809007,0.10282745542666626,0.003940014126851494,2.67964381466638e-10,0.10918430349727647,0.15147760843222044,0.12176393225391505,6.698209447910228e-10,0.08475259201166566,0.09084081646182447,-2.314170752088713e-05
2023-07-26,2.873050619453744e-09,0.03939360068051635,0.09749448751018416,0.0563987707131281,0.056909412862060894,0.08778486655473704,0.10076958144729811,0.003983208251165344,2.7395477946891284e-10,0.10918005518254423,0.14974677143540477,0.12243003854513307,6.743398781392439e-10,0.08483177360288688,0.09110054543546867,-2.3116041872838005e-05
2023-07-27,2.862160957980267e-09,0.039706225945465926,0.09806352798351457,0.055647513650641973,0.05609633085695219,0.08732270279202117,0.10156978486838422,0.003983765066808083,2.708171853491341e-10,0.10941511075291604,0.14866634901768253,0.12401932992764651,6.770497051718018e-10,0.08419417531329881,0.09133824174102766,-2.3061726387359786e-05
2023-07-28,2.9279902213964543e-09,0.0398908232431645,0.09952434137441589,0.0561881658734063,0.05698273968492359,0.08750692370205199,0.10280111050286031,0.004089373643730435,2.699017614905385e-10,0.10830516948954534,0.1471200534638426,0.12287909799714816,6.915007187567034e-10,0.08292594724739133,0.091809547906051,-2.3298017924112216e-05
2023-07-31,2.927266922067569e-09,0.04215072087669696,0.09685370988275327,0.05393289181263676,0.054894764643019,0.09067090090564173,0.10629388166356679,0.004053932954818006,2.6131414149863717e-10,0.10450045020775835,0.13585468789127564,0.1312149237380982,6.981025343218193e-10,0.0805634914835422,0.0990324121676844,-1.6772114174983515e-05
2023-08-01,2.9266303222836497e-09,0.04317436079041043,0.09601172514428542,0.053538147078889604,0.054932487452356744,0.09103891732612306,0.10814611334977024,0.004099965581700753,2.6098898982534985e-10,0.10480506993451046,0.1358316766141905,0.1298434007810695,6.907210434553186e-10,0.08249091347021126,0.09610406683023316,-1.6848232091504342e-05
2023-08-02,2.9568844109441723e-09,0.04281625624660832,0.0947528836106622,0.053734196920956524,0.05565745444374922,0.09190679323111346,0.10836690235580763,0.004143657043913401,2.5315917220696813e-10,0.1034768232528733,0.1332141353738905,0.13192111659029698,6.829679845871778e-10,0.08338404163223426,0.0966424982992145,-1.6762894331827253e-05
2023-08-03,2.9471135914813124e-09,0.042770871692552004,0.09655091919667493,0.05352074848046843,0.05602032814315765,0.09144192922213713,0.10845303462526151,0.004161987549095674,2.514960860620517e-10,0.10245847708872176,0.13452302231718732,0.13071729188282175,6.767742651469788e-10,0.08238836939439183,0.09700985791730155,-1.684138515551094e-05
2023-08-04,2.972169629534727e-09,0.04340650639783919,0.09576040032186747,0.054823049958308195,0.05532034781223474,0.09268723682304887,0.10737111515050236,0.00410976206782288,2.486705089823391e-10,0.1023592398327951,0.1357690281751297,0.13218104584183418,6.655227537653848e-10,0.08089998642305635,0.09532910845275763,-1.6831143559380355e-05
2023-08-07,2.965374782634378e-09,0.043261887346916626,0.09466633029566436,0.05492932025448704,0.05677670973807712,0.09198679623309688,0.10662927614146046,0.004138052634583877,2.4635917139681925e-10,0.10332029902264747,0.13406172764770147,0.13613929625960416,6.689473618471983e-10,0.0799170377414906,0.09419006981812734,-1.6807014538860408e-05
2023-08-08,2.9551967514410864e-09,0.04392690425975978,0.09350830689641657,0.05459097942613969,0.056476373552872244,0.0921127355460723,0.10640906218187797,0.004057216285753371,2.4530267399487303e-10,0.10333442983418542,0.13292564617907932,0.13795584459782437,6.809369933398318e-10,0.07994639484542511,0.09477293019989325,-1.6827686735882685e-05
2023-08-09,2.9124250997203527e-09,0.04400626822482099,0.09510152317212682,0.05466003944585666,0.056316607603048054,0.09539093830643264,0.10970102415865043,0.004109685033573831,2.510194605568681e-10,0.10039621509425108,0.13206423806848513,0.13773563913108544,6.82464518103973e-10,0.07974304031110052,0.09079170401804096,-1.6926413381667252e-05
2023-08-10,2.9303307833792478e-09,0.04435995056315346,0.09699284977741783,0.05430538139592909,0.05586663707443278,0.09235633731014012,0.1095573891607029,0.004173353480476187,2.4941660717438127e-10,0.10402030983983955,0.13188069483456857,0.13846433416574805,6.680358049192947e-10,0.08038955743088391,0.08765016634812889,-1.6965229204565532e-05
2023-08-11,2.9513804683297267e-09,0.044714448137567114,0.0984834072368386,0.053708173216992824,0.05601695512473974,0.09309527044110888,0.11029894852514081,0.004125587549863886,2.407667989229134e-10,0.10467244606476706,0.13167469738806512,0.1372696533048977,6.776406512946061e-10,0.08040366246165477,0.08555371915624649,-1.6972477670773432e-05
2023-08-14,2.874877739153303e-09,0.0438592078395999,0.1002437498659531,0.05373471782472137,0.05571271531072201,0.09216552163172344,0.1090899875585549,0.004161855413228872,2.37199095472015e-10,0.10481065508576118,0.12994523713804534,0.14069690271276605,6.813285231415265e-10,0.0816149462641935,0.08398133602895402,-1.6836467629120478e-05
2023-08-15,2.8867086561382036e-09,0.04346709331850588,0.09978408030614994,0.05442837994741991,0.054693031092726045,0.09188060196292816,0.10911431327732907,0.004168931562860962,2.342932145872168e-10,0.10760090586757591,0.12651586762607897,0.14336382921151458,6.920316105111586e-10,0.08397975443261524,0.08101994269006421,-1.673510880242065e-05
2023-08-16,2.8680589996200944e-09,0.04420249128959792,0.09793976780638163,0.053524104806955214,0.054470643419836935,0.09228210884781596,0.11167401998708862,0.004166141355931564,2.3263992089250923e-10,0.1083389324854232,0.12773858314317574,0.14473024902994716,6.913218729472597e-10,0.08116200345234816,0.07978771185378822,-1.6761270311224323e-05
2023-08-17,2.9083842154965136e-09,0.04431551879128418,0.09766614841316615,0.05424959185537242,0.053763167003048916,0.09208690182054816,0.11197157295564565,0.004143535036561028,2.3318840612113e-10,0.10811946298323481,0.12495904715262636,0.14531052679911582,6.758733959244282e-10,0.08148843458429775,0.08194285735688321,-1.676856923024174e-05
2023-08-18,2.8840664374572722e-09,0.04354073543184758,0.09697970836980055,0.053428985165048376,0.053847628899168457,0.09139926821711544,0.11391881767137507,0.004188541854140799,2.3137986035674478e-10,0.10872223584062897,0.12348803863035046,0.14460692721036827,6.679734664108428e-10,0.08218348302639746,0.08371229521971159,-1.666931937252117e-05
2023-08-21,2.880155304540885e-09,0.043560025946975445,0.0970863376355209,0.05329636002859631,0.05263938763141545,0.09258031840262762,0.11568129393215351,0.0041386024818100865,2.281256397841626e-10,0.1088134818799893,0.12352362261489289,0.14288577930250168,6.477771555599168e-10,0.08194114382059506,0.0838701613439267,-1.651877706294822e-05
2023-08-22,2.8788981668387324e-09,0.04339860389819383,0.09610639353366825,0.05351811678806293,0.05230579868407671,0.09137484280813468,0.11458284679885113,0.004007783201335169,2.2591176073624578e-10,0.10920704292197254,0.12333840329088404,0.14553395723205523,6.40336366237484e-10,0.08209980588440388,0.08454279707814227,-1.6395864926909663e-05
2023-08-23,2.935540776416252e-09,0.04335888887060193,0.094799783110058,0.05391326053354189,0.05336840912254468,0.09079101534091927,0.11562422312865869,0.004068553034792879,2.288223329109107e-10,0.10918446832845227,0.1216847755329646,0.1450301034630852,6.441532784521911e-10,0.08328779396045151,0.0849050749504758,-1.6353185063103877e-05
2023-08-24,2.8993856648506743e-09,0.04322195003891481,0.09484740646757969,0.053678316782115494,0.05236966880821491,0.08979923977643456,0.11609708600988901,0.003954678525917162,2.1982128618704764e-10,0.11078896240802498,0.12165218554102943,0.14527610815641032,6.266653278101666e-10,0.08369809566888944,0.08463250480762735,-1.6206736919280897e-05
2023-08-25,2.8650418753498635e-09,0.043985273318755354,0.09531645859697489,0.05360836943616678,0.052300420211236535,0.08776908969078207,0.11741750753012195,0.00398272222719503,2.1993269549525223e-10,0.11337380226942242,0.11933727252022797,0.1443148134107398,6.194902341485327e-10,0.0835678353367215,0.08504268663051387,-1.6254883322805367e-05
2023-08-28,2.8919316870858115e-09,0.04406441603627164,0.09491952243236555,0.05493950755793861,0.05412380247060017,0.08840899743273896,0.11685446120747582,0.004088344932840867,2.16400025573818e-10,0.11341172931163322,0.11865142150315361,0.14228715340138434,6.19926569721976e-10,0.08271907581787763,0.08554790198457328,-1.6337817111852562e-05
2023-08-29,2.906228039931709e-09,0.043993711922969025,0.09498818755771364,0.055055450137708295,0.05491846490439252,0.08866679543072373,0.11872866416595029,0.004142414316434261,2.1930797855164124e-10,0.1164265263383937,0.11708006399225437,0.14185726617472935,6.423115259067802e-10,0.08274765715989105,0.08141120524405465,-1.6411113062364463e-05
2023-08-30,2.9054612068516722e-09,0.04412803883847143,0.09246247122752714,0.055995233255968745,0.05453880906084908,0.08920041951763691,0.11858289059197552,0.004074347073892304,2.1623002778586522e-10,0.11495667873574682,0.11936927697796383,0.14178292610992865,6.37703716829071e-10,0.08150390575717631,0.08342143413568102,-1.6435042212799778e-05
2023-08-31,2.9272971321628662e-09,0.042151155882225476,0.09685470943622186,0.05393344841298948,0.054895331170129555,0.0906718366510418,0.10629497864186774,0.004053974792376436,2.6131683832312475e-10,0.1045015286774174,0.13585608994417245,0.13121627790751836,6.981097389070695e-10,0.08056432291805772,0.09903343420588208,-2.709252662382906e-05
2023-09-01,2.9798642271131605e-09,0.04218757620735848,0.09721470961809885,0.053557807645539184,0.054302326398889864,0.09127595810557297,0.10666763249661321,0.004011031806447523,2.5589788214031245e-10,0.10250936335165241,0.13858162576599115,0.12995149631959602,6.944730930843364e-10,0.08275589977926437,0.09701166653467888,-2.7097959938051626e-05
2023-09-04,2.937328138814643e-09,0.041548309470031845,0.09818086524607123,0.054378506208320396,0.0543954886953188,0.09151802867486233,0.105060902591777,0.00409176897288544,2.55056458884094e-10,0.10311800631506286,0.13735204441196386,0.1284393502986365,7.096404975686203e-10,0.08297671575978269,0.09896689999114854,-2.6890537886515495e-05
2023-09-05,2.9372559148472623e-09,0.041092569134933817,0.09733088582158833,0.05431500567380806,0.05385648140880659,0.0900121869942807,0.10652269096542345,0.004051115262163594,2.550161257899106e-10,0.10336636791402558,0.1357518506015523,0.13130299414221638,6.942809750380771e-10,0.08320007088502653,0.09922459715869295,-2.681984907117817e-05
2023-09-06,2.9312197330407597e-09,0.040491708536670626,0.09809988592774137,0.05469834673010874,0.053338210303988325,0.09070123681245935,0.10691453056573744,0.003972262034021003,2.5145240638775865e-10,0.10505648766898433,0.13625997255033317,0.12989317232748662,6.830042307768548e-10,0.0823222060415278,0.09827874978177278,-2.6773146507793455e-05
2023-09-07,2.8993964259739173e-09,0.03966410741032761,0.0990261226786508,0.055152323309725804,0.05236769038653499,0.09061018889664649,0.10532581364108712,0.003946895685470806,2.4949983024787184e-10,0.10408424901329495,0.1403122641512565,0.12859634669533831,6.716058541036187e-10,0.0809742408131033,0.0999664440348689,-2.6690536807627358e-05
2023-09-08,2.8320449730503403e-09,0.03905431429120503,0.0997999025773182,0.054883130159038694,0.052089255862631675,0.09237919088229486,0.1048755654604023,0.0038778108797928403,2.465874800153696e-10,0.10148470023209472,0.14209723671277158,0.1288772845362408,6.797792158198071e-10,0.08215258601008349,0.09845549726895914,-2.6478631245056585e-05
2023-09-11,2.8223294981497686e-09,0.039251397564521076,0.09941326997193264,0.055296539761713455,0.05310423671228281,0.09270427377422921,0.10568843285021244,0.0038948983165909847,2.50965713985711e-10,0.10101573435113903,0.13784283863594424,0.13066163248425852,6.956273891817731e-10,0.08331032708371179,0.09784303487782726,-2.6620153286075943e-05
2023-09-12,2.785662900915011e-09,0.03935850078034954,0.09934239821803444,0.05509479654192215,0.05416129311792291,0.09138199365013946,0.1079900336572295,0.003888486610594495,2.436237035180835e-10,0.10052945130744308,0.13970274142162747,0.12959976696398945,6.7631006959728e-10,0.08290073729375744,0.0960763505635094,-2.6553832116041654e-05
2023-09-13,2.824780376820598e-09,0.040038729483929024,0.0991336647675429,0.055164548726975134,0.05517646954098163,0.09123407024766828,0.10742663378402369,0.003860075908025233,2.472431342728195e-10,0.10198243073329988,0.13948715356435146,0.13086387344716763,7.011576097751182e-10,0.08222190469902509,0.09343723818879247,-2.6796864963465797e-05
2023-09-14,2.829071057542729e-09,0.03988440048513425,0.09810697232117181,0.055428022576279795,0.05559084843098487,0.0884184440622319,0.10620391324691787,0.003976571974819815,2.4875002581212117e-10,0.1027932292025292,0.14178269231994567,0.1305798542842533,7.092277860614343e-10,0.08309721134896297,0.09416455334019007,-2.6717380470446488e-05
2023-09-15,2.809283648488978e-09,0.03979660137905442,0.09710284151525327,0.05522110140431647,0.054590875142370654,0.08718768411773034,0.10539783792921584,0.0039086252360963575,2.459625259071642e-10,0.10215135435827911,0.14218066732827264,0.1321855679508877,7.009083257303048e-10,0.08481162606633195,0.09549182000314191,-2.660618710510826e-05
2023-09-18,2.8140003973674126e-09,0.03973730557466727,0.09714389026593678,0.055805987001308455,0.05523836954279103,0.08842014573221299,0.1051508756546656,0.003928048357198722,2.5015420653877667e-10,0.10087802960051938,0.14105357371887556,0.13185666231084453,7.100238063203189e-10,0.08599233553194145,0.0948212922139636,-2.6519279103987048e-05
2023-09-19,2.7756593966146965e-09,0.03986279588048218,0.09624741370361213,0.05489179281340878,0.05443124212529772,0.08885917222644743,0.1071683668330852,0.003933493378691821,2.511556011705196e-10,0.10282115630086838,0.13765290951085607,0.13313950800512744,7.105726444835205e-10,0.08696617771720039,0.0940524986533776,-2.6530885842778378e-05
2023-09-20,2.7689620077139193e-09,0.04013442405656291,0.09849133920358936,0.055735488127841265,0.05439150759754433,0.0878118040336288,0.10531476409559067,0.004029098155195652,2.489778047266779e-10,0.10287595729919857,0.14139054425549194,0.13024993971957524,7.333247756060205e-10,0.08706011139527266,0.09254168599621175,-2.6667686967624137e-05
2023-09-21,2.7769761509316627e-09,0.040050916206152774,0.09948459531667991,0.055615915728046646,0.05341332268943229,0.08803511257816136,0.10394675050747021,0.0040627544007762134,2.4592909019697686e-10,0.10265845731332734,0.14259247011361004,0.1305044077998214,7.406594670104984e-10,0.08863357052369326,0.09102852525535103,-2.6802196087089168e-05
2023-09-22,2.7951965607345848e-09,0.03897992998922322,0.10047154670607741,0.05582636758600683,0.05315998522498727,0.0890381541637582,0.1063672097102443,0.0040651100230191155,2.4427529196747754e-10,0.10368612064679754,0.14054965164991112,0.13001728044310915,7.622254253631216e-10,0.08940344592019911,0.08846218325460792,-2.69891196386317e-05
2023-09-25,2.728857021744559e-09,0.03877661129259605,0.10071568199946848,0.05441852225441486,0.05308896096908897,0.08994693639860336,0.10834552224223715,0.0040569186976375255,2.4447651818334886e-10,0.09959045355294159,0.14436982772863302,0.12791025561368927,7.448460634219132e-10,0.08840879450696776,0.09039830931863266,-2.679829309017293e-05
2023-09-26,2.76599431684866e-09,0.03855115795008659,0.1010836187989039,0.0540633784493927,0.05205340153160166,0.09101165973855224,0.10669103470834826,0.004116553479544298,2.474745848369782e-10,0.0998506839415663,0.14763100486912137,0.13182420522718616,7.375333122398214e-10,0.0865196595369085,0.08663024069309974,-2.6602675314065048e-05
2023-09-27,2.826197998770666e-09,0.03840171155199173,0.10238418375659947,0.05363762798458119,0.05306095292451634,0.09025703295449168,0.10505074523587403,0.0041074564639853196,2.45711560929039e-10,0.10085549137733325,0.14763081661859465,0.1333342612706821,7.344205623462628e-10,0.08554994030372949,0.08575638772444136,-2.6611973150551793e-05
2023-09-28,2.8973934775383864e-09,0.03871206498183452,0.10077431376542459,0.05362928266129686,0.053435473273514916,0.0929376747609329,0.10714076200826161,0.004077980030807578,2.5605549451229967e-10,0.10141332814191927,0.15152042869881602,0.13153120088770906,7.078236052733202e-10,0.08386652932764008,0.08098771757414505,-2.6759973574850237e-05
2023-09-29,2.9272745980208295e-09,0.0421508314053819,0.09685396385499767,0.053933033236827924,0.054894908589457385,0.09067113866516827,0.10629416039006809,0.004053943585143395,2.6131482672317933e-10,0.10450072423147837,0.13585504413286967,0.13121526781318546,6.981043649039178e-10,0.08056370273916445,0.09903267185297697,-1.9394383413449557e-05
2023-10-02,2.939769049990359e-09,0.041877342445722915,0.09740851416371266,0.053439182677443145,0.054651589883928285,0.09291158588535846,0.10576393849564313,0.004010127189667785,2.659999459207373e-10,0.10285531099325891,0.13441155006976022,0.1325744959262658,7.100607506312247e-10,0.08241098691697372,0.09770476812370955,-1.9396687274327552e-05
2023-10-03,2.9669284188031336e-09,0.04183049498881625,0.09712427818954561,0.05437572804599754,0.05448776898755591,0.09359074182220595,0.1063843133632058,0.003964246960859849,2.7084354874390873e-10,0.10414827965355443,0.13059268439652344,0.13371430796850933,7.031864280134647e-10,0.08439029813277778,0.09541631596601528,-1.9462416525780512e-05
2023-10-04,2.9577507518994808e-09,0.04199652481960709,0.09721352432453603,0.054871371724315644,0.05350373092761828,0.09561253587529048,0.10718589149529588,0.004042530655167343,2.7449569700108374e-10,0.10418475288308805,0.12794885381532453,0.1325212213439759,7.232355732105524e-10,0.08657541680608984,0.0943631052873778,-1.9463913169098196e-05
2023-10-05,2.853556147428972e-09,0.04153693562649081,0.09606053115703458,0.054235221545849255,0.05337734038315648,0.09584559459497274,0.1076765652307557,0.004032905849941363,2.6485803797798404e-10,0.10274348755887958,0.13158627055711078,0.1322201962269101,7.217136034487304e-10,0.08640392964660652,0.09430030585081917,-1.928806865478238e-05
2023-10-06,2.7783666233753283e-09,0.041274810119990894,0.09564987342903923,0.054821175188679024,0.05320470569628434,0.09346763779840156,0.10789484388794608,0.003972119801025914,2.591129474254488e-10,0.10104147915125587,0.1322586599317111,0.13453915852688345,7.252171639559053e-10,0.08708765306717882,0.09480708821135862,-1.920857245160092e-05
2023-10-09,2.7755615600183913e-09,0.041485468155071765,0.092974331712075,0.05478782869983922,0.052432224234822675,0.09468804426449512,0.1074872815971159,0.003966839634385378,2.5288423470069127e-10,0.10246012519331944,0.13337725404433037,0.13557825997442263,7.137138130113457e-10,0.08572341864217312,0.09505808713061392,-1.9167024824049606e-05
2023-10-10,2.756790177879128e-09,0.041660790140366874,0.09079194902944451,0.054474982672844716,0.053571562412091676,0.09521564060000531,0.10772560906214788,0.004078393654506145,2.4412220344282565e-10,0.10116915135691798,0.1325215338993295,0.13755578117361217,7.247741045517798e-10,0.08438526292541686,0.09686849867365042,-1.915932602055697e-05
2023-10-11,2.7391267791972356e-09,0.04206296679644045,0.08955076488125226,0.05426072929864969,0.053119838094402065,0.09626669772695619,0.10670496760801547,0.004066121507156869,2.453729634259207e-10,0.10178507235279417,0.13411214741443703,0.13772860136781817,7.178258642902567e-10,0.08366003102935826,0.09670116380809715,-1.9105587703322373e-05
2023-10-12,2.737207126431718e-09,0.04187332720413495,0.08930106317248049,0.053158199203500706,0.053393016423420696,0.09620938751109306,0.1078358226033853,0.0040545267387778255,2.383664678589092e-10,0.10093581936452203,0.13330786321391588,0.13907197462710802,6.898849256602197e-10,0.08349803850213942,0.0973800012768649,-1.904350680191883e-05
2023-10-13,2.718850701803184e-09,0.04188687174468025,0.08866076109440715,0.05269357121251106,0.053109757575628865,0.09530251385887686,0.10879900791433654,0.004011257936302047,2.351171937713266e-10,0.1036834419357735,0.13535755704174696,0.13468596059477425,6.805496936887602e-10,0.08385907572882988,0.09796925070028958,-1.9030972674529766e-05
2023-10-16,2.6787837394804345e-09,0.04235108363058251,0.08939624473461485,0.05295411121952131,0.0539550897005599,0.09580491206203978,0.1094033770524316,0.004097869650035896,2.388553142341205e-10,0.10228764832522341,0.1366930072618791,0.13313002519280778,6.863440524804885e-10,0.08456190509163852,0.09538373701803628,-1.901454335406895e-05
2023-10-17,2.6682856567645883e-09,0.04234831825939549,0.08873363608092577,0.053002509120571105,0.05433836795048657,0.09551549397065534,0.10944946990319412,0.004167438131941777,2.399207220899809e-10,0.10234815497606872,0.13423775403937896,0.13430538908344,6.886394984826588e-10,0.08633101000719862,0.09524141297130502,-1.8958091407443908e-05
2023-10-18,2.624615248216984e-09,0.04165430826329991,0.08951557648221901,0.05270277036016603,0.05467683978043954,0.09574603593735045,0.10930967494405432,0.004165929417846749,2.3708373804003125e-10,0.10243169641587559,0.1331123084958082,0.13361143198295086,6.855154512029484e-10,0.0860755706456928,0.09701682333613243,-1.8969609050329576e-05
2023-10-19,2.6060759542368597e-09,0.041841125440588926,0.09047506311876743,0.05291306469208317,0.0547163175556902,0.09559879273029188,0.10995843701137714,0.004147647260407105,2.3919660971990905e-10,0.10282958564806066,0.13160061303512005,0.13487940665229334,6.828344550458789e-10,0.08543854605110394,0.09562025227383295,-1.8854997723992498e-05
2023-10-20,2.6282573535120428e-09,0.04255731220749838,0.0919817872555459,0.053500391392457755,0.05550315449825672,0.09784465430031057,0.11051541549854038,0.004111213683698691,2.4556173690746474e-10,0.10271745440038989,0.13106891619401273,0.13174130001360007,6.946933222314491e-10,0.08352095993147562,0.09495641899237024,-1.8981936669552755e-05
2023-10-23,2.64132270018091e-09,0.04284451073708822,0.09128654585207742,0.05339146662787913,0.05488916065250799,0.09711392213884916,0.11086661460962983,0.004080423863283125,2.445844731651229e-10,0.10035005972768556,0.13343316189269933,0.1328385104072982,7.04183052422322e-10,0.08546555739981045,0.09345902961050691,-1.8967109405542195e-05
2023-10-24,2.638962074977283e-09,0.04212906895024546,0.09462296266788726,0.05343767827416697,0.05572691302020765,0.09582504120548352,0.11265732914767031,0.004199118996696305,2.450322363937707e-10,0.09904828718521448,0.13350404288475481,0.12820955772990875,7.057147318337032e-10,0.08699240469204259,0.09366660242213697,-1.9010766124115776e-05
2023-10-25,2.629821666937316e-09,0.0423221384068718,0.09517099028056793,0.05238370454558489,0.055749755862911775,0.09875423585077192,0.11056022744427899,0.004191591256910431,2.51954178797944e-10,0.10069222802611867,0.13232836223004976,0.12859481270498807,7.05376963648103e-10,0.08577170515235656,0.09349923679424217,-1.8992142805683617e-05
2023-10-26,2.611275377707936e-09,0.04218439419653007,0.09399019222659938,0.05139288597128955,0.05548185462284357,0.10049376935927753,0.11021248397981044,0.0041542869891165145,2.5370577914769674e-10,0.10002650223690857,0.13576660404367885,0.1280580011976384,7.11129526847379e-10,0.08425009887847648,0.09400782718582738,-1.89044641074818e-05
2023-10-27,2.6140941453569646e-09,0.04209756736179982,0.09334466079881953,0.05094377638511553,0.055594044159401376,0.10116482367267213,0.10987531168226787,0.004165699900641955,2.532361389828728e-10,0.10005311350130613,0.13515920414532587,0.12794255966461404,7.439048526175781e-10,0.08463104788730931,0.09504705929990283,-1.887207041155362e-05
2023-10-30,2.6274437345025567e-09,0.0420272739917452,0.09474537936480648,0.05082693271074526,0.05636711618899511,0.10084285814370578,0.10857510541037314,0.004192136291837657,2.493809355868188e-10,0.10100775728947758,0.13271146584910493,0.12741669290420554,7.261711455644211e-10,0.08910282270335108,0.09220334207705257,-1.888652839609134e-05
2023-10-31,2.9272641909956818e-09,0.04215068155105572,0.09685361952049684,0.05393284149450434,0.054894713427481624,0.09067081631180214,0.10629378249384987,0.004053929172592941,2.61313897698627e-10,0.10450035271127123,0.13585456114201472,0.1312148013176292,6.981018830084078e-10,0.08056341631968028,0.09903231977274947,-1.5839121808372598e-05
2023-11-01,2.905064526922032e-09,0.04187511823772193,0.09632178856429964,0.0541831729372816,0.054063386031702285,0.08914029384390418,0.10741168556665996,0.004003030873957726,2.5487366053896073e-10,0.10309312241383153,0.1343238083733415,0.13385762961653214,7.052402825251058e-10,0.08176428636040069,0.09997841052187247,-1.5737206684303033e-05
2023-11-02,2.9338398393278074e-09,0.04162446136771304,0.096212721529928,0.05362376133671722,0.05398291875967469,0.09002087389798588,0.10772807271239518,0.004082124507516934,2.508524974042071e-10,0.10401930431782007,0.13177232662193944,0.13424040745524934,7.153246251479624e-10,0.08155285452653117,0.10115591821323339,-1.5749146721177015e-05
2023-11-03,2.9153428397921566e-09,0.041038760546725866,0.09706662351310737,0.054853626196609016,0.05348459846168702,0.09169915213052836,0.10811003031513862,0.004016833619864125,2.473831987573417e-10,0.10436140482141623,0.13131151005688607,0.13167498152309773,6.962425238376553e-10,0.08054868366204142,0.10184958120667105,-1.5789912741305785e-05
2023-11-06,2.9168915908503372e-09,0.0408558733450745,0.09734127279352948,0.05554558779013233,0.05377850916570769,0.09162370908631869,0.1095473102232419,0.0039653389699873635,2.467591841936498e-10,0.10412389127656352,0.1287943558468421,0.1308607250362174,6.715297974689704e-10,0.08343395727151047,0.10014526148191251,-1.579612221877213e-05
2023-11-07,2.953111235245932e-09,0.040769401670504246,0.09769273006168522,0.05509913213855235,0.0537840482499487,0.09216713320034753,0.11026883960650323,0.00399952024584317,2.448449589973305e-10,0.10311269927783084,0.12518818833280324,0.1317225822425541,6.827793178756022e-10,0.08570389259100933,0.10050758154531425,-1.575304363158373e-05
2023-11-08,2.9759345868347905e-09,0.04067443129533429,0.10028673729275836,0.054782213765522676,0.05437537347832564,0.09330110739089054,0.11184568138115722,0.004062693672259002,2.4910301611571526e-10,0.10077048991196352,0.12714206069818576,0.12872129119401504,7.022142645081998e-10,0.08614836466416335,0.0979055387379954,-1.598740982293322e-05
2023-11-09,2.95420223448968e-09,0.04045674439193652,0.1016215381608486,0.05493198823242294,0.054630455358453234,0.09476451054426442,0.11176339961161907,0.004108530758220567,2.51787214966938e-10,0.09882290092948262,0.13026219328860147,0.12572648356191007,7.14035268100212e-10,0.08383178685948342,0.09909545489176312,-1.5990509030752975e-05
2023-11-10,3.000387621329227e-09,0.04029306876645867,0.10115120458317459,0.05521498676971377,0.05431346148441518,0.09680070330739031,0.1118568576613237,0.0040828413197785685,2.4934449028942583e-10,0.09722990155009513,0.128726843239203,0.12478155781484782,7.068077696069357e-10,0.08269810188680073,0.10286642426402702,-1.595660376827635e-05
2023-11-13,2.9810573991474457e-09,0.04048804220270863,0.10214215958434462,0.05580352230448716,0.05446123753363109,0.09683623953075757,0.11293138232832146,0.0041126857273785615,2.492675878519692e-10,0.09521292652592046,0.1282122336498998,0.12281343375773653,7.010956273022107e-10,0.08305355960726403,0.10394857974067434,-1.6006424544681696e-05
2023-11-14,3.0402488959629874e-09,0.040389163727050585,0.10330970834215207,0.05617131847402949,0.05548988810953923,0.09785664615205905,0.11174613252401702,0.004025062224775323,2.5122368239408997e-10,0.09473827332999603,0.12658979756787125,0.1205843700555598,7.054137513732633e-10,0.08562047542768567,0.103495211092164,-1.605102378596511e-05
2023-11-15,3.056609136253425e-09,0.04034066710855925,0.10185758606026184,0.056638592821539054,0.05474772037356479,0.097878641443798,0.11122847912092682,0.004076009152118431,2.4728616456688343e-10,0.0953186572134791,0.12487971005743363,0.11955902185969595,6.605347264619034e-10,0.0888983836427115,0.10459257190590465,-1.604472442290458e-05
2023-11-16,3.011706611719873e-09,0.03958364680255762,0.10055886048331912,0.056681139690548867,0.05309474026169315,0.09698242756285917,0.11305162458390082,0.003981254208327088,2.4578120787311016e-10,0.09786346357849557,0.12524773859804306,0.1189519591512249,6.616341446505488e-10,0.08762015165650784,0.10639891080835465,-1.5921304954098746e-05
2023-11-17,3.017638239900834e-09,0.039023424178204424,0.1007169037476484,0.05638046802186658,0.053224432051590866,0.09723122802239163,0.11556006852188479,0.004044448792476163,2.4822002835148056e-10,0.09844813687736312,0.1238451557655875,0.11527262029850163,6.669951567541246e-10,0.08943353099542044,0.10683558869035505,-1.6009896144109564e-05
2023-11-20,2.9682442390595274e-09,0.038762094167529536,0.09948750692912575,0.056821891834713756,0.05341295542313666,0.09732158153797817,0.1154335550279629,0.003926141666504121,2.478679956461534e-10,0.09792178148465358,0.12367383809398926,0.11494421142206614,6.648717891289039e-10,0.09279985070837445,0.10551041249874411,-1.5824675762281757e-05
2023-11-21,2.9787368822206956e-09,0.038375312049698025,0.09981418469259318,0.05713663513056313,0.05337298496440227,0.09889486755824314,0.11347504688652658,0.003879283436281999,2.4739644531796867e-10,0.0987627340986992,0.12341514223600417,0.11685486861764445,6.539185993098889e-10,0.09042701700577185,0.10560765769127062,-1.5738247750536013e-05
2023-11-22,2.94632665757074e-09,0.03819526755970237,0.09877656201065674,0.0563404017968521,0.05278868064171101,0.09794029317561406,0.11187905258979654,0.00382958303748484,2.434714697506934e-10,0.09908415106604816,0.12257987087611213,0.12010747403812523,6.493207133304259e-10,0.08864301744933265,0.10985121719526243,-1.5575275817206096e-05
2023-11-23,2.956185522613701e-09,0.038557569320847404,0.09935802283101369,0.05671611608705364,0.05310840382272709,0.09651625403905692,0.11239012397454383,0.0037563424821814534,2.4276058561188284e-10,0.09793873861587715,0.12325528986842516,0.1207543546877984,6.546565144751979e-10,0.08908981700002115,0.10857452689363878,-1.556347678728356e-05
2023-11-24,2.9328388567044432e-09,0.03870595862664104,0.0999619050111305,0.05567001401529126,0.05184301285908267,0.09510970442101849,0.11337390228021853,0.003800946291444547,2.381789756435515e-10,0.09789486645528327,0.12626074009117877,0.12097569550021633,6.675514622889753e-10,0.09024963803618988,0.10616908823325626,-1.5475659520984734e-05
2023-11-27,2.9478158683882848e-09,0.03898838138728604,0.1007718987271833,0.056648912861283665,0.052466497563358215,0.09217561734893516,0.11215449967182922,0.003709352015336958,2.4050445057835297e-10,0.098964756403244,0.12775286867682087,0.11987950119806812,6.803456420217412e-10,0.09209299753391713,0.10441029230908959,-1.5579565018346822e-05
2023-11-28,2.9180321703744564e-09,0.03913755429065872,0.1031173601991617,0.05797773995774224,0.053032197834117174,0.0916729085053102,0.11394717752966685,0.0037003105033258303,2.387221003268489e-10,0.09606046055508757,0.12848717304097002,0.11909376531756494,6.84317924151484e-10,0.08860415458728212,0.10518482948716223,-1.563564912196682e-05
2023-11-29,2.861718760104943e-09,0.039718245199539044,0.10409367889779923,0.058014369977019455,0.05360121753612086,0.09087628992516478,0.11450624005961688,0.0037567744525438076,2.286655750881996e-10,0.0957765078922212,0.12895892087536764,0.119182393039502,7.046813186771808e-10,0.08714847616670537,0.1043825734341959,-1.5691250861965142e-05
2023-11-30,2.9272871304280374e-09,0.04215101186381367,0.09685437851145509,0.053933264137862945,0.05489514360852548,0.09067152685137823,0.10629461546240832,0.004053960941107144,2.61315945478427e-10,0.10450117162566219,0.13585562576287305,0.1312158295791261,6.981073536662909e-10,0.08056404765287005,0.09903309583703757,-2.367572083025684e-05
2023-12-01,2.9170585244170757e-09,0.04190446782364515,0.09867290400415309,0.05317803739103462,0.05364642333326388,0.08955082212442791,0.10434371965081612,0.0040863862303368945,2.60577394185399e-10,0.10441254208385528,0.13875112953253063,0.1300265381311676,7.094759860866821e-10,0.0830037323906575,0.09844701921054619,-2.3725793546668755e-05
2023-12-04,2.958410215424417e-09,0.04210252640185232,0.10037688714850432,0.052597973414550414,0.05295690487818596,0.08975261123560885,0.10384823854979768,0.0040863382020902145,2.6164812952878143e-10,0.10636244429077614,0.13886200144201763,0.12917862502234118,7.10394178683578e-10,0.08245758473710985,0.09744175175051384,-2.389100380100656e-05
2023-12-05,2.9233777514625442e-09,0.04227866605280827,0.10011037976060029,0.05336894503029861,0.052211369487949945,0.08944902177964377,0.10677380725465752,0.004046649733040416,2.616882546821137e-10,0.10474252770425299,0.13633754082302965,0.1330482420797507,7.152262260855215e-10,0.08297402732509795,0.0946827877278902,-2.3968659312433626e-05
2023-12-06,2.920678684664241e-09,0.042591338704449484,0.10092287553304805,0.05355150756990055,0.05127964583805828,0.08943476778686808,0.10729086200761856,0.003927598059559867,2.5628526279507263e-10,0.10575659287869002,0.13771607280205797,0.12905681486730616,7.223279842100186e-10,0.08279131346020104,0.0957044675049906,-2.3860912040670582e-05
2023-12-07,2.8831301978472573e-09,0.042574755646429145,0.10114501621572736,0.052972019919296655,0.050942416868313,0.08809148146512204,0.10894342101140961,0.0038946118280599644,2.5108999876593504e-10,0.10388650383172218,0.1370849690992482,0.12983471869365756,7.007734349440579e-10,0.08501792410313022,0.0956358489826243,-2.369149973387615e-05
2023-12-08,2.8949992558393118e-09,0.042521798474048085,0.10114257013282434,0.05287114585783244,0.0515630808506091,0.08806957378460138,0.11005795854767016,0.0038703226088187734,2.5180347080232694e-10,0.10258715833539822,0.13978429477503682,0.12801204792074092,6.968148870710111e-10,0.08453695738669115,0.0950067674431906,-2.3679961079829484e-05
2023-12-11,2.912799829261381e-09,0.04235821640921328,0.10260147458267074,0.05234400717590986,0.051640268861727824,0.08714743878148225,0.11062754181481316,0.003867613777150431,2.5111197831896805e-10,0.1044353573527714,0.13824957727826154,0.12923163780345523,6.871886261120884e-10,0.0846846940321577,0.09283582762675212,-2.3659347465855596e-05
2023-12-12,2.87791116325699e-09,0.0420806318101144,0.10401545763450944,0.05210738552783928,0.0523808220798747,0.08690296177192651,0.10943500341216411,0.003930001971574167,2.513432816119882e-10,0.10282505641858349,0.13854047667985325,0.12789376450055084,6.596233066871896e-10,0.08566419993321243,0.0942477529979037,-2.3518526984256272e-05
2023-12-13,2.9187411286791287e-09,0.042129696141744416,0.10341815416417703,0.05244669028865633,0.052762215737967556,0.08846361603363088,0.10904620062860032,0.003909317495852269,2.479538001578926e-10,0.10338524389877901,0.1346841156809667,0.12920347618538966,6.645694217393521e-10,0.0863385364929094,0.09423617387352719,-2.3440453465177554e-05
2023-12-14,2.973010434946875e-09,0.04267497541001445,0.1031625177635903,0.05230778093180994,0.052415984972417985,0.08946248985198091,0.10802884273934261,0.003986199240197555,2.5390467364597204e-10,0.10241449376766679,0.1348618519211633,0.12980386206174885,6.778381900602888e-10,0.08926219485408506,0.09164233335360242,-2.35307723734851e-05
2023-12-15,2.9953870857470633e-09,0.04301090607813829,0.10268167563227133,0.052570700546394615,0.05325095057743373,0.09009737962741296,0.10691286112758652,0.004193175566388088,2.576590909325638e-10,0.103702241833559,0.133901852971155,0.1317929631002407,6.832584526173073e-10,0.087134612999982,0.09077445064400815,-2.3774640875127885e-05
2023-12-18,3.0046839943805796e-09,0.04366666388923332,0.10264368860147585,0.05300757438145071,0.052923776214377494,0.0896165324417635,0.10803069283050032,0.00427403745996417,2.615455216452846e-10,0.10156624511904369,0.13320947413956805,0.13187183868220212,6.774023946799367e-10,0.08739856633150328,0.09181457193760313,-2.366597231765236e-05
2023-12-19,3.041272255614662e-09,0.044531983469507756,0.10255832022783756,0.05232237512610463,0.05330242005033532,0.09203953857803945,0.10764112142525956,0.0043280446324201124,2.650140616287731e-10,0.10216679444147478,0.13361902935802328,0.13020635766179342,6.522573788769907e-10,0.08588967496798812,0.09141806074336711,-2.3724640694645726e-05
2023-12-20,3.044376380017423e-09,0.04407521144576278,0.10104590508355599,0.051312902904627845,0.05323660898531939,0.092789115263006,0.10819405652802906,0.004325688877723253,2.568701249242524e-10,0.10069497999509733,0.1365954051400162,0.13148369406855098,6.290110196364245e-10,0.08504026843670878,0.09122965984175867,-2.350050041363008e-05
2023-12-21,3.0367105290014607e-09,0.043249268186452916,0.10163653645450353,0.05109339289091781,0.0529844968420348,0.09281599482543021,0.10852669308437478,0.004346392508807841,2.547531785721069e-10,0.10084990883080558,0.13337240546109191,0.13283816152656433,6.005222068340141e-10,0.0850221607266841,0.0932881914202776,-2.3606649931208604e-05
2023-12-22,3.0276562616919084e-09,0.0438733123302371,0.10364092825757927,0.04950778672129739,0.05326848623040515,0.09004147162192368,0.10914115369926931,0.004377663522430915,2.4716383131957807e-10,0.10462578338738678,0.13497922900993511,0.1319064974724724,6.20538879320469e-10,0.0828558483853746,0.09180560494280579,-2.376947647656952e-05
2023-12-25,2.9686758922355555e-09,0.04477680535622754,0.10425718747853044,0.05000087196929385,0.05359187211864842,0.09092460552168184,0.10952525999541853,0.004405416115312908,2.481824208996139e-10,0.10390189080055232,0.1352248886292993,0.1328603605415251,6.233794813445082e-10,0.08084044364118226,0.08971421324052292,-2.3819248433163774e-05
2023-12-26,2.992930698943942e-09,0.04454792651122778,0.10470738245620702,0.0492780200727771,0.052531683192251,0.08977065717631443,0.1089922336038069,0.004355867599707126,2.524902777490299e-10,0.10400541611160961,0.13902836629808216,0.13353539979809143,5.959875778215189e-10,0.08225760906292234,0.08701320024683261,-2.3765971238125576e-05
2023-12-27,3.0024774413967564e-09,0.044244498387459856,0.10724384194479904,0.050146594094791594,0.052116869170992314,0.08972729469812356,0.10948098816359647,0.004414479728922968,2.529118901362083e-10,0.10248091153224419,0.13759088951195003,0.13370178737167784,6.097133652721843e-10,0.08301284695291426,0.08586277982488863,-2.3785247463395733e-05
2023-12-28,3.0076660621319886e-09,0.043879826851242566,0.10780768308256203,0.051379020372960035,0.0516688202070349,0.09026595376971927,0.10792449051072257,0.004389066176352367,2.519741502989208e-10,0.10175233034310241,0.1424927751347298,0.1324704311571708,6.135053975748553e-10,0.0797740583043909,0.08621921681440663,-2.367659753978619e-05
2023-12-29,2.9272661882709673e-09,0.0421507103105079,0.09685368560381832,0.05393287829293604,0.05489475088219951,0.09067087817659082,0.106293855018204,0.00405393193859287,2.613140759933607e-10,0.10450042401196642,0.1358546538357177,0.1312148908456194,6.981023593240208e-10,0.08056347128817981,0.09903238734260032,-1.6521433615903305e-05
