date,strategy,drawdown
2015-11-30,Bandit Meta-Strategy (UCB),0.0
2015-12-01,Bandit Meta-Strategy (UCB),0.0
2015-12-02,Bandit Meta-Strategy (UCB),0.0
2015-12-03,Bandit Meta-Strategy (UCB),0.0
2015-12-04,Bandit Meta-Strategy (UCB),0.0
2015-12-07,Bandit Meta-Strategy (UCB),0.0
2015-12-08,Bandit Meta-Strategy (UCB),0.0
2015-12-09,Bandit Meta-Strategy (UCB),0.0
2015-12-10,Bandit Meta-Strategy (UCB),0.0
2015-12-11,Bandit Meta-Strategy (UCB),0.0
2015-12-14,Bandit Meta-Strategy (UCB),0.0
2015-12-15,Bandit Meta-Strategy (UCB),0.0
2015-12-16,Bandit Meta-Strategy (UCB),0.0
2015-12-17,Bandit Meta-Strategy (UCB),0.0
2015-12-18,Bandit Meta-Strategy (UCB),0.0
2015-12-21,Bandit Meta-Strategy (UCB),0.0
2015-12-22,Bandit Meta-Strategy (UCB),0.0
2015-12-23,Bandit Meta-Strategy (UCB),0.0
2015-12-24,Bandit Meta-Strategy (UCB),0.0
2015-12-28,Bandit Meta-Strategy (UCB),0.0
2015-12-29,Bandit Meta-Strategy (UCB),0.0
2015-12-30,Bandit Meta-Strategy (UCB),0.0
2015-12-31,Bandit Meta-Strategy (UCB),-0.0010999999999998789
2016-01-04,Bandit Meta-Strategy (UCB),-0.01852315697597584
2016-01-05,Bandit Meta-Strategy (UCB),-0.014292011390458215
2016-01-06,Bandit Meta-Strategy (UCB),-0.014813938340587751
2016-01-07,Bandit Meta-Strategy (UCB),-0.027850160849204553
2016-01-08,Bandit Meta-Strategy (UCB),-0.04322209699211865
2016-01-11,Bandit Meta-Strategy (UCB),-0.03704195630116858
2016-01-12,Bandit Meta-Strategy (UCB),-0.031227379029924784
2016-01-13,Bandit Meta-Strategy (UCB),-0.0594897874054332
2016-01-14,Bandit Meta-Strategy (UCB),-0.04570151067596917
2016-01-15,Bandit Meta-Strategy (UCB),-0.0665353609708168
2016-01-19,Bandit Meta-Strategy (UCB),-0.06140338238836174
2016-01-20,Bandit Meta-Strategy (UCB),-0.07684883967950484
2016-01-21,Bandit Meta-Strategy (UCB),-0.07282141739960946
2016-01-22,Bandit Meta-Strategy (UCB),-0.05722523221095155
2016-01-25,Bandit Meta-Strategy (UCB),-0.06498654006865034
2016-01-26,Bandit Meta-Strategy (UCB),-0.055152654130401935
2016-01-27,Bandit Meta-Strategy (UCB),-0.06864468442678817
2016-01-28,Bandit Meta-Strategy (UCB),-0.056277966176939254
2016-01-29,Bandit Meta-Strategy (UCB),-0.03763180834957691
2016-02-01,Bandit Meta-Strategy (UCB),-0.034799886309680006
2016-02-02,Bandit Meta-Strategy (UCB),-0.052008906940059774
2016-02-03,Bandit Meta-Strategy (UCB),-0.05418135041427663
2016-02-04,Bandit Meta-Strategy (UCB),-0.056934111229162365
2016-02-05,Bandit Meta-Strategy (UCB),-0.0759989697608292
2016-02-08,Bandit Meta-Strategy (UCB),-0.08537645882827138
2016-02-09,Bandit Meta-Strategy (UCB),-0.08461803137578638
2016-02-10,Bandit Meta-Strategy (UCB),-0.08516246396717364
2016-02-11,Bandit Meta-Strategy (UCB),-0.09113066263210057
2016-02-12,Bandit Meta-Strategy (UCB),-0.0775415944190494
2016-02-16,Bandit Meta-Strategy (UCB),-0.06723669491662343
2016-02-17,Bandit Meta-Strategy (UCB),-0.052348408520941025
2016-02-18,Bandit Meta-Strategy (UCB),-0.06106382227214535
2016-02-19,Bandit Meta-Strategy (UCB),-0.05829252857169531
2016-02-22,Bandit Meta-Strategy (UCB),-0.04276970997212237
2016-02-23,Bandit Meta-Strategy (UCB),-0.04818613049388887
2016-02-24,Bandit Meta-Strategy (UCB),-0.04159185136662624
2016-02-25,Bandit Meta-Strategy (UCB),-0.028708643615247276
2016-02-26,Bandit Meta-Strategy (UCB),-0.03690678473682363
2016-02-29,Bandit Meta-Strategy (UCB),-0.04524352665226994
2016-03-01,Bandit Meta-Strategy (UCB),-0.026732144632529375
2016-03-02,Bandit Meta-Strategy (UCB),-0.024751485383408323
2016-03-03,Bandit Meta-Strategy (UCB),-0.02360523499813727
2016-03-04,Bandit Meta-Strategy (UCB),-0.018990061713867634
2016-03-07,Bandit Meta-Strategy (UCB),-0.02030272483604234
2016-03-08,Bandit Meta-Strategy (UCB),-0.02564342186825097
2016-03-09,Bandit Meta-Strategy (UCB),-0.022100297509214384
2016-03-10,Bandit Meta-Strategy (UCB),-0.024601457281492434
2016-03-11,Bandit Meta-Strategy (UCB),-0.016359900823203932
2016-03-14,Bandit Meta-Strategy (UCB),-0.014334313190094927
2016-03-15,Bandit Meta-Strategy (UCB),-0.011540337491996233
2016-03-16,Bandit Meta-Strategy (UCB),-0.008987208076979059
2016-03-17,Bandit Meta-Strategy (UCB),-0.006057715671961672
2016-03-18,Bandit Meta-Strategy (UCB),-0.002375157047408094
2016-03-21,Bandit Meta-Strategy (UCB),0.0
2016-03-22,Bandit Meta-Strategy (UCB),-0.0016339276982850397
2016-03-23,Bandit Meta-Strategy (UCB),-0.0046980473816317925
2016-03-24,Bandit Meta-Strategy (UCB),-0.002083022855032965
2016-03-28,Bandit Meta-Strategy (UCB),0.0
2016-03-29,Bandit Meta-Strategy (UCB),0.0
2016-03-30,Bandit Meta-Strategy (UCB),0.0
2016-03-31,Bandit Meta-Strategy (UCB),-0.00025875693630897573
2016-04-01,Bandit Meta-Strategy (UCB),0.0
2016-04-04,Bandit Meta-Strategy (UCB),0.0
2016-04-05,Bandit Meta-Strategy (UCB),-0.0020315576616962024
2016-04-06,Bandit Meta-Strategy (UCB),0.0
2016-04-07,Bandit Meta-Strategy (UCB),-0.010363415687015315
2016-04-08,Bandit Meta-Strategy (UCB),-0.010682729490032097
2016-04-11,Bandit Meta-Strategy (UCB),-0.016285981383517122
2016-04-12,Bandit Meta-Strategy (UCB),-0.005706196255340187
2016-04-13,Bandit Meta-Strategy (UCB),0.0
2016-04-14,Bandit Meta-Strategy (UCB),0.0
2016-04-15,Bandit Meta-Strategy (UCB),0.0
2016-04-18,Bandit Meta-Strategy (UCB),0.0
2016-04-19,Bandit Meta-Strategy (UCB),-0.006517469351335519
2016-04-20,Bandit Meta-Strategy (UCB),-0.008759426206049763
2016-04-21,Bandit Meta-Strategy (UCB),-0.014496748027445197
2016-04-22,Bandit Meta-Strategy (UCB),-0.013732943099387282
2016-04-25,Bandit Meta-Strategy (UCB),-0.01309136155856988
2016-04-26,Bandit Meta-Strategy (UCB),-0.017486304040241634
2016-04-27,Bandit Meta-Strategy (UCB),-0.01760746317768175
2016-04-28,Bandit Meta-Strategy (UCB),-0.024652865517690525
2016-04-29,Bandit Meta-Strategy (UCB),-0.02880353321123554
2016-05-02,Bandit Meta-Strategy (UCB),-0.018478608806021122
2016-05-03,Bandit Meta-Strategy (UCB),-0.023790598460887026
2016-05-04,Bandit Meta-Strategy (UCB),-0.027643180933948592
2016-05-05,Bandit Meta-Strategy (UCB),-0.029042017922108972
2016-05-06,Bandit Meta-Strategy (UCB),-0.02098781750361507
2016-05-09,Bandit Meta-Strategy (UCB),-0.018984691896258798
2016-05-10,Bandit Meta-Strategy (UCB),-0.009598177654139653
2016-05-11,Bandit Meta-Strategy (UCB),-0.02376554107252119
2016-05-12,Bandit Meta-Strategy (UCB),-0.023366020413545584
2016-05-13,Bandit Meta-Strategy (UCB),-0.024704613842462562
2016-05-16,Bandit Meta-Strategy (UCB),-0.014607261029902235
2016-05-17,Bandit Meta-Strategy (UCB),-0.024654827349846323
2016-05-18,Bandit Meta-Strategy (UCB),-0.024186693704874467
2016-05-19,Bandit Meta-Strategy (UCB),-0.011131809952697304
2016-05-20,Bandit Meta-Strategy (UCB),-0.004720955319830472
2016-05-23,Bandit Meta-Strategy (UCB),-0.006214428497133512
2016-05-24,Bandit Meta-Strategy (UCB),0.0
2016-05-25,Bandit Meta-Strategy (UCB),0.0
2016-05-26,Bandit Meta-Strategy (UCB),0.0
2016-05-27,Bandit Meta-Strategy (UCB),0.0
2016-05-31,Bandit Meta-Strategy (UCB),-0.0012980561076932318
2016-06-01,Bandit Meta-Strategy (UCB),-0.001931185222837925
2016-06-02,Bandit Meta-Strategy (UCB),0.0
2016-06-03,Bandit Meta-Strategy (UCB),-0.003766111063472356
2016-06-06,Bandit Meta-Strategy (UCB),0.0
2016-06-07,Bandit Meta-Strategy (UCB),0.0
2016-06-08,Bandit Meta-Strategy (UCB),0.0
2016-06-09,Bandit Meta-Strategy (UCB),0.0
2016-06-10,Bandit Meta-Strategy (UCB),-0.008045359310940399
2016-06-13,Bandit Meta-Strategy (UCB),-0.015247692370344118
2016-06-14,Bandit Meta-Strategy (UCB),-0.013940819816081723
2016-06-15,Bandit Meta-Strategy (UCB),-0.014543417799799788
2016-06-16,Bandit Meta-Strategy (UCB),-0.010565324988115937
2016-06-17,Bandit Meta-Strategy (UCB),-0.020026046706291635
2016-06-20,Bandit Meta-Strategy (UCB),-0.014801494780600099
2016-06-21,Bandit Meta-Strategy (UCB),-0.013177144429925434
2016-06-22,Bandit Meta-Strategy (UCB),-0.018481917596554695
2016-06-23,Bandit Meta-Strategy (UCB),-0.008986745946690309
2016-06-24,Bandit Meta-Strategy (UCB),-0.03501765751661155
2016-06-27,Bandit Meta-Strategy (UCB),-0.04491748696178615
2016-06-28,Bandit Meta-Strategy (UCB),-0.02947356634014392
2016-06-29,Bandit Meta-Strategy (UCB),-0.014293113879603428
2016-06-30,Bandit Meta-Strategy (UCB),-0.01457590448254208
2016-07-01,Bandit Meta-Strategy (UCB),-0.010101742538146004
2016-07-05,Bandit Meta-Strategy (UCB),-0.008126214657580105
2016-07-06,Bandit Meta-Strategy (UCB),-0.006520397943643904
2016-07-07,Bandit Meta-Strategy (UCB),-0.005682314467229615
2016-07-08,Bandit Meta-Strategy (UCB),0.0
2016-07-11,Bandit Meta-Strategy (UCB),0.0
2016-07-12,Bandit Meta-Strategy (UCB),0.0
2016-07-13,Bandit Meta-Strategy (UCB),0.0
2016-07-14,Bandit Meta-Strategy (UCB),0.0
2016-07-15,Bandit Meta-Strategy (UCB),-0.0018130028025848356
2016-07-18,Bandit Meta-Strategy (UCB),0.0
2016-07-19,Bandit Meta-Strategy (UCB),-0.004597841091354103
2016-07-20,Bandit Meta-Strategy (UCB),-0.0005763563038496849
2016-07-21,Bandit Meta-Strategy (UCB),-0.006343391238354986
2016-07-22,Bandit Meta-Strategy (UCB),-0.0012515920533747718
2016-07-25,Bandit Meta-Strategy (UCB),-0.00043119803731793546
2016-07-26,Bandit Meta-Strategy (UCB),0.0
2016-07-27,Bandit Meta-Strategy (UCB),-0.0037585399806874414
2016-07-28,Bandit Meta-Strategy (UCB),-0.0013309639896335699
2016-07-29,Bandit Meta-Strategy (UCB),0.0
2016-08-01,Bandit Meta-Strategy (UCB),0.0
2016-08-02,Bandit Meta-Strategy (UCB),-0.006374631433200301
2016-08-03,Bandit Meta-Strategy (UCB),-0.009418213955370298
2016-08-04,Bandit Meta-Strategy (UCB),-0.006600252767402112
2016-08-05,Bandit Meta-Strategy (UCB),0.0
2016-08-08,Bandit Meta-Strategy (UCB),-0.0028332517320941164
2016-08-09,Bandit Meta-Strategy (UCB),-0.0016650156432925056
2016-08-10,Bandit Meta-Strategy (UCB),-0.004395718243045729
2016-08-11,Bandit Meta-Strategy (UCB),0.0
2016-08-12,Bandit Meta-Strategy (UCB),0.0
2016-08-15,Bandit Meta-Strategy (UCB),-0.0009381342683739099
2016-08-16,Bandit Meta-Strategy (UCB),-0.007327402669016763
2016-08-17,Bandit Meta-Strategy (UCB),-0.005244528778997744
2016-08-18,Bandit Meta-Strategy (UCB),-0.0023961746659219257
2016-08-19,Bandit Meta-Strategy (UCB),-0.007123834439793533
2016-08-22,Bandit Meta-Strategy (UCB),-0.009221874888800448
2016-08-23,Bandit Meta-Strategy (UCB),-0.006682066235316248
2016-08-24,Bandit Meta-Strategy (UCB),-0.010812072443116563
2016-08-25,Bandit Meta-Strategy (UCB),-0.012019974758026056
2016-08-26,Bandit Meta-Strategy (UCB),-0.010529879592217902
2016-08-29,Bandit Meta-Strategy (UCB),-0.006800220832517378
2016-08-30,Bandit Meta-Strategy (UCB),-0.009834166050215889
2016-08-31,Bandit Meta-Strategy (UCB),-0.010827431736673646
2016-09-01,Bandit Meta-Strategy (UCB),-0.007780724820142851
2016-09-02,Bandit Meta-Strategy (UCB),-0.0066602795025454764
2016-09-06,Bandit Meta-Strategy (UCB),0.0
2016-09-07,Bandit Meta-Strategy (UCB),-0.003964277520083553
2016-09-08,Bandit Meta-Strategy (UCB),-0.004661578422324979
2016-09-09,Bandit Meta-Strategy (UCB),-0.027489492337595418
2016-09-12,Bandit Meta-Strategy (UCB),-0.01125305909443632
2016-09-13,Bandit Meta-Strategy (UCB),-0.025320695650462546
2016-09-14,Bandit Meta-Strategy (UCB),-0.024569182581948727
2016-09-15,Bandit Meta-Strategy (UCB),-0.013898169665334931
2016-09-16,Bandit Meta-Strategy (UCB),-0.013983828491136517
2016-09-19,Bandit Meta-Strategy (UCB),-0.016218458534934956
2016-09-20,Bandit Meta-Strategy (UCB),-0.015685184251201748
2016-09-21,Bandit Meta-Strategy (UCB),-0.01016958819099857
2016-09-22,Bandit Meta-Strategy (UCB),-0.004974906495010353
2016-09-23,Bandit Meta-Strategy (UCB),-0.00816409067759787
2016-09-26,Bandit Meta-Strategy (UCB),-0.019001581784173556
2016-09-27,Bandit Meta-Strategy (UCB),-0.007475378007505541
2016-09-28,Bandit Meta-Strategy (UCB),-0.0034662379559710628
2016-09-29,Bandit Meta-Strategy (UCB),-0.013304867298967208
2016-09-30,Bandit Meta-Strategy (UCB),-0.0006077922582537461
2016-10-03,Bandit Meta-Strategy (UCB),0.0
2016-10-04,Bandit Meta-Strategy (UCB),-0.001952707296605295
2016-10-05,Bandit Meta-Strategy (UCB),0.0
2016-10-06,Bandit Meta-Strategy (UCB),-0.0058435391826289936
2016-10-07,Bandit Meta-Strategy (UCB),-0.008642278307722923
2016-10-10,Bandit Meta-Strategy (UCB),-0.006323190528641461
2016-10-11,Bandit Meta-Strategy (UCB),-0.0177085824490253
2016-10-12,Bandit Meta-Strategy (UCB),-0.017058453320128047
2016-10-13,Bandit Meta-Strategy (UCB),-0.020419997579990204
2016-10-14,Bandit Meta-Strategy (UCB),-0.01921392851863318
2016-10-17,Bandit Meta-Strategy (UCB),-0.022124729436998152
2016-10-18,Bandit Meta-Strategy (UCB),-0.007154063398645604
2016-10-19,Bandit Meta-Strategy (UCB),-0.0045307250718650575
2016-10-20,Bandit Meta-Strategy (UCB),-0.0037488201954417855
2016-10-21,Bandit Meta-Strategy (UCB),-0.002376391296116674
2016-10-24,Bandit Meta-Strategy (UCB),0.0
2016-10-25,Bandit Meta-Strategy (UCB),0.0
2016-10-26,Bandit Meta-Strategy (UCB),0.0
2016-10-27,Bandit Meta-Strategy (UCB),-0.0024316937150317686
2016-10-28,Bandit Meta-Strategy (UCB),-0.00580388575747185
2016-10-31,Bandit Meta-Strategy (UCB),-0.0076748074303691766
2016-11-01,Bandit Meta-Strategy (UCB),-0.018416831746922387
2016-11-02,Bandit Meta-Strategy (UCB),-0.024780343691874467
2016-11-03,Bandit Meta-Strategy (UCB),-0.029656597333453893
2016-11-04,Bandit Meta-Strategy (UCB),-0.03299431253690023
2016-11-07,Bandit Meta-Strategy (UCB),-0.011362045081923055
2016-11-08,Bandit Meta-Strategy (UCB),-0.00944793959847381
2016-11-09,Bandit Meta-Strategy (UCB),-0.0009988995283224933
2016-11-10,Bandit Meta-Strategy (UCB),-0.010796517595803065
2016-11-11,Bandit Meta-Strategy (UCB),0.0
2016-11-14,Bandit Meta-Strategy (UCB),-0.013300817124922832
2016-11-15,Bandit Meta-Strategy (UCB),-0.0038618154745275984
2016-11-16,Bandit Meta-Strategy (UCB),0.0
2016-11-17,Bandit Meta-Strategy (UCB),0.0
2016-11-18,Bandit Meta-Strategy (UCB),-0.003958083737741866
2016-11-21,Bandit Meta-Strategy (UCB),0.0
2016-11-22,Bandit Meta-Strategy (UCB),0.0
2016-11-23,Bandit Meta-Strategy (UCB),0.0
2016-11-25,Bandit Meta-Strategy (UCB),0.0
2016-11-28,Bandit Meta-Strategy (UCB),-0.00499042874913181
2016-11-29,Bandit Meta-Strategy (UCB),-0.007082561389937895
2016-11-30,Bandit Meta-Strategy (UCB),-0.007396156060002141
2016-12-01,Bandit Meta-Strategy (UCB),-0.01723407959844504
2016-12-02,Bandit Meta-Strategy (UCB),-0.013059098559469766
2016-12-05,Bandit Meta-Strategy (UCB),-0.006033045516850464
2016-12-06,Bandit Meta-Strategy (UCB),-0.002291245860225044
2016-12-07,Bandit Meta-Strategy (UCB),0.0
2016-12-08,Bandit Meta-Strategy (UCB),-0.0031703421986353977
2016-12-09,Bandit Meta-Strategy (UCB),0.0
2016-12-12,Bandit Meta-Strategy (UCB),0.0
2016-12-13,Bandit Meta-Strategy (UCB),0.0
2016-12-14,Bandit Meta-Strategy (UCB),-0.0016581733660288615
2016-12-15,Bandit Meta-Strategy (UCB),0.0
2016-12-16,Bandit Meta-Strategy (UCB),0.0
2016-12-19,Bandit Meta-Strategy (UCB),0.0
2016-12-20,Bandit Meta-Strategy (UCB),0.0
2016-12-21,Bandit Meta-Strategy (UCB),-0.0027885432346354834
2016-12-22,Bandit Meta-Strategy (UCB),-0.005493209349238998
2016-12-23,Bandit Meta-Strategy (UCB),-0.0016482250502706116
2016-12-27,Bandit Meta-Strategy (UCB),0.0
2016-12-28,Bandit Meta-Strategy (UCB),-0.011105485233615332
2016-12-29,Bandit Meta-Strategy (UCB),-0.010100684404349468
2016-12-30,Bandit Meta-Strategy (UCB),-0.017080502720623853
2017-01-03,Bandit Meta-Strategy (UCB),-0.011659669040823852
2017-01-04,Bandit Meta-Strategy (UCB),-0.005028807520231421
2017-01-05,Bandit Meta-Strategy (UCB),-0.002338852121903306
2017-01-06,Bandit Meta-Strategy (UCB),-0.0007196106029568754
2017-01-09,Bandit Meta-Strategy (UCB),0.0
2017-01-10,Bandit Meta-Strategy (UCB),-0.0038071649664455287
2017-01-11,Bandit Meta-Strategy (UCB),-0.004891661598171015
2017-01-12,Bandit Meta-Strategy (UCB),-0.009389271574626294
2017-01-13,Bandit Meta-Strategy (UCB),-0.007022353472298522
2017-01-17,Bandit Meta-Strategy (UCB),-0.007893078719996666
2017-01-18,Bandit Meta-Strategy (UCB),-0.0064402976765140715
2017-01-19,Bandit Meta-Strategy (UCB),-0.00673033753319472
2017-01-20,Bandit Meta-Strategy (UCB),-0.003926808064856943
2017-01-23,Bandit Meta-Strategy (UCB),-0.0038673999447469748
2017-01-24,Bandit Meta-Strategy (UCB),0.0
2017-01-25,Bandit Meta-Strategy (UCB),0.0
2017-01-26,Bandit Meta-Strategy (UCB),-0.0012848939956239438
2017-01-27,Bandit Meta-Strategy (UCB),0.0
2017-01-30,Bandit Meta-Strategy (UCB),-0.003697063282115929
2017-01-31,Bandit Meta-Strategy (UCB),-0.004180079193741718
2017-02-01,Bandit Meta-Strategy (UCB),-0.003938151612573283
2017-02-02,Bandit Meta-Strategy (UCB),-0.0012102260089275247
2017-02-03,Bandit Meta-Strategy (UCB),0.0
2017-02-06,Bandit Meta-Strategy (UCB),0.0
2017-02-07,Bandit Meta-Strategy (UCB),0.0
2017-02-08,Bandit Meta-Strategy (UCB),0.0
2017-02-09,Bandit Meta-Strategy (UCB),0.0
2017-02-10,Bandit Meta-Strategy (UCB),-0.004099531875957312
2017-02-13,Bandit Meta-Strategy (UCB),-0.0019310890041164556
2017-02-14,Bandit Meta-Strategy (UCB),0.0
2017-02-15,Bandit Meta-Strategy (UCB),0.0
2017-02-16,Bandit Meta-Strategy (UCB),0.0
2017-02-17,Bandit Meta-Strategy (UCB),0.0
2017-02-21,Bandit Meta-Strategy (UCB),0.0
2017-02-22,Bandit Meta-Strategy (UCB),0.0
2017-02-23,Bandit Meta-Strategy (UCB),0.0
2017-02-24,Bandit Meta-Strategy (UCB),0.0
2017-02-27,Bandit Meta-Strategy (UCB),-0.0014006043695210357
2017-02-28,Bandit Meta-Strategy (UCB),-0.001977840071960271
2017-03-01,Bandit Meta-Strategy (UCB),0.0
2017-03-02,Bandit Meta-Strategy (UCB),-0.00403952426149
2017-03-03,Bandit Meta-Strategy (UCB),-0.0031511876709552095
2017-03-06,Bandit Meta-Strategy (UCB),-0.005767817964236985
2017-03-07,Bandit Meta-Strategy (UCB),-0.00650067969973112
2017-03-08,Bandit Meta-Strategy (UCB),-0.006077475603757479
2017-03-09,Bandit Meta-Strategy (UCB),-0.002752649097383053
2017-03-10,Bandit Meta-Strategy (UCB),-0.0003397489136722171
2017-03-13,Bandit Meta-Strategy (UCB),0.0
2017-03-14,Bandit Meta-Strategy (UCB),0.0
2017-03-15,Bandit Meta-Strategy (UCB),0.0
2017-03-16,Bandit Meta-Strategy (UCB),0.0
2017-03-17,Bandit Meta-Strategy (UCB),-0.0014253094840378042
2017-03-20,Bandit Meta-Strategy (UCB),0.0
2017-03-21,Bandit Meta-Strategy (UCB),-0.009171268081966798
2017-03-22,Bandit Meta-Strategy (UCB),-0.006896280937681238
2017-03-23,Bandit Meta-Strategy (UCB),-0.009257054203421705
2017-03-24,Bandit Meta-Strategy (UCB),-0.009935922263671373
2017-03-27,Bandit Meta-Strategy (UCB),-0.007031863324938291
2017-03-28,Bandit Meta-Strategy (UCB),-0.0023186896847111507
2017-03-29,Bandit Meta-Strategy (UCB),-0.0026184966750976207
2017-03-30,Bandit Meta-Strategy (UCB),0.0
2017-03-31,Bandit Meta-Strategy (UCB),-0.0007089006425006524
2017-04-03,Bandit Meta-Strategy (UCB),0.0
2017-04-04,Bandit Meta-Strategy (UCB),-0.0021667374585839744
2017-04-05,Bandit Meta-Strategy (UCB),-0.005785084042887547
2017-04-06,Bandit Meta-Strategy (UCB),-0.005177231097270216
2017-04-07,Bandit Meta-Strategy (UCB),-0.0055988281009604155
2017-04-10,Bandit Meta-Strategy (UCB),-0.004853482971859457
2017-04-11,Bandit Meta-Strategy (UCB),-0.006040688211774369
2017-04-12,Bandit Meta-Strategy (UCB),-0.007834676484058117
2017-04-13,Bandit Meta-Strategy (UCB),-0.012533652499326742
2017-04-17,Bandit Meta-Strategy (UCB),-0.0026067368482848774
2017-04-18,Bandit Meta-Strategy (UCB),-0.006572385252578756
2017-04-19,Bandit Meta-Strategy (UCB),-0.009841521740708285
2017-04-20,Bandit Meta-Strategy (UCB),-0.00321753904600849
2017-04-21,Bandit Meta-Strategy (UCB),-0.004217367897355842
2017-04-24,Bandit Meta-Strategy (UCB),0.0
2017-04-25,Bandit Meta-Strategy (UCB),0.0
2017-04-26,Bandit Meta-Strategy (UCB),-0.002557677587187613
2017-04-27,Bandit Meta-Strategy (UCB),-0.0006603634060769172
2017-04-28,Bandit Meta-Strategy (UCB),-0.00014198085043838987
2017-05-01,Bandit Meta-Strategy (UCB),0.0
2017-05-02,Bandit Meta-Strategy (UCB),-0.0009099766588399299
2017-05-03,Bandit Meta-Strategy (UCB),-0.002647942739483537
2017-05-04,Bandit Meta-Strategy (UCB),-0.003810666514593601
2017-05-05,Bandit Meta-Strategy (UCB),-0.0017813587869892583
2017-05-08,Bandit Meta-Strategy (UCB),0.0
2017-05-09,Bandit Meta-Strategy (UCB),0.0
2017-05-10,Bandit Meta-Strategy (UCB),0.0
2017-05-11,Bandit Meta-Strategy (UCB),0.0
2017-05-12,Bandit Meta-Strategy (UCB),0.0
2017-05-15,Bandit Meta-Strategy (UCB),0.0
2017-05-16,Bandit Meta-Strategy (UCB),0.0
2017-05-17,Bandit Meta-Strategy (UCB),-0.020877914484697613
2017-05-18,Bandit Meta-Strategy (UCB),-0.012726610259224707
2017-05-19,Bandit Meta-Strategy (UCB),-0.006644110402211024
2017-05-22,Bandit Meta-Strategy (UCB),-0.002818892091212837
2017-05-23,Bandit Meta-Strategy (UCB),-0.0023500767957200944
2017-05-24,Bandit Meta-Strategy (UCB),0.0
2017-05-25,Bandit Meta-Strategy (UCB),0.0
2017-05-26,Bandit Meta-Strategy (UCB),0.0
2017-05-30,Bandit Meta-Strategy (UCB),0.0
2017-05-31,Bandit Meta-Strategy (UCB),-0.0005341000442325595
2017-06-01,Bandit Meta-Strategy (UCB),0.0
2017-06-02,Bandit Meta-Strategy (UCB),0.0
2017-06-05,Bandit Meta-Strategy (UCB),0.0
2017-06-06,Bandit Meta-Strategy (UCB),-0.002067012939788212
2017-06-07,Bandit Meta-Strategy (UCB),-0.00011328576523612028
2017-06-08,Bandit Meta-Strategy (UCB),-0.0015163773682087718
2017-06-09,Bandit Meta-Strategy (UCB),-0.002331562521793438
2017-06-12,Bandit Meta-Strategy (UCB),-0.002608733010382734
2017-06-13,Bandit Meta-Strategy (UCB),0.0
2017-06-14,Bandit Meta-Strategy (UCB),0.0
2017-06-15,Bandit Meta-Strategy (UCB),-0.001658323281660188
2017-06-16,Bandit Meta-Strategy (UCB),-0.005181495255058648
2017-06-19,Bandit Meta-Strategy (UCB),0.0
2017-06-20,Bandit Meta-Strategy (UCB),-0.0033293619964847115
2017-06-21,Bandit Meta-Strategy (UCB),-0.0010489034991426002
2017-06-22,Bandit Meta-Strategy (UCB),-0.003086814807158146
2017-06-23,Bandit Meta-Strategy (UCB),-0.0038150878219061417
2017-06-26,Bandit Meta-Strategy (UCB),-0.0033248797389535804
2017-06-27,Bandit Meta-Strategy (UCB),-0.010215912326628761
2017-06-28,Bandit Meta-Strategy (UCB),-0.002960991681652985
2017-06-29,Bandit Meta-Strategy (UCB),-0.01385411635287502
2017-06-30,Bandit Meta-Strategy (UCB),-0.01428043200398191
2017-07-03,Bandit Meta-Strategy (UCB),-0.014633898889244521
2017-07-05,Bandit Meta-Strategy (UCB),-0.01539927304295198
2017-07-06,Bandit Meta-Strategy (UCB),-0.024717144275142624
2017-07-07,Bandit Meta-Strategy (UCB),-0.018951088325646917
2017-07-10,Bandit Meta-Strategy (UCB),-0.017157119496042553
2017-07-11,Bandit Meta-Strategy (UCB),-0.015330274434479764
2017-07-12,Bandit Meta-Strategy (UCB),-0.007642141250384495
2017-07-13,Bandit Meta-Strategy (UCB),-0.00666771347863006
2017-07-14,Bandit Meta-Strategy (UCB),-0.00010903463244701708
2017-07-17,Bandit Meta-Strategy (UCB),-0.001257687997503723
2017-07-18,Bandit Meta-Strategy (UCB),0.0
2017-07-19,Bandit Meta-Strategy (UCB),0.0
2017-07-20,Bandit Meta-Strategy (UCB),0.0
2017-07-21,Bandit Meta-Strategy (UCB),-0.0002761538405114474
2017-07-24,Bandit Meta-Strategy (UCB),-0.00031948737042440385
2017-07-25,Bandit Meta-Strategy (UCB),0.0
2017-07-26,Bandit Meta-Strategy (UCB),0.0
2017-07-27,Bandit Meta-Strategy (UCB),-9.656689625482629e-05
2017-07-28,Bandit Meta-Strategy (UCB),-0.001124755595017969
2017-07-31,Bandit Meta-Strategy (UCB),-0.0031715236718588492
2017-08-01,Bandit Meta-Strategy (UCB),0.0
2017-08-02,Bandit Meta-Strategy (UCB),0.0
2017-08-03,Bandit Meta-Strategy (UCB),0.0
2017-08-04,Bandit Meta-Strategy (UCB),0.0
2017-08-07,Bandit Meta-Strategy (UCB),0.0
2017-08-08,Bandit Meta-Strategy (UCB),-2.2255526484229273e-05
2017-08-09,Bandit Meta-Strategy (UCB),-0.001505360827015904
2017-08-10,Bandit Meta-Strategy (UCB),-0.015564930250203423
2017-08-11,Bandit Meta-Strategy (UCB),-0.016515808259899716
2017-08-14,Bandit Meta-Strategy (UCB),-0.007200963462671327
2017-08-15,Bandit Meta-Strategy (UCB),-0.006876557905948129
2017-08-16,Bandit Meta-Strategy (UCB),-0.006012500828142658
2017-08-17,Bandit Meta-Strategy (UCB),-0.01991746719112666
2017-08-18,Bandit Meta-Strategy (UCB),-0.021937135786192254
2017-08-21,Bandit Meta-Strategy (UCB),-0.02181907775460553
2017-08-22,Bandit Meta-Strategy (UCB),-0.012491299977143868
2017-08-23,Bandit Meta-Strategy (UCB),-0.014478014504777216
2017-08-24,Bandit Meta-Strategy (UCB),-0.01755569582762272
2017-08-25,Bandit Meta-Strategy (UCB),-0.017472720166359017
2017-08-28,Bandit Meta-Strategy (UCB),-0.016369499801264883
2017-08-29,Bandit Meta-Strategy (UCB),-0.014748390966367415
2017-08-30,Bandit Meta-Strategy (UCB),-0.012438488784028992
2017-08-31,Bandit Meta-Strategy (UCB),-0.008769944084453316
2017-09-01,Bandit Meta-Strategy (UCB),-0.007506922740864325
2017-09-05,Bandit Meta-Strategy (UCB),-0.01172698318786852
2017-09-06,Bandit Meta-Strategy (UCB),-0.007146608067861858
2017-09-07,Bandit Meta-Strategy (UCB),-0.005858109136665288
2017-09-08,Bandit Meta-Strategy (UCB),-0.011194709591654188
2017-09-11,Bandit Meta-Strategy (UCB),0.0
2017-09-12,Bandit Meta-Strategy (UCB),0.0
2017-09-13,Bandit Meta-Strategy (UCB),0.0
2017-09-14,Bandit Meta-Strategy (UCB),-0.0003002598673586249
2017-09-15,Bandit Meta-Strategy (UCB),0.0
2017-09-18,Bandit Meta-Strategy (UCB),0.0
2017-09-19,Bandit Meta-Strategy (UCB),0.0
2017-09-20,Bandit Meta-Strategy (UCB),0.0
2017-09-21,Bandit Meta-Strategy (UCB),-0.007105847134548114
2017-09-22,Bandit Meta-Strategy (UCB),-0.0110917176156495
2017-09-25,Bandit Meta-Strategy (UCB),-0.019308208198293614
2017-09-26,Bandit Meta-Strategy (UCB),-0.019047384685810066
2017-09-27,Bandit Meta-Strategy (UCB),-0.01682707932991209
2017-09-28,Bandit Meta-Strategy (UCB),-0.01588514676093944
2017-09-29,Bandit Meta-Strategy (UCB),-0.012510210653553002
2017-10-02,Bandit Meta-Strategy (UCB),-0.009897373758046307
2017-10-03,Bandit Meta-Strategy (UCB),-0.004274867263032742
2017-10-04,Bandit Meta-Strategy (UCB),-0.0028744388775890344
2017-10-05,Bandit Meta-Strategy (UCB),0.0
2017-10-06,Bandit Meta-Strategy (UCB),0.0
2017-10-09,Bandit Meta-Strategy (UCB),0.0
2017-10-10,Bandit Meta-Strategy (UCB),0.0
2017-10-11,Bandit Meta-Strategy (UCB),0.0
2017-10-12,Bandit Meta-Strategy (UCB),-0.0010454385626458757
2017-10-13,Bandit Meta-Strategy (UCB),0.0
2017-10-16,Bandit Meta-Strategy (UCB),0.0
2017-10-17,Bandit Meta-Strategy (UCB),0.0
2017-10-18,Bandit Meta-Strategy (UCB),-0.0012767919548529489
2017-10-19,Bandit Meta-Strategy (UCB),-0.0031368794716144016
2017-10-20,Bandit Meta-Strategy (UCB),-0.0035745002359414938
2017-10-23,Bandit Meta-Strategy (UCB),-0.005806741760995383
2017-10-24,Bandit Meta-Strategy (UCB),-0.004412940035005221
2017-10-25,Bandit Meta-Strategy (UCB),-0.0074380732813748626
2017-10-26,Bandit Meta-Strategy (UCB),-0.004654405407336606
2017-10-27,Bandit Meta-Strategy (UCB),0.0
2017-10-30,Bandit Meta-Strategy (UCB),-0.002819914719317282
2017-10-31,Bandit Meta-Strategy (UCB),-0.0035527352300744473
2017-11-01,Bandit Meta-Strategy (UCB),-0.0024513361773701244
2017-11-02,Bandit Meta-Strategy (UCB),-0.008661096849520915
2017-11-03,Bandit Meta-Strategy (UCB),-0.0011468009734590088
2017-11-06,Bandit Meta-Strategy (UCB),-0.0030530766702968355
2017-11-07,Bandit Meta-Strategy (UCB),0.0
2017-11-08,Bandit Meta-Strategy (UCB),0.0
2017-11-09,Bandit Meta-Strategy (UCB),-0.0038291520292470776
2017-11-10,Bandit Meta-Strategy (UCB),0.0
2017-11-13,Bandit Meta-Strategy (UCB),0.0
2017-11-14,Bandit Meta-Strategy (UCB),0.0
2017-11-15,Bandit Meta-Strategy (UCB),-0.009750219119113855
2017-11-16,Bandit Meta-Strategy (UCB),0.0
2017-11-17,Bandit Meta-Strategy (UCB),-0.007194625250437422
2017-11-20,Bandit Meta-Strategy (UCB),-0.004645028011650167
2017-11-21,Bandit Meta-Strategy (UCB),0.0
2017-11-22,Bandit Meta-Strategy (UCB),-0.0033996300496149413
2017-11-24,Bandit Meta-Strategy (UCB),0.0
2017-11-27,Bandit Meta-Strategy (UCB),0.0
2017-11-28,Bandit Meta-Strategy (UCB),0.0
2017-11-29,Bandit Meta-Strategy (UCB),-0.012293385130765777
2017-11-30,Bandit Meta-Strategy (UCB),-0.013035951176568864
2017-12-01,Bandit Meta-Strategy (UCB),-0.012585280855633475
2017-12-04,Bandit Meta-Strategy (UCB),-0.009246755199645212
2017-12-05,Bandit Meta-Strategy (UCB),-0.0130487643082136
2017-12-06,Bandit Meta-Strategy (UCB),-0.012698684859730346
2017-12-07,Bandit Meta-Strategy (UCB),-0.015579769261798772
2017-12-08,Bandit Meta-Strategy (UCB),-0.014415135795272815
2017-12-11,Bandit Meta-Strategy (UCB),-0.009050399414286805
2017-12-12,Bandit Meta-Strategy (UCB),-0.006323117287554728
2017-12-13,Bandit Meta-Strategy (UCB),-0.0030021719034359416
2017-12-14,Bandit Meta-Strategy (UCB),-0.002533175804175798
2017-12-15,Bandit Meta-Strategy (UCB),0.0
2017-12-18,Bandit Meta-Strategy (UCB),0.0
2017-12-19,Bandit Meta-Strategy (UCB),-0.0014518064828540165
2017-12-20,Bandit Meta-Strategy (UCB),-0.004801446100488308
2017-12-21,Bandit Meta-Strategy (UCB),-0.005529716155095094
2017-12-22,Bandit Meta-Strategy (UCB),-0.007135740957651851
2017-12-26,Bandit Meta-Strategy (UCB),-0.005874485124296841
2017-12-27,Bandit Meta-Strategy (UCB),-0.005833970618959656
2017-12-28,Bandit Meta-Strategy (UCB),-0.005070100258429772
2017-12-29,Bandit Meta-Strategy (UCB),-0.005424458205640142
2018-01-02,Bandit Meta-Strategy (UCB),0.0
2018-01-03,Bandit Meta-Strategy (UCB),0.0
2018-01-04,Bandit Meta-Strategy (UCB),0.0
2018-01-05,Bandit Meta-Strategy (UCB),0.0
2018-01-08,Bandit Meta-Strategy (UCB),0.0
2018-01-09,Bandit Meta-Strategy (UCB),0.0
2018-01-10,Bandit Meta-Strategy (UCB),-0.0011919330111073501
2018-01-11,Bandit Meta-Strategy (UCB),0.0
2018-01-12,Bandit Meta-Strategy (UCB),0.0
2018-01-16,Bandit Meta-Strategy (UCB),0.0
2018-01-17,Bandit Meta-Strategy (UCB),0.0
2018-01-18,Bandit Meta-Strategy (UCB),-0.0009785669619178055
2018-01-19,Bandit Meta-Strategy (UCB),0.0
2018-01-22,Bandit Meta-Strategy (UCB),0.0
2018-01-23,Bandit Meta-Strategy (UCB),-0.0028064557829749572
2018-01-24,Bandit Meta-Strategy (UCB),-0.001136856570515578
2018-01-25,Bandit Meta-Strategy (UCB),0.0
2018-01-26,Bandit Meta-Strategy (UCB),0.0
2018-01-29,Bandit Meta-Strategy (UCB),-0.005491902788462268
2018-01-30,Bandit Meta-Strategy (UCB),-0.017461000003777066
2018-01-31,Bandit Meta-Strategy (UCB),-0.017975955260920468
2018-02-01,Bandit Meta-Strategy (UCB),-0.019615218138000087
2018-02-02,Bandit Meta-Strategy (UCB),-0.036147347397462254
2018-02-05,Bandit Meta-Strategy (UCB),-0.07892119204511563
2018-02-06,Bandit Meta-Strategy (UCB),-0.063420594777669
2018-02-07,Bandit Meta-Strategy (UCB),-0.06603435828292512
2018-02-08,Bandit Meta-Strategy (UCB),-0.10044071771387807
2018-02-09,Bandit Meta-Strategy (UCB),-0.09259992795545847
2018-02-12,Bandit Meta-Strategy (UCB),-0.08010977401009625
2018-02-13,Bandit Meta-Strategy (UCB),-0.07496976587258238
2018-02-14,Bandit Meta-Strategy (UCB),-0.0679942932680237
2018-02-15,Bandit Meta-Strategy (UCB),-0.05568504209274709
2018-02-16,Bandit Meta-Strategy (UCB),-0.05264280414062796
2018-02-20,Bandit Meta-Strategy (UCB),-0.06697230482168309
2018-02-21,Bandit Meta-Strategy (UCB),-0.0760678348193819
2018-02-22,Bandit Meta-Strategy (UCB),-0.07175647070352248
2018-02-23,Bandit Meta-Strategy (UCB),-0.05949408693835227
2018-02-26,Bandit Meta-Strategy (UCB),-0.051318384779512914
2018-02-27,Bandit Meta-Strategy (UCB),-0.06326337805914274
2018-02-28,Bandit Meta-Strategy (UCB),-0.06365419050468202
2018-03-01,Bandit Meta-Strategy (UCB),-0.07459142368862978
2018-03-02,Bandit Meta-Strategy (UCB),-0.06811516552258592
2018-03-05,Bandit Meta-Strategy (UCB),-0.058646980455255
2018-03-06,Bandit Meta-Strategy (UCB),-0.0584674969023546
2018-03-07,Bandit Meta-Strategy (UCB),-0.062244453336268595
2018-03-08,Bandit Meta-Strategy (UCB),-0.05685178310443776
2018-03-09,Bandit Meta-Strategy (UCB),-0.044406207259464175
2018-03-12,Bandit Meta-Strategy (UCB),-0.044351626201773305
2018-03-13,Bandit Meta-Strategy (UCB),-0.049475962208816955
2018-03-14,Bandit Meta-Strategy (UCB),-0.05684699705744588
2018-03-15,Bandit Meta-Strategy (UCB),-0.056234874837060765
2018-03-16,Bandit Meta-Strategy (UCB),-0.05420780729225139
2018-03-19,Bandit Meta-Strategy (UCB),-0.06890378356147452
2018-03-20,Bandit Meta-Strategy (UCB),-0.06552528225780495
2018-03-21,Bandit Meta-Strategy (UCB),-0.0674500725984132
2018-03-22,Bandit Meta-Strategy (UCB),-0.08638034021986297
2018-03-23,Bandit Meta-Strategy (UCB),-0.10506394713436525
2018-03-26,Bandit Meta-Strategy (UCB),-0.08338433457307913
2018-03-27,Bandit Meta-Strategy (UCB),-0.0993894648245983
2018-03-28,Bandit Meta-Strategy (UCB),-0.10372736668683614
2018-03-29,Bandit Meta-Strategy (UCB),-0.08933259906875318
2018-04-02,Bandit Meta-Strategy (UCB),-0.11357060591595369
2018-04-03,Bandit Meta-Strategy (UCB),-0.09917164844742046
2018-04-04,Bandit Meta-Strategy (UCB),-0.08754297923495047
2018-04-05,Bandit Meta-Strategy (UCB),-0.08017525057287991
2018-04-06,Bandit Meta-Strategy (UCB),-0.09701930648773784
2018-04-09,Bandit Meta-Strategy (UCB),-0.09624198735926222
2018-04-10,Bandit Meta-Strategy (UCB),-0.08132811168331891
2018-04-11,Bandit Meta-Strategy (UCB),-0.08508809186019266
2018-04-12,Bandit Meta-Strategy (UCB),-0.08018587384659942
2018-04-13,Bandit Meta-Strategy (UCB),-0.07966273801210222
2018-04-16,Bandit Meta-Strategy (UCB),-0.07610423195908196
2018-04-17,Bandit Meta-Strategy (UCB),-0.06632703359756252
2018-04-18,Bandit Meta-Strategy (UCB),-0.06754542984757195
2018-04-19,Bandit Meta-Strategy (UCB),-0.07116748282837095
2018-04-20,Bandit Meta-Strategy (UCB),-0.0803363928102978
2018-04-23,Bandit Meta-Strategy (UCB),-0.08339753627216902
2018-04-24,Bandit Meta-Strategy (UCB),-0.09580582092641696
2018-04-25,Bandit Meta-Strategy (UCB),-0.09651698121908459
2018-04-26,Bandit Meta-Strategy (UCB),-0.08142605473392876
2018-04-27,Bandit Meta-Strategy (UCB),-0.08137352478153523
2018-04-30,Bandit Meta-Strategy (UCB),-0.08177326984472637
2018-05-01,Bandit Meta-Strategy (UCB),-0.08427695567599237
2018-05-02,Bandit Meta-Strategy (UCB),-0.0914695838700951
2018-05-03,Bandit Meta-Strategy (UCB),-0.0944505001061913
2018-05-04,Bandit Meta-Strategy (UCB),-0.0813382963390141
2018-05-07,Bandit Meta-Strategy (UCB),-0.0769980656640404
2018-05-08,Bandit Meta-Strategy (UCB),-0.07821164484709249
2018-05-09,Bandit Meta-Strategy (UCB),-0.07183186809998048
2018-05-10,Bandit Meta-Strategy (UCB),-0.06424691554533507
2018-05-11,Bandit Meta-Strategy (UCB),-0.06419089764623181
2018-05-14,Bandit Meta-Strategy (UCB),-0.06380901393809589
2018-05-15,Bandit Meta-Strategy (UCB),-0.07080323060002928
2018-05-16,Bandit Meta-Strategy (UCB),-0.06548944971352423
2018-05-17,Bandit Meta-Strategy (UCB),-0.06721862673458141
2018-05-18,Bandit Meta-Strategy (UCB),-0.07368952653238507
2018-05-21,Bandit Meta-Strategy (UCB),-0.06637654714427546
2018-05-22,Bandit Meta-Strategy (UCB),-0.0705473960432366
2018-05-23,Bandit Meta-Strategy (UCB),-0.06622904556249676
2018-05-24,Bandit Meta-Strategy (UCB),-0.07079038458293171
2018-05-25,Bandit Meta-Strategy (UCB),-0.07098238251074505
2018-05-29,Bandit Meta-Strategy (UCB),-0.07670071653514
2018-05-30,Bandit Meta-Strategy (UCB),-0.06298780527826757
2018-05-31,Bandit Meta-Strategy (UCB),-0.07220639133678224
2018-06-01,Bandit Meta-Strategy (UCB),-0.06344421434676935
2018-06-04,Bandit Meta-Strategy (UCB),-0.05395903577680635
2018-06-05,Bandit Meta-Strategy (UCB),-0.055974332520054966
2018-06-06,Bandit Meta-Strategy (UCB),-0.043932470957420464
2018-06-07,Bandit Meta-Strategy (UCB),-0.04123435159391003
2018-06-08,Bandit Meta-Strategy (UCB),-0.0352399116892746
2018-06-11,Bandit Meta-Strategy (UCB),-0.03289518448481103
2018-06-12,Bandit Meta-Strategy (UCB),-0.030974789555373063
2018-06-13,Bandit Meta-Strategy (UCB),-0.0308824854449996
2018-06-14,Bandit Meta-Strategy (UCB),-0.026518016704823646
2018-06-15,Bandit Meta-Strategy (UCB),-0.024389261007085897
2018-06-18,Bandit Meta-Strategy (UCB),-0.028587294310354738
2018-06-19,Bandit Meta-Strategy (UCB),-0.0298218009292462
2018-06-20,Bandit Meta-Strategy (UCB),-0.026415086473845162
2018-06-21,Bandit Meta-Strategy (UCB),-0.03169956053569073
2018-06-22,Bandit Meta-Strategy (UCB),-0.031360528512241775
2018-06-25,Bandit Meta-Strategy (UCB),-0.04210604872125842
2018-06-26,Bandit Meta-Strategy (UCB),-0.03627896263295696
2018-06-27,Bandit Meta-Strategy (UCB),-0.04124189638009432
2018-06-28,Bandit Meta-Strategy (UCB),-0.03338722293287892
2018-06-29,Bandit Meta-Strategy (UCB),-0.03608888534124002
2018-07-02,Bandit Meta-Strategy (UCB),-0.03600051483238604
2018-07-03,Bandit Meta-Strategy (UCB),-0.04468800012243877
2018-07-05,Bandit Meta-Strategy (UCB),-0.034174148102723685
2018-07-06,Bandit Meta-Strategy (UCB),-0.03023063899627082
2018-07-09,Bandit Meta-Strategy (UCB),-0.023804184168701586
2018-07-10,Bandit Meta-Strategy (UCB),-0.014252813716762146
2018-07-11,Bandit Meta-Strategy (UCB),-0.018377357676721377
2018-07-12,Bandit Meta-Strategy (UCB),-0.014704043551795236
2018-07-13,Bandit Meta-Strategy (UCB),-0.01304200932466113
2018-07-16,Bandit Meta-Strategy (UCB),-0.012288349607366272
2018-07-17,Bandit Meta-Strategy (UCB),-0.004444635030324959
2018-07-18,Bandit Meta-Strategy (UCB),-0.006286494090097889
2018-07-19,Bandit Meta-Strategy (UCB),-0.013740953597297557
2018-07-20,Bandit Meta-Strategy (UCB),-0.01472018523656536
2018-07-23,Bandit Meta-Strategy (UCB),-0.016910848905593204
2018-07-24,Bandit Meta-Strategy (UCB),-0.011234205714674254
2018-07-25,Bandit Meta-Strategy (UCB),-0.0012410396855056897
2018-07-26,Bandit Meta-Strategy (UCB),-0.001107990982739512
2018-07-27,Bandit Meta-Strategy (UCB),-0.005625241334347643
2018-07-30,Bandit Meta-Strategy (UCB),-0.012991209059410898
2018-07-31,Bandit Meta-Strategy (UCB),-0.01330132348540038
2018-08-01,Bandit Meta-Strategy (UCB),-0.013006448030748536
2018-08-02,Bandit Meta-Strategy (UCB),0.0
2018-08-03,Bandit Meta-Strategy (UCB),0.0
2018-08-06,Bandit Meta-Strategy (UCB),0.0
2018-08-07,Bandit Meta-Strategy (UCB),0.0
2018-08-08,Bandit Meta-Strategy (UCB),-0.00301633870477497
2018-08-09,Bandit Meta-Strategy (UCB),-0.010407310110065364
2018-08-10,Bandit Meta-Strategy (UCB),-0.014249022200123583
2018-08-13,Bandit Meta-Strategy (UCB),-0.0177117732329669
2018-08-14,Bandit Meta-Strategy (UCB),-0.01623682426315469
2018-08-15,Bandit Meta-Strategy (UCB),-0.021277783806714846
2018-08-16,Bandit Meta-Strategy (UCB),-0.009385088603499884
2018-08-17,Bandit Meta-Strategy (UCB),-0.01592067432031107
2018-08-20,Bandit Meta-Strategy (UCB),-0.015329392632200685
2018-08-21,Bandit Meta-Strategy (UCB),-0.01103866184919536
2018-08-22,Bandit Meta-Strategy (UCB),-0.010220760720462456
2018-08-23,Bandit Meta-Strategy (UCB),-0.012703940197792194
2018-08-24,Bandit Meta-Strategy (UCB),-0.006677526692431656
2018-08-27,Bandit Meta-Strategy (UCB),-0.0033130771412240656
2018-08-28,Bandit Meta-Strategy (UCB),-0.003330604203184481
2018-08-29,Bandit Meta-Strategy (UCB),-0.0017881193827168755
2018-08-30,Bandit Meta-Strategy (UCB),-0.0023044665186805553
2018-08-31,Bandit Meta-Strategy (UCB),-0.005121598307724284
2018-09-04,Bandit Meta-Strategy (UCB),-0.010208992084608895
2018-09-05,Bandit Meta-Strategy (UCB),-0.015552040094029102
2018-09-06,Bandit Meta-Strategy (UCB),-0.019812637781018758
2018-09-07,Bandit Meta-Strategy (UCB),-0.02391238279746516
2018-09-10,Bandit Meta-Strategy (UCB),-0.01699701865878797
2018-09-11,Bandit Meta-Strategy (UCB),-0.014394575827094204
2018-09-12,Bandit Meta-Strategy (UCB),-0.01077464404839571
2018-09-13,Bandit Meta-Strategy (UCB),-0.010460113204711017
2018-09-14,Bandit Meta-Strategy (UCB),-0.010305139084747167
2018-09-17,Bandit Meta-Strategy (UCB),-0.013779114544158812
2018-09-18,Bandit Meta-Strategy (UCB),-0.01121036453151895
2018-09-19,Bandit Meta-Strategy (UCB),-0.006405910729913843
2018-09-20,Bandit Meta-Strategy (UCB),0.0
2018-09-21,Bandit Meta-Strategy (UCB),-0.0024785711136049954
2018-09-24,Bandit Meta-Strategy (UCB),-0.0031584700251962444
2018-09-25,Bandit Meta-Strategy (UCB),-0.004260028764966431
2018-09-26,Bandit Meta-Strategy (UCB),-0.0010670035232136451
2018-09-27,Bandit Meta-Strategy (UCB),0.0
2018-09-28,Bandit Meta-Strategy (UCB),-0.009602774936096825
2018-10-01,Bandit Meta-Strategy (UCB),0.0
2018-10-02,Bandit Meta-Strategy (UCB),-0.0009479365146959045
2018-10-03,Bandit Meta-Strategy (UCB),-0.0061814983925019265
2018-10-04,Bandit Meta-Strategy (UCB),-0.018838245875241733
2018-10-05,Bandit Meta-Strategy (UCB),-0.029165444823616767
2018-10-08,Bandit Meta-Strategy (UCB),-0.02866852852002145
2018-10-09,Bandit Meta-Strategy (UCB),-0.021957582951405985
2018-10-10,Bandit Meta-Strategy (UCB),-0.050799163644199896
2018-10-11,Bandit Meta-Strategy (UCB),-0.07118475906750257
2018-10-12,Bandit Meta-Strategy (UCB),-0.05736734758082835
2018-10-15,Bandit Meta-Strategy (UCB),-0.060906502289835164
2018-10-16,Bandit Meta-Strategy (UCB),-0.03844876916584514
2018-10-17,Bandit Meta-Strategy (UCB),-0.0307860112685895
2018-10-18,Bandit Meta-Strategy (UCB),-0.047471268711888455
2018-10-19,Bandit Meta-Strategy (UCB),-0.030487588526241526
2018-10-22,Bandit Meta-Strategy (UCB),-0.03389176621783864
2018-10-23,Bandit Meta-Strategy (UCB),-0.02835104088027435
2018-10-24,Bandit Meta-Strategy (UCB),-0.04963337784489239
2018-10-25,Bandit Meta-Strategy (UCB),-0.02863189860364256
2018-10-26,Bandit Meta-Strategy (UCB),-0.04381850885610714
2018-10-29,Bandit Meta-Strategy (UCB),-0.049307576700825466
2018-10-30,Bandit Meta-Strategy (UCB),-0.037604231983915604
2018-10-31,Bandit Meta-Strategy (UCB),-0.027397103839731075
2018-11-01,Bandit Meta-Strategy (UCB),-0.015182894069442704
2018-11-02,Bandit Meta-Strategy (UCB),-0.01735758141161134
2018-11-05,Bandit Meta-Strategy (UCB),-0.012643454716545408
2018-11-06,Bandit Meta-Strategy (UCB),-0.008977801689329894
2018-11-07,Bandit Meta-Strategy (UCB),0.0
2018-11-08,Bandit Meta-Strategy (UCB),-0.0036895420120565945
2018-11-09,Bandit Meta-Strategy (UCB),-0.005028484606934108
2018-11-12,Bandit Meta-Strategy (UCB),-0.021797947901260554
2018-11-13,Bandit Meta-Strategy (UCB),-0.02096341875105799
2018-11-14,Bandit Meta-Strategy (UCB),-0.025552816645315425
2018-11-15,Bandit Meta-Strategy (UCB),-0.021653762503318647
2018-11-16,Bandit Meta-Strategy (UCB),-0.0277128066235265
2018-11-19,Bandit Meta-Strategy (UCB),-0.04131129445289012
2018-11-20,Bandit Meta-Strategy (UCB),-0.057756837259397203
2018-11-21,Bandit Meta-Strategy (UCB),-0.061325485371182396
2018-11-23,Bandit Meta-Strategy (UCB),-0.06768603070640687
2018-11-26,Bandit Meta-Strategy (UCB),-0.053174184794301596
2018-11-27,Bandit Meta-Strategy (UCB),-0.04795008646936754
2018-11-28,Bandit Meta-Strategy (UCB),-0.02844285028008807
2018-11-29,Bandit Meta-Strategy (UCB),-0.03073736647689996
2018-11-30,Bandit Meta-Strategy (UCB),-0.031135417027719253
2018-12-03,Bandit Meta-Strategy (UCB),-0.024936679960936247
2018-12-04,Bandit Meta-Strategy (UCB),-0.04731178148073453
2018-12-06,Bandit Meta-Strategy (UCB),-0.04536309099699581
2018-12-07,Bandit Meta-Strategy (UCB),-0.06602211395274822
2018-12-10,Bandit Meta-Strategy (UCB),-0.05866525002566582
2018-12-11,Bandit Meta-Strategy (UCB),-0.058417171777100894
2018-12-12,Bandit Meta-Strategy (UCB),-0.054743663445709426
2018-12-13,Bandit Meta-Strategy (UCB),-0.0460499486628529
2018-12-14,Bandit Meta-Strategy (UCB),-0.06317905446101667
2018-12-17,Bandit Meta-Strategy (UCB),-0.08637211539587965
2018-12-18,Bandit Meta-Strategy (UCB),-0.08451827956188952
2018-12-19,Bandit Meta-Strategy (UCB),-0.10247813233508675
2018-12-20,Bandit Meta-Strategy (UCB),-0.11683961244917242
2018-12-21,Bandit Meta-Strategy (UCB),-0.1326425492786814
2018-12-24,Bandit Meta-Strategy (UCB),-0.16108462188873818
2018-12-26,Bandit Meta-Strategy (UCB),-0.11678855650575548
2018-12-27,Bandit Meta-Strategy (UCB),-0.11039867702384953
2018-12-28,Bandit Meta-Strategy (UCB),-0.10973477500044256
2018-12-31,Bandit Meta-Strategy (UCB),-0.10204875871584168
2019-01-02,Bandit Meta-Strategy (UCB),-0.10274887334287403
2019-01-03,Bandit Meta-Strategy (UCB),-0.12030446762988142
2019-01-04,Bandit Meta-Strategy (UCB),-0.08924034902410564
2019-01-07,Bandit Meta-Strategy (UCB),-0.0799105544295629
2019-01-08,Bandit Meta-Strategy (UCB),-0.07132994341811995
2019-01-09,Bandit Meta-Strategy (UCB),-0.07242568519244219
2019-01-10,Bandit Meta-Strategy (UCB),-0.069536993778259
2019-01-11,Bandit Meta-Strategy (UCB),-0.0642542258229215
2019-01-14,Bandit Meta-Strategy (UCB),-0.06938007494679732
2019-01-15,Bandit Meta-Strategy (UCB),-0.05451900730371116
2019-01-16,Bandit Meta-Strategy (UCB),-0.057498177341650115
2019-01-17,Bandit Meta-Strategy (UCB),-0.05406594139745525
2019-01-18,Bandit Meta-Strategy (UCB),-0.05555565197317055
2019-01-22,Bandit Meta-Strategy (UCB),-0.06924024274494991
2019-01-23,Bandit Meta-Strategy (UCB),-0.06407780752299595
2019-01-24,Bandit Meta-Strategy (UCB),-0.06407032688254109
2019-01-25,Bandit Meta-Strategy (UCB),-0.05825136340463422
2019-01-28,Bandit Meta-Strategy (UCB),-0.0687613030053381
2019-01-29,Bandit Meta-Strategy (UCB),-0.07266931789850818
2019-01-30,Bandit Meta-Strategy (UCB),-0.05602357938947369
2019-01-31,Bandit Meta-Strategy (UCB),-0.03695485102484589
2019-02-01,Bandit Meta-Strategy (UCB),-0.03358209822455182
2019-02-04,Bandit Meta-Strategy (UCB),-0.02408383598962432
2019-02-05,Bandit Meta-Strategy (UCB),-0.019111018901468844
2019-02-06,Bandit Meta-Strategy (UCB),-0.02065066876029291
2019-02-07,Bandit Meta-Strategy (UCB),-0.03158081695573756
2019-02-08,Bandit Meta-Strategy (UCB),-0.030088609002441036
2019-02-11,Bandit Meta-Strategy (UCB),-0.030843560884706703
2019-02-12,Bandit Meta-Strategy (UCB),-0.020448683974823766
2019-02-13,Bandit Meta-Strategy (UCB),-0.020720321027057297
2019-02-14,Bandit Meta-Strategy (UCB),-0.02942981091446934
2019-02-15,Bandit Meta-Strategy (UCB),-0.024496601821562082
2019-02-19,Bandit Meta-Strategy (UCB),-0.01937333565178539
2019-02-20,Bandit Meta-Strategy (UCB),-0.0218965409635274
2019-02-21,Bandit Meta-Strategy (UCB),-0.02553485102692641
2019-02-22,Bandit Meta-Strategy (UCB),-0.0186800867654356
2019-02-25,Bandit Meta-Strategy (UCB),-0.018707947336104813
2019-02-26,Bandit Meta-Strategy (UCB),-0.019647387489857056
2019-02-27,Bandit Meta-Strategy (UCB),-0.020055077076890186
2019-02-28,Bandit Meta-Strategy (UCB),-0.02046624829171236
2019-03-01,Bandit Meta-Strategy (UCB),-0.02194211117168966
2019-03-04,Bandit Meta-Strategy (UCB),-0.02109974132519121
2019-03-05,Bandit Meta-Strategy (UCB),-0.020318260468462135
2019-03-06,Bandit Meta-Strategy (UCB),-0.02417975332916242
2019-03-07,Bandit Meta-Strategy (UCB),-0.03234798123869763
2019-03-08,Bandit Meta-Strategy (UCB),-0.0334795629389351
2019-03-11,Bandit Meta-Strategy (UCB),-0.01465596633917362
2019-03-12,Bandit Meta-Strategy (UCB),-0.014430778162069714
2019-03-13,Bandit Meta-Strategy (UCB),-0.006094687450227185
2019-03-14,Bandit Meta-Strategy (UCB),-0.011555249978997463
2019-03-15,Bandit Meta-Strategy (UCB),-0.011875811436434206
2019-03-18,Bandit Meta-Strategy (UCB),-0.012783453608072563
2019-03-19,Bandit Meta-Strategy (UCB),-0.009722833514037793
2019-03-20,Bandit Meta-Strategy (UCB),-0.010347415825513556
2019-03-21,Bandit Meta-Strategy (UCB),-0.0041203768687379265
2019-03-22,Bandit Meta-Strategy (UCB),-0.017869998507282263
2019-03-25,Bandit Meta-Strategy (UCB),-0.01898745117807582
2019-03-26,Bandit Meta-Strategy (UCB),-0.009333239941189746
2019-03-27,Bandit Meta-Strategy (UCB),-0.012636518547524445
2019-03-28,Bandit Meta-Strategy (UCB),-0.009057461733001888
2019-03-29,Bandit Meta-Strategy (UCB),-0.0032846244592238446
2019-04-01,Bandit Meta-Strategy (UCB),0.0
2019-04-02,Bandit Meta-Strategy (UCB),0.0
2019-04-03,Bandit Meta-Strategy (UCB),0.0
2019-04-04,Bandit Meta-Strategy (UCB),-0.0006056376872123804
2019-04-05,Bandit Meta-Strategy (UCB),0.0
2019-04-08,Bandit Meta-Strategy (UCB),0.0
2019-04-09,Bandit Meta-Strategy (UCB),-0.002014530829786731
2019-04-10,Bandit Meta-Strategy (UCB),0.0
2019-04-11,Bandit Meta-Strategy (UCB),-7.596768878814889e-05
2019-04-12,Bandit Meta-Strategy (UCB),0.0
2019-04-15,Bandit Meta-Strategy (UCB),0.0
2019-04-16,Bandit Meta-Strategy (UCB),0.0
2019-04-17,Bandit Meta-Strategy (UCB),0.0
2019-04-18,Bandit Meta-Strategy (UCB),0.0
2019-04-22,Bandit Meta-Strategy (UCB),0.0
2019-04-23,Bandit Meta-Strategy (UCB),0.0
2019-04-24,Bandit Meta-Strategy (UCB),-0.002074018615100213
2019-04-25,Bandit Meta-Strategy (UCB),-0.0011188345609684988
2019-04-26,Bandit Meta-Strategy (UCB),-0.0008363632393836842
2019-04-29,Bandit Meta-Strategy (UCB),0.0
2019-04-30,Bandit Meta-Strategy (UCB),0.0
2019-05-01,Bandit Meta-Strategy (UCB),-0.0069137453562221
2019-05-02,Bandit Meta-Strategy (UCB),-0.0057970062348801496
2019-05-03,Bandit Meta-Strategy (UCB),0.0
2019-05-06,Bandit Meta-Strategy (UCB),-0.0039056671045998082
2019-05-07,Bandit Meta-Strategy (UCB),-0.019927587459273984
2019-05-08,Bandit Meta-Strategy (UCB),-0.021766169326997216
2019-05-09,Bandit Meta-Strategy (UCB),-0.029279881374881345
2019-05-10,Bandit Meta-Strategy (UCB),-0.022814102444351295
2019-05-13,Bandit Meta-Strategy (UCB),-0.04370042472567932
2019-05-14,Bandit Meta-Strategy (UCB),-0.03720345255423813
2019-05-15,Bandit Meta-Strategy (UCB),-0.03038264132750684
2019-05-16,Bandit Meta-Strategy (UCB),-0.021674298055891737
2019-05-17,Bandit Meta-Strategy (UCB),-0.030960868667925242
2019-05-20,Bandit Meta-Strategy (UCB),-0.036684608516585206
2019-05-21,Bandit Meta-Strategy (UCB),-0.03538122112244479
2019-05-22,Bandit Meta-Strategy (UCB),-0.03280605947234984
2019-05-23,Bandit Meta-Strategy (UCB),-0.04013178325360543
2019-05-24,Bandit Meta-Strategy (UCB),-0.040003564703570776
2019-05-28,Bandit Meta-Strategy (UCB),-0.04636209960125318
2019-05-29,Bandit Meta-Strategy (UCB),-0.054563596929981945
2019-05-30,Bandit Meta-Strategy (UCB),-0.05145448569976111
2019-05-31,Bandit Meta-Strategy (UCB),-0.06435058543939479
2019-06-03,Bandit Meta-Strategy (UCB),-0.06846688487694508
2019-06-04,Bandit Meta-Strategy (UCB),-0.05022866089059183
2019-06-05,Bandit Meta-Strategy (UCB),-0.0399958067753521
2019-06-06,Bandit Meta-Strategy (UCB),-0.031002595338684838
2019-06-07,Bandit Meta-Strategy (UCB),-0.022600459704931228
2019-06-10,Bandit Meta-Strategy (UCB),-0.01641761336058639
2019-06-11,Bandit Meta-Strategy (UCB),-0.013158972785633166
2019-06-12,Bandit Meta-Strategy (UCB),-0.014803104918416481
2019-06-13,Bandit Meta-Strategy (UCB),-0.012215576173182117
2019-06-14,Bandit Meta-Strategy (UCB),-0.01024218593178999
2019-06-17,Bandit Meta-Strategy (UCB),-0.006519354233056259
2019-06-18,Bandit Meta-Strategy (UCB),-0.002822106000809475
2019-06-19,Bandit Meta-Strategy (UCB),0.0
2019-06-20,Bandit Meta-Strategy (UCB),0.0
2019-06-21,Bandit Meta-Strategy (UCB),-0.0006975342568594154
2019-06-24,Bandit Meta-Strategy (UCB),0.0
2019-06-25,Bandit Meta-Strategy (UCB),-0.0075268666894205034
2019-06-26,Bandit Meta-Strategy (UCB),-0.011028805637844434
2019-06-27,Bandit Meta-Strategy (UCB),-0.00770999768904361
2019-06-28,Bandit Meta-Strategy (UCB),-0.004194211401309912
2019-07-01,Bandit Meta-Strategy (UCB),0.0
2019-07-02,Bandit Meta-Strategy (UCB),0.0
2019-07-03,Bandit Meta-Strategy (UCB),0.0
2019-07-05,Bandit Meta-Strategy (UCB),-0.0036616433415719817
2019-07-08,Bandit Meta-Strategy (UCB),-0.00582863195754463
2019-07-09,Bandit Meta-Strategy (UCB),-0.005214802415002205
2019-07-10,Bandit Meta-Strategy (UCB),0.0
2019-07-11,Bandit Meta-Strategy (UCB),0.0
2019-07-12,Bandit Meta-Strategy (UCB),0.0
2019-07-15,Bandit Meta-Strategy (UCB),0.0
2019-07-16,Bandit Meta-Strategy (UCB),-0.0018451882283643409
2019-07-17,Bandit Meta-Strategy (UCB),-0.003460863552293472
2019-07-18,Bandit Meta-Strategy (UCB),-0.00680455224176206
2019-07-19,Bandit Meta-Strategy (UCB),-0.014779657505313928
2019-07-22,Bandit Meta-Strategy (UCB),-0.013131464170344859
2019-07-23,Bandit Meta-Strategy (UCB),-0.000272479308499659
2019-07-24,Bandit Meta-Strategy (UCB),0.0
2019-07-25,Bandit Meta-Strategy (UCB),-0.010691654758732948
2019-07-26,Bandit Meta-Strategy (UCB),-0.0001828209548915918
2019-07-29,Bandit Meta-Strategy (UCB),-0.0021026736864665774
2019-07-30,Bandit Meta-Strategy (UCB),-0.001425192688290674
2019-07-31,Bandit Meta-Strategy (UCB),-0.0017550503819518774
2019-08-01,Bandit Meta-Strategy (UCB),-0.013669234870757361
2019-08-02,Bandit Meta-Strategy (UCB),-0.0165008682042679
2019-08-05,Bandit Meta-Strategy (UCB),-0.044032754886398316
2019-08-06,Bandit Meta-Strategy (UCB),-0.03280373306721966
2019-08-07,Bandit Meta-Strategy (UCB),-0.03159907384297851
2019-08-08,Bandit Meta-Strategy (UCB),-0.015990344116847535
2019-08-09,Bandit Meta-Strategy (UCB),-0.023810054503696606
2019-08-12,Bandit Meta-Strategy (UCB),-0.03625915183841361
2019-08-13,Bandit Meta-Strategy (UCB),-0.024513582499524067
2019-08-14,Bandit Meta-Strategy (UCB),-0.050448093413534296
2019-08-15,Bandit Meta-Strategy (UCB),-0.03857218957152293
2019-08-16,Bandit Meta-Strategy (UCB),-0.025828262266906918
2019-08-19,Bandit Meta-Strategy (UCB),-0.013532679225181341
2019-08-20,Bandit Meta-Strategy (UCB),-0.025300871919954886
2019-08-21,Bandit Meta-Strategy (UCB),-0.021929615212680404
2019-08-22,Bandit Meta-Strategy (UCB),-0.02050053252704132
2019-08-23,Bandit Meta-Strategy (UCB),-0.04346346447782587
2019-08-26,Bandit Meta-Strategy (UCB),-0.031038476999412264
2019-08-27,Bandit Meta-Strategy (UCB),-0.030156394679847938
2019-08-28,Bandit Meta-Strategy (UCB),-0.0246061693776398
2019-08-29,Bandit Meta-Strategy (UCB),-0.015614813287338717
2019-08-30,Bandit Meta-Strategy (UCB),-0.015081021755015427
2019-09-03,Bandit Meta-Strategy (UCB),-0.015723352312952132
2019-09-04,Bandit Meta-Strategy (UCB),-0.007107760398374924
2019-09-05,Bandit Meta-Strategy (UCB),0.0
2019-09-06,Bandit Meta-Strategy (UCB),-0.0025916680188437136
2019-09-09,Bandit Meta-Strategy (UCB),-0.0010484990806360625
2019-09-10,Bandit Meta-Strategy (UCB),-0.0022538262634470706
2019-09-11,Bandit Meta-Strategy (UCB),0.0
2019-09-12,Bandit Meta-Strategy (UCB),0.0
2019-09-13,Bandit Meta-Strategy (UCB),-0.0016804239875093882
2019-09-16,Bandit Meta-Strategy (UCB),-0.01104098865771675
2019-09-17,Bandit Meta-Strategy (UCB),-0.006551191583641536
2019-09-18,Bandit Meta-Strategy (UCB),-0.006149639263901114
2019-09-19,Bandit Meta-Strategy (UCB),-0.006103870636147198
2019-09-20,Bandit Meta-Strategy (UCB),-0.012111449973718876
2019-09-23,Bandit Meta-Strategy (UCB),-0.011056997469169414
2019-09-24,Bandit Meta-Strategy (UCB),-0.020315253766018008
2019-09-25,Bandit Meta-Strategy (UCB),-0.015766113258441187
2019-09-26,Bandit Meta-Strategy (UCB),-0.014545139944606638
2019-09-27,Bandit Meta-Strategy (UCB),-0.016689744689008006
2019-09-30,Bandit Meta-Strategy (UCB),-0.015301729859893502
2019-10-01,Bandit Meta-Strategy (UCB),-0.018529104768620342
2019-10-02,Bandit Meta-Strategy (UCB),-0.032473963297740736
2019-10-03,Bandit Meta-Strategy (UCB),-0.02755091427799799
2019-10-04,Bandit Meta-Strategy (UCB),-0.013954079293849609
2019-10-07,Bandit Meta-Strategy (UCB),-0.0172255608655181
2019-10-08,Bandit Meta-Strategy (UCB),-0.027217739636028405
2019-10-09,Bandit Meta-Strategy (UCB),-0.020980920930123638
2019-10-10,Bandit Meta-Strategy (UCB),-0.016902305380454688
2019-10-11,Bandit Meta-Strategy (UCB),-0.01026021573683083
2019-10-14,Bandit Meta-Strategy (UCB),-0.009859062531809694
2019-10-15,Bandit Meta-Strategy (UCB),-0.0037560193076964163
2019-10-16,Bandit Meta-Strategy (UCB),-0.0009550279689891945
2019-10-17,Bandit Meta-Strategy (UCB),0.0
2019-10-18,Bandit Meta-Strategy (UCB),-0.011053505700902057
2019-10-21,Bandit Meta-Strategy (UCB),-0.005827639731680255
2019-10-22,Bandit Meta-Strategy (UCB),-0.006415151606123515
2019-10-23,Bandit Meta-Strategy (UCB),-0.0010067703988778413
2019-10-24,Bandit Meta-Strategy (UCB),0.0
2019-10-25,Bandit Meta-Strategy (UCB),0.0
2019-10-28,Bandit Meta-Strategy (UCB),0.0
2019-10-29,Bandit Meta-Strategy (UCB),-0.005709727749099994
2019-10-30,Bandit Meta-Strategy (UCB),0.0
2019-10-31,Bandit Meta-Strategy (UCB),-0.0015173201496014362
2019-11-01,Bandit Meta-Strategy (UCB),0.0
2019-11-04,Bandit Meta-Strategy (UCB),-0.0036839263439214834
2019-11-05,Bandit Meta-Strategy (UCB),-0.0065584087153193835
2019-11-06,Bandit Meta-Strategy (UCB),-0.0018591821271395379
2019-11-07,Bandit Meta-Strategy (UCB),0.0
2019-11-08,Bandit Meta-Strategy (UCB),0.0
2019-11-11,Bandit Meta-Strategy (UCB),-0.001400710967787455
2019-11-12,Bandit Meta-Strategy (UCB),0.0
2019-11-13,Bandit Meta-Strategy (UCB),0.0
2019-11-14,Bandit Meta-Strategy (UCB),0.0
2019-11-15,Bandit Meta-Strategy (UCB),0.0
2019-11-18,Bandit Meta-Strategy (UCB),0.0
2019-11-19,Bandit Meta-Strategy (UCB),0.0
2019-11-20,Bandit Meta-Strategy (UCB),-0.0028955992492091212
2019-11-21,Bandit Meta-Strategy (UCB),-0.0018330977589599549
2019-11-22,Bandit Meta-Strategy (UCB),-0.004137242179147212
2019-11-25,Bandit Meta-Strategy (UCB),0.0
2019-11-26,Bandit Meta-Strategy (UCB),0.0
2019-11-27,Bandit Meta-Strategy (UCB),0.0
2019-11-29,Bandit Meta-Strategy (UCB),-0.0025406004505781773
2019-12-02,Bandit Meta-Strategy (UCB),-0.004064339960520144
2019-12-03,Bandit Meta-Strategy (UCB),-0.007813437598362918
2019-12-04,Bandit Meta-Strategy (UCB),-0.002809318298684916
2019-12-05,Bandit Meta-Strategy (UCB),-0.0037214999812060176
2019-12-06,Bandit Meta-Strategy (UCB),0.0
2019-12-09,Bandit Meta-Strategy (UCB),-0.0007504507171110548
2019-12-10,Bandit Meta-Strategy (UCB),-0.0011875837352307314
2019-12-11,Bandit Meta-Strategy (UCB),0.0
2019-12-12,Bandit Meta-Strategy (UCB),0.0
2019-12-13,Bandit Meta-Strategy (UCB),0.0
2019-12-16,Bandit Meta-Strategy (UCB),0.0
2019-12-17,Bandit Meta-Strategy (UCB),0.0
2019-12-18,Bandit Meta-Strategy (UCB),0.0
2019-12-19,Bandit Meta-Strategy (UCB),0.0
2019-12-20,Bandit Meta-Strategy (UCB),0.0
2019-12-23,Bandit Meta-Strategy (UCB),0.0
2019-12-24,Bandit Meta-Strategy (UCB),0.0
2019-12-26,Bandit Meta-Strategy (UCB),0.0
2019-12-27,Bandit Meta-Strategy (UCB),0.0
2019-12-30,Bandit Meta-Strategy (UCB),-0.01087157914508605
2019-12-31,Bandit Meta-Strategy (UCB),-0.007563075538186924
2020-01-02,Bandit Meta-Strategy (UCB),-0.00045807877098657515
2020-01-03,Bandit Meta-Strategy (UCB),-0.0059525494066640094
2020-01-06,Bandit Meta-Strategy (UCB),-0.0018721091052207892
2020-01-07,Bandit Meta-Strategy (UCB),-0.0011576638731334258
2020-01-08,Bandit Meta-Strategy (UCB),0.0
2020-01-09,Bandit Meta-Strategy (UCB),0.0
2020-01-10,Bandit Meta-Strategy (UCB),-0.0015086031510591748
2020-01-13,Bandit Meta-Strategy (UCB),0.0
2020-01-14,Bandit Meta-Strategy (UCB),0.0
2020-01-15,Bandit Meta-Strategy (UCB),-0.0014393242930625728
2020-01-16,Bandit Meta-Strategy (UCB),0.0
2020-01-17,Bandit Meta-Strategy (UCB),0.0
2020-01-21,Bandit Meta-Strategy (UCB),0.0
2020-01-22,Bandit Meta-Strategy (UCB),0.0
2020-01-23,Bandit Meta-Strategy (UCB),0.0
2020-01-24,Bandit Meta-Strategy (UCB),-0.008017922303266853
2020-01-27,Bandit Meta-Strategy (UCB),-0.015159949047952093
2020-01-28,Bandit Meta-Strategy (UCB),-0.010549712833394558
2020-01-29,Bandit Meta-Strategy (UCB),-0.009176249124958633
2020-01-30,Bandit Meta-Strategy (UCB),0.0
2020-01-31,Bandit Meta-Strategy (UCB),-0.00043423765963761013
2020-02-03,Bandit Meta-Strategy (UCB),0.0
2020-02-04,Bandit Meta-Strategy (UCB),0.0
2020-02-05,Bandit Meta-Strategy (UCB),-0.007100599391194635
2020-02-06,Bandit Meta-Strategy (UCB),-0.004816418233322508
2020-02-07,Bandit Meta-Strategy (UCB),-0.008883256743572644
2020-02-10,Bandit Meta-Strategy (UCB),-0.004304507725504244
2020-02-11,Bandit Meta-Strategy (UCB),-0.0056520835022380355
2020-02-12,Bandit Meta-Strategy (UCB),-0.004257078267980745
2020-02-13,Bandit Meta-Strategy (UCB),-0.0010074158642884952
2020-02-14,Bandit Meta-Strategy (UCB),0.0
2020-02-18,Bandit Meta-Strategy (UCB),0.0
2020-02-19,Bandit Meta-Strategy (UCB),0.0
2020-02-20,Bandit Meta-Strategy (UCB),-0.004613891675001653
2020-02-21,Bandit Meta-Strategy (UCB),-0.008358320819302859
2020-02-24,Bandit Meta-Strategy (UCB),-0.04418413028355899
2020-02-25,Bandit Meta-Strategy (UCB),-0.06672807823736718
2020-02-26,Bandit Meta-Strategy (UCB),-0.07105618857838372
2020-02-27,Bandit Meta-Strategy (UCB),-0.11505933247757022
2020-02-28,Bandit Meta-Strategy (UCB),-0.12498457944013475
2020-03-02,Bandit Meta-Strategy (UCB),-0.07963243688808923
2020-03-03,Bandit Meta-Strategy (UCB),-0.10047568055115501
2020-03-04,Bandit Meta-Strategy (UCB),-0.06281982174453636
2020-03-05,Bandit Meta-Strategy (UCB),-0.08899152513760558
2020-03-06,Bandit Meta-Strategy (UCB),-0.10017745912194427
2020-03-09,Bandit Meta-Strategy (UCB),-0.15622393704315174
2020-03-10,Bandit Meta-Strategy (UCB),-0.11917944983328431
2020-03-11,Bandit Meta-Strategy (UCB),-0.16241048262909874
2020-03-12,Bandit Meta-Strategy (UCB),-0.23913965244566932
2020-03-13,Bandit Meta-Strategy (UCB),-0.18065418584124138
2020-03-16,Bandit Meta-Strategy (UCB),-0.25670336078547573
2020-03-17,Bandit Meta-Strategy (UCB),-0.21238004591635287
2020-03-18,Bandit Meta-Strategy (UCB),-0.23630642863607346
2020-03-19,Bandit Meta-Strategy (UCB),-0.24407813910539136
2020-03-20,Bandit Meta-Strategy (UCB),-0.2840431167000506
2020-03-23,Bandit Meta-Strategy (UCB),-0.29462067373747597
2020-03-24,Bandit Meta-Strategy (UCB),-0.24313285223574777
2020-03-25,Bandit Meta-Strategy (UCB),-0.24118980834916215
2020-03-26,Bandit Meta-Strategy (UCB),-0.2070108906241514
2020-03-27,Bandit Meta-Strategy (UCB),-0.22809318861771272
2020-03-30,Bandit Meta-Strategy (UCB),-0.19412795399830496
2020-03-31,Bandit Meta-Strategy (UCB),-0.19451008369716877
2020-04-01,Bandit Meta-Strategy (UCB),-0.21984136551598435
2020-04-02,Bandit Meta-Strategy (UCB),-0.20198921928887384
2020-04-03,Bandit Meta-Strategy (UCB),-0.2010795084948419
2020-04-06,Bandit Meta-Strategy (UCB),-0.15630892400532517
2020-04-07,Bandit Meta-Strategy (UCB),-0.16122832730497952
2020-04-08,Bandit Meta-Strategy (UCB),-0.1460893671793907
2020-04-09,Bandit Meta-Strategy (UCB),-0.13515020927928187
2020-04-13,Bandit Meta-Strategy (UCB),-0.11510577853142782
2020-04-14,Bandit Meta-Strategy (UCB),-0.07857889727096908
2020-04-15,Bandit Meta-Strategy (UCB),-0.08105290084886396
2020-04-16,Bandit Meta-Strategy (UCB),-0.07085113166955888
2020-04-17,Bandit Meta-Strategy (UCB),-0.05748410226179633
2020-04-20,Bandit Meta-Strategy (UCB),-0.07087743019370955
2020-04-21,Bandit Meta-Strategy (UCB),-0.09503176142584313
2020-04-22,Bandit Meta-Strategy (UCB),-0.07612942016464953
2020-04-23,Bandit Meta-Strategy (UCB),-0.0809942782644317
2020-04-24,Bandit Meta-Strategy (UCB),-0.07190145853651055
2020-04-27,Bandit Meta-Strategy (UCB),-0.05181126552890757
2020-04-28,Bandit Meta-Strategy (UCB),-0.06557998980890192
2020-04-29,Bandit Meta-Strategy (UCB),-0.05201353478624339
2020-04-30,Bandit Meta-Strategy (UCB),-0.0522584835992343
2020-05-01,Bandit Meta-Strategy (UCB),-0.07907435059805348
2020-05-04,Bandit Meta-Strategy (UCB),-0.06327369738062233
2020-05-05,Bandit Meta-Strategy (UCB),-0.058204980758367164
2020-05-06,Bandit Meta-Strategy (UCB),-0.059986435018569345
2020-05-07,Bandit Meta-Strategy (UCB),-0.06130053034702585
2020-05-08,Bandit Meta-Strategy (UCB),-0.042983118269817606
2020-05-11,Bandit Meta-Strategy (UCB),-0.041773746628496325
2020-05-12,Bandit Meta-Strategy (UCB),-0.05580786749924148
2020-05-13,Bandit Meta-Strategy (UCB),-0.06582385134751209
2020-05-14,Bandit Meta-Strategy (UCB),-0.057109795391235646
2020-05-15,Bandit Meta-Strategy (UCB),-0.047559361007980444
2020-05-18,Bandit Meta-Strategy (UCB),-0.02690188927166418
2020-05-19,Bandit Meta-Strategy (UCB),-0.03950995163488438
2020-05-20,Bandit Meta-Strategy (UCB),-0.02911001517591118
2020-05-21,Bandit Meta-Strategy (UCB),-0.03757285830877133
2020-05-22,Bandit Meta-Strategy (UCB),-0.041994574795234295
2020-05-26,Bandit Meta-Strategy (UCB),-0.03946324871165669
2020-05-27,Bandit Meta-Strategy (UCB),-0.036160550451684544
2020-05-28,Bandit Meta-Strategy (UCB),-0.03890797029111581
2020-05-29,Bandit Meta-Strategy (UCB),-0.0301857030050293
2020-06-01,Bandit Meta-Strategy (UCB),-0.021899572071329962
2020-06-02,Bandit Meta-Strategy (UCB),-0.019037658801288045
2020-06-03,Bandit Meta-Strategy (UCB),-0.012552883162384969
2020-06-04,Bandit Meta-Strategy (UCB),-0.02131178465863077
2020-06-05,Bandit Meta-Strategy (UCB),-0.0028898155336557403
2020-06-08,Bandit Meta-Strategy (UCB),0.0
2020-06-09,Bandit Meta-Strategy (UCB),-0.0011559249232916701
2020-06-10,Bandit Meta-Strategy (UCB),0.0
2020-06-11,Bandit Meta-Strategy (UCB),-0.046899157728288406
2020-06-12,Bandit Meta-Strategy (UCB),-0.05086015887856519
2020-06-15,Bandit Meta-Strategy (UCB),-0.03845422299305251
2020-06-16,Bandit Meta-Strategy (UCB),-0.02673382991356353
2020-06-17,Bandit Meta-Strategy (UCB),-0.027243938110997856
2020-06-18,Bandit Meta-Strategy (UCB),-0.02603384086648836
2020-06-19,Bandit Meta-Strategy (UCB),-0.026191518074350113
2020-06-22,Bandit Meta-Strategy (UCB),-0.019324650582690124
2020-06-23,Bandit Meta-Strategy (UCB),-0.018000877637852162
2020-06-24,Bandit Meta-Strategy (UCB),-0.04114664929907706
2020-06-25,Bandit Meta-Strategy (UCB),-0.031411610004739327
2020-06-26,Bandit Meta-Strategy (UCB),-0.057267770253397556
2020-06-29,Bandit Meta-Strategy (UCB),-0.041526324757085245
2020-06-30,Bandit Meta-Strategy (UCB),-0.022013137157025027
2020-07-01,Bandit Meta-Strategy (UCB),-0.00704847218239941
2020-07-02,Bandit Meta-Strategy (UCB),0.0
2020-07-06,Bandit Meta-Strategy (UCB),0.0
2020-07-07,Bandit Meta-Strategy (UCB),0.0
2020-07-08,Bandit Meta-Strategy (UCB),-0.0008647447221204894
2020-07-09,Bandit Meta-Strategy (UCB),0.0
2020-07-10,Bandit Meta-Strategy (UCB),0.0
2020-07-13,Bandit Meta-Strategy (UCB),-0.012427951727124149
2020-07-14,Bandit Meta-Strategy (UCB),0.0
2020-07-15,Bandit Meta-Strategy (UCB),0.0
2020-07-16,Bandit Meta-Strategy (UCB),-0.00689708648949539
2020-07-17,Bandit Meta-Strategy (UCB),-0.014702258466147726
2020-07-20,Bandit Meta-Strategy (UCB),0.0
2020-07-21,Bandit Meta-Strategy (UCB),-0.0064633143801416494
2020-07-22,Bandit Meta-Strategy (UCB),0.0
2020-07-23,Bandit Meta-Strategy (UCB),-0.018908276330308303
2020-07-24,Bandit Meta-Strategy (UCB),-0.033337781041640834
2020-07-27,Bandit Meta-Strategy (UCB),-0.013172506833377017
2020-07-28,Bandit Meta-Strategy (UCB),-0.022468843181478255
2020-07-29,Bandit Meta-Strategy (UCB),-0.017866520531382647
2020-07-30,Bandit Meta-Strategy (UCB),-0.02349796658626575
2020-07-31,Bandit Meta-Strategy (UCB),-0.023777295987108326
2020-08-03,Bandit Meta-Strategy (UCB),-0.016796048505459633
2020-08-04,Bandit Meta-Strategy (UCB),-0.006362782723842024
2020-08-05,Bandit Meta-Strategy (UCB),-0.004570131330820853
2020-08-06,Bandit Meta-Strategy (UCB),-0.002089802125881158
2020-08-07,Bandit Meta-Strategy (UCB),-0.006457622129732195
2020-08-10,Bandit Meta-Strategy (UCB),-0.0059603725593734645
2020-08-11,Bandit Meta-Strategy (UCB),-0.0176530686784536
2020-08-12,Bandit Meta-Strategy (UCB),0.0
2020-08-13,Bandit Meta-Strategy (UCB),0.0
2020-08-14,Bandit Meta-Strategy (UCB),0.0
2020-08-17,Bandit Meta-Strategy (UCB),0.0
2020-08-18,Bandit Meta-Strategy (UCB),0.0
2020-08-19,Bandit Meta-Strategy (UCB),-0.008943425645843328
2020-08-20,Bandit Meta-Strategy (UCB),0.0
2020-08-21,Bandit Meta-Strategy (UCB),0.0
2020-08-24,Bandit Meta-Strategy (UCB),0.0
2020-08-25,Bandit Meta-Strategy (UCB),-0.002821965430000748
2020-08-26,Bandit Meta-Strategy (UCB),0.0
2020-08-27,Bandit Meta-Strategy (UCB),0.0
2020-08-28,Bandit Meta-Strategy (UCB),0.0
2020-08-31,Bandit Meta-Strategy (UCB),-0.0002886221951743252
2020-09-01,Bandit Meta-Strategy (UCB),0.0
2020-09-02,Bandit Meta-Strategy (UCB),-0.0018741138994841984
2020-09-03,Bandit Meta-Strategy (UCB),-0.037336858895044005
2020-09-04,Bandit Meta-Strategy (UCB),-0.04168658289371323
2020-09-08,Bandit Meta-Strategy (UCB),-0.08414769830732519
2020-09-09,Bandit Meta-Strategy (UCB),-0.06727429468155528
2020-09-10,Bandit Meta-Strategy (UCB),-0.08467602310289501
2020-09-11,Bandit Meta-Strategy (UCB),-0.08355975500172032
2020-09-14,Bandit Meta-Strategy (UCB),-0.06749053153321806
2020-09-15,Bandit Meta-Strategy (UCB),-0.0566998630364871
2020-09-16,Bandit Meta-Strategy (UCB),-0.06257353411099698
2020-09-17,Bandit Meta-Strategy (UCB),-0.07229326582077654
2020-09-18,Bandit Meta-Strategy (UCB),-0.07498330430323767
2020-09-21,Bandit Meta-Strategy (UCB),-0.07449017201042075
2020-09-22,Bandit Meta-Strategy (UCB),-0.07548184392552694
2020-09-23,Bandit Meta-Strategy (UCB),-0.10490803448725314
2020-09-24,Bandit Meta-Strategy (UCB),-0.10095503341851712
2020-09-25,Bandit Meta-Strategy (UCB),-0.08694658679942689
2020-09-28,Bandit Meta-Strategy (UCB),-0.07433233160133823
2020-09-29,Bandit Meta-Strategy (UCB),-0.0791017462616898
2020-09-30,Bandit Meta-Strategy (UCB),-0.0667092189869278
2020-10-01,Bandit Meta-Strategy (UCB),-0.055231708260326674
2020-10-02,Bandit Meta-Strategy (UCB),-0.07648250215863571
2020-10-05,Bandit Meta-Strategy (UCB),-0.060037971180691006
2020-10-06,Bandit Meta-Strategy (UCB),-0.07512801487941694
2020-10-07,Bandit Meta-Strategy (UCB),-0.06035449989570093
2020-10-08,Bandit Meta-Strategy (UCB),-0.052032298383625546
2020-10-09,Bandit Meta-Strategy (UCB),-0.04414367570556277
2020-10-12,Bandit Meta-Strategy (UCB),-0.032691866360479
2020-10-13,Bandit Meta-Strategy (UCB),-0.029815618034856186
2020-10-14,Bandit Meta-Strategy (UCB),-0.03566396494467816
2020-10-15,Bandit Meta-Strategy (UCB),-0.03867114253077366
2020-10-16,Bandit Meta-Strategy (UCB),-0.040559728431324445
2020-10-19,Bandit Meta-Strategy (UCB),-0.05436987339457512
2020-10-20,Bandit Meta-Strategy (UCB),-0.053918328332164624
2020-10-21,Bandit Meta-Strategy (UCB),-0.06302269971287426
2020-10-22,Bandit Meta-Strategy (UCB),-0.05745047152481269
2020-10-23,Bandit Meta-Strategy (UCB),-0.05578350725829645
2020-10-26,Bandit Meta-Strategy (UCB),-0.06624648983560529
2020-10-27,Bandit Meta-Strategy (UCB),-0.06556293897487722
2020-10-28,Bandit Meta-Strategy (UCB),-0.097100360692824
2020-10-29,Bandit Meta-Strategy (UCB),-0.08567633001036448
2020-10-30,Bandit Meta-Strategy (UCB),-0.10425185233104514
2020-11-02,Bandit Meta-Strategy (UCB),-0.08966676758082626
2020-11-03,Bandit Meta-Strategy (UCB),-0.07646497296812806
2020-11-04,Bandit Meta-Strategy (UCB),-0.0665356051884849
2020-11-05,Bandit Meta-Strategy (UCB),-0.05380989693689295
2020-11-06,Bandit Meta-Strategy (UCB),-0.051963773935777245
2020-11-09,Bandit Meta-Strategy (UCB),-0.04064281323365958
2020-11-10,Bandit Meta-Strategy (UCB),-0.04200362606724576
2020-11-11,Bandit Meta-Strategy (UCB),-0.033732020411502556
2020-11-12,Bandit Meta-Strategy (UCB),-0.04362553943577278
2020-11-13,Bandit Meta-Strategy (UCB),-0.03338816357353204
2020-11-16,Bandit Meta-Strategy (UCB),-0.02615599487008346
2020-11-17,Bandit Meta-Strategy (UCB),-0.027296803632180545
2020-11-18,Bandit Meta-Strategy (UCB),-0.02385113108741908
2020-11-19,Bandit Meta-Strategy (UCB),-0.015263328549850241
2020-11-20,Bandit Meta-Strategy (UCB),-0.02241128828841948
2020-11-23,Bandit Meta-Strategy (UCB),-0.009793694913448133
2020-11-24,Bandit Meta-Strategy (UCB),0.0
2020-11-25,Bandit Meta-Strategy (UCB),0.0
2020-11-27,Bandit Meta-Strategy (UCB),0.0
2020-11-30,Bandit Meta-Strategy (UCB),-0.0057789238899099175
2020-12-01,Bandit Meta-Strategy (UCB),0.0
2020-12-02,Bandit Meta-Strategy (UCB),0.0
2020-12-03,Bandit Meta-Strategy (UCB),0.0
2020-12-04,Bandit Meta-Strategy (UCB),0.0
2020-12-07,Bandit Meta-Strategy (UCB),0.0
2020-12-08,Bandit Meta-Strategy (UCB),0.0
2020-12-09,Bandit Meta-Strategy (UCB),-0.01831898212859048
2020-12-10,Bandit Meta-Strategy (UCB),-0.011514995930942481
2020-12-11,Bandit Meta-Strategy (UCB),-0.013565600509475523
2020-12-14,Bandit Meta-Strategy (UCB),-0.017359891013353404
2020-12-15,Bandit Meta-Strategy (UCB),-0.014121045289070126
2020-12-16,Bandit Meta-Strategy (UCB),-0.016204486216570287
2020-12-17,Bandit Meta-Strategy (UCB),-0.004251098419084103
2020-12-18,Bandit Meta-Strategy (UCB),0.0
2020-12-21,Bandit Meta-Strategy (UCB),-0.013585241384472898
2020-12-22,Bandit Meta-Strategy (UCB),-0.022524712997650333
2020-12-23,Bandit Meta-Strategy (UCB),-0.021247062447043875
2020-12-24,Bandit Meta-Strategy (UCB),-0.0174125175530915
2020-12-28,Bandit Meta-Strategy (UCB),-0.009116066363717278
2020-12-29,Bandit Meta-Strategy (UCB),-0.008526633382193085
2020-12-30,Bandit Meta-Strategy (UCB),-0.0025307059299307
2020-12-31,Bandit Meta-Strategy (UCB),-0.0027972124061078265
2021-01-04,Bandit Meta-Strategy (UCB),-0.005147545597128604
2021-01-05,Bandit Meta-Strategy (UCB),0.0
2021-01-06,Bandit Meta-Strategy (UCB),-0.002645170185257126
2021-01-07,Bandit Meta-Strategy (UCB),0.0
2021-01-08,Bandit Meta-Strategy (UCB),0.0
2021-01-11,Bandit Meta-Strategy (UCB),-0.006834910392878325
2021-01-12,Bandit Meta-Strategy (UCB),-0.0017330919402094125
2021-01-13,Bandit Meta-Strategy (UCB),0.0
2021-01-14,Bandit Meta-Strategy (UCB),-0.0023877543719901246
2021-01-15,Bandit Meta-Strategy (UCB),-0.01687299098677181
2021-01-19,Bandit Meta-Strategy (UCB),-0.010591433681577058
2021-01-20,Bandit Meta-Strategy (UCB),0.0
2021-01-21,Bandit Meta-Strategy (UCB),-0.00417325868669902
2021-01-22,Bandit Meta-Strategy (UCB),-0.006302560919679155
2021-01-25,Bandit Meta-Strategy (UCB),-0.0006087033580401292
2021-01-26,Bandit Meta-Strategy (UCB),0.0
2021-01-27,Bandit Meta-Strategy (UCB),-0.02916946233362433
2021-01-28,Bandit Meta-Strategy (UCB),-0.0260645860013052
2021-01-29,Bandit Meta-Strategy (UCB),-0.04690591573246455
2021-02-01,Bandit Meta-Strategy (UCB),-0.03651333580956864
2021-02-02,Bandit Meta-Strategy (UCB),-0.02605309943481122
2021-02-03,Bandit Meta-Strategy (UCB),-0.025772914561425313
2021-02-04,Bandit Meta-Strategy (UCB),-0.015595526921467661
2021-02-05,Bandit Meta-Strategy (UCB),-0.007424734840841948
2021-02-08,Bandit Meta-Strategy (UCB),0.0
2021-02-09,Bandit Meta-Strategy (UCB),-0.0028471997790100395
2021-02-10,Bandit Meta-Strategy (UCB),-0.007840250021584914
2021-02-11,Bandit Meta-Strategy (UCB),-0.011757120449253575
2021-02-12,Bandit Meta-Strategy (UCB),-0.00832973995831585
2021-02-16,Bandit Meta-Strategy (UCB),-0.005767091540413544
2021-02-17,Bandit Meta-Strategy (UCB),-0.0021495738799217983
2021-02-18,Bandit Meta-Strategy (UCB),-0.019148015892420416
2021-02-19,Bandit Meta-Strategy (UCB),-0.023772373844971873
2021-02-22,Bandit Meta-Strategy (UCB),-0.03197640372681204
2021-02-23,Bandit Meta-Strategy (UCB),-0.033010244382736795
2021-02-24,Bandit Meta-Strategy (UCB),-0.0236076248657303
2021-02-25,Bandit Meta-Strategy (UCB),-0.0447069290659044
2021-02-26,Bandit Meta-Strategy (UCB),-0.04488845207558114
2021-03-01,Bandit Meta-Strategy (UCB),-0.023090306278051156
2021-03-02,Bandit Meta-Strategy (UCB),-0.03427929888417326
2021-03-03,Bandit Meta-Strategy (UCB),-0.04912998529845443
2021-03-04,Bandit Meta-Strategy (UCB),-0.05739216039843037
2021-03-05,Bandit Meta-Strategy (UCB),-0.047330026660269885
2021-03-08,Bandit Meta-Strategy (UCB),-0.058755608155378704
2021-03-09,Bandit Meta-Strategy (UCB),-0.037406999262013116
2021-03-10,Bandit Meta-Strategy (UCB),-0.02784676578616767
2021-03-11,Bandit Meta-Strategy (UCB),-0.017351119759950386
2021-03-12,Bandit Meta-Strategy (UCB),-0.015309195488531296
2021-03-15,Bandit Meta-Strategy (UCB),-0.011883696074834263
2021-03-16,Bandit Meta-Strategy (UCB),-0.014063292210238748
2021-03-17,Bandit Meta-Strategy (UCB),-0.011364393465943617
2021-03-18,Bandit Meta-Strategy (UCB),-0.03513094036671698
2021-03-19,Bandit Meta-Strategy (UCB),-0.03183255760883504
2021-03-22,Bandit Meta-Strategy (UCB),-0.022170320150403478
2021-03-23,Bandit Meta-Strategy (UCB),-0.023131094733427792
2021-03-24,Bandit Meta-Strategy (UCB),-0.03169397583737038
2021-03-25,Bandit Meta-Strategy (UCB),-0.03266488444333154
2021-03-26,Bandit Meta-Strategy (UCB),-0.023578557525090624
2021-03-29,Bandit Meta-Strategy (UCB),-0.01842137255621656
2021-03-30,Bandit Meta-Strategy (UCB),-0.021723676489568102
2021-03-31,Bandit Meta-Strategy (UCB),-0.022054052531567832
2021-04-01,Bandit Meta-Strategy (UCB),-0.012903996757455153
2021-04-05,Bandit Meta-Strategy (UCB),-0.0013211833386988594
2021-04-06,Bandit Meta-Strategy (UCB),-0.0012282942842154168
2021-04-07,Bandit Meta-Strategy (UCB),0.0
2021-04-08,Bandit Meta-Strategy (UCB),0.0
2021-04-09,Bandit Meta-Strategy (UCB),0.0
2021-04-12,Bandit Meta-Strategy (UCB),0.0
2021-04-13,Bandit Meta-Strategy (UCB),0.0
2021-04-14,Bandit Meta-Strategy (UCB),-0.005813287599247791
2021-04-15,Bandit Meta-Strategy (UCB),0.0
2021-04-16,Bandit Meta-Strategy (UCB),0.0
2021-04-19,Bandit Meta-Strategy (UCB),-0.001740339649907625
2021-04-20,Bandit Meta-Strategy (UCB),-0.00474251246760511
2021-04-21,Bandit Meta-Strategy (UCB),-0.0060743097377334776
2021-04-22,Bandit Meta-Strategy (UCB),-0.019694124881864204
2021-04-23,Bandit Meta-Strategy (UCB),-0.0150043237914252
2021-04-26,Bandit Meta-Strategy (UCB),-0.016224094657232756
2021-04-27,Bandit Meta-Strategy (UCB),-0.01868308030004091
2021-04-28,Bandit Meta-Strategy (UCB),-0.015763251740017487
2021-04-29,Bandit Meta-Strategy (UCB),-0.0084445701394192
2021-04-30,Bandit Meta-Strategy (UCB),-0.009635977086572009
2021-05-03,Bandit Meta-Strategy (UCB),-0.0027371248083350296
2021-05-04,Bandit Meta-Strategy (UCB),-0.008180383214636777
2021-05-05,Bandit Meta-Strategy (UCB),-0.009557849833692037
2021-05-06,Bandit Meta-Strategy (UCB),-0.005812115983361611
2021-05-07,Bandit Meta-Strategy (UCB),-0.0011553339317015297
2021-05-10,Bandit Meta-Strategy (UCB),-0.008081725380560205
2021-05-11,Bandit Meta-Strategy (UCB),-0.01618050590365629
2021-05-12,Bandit Meta-Strategy (UCB),-0.03122853265628665
2021-05-13,Bandit Meta-Strategy (UCB),-0.02253491382921462
2021-05-14,Bandit Meta-Strategy (UCB),-0.013253327292937975
2021-05-17,Bandit Meta-Strategy (UCB),-0.014587167432228118
2021-05-18,Bandit Meta-Strategy (UCB),-0.01769856606914102
2021-05-19,Bandit Meta-Strategy (UCB),-0.021217985338951917
2021-05-20,Bandit Meta-Strategy (UCB),-0.010982507536241927
2021-05-21,Bandit Meta-Strategy (UCB),-0.013135027962679872
2021-05-24,Bandit Meta-Strategy (UCB),-0.006112495030512028
2021-05-25,Bandit Meta-Strategy (UCB),-0.008840579218494724
2021-05-26,Bandit Meta-Strategy (UCB),-0.009031523270909123
2021-05-27,Bandit Meta-Strategy (UCB),-0.011030949427623145
2021-05-28,Bandit Meta-Strategy (UCB),-0.010625254608080434
2021-06-01,Bandit Meta-Strategy (UCB),-0.012169162060626522
2021-06-02,Bandit Meta-Strategy (UCB),-0.010486799510946512
2021-06-03,Bandit Meta-Strategy (UCB),-0.013198823673095331
2021-06-04,Bandit Meta-Strategy (UCB),-0.005774190073279238
2021-06-07,Bandit Meta-Strategy (UCB),-0.007730455207332903
2021-06-08,Bandit Meta-Strategy (UCB),-0.010222116554146045
2021-06-09,Bandit Meta-Strategy (UCB),-0.009136631383742965
2021-06-10,Bandit Meta-Strategy (UCB),-0.0021205994074745974
2021-06-11,Bandit Meta-Strategy (UCB),-0.0032002474384276855
2021-06-14,Bandit Meta-Strategy (UCB),-0.0020028141822713936
2021-06-15,Bandit Meta-Strategy (UCB),-0.006196621038979543
2021-06-16,Bandit Meta-Strategy (UCB),-0.012141788219715491
2021-06-17,Bandit Meta-Strategy (UCB),-0.00858287188717163
2021-06-18,Bandit Meta-Strategy (UCB),-0.021412234176777574
2021-06-21,Bandit Meta-Strategy (UCB),-0.012238404428241537
2021-06-22,Bandit Meta-Strategy (UCB),-0.004170789539608272
2021-06-23,Bandit Meta-Strategy (UCB),-0.004122627451995996
2021-06-24,Bandit Meta-Strategy (UCB),0.0
2021-06-25,Bandit Meta-Strategy (UCB),0.0
2021-06-28,Bandit Meta-Strategy (UCB),0.0
2021-06-29,Bandit Meta-Strategy (UCB),-0.002748843520297134
2021-06-30,Bandit Meta-Strategy (UCB),-0.0031496629633424845
2021-07-01,Bandit Meta-Strategy (UCB),0.0
2021-07-02,Bandit Meta-Strategy (UCB),0.0
2021-07-06,Bandit Meta-Strategy (UCB),-0.004920170824661973
2021-07-07,Bandit Meta-Strategy (UCB),-0.005482749034284221
2021-07-08,Bandit Meta-Strategy (UCB),-0.01143122606761547
2021-07-09,Bandit Meta-Strategy (UCB),-0.0012126033652275375
2021-07-12,Bandit Meta-Strategy (UCB),0.0
2021-07-13,Bandit Meta-Strategy (UCB),-0.002721734268508696
2021-07-14,Bandit Meta-Strategy (UCB),-6.315790877454278e-05
2021-07-15,Bandit Meta-Strategy (UCB),-0.001844842149798244
2021-07-16,Bandit Meta-Strategy (UCB),-0.01037330451593987
2021-07-19,Bandit Meta-Strategy (UCB),-0.020406713655993246
2021-07-20,Bandit Meta-Strategy (UCB),-0.03920578331073639
2021-07-21,Bandit Meta-Strategy (UCB),-0.03775182667650155
2021-07-22,Bandit Meta-Strategy (UCB),-0.03889507470104909
2021-07-23,Bandit Meta-Strategy (UCB),-0.030226458728249257
2021-07-26,Bandit Meta-Strategy (UCB),-0.024965964471383138
2021-07-27,Bandit Meta-Strategy (UCB),-0.02603424408357884
2021-07-28,Bandit Meta-Strategy (UCB),-0.023224429670241048
2021-07-29,Bandit Meta-Strategy (UCB),-0.023302642879325153
2021-07-30,Bandit Meta-Strategy (UCB),-0.024605202297844023
2021-08-02,Bandit Meta-Strategy (UCB),-0.02230453289848316
2021-08-03,Bandit Meta-Strategy (UCB),-0.011078604364928935
2021-08-04,Bandit Meta-Strategy (UCB),-0.017069555085739513
2021-08-05,Bandit Meta-Strategy (UCB),-0.009342676403086067
2021-08-06,Bandit Meta-Strategy (UCB),-0.009842583766696745
2021-08-09,Bandit Meta-Strategy (UCB),-0.005872592206144003
2021-08-10,Bandit Meta-Strategy (UCB),0.0
2021-08-11,Bandit Meta-Strategy (UCB),-0.004361649139146338
2021-08-12,Bandit Meta-Strategy (UCB),-0.0006597140967578657
2021-08-13,Bandit Meta-Strategy (UCB),0.0
2021-08-16,Bandit Meta-Strategy (UCB),0.0
2021-08-17,Bandit Meta-Strategy (UCB),-0.0011133147704934527
2021-08-18,Bandit Meta-Strategy (UCB),-0.011531996099370733
2021-08-19,Bandit Meta-Strategy (UCB),-0.00983386756273294
2021-08-20,Bandit Meta-Strategy (UCB),-0.0047002162891023646
2021-08-23,Bandit Meta-Strategy (UCB),0.0
2021-08-24,Bandit Meta-Strategy (UCB),-0.006906101714694605
2021-08-25,Bandit Meta-Strategy (UCB),-0.010247926167033366
2021-08-26,Bandit Meta-Strategy (UCB),-0.014910856321850224
2021-08-27,Bandit Meta-Strategy (UCB),-0.011218002884668815
2021-08-30,Bandit Meta-Strategy (UCB),-0.00671606311118413
2021-08-31,Bandit Meta-Strategy (UCB),-0.0070009473352405545
2021-09-01,Bandit Meta-Strategy (UCB),-0.004509518109731855
2021-09-02,Bandit Meta-Strategy (UCB),0.0
2021-09-03,Bandit Meta-Strategy (UCB),0.0
2021-09-07,Bandit Meta-Strategy (UCB),0.0
2021-09-08,Bandit Meta-Strategy (UCB),-0.00043332154553781763
2021-09-09,Bandit Meta-Strategy (UCB),-0.005492583225459927
2021-09-10,Bandit Meta-Strategy (UCB),-0.010644613864489392
2021-09-13,Bandit Meta-Strategy (UCB),-0.0095753501079598
2021-09-14,Bandit Meta-Strategy (UCB),-0.016545666164483507
2021-09-15,Bandit Meta-Strategy (UCB),-0.010194665551457415
2021-09-16,Bandit Meta-Strategy (UCB),-0.012168358629266657
2021-09-17,Bandit Meta-Strategy (UCB),-0.0176823605247436
2021-09-20,Bandit Meta-Strategy (UCB),-0.03378862932969302
2021-09-21,Bandit Meta-Strategy (UCB),-0.03600758004020589
2021-09-22,Bandit Meta-Strategy (UCB),-0.024231639625094944
2021-09-23,Bandit Meta-Strategy (UCB),-0.012560462342534023
2021-09-24,Bandit Meta-Strategy (UCB),-0.011668068061543425
2021-09-27,Bandit Meta-Strategy (UCB),-0.010070467602140998
2021-09-28,Bandit Meta-Strategy (UCB),-0.023657765818854624
2021-09-29,Bandit Meta-Strategy (UCB),-0.018397101484669897
2021-09-30,Bandit Meta-Strategy (UCB),-0.028718531298540597
2021-10-01,Bandit Meta-Strategy (UCB),-0.019336234338083957
2021-10-04,Bandit Meta-Strategy (UCB),-0.029780840633194715
2021-10-05,Bandit Meta-Strategy (UCB),-0.01930891068381278
2021-10-06,Bandit Meta-Strategy (UCB),-0.016193515516754207
2021-10-07,Bandit Meta-Strategy (UCB),-0.007701005156741252
2021-10-08,Bandit Meta-Strategy (UCB),-0.008280249459724625
2021-10-11,Bandit Meta-Strategy (UCB),-0.01420188253177101
2021-10-12,Bandit Meta-Strategy (UCB),-0.017440130808770056
2021-10-13,Bandit Meta-Strategy (UCB),-0.018232010509416325
2021-10-14,Bandit Meta-Strategy (UCB),-0.004280153789066196
2021-10-15,Bandit Meta-Strategy (UCB),0.0
2021-10-18,Bandit Meta-Strategy (UCB),0.0
2021-10-19,Bandit Meta-Strategy (UCB),0.0
2021-10-20,Bandit Meta-Strategy (UCB),0.0
2021-10-21,Bandit Meta-Strategy (UCB),0.0
2021-10-22,Bandit Meta-Strategy (UCB),0.0
2021-10-25,Bandit Meta-Strategy (UCB),0.0
2021-10-26,Bandit Meta-Strategy (UCB),0.0
2021-10-27,Bandit Meta-Strategy (UCB),-0.008993803959172897
2021-10-28,Bandit Meta-Strategy (UCB),-0.0014737808903545686
2021-10-29,Bandit Meta-Strategy (UCB),0.0
2021-11-01,Bandit Meta-Strategy (UCB),0.0
2021-11-02,Bandit Meta-Strategy (UCB),0.0
2021-11-03,Bandit Meta-Strategy (UCB),0.0
2021-11-04,Bandit Meta-Strategy (UCB),0.0
2021-11-05,Bandit Meta-Strategy (UCB),0.0
2021-11-08,Bandit Meta-Strategy (UCB),0.0
2021-11-09,Bandit Meta-Strategy (UCB),-0.006849156344585805
2021-11-10,Bandit Meta-Strategy (UCB),-0.0067697643891886355
2021-11-11,Bandit Meta-Strategy (UCB),-0.005088611555183135
2021-11-12,Bandit Meta-Strategy (UCB),-0.0026981694360776478
2021-11-15,Bandit Meta-Strategy (UCB),-0.004450141919578268
2021-11-16,Bandit Meta-Strategy (UCB),0.0
2021-11-17,Bandit Meta-Strategy (UCB),0.0
2021-11-18,Bandit Meta-Strategy (UCB),0.0
2021-11-19,Bandit Meta-Strategy (UCB),-0.004271466932072801
2021-11-22,Bandit Meta-Strategy (UCB),-0.006248693454894529
2021-11-23,Bandit Meta-Strategy (UCB),-0.0033177476496647896
2021-11-24,Bandit Meta-Strategy (UCB),0.0
2021-11-26,Bandit Meta-Strategy (UCB),-0.009164552147745452
2021-11-29,Bandit Meta-Strategy (UCB),-0.004280731385310253
2021-11-30,Bandit Meta-Strategy (UCB),-0.004649811206031056
2021-12-01,Bandit Meta-Strategy (UCB),-0.013107426974273629
2021-12-02,Bandit Meta-Strategy (UCB),-0.006612637660824449
2021-12-03,Bandit Meta-Strategy (UCB),-0.010543676187981662
2021-12-06,Bandit Meta-Strategy (UCB),-0.004496026758475699
2021-12-07,Bandit Meta-Strategy (UCB),0.0
2021-12-08,Bandit Meta-Strategy (UCB),-0.0005545513360240354
2021-12-09,Bandit Meta-Strategy (UCB),-0.0039618107462955025
2021-12-10,Bandit Meta-Strategy (UCB),0.0
2021-12-13,Bandit Meta-Strategy (UCB),-0.002741393538628256
2021-12-14,Bandit Meta-Strategy (UCB),-0.002944138336879878
2021-12-15,Bandit Meta-Strategy (UCB),0.0
2021-12-16,Bandit Meta-Strategy (UCB),-0.0008591921387839356
2021-12-17,Bandit Meta-Strategy (UCB),-0.019499196560648864
2021-12-20,Bandit Meta-Strategy (UCB),-0.021752357071332384
2021-12-21,Bandit Meta-Strategy (UCB),-0.013186515534202694
2021-12-22,Bandit Meta-Strategy (UCB),-0.0018374666036085644
2021-12-23,Bandit Meta-Strategy (UCB),0.0
2021-12-27,Bandit Meta-Strategy (UCB),0.0
2021-12-28,Bandit Meta-Strategy (UCB),-0.0012142560730633578
2021-12-29,Bandit Meta-Strategy (UCB),-0.0015865431035408308
2021-12-30,Bandit Meta-Strategy (UCB),-0.001819697178035994
2021-12-31,Bandit Meta-Strategy (UCB),-0.0014542060367113059
2022-01-03,Bandit Meta-Strategy (UCB),0.0
2022-01-04,Bandit Meta-Strategy (UCB),-0.00271617364680943
2022-01-05,Bandit Meta-Strategy (UCB),-0.01103205678619945
2022-01-06,Bandit Meta-Strategy (UCB),-0.013155820310896339
2022-01-07,Bandit Meta-Strategy (UCB),-0.015071248028764398
2022-01-10,Bandit Meta-Strategy (UCB),-0.017498584015818084
2022-01-11,Bandit Meta-Strategy (UCB),-0.011999748183462442
2022-01-12,Bandit Meta-Strategy (UCB),-0.010474864254113201
2022-01-13,Bandit Meta-Strategy (UCB),-0.023920298022890422
2022-01-14,Bandit Meta-Strategy (UCB),-0.027503811618882646
2022-01-18,Bandit Meta-Strategy (UCB),-0.041817750971873235
2022-01-19,Bandit Meta-Strategy (UCB),-0.046081291699595156
2022-01-20,Bandit Meta-Strategy (UCB),-0.05418190419132353
2022-01-21,Bandit Meta-Strategy (UCB),-0.08428819167020994
2022-01-24,Bandit Meta-Strategy (UCB),-0.0878428681174628
2022-01-25,Bandit Meta-Strategy (UCB),-0.09060718560584533
2022-01-26,Bandit Meta-Strategy (UCB),-0.09021369677695998
2022-01-27,Bandit Meta-Strategy (UCB),-0.08936894773045793
2022-01-28,Bandit Meta-Strategy (UCB),-0.07024605079420841
2022-01-31,Bandit Meta-Strategy (UCB),-0.05708799939298575
2022-02-01,Bandit Meta-Strategy (UCB),-0.04516804122723434
2022-02-02,Bandit Meta-Strategy (UCB),-0.04081502016595191
2022-02-03,Bandit Meta-Strategy (UCB),-0.05774299990671043
2022-02-04,Bandit Meta-Strategy (UCB),-0.05225989808769287
2022-02-07,Bandit Meta-Strategy (UCB),-0.053856948346191445
2022-02-08,Bandit Meta-Strategy (UCB),-0.05429303007536418
2022-02-09,Bandit Meta-Strategy (UCB),-0.04963844019561964
2022-02-10,Bandit Meta-Strategy (UCB),-0.06074036772568887
2022-02-11,Bandit Meta-Strategy (UCB),-0.07433911452565375
2022-02-14,Bandit Meta-Strategy (UCB),-0.07575729128885009
2022-02-15,Bandit Meta-Strategy (UCB),-0.06487423385701901
2022-02-16,Bandit Meta-Strategy (UCB),-0.06515294223184642
2022-02-17,Bandit Meta-Strategy (UCB),-0.07733589450681148
2022-02-18,Bandit Meta-Strategy (UCB),-0.08377240171475958
2022-02-22,Bandit Meta-Strategy (UCB),-0.10294957740311605
2022-02-23,Bandit Meta-Strategy (UCB),-0.11849425419879236
2022-02-24,Bandit Meta-Strategy (UCB),-0.11646712959496928
2022-02-25,Bandit Meta-Strategy (UCB),-0.09473922975201253
2022-02-28,Bandit Meta-Strategy (UCB),-0.09897092041794228
2022-03-01,Bandit Meta-Strategy (UCB),-0.11123238532628965
2022-03-02,Bandit Meta-Strategy (UCB),-0.09842027989181323
2022-03-03,Bandit Meta-Strategy (UCB),-0.10308953649724865
2022-03-04,Bandit Meta-Strategy (UCB),-0.10540225568932436
2022-03-07,Bandit Meta-Strategy (UCB),-0.12452442267477228
2022-03-08,Bandit Meta-Strategy (UCB),-0.13544897919084314
2022-03-09,Bandit Meta-Strategy (UCB),-0.12054136770743504
2022-03-10,Bandit Meta-Strategy (UCB),-0.12099378201573371
2022-03-11,Bandit Meta-Strategy (UCB),-0.1275501669621803
2022-03-14,Bandit Meta-Strategy (UCB),-0.12623456402867586
2022-03-15,Bandit Meta-Strategy (UCB),-0.11071266142107829
2022-03-16,Bandit Meta-Strategy (UCB),-0.09682118189457728
2022-03-17,Bandit Meta-Strategy (UCB),-0.08292692801124363
2022-03-18,Bandit Meta-Strategy (UCB),-0.07466250168904807
2022-03-21,Bandit Meta-Strategy (UCB),-0.07467657724972417
2022-03-22,Bandit Meta-Strategy (UCB),-0.06866080540324893
2022-03-23,Bandit Meta-Strategy (UCB),-0.08064972698312749
2022-03-24,Bandit Meta-Strategy (UCB),-0.07132770233385478
2022-03-25,Bandit Meta-Strategy (UCB),-0.0672588269495507
2022-03-28,Bandit Meta-Strategy (UCB),-0.059872141327795794
2022-03-29,Bandit Meta-Strategy (UCB),-0.05285285678227563
2022-03-30,Bandit Meta-Strategy (UCB),-0.05892977316757367
2022-03-31,Bandit Meta-Strategy (UCB),-0.07465960442732562
2022-04-01,Bandit Meta-Strategy (UCB),-0.07059928842981862
2022-04-04,Bandit Meta-Strategy (UCB),-0.06442739129173432
2022-04-05,Bandit Meta-Strategy (UCB),-0.07347537748851057
2022-04-06,Bandit Meta-Strategy (UCB),-0.0767279608368251
2022-04-07,Bandit Meta-Strategy (UCB),-0.06952031608492824
2022-04-08,Bandit Meta-Strategy (UCB),-0.06829526530859124
2022-04-11,Bandit Meta-Strategy (UCB),-0.08522228707940806
2022-04-12,Bandit Meta-Strategy (UCB),-0.08711625857586179
2022-04-13,Bandit Meta-Strategy (UCB),-0.0778819535644752
2022-04-14,Bandit Meta-Strategy (UCB),-0.08686344901411566
2022-04-18,Bandit Meta-Strategy (UCB),-0.09042520853752538
2022-04-19,Bandit Meta-Strategy (UCB),-0.08018339572848963
2022-04-20,Bandit Meta-Strategy (UCB),-0.0956897865290166
2022-04-21,Bandit Meta-Strategy (UCB),-0.1056944443282584
2022-04-22,Bandit Meta-Strategy (UCB),-0.12487615049571771
2022-04-25,Bandit Meta-Strategy (UCB),-0.11944981371210801
2022-04-26,Bandit Meta-Strategy (UCB),-0.13963542566766915
2022-04-27,Bandit Meta-Strategy (UCB),-0.13636615106568203
2022-04-28,Bandit Meta-Strategy (UCB),-0.11635236025906964
2022-04-29,Bandit Meta-Strategy (UCB),-0.1439171658537154
2022-05-02,Bandit Meta-Strategy (UCB),-0.14098354786567832
2022-05-03,Bandit Meta-Strategy (UCB),-0.13733588286503173
2022-05-04,Bandit Meta-Strategy (UCB),-0.11572149703072
2022-05-05,Bandit Meta-Strategy (UCB),-0.14430704236563682
2022-05-06,Bandit Meta-Strategy (UCB),-0.14650927695273294
2022-05-09,Bandit Meta-Strategy (UCB),-0.16772424969001118
2022-05-10,Bandit Meta-Strategy (UCB),-0.16689899411422768
2022-05-11,Bandit Meta-Strategy (UCB),-0.1765834599725494
2022-05-12,Bandit Meta-Strategy (UCB),-0.17444921834612723
2022-05-13,Bandit Meta-Strategy (UCB),-0.1588666671724314
2022-05-16,Bandit Meta-Strategy (UCB),-0.15866115035489964
2022-05-17,Bandit Meta-Strategy (UCB),-0.1500852257054979
2022-05-18,Bandit Meta-Strategy (UCB),-0.18520293444015848
2022-05-19,Bandit Meta-Strategy (UCB),-0.18976073186643408
2022-05-20,Bandit Meta-Strategy (UCB),-0.18524429719132884
2022-05-23,Bandit Meta-Strategy (UCB),-0.1677609524955002
2022-05-24,Bandit Meta-Strategy (UCB),-0.17041366706717456
2022-05-25,Bandit Meta-Strategy (UCB),-0.16330699313629465
2022-05-26,Bandit Meta-Strategy (UCB),-0.15005210888466325
2022-05-27,Bandit Meta-Strategy (UCB),-0.13576814137774654
2022-05-31,Bandit Meta-Strategy (UCB),-0.13623607940342486
2022-06-01,Bandit Meta-Strategy (UCB),-0.14531086310856603
2022-06-02,Bandit Meta-Strategy (UCB),-0.13015536786511558
2022-06-03,Bandit Meta-Strategy (UCB),-0.14280824581790555
2022-06-06,Bandit Meta-Strategy (UCB),-0.15125002951623764
2022-06-07,Bandit Meta-Strategy (UCB),-0.14179427835914496
2022-06-08,Bandit Meta-Strategy (UCB),-0.1441747301298176
2022-06-09,Bandit Meta-Strategy (UCB),-0.1644663593495411
2022-06-10,Bandit Meta-Strategy (UCB),-0.18411005154362828
2022-06-13,Bandit Meta-Strategy (UCB),-0.21430959108265943
2022-06-14,Bandit Meta-Strategy (UCB),-0.21837530699004615
2022-06-15,Bandit Meta-Strategy (UCB),-0.20797143904565898
2022-06-16,Bandit Meta-Strategy (UCB),-0.226209064441183
2022-06-17,Bandit Meta-Strategy (UCB),-0.23423899571796464
2022-06-21,Bandit Meta-Strategy (UCB),-0.20993022547252857
2022-06-22,Bandit Meta-Strategy (UCB),-0.20944419473068432
2022-06-23,Bandit Meta-Strategy (UCB),-0.20181257292619528
2022-06-24,Bandit Meta-Strategy (UCB),-0.18112098300360702
2022-06-27,Bandit Meta-Strategy (UCB),-0.18042894212309568
2022-06-28,Bandit Meta-Strategy (UCB),-0.19770798453318972
2022-06-29,Bandit Meta-Strategy (UCB),-0.20156644683864447
2022-06-30,Bandit Meta-Strategy (UCB),-0.20498348807712274
2022-07-01,Bandit Meta-Strategy (UCB),-0.19722939129679704
2022-07-05,Bandit Meta-Strategy (UCB),-0.19718700107463427
2022-07-06,Bandit Meta-Strategy (UCB),-0.19496444869995813
2022-07-07,Bandit Meta-Strategy (UCB),-0.18208472928663536
2022-07-08,Bandit Meta-Strategy (UCB),-0.18234964011063529
2022-07-11,Bandit Meta-Strategy (UCB),-0.1925894929974548
2022-07-12,Bandit Meta-Strategy (UCB),-0.20019249133980097
2022-07-13,Bandit Meta-Strategy (UCB),-0.1990640446479564
2022-07-14,Bandit Meta-Strategy (UCB),-0.20059089174223396
2022-07-15,Bandit Meta-Strategy (UCB),-0.18712875779894303
2022-07-18,Bandit Meta-Strategy (UCB),-0.19939031088526687
2022-07-19,Bandit Meta-Strategy (UCB),-0.18563764297830113
2022-07-20,Bandit Meta-Strategy (UCB),-0.17980793605832504
2022-07-21,Bandit Meta-Strategy (UCB),-0.1701616897816632
2022-07-22,Bandit Meta-Strategy (UCB),-0.1738546655308199
2022-07-25,Bandit Meta-Strategy (UCB),-0.17071733433587413
2022-07-26,Bandit Meta-Strategy (UCB),-0.18345141067117623
2022-07-27,Bandit Meta-Strategy (UCB),-0.16543682069056856
2022-07-28,Bandit Meta-Strategy (UCB),-0.16026878802067573
2022-07-29,Bandit Meta-Strategy (UCB),-0.16056335357364035
2022-08-01,Bandit Meta-Strategy (UCB),-0.16149332805172756
2022-08-02,Bandit Meta-Strategy (UCB),-0.16772157341588467
2022-08-03,Bandit Meta-Strategy (UCB),-0.16205532371978612
2022-08-04,Bandit Meta-Strategy (UCB),-0.16995830042938087
2022-08-05,Bandit Meta-Strategy (UCB),-0.17434155256208614
2022-08-08,Bandit Meta-Strategy (UCB),-0.1721650049157046
2022-08-09,Bandit Meta-Strategy (UCB),-0.17249038782705237
2022-08-10,Bandit Meta-Strategy (UCB),-0.1583632131851235
2022-08-11,Bandit Meta-Strategy (UCB),-0.1644336032103973
2022-08-12,Bandit Meta-Strategy (UCB),-0.1499537317233236
2022-08-15,Bandit Meta-Strategy (UCB),-0.14829985727870496
2022-08-16,Bandit Meta-Strategy (UCB),-0.14229171833227122
2022-08-17,Bandit Meta-Strategy (UCB),-0.1476125702246316
2022-08-18,Bandit Meta-Strategy (UCB),-0.14602510844992544
2022-08-19,Bandit Meta-Strategy (UCB),-0.15209408588954437
2022-08-22,Bandit Meta-Strategy (UCB),-0.1663175885243901
2022-08-23,Bandit Meta-Strategy (UCB),-0.16632407788656653
2022-08-24,Bandit Meta-Strategy (UCB),-0.16519375851303
2022-08-25,Bandit Meta-Strategy (UCB),-0.18781620665015694
2022-08-26,Bandit Meta-Strategy (UCB),-0.21098323159153412
2022-08-29,Bandit Meta-Strategy (UCB),-0.21181643318647722
2022-08-30,Bandit Meta-Strategy (UCB),-0.22174664973809008
2022-08-31,Bandit Meta-Strategy (UCB),-0.2266046407935278
2022-09-01,Bandit Meta-Strategy (UCB),-0.21829021880275395
2022-09-02,Bandit Meta-Strategy (UCB),-0.22619151028646725
2022-09-06,Bandit Meta-Strategy (UCB),-0.23034535779193072
2022-09-07,Bandit Meta-Strategy (UCB),-0.21933822609163747
2022-09-08,Bandit Meta-Strategy (UCB),-0.214138618775433
2022-09-09,Bandit Meta-Strategy (UCB),-0.20303977027138495
2022-09-12,Bandit Meta-Strategy (UCB),-0.1980416257900698
2022-09-13,Bandit Meta-Strategy (UCB),-0.228791145771122
2022-09-14,Bandit Meta-Strategy (UCB),-0.221798442814818
2022-09-15,Bandit Meta-Strategy (UCB),-0.22895825876723208
2022-09-16,Bandit Meta-Strategy (UCB),-0.22994347276211283
2022-09-19,Bandit Meta-Strategy (UCB),-0.22847529063027164
2022-09-20,Bandit Meta-Strategy (UCB),-0.23574337426371106
2022-09-21,Bandit Meta-Strategy (UCB),-0.24660768329492344
2022-09-22,Bandit Meta-Strategy (UCB),-0.2465146813212628
2022-09-23,Bandit Meta-Strategy (UCB),-0.26195817547716915
2022-09-26,Bandit Meta-Strategy (UCB),-0.26728310096920443
2022-09-27,Bandit Meta-Strategy (UCB),-0.2687709620868972
2022-09-28,Bandit Meta-Strategy (UCB),-0.25195437610938304
2022-09-29,Bandit Meta-Strategy (UCB),-0.26239465079132834
2022-09-30,Bandit Meta-Strategy (UCB),-0.2724870309746212
2022-10-03,Bandit Meta-Strategy (UCB),-0.25825626036063243
2022-10-04,Bandit Meta-Strategy (UCB),-0.2434355317647938
2022-10-05,Bandit Meta-Strategy (UCB),-0.24327812868051382
2022-10-06,Bandit Meta-Strategy (UCB),-0.24749481829537223
2022-10-07,Bandit Meta-Strategy (UCB),-0.2646191905676199
2022-10-10,Bandit Meta-Strategy (UCB),-0.26897653929567394
2022-10-11,Bandit Meta-Strategy (UCB),-0.2715550834355713
2022-10-12,Bandit Meta-Strategy (UCB),-0.26982283596880985
2022-10-13,Bandit Meta-Strategy (UCB),-0.25369551467928814
2022-10-14,Bandit Meta-Strategy (UCB),-0.2662216411469903
2022-10-17,Bandit Meta-Strategy (UCB),-0.24852795871883593
2022-10-18,Bandit Meta-Strategy (UCB),-0.24296989182141185
2022-10-19,Bandit Meta-Strategy (UCB),-0.23928341134114964
2022-10-20,Bandit Meta-Strategy (UCB),-0.24311460305439206
2022-10-21,Bandit Meta-Strategy (UCB),-0.22236304006477192
2022-10-24,Bandit Meta-Strategy (UCB),-0.21480870196302423
2022-10-25,Bandit Meta-Strategy (UCB),-0.2073240090639278
2022-10-26,Bandit Meta-Strategy (UCB),-0.20742509832074751
2022-10-27,Bandit Meta-Strategy (UCB),-0.21552511063712682
2022-10-28,Bandit Meta-Strategy (UCB),-0.20041508054316645
2022-10-31,Bandit Meta-Strategy (UCB),-0.20745053569444724
2022-11-01,Bandit Meta-Strategy (UCB),-0.2073308820345257
2022-11-02,Bandit Meta-Strategy (UCB),-0.225045900073378
2022-11-03,Bandit Meta-Strategy (UCB),-0.22950013083309612
2022-11-04,Bandit Meta-Strategy (UCB),-0.2225603844606681
2022-11-07,Bandit Meta-Strategy (UCB),-0.2164268289417219
2022-11-08,Bandit Meta-Strategy (UCB),-0.21360427559605918
2022-11-09,Bandit Meta-Strategy (UCB),-0.23200113691544147
2022-11-10,Bandit Meta-Strategy (UCB),-0.20362450286141565
2022-11-11,Bandit Meta-Strategy (UCB),-0.19468071028557646
2022-11-14,Bandit Meta-Strategy (UCB),-0.19404620413522475
2022-11-15,Bandit Meta-Strategy (UCB),-0.18395821900126888
2022-11-16,Bandit Meta-Strategy (UCB),-0.1875238036556074
2022-11-17,Bandit Meta-Strategy (UCB),-0.19023141645019281
2022-11-18,Bandit Meta-Strategy (UCB),-0.1899764507431587
2022-11-21,Bandit Meta-Strategy (UCB),-0.19168807327746518
2022-11-22,Bandit Meta-Strategy (UCB),-0.18095781567301966
2022-11-23,Bandit Meta-Strategy (UCB),-0.17785659689579802
2022-11-25,Bandit Meta-Strategy (UCB),-0.17818060140809389
2022-11-28,Bandit Meta-Strategy (UCB),-0.18502300683392264
2022-11-29,Bandit Meta-Strategy (UCB),-0.18727567147447577
2022-11-30,Bandit Meta-Strategy (UCB),-0.18752468969619354
2022-12-01,Bandit Meta-Strategy (UCB),-0.18426590128902243
2022-12-02,Bandit Meta-Strategy (UCB),-0.1846981721301876
2022-12-05,Bandit Meta-Strategy (UCB),-0.19838114544648058
2022-12-06,Bandit Meta-Strategy (UCB),-0.21387248295366576
2022-12-07,Bandit Meta-Strategy (UCB),-0.21479104942740385
2022-12-08,Bandit Meta-Strategy (UCB),-0.208895117183192
2022-12-09,Bandit Meta-Strategy (UCB),-0.21280928194470158
2022-12-12,Bandit Meta-Strategy (UCB),-0.20596472482793812
2022-12-13,Bandit Meta-Strategy (UCB),-0.20011077167297775
2022-12-14,Bandit Meta-Strategy (UCB),-0.20000915734774852
2022-12-15,Bandit Meta-Strategy (UCB),-0.21500943677751277
2022-12-16,Bandit Meta-Strategy (UCB),-0.22602361348047414
2022-12-19,Bandit Meta-Strategy (UCB),-0.23038490719387908
2022-12-20,Bandit Meta-Strategy (UCB),-0.2299706696602569
2022-12-21,Bandit Meta-Strategy (UCB),-0.22139210072038015
2022-12-22,Bandit Meta-Strategy (UCB),-0.23290307154929946
2022-12-23,Bandit Meta-Strategy (UCB),-0.2272953776233309
2022-12-27,Bandit Meta-Strategy (UCB),-0.2333886019662066
2022-12-28,Bandit Meta-Strategy (UCB),-0.24107691827346203
2022-12-29,Bandit Meta-Strategy (UCB),-0.22930577756175474
2022-12-30,Bandit Meta-Strategy (UCB),-0.22952381897966148
2023-01-03,Bandit Meta-Strategy (UCB),-0.23370705308671344
2023-01-04,Bandit Meta-Strategy (UCB),-0.23088458820410632
2023-01-05,Bandit Meta-Strategy (UCB),-0.23536701798694612
2023-01-06,Bandit Meta-Strategy (UCB),-0.2204059747205888
2023-01-09,Bandit Meta-Strategy (UCB),-0.23040813333118054
2023-01-10,Bandit Meta-Strategy (UCB),-0.22767343068539184
2023-01-11,Bandit Meta-Strategy (UCB),-0.2205499690284379
2023-01-12,Bandit Meta-Strategy (UCB),-0.21850664630111236
2023-01-13,Bandit Meta-Strategy (UCB),-0.21554487991852928
2023-01-17,Bandit Meta-Strategy (UCB),-0.22033017432910976
2023-01-18,Bandit Meta-Strategy (UCB),-0.2349299505694859
2023-01-19,Bandit Meta-Strategy (UCB),-0.23836973266231584
2023-01-20,Bandit Meta-Strategy (UCB),-0.2249454314622768
2023-01-23,Bandit Meta-Strategy (UCB),-0.21870602809723316
2023-01-24,Bandit Meta-Strategy (UCB),-0.2181604543134886
2023-01-25,Bandit Meta-Strategy (UCB),-0.21787519650338044
2023-01-26,Bandit Meta-Strategy (UCB),-0.20724373862851586
2023-01-27,Bandit Meta-Strategy (UCB),-0.20222399303074934
2023-01-30,Bandit Meta-Strategy (UCB),-0.21735131251274148
2023-01-31,Bandit Meta-Strategy (UCB),-0.2051344132592072
2023-02-01,Bandit Meta-Strategy (UCB),-0.19860661853458977
2023-02-02,Bandit Meta-Strategy (UCB),-0.18345359958952678
2023-02-03,Bandit Meta-Strategy (UCB),-0.19161497886275747
2023-02-06,Bandit Meta-Strategy (UCB),-0.19503698045449502
2023-02-07,Bandit Meta-Strategy (UCB),-0.1868682177295378
2023-02-08,Bandit Meta-Strategy (UCB),-0.19440839968581497
2023-02-09,Bandit Meta-Strategy (UCB),-0.20031038312137886
2023-02-10,Bandit Meta-Strategy (UCB),-0.19752279529491468
2023-02-13,Bandit Meta-Strategy (UCB),-0.19224966023352105
2023-02-14,Bandit Meta-Strategy (UCB),-0.19172445957523362
2023-02-15,Bandit Meta-Strategy (UCB),-0.19137238514903557
2023-02-16,Bandit Meta-Strategy (UCB),-0.2041169781726324
2023-02-17,Bandit Meta-Strategy (UCB),-0.20391000595003833
2023-02-21,Bandit Meta-Strategy (UCB),-0.2147882416275618
2023-02-22,Bandit Meta-Strategy (UCB),-0.2177548651466538
2023-02-23,Bandit Meta-Strategy (UCB),-0.21739495937060513
2023-02-24,Bandit Meta-Strategy (UCB),-0.2247868216555415
2023-02-27,Bandit Meta-Strategy (UCB),-0.22405730854436057
2023-02-28,Bandit Meta-Strategy (UCB),-0.22627104050869754
2023-03-01,Bandit Meta-Strategy (UCB),-0.23147862637306563
2023-03-02,Bandit Meta-Strategy (UCB),-0.2302416831907796
2023-03-03,Bandit Meta-Strategy (UCB),-0.21781670781923093
2023-03-06,Bandit Meta-Strategy (UCB),-0.2162861809798867
2023-03-07,Bandit Meta-Strategy (UCB),-0.22762502555565664
2023-03-08,Bandit Meta-Strategy (UCB),-0.23193925425130246
2023-03-09,Bandit Meta-Strategy (UCB),-0.2445434756028811
2023-03-10,Bandit Meta-Strategy (UCB),-0.24904488818765863
2023-03-13,Bandit Meta-Strategy (UCB),-0.24617398839581833
2023-03-14,Bandit Meta-Strategy (UCB),-0.23415077476282736
2023-03-15,Bandit Meta-Strategy (UCB),-0.23494098770513536
2023-03-16,Bandit Meta-Strategy (UCB),-0.22782455418771563
2023-03-17,Bandit Meta-Strategy (UCB),-0.2344909287185843
2023-03-20,Bandit Meta-Strategy (UCB),-0.22602761191729734
2023-03-21,Bandit Meta-Strategy (UCB),-0.21299119140366574
2023-03-22,Bandit Meta-Strategy (UCB),-0.22529437266330923
2023-03-23,Bandit Meta-Strategy (UCB),-0.22106139594924645
2023-03-24,Bandit Meta-Strategy (UCB),-0.2171810116445835
2023-03-27,Bandit Meta-Strategy (UCB),-0.21464011554984216
2023-03-28,Bandit Meta-Strategy (UCB),-0.21764904611777763
2023-03-29,Bandit Meta-Strategy (UCB),-0.2075233269309105
2023-03-30,Bandit Meta-Strategy (UCB),-0.20316531129023385
2023-03-31,Bandit Meta-Strategy (UCB),-0.19141600374469014
2023-04-03,Bandit Meta-Strategy (UCB),-0.1834024283088495
2023-04-04,Bandit Meta-Strategy (UCB),-0.18519952067556747
2023-04-05,Bandit Meta-Strategy (UCB),-0.17969667181846166
2023-04-06,Bandit Meta-Strategy (UCB),-0.1777213867687795
2023-04-10,Bandit Meta-Strategy (UCB),-0.1804008276442692
2023-04-11,Bandit Meta-Strategy (UCB),-0.18111948466649286
2023-04-12,Bandit Meta-Strategy (UCB),-0.18662913083666502
2023-04-13,Bandit Meta-Strategy (UCB),-0.17497373465040078
2023-04-14,Bandit Meta-Strategy (UCB),-0.17520931177703036
2023-04-17,Bandit Meta-Strategy (UCB),-0.17702298698228985
2023-04-18,Bandit Meta-Strategy (UCB),-0.17987183168736742
2023-04-19,Bandit Meta-Strategy (UCB),-0.18133520605603493
2023-04-20,Bandit Meta-Strategy (UCB),-0.18710602697805503
2023-04-21,Bandit Meta-Strategy (UCB),-0.1816463249410032
2023-04-24,Bandit Meta-Strategy (UCB),-0.17944189546148703
2023-04-25,Bandit Meta-Strategy (UCB),-0.18868618256189038
2023-04-26,Bandit Meta-Strategy (UCB),-0.1946637648008596
2023-04-27,Bandit Meta-Strategy (UCB),-0.17656414828647451
2023-04-28,Bandit Meta-Strategy (UCB),-0.1732326495993349
2023-05-01,Bandit Meta-Strategy (UCB),-0.17766486708374232
2023-05-02,Bandit Meta-Strategy (UCB),-0.18566015601857142
2023-05-03,Bandit Meta-Strategy (UCB),-0.19228347247596697
2023-05-04,Bandit Meta-Strategy (UCB),-0.19741873631839546
2023-05-05,Bandit Meta-Strategy (UCB),-0.18671257099418
2023-05-08,Bandit Meta-Strategy (UCB),-0.18337139090245103
2023-05-09,Bandit Meta-Strategy (UCB),-0.18633679474768025
2023-05-10,Bandit Meta-Strategy (UCB),-0.18409753566260526
2023-05-11,Bandit Meta-Strategy (UCB),-0.1830599397828556
2023-05-12,Bandit Meta-Strategy (UCB),-0.1855701068022929
2023-05-15,Bandit Meta-Strategy (UCB),-0.1872943545630586
2023-05-16,Bandit Meta-Strategy (UCB),-0.1905880376934599
2023-05-17,Bandit Meta-Strategy (UCB),-0.18278215671399334
2023-05-18,Bandit Meta-Strategy (UCB),-0.17571049665795302
2023-05-19,Bandit Meta-Strategy (UCB),-0.1764247246934348
2023-05-22,Bandit Meta-Strategy (UCB),-0.17534715710157112
2023-05-23,Bandit Meta-Strategy (UCB),-0.1769283299857832
2023-05-24,Bandit Meta-Strategy (UCB),-0.17936254501233415
2023-05-25,Bandit Meta-Strategy (UCB),-0.18209359183580523
2023-05-26,Bandit Meta-Strategy (UCB),-0.17339144015811808
2023-05-30,Bandit Meta-Strategy (UCB),-0.1736022139844261
2023-05-31,Bandit Meta-Strategy (UCB),-0.17386763582246886
2023-06-01,Bandit Meta-Strategy (UCB),-0.16621622626600238
2023-06-02,Bandit Meta-Strategy (UCB),-0.15380579918360585
2023-06-05,Bandit Meta-Strategy (UCB),-0.15208518952621364
2023-06-06,Bandit Meta-Strategy (UCB),-0.1510676752154236
2023-06-07,Bandit Meta-Strategy (UCB),-0.15111538020995038
2023-06-08,Bandit Meta-Strategy (UCB),-0.14326842743052695
2023-06-09,Bandit Meta-Strategy (UCB),-0.14149283878087418
2023-06-12,Bandit Meta-Strategy (UCB),-0.1369352811768071
2023-06-13,Bandit Meta-Strategy (UCB),-0.13163973414277427
2023-06-14,Bandit Meta-Strategy (UCB),-0.1306083336875249
2023-06-15,Bandit Meta-Strategy (UCB),-0.12240899359325239
2023-06-16,Bandit Meta-Strategy (UCB),-0.12377824332239099
2023-06-20,Bandit Meta-Strategy (UCB),-0.1265356674277986
2023-06-21,Bandit Meta-Strategy (UCB),-0.13065532188475648
2023-06-22,Bandit Meta-Strategy (UCB),-0.12490659971220135
2023-06-23,Bandit Meta-Strategy (UCB),-0.13063556173754634
2023-06-26,Bandit Meta-Strategy (UCB),-0.13962959952729473
2023-06-27,Bandit Meta-Strategy (UCB),-0.1347416065608395
2023-06-28,Bandit Meta-Strategy (UCB),-0.13315277923154317
2023-06-29,Bandit Meta-Strategy (UCB),-0.13242116393390227
2023-06-30,Bandit Meta-Strategy (UCB),-0.12119462437235866
2023-07-03,Bandit Meta-Strategy (UCB),-0.11725105440866067
2023-07-05,Bandit Meta-Strategy (UCB),-0.11621039121097507
2023-07-06,Bandit Meta-Strategy (UCB),-0.12830566114235956
2023-07-07,Bandit Meta-Strategy (UCB),-0.13592395576347854
2023-07-10,Bandit Meta-Strategy (UCB),-0.13491822430456787
2023-07-11,Bandit Meta-Strategy (UCB),-0.13196927421005622
2023-07-12,Bandit Meta-Strategy (UCB),-0.1259843934392627
2023-07-13,Bandit Meta-Strategy (UCB),-0.12134313635736325
2023-07-14,Bandit Meta-Strategy (UCB),-0.12258110863571861
2023-07-17,Bandit Meta-Strategy (UCB),-0.12161708938372426
2023-07-18,Bandit Meta-Strategy (UCB),-0.11883123561739588
2023-07-19,Bandit Meta-Strategy (UCB),-0.11520388993677165
2023-07-20,Bandit Meta-Strategy (UCB),-0.11475494374101233
2023-07-21,Bandit Meta-Strategy (UCB),-0.11167436773195724
2023-07-24,Bandit Meta-Strategy (UCB),-0.10505653230493171
2023-07-25,Bandit Meta-Strategy (UCB),-0.10467122879561376
2023-07-26,Bandit Meta-Strategy (UCB),-0.10147875274726927
2023-07-27,Bandit Meta-Strategy (UCB),-0.10536057560916944
2023-07-28,Bandit Meta-Strategy (UCB),-0.09498127364424294
2023-07-31,Bandit Meta-Strategy (UCB),-0.0971119159893603
2023-08-01,Bandit Meta-Strategy (UCB),-0.10007112458029295
2023-08-02,Bandit Meta-Strategy (UCB),-0.10804374972974494
2023-08-03,Bandit Meta-Strategy (UCB),-0.10441666609798253
2023-08-04,Bandit Meta-Strategy (UCB),-0.10692812844307523
2023-08-07,Bandit Meta-Strategy (UCB),-0.09592491480437858
2023-08-08,Bandit Meta-Strategy (UCB),-0.09813080510162404
2023-08-09,Bandit Meta-Strategy (UCB),-0.10147246916114837
2023-08-10,Bandit Meta-Strategy (UCB),-0.101395178613431
2023-08-11,Bandit Meta-Strategy (UCB),-0.09844349660259429
2023-08-14,Bandit Meta-Strategy (UCB),-0.09764703975854921
2023-08-15,Bandit Meta-Strategy (UCB),-0.10939390235426298
2023-08-16,Bandit Meta-Strategy (UCB),-0.11745448162072568
2023-08-17,Bandit Meta-Strategy (UCB),-0.11936108466488911
2023-08-18,Bandit Meta-Strategy (UCB),-0.11853548396782855
2023-08-21,Bandit Meta-Strategy (UCB),-0.118197220652663
2023-08-22,Bandit Meta-Strategy (UCB),-0.1214444777861731
2023-08-23,Bandit Meta-Strategy (UCB),-0.11707201350348885
2023-08-24,Bandit Meta-Strategy (UCB),-0.12591390431028698
2023-08-25,Bandit Meta-Strategy (UCB),-0.11863998016256196
2023-08-28,Bandit Meta-Strategy (UCB),-0.11646124157758164
2023-08-29,Bandit Meta-Strategy (UCB),-0.10608551617098816
2023-08-30,Bandit Meta-Strategy (UCB),-0.10429888197334868
2023-08-31,Bandit Meta-Strategy (UCB),-0.10511845029414385
2023-09-01,Bandit Meta-Strategy (UCB),-0.10637056012831639
2023-09-05,Bandit Meta-Strategy (UCB),-0.10748928440590726
2023-09-06,Bandit Meta-Strategy (UCB),-0.1131527525131632
2023-09-07,Bandit Meta-Strategy (UCB),-0.11018597118800881
2023-09-08,Bandit Meta-Strategy (UCB),-0.10850617104400422
2023-09-11,Bandit Meta-Strategy (UCB),-0.09834429048039303
2023-09-12,Bandit Meta-Strategy (UCB),-0.09962926788772562
2023-09-13,Bandit Meta-Strategy (UCB),-0.09768170934885559
2023-09-14,Bandit Meta-Strategy (UCB),-0.09181250371843966
2023-09-15,Bandit Meta-Strategy (UCB),-0.10277505627638196
2023-09-18,Bandit Meta-Strategy (UCB),-0.1031901860952518
2023-09-19,Bandit Meta-Strategy (UCB),-0.10465564779735945
2023-09-20,Bandit Meta-Strategy (UCB),-0.11048213217494188
2023-09-21,Bandit Meta-Strategy (UCB),-0.12416078968122188
2023-09-22,Bandit Meta-Strategy (UCB),-0.12776326051169087
2023-09-25,Bandit Meta-Strategy (UCB),-0.1247633880971175
2023-09-26,Bandit Meta-Strategy (UCB),-0.13331337364360127
2023-09-27,Bandit Meta-Strategy (UCB),-0.13398586323117395
2023-09-28,Bandit Meta-Strategy (UCB),-0.13177898448272465
2023-09-29,Bandit Meta-Strategy (UCB),-0.13491327296728034
2023-10-02,Bandit Meta-Strategy (UCB),-0.13379711600963934
2023-10-03,Bandit Meta-Strategy (UCB),-0.140826021680433
2023-10-04,Bandit Meta-Strategy (UCB),-0.13855641345866287
2023-10-05,Bandit Meta-Strategy (UCB),-0.14494263444727679
2023-10-06,Bandit Meta-Strategy (UCB),-0.14321663283162328
2023-10-09,Bandit Meta-Strategy (UCB),-0.13856776768471776
2023-10-10,Bandit Meta-Strategy (UCB),-0.13385156421348657
2023-10-11,Bandit Meta-Strategy (UCB),-0.13878004404906572
2023-10-12,Bandit Meta-Strategy (UCB),-0.1412385725961077
2023-10-13,Bandit Meta-Strategy (UCB),-0.1420562127773505
2023-10-16,Bandit Meta-Strategy (UCB),-0.13293919726181355
2023-10-17,Bandit Meta-Strategy (UCB),-0.13312185979250016
2023-10-18,Bandit Meta-Strategy (UCB),-0.14120835644390142
2023-10-19,Bandit Meta-Strategy (UCB),-0.14690170536203678
2023-10-20,Bandit Meta-Strategy (UCB),-0.15566303534235773
2023-10-23,Bandit Meta-Strategy (UCB),-0.1555716985247938
2023-10-24,Bandit Meta-Strategy (UCB),-0.15059830290186985
2023-10-25,Bandit Meta-Strategy (UCB),-0.15885114294524577
2023-10-26,Bandit Meta-Strategy (UCB),-0.16951255800633055
2023-10-27,Bandit Meta-Strategy (UCB),-0.17641829915874502
2023-10-30,Bandit Meta-Strategy (UCB),-0.167192862793427
2023-10-31,Bandit Meta-Strategy (UCB),-0.16347607797990618
2023-11-01,Bandit Meta-Strategy (UCB),-0.15682159767146048
2023-11-02,Bandit Meta-Strategy (UCB),-0.14338436269676982
2023-11-03,Bandit Meta-Strategy (UCB),-0.14098960592135773
2023-11-06,Bandit Meta-Strategy (UCB),-0.14063887340274178
2023-11-07,Bandit Meta-Strategy (UCB),-0.1400129865485543
2023-11-08,Bandit Meta-Strategy (UCB),-0.14330192733470182
2023-11-09,Bandit Meta-Strategy (UCB),-0.15156831609542648
2023-11-10,Bandit Meta-Strategy (UCB),-0.14301224890850747
2023-11-13,Bandit Meta-Strategy (UCB),-0.13927205936957693
2023-11-14,Bandit Meta-Strategy (UCB),-0.1308861334572548
2023-11-15,Bandit Meta-Strategy (UCB),-0.12671335785182347
2023-11-16,Bandit Meta-Strategy (UCB),-0.13610010943583453
2023-11-17,Bandit Meta-Strategy (UCB),-0.13439653474986554
2023-11-20,Bandit Meta-Strategy (UCB),-0.13221111117256157
2023-11-21,Bandit Meta-Strategy (UCB),-0.13057601908199273
2023-11-22,Bandit Meta-Strategy (UCB),-0.13009763050005668
2023-11-24,Bandit Meta-Strategy (UCB),-0.12727994524384714
2023-11-27,Bandit Meta-Strategy (UCB),-0.12942734885996146
2023-11-28,Bandit Meta-Strategy (UCB),-0.1253262425673799
2023-11-29,Bandit Meta-Strategy (UCB),-0.13061437819592903
2023-11-30,Bandit Meta-Strategy (UCB),-0.12819516748887294
2023-12-01,Bandit Meta-Strategy (UCB),-0.1287133029606684
2023-12-04,Bandit Meta-Strategy (UCB),-0.13292529588788832
2023-12-05,Bandit Meta-Strategy (UCB),-0.13629333244804326
2023-12-06,Bandit Meta-Strategy (UCB),-0.14290456910800553
2023-12-07,Bandit Meta-Strategy (UCB),-0.14004033668140262
2023-12-08,Bandit Meta-Strategy (UCB),-0.13999909500563557
2023-12-11,Bandit Meta-Strategy (UCB),-0.14119475408689505
2023-12-12,Bandit Meta-Strategy (UCB),-0.1404597916846006
2023-12-13,Bandit Meta-Strategy (UCB),-0.13368239433008772
2023-12-14,Bandit Meta-Strategy (UCB),-0.13287469636124688
2023-12-15,Bandit Meta-Strategy (UCB),-0.13270375827653302
2023-12-18,Bandit Meta-Strategy (UCB),-0.12336818659363025
2023-12-19,Bandit Meta-Strategy (UCB),-0.11648026705905729
2023-12-20,Bandit Meta-Strategy (UCB),-0.13027495665105457
2023-12-21,Bandit Meta-Strategy (UCB),-0.12171576452983879
2023-12-22,Bandit Meta-Strategy (UCB),-0.11924997226585077
2023-12-26,Bandit Meta-Strategy (UCB),-0.11606548403987842
2023-12-27,Bandit Meta-Strategy (UCB),-0.11385256691030987
2023-12-28,Bandit Meta-Strategy (UCB),-0.1167758004048635
2023-12-29,Bandit Meta-Strategy (UCB),-0.11859127523882687
2024-01-02,Bandit Meta-Strategy (UCB),-0.11242883971536441
2024-01-03,Bandit Meta-Strategy (UCB),-0.11474479652454979
2024-01-04,Bandit Meta-Strategy (UCB),-0.11882053059832316
2024-01-05,Bandit Meta-Strategy (UCB),-0.11734683311027472
2024-01-08,Bandit Meta-Strategy (UCB),-0.10993438780808214
2024-01-09,Bandit Meta-Strategy (UCB),-0.11071443685982121
2024-01-10,Bandit Meta-Strategy (UCB),-0.10612260050835562
2024-01-11,Bandit Meta-Strategy (UCB),-0.1083424952811328
2024-01-12,Bandit Meta-Strategy (UCB),-0.10601791819224833
2024-01-16,Bandit Meta-Strategy (UCB),-0.11211377148361162
2024-01-17,Bandit Meta-Strategy (UCB),-0.11602649818996644
2024-01-18,Bandit Meta-Strategy (UCB),-0.11237293160473155
2024-01-19,Bandit Meta-Strategy (UCB),-0.10787573891066775
2024-01-22,Bandit Meta-Strategy (UCB),-0.10812706391008224
2024-01-23,Bandit Meta-Strategy (UCB),-0.10289048648291477
2024-01-24,Bandit Meta-Strategy (UCB),-0.10130123913053966
2024-01-25,Bandit Meta-Strategy (UCB),-0.0969727853225068
2024-01-26,Bandit Meta-Strategy (UCB),-0.09373400526682368
2024-01-29,Bandit Meta-Strategy (UCB),-0.08757414374049043
2024-01-30,Bandit Meta-Strategy (UCB),-0.08606736309154027
2024-01-31,Bandit Meta-Strategy (UCB),-0.09761689980168498
2024-02-01,Bandit Meta-Strategy (UCB),-0.08902778953372494
2024-02-02,Bandit Meta-Strategy (UCB),-0.07623187258730967
2024-02-05,Bandit Meta-Strategy (UCB),-0.08167524326655543
2024-02-06,Bandit Meta-Strategy (UCB),-0.07655800070317252
2024-02-07,Bandit Meta-Strategy (UCB),-0.07145374800398172
2024-02-08,Bandit Meta-Strategy (UCB),-0.0705802360419357
2024-02-09,Bandit Meta-Strategy (UCB),-0.06963377418156232
2024-02-12,Bandit Meta-Strategy (UCB),-0.06828108450825
2024-02-13,Bandit Meta-Strategy (UCB),-0.07941127043250516
2024-02-14,Bandit Meta-Strategy (UCB),-0.07484346643684306
2024-02-15,Bandit Meta-Strategy (UCB),-0.06387903297187561
2024-02-16,Bandit Meta-Strategy (UCB),-0.06688287252674648
2024-02-20,Bandit Meta-Strategy (UCB),-0.06616367644428031
2024-02-21,Bandit Meta-Strategy (UCB),-0.06305108326674806
2024-02-22,Bandit Meta-Strategy (UCB),-0.04793794466955297
2024-02-23,Bandit Meta-Strategy (UCB),-0.04804663227062912
2024-02-26,Bandit Meta-Strategy (UCB),-0.128808008453223
2024-02-27,Bandit Meta-Strategy (UCB),-0.1281673457858409
2024-02-28,Bandit Meta-Strategy (UCB),-0.12751132953192082
2024-02-29,Bandit Meta-Strategy (UCB),-0.12620193764536433
2024-03-01,Bandit Meta-Strategy (UCB),-0.12030114413090132
2024-03-04,Bandit Meta-Strategy (UCB),-0.12734777639287542
2024-03-05,Bandit Meta-Strategy (UCB),-0.1302513988119486
2024-03-06,Bandit Meta-Strategy (UCB),-0.12684008536860847
2024-03-07,Bandit Meta-Strategy (UCB),-0.12002783337960188
2024-03-08,Bandit Meta-Strategy (UCB),-0.122311640765529
2024-03-11,Bandit Meta-Strategy (UCB),-0.11995980993459533
2024-03-12,Bandit Meta-Strategy (UCB),-0.11135025509795371
2024-03-13,Bandit Meta-Strategy (UCB),-0.11187136738632136
2024-03-14,Bandit Meta-Strategy (UCB),-0.11464706837437263
2024-03-15,Bandit Meta-Strategy (UCB),-0.12060022296285805
2024-03-18,Bandit Meta-Strategy (UCB),-0.11335377610269266
2024-03-19,Bandit Meta-Strategy (UCB),-0.11127704538845241
2024-03-20,Bandit Meta-Strategy (UCB),-0.10518740685283347
2024-03-21,Bandit Meta-Strategy (UCB),-0.10399829225661089
2024-03-22,Bandit Meta-Strategy (UCB),-0.10425848415484446
2024-03-25,Bandit Meta-Strategy (UCB),-0.10522198950371396
2024-03-26,Bandit Meta-Strategy (UCB),-0.10636707938333591
2024-03-27,Bandit Meta-Strategy (UCB),-0.10076668711561644
2024-03-28,Bandit Meta-Strategy (UCB),-0.10162064654167895
2024-04-01,Bandit Meta-Strategy (UCB),-0.10208309426349407
2024-04-02,Bandit Meta-Strategy (UCB),-0.10324465092685985
2024-04-03,Bandit Meta-Strategy (UCB),-0.10789721929085286
2024-04-04,Bandit Meta-Strategy (UCB),-0.11509184496240589
2024-04-05,Bandit Meta-Strategy (UCB),-0.1067381662243434
2024-04-08,Bandit Meta-Strategy (UCB),-0.1076086253049413
2024-04-09,Bandit Meta-Strategy (UCB),-0.10543505643176461
2024-04-10,Bandit Meta-Strategy (UCB),-0.1084589985356039
2024-04-11,Bandit Meta-Strategy (UCB),-0.10614370549856245
2024-04-12,Bandit Meta-Strategy (UCB),-0.1173541597900705
2024-04-15,Bandit Meta-Strategy (UCB),-0.12603313761426382
2024-04-16,Bandit Meta-Strategy (UCB),-0.13105554323260338
2024-04-17,Bandit Meta-Strategy (UCB),-0.1333588425599935
2024-04-18,Bandit Meta-Strategy (UCB),-0.13283818664595679
2024-04-19,Bandit Meta-Strategy (UCB),-0.13758798735031358
2024-04-22,Bandit Meta-Strategy (UCB),-0.1299112773353365
2024-04-23,Bandit Meta-Strategy (UCB),-0.12133997534980548
2024-04-24,Bandit Meta-Strategy (UCB),-0.12015786438604131
2024-04-25,Bandit Meta-Strategy (UCB),-0.1281903785243564
2024-04-26,Bandit Meta-Strategy (UCB),-0.12398024265386656
2024-04-29,Bandit Meta-Strategy (UCB),-0.11864353600397752
2024-04-30,Bandit Meta-Strategy (UCB),-0.1295431358043201
2024-05-01,Bandit Meta-Strategy (UCB),-0.12397117121708184
2024-05-02,Bandit Meta-Strategy (UCB),-0.11761004602840089
2024-05-03,Bandit Meta-Strategy (UCB),-0.11175804322877671
2024-05-06,Bandit Meta-Strategy (UCB),-0.10382092430437383
2024-05-07,Bandit Meta-Strategy (UCB),-0.10451887745740687
2024-05-08,Bandit Meta-Strategy (UCB),-0.10467097143521159
2024-05-09,Bandit Meta-Strategy (UCB),-0.09974945103552284
2024-05-10,Bandit Meta-Strategy (UCB),-0.10037582675354975
2024-05-13,Bandit Meta-Strategy (UCB),-0.09957997540143615
2024-05-14,Bandit Meta-Strategy (UCB),-0.09797862950760913
2024-05-15,Bandit Meta-Strategy (UCB),-0.09111005982679315
2024-05-16,Bandit Meta-Strategy (UCB),-0.0880174743272682
2024-05-17,Bandit Meta-Strategy (UCB),-0.08512638990020419
2024-05-20,Bandit Meta-Strategy (UCB),-0.09040032106129924
2024-05-21,Bandit Meta-Strategy (UCB),-0.08616339094699432
2024-05-22,Bandit Meta-Strategy (UCB),-0.0878906910504232
2024-05-23,Bandit Meta-Strategy (UCB),-0.09774165676058535
2024-05-24,Bandit Meta-Strategy (UCB),-0.09402261773186925
2024-05-28,Bandit Meta-Strategy (UCB),-0.09373926423352999
2024-05-29,Bandit Meta-Strategy (UCB),-0.09831207787203967
2024-05-30,Bandit Meta-Strategy (UCB),-0.10031660897357915
2024-05-31,Bandit Meta-Strategy (UCB),-0.09183637456170718
2024-06-03,Bandit Meta-Strategy (UCB),-0.08962573835643331
2024-06-04,Bandit Meta-Strategy (UCB),-0.08735208203252762
2024-06-05,Bandit Meta-Strategy (UCB),-0.0810964996554258
2024-06-06,Bandit Meta-Strategy (UCB),-0.07786101945847854
2024-06-07,Bandit Meta-Strategy (UCB),-0.0822498786036949
2024-06-10,Bandit Meta-Strategy (UCB),-0.13229463059618085
2024-06-11,Bandit Meta-Strategy (UCB),-0.13319576065338215
2024-06-12,Bandit Meta-Strategy (UCB),-0.1359118715166217
2024-06-13,Bandit Meta-Strategy (UCB),-0.1361193984052875
2024-06-14,Bandit Meta-Strategy (UCB),-0.13687842580342616
2024-06-17,Bandit Meta-Strategy (UCB),-0.13359439460976072
2024-06-18,Bandit Meta-Strategy (UCB),-0.13221095534529123
2024-06-20,Bandit Meta-Strategy (UCB),-0.1276053820012736
2024-06-21,Bandit Meta-Strategy (UCB),-0.12583794872813073
2024-06-24,Bandit Meta-Strategy (UCB),-0.12095992489897438
2024-06-25,Bandit Meta-Strategy (UCB),-0.12179544625634246
2024-06-26,Bandit Meta-Strategy (UCB),-0.1171388164175917
2024-06-27,Bandit Meta-Strategy (UCB),-0.11526892472213233
2024-06-28,Bandit Meta-Strategy (UCB),-0.12084189079902793
2024-07-01,Bandit Meta-Strategy (UCB),-0.11844647127289723
2024-07-02,Bandit Meta-Strategy (UCB),-0.11099718879813822
2024-07-03,Bandit Meta-Strategy (UCB),-0.10753464662457454
2024-07-05,Bandit Meta-Strategy (UCB),-0.09798716635829356
2024-07-08,Bandit Meta-Strategy (UCB),-0.10196792231428906
2024-07-09,Bandit Meta-Strategy (UCB),-0.10055184192318202
2024-07-10,Bandit Meta-Strategy (UCB),-0.09328121783779976
2024-07-11,Bandit Meta-Strategy (UCB),-0.103995426901833
2024-07-12,Bandit Meta-Strategy (UCB),-0.10275443588292164
2024-07-15,Bandit Meta-Strategy (UCB),-0.10078157889442749
2024-07-16,Bandit Meta-Strategy (UCB),-0.0933595953833547
2024-07-17,Bandit Meta-Strategy (UCB),-0.09110199531853137
2024-07-18,Bandit Meta-Strategy (UCB),-0.0947152033684324
2024-07-19,Bandit Meta-Strategy (UCB),-0.10156009255479065
2024-07-22,Bandit Meta-Strategy (UCB),-0.09821599115808696
2024-07-23,Bandit Meta-Strategy (UCB),-0.10339449832287949
2024-07-24,Bandit Meta-Strategy (UCB),-0.11329246113399305
2024-07-25,Bandit Meta-Strategy (UCB),-0.11138084081680172
2024-07-26,Bandit Meta-Strategy (UCB),-0.10387964016999239
2024-07-29,Bandit Meta-Strategy (UCB),-0.10337382281185087
2024-07-30,Bandit Meta-Strategy (UCB),-0.10543866587431724
2024-07-31,Bandit Meta-Strategy (UCB),-0.105849573899157
2024-08-01,Bandit Meta-Strategy (UCB),-0.10515841647257827
2024-08-02,Bandit Meta-Strategy (UCB),-0.1110613430630907
2024-08-05,Bandit Meta-Strategy (UCB),-0.13278106692329858
2024-08-06,Bandit Meta-Strategy (UCB),-0.12793232159357504
2024-08-07,Bandit Meta-Strategy (UCB),-0.13269572882468045
2024-08-08,Bandit Meta-Strategy (UCB),-0.11894839873359332
2024-08-09,Bandit Meta-Strategy (UCB),-0.11588484253165209
2024-08-12,Bandit Meta-Strategy (UCB),-0.11826335776604825
2024-08-13,Bandit Meta-Strategy (UCB),-0.1110716879162932
2024-08-14,Bandit Meta-Strategy (UCB),-0.10653885406862086
2024-08-15,Bandit Meta-Strategy (UCB),-0.0938520987297377
2024-08-16,Bandit Meta-Strategy (UCB),-0.09226639270286648
2024-08-19,Bandit Meta-Strategy (UCB),-0.08480174106032576
2024-08-20,Bandit Meta-Strategy (UCB),-0.08556955456763911
2024-08-21,Bandit Meta-Strategy (UCB),-0.08232716417580466
2024-08-22,Bandit Meta-Strategy (UCB),-0.08748704767849487
2024-08-23,Bandit Meta-Strategy (UCB),-0.08080051210427952
2024-08-26,Bandit Meta-Strategy (UCB),-0.07838836716767492
2024-08-27,Bandit Meta-Strategy (UCB),-0.08039852772172057
2024-08-28,Bandit Meta-Strategy (UCB),-0.08535738815259276
2024-08-29,Bandit Meta-Strategy (UCB),-0.08291039318584793
2024-08-30,Bandit Meta-Strategy (UCB),-0.07425398384408698
2024-09-03,Bandit Meta-Strategy (UCB),-0.08469337071259989
2024-09-04,Bandit Meta-Strategy (UCB),-0.08439637677034087
2024-09-05,Bandit Meta-Strategy (UCB),-0.08591110420655523
2024-09-06,Bandit Meta-Strategy (UCB),-0.09757992778985938
2024-09-09,Bandit Meta-Strategy (UCB),-0.08507550352481287
2024-09-10,Bandit Meta-Strategy (UCB),-0.08350776349444711
2024-09-11,Bandit Meta-Strategy (UCB),-0.08295116293774181
2024-09-12,Bandit Meta-Strategy (UCB),-0.07724798059875458
2024-09-13,Bandit Meta-Strategy (UCB),-0.07292476256599352
2024-09-16,Bandit Meta-Strategy (UCB),-0.0660119446767044
2024-09-17,Bandit Meta-Strategy (UCB),-0.0651543349613619
2024-09-18,Bandit Meta-Strategy (UCB),-0.06898771050455799
2024-09-19,Bandit Meta-Strategy (UCB),-0.06286976971663237
2024-09-20,Bandit Meta-Strategy (UCB),-0.06182605063119358
2024-09-23,Bandit Meta-Strategy (UCB),-0.057546383217201784
2024-09-24,Bandit Meta-Strategy (UCB),-0.056655423449666585
2024-09-25,Bandit Meta-Strategy (UCB),-0.0599309471879841
2024-09-26,Bandit Meta-Strategy (UCB),-0.06137563152388965
2024-09-27,Bandit Meta-Strategy (UCB),-0.05810305644178801
2024-09-30,Bandit Meta-Strategy (UCB),-0.05427620043987927
2024-10-01,Bandit Meta-Strategy (UCB),-0.05650851731283227
2024-10-02,Bandit Meta-Strategy (UCB),-0.058451524953042414
2024-10-03,Bandit Meta-Strategy (UCB),-0.06028817939850674
2024-10-04,Bandit Meta-Strategy (UCB),-0.05183480629206222
2024-10-07,Bandit Meta-Strategy (UCB),-0.06233648404904369
2024-10-08,Bandit Meta-Strategy (UCB),-0.05665876864691002
2024-10-09,Bandit Meta-Strategy (UCB),-0.05093368165540105
2024-10-10,Bandit Meta-Strategy (UCB),-0.053235226998740434
2024-10-11,Bandit Meta-Strategy (UCB),-0.05001980567985118
2024-10-14,Bandit Meta-Strategy (UCB),-0.045648995966562717
2024-10-15,Bandit Meta-Strategy (UCB),-0.04798938308473808
2024-10-16,Bandit Meta-Strategy (UCB),-0.044804839899951134
2024-10-17,Bandit Meta-Strategy (UCB),-0.04710262425459106
2024-10-18,Bandit Meta-Strategy (UCB),-0.038866006651752785
2024-10-21,Bandit Meta-Strategy (UCB),-0.04248361030232619
2024-10-22,Bandit Meta-Strategy (UCB),-0.040704452273042736
2024-10-23,Bandit Meta-Strategy (UCB),-0.04712645093013008
2024-10-24,Bandit Meta-Strategy (UCB),-0.04299267580796833
2024-10-25,Bandit Meta-Strategy (UCB),-0.04540137802641681
2024-10-28,Bandit Meta-Strategy (UCB),-0.042866255920735445
2024-10-29,Bandit Meta-Strategy (UCB),-0.04698397094072224
2024-10-30,Bandit Meta-Strategy (UCB),-0.04793790114215442
2024-10-31,Bandit Meta-Strategy (UCB),-0.057963438203418594
2024-11-01,Bandit Meta-Strategy (UCB),-0.05673238761997307
2024-11-04,Bandit Meta-Strategy (UCB),-0.057471214250885944
2024-11-05,Bandit Meta-Strategy (UCB),-0.048441154144907524
2024-11-06,Bandit Meta-Strategy (UCB),-0.035405146723098115
2024-11-07,Bandit Meta-Strategy (UCB),-0.02764260854795799
2024-11-08,Bandit Meta-Strategy (UCB),-0.02258052682804558
2024-11-11,Bandit Meta-Strategy (UCB),-0.021108102830492748
2024-11-12,Bandit Meta-Strategy (UCB),-0.02247646695745232
2024-11-13,Bandit Meta-Strategy (UCB),-0.017612948577751624
2024-11-14,Bandit Meta-Strategy (UCB),-0.019853493430186157
2024-11-15,Bandit Meta-Strategy (UCB),-0.022069512112727386
2024-11-18,Bandit Meta-Strategy (UCB),-0.016231408923485607
2024-11-19,Bandit Meta-Strategy (UCB),-0.010042239122695263
2024-11-20,Bandit Meta-Strategy (UCB),-0.008586870672873694
2024-11-21,Bandit Meta-Strategy (UCB),-0.0014402370043363761
2024-11-22,Bandit Meta-Strategy (UCB),0.0
2024-11-25,Bandit Meta-Strategy (UCB),-0.0026546189365929044
2024-11-26,Bandit Meta-Strategy (UCB),0.0
2024-11-27,Bandit Meta-Strategy (UCB),0.0
2024-11-29,Bandit Meta-Strategy (UCB),0.0
2024-12-02,Bandit Meta-Strategy (UCB),0.0
2024-12-03,Bandit Meta-Strategy (UCB),-0.002652562163776468
2024-12-04,Bandit Meta-Strategy (UCB),-0.003412843199863901
2024-12-05,Bandit Meta-Strategy (UCB),0.0
2024-12-06,Bandit Meta-Strategy (UCB),0.0
2024-12-09,Bandit Meta-Strategy (UCB),-0.009696224039442267
2024-12-10,Bandit Meta-Strategy (UCB),-0.007148254152561435
2024-12-11,Bandit Meta-Strategy (UCB),-0.0007509693571652196
2024-12-12,Bandit Meta-Strategy (UCB),-0.004070539011088814
2024-12-13,Bandit Meta-Strategy (UCB),-0.006611464920107182
2024-12-16,Bandit Meta-Strategy (UCB),-0.006316419038799962
2024-12-17,Bandit Meta-Strategy (UCB),-0.001598390611876027
2024-12-18,Bandit Meta-Strategy (UCB),-0.02606213629507255
2024-12-19,Bandit Meta-Strategy (UCB),-0.02567960013117315
2024-12-20,Bandit Meta-Strategy (UCB),-0.023332207899170395
2024-12-23,Bandit Meta-Strategy (UCB),-0.019113817547065638
2024-12-24,Bandit Meta-Strategy (UCB),-0.0056646287867067125
2024-12-26,Bandit Meta-Strategy (UCB),-0.007678472799077557
2024-12-27,Bandit Meta-Strategy (UCB),-0.0178715126191125
2024-12-30,Bandit Meta-Strategy (UCB),-0.028582414710785035
2024-12-31,Bandit Meta-Strategy (UCB),-0.030297233001542044
2025-01-02,Bandit Meta-Strategy (UCB),-0.03447484426019962
2025-01-03,Bandit Meta-Strategy (UCB),-0.026231383814921034
2025-01-06,Bandit Meta-Strategy (UCB),-0.024729646758020734
2025-01-07,Bandit Meta-Strategy (UCB),-0.03021381245663287
2025-01-08,Bandit Meta-Strategy (UCB),-0.03379914620490848
2025-01-10,Bandit Meta-Strategy (UCB),-0.04445932084474821
2025-01-13,Bandit Meta-Strategy (UCB),-0.04227351956515614
2025-01-14,Bandit Meta-Strategy (UCB),-0.04486384239137774
2025-01-15,Bandit Meta-Strategy (UCB),-0.02825787893631446
2025-01-16,Bandit Meta-Strategy (UCB),-0.03143653431820888
2025-01-17,Bandit Meta-Strategy (UCB),-0.022825461280719564
2025-01-21,Bandit Meta-Strategy (UCB),-0.016014170124086242
2025-01-22,Bandit Meta-Strategy (UCB),-0.00870614587618823
2025-01-23,Bandit Meta-Strategy (UCB),0.0
2025-01-24,Bandit Meta-Strategy (UCB),-0.0029299219556322984
2025-01-27,Bandit Meta-Strategy (UCB),0.0
2025-01-28,Bandit Meta-Strategy (UCB),-0.0007087049128982284
2025-01-29,Bandit Meta-Strategy (UCB),-0.001343068258970181
2025-01-30,Bandit Meta-Strategy (UCB),0.0
2025-01-31,Bandit Meta-Strategy (UCB),-0.0059494605103412495
2025-02-03,Bandit Meta-Strategy (UCB),-0.006143117387918572
2025-02-04,Bandit Meta-Strategy (UCB),0.0
2025-02-05,Bandit Meta-Strategy (UCB),0.0
2025-02-06,Bandit Meta-Strategy (UCB),0.0
2025-02-07,Bandit Meta-Strategy (UCB),-0.007073992651076164
2025-02-10,Bandit Meta-Strategy (UCB),-0.0014716522146668728
2025-02-11,Bandit Meta-Strategy (UCB),-0.0007923823862991801
2025-02-12,Bandit Meta-Strategy (UCB),-0.001124944637912741
2025-02-13,Bandit Meta-Strategy (UCB),0.0
2025-02-14,Bandit Meta-Strategy (UCB),-0.0043996643433356145
2025-02-18,Bandit Meta-Strategy (UCB),-0.006243964456330905
2025-02-19,Bandit Meta-Strategy (UCB),-0.001756042331290249
2025-02-20,Bandit Meta-Strategy (UCB),-0.01060241418675411
2025-02-21,Bandit Meta-Strategy (UCB),-0.0194578960375631
2025-02-24,Bandit Meta-Strategy (UCB),-0.023338292736335333
2025-02-25,Bandit Meta-Strategy (UCB),-0.024460648714411507
2025-02-26,Bandit Meta-Strategy (UCB),-0.026937730698326997
2025-02-27,Bandit Meta-Strategy (UCB),-0.03518778190760578
2025-02-28,Bandit Meta-Strategy (UCB),-0.019065324352978832
2025-03-03,Bandit Meta-Strategy (UCB),-0.029777603645474594
2025-03-04,Bandit Meta-Strategy (UCB),-0.046133804582557336
2025-03-05,Bandit Meta-Strategy (UCB),-0.03948002149166398
2025-03-06,Bandit Meta-Strategy (UCB),-0.05798698682813959
2025-03-07,Bandit Meta-Strategy (UCB),-0.05786719440258726
2025-03-10,Bandit Meta-Strategy (UCB),-0.0766862231488863
2025-03-11,Bandit Meta-Strategy (UCB),-0.08485097705440056
2025-03-12,Bandit Meta-Strategy (UCB),-0.08442675941814273
2025-03-13,Bandit Meta-Strategy (UCB),-0.09708029961363596
2025-03-14,Bandit Meta-Strategy (UCB),-0.08288672564369458
2025-03-17,Bandit Meta-Strategy (UCB),-0.07619430089813205
2025-03-18,Bandit Meta-Strategy (UCB),-0.08649880988370134
2025-03-19,Bandit Meta-Strategy (UCB),-0.07691210165217918
2025-03-20,Bandit Meta-Strategy (UCB),-0.07853657968328163
2025-03-21,Bandit Meta-Strategy (UCB),-0.0759534349375033
2025-03-24,Bandit Meta-Strategy (UCB),-0.062141586800144824
2025-03-25,Bandit Meta-Strategy (UCB),-0.06191625721902812
2025-03-26,Bandit Meta-Strategy (UCB),-0.06692429623801728
2025-03-27,Bandit Meta-Strategy (UCB),-0.06460288148320975
2025-03-28,Bandit Meta-Strategy (UCB),-0.08037315560246577
2025-03-31,Bandit Meta-Strategy (UCB),-0.07187847583601453
2025-04-01,Bandit Meta-Strategy (UCB),-0.07756945070973763
2025-04-02,Bandit Meta-Strategy (UCB),-0.07318361480588426
2025-04-03,Bandit Meta-Strategy (UCB),-0.10225767475932421
2025-04-04,Bandit Meta-Strategy (UCB),-0.15389926733299675
2025-04-07,Bandit Meta-Strategy (UCB),-0.15795803528096702
2025-04-08,Bandit Meta-Strategy (UCB),-0.1699326986449043
2025-04-09,Bandit Meta-Strategy (UCB),-0.10656229935554205
2025-04-10,Bandit Meta-Strategy (UCB),-0.13156988927449006
2025-04-11,Bandit Meta-Strategy (UCB),-0.11726484599197487
2025-04-14,Bandit Meta-Strategy (UCB),-0.11101226031394673
2025-04-15,Bandit Meta-Strategy (UCB),-0.10958478248542317
2025-04-16,Bandit Meta-Strategy (UCB),-0.1256009991638984
2025-04-17,Bandit Meta-Strategy (UCB),-0.11446800926406664
2025-04-21,Bandit Meta-Strategy (UCB),-0.12887014077476583
2025-04-22,Bandit Meta-Strategy (UCB),-0.10625843930750334
2025-04-23,Bandit Meta-Strategy (UCB),-0.10052831453948832
2025-04-24,Bandit Meta-Strategy (UCB),-0.09114555458081353
2025-04-25,Bandit Meta-Strategy (UCB),-0.08422381847381366
2025-04-28,Bandit Meta-Strategy (UCB),-0.0826563547404089
2025-04-29,Bandit Meta-Strategy (UCB),-0.07581376404033742
2025-04-30,Bandit Meta-Strategy (UCB),-0.07634621435323653
2025-05-01,Bandit Meta-Strategy (UCB),-0.07821216559394152
2025-05-02,Bandit Meta-Strategy (UCB),-0.06669987981304913
2025-05-05,Bandit Meta-Strategy (UCB),-0.07428817386830802
2025-05-06,Bandit Meta-Strategy (UCB),-0.07729799425018263
2025-05-07,Bandit Meta-Strategy (UCB),-0.0717388997075052
2025-05-08,Bandit Meta-Strategy (UCB),-0.07168933536711704
2025-05-09,Bandit Meta-Strategy (UCB),-0.07491642598336916
2025-05-12,Bandit Meta-Strategy (UCB),-0.05778080111342021
2025-05-13,Bandit Meta-Strategy (UCB),-0.05883845205844133
2025-05-14,Bandit Meta-Strategy (UCB),-0.05519635781024943
2025-05-15,Bandit Meta-Strategy (UCB),-0.043831812359065525
2025-05-16,Bandit Meta-Strategy (UCB),-0.03676885198812005
2025-05-19,Bandit Meta-Strategy (UCB),-0.03630833145287517
2025-05-20,Bandit Meta-Strategy (UCB),-0.037636049726535475
2025-05-21,Bandit Meta-Strategy (UCB),-0.04361534314953865
2025-05-22,Bandit Meta-Strategy (UCB),-0.044662645487044975
2025-05-23,Bandit Meta-Strategy (UCB),-0.04630104587558778
2025-05-27,Bandit Meta-Strategy (UCB),-0.03146838642285169
2025-05-28,Bandit Meta-Strategy (UCB),-0.03740706981560746
2025-05-29,Bandit Meta-Strategy (UCB),-0.03240637635714485
2025-05-30,Bandit Meta-Strategy (UCB),-0.030106372484822706
2025-06-02,Bandit Meta-Strategy (UCB),-0.029561633444189165
2025-06-03,Bandit Meta-Strategy (UCB),-0.03042369152825855
2025-06-04,Bandit Meta-Strategy (UCB),-0.031699030673920485
2025-06-05,Bandit Meta-Strategy (UCB),-0.04197294565945946
2025-06-06,Bandit Meta-Strategy (UCB),-0.031354841415133734
2025-06-09,Bandit Meta-Strategy (UCB),-0.028190583851006704
2025-06-10,Bandit Meta-Strategy (UCB),-0.019273309687437637
2025-06-11,Bandit Meta-Strategy (UCB),-0.022198624088931095
2025-06-12,Bandit Meta-Strategy (UCB),-0.019526886428094047
2025-06-13,Bandit Meta-Strategy (UCB),-0.02717139328174281
2025-06-16,Bandit Meta-Strategy (UCB),-0.024235978634678624
2025-06-17,Bandit Meta-Strategy (UCB),-0.03365729501602733
2025-06-18,Bandit Meta-Strategy (UCB),-0.038410579263116085
2025-06-20,Bandit Meta-Strategy (UCB),-0.04136821693980474
2025-06-23,Bandit Meta-Strategy (UCB),-0.03171099301650354
2025-06-24,Bandit Meta-Strategy (UCB),-0.02698521426113296
2025-06-25,Bandit Meta-Strategy (UCB),-0.026209577826690745
2025-06-26,Bandit Meta-Strategy (UCB),-0.02146064845787986
2025-06-27,Bandit Meta-Strategy (UCB),-0.01328525117268827
2025-06-30,Bandit Meta-Strategy (UCB),-0.013248086950393801
2025-07-01,Bandit Meta-Strategy (UCB),-0.011080038073287205
2025-07-02,Bandit Meta-Strategy (UCB),-0.007240562192828948
2025-07-03,Bandit Meta-Strategy (UCB),-0.0015143699784261559
2025-07-07,Bandit Meta-Strategy (UCB),-0.009615924290473695
2025-07-08,Bandit Meta-Strategy (UCB),-0.011948918794096227
2025-07-09,Bandit Meta-Strategy (UCB),-0.00915775913632819
2025-07-10,Bandit Meta-Strategy (UCB),-0.004797815307548634
2025-07-11,Bandit Meta-Strategy (UCB),-0.006672955238721306
2025-07-14,Bandit Meta-Strategy (UCB),-0.00898888452934781
2025-07-15,Bandit Meta-Strategy (UCB),-0.013219760382748963
2025-07-16,Bandit Meta-Strategy (UCB),-0.0011074240400843968
2025-07-17,Bandit Meta-Strategy (UCB),0.0
2025-07-18,Bandit Meta-Strategy (UCB),-0.005011837231627921
2025-07-21,Bandit Meta-Strategy (UCB),-8.895721493502969e-05
2025-07-22,Bandit Meta-Strategy (UCB),0.0
2025-07-23,Bandit Meta-Strategy (UCB),0.0
2025-07-24,Bandit Meta-Strategy (UCB),0.0
2025-07-25,Bandit Meta-Strategy (UCB),-0.000285870060356277
2025-07-28,Bandit Meta-Strategy (UCB),-0.002581744258008391
2025-07-29,Bandit Meta-Strategy (UCB),0.0
2025-07-30,Bandit Meta-Strategy (UCB),-0.004559938171826678
2025-07-31,Bandit Meta-Strategy (UCB),-0.01264275330468541
2025-08-01,Bandit Meta-Strategy (UCB),-0.01682884592781901
2025-08-04,Bandit Meta-Strategy (UCB),-0.003557758593482688
2025-08-05,Bandit Meta-Strategy (UCB),-0.005494414328409362
2025-08-06,Bandit Meta-Strategy (UCB),0.0
2025-08-07,Bandit Meta-Strategy (UCB),0.0
2025-08-08,Bandit Meta-Strategy (UCB),0.0
2025-08-11,Bandit Meta-Strategy (UCB),0.0
2025-08-12,Bandit Meta-Strategy (UCB),0.0
2025-08-13,Bandit Meta-Strategy (UCB),0.0
2025-08-14,Bandit Meta-Strategy (UCB),-0.0008111395593784377
2025-08-15,Bandit Meta-Strategy (UCB),0.0
2025-08-18,Bandit Meta-Strategy (UCB),0.0
2025-08-19,Bandit Meta-Strategy (UCB),0.0
2025-08-20,Bandit Meta-Strategy (UCB),0.0
2025-08-21,Bandit Meta-Strategy (UCB),-0.0031144915055021415
2025-08-22,Bandit Meta-Strategy (UCB),0.0
2025-08-25,Bandit Meta-Strategy (UCB),-0.003452783136756554
2025-08-26,Bandit Meta-Strategy (UCB),-0.0047513604100270865
2025-08-27,Bandit Meta-Strategy (UCB),-0.0027390755784522935
2025-08-28,Bandit Meta-Strategy (UCB),-0.0047178187731980094
2025-08-29,Bandit Meta-Strategy (UCB),-0.004938908144206059
2025-09-02,Bandit Meta-Strategy (UCB),-0.005265934442006194
2025-09-03,Bandit Meta-Strategy (UCB),0.0
2025-09-04,Bandit Meta-Strategy (UCB),0.0
2025-09-05,Bandit Meta-Strategy (UCB),-0.004132022472152291
2025-09-08,Bandit Meta-Strategy (UCB),-0.005713328271385575
2025-09-09,Bandit Meta-Strategy (UCB),-0.0011310328320993323
2025-09-10,Bandit Meta-Strategy (UCB),-0.003515493780663119
2025-09-11,Bandit Meta-Strategy (UCB),0.0
2025-09-12,Bandit Meta-Strategy (UCB),-0.00044548872725349973
2025-09-15,Bandit Meta-Strategy (UCB),0.0
2025-09-16,Bandit Meta-Strategy (UCB),0.0
2025-09-17,Bandit Meta-Strategy (UCB),0.0
2025-09-18,Bandit Meta-Strategy (UCB),-0.006629429293141541
2025-09-19,Bandit Meta-Strategy (UCB),-0.0030416300224157472
2025-09-22,Bandit Meta-Strategy (UCB),-0.005075179853276692
2025-09-23,Bandit Meta-Strategy (UCB),-0.005958025210927029
2025-09-24,Bandit Meta-Strategy (UCB),-0.006766970605832147
2025-09-25,Bandit Meta-Strategy (UCB),-0.009403101956376014
2025-09-26,Bandit Meta-Strategy (UCB),-0.00391178452734896
2025-09-29,Bandit Meta-Strategy (UCB),-0.0008719387271593254
2025-09-30,Bandit Meta-Strategy (UCB),0.0
2025-10-01,Bandit Meta-Strategy (UCB),0.0
2025-10-02,Bandit Meta-Strategy (UCB),-0.005045304481689041
2025-10-03,Bandit Meta-Strategy (UCB),-0.0010429033747014203
2025-10-06,Bandit Meta-Strategy (UCB),-0.0009270752450059041
2025-10-07,Bandit Meta-Strategy (UCB),0.0
2025-10-08,Bandit Meta-Strategy (UCB),-0.00011313980517777199
2025-10-09,Bandit Meta-Strategy (UCB),0.0
2025-10-10,Bandit Meta-Strategy (UCB),-0.013129567043416775
2025-10-13,Bandit Meta-Strategy (UCB),-0.006101139163280055
2025-10-14,Bandit Meta-Strategy (UCB),-0.005259433206252636
2025-10-15,Bandit Meta-Strategy (UCB),-0.004800786596945798
2025-10-16,Bandit Meta-Strategy (UCB),-0.005333366548307675
2025-10-17,Bandit Meta-Strategy (UCB),0.0
2025-10-20,Bandit Meta-Strategy (UCB),0.0
2025-10-21,Bandit Meta-Strategy (UCB),0.0
2025-10-22,Bandit Meta-Strategy (UCB),-0.004996545845699583
2025-10-23,Bandit Meta-Strategy (UCB),-0.004659777307734879
2025-10-24,Bandit Meta-Strategy (UCB),-0.005394670380853462
2025-10-27,Bandit Meta-Strategy (UCB),0.0
2025-10-28,Bandit Meta-Strategy (UCB),0.0
2025-10-29,Bandit Meta-Strategy (UCB),-0.0025769551203588988
2025-10-30,Bandit Meta-Strategy (UCB),-0.005365965974518906
2025-10-31,Bandit Meta-Strategy (UCB),-0.0025296520160899352
2025-11-03,Bandit Meta-Strategy (UCB),-0.00668212160226394
2025-11-04,Bandit Meta-Strategy (UCB),-0.012943818184971007
2025-11-05,Bandit Meta-Strategy (UCB),-0.013546678134568387
2025-11-06,Bandit Meta-Strategy (UCB),-0.01643025985880027
2025-11-07,Bandit Meta-Strategy (UCB),-0.014013051388591635
2025-11-10,Bandit Meta-Strategy (UCB),-0.0017163195476856952
2025-11-11,Bandit Meta-Strategy (UCB),0.0
2025-11-12,Bandit Meta-Strategy (UCB),-0.0020481681726858348
2025-11-13,Bandit Meta-Strategy (UCB),-0.012717507699503168
2025-11-14,Bandit Meta-Strategy (UCB),-0.014433930111090378
2025-11-17,Bandit Meta-Strategy (UCB),-0.058413651737946326
2025-11-18,Bandit Meta-Strategy (UCB),-0.060983198785836946
2025-11-19,Bandit Meta-Strategy (UCB),-0.05692026156069018
2025-11-20,Bandit Meta-Strategy (UCB),-0.059850876745120435
2025-11-21,Bandit Meta-Strategy (UCB),-0.04988632443420483
2025-11-24,Bandit Meta-Strategy (UCB),-0.04213114405783686
2025-11-25,Bandit Meta-Strategy (UCB),-0.03757313716700258
2025-11-26,Bandit Meta-Strategy (UCB),-0.037844254501864516
2015-11-30,Bandit Meta-Strategy (Thompson Sampling),0.0
2015-12-01,Bandit Meta-Strategy (Thompson Sampling),0.0
2015-12-02,Bandit Meta-Strategy (Thompson Sampling),0.0
2015-12-03,Bandit Meta-Strategy (Thompson Sampling),0.0
2015-12-04,Bandit Meta-Strategy (Thompson Sampling),0.0
2015-12-07,Bandit Meta-Strategy (Thompson Sampling),0.0
2015-12-08,Bandit Meta-Strategy (Thompson Sampling),0.0
2015-12-09,Bandit Meta-Strategy (Thompson Sampling),0.0
2015-12-10,Bandit Meta-Strategy (Thompson Sampling),0.0
2015-12-11,Bandit Meta-Strategy (Thompson Sampling),0.0
2015-12-14,Bandit Meta-Strategy (Thompson Sampling),0.0
2015-12-15,Bandit Meta-Strategy (Thompson Sampling),0.0
2015-12-16,Bandit Meta-Strategy (Thompson Sampling),0.0
2015-12-17,Bandit Meta-Strategy (Thompson Sampling),0.0
2015-12-18,Bandit Meta-Strategy (Thompson Sampling),0.0
2015-12-21,Bandit Meta-Strategy (Thompson Sampling),0.0
2015-12-22,Bandit Meta-Strategy (Thompson Sampling),0.0
2015-12-23,Bandit Meta-Strategy (Thompson Sampling),0.0
2015-12-24,Bandit Meta-Strategy (Thompson Sampling),0.0
2015-12-28,Bandit Meta-Strategy (Thompson Sampling),0.0
2015-12-29,Bandit Meta-Strategy (Thompson Sampling),0.0
2015-12-30,Bandit Meta-Strategy (Thompson Sampling),0.0
2015-12-31,Bandit Meta-Strategy (Thompson Sampling),-0.0010999999999998789
2016-01-04,Bandit Meta-Strategy (Thompson Sampling),-0.01852315697597584
2016-01-05,Bandit Meta-Strategy (Thompson Sampling),-0.014292011390458215
2016-01-06,Bandit Meta-Strategy (Thompson Sampling),-0.014813938340587751
2016-01-07,Bandit Meta-Strategy (Thompson Sampling),-0.027850160849204553
2016-01-08,Bandit Meta-Strategy (Thompson Sampling),-0.04322209699211865
2016-01-11,Bandit Meta-Strategy (Thompson Sampling),-0.03704195630116858
2016-01-12,Bandit Meta-Strategy (Thompson Sampling),-0.031227379029924784
2016-01-13,Bandit Meta-Strategy (Thompson Sampling),-0.0594897874054332
2016-01-14,Bandit Meta-Strategy (Thompson Sampling),-0.04570151067596917
2016-01-15,Bandit Meta-Strategy (Thompson Sampling),-0.0665353609708168
2016-01-19,Bandit Meta-Strategy (Thompson Sampling),-0.06140338238836174
2016-01-20,Bandit Meta-Strategy (Thompson Sampling),-0.07684883967950484
2016-01-21,Bandit Meta-Strategy (Thompson Sampling),-0.07282141739960946
2016-01-22,Bandit Meta-Strategy (Thompson Sampling),-0.05722523221095155
2016-01-25,Bandit Meta-Strategy (Thompson Sampling),-0.06498654006865034
2016-01-26,Bandit Meta-Strategy (Thompson Sampling),-0.055152654130401935
2016-01-27,Bandit Meta-Strategy (Thompson Sampling),-0.06864468442678817
2016-01-28,Bandit Meta-Strategy (Thompson Sampling),-0.056277966176939254
2016-01-29,Bandit Meta-Strategy (Thompson Sampling),-0.03763180834957691
2016-02-01,Bandit Meta-Strategy (Thompson Sampling),-0.034799886309680006
2016-02-02,Bandit Meta-Strategy (Thompson Sampling),-0.052008906940059774
2016-02-03,Bandit Meta-Strategy (Thompson Sampling),-0.05418135041427663
2016-02-04,Bandit Meta-Strategy (Thompson Sampling),-0.056934111229162365
2016-02-05,Bandit Meta-Strategy (Thompson Sampling),-0.0759989697608292
2016-02-08,Bandit Meta-Strategy (Thompson Sampling),-0.08537645882827138
2016-02-09,Bandit Meta-Strategy (Thompson Sampling),-0.08461803137578638
2016-02-10,Bandit Meta-Strategy (Thompson Sampling),-0.08516246396717364
2016-02-11,Bandit Meta-Strategy (Thompson Sampling),-0.09113066263210057
2016-02-12,Bandit Meta-Strategy (Thompson Sampling),-0.0775415944190494
2016-02-16,Bandit Meta-Strategy (Thompson Sampling),-0.06723669491662343
2016-02-17,Bandit Meta-Strategy (Thompson Sampling),-0.052348408520941025
2016-02-18,Bandit Meta-Strategy (Thompson Sampling),-0.06106382227214535
2016-02-19,Bandit Meta-Strategy (Thompson Sampling),-0.05829252857169531
2016-02-22,Bandit Meta-Strategy (Thompson Sampling),-0.04276970997212237
2016-02-23,Bandit Meta-Strategy (Thompson Sampling),-0.04818613049388887
2016-02-24,Bandit Meta-Strategy (Thompson Sampling),-0.04159185136662624
2016-02-25,Bandit Meta-Strategy (Thompson Sampling),-0.028708643615247276
2016-02-26,Bandit Meta-Strategy (Thompson Sampling),-0.03690678473682363
2016-02-29,Bandit Meta-Strategy (Thompson Sampling),-0.04524352665226994
2016-03-01,Bandit Meta-Strategy (Thompson Sampling),-0.026732144632529375
2016-03-02,Bandit Meta-Strategy (Thompson Sampling),-0.024751485383408323
2016-03-03,Bandit Meta-Strategy (Thompson Sampling),-0.02360523499813727
2016-03-04,Bandit Meta-Strategy (Thompson Sampling),-0.018990061713867634
2016-03-07,Bandit Meta-Strategy (Thompson Sampling),-0.02030272483604234
2016-03-08,Bandit Meta-Strategy (Thompson Sampling),-0.02564342186825097
2016-03-09,Bandit Meta-Strategy (Thompson Sampling),-0.022100297509214384
2016-03-10,Bandit Meta-Strategy (Thompson Sampling),-0.024601457281492434
2016-03-11,Bandit Meta-Strategy (Thompson Sampling),-0.016359900823203932
2016-03-14,Bandit Meta-Strategy (Thompson Sampling),-0.014334313190094927
2016-03-15,Bandit Meta-Strategy (Thompson Sampling),-0.011540337491996233
2016-03-16,Bandit Meta-Strategy (Thompson Sampling),-0.008987208076979059
2016-03-17,Bandit Meta-Strategy (Thompson Sampling),-0.006057715671961672
2016-03-18,Bandit Meta-Strategy (Thompson Sampling),-0.002375157047408094
2016-03-21,Bandit Meta-Strategy (Thompson Sampling),0.0
2016-03-22,Bandit Meta-Strategy (Thompson Sampling),-0.0016339276982850397
2016-03-23,Bandit Meta-Strategy (Thompson Sampling),-0.0046980473816317925
2016-03-24,Bandit Meta-Strategy (Thompson Sampling),-0.002083022855032965
2016-03-28,Bandit Meta-Strategy (Thompson Sampling),0.0
2016-03-29,Bandit Meta-Strategy (Thompson Sampling),0.0
2016-03-30,Bandit Meta-Strategy (Thompson Sampling),0.0
2016-03-31,Bandit Meta-Strategy (Thompson Sampling),-0.00025875693630897573
2016-04-01,Bandit Meta-Strategy (Thompson Sampling),0.0
2016-04-04,Bandit Meta-Strategy (Thompson Sampling),0.0
2016-04-05,Bandit Meta-Strategy (Thompson Sampling),-0.0020315576616962024
2016-04-06,Bandit Meta-Strategy (Thompson Sampling),0.0
2016-04-07,Bandit Meta-Strategy (Thompson Sampling),-0.010363415687015315
2016-04-08,Bandit Meta-Strategy (Thompson Sampling),-0.010682729490032097
2016-04-11,Bandit Meta-Strategy (Thompson Sampling),-0.016285981383517122
2016-04-12,Bandit Meta-Strategy (Thompson Sampling),-0.005706196255340187
2016-04-13,Bandit Meta-Strategy (Thompson Sampling),0.0
2016-04-14,Bandit Meta-Strategy (Thompson Sampling),0.0
2016-04-15,Bandit Meta-Strategy (Thompson Sampling),0.0
2016-04-18,Bandit Meta-Strategy (Thompson Sampling),0.0
2016-04-19,Bandit Meta-Strategy (Thompson Sampling),-0.006517469351335519
2016-04-20,Bandit Meta-Strategy (Thompson Sampling),-0.008759426206049763
2016-04-21,Bandit Meta-Strategy (Thompson Sampling),-0.014496748027445197
2016-04-22,Bandit Meta-Strategy (Thompson Sampling),-0.013732943099387282
2016-04-25,Bandit Meta-Strategy (Thompson Sampling),-0.01309136155856988
2016-04-26,Bandit Meta-Strategy (Thompson Sampling),-0.017486304040241634
2016-04-27,Bandit Meta-Strategy (Thompson Sampling),-0.01760746317768175
2016-04-28,Bandit Meta-Strategy (Thompson Sampling),-0.024652865517690525
2016-04-29,Bandit Meta-Strategy (Thompson Sampling),-0.02880353321123554
2016-05-02,Bandit Meta-Strategy (Thompson Sampling),-0.018478608806021122
2016-05-03,Bandit Meta-Strategy (Thompson Sampling),-0.023790598460887026
2016-05-04,Bandit Meta-Strategy (Thompson Sampling),-0.027643180933948592
2016-05-05,Bandit Meta-Strategy (Thompson Sampling),-0.029042017922108972
2016-05-06,Bandit Meta-Strategy (Thompson Sampling),-0.02098781750361507
2016-05-09,Bandit Meta-Strategy (Thompson Sampling),-0.018984691896258798
2016-05-10,Bandit Meta-Strategy (Thompson Sampling),-0.009598177654139653
2016-05-11,Bandit Meta-Strategy (Thompson Sampling),-0.02376554107252119
2016-05-12,Bandit Meta-Strategy (Thompson Sampling),-0.023366020413545584
2016-05-13,Bandit Meta-Strategy (Thompson Sampling),-0.024704613842462562
2016-05-16,Bandit Meta-Strategy (Thompson Sampling),-0.014607261029902235
2016-05-17,Bandit Meta-Strategy (Thompson Sampling),-0.024654827349846323
2016-05-18,Bandit Meta-Strategy (Thompson Sampling),-0.024186693704874467
2016-05-19,Bandit Meta-Strategy (Thompson Sampling),-0.011131809952697304
2016-05-20,Bandit Meta-Strategy (Thompson Sampling),-0.004720955319830472
2016-05-23,Bandit Meta-Strategy (Thompson Sampling),-0.006214428497133512
2016-05-24,Bandit Meta-Strategy (Thompson Sampling),0.0
2016-05-25,Bandit Meta-Strategy (Thompson Sampling),0.0
2016-05-26,Bandit Meta-Strategy (Thompson Sampling),0.0
2016-05-27,Bandit Meta-Strategy (Thompson Sampling),0.0
2016-05-31,Bandit Meta-Strategy (Thompson Sampling),-0.0012980561076932318
2016-06-01,Bandit Meta-Strategy (Thompson Sampling),-0.001931185222837925
2016-06-02,Bandit Meta-Strategy (Thompson Sampling),0.0
2016-06-03,Bandit Meta-Strategy (Thompson Sampling),-0.003766111063472356
2016-06-06,Bandit Meta-Strategy (Thompson Sampling),0.0
2016-06-07,Bandit Meta-Strategy (Thompson Sampling),0.0
2016-06-08,Bandit Meta-Strategy (Thompson Sampling),0.0
2016-06-09,Bandit Meta-Strategy (Thompson Sampling),0.0
2016-06-10,Bandit Meta-Strategy (Thompson Sampling),-0.008045359310940399
2016-06-13,Bandit Meta-Strategy (Thompson Sampling),-0.015247692370344118
2016-06-14,Bandit Meta-Strategy (Thompson Sampling),-0.013940819816081723
2016-06-15,Bandit Meta-Strategy (Thompson Sampling),-0.014543417799799788
2016-06-16,Bandit Meta-Strategy (Thompson Sampling),-0.010565324988115937
2016-06-17,Bandit Meta-Strategy (Thompson Sampling),-0.020026046706291635
2016-06-20,Bandit Meta-Strategy (Thompson Sampling),-0.014801494780600099
2016-06-21,Bandit Meta-Strategy (Thompson Sampling),-0.013177144429925434
2016-06-22,Bandit Meta-Strategy (Thompson Sampling),-0.018481917596554695
2016-06-23,Bandit Meta-Strategy (Thompson Sampling),-0.008986745946690309
2016-06-24,Bandit Meta-Strategy (Thompson Sampling),-0.03501765751661155
2016-06-27,Bandit Meta-Strategy (Thompson Sampling),-0.04491748696178615
2016-06-28,Bandit Meta-Strategy (Thompson Sampling),-0.02947356634014392
2016-06-29,Bandit Meta-Strategy (Thompson Sampling),-0.014293113879603428
2016-06-30,Bandit Meta-Strategy (Thompson Sampling),-0.01457590448254208
2016-07-01,Bandit Meta-Strategy (Thompson Sampling),-0.010101742538146004
2016-07-05,Bandit Meta-Strategy (Thompson Sampling),-0.008126214657580105
2016-07-06,Bandit Meta-Strategy (Thompson Sampling),-0.006520397943643904
2016-07-07,Bandit Meta-Strategy (Thompson Sampling),-0.005682314467229615
2016-07-08,Bandit Meta-Strategy (Thompson Sampling),0.0
2016-07-11,Bandit Meta-Strategy (Thompson Sampling),0.0
2016-07-12,Bandit Meta-Strategy (Thompson Sampling),0.0
2016-07-13,Bandit Meta-Strategy (Thompson Sampling),0.0
2016-07-14,Bandit Meta-Strategy (Thompson Sampling),0.0
2016-07-15,Bandit Meta-Strategy (Thompson Sampling),-0.0018130028025848356
2016-07-18,Bandit Meta-Strategy (Thompson Sampling),0.0
2016-07-19,Bandit Meta-Strategy (Thompson Sampling),-0.004597841091354103
2016-07-20,Bandit Meta-Strategy (Thompson Sampling),-0.0005763563038496849
2016-07-21,Bandit Meta-Strategy (Thompson Sampling),-0.006343391238354986
2016-07-22,Bandit Meta-Strategy (Thompson Sampling),-0.0012515920533747718
2016-07-25,Bandit Meta-Strategy (Thompson Sampling),-0.00043119803731793546
2016-07-26,Bandit Meta-Strategy (Thompson Sampling),0.0
2016-07-27,Bandit Meta-Strategy (Thompson Sampling),-0.0037585399806874414
2016-07-28,Bandit Meta-Strategy (Thompson Sampling),-0.0013309639896335699
2016-07-29,Bandit Meta-Strategy (Thompson Sampling),0.0
2016-08-01,Bandit Meta-Strategy (Thompson Sampling),0.0
2016-08-02,Bandit Meta-Strategy (Thompson Sampling),-0.006374631433200301
2016-08-03,Bandit Meta-Strategy (Thompson Sampling),-0.009418213955370298
2016-08-04,Bandit Meta-Strategy (Thompson Sampling),-0.006600252767402112
2016-08-05,Bandit Meta-Strategy (Thompson Sampling),0.0
2016-08-08,Bandit Meta-Strategy (Thompson Sampling),-0.0028332517320941164
2016-08-09,Bandit Meta-Strategy (Thompson Sampling),-0.0016650156432925056
2016-08-10,Bandit Meta-Strategy (Thompson Sampling),-0.004395718243045729
2016-08-11,Bandit Meta-Strategy (Thompson Sampling),0.0
2016-08-12,Bandit Meta-Strategy (Thompson Sampling),0.0
2016-08-15,Bandit Meta-Strategy (Thompson Sampling),-0.0009381342683739099
2016-08-16,Bandit Meta-Strategy (Thompson Sampling),-0.007327402669016763
2016-08-17,Bandit Meta-Strategy (Thompson Sampling),-0.005244528778997744
2016-08-18,Bandit Meta-Strategy (Thompson Sampling),-0.0023961746659219257
2016-08-19,Bandit Meta-Strategy (Thompson Sampling),-0.007123834439793533
2016-08-22,Bandit Meta-Strategy (Thompson Sampling),-0.009221874888800448
2016-08-23,Bandit Meta-Strategy (Thompson Sampling),-0.006682066235316248
2016-08-24,Bandit Meta-Strategy (Thompson Sampling),-0.010812072443116563
2016-08-25,Bandit Meta-Strategy (Thompson Sampling),-0.012019974758026056
2016-08-26,Bandit Meta-Strategy (Thompson Sampling),-0.010529879592217902
2016-08-29,Bandit Meta-Strategy (Thompson Sampling),-0.006800220832517378
2016-08-30,Bandit Meta-Strategy (Thompson Sampling),-0.009834166050215889
2016-08-31,Bandit Meta-Strategy (Thompson Sampling),-0.010827431736673646
2016-09-01,Bandit Meta-Strategy (Thompson Sampling),-0.007780724820142851
2016-09-02,Bandit Meta-Strategy (Thompson Sampling),-0.0066602795025454764
2016-09-06,Bandit Meta-Strategy (Thompson Sampling),0.0
2016-09-07,Bandit Meta-Strategy (Thompson Sampling),-0.003964277520083553
2016-09-08,Bandit Meta-Strategy (Thompson Sampling),-0.004661578422324979
2016-09-09,Bandit Meta-Strategy (Thompson Sampling),-0.027489492337595418
2016-09-12,Bandit Meta-Strategy (Thompson Sampling),-0.01125305909443632
2016-09-13,Bandit Meta-Strategy (Thompson Sampling),-0.025320695650462546
2016-09-14,Bandit Meta-Strategy (Thompson Sampling),-0.024569182581948727
2016-09-15,Bandit Meta-Strategy (Thompson Sampling),-0.013898169665334931
2016-09-16,Bandit Meta-Strategy (Thompson Sampling),-0.013983828491136517
2016-09-19,Bandit Meta-Strategy (Thompson Sampling),-0.016218458534934956
2016-09-20,Bandit Meta-Strategy (Thompson Sampling),-0.015685184251201748
2016-09-21,Bandit Meta-Strategy (Thompson Sampling),-0.01016958819099857
2016-09-22,Bandit Meta-Strategy (Thompson Sampling),-0.004974906495010353
2016-09-23,Bandit Meta-Strategy (Thompson Sampling),-0.00816409067759787
2016-09-26,Bandit Meta-Strategy (Thompson Sampling),-0.019001581784173556
2016-09-27,Bandit Meta-Strategy (Thompson Sampling),-0.007475378007505541
2016-09-28,Bandit Meta-Strategy (Thompson Sampling),-0.0034662379559710628
2016-09-29,Bandit Meta-Strategy (Thompson Sampling),-0.013304867298967208
2016-09-30,Bandit Meta-Strategy (Thompson Sampling),-0.0006077922582537461
2016-10-03,Bandit Meta-Strategy (Thompson Sampling),0.0
2016-10-04,Bandit Meta-Strategy (Thompson Sampling),-0.001952707296605295
2016-10-05,Bandit Meta-Strategy (Thompson Sampling),0.0
2016-10-06,Bandit Meta-Strategy (Thompson Sampling),-0.0058435391826289936
2016-10-07,Bandit Meta-Strategy (Thompson Sampling),-0.008642278307722923
2016-10-10,Bandit Meta-Strategy (Thompson Sampling),-0.006323190528641461
2016-10-11,Bandit Meta-Strategy (Thompson Sampling),-0.0177085824490253
2016-10-12,Bandit Meta-Strategy (Thompson Sampling),-0.017058453320128047
2016-10-13,Bandit Meta-Strategy (Thompson Sampling),-0.020419997579990204
2016-10-14,Bandit Meta-Strategy (Thompson Sampling),-0.01921392851863318
2016-10-17,Bandit Meta-Strategy (Thompson Sampling),-0.022124729436998152
2016-10-18,Bandit Meta-Strategy (Thompson Sampling),-0.007154063398645604
2016-10-19,Bandit Meta-Strategy (Thompson Sampling),-0.0045307250718650575
2016-10-20,Bandit Meta-Strategy (Thompson Sampling),-0.0037488201954417855
2016-10-21,Bandit Meta-Strategy (Thompson Sampling),-0.002376391296116674
2016-10-24,Bandit Meta-Strategy (Thompson Sampling),0.0
2016-10-25,Bandit Meta-Strategy (Thompson Sampling),0.0
2016-10-26,Bandit Meta-Strategy (Thompson Sampling),0.0
2016-10-27,Bandit Meta-Strategy (Thompson Sampling),-0.0024316937150317686
2016-10-28,Bandit Meta-Strategy (Thompson Sampling),-0.00580388575747185
2016-10-31,Bandit Meta-Strategy (Thompson Sampling),-0.0076748074303691766
2016-11-01,Bandit Meta-Strategy (Thompson Sampling),-0.018416831746922387
2016-11-02,Bandit Meta-Strategy (Thompson Sampling),-0.024780343691874467
2016-11-03,Bandit Meta-Strategy (Thompson Sampling),-0.029656597333453893
2016-11-04,Bandit Meta-Strategy (Thompson Sampling),-0.03299431253690023
2016-11-07,Bandit Meta-Strategy (Thompson Sampling),-0.011362045081923055
2016-11-08,Bandit Meta-Strategy (Thompson Sampling),-0.00944793959847381
2016-11-09,Bandit Meta-Strategy (Thompson Sampling),-0.0009988995283224933
2016-11-10,Bandit Meta-Strategy (Thompson Sampling),-0.010796517595803065
2016-11-11,Bandit Meta-Strategy (Thompson Sampling),0.0
2016-11-14,Bandit Meta-Strategy (Thompson Sampling),-0.013300817124922832
2016-11-15,Bandit Meta-Strategy (Thompson Sampling),-0.0038618154745275984
2016-11-16,Bandit Meta-Strategy (Thompson Sampling),0.0
2016-11-17,Bandit Meta-Strategy (Thompson Sampling),0.0
2016-11-18,Bandit Meta-Strategy (Thompson Sampling),-0.003958083737741866
2016-11-21,Bandit Meta-Strategy (Thompson Sampling),0.0
2016-11-22,Bandit Meta-Strategy (Thompson Sampling),0.0
2016-11-23,Bandit Meta-Strategy (Thompson Sampling),0.0
2016-11-25,Bandit Meta-Strategy (Thompson Sampling),0.0
2016-11-28,Bandit Meta-Strategy (Thompson Sampling),-0.00499042874913181
2016-11-29,Bandit Meta-Strategy (Thompson Sampling),-0.007082561389937895
2016-11-30,Bandit Meta-Strategy (Thompson Sampling),-0.0077042324676851815
2016-12-01,Bandit Meta-Strategy (Thompson Sampling),-0.01714407505653974
2016-12-02,Bandit Meta-Strategy (Thompson Sampling),-0.01285255054739207
2016-12-05,Bandit Meta-Strategy (Thompson Sampling),-0.008699087193193528
2016-12-06,Bandit Meta-Strategy (Thompson Sampling),-0.006264702133807071
2016-12-07,Bandit Meta-Strategy (Thompson Sampling),-0.00031484125489710343
2016-12-08,Bandit Meta-Strategy (Thompson Sampling),-0.0036018376092868056
2016-12-09,Bandit Meta-Strategy (Thompson Sampling),0.0
2016-12-12,Bandit Meta-Strategy (Thompson Sampling),0.0
2016-12-13,Bandit Meta-Strategy (Thompson Sampling),0.0
2016-12-14,Bandit Meta-Strategy (Thompson Sampling),-0.003483579295654266
2016-12-15,Bandit Meta-Strategy (Thompson Sampling),0.0
2016-12-16,Bandit Meta-Strategy (Thompson Sampling),0.0
2016-12-19,Bandit Meta-Strategy (Thompson Sampling),0.0
2016-12-20,Bandit Meta-Strategy (Thompson Sampling),0.0
2016-12-21,Bandit Meta-Strategy (Thompson Sampling),-0.0040384255865501695
2016-12-22,Bandit Meta-Strategy (Thompson Sampling),-0.006512256360921621
2016-12-23,Bandit Meta-Strategy (Thompson Sampling),-0.002723532545276258
2016-12-27,Bandit Meta-Strategy (Thompson Sampling),0.0
2016-12-28,Bandit Meta-Strategy (Thompson Sampling),-0.008784193385581928
2016-12-29,Bandit Meta-Strategy (Thompson Sampling),-0.007033202128616157
2016-12-30,Bandit Meta-Strategy (Thompson Sampling),-0.007381124833200705
2017-01-03,Bandit Meta-Strategy (Thompson Sampling),-0.001856435122793495
2017-01-04,Bandit Meta-Strategy (Thompson Sampling),0.0
2017-01-05,Bandit Meta-Strategy (Thompson Sampling),0.0
2017-01-06,Bandit Meta-Strategy (Thompson Sampling),-6.766332003069649e-05
2017-01-09,Bandit Meta-Strategy (Thompson Sampling),-0.0007363915298189003
2017-01-10,Bandit Meta-Strategy (Thompson Sampling),-0.004413157513461197
2017-01-11,Bandit Meta-Strategy (Thompson Sampling),-0.006371233854200388
2017-01-12,Bandit Meta-Strategy (Thompson Sampling),-0.010742049516154314
2017-01-13,Bandit Meta-Strategy (Thompson Sampling),-0.010550922122395792
2017-01-17,Bandit Meta-Strategy (Thompson Sampling),-0.008021352310818797
2017-01-18,Bandit Meta-Strategy (Thompson Sampling),-0.008048294576254661
2017-01-19,Bandit Meta-Strategy (Thompson Sampling),-0.011406057900573809
2017-01-20,Bandit Meta-Strategy (Thompson Sampling),-0.007303982390034765
2017-01-23,Bandit Meta-Strategy (Thompson Sampling),-0.008682077089771797
2017-01-24,Bandit Meta-Strategy (Thompson Sampling),-0.006529001646725161
2017-01-25,Bandit Meta-Strategy (Thompson Sampling),-0.0032721273121720153
2017-01-26,Bandit Meta-Strategy (Thompson Sampling),-0.005967798280666827
2017-01-27,Bandit Meta-Strategy (Thompson Sampling),-0.003839627039897359
2017-01-30,Bandit Meta-Strategy (Thompson Sampling),-0.0049487431527441925
2017-01-31,Bandit Meta-Strategy (Thompson Sampling),-0.0036503884556158767
2017-02-01,Bandit Meta-Strategy (Thompson Sampling),-0.002526091329103506
2017-02-02,Bandit Meta-Strategy (Thompson Sampling),-0.00034161209221845096
2017-02-03,Bandit Meta-Strategy (Thompson Sampling),0.0
2017-02-06,Bandit Meta-Strategy (Thompson Sampling),0.0
2017-02-07,Bandit Meta-Strategy (Thompson Sampling),0.0
2017-02-08,Bandit Meta-Strategy (Thompson Sampling),0.0
2017-02-09,Bandit Meta-Strategy (Thompson Sampling),0.0
2017-02-10,Bandit Meta-Strategy (Thompson Sampling),-0.003260331450021398
2017-02-13,Bandit Meta-Strategy (Thompson Sampling),-0.0009520557756851085
2017-02-14,Bandit Meta-Strategy (Thompson Sampling),0.0
2017-02-15,Bandit Meta-Strategy (Thompson Sampling),0.0
2017-02-16,Bandit Meta-Strategy (Thompson Sampling),0.0
2017-02-17,Bandit Meta-Strategy (Thompson Sampling),0.0
2017-02-21,Bandit Meta-Strategy (Thompson Sampling),0.0
2017-02-22,Bandit Meta-Strategy (Thompson Sampling),0.0
2017-02-23,Bandit Meta-Strategy (Thompson Sampling),-0.00040590688951020604
2017-02-24,Bandit Meta-Strategy (Thompson Sampling),0.0
2017-02-27,Bandit Meta-Strategy (Thompson Sampling),-0.0014090796845698283
2017-02-28,Bandit Meta-Strategy (Thompson Sampling),-0.0019649794364454336
2017-03-01,Bandit Meta-Strategy (Thompson Sampling),0.0
2017-03-02,Bandit Meta-Strategy (Thompson Sampling),-0.000998844629354097
2017-03-03,Bandit Meta-Strategy (Thompson Sampling),-0.003192136603457015
2017-03-06,Bandit Meta-Strategy (Thompson Sampling),-0.005506598421993648
2017-03-07,Bandit Meta-Strategy (Thompson Sampling),-0.008126652550231704
2017-03-08,Bandit Meta-Strategy (Thompson Sampling),-0.010962562008839069
2017-03-09,Bandit Meta-Strategy (Thompson Sampling),-0.007626963220914813
2017-03-10,Bandit Meta-Strategy (Thompson Sampling),-0.0051866124851759204
2017-03-13,Bandit Meta-Strategy (Thompson Sampling),-0.004443490887901415
2017-03-14,Bandit Meta-Strategy (Thompson Sampling),-0.0023960709257107044
2017-03-15,Bandit Meta-Strategy (Thompson Sampling),0.0
2017-03-16,Bandit Meta-Strategy (Thompson Sampling),0.0
2017-03-17,Bandit Meta-Strategy (Thompson Sampling),-0.0026515276731281117
2017-03-20,Bandit Meta-Strategy (Thompson Sampling),-0.000584475948094414
2017-03-21,Bandit Meta-Strategy (Thompson Sampling),-0.007855020799909513
2017-03-22,Bandit Meta-Strategy (Thompson Sampling),-0.005312655512970843
2017-03-23,Bandit Meta-Strategy (Thompson Sampling),-0.008216579373611102
2017-03-24,Bandit Meta-Strategy (Thompson Sampling),-0.010578841863945773
2017-03-27,Bandit Meta-Strategy (Thompson Sampling),-0.007710672432880721
2017-03-28,Bandit Meta-Strategy (Thompson Sampling),-0.002178599911206568
2017-03-29,Bandit Meta-Strategy (Thompson Sampling),-0.0004452154916722642
2017-03-30,Bandit Meta-Strategy (Thompson Sampling),0.0
2017-03-31,Bandit Meta-Strategy (Thompson Sampling),-0.0006951953553243611
2017-04-03,Bandit Meta-Strategy (Thompson Sampling),0.0
2017-04-04,Bandit Meta-Strategy (Thompson Sampling),-0.0007573463601177811
2017-04-05,Bandit Meta-Strategy (Thompson Sampling),-0.0029073373641952606
2017-04-06,Bandit Meta-Strategy (Thompson Sampling),-0.00222860256335233
2017-04-07,Bandit Meta-Strategy (Thompson Sampling),-0.0024919963118889177
2017-04-10,Bandit Meta-Strategy (Thompson Sampling),-0.0022149880063799627
2017-04-11,Bandit Meta-Strategy (Thompson Sampling),-0.002771313022655438
2017-04-12,Bandit Meta-Strategy (Thompson Sampling),-0.001975543733141738
2017-04-13,Bandit Meta-Strategy (Thompson Sampling),-0.006466104797326566
2017-04-17,Bandit Meta-Strategy (Thompson Sampling),0.0
2017-04-18,Bandit Meta-Strategy (Thompson Sampling),-0.005858609068907676
2017-04-19,Bandit Meta-Strategy (Thompson Sampling),-0.00960085152351488
2017-04-20,Bandit Meta-Strategy (Thompson Sampling),-0.00391745501743694
2017-04-21,Bandit Meta-Strategy (Thompson Sampling),-0.005243849013688708
2017-04-24,Bandit Meta-Strategy (Thompson Sampling),0.0
2017-04-25,Bandit Meta-Strategy (Thompson Sampling),0.0
2017-04-26,Bandit Meta-Strategy (Thompson Sampling),-0.0019243780266753484
2017-04-27,Bandit Meta-Strategy (Thompson Sampling),-0.000470029529533674
2017-04-28,Bandit Meta-Strategy (Thompson Sampling),-0.0010151785074202725
2017-05-01,Bandit Meta-Strategy (Thompson Sampling),0.0
2017-05-02,Bandit Meta-Strategy (Thompson Sampling),-0.002098547808904832
2017-05-03,Bandit Meta-Strategy (Thompson Sampling),-0.0033516670928703603
2017-05-04,Bandit Meta-Strategy (Thompson Sampling),-0.004974329320711639
2017-05-05,Bandit Meta-Strategy (Thompson Sampling),-0.002124840874357207
2017-05-08,Bandit Meta-Strategy (Thompson Sampling),0.0
2017-05-09,Bandit Meta-Strategy (Thompson Sampling),0.0
2017-05-10,Bandit Meta-Strategy (Thompson Sampling),0.0
2017-05-11,Bandit Meta-Strategy (Thompson Sampling),0.0
2017-05-12,Bandit Meta-Strategy (Thompson Sampling),0.0
2017-05-15,Bandit Meta-Strategy (Thompson Sampling),0.0
2017-05-16,Bandit Meta-Strategy (Thompson Sampling),-0.00024689840086519093
2017-05-17,Bandit Meta-Strategy (Thompson Sampling),-0.016932930051750294
2017-05-18,Bandit Meta-Strategy (Thompson Sampling),-0.011584725135801657
2017-05-19,Bandit Meta-Strategy (Thompson Sampling),-0.006628557686864503
2017-05-22,Bandit Meta-Strategy (Thompson Sampling),-0.004255530604361615
2017-05-23,Bandit Meta-Strategy (Thompson Sampling),-0.00392502359298656
2017-05-24,Bandit Meta-Strategy (Thompson Sampling),-0.0009656208402647097
2017-05-25,Bandit Meta-Strategy (Thompson Sampling),0.0
2017-05-26,Bandit Meta-Strategy (Thompson Sampling),0.0
2017-05-30,Bandit Meta-Strategy (Thompson Sampling),0.0
2017-05-31,Bandit Meta-Strategy (Thompson Sampling),-0.0005876130078074797
2017-06-01,Bandit Meta-Strategy (Thompson Sampling),0.0
2017-06-02,Bandit Meta-Strategy (Thompson Sampling),0.0
2017-06-05,Bandit Meta-Strategy (Thompson Sampling),0.0
2017-06-06,Bandit Meta-Strategy (Thompson Sampling),-0.0015493236616933867
2017-06-07,Bandit Meta-Strategy (Thompson Sampling),0.0
2017-06-08,Bandit Meta-Strategy (Thompson Sampling),0.0
2017-06-09,Bandit Meta-Strategy (Thompson Sampling),-0.0034027069893465666
2017-06-12,Bandit Meta-Strategy (Thompson Sampling),-0.0056240712646881495
2017-06-13,Bandit Meta-Strategy (Thompson Sampling),0.0
2017-06-14,Bandit Meta-Strategy (Thompson Sampling),0.0
2017-06-15,Bandit Meta-Strategy (Thompson Sampling),-0.0024943886006782673
2017-06-16,Bandit Meta-Strategy (Thompson Sampling),-0.004464431652431784
2017-06-19,Bandit Meta-Strategy (Thompson Sampling),0.0
2017-06-20,Bandit Meta-Strategy (Thompson Sampling),-0.0039453289342348
2017-06-21,Bandit Meta-Strategy (Thompson Sampling),-0.0014551957571523801
2017-06-22,Bandit Meta-Strategy (Thompson Sampling),-0.0031692665189732693
2017-06-23,Bandit Meta-Strategy (Thompson Sampling),-0.0027929004075621586
2017-06-26,Bandit Meta-Strategy (Thompson Sampling),-0.004319069348877358
2017-06-27,Bandit Meta-Strategy (Thompson Sampling),-0.012671483182960025
2017-06-28,Bandit Meta-Strategy (Thompson Sampling),-0.002403434354700341
2017-06-29,Bandit Meta-Strategy (Thompson Sampling),-0.01256673236205574
2017-06-30,Bandit Meta-Strategy (Thompson Sampling),-0.012645744237653361
2017-07-03,Bandit Meta-Strategy (Thompson Sampling),-0.012281454907868763
2017-07-05,Bandit Meta-Strategy (Thompson Sampling),-0.014121525639080049
2017-07-06,Bandit Meta-Strategy (Thompson Sampling),-0.02375979097497598
2017-07-07,Bandit Meta-Strategy (Thompson Sampling),-0.017754223609272275
2017-07-10,Bandit Meta-Strategy (Thompson Sampling),-0.016358485490708643
2017-07-11,Bandit Meta-Strategy (Thompson Sampling),-0.014467255752083212
2017-07-12,Bandit Meta-Strategy (Thompson Sampling),-0.007011744827618012
2017-07-13,Bandit Meta-Strategy (Thompson Sampling),-0.005553435334578162
2017-07-14,Bandit Meta-Strategy (Thompson Sampling),0.0
2017-07-17,Bandit Meta-Strategy (Thompson Sampling),-0.001993003321823444
2017-07-18,Bandit Meta-Strategy (Thompson Sampling),0.0
2017-07-19,Bandit Meta-Strategy (Thompson Sampling),0.0
2017-07-20,Bandit Meta-Strategy (Thompson Sampling),-0.00021345530487123317
2017-07-21,Bandit Meta-Strategy (Thompson Sampling),-0.0012402474613811016
2017-07-24,Bandit Meta-Strategy (Thompson Sampling),-0.0005443873248682459
2017-07-25,Bandit Meta-Strategy (Thompson Sampling),0.0
2017-07-26,Bandit Meta-Strategy (Thompson Sampling),0.0
2017-07-27,Bandit Meta-Strategy (Thompson Sampling),-0.00011387806847064072
2017-07-28,Bandit Meta-Strategy (Thompson Sampling),-0.0007954938062968222
2017-07-31,Bandit Meta-Strategy (Thompson Sampling),-0.002798688713966456
2017-08-01,Bandit Meta-Strategy (Thompson Sampling),0.0
2017-08-02,Bandit Meta-Strategy (Thompson Sampling),0.0
2017-08-03,Bandit Meta-Strategy (Thompson Sampling),0.0
2017-08-04,Bandit Meta-Strategy (Thompson Sampling),0.0
2017-08-07,Bandit Meta-Strategy (Thompson Sampling),0.0
2017-08-08,Bandit Meta-Strategy (Thompson Sampling),0.0
2017-08-09,Bandit Meta-Strategy (Thompson Sampling),-0.0017408972918344305
2017-08-10,Bandit Meta-Strategy (Thompson Sampling),-0.017015518028324274
2017-08-11,Bandit Meta-Strategy (Thompson Sampling),-0.018436758626602514
2017-08-14,Bandit Meta-Strategy (Thompson Sampling),-0.00898455856201767
2017-08-15,Bandit Meta-Strategy (Thompson Sampling),-0.009733486932968695
2017-08-16,Bandit Meta-Strategy (Thompson Sampling),-0.009396363091497884
2017-08-17,Bandit Meta-Strategy (Thompson Sampling),-0.024255575726229932
2017-08-18,Bandit Meta-Strategy (Thompson Sampling),-0.02652623961269405
2017-08-21,Bandit Meta-Strategy (Thompson Sampling),-0.027021371038315034
2017-08-22,Bandit Meta-Strategy (Thompson Sampling),-0.017159293942456653
2017-08-23,Bandit Meta-Strategy (Thompson Sampling),-0.018342218494086005
2017-08-24,Bandit Meta-Strategy (Thompson Sampling),-0.02148012587436051
2017-08-25,Bandit Meta-Strategy (Thompson Sampling),-0.021282721401337985
2017-08-28,Bandit Meta-Strategy (Thompson Sampling),-0.020282666923884918
2017-08-29,Bandit Meta-Strategy (Thompson Sampling),-0.01914147006230655
2017-08-30,Bandit Meta-Strategy (Thompson Sampling),-0.0160459487936876
2017-08-31,Bandit Meta-Strategy (Thompson Sampling),-0.01276518305385082
2017-09-01,Bandit Meta-Strategy (Thompson Sampling),-0.011069577083965786
2017-09-05,Bandit Meta-Strategy (Thompson Sampling),-0.016319248724386205
2017-09-06,Bandit Meta-Strategy (Thompson Sampling),-0.011180628999894946
2017-09-07,Bandit Meta-Strategy (Thompson Sampling),-0.011885757786790357
2017-09-08,Bandit Meta-Strategy (Thompson Sampling),-0.017403632080137368
2017-09-11,Bandit Meta-Strategy (Thompson Sampling),-0.004132468251708979
2017-09-12,Bandit Meta-Strategy (Thompson Sampling),0.0
2017-09-13,Bandit Meta-Strategy (Thompson Sampling),0.0
2017-09-14,Bandit Meta-Strategy (Thompson Sampling),0.0
2017-09-15,Bandit Meta-Strategy (Thompson Sampling),0.0
2017-09-18,Bandit Meta-Strategy (Thompson Sampling),0.0
2017-09-19,Bandit Meta-Strategy (Thompson Sampling),0.0
2017-09-20,Bandit Meta-Strategy (Thompson Sampling),0.0
2017-09-21,Bandit Meta-Strategy (Thompson Sampling),-0.006460415459234251
2017-09-22,Bandit Meta-Strategy (Thompson Sampling),-0.011122916127102745
2017-09-25,Bandit Meta-Strategy (Thompson Sampling),-0.019635659959934274
2017-09-26,Bandit Meta-Strategy (Thompson Sampling),-0.019361366110344797
2017-09-27,Bandit Meta-Strategy (Thompson Sampling),-0.01536206086804339
2017-09-28,Bandit Meta-Strategy (Thompson Sampling),-0.014656760657162617
2017-09-29,Bandit Meta-Strategy (Thompson Sampling),-0.014932999777284284
2017-10-02,Bandit Meta-Strategy (Thompson Sampling),-0.012563226595362461
2017-10-03,Bandit Meta-Strategy (Thompson Sampling),-0.0069677985987369245
2017-10-04,Bandit Meta-Strategy (Thompson Sampling),-0.005304268569382714
2017-10-05,Bandit Meta-Strategy (Thompson Sampling),0.0
2017-10-06,Bandit Meta-Strategy (Thompson Sampling),0.0
2017-10-09,Bandit Meta-Strategy (Thompson Sampling),0.0
2017-10-10,Bandit Meta-Strategy (Thompson Sampling),0.0
2017-10-11,Bandit Meta-Strategy (Thompson Sampling),0.0
2017-10-12,Bandit Meta-Strategy (Thompson Sampling),-0.0008171901956639069
2017-10-13,Bandit Meta-Strategy (Thompson Sampling),0.0
2017-10-16,Bandit Meta-Strategy (Thompson Sampling),0.0
2017-10-17,Bandit Meta-Strategy (Thompson Sampling),0.0
2017-10-18,Bandit Meta-Strategy (Thompson Sampling),-0.0012732950172135802
2017-10-19,Bandit Meta-Strategy (Thompson Sampling),-0.0027226165594224556
2017-10-20,Bandit Meta-Strategy (Thompson Sampling),-0.003234643244435522
2017-10-23,Bandit Meta-Strategy (Thompson Sampling),-0.005652799973544505
2017-10-24,Bandit Meta-Strategy (Thompson Sampling),-0.003937640034466739
2017-10-25,Bandit Meta-Strategy (Thompson Sampling),-0.007025441702051142
2017-10-26,Bandit Meta-Strategy (Thompson Sampling),-0.004067587755724338
2017-10-27,Bandit Meta-Strategy (Thompson Sampling),0.0
2017-10-30,Bandit Meta-Strategy (Thompson Sampling),-0.0034716295190039812
2017-10-31,Bandit Meta-Strategy (Thompson Sampling),-0.002797078031718221
2017-11-01,Bandit Meta-Strategy (Thompson Sampling),-0.00010730831303114206
2017-11-02,Bandit Meta-Strategy (Thompson Sampling),-0.0025688510291410577
2017-11-03,Bandit Meta-Strategy (Thompson Sampling),0.0
2017-11-06,Bandit Meta-Strategy (Thompson Sampling),-0.0007267109359624126
2017-11-07,Bandit Meta-Strategy (Thompson Sampling),0.0
2017-11-08,Bandit Meta-Strategy (Thompson Sampling),0.0
2017-11-09,Bandit Meta-Strategy (Thompson Sampling),-0.0020877715630065507
2017-11-10,Bandit Meta-Strategy (Thompson Sampling),0.0
2017-11-13,Bandit Meta-Strategy (Thompson Sampling),0.0
2017-11-14,Bandit Meta-Strategy (Thompson Sampling),0.0
2017-11-15,Bandit Meta-Strategy (Thompson Sampling),-0.007118435215030912
2017-11-16,Bandit Meta-Strategy (Thompson Sampling),0.0
2017-11-17,Bandit Meta-Strategy (Thompson Sampling),-0.007814818393514215
2017-11-20,Bandit Meta-Strategy (Thompson Sampling),-0.007119791883981501
2017-11-21,Bandit Meta-Strategy (Thompson Sampling),0.0
2017-11-22,Bandit Meta-Strategy (Thompson Sampling),-0.002111162820364267
2017-11-24,Bandit Meta-Strategy (Thompson Sampling),0.0
2017-11-27,Bandit Meta-Strategy (Thompson Sampling),0.0
2017-11-28,Bandit Meta-Strategy (Thompson Sampling),0.0
2017-11-29,Bandit Meta-Strategy (Thompson Sampling),-0.008404273613965138
2017-11-30,Bandit Meta-Strategy (Thompson Sampling),-0.008784933798583364
2017-12-01,Bandit Meta-Strategy (Thompson Sampling),-0.008352763407864337
2017-12-04,Bandit Meta-Strategy (Thompson Sampling),-0.0057380168721059485
2017-12-05,Bandit Meta-Strategy (Thompson Sampling),-0.009314970622862464
2017-12-06,Bandit Meta-Strategy (Thompson Sampling),-0.008981793678886654
2017-12-07,Bandit Meta-Strategy (Thompson Sampling),-0.011504762883411268
2017-12-08,Bandit Meta-Strategy (Thompson Sampling),-0.010601290506199403
2017-12-11,Bandit Meta-Strategy (Thompson Sampling),-0.004565105526036419
2017-12-12,Bandit Meta-Strategy (Thompson Sampling),-0.002184872480056161
2017-12-13,Bandit Meta-Strategy (Thompson Sampling),0.0
2017-12-14,Bandit Meta-Strategy (Thompson Sampling),0.0
2017-12-15,Bandit Meta-Strategy (Thompson Sampling),0.0
2017-12-18,Bandit Meta-Strategy (Thompson Sampling),0.0
2017-12-19,Bandit Meta-Strategy (Thompson Sampling),-0.0013704793961680178
2017-12-20,Bandit Meta-Strategy (Thompson Sampling),-0.004506297590479873
2017-12-21,Bandit Meta-Strategy (Thompson Sampling),-0.004939104216370117
2017-12-22,Bandit Meta-Strategy (Thompson Sampling),-0.006806206111846882
2017-12-26,Bandit Meta-Strategy (Thompson Sampling),-0.00587257080349743
2017-12-27,Bandit Meta-Strategy (Thompson Sampling),-0.005910037616105576
2017-12-28,Bandit Meta-Strategy (Thompson Sampling),-0.005051442531071938
2017-12-29,Bandit Meta-Strategy (Thompson Sampling),-0.009144881539434392
2018-01-02,Bandit Meta-Strategy (Thompson Sampling),-0.0021065862635827087
2018-01-03,Bandit Meta-Strategy (Thompson Sampling),0.0
2018-01-04,Bandit Meta-Strategy (Thompson Sampling),0.0
2018-01-05,Bandit Meta-Strategy (Thompson Sampling),0.0
2018-01-08,Bandit Meta-Strategy (Thompson Sampling),0.0
2018-01-09,Bandit Meta-Strategy (Thompson Sampling),0.0
2018-01-10,Bandit Meta-Strategy (Thompson Sampling),-0.0018413831887476519
2018-01-11,Bandit Meta-Strategy (Thompson Sampling),0.0
2018-01-12,Bandit Meta-Strategy (Thompson Sampling),0.0
2018-01-16,Bandit Meta-Strategy (Thompson Sampling),0.0
2018-01-17,Bandit Meta-Strategy (Thompson Sampling),0.0
2018-01-18,Bandit Meta-Strategy (Thompson Sampling),-0.0019664856511890246
2018-01-19,Bandit Meta-Strategy (Thompson Sampling),0.0
2018-01-22,Bandit Meta-Strategy (Thompson Sampling),0.0
2018-01-23,Bandit Meta-Strategy (Thompson Sampling),-0.00226805553195038
2018-01-24,Bandit Meta-Strategy (Thompson Sampling),-0.0011511438025541072
2018-01-25,Bandit Meta-Strategy (Thompson Sampling),0.0
2018-01-26,Bandit Meta-Strategy (Thompson Sampling),0.0
2018-01-29,Bandit Meta-Strategy (Thompson Sampling),-0.005300042544137727
2018-01-30,Bandit Meta-Strategy (Thompson Sampling),-0.01590797881884451
2018-01-31,Bandit Meta-Strategy (Thompson Sampling),-0.019262183334544443
2018-02-01,Bandit Meta-Strategy (Thompson Sampling),-0.01877288235202647
2018-02-02,Bandit Meta-Strategy (Thompson Sampling),-0.03809244341405157
2018-02-05,Bandit Meta-Strategy (Thompson Sampling),-0.08220858212531822
2018-02-06,Bandit Meta-Strategy (Thompson Sampling),-0.06765667962594345
2018-02-07,Bandit Meta-Strategy (Thompson Sampling),-0.07086658040454089
2018-02-08,Bandit Meta-Strategy (Thompson Sampling),-0.10616772987098674
2018-02-09,Bandit Meta-Strategy (Thompson Sampling),-0.0967025171610345
2018-02-12,Bandit Meta-Strategy (Thompson Sampling),-0.08594957333957828
2018-02-13,Bandit Meta-Strategy (Thompson Sampling),-0.0810248330177491
2018-02-14,Bandit Meta-Strategy (Thompson Sampling),-0.0743616155184931
2018-02-15,Bandit Meta-Strategy (Thompson Sampling),-0.062120516917624276
2018-02-16,Bandit Meta-Strategy (Thompson Sampling),-0.057843820543920496
2018-02-20,Bandit Meta-Strategy (Thompson Sampling),-0.06970325552451553
2018-02-21,Bandit Meta-Strategy (Thompson Sampling),-0.07945627270179954
2018-02-22,Bandit Meta-Strategy (Thompson Sampling),-0.07425700963016572
2018-02-23,Bandit Meta-Strategy (Thompson Sampling),-0.060569841941099156
2018-02-26,Bandit Meta-Strategy (Thompson Sampling),-0.051216152830839114
2018-02-27,Bandit Meta-Strategy (Thompson Sampling),-0.06462282437396788
2018-02-28,Bandit Meta-Strategy (Thompson Sampling),-0.06512034587201843
2018-03-01,Bandit Meta-Strategy (Thompson Sampling),-0.0757117828054799
2018-03-02,Bandit Meta-Strategy (Thompson Sampling),-0.06909804337689089
2018-03-05,Bandit Meta-Strategy (Thompson Sampling),-0.0600162977296868
2018-03-06,Bandit Meta-Strategy (Thompson Sampling),-0.05931055077206944
2018-03-07,Bandit Meta-Strategy (Thompson Sampling),-0.06444291567392578
2018-03-08,Bandit Meta-Strategy (Thompson Sampling),-0.05934341047233887
2018-03-09,Bandit Meta-Strategy (Thompson Sampling),-0.04841878885555744
2018-03-12,Bandit Meta-Strategy (Thompson Sampling),-0.04698003359370588
2018-03-13,Bandit Meta-Strategy (Thompson Sampling),-0.05137705578053473
2018-03-14,Bandit Meta-Strategy (Thompson Sampling),-0.059209291034691705
2018-03-15,Bandit Meta-Strategy (Thompson Sampling),-0.059233922503686504
2018-03-16,Bandit Meta-Strategy (Thompson Sampling),-0.05722602444517429
2018-03-19,Bandit Meta-Strategy (Thompson Sampling),-0.07162753088899061
2018-03-20,Bandit Meta-Strategy (Thompson Sampling),-0.0673471248267487
2018-03-21,Bandit Meta-Strategy (Thompson Sampling),-0.06812945407412807
2018-03-22,Bandit Meta-Strategy (Thompson Sampling),-0.08619110618223676
2018-03-23,Bandit Meta-Strategy (Thompson Sampling),-0.10449326032432533
2018-03-26,Bandit Meta-Strategy (Thompson Sampling),-0.08348373777079182
2018-03-27,Bandit Meta-Strategy (Thompson Sampling),-0.0994774698643301
2018-03-28,Bandit Meta-Strategy (Thompson Sampling),-0.10558351248940921
2018-03-29,Bandit Meta-Strategy (Thompson Sampling),-0.1060270700553497
2018-04-02,Bandit Meta-Strategy (Thompson Sampling),-0.131089541608583
2018-04-03,Bandit Meta-Strategy (Thompson Sampling),-0.11662703015906428
2018-04-04,Bandit Meta-Strategy (Thompson Sampling),-0.10388687661122813
2018-04-05,Bandit Meta-Strategy (Thompson Sampling),-0.09422608902197865
2018-04-06,Bandit Meta-Strategy (Thompson Sampling),-0.1115317641986998
2018-04-09,Bandit Meta-Strategy (Thompson Sampling),-0.11164688478514666
2018-04-10,Bandit Meta-Strategy (Thompson Sampling),-0.09371563119380077
2018-04-11,Bandit Meta-Strategy (Thompson Sampling),-0.09759063282347252
2018-04-12,Bandit Meta-Strategy (Thompson Sampling),-0.09295794334065845
2018-04-13,Bandit Meta-Strategy (Thompson Sampling),-0.09235522884106874
2018-04-16,Bandit Meta-Strategy (Thompson Sampling),-0.09038224900570967
2018-04-17,Bandit Meta-Strategy (Thompson Sampling),-0.07861037252225965
2018-04-18,Bandit Meta-Strategy (Thompson Sampling),-0.07871169848772035
2018-04-19,Bandit Meta-Strategy (Thompson Sampling),-0.08108112864931749
2018-04-20,Bandit Meta-Strategy (Thompson Sampling),-0.09128279606368771
2018-04-23,Bandit Meta-Strategy (Thompson Sampling),-0.09573841323872917
2018-04-24,Bandit Meta-Strategy (Thompson Sampling),-0.10894306807359005
2018-04-25,Bandit Meta-Strategy (Thompson Sampling),-0.11017242730350364
2018-04-26,Bandit Meta-Strategy (Thompson Sampling),-0.09303251639506947
2018-04-27,Bandit Meta-Strategy (Thompson Sampling),-0.09215299405371166
2018-04-30,Bandit Meta-Strategy (Thompson Sampling),-0.09277543420661075
2018-05-01,Bandit Meta-Strategy (Thompson Sampling),-0.09270082014160796
2018-05-02,Bandit Meta-Strategy (Thompson Sampling),-0.0987210932664595
2018-05-03,Bandit Meta-Strategy (Thompson Sampling),-0.09735612380683398
2018-05-04,Bandit Meta-Strategy (Thompson Sampling),-0.08308722876260445
2018-05-07,Bandit Meta-Strategy (Thompson Sampling),-0.07465404814925161
2018-05-08,Bandit Meta-Strategy (Thompson Sampling),-0.07455209223321119
2018-05-09,Bandit Meta-Strategy (Thompson Sampling),-0.06799025069861597
2018-05-10,Bandit Meta-Strategy (Thompson Sampling),-0.061793515642886356
2018-05-11,Bandit Meta-Strategy (Thompson Sampling),-0.06497923452535534
2018-05-14,Bandit Meta-Strategy (Thompson Sampling),-0.0633567486224269
2018-05-15,Bandit Meta-Strategy (Thompson Sampling),-0.07506519901715603
2018-05-16,Bandit Meta-Strategy (Thompson Sampling),-0.06982353360226771
2018-05-17,Bandit Meta-Strategy (Thompson Sampling),-0.07207619519721767
2018-05-18,Bandit Meta-Strategy (Thompson Sampling),-0.07782559484133228
2018-05-21,Bandit Meta-Strategy (Thompson Sampling),-0.07123162353783333
2018-05-22,Bandit Meta-Strategy (Thompson Sampling),-0.07577447103960315
2018-05-23,Bandit Meta-Strategy (Thompson Sampling),-0.06607705342363555
2018-05-24,Bandit Meta-Strategy (Thompson Sampling),-0.0674547866424984
2018-05-25,Bandit Meta-Strategy (Thompson Sampling),-0.06627940829893285
2018-05-29,Bandit Meta-Strategy (Thompson Sampling),-0.06980985850039473
2018-05-30,Bandit Meta-Strategy (Thompson Sampling),-0.056711063280172835
2018-05-31,Bandit Meta-Strategy (Thompson Sampling),-0.05729738355365046
2018-06-01,Bandit Meta-Strategy (Thompson Sampling),-0.04827760564182704
2018-06-04,Bandit Meta-Strategy (Thompson Sampling),-0.038078402404192815
2018-06-05,Bandit Meta-Strategy (Thompson Sampling),-0.04017218459141709
2018-06-06,Bandit Meta-Strategy (Thompson Sampling),-0.027605655728120508
2018-06-07,Bandit Meta-Strategy (Thompson Sampling),-0.025505977148963403
2018-06-08,Bandit Meta-Strategy (Thompson Sampling),-0.019921257347333538
2018-06-11,Bandit Meta-Strategy (Thompson Sampling),-0.01704940998939634
2018-06-12,Bandit Meta-Strategy (Thompson Sampling),-0.014645152842760646
2018-06-13,Bandit Meta-Strategy (Thompson Sampling),-0.013897748776674615
2018-06-14,Bandit Meta-Strategy (Thompson Sampling),-0.009178630325806606
2018-06-15,Bandit Meta-Strategy (Thompson Sampling),-0.006812515288700845
2018-06-18,Bandit Meta-Strategy (Thompson Sampling),-0.010611950316047879
2018-06-19,Bandit Meta-Strategy (Thompson Sampling),-0.011944366149770628
2018-06-20,Bandit Meta-Strategy (Thompson Sampling),-0.007679432655945653
2018-06-21,Bandit Meta-Strategy (Thompson Sampling),-0.012901081224321629
2018-06-22,Bandit Meta-Strategy (Thompson Sampling),-0.013285712934540974
2018-06-25,Bandit Meta-Strategy (Thompson Sampling),-0.023787657019446056
2018-06-26,Bandit Meta-Strategy (Thompson Sampling),-0.01777371941037299
2018-06-27,Bandit Meta-Strategy (Thompson Sampling),-0.022989571650428968
2018-06-28,Bandit Meta-Strategy (Thompson Sampling),-0.015157206686110295
2018-06-29,Bandit Meta-Strategy (Thompson Sampling),-0.015544344448345146
2018-07-02,Bandit Meta-Strategy (Thompson Sampling),-0.013290039336909372
2018-07-03,Bandit Meta-Strategy (Thompson Sampling),-0.022621898076314245
2018-07-05,Bandit Meta-Strategy (Thompson Sampling),-0.01126637014403809
2018-07-06,Bandit Meta-Strategy (Thompson Sampling),-0.005564058267653333
2018-07-09,Bandit Meta-Strategy (Thompson Sampling),0.0
2018-07-10,Bandit Meta-Strategy (Thompson Sampling),0.0
2018-07-11,Bandit Meta-Strategy (Thompson Sampling),-0.0028774850025355203
2018-07-12,Bandit Meta-Strategy (Thompson Sampling),0.0
2018-07-13,Bandit Meta-Strategy (Thompson Sampling),0.0
2018-07-16,Bandit Meta-Strategy (Thompson Sampling),0.0
2018-07-17,Bandit Meta-Strategy (Thompson Sampling),0.0
2018-07-18,Bandit Meta-Strategy (Thompson Sampling),-0.0011955933354064726
2018-07-19,Bandit Meta-Strategy (Thompson Sampling),-0.008310639417560535
2018-07-20,Bandit Meta-Strategy (Thompson Sampling),-0.007409255449161722
2018-07-23,Bandit Meta-Strategy (Thompson Sampling),-0.007459223033699097
2018-07-24,Bandit Meta-Strategy (Thompson Sampling),-0.0011955109415130332
2018-07-25,Bandit Meta-Strategy (Thompson Sampling),0.0
2018-07-26,Bandit Meta-Strategy (Thompson Sampling),-0.006997167432464474
2018-07-27,Bandit Meta-Strategy (Thompson Sampling),-0.012504549314277585
2018-07-30,Bandit Meta-Strategy (Thompson Sampling),-0.021082027972048955
2018-07-31,Bandit Meta-Strategy (Thompson Sampling),-0.02158352456429068
2018-08-01,Bandit Meta-Strategy (Thompson Sampling),-0.02050821889545725
2018-08-02,Bandit Meta-Strategy (Thompson Sampling),-0.010795660995142871
2018-08-03,Bandit Meta-Strategy (Thompson Sampling),-0.004339243553344007
2018-08-06,Bandit Meta-Strategy (Thompson Sampling),0.0
2018-08-07,Bandit Meta-Strategy (Thompson Sampling),0.0
2018-08-08,Bandit Meta-Strategy (Thompson Sampling),-0.00265477841895545
2018-08-09,Bandit Meta-Strategy (Thompson Sampling),-0.007318486915042818
2018-08-10,Bandit Meta-Strategy (Thompson Sampling),-0.011973577214231826
2018-08-13,Bandit Meta-Strategy (Thompson Sampling),-0.015420307502730601
2018-08-14,Bandit Meta-Strategy (Thompson Sampling),-0.013874851208003821
2018-08-15,Bandit Meta-Strategy (Thompson Sampling),-0.016425511490164756
2018-08-16,Bandit Meta-Strategy (Thompson Sampling),-0.007316550502894236
2018-08-17,Bandit Meta-Strategy (Thompson Sampling),-0.008691437655448823
2018-08-20,Bandit Meta-Strategy (Thompson Sampling),-0.007388360995625747
2018-08-21,Bandit Meta-Strategy (Thompson Sampling),-0.006406405822393523
2018-08-22,Bandit Meta-Strategy (Thompson Sampling),-0.00629432144081381
2018-08-23,Bandit Meta-Strategy (Thompson Sampling),-0.008364307499756597
2018-08-24,Bandit Meta-Strategy (Thompson Sampling),-0.0036386763597074604
2018-08-27,Bandit Meta-Strategy (Thompson Sampling),-0.0009747457994344359
2018-08-28,Bandit Meta-Strategy (Thompson Sampling),-0.0020247965364870533
2018-08-29,Bandit Meta-Strategy (Thompson Sampling),0.0
2018-08-30,Bandit Meta-Strategy (Thompson Sampling),-0.001966533448827019
2018-08-31,Bandit Meta-Strategy (Thompson Sampling),-0.002363699098469183
2018-09-04,Bandit Meta-Strategy (Thompson Sampling),-0.005117538278306107
2018-09-05,Bandit Meta-Strategy (Thompson Sampling),-0.01005831446561737
2018-09-06,Bandit Meta-Strategy (Thompson Sampling),-0.013104082171903095
2018-09-07,Bandit Meta-Strategy (Thompson Sampling),-0.015650617454979737
2018-09-10,Bandit Meta-Strategy (Thompson Sampling),-0.010180096771627055
2018-09-11,Bandit Meta-Strategy (Thompson Sampling),-0.005714211235144503
2018-09-12,Bandit Meta-Strategy (Thompson Sampling),-0.004092950741285491
2018-09-13,Bandit Meta-Strategy (Thompson Sampling),-0.003036095216914544
2018-09-14,Bandit Meta-Strategy (Thompson Sampling),-0.002536080666132525
2018-09-17,Bandit Meta-Strategy (Thompson Sampling),-0.006262884899102681
2018-09-18,Bandit Meta-Strategy (Thompson Sampling),-0.003230314607581925
2018-09-19,Bandit Meta-Strategy (Thompson Sampling),0.0
2018-09-20,Bandit Meta-Strategy (Thompson Sampling),0.0
2018-09-21,Bandit Meta-Strategy (Thompson Sampling),-0.002231670568499348
2018-09-24,Bandit Meta-Strategy (Thompson Sampling),-0.0033943576264789197
2018-09-25,Bandit Meta-Strategy (Thompson Sampling),-0.004246151705607625
2018-09-26,Bandit Meta-Strategy (Thompson Sampling),-0.0029810295027497217
2018-09-27,Bandit Meta-Strategy (Thompson Sampling),-0.00029077178062347726
2018-09-28,Bandit Meta-Strategy (Thompson Sampling),-0.001051889565403556
2018-10-01,Bandit Meta-Strategy (Thompson Sampling),0.0
2018-10-02,Bandit Meta-Strategy (Thompson Sampling),-0.004040908218352251
2018-10-03,Bandit Meta-Strategy (Thompson Sampling),-0.00814091800040248
2018-10-04,Bandit Meta-Strategy (Thompson Sampling),-0.023696085547027103
2018-10-05,Bandit Meta-Strategy (Thompson Sampling),-0.036435367524604044
2018-10-08,Bandit Meta-Strategy (Thompson Sampling),-0.03836626764274279
2018-10-09,Bandit Meta-Strategy (Thompson Sampling),-0.029777144803562108
2018-10-10,Bandit Meta-Strategy (Thompson Sampling),-0.06786981768615803
2018-10-11,Bandit Meta-Strategy (Thompson Sampling),-0.08635132226032208
2018-10-12,Bandit Meta-Strategy (Thompson Sampling),-0.06459118372849137
2018-10-15,Bandit Meta-Strategy (Thompson Sampling),-0.07372369964959086
2018-10-16,Bandit Meta-Strategy (Thompson Sampling),-0.0484434058842885
2018-10-17,Bandit Meta-Strategy (Thompson Sampling),-0.03833152367796205
2018-10-18,Bandit Meta-Strategy (Thompson Sampling),-0.058847528952517415
2018-10-19,Bandit Meta-Strategy (Thompson Sampling),-0.055634272003925
2018-10-22,Bandit Meta-Strategy (Thompson Sampling),-0.056781652238612854
2018-10-23,Bandit Meta-Strategy (Thompson Sampling),-0.053679054836668114
2018-10-24,Bandit Meta-Strategy (Thompson Sampling),-0.0844571050408468
2018-10-25,Bandit Meta-Strategy (Thompson Sampling),-0.05673539411231836
2018-10-26,Bandit Meta-Strategy (Thompson Sampling),-0.08031668782087241
2018-10-29,Bandit Meta-Strategy (Thompson Sampling),-0.09448223071186025
2018-10-30,Bandit Meta-Strategy (Thompson Sampling),-0.08633910299106921
2018-10-31,Bandit Meta-Strategy (Thompson Sampling),-0.08724408950497771
2018-11-01,Bandit Meta-Strategy (Thompson Sampling),-0.07560822400733612
2018-11-02,Bandit Meta-Strategy (Thompson Sampling),-0.07959928166669973
2018-11-05,Bandit Meta-Strategy (Thompson Sampling),-0.07236389855536203
2018-11-06,Bandit Meta-Strategy (Thompson Sampling),-0.07101130904889998
2018-11-07,Bandit Meta-Strategy (Thompson Sampling),-0.05195886044981275
2018-11-08,Bandit Meta-Strategy (Thompson Sampling),-0.05516185503806154
2018-11-09,Bandit Meta-Strategy (Thompson Sampling),-0.05753644373005516
2018-11-12,Bandit Meta-Strategy (Thompson Sampling),-0.07209776332501953
2018-11-13,Bandit Meta-Strategy (Thompson Sampling),-0.07414942327842453
2018-11-14,Bandit Meta-Strategy (Thompson Sampling),-0.07911505419450539
2018-11-15,Bandit Meta-Strategy (Thompson Sampling),-0.0767218609781371
2018-11-16,Bandit Meta-Strategy (Thompson Sampling),-0.07984822857038883
2018-11-19,Bandit Meta-Strategy (Thompson Sampling),-0.08759742129717588
2018-11-20,Bandit Meta-Strategy (Thompson Sampling),-0.10298170509769801
2018-11-21,Bandit Meta-Strategy (Thompson Sampling),-0.11050427038125475
2018-11-23,Bandit Meta-Strategy (Thompson Sampling),-0.11316311323624435
2018-11-26,Bandit Meta-Strategy (Thompson Sampling),-0.10502900945127504
2018-11-27,Bandit Meta-Strategy (Thompson Sampling),-0.09583385738411553
2018-11-28,Bandit Meta-Strategy (Thompson Sampling),-0.07635534698381596
2018-11-29,Bandit Meta-Strategy (Thompson Sampling),-0.07939247648481411
2018-11-30,Bandit Meta-Strategy (Thompson Sampling),-0.08011212717847915
2018-12-03,Bandit Meta-Strategy (Thompson Sampling),-0.06735182212305099
2018-12-04,Bandit Meta-Strategy (Thompson Sampling),-0.09822165333189906
2018-12-06,Bandit Meta-Strategy (Thompson Sampling),-0.09200837345525639
2018-12-07,Bandit Meta-Strategy (Thompson Sampling),-0.11974458770701828
2018-12-10,Bandit Meta-Strategy (Thompson Sampling),-0.11207569042457925
2018-12-11,Bandit Meta-Strategy (Thompson Sampling),-0.11494708327330701
2018-12-12,Bandit Meta-Strategy (Thompson Sampling),-0.1066439144612663
2018-12-13,Bandit Meta-Strategy (Thompson Sampling),-0.10202270741391492
2018-12-14,Bandit Meta-Strategy (Thompson Sampling),-0.123632675954506
2018-12-17,Bandit Meta-Strategy (Thompson Sampling),-0.14486083630865454
2018-12-18,Bandit Meta-Strategy (Thompson Sampling),-0.13970027288963355
2018-12-19,Bandit Meta-Strategy (Thompson Sampling),-0.15717762867829993
2018-12-20,Bandit Meta-Strategy (Thompson Sampling),-0.17034419541881854
2018-12-21,Bandit Meta-Strategy (Thompson Sampling),-0.19270511747110075
2018-12-24,Bandit Meta-Strategy (Thompson Sampling),-0.21844795315457693
2018-12-26,Bandit Meta-Strategy (Thompson Sampling),-0.17120129150728855
2018-12-27,Bandit Meta-Strategy (Thompson Sampling),-0.165666934988401
2018-12-28,Bandit Meta-Strategy (Thompson Sampling),-0.1645070294194131
2018-12-31,Bandit Meta-Strategy (Thompson Sampling),-0.16511131953810632
2019-01-02,Bandit Meta-Strategy (Thompson Sampling),-0.16318814378440455
2019-01-03,Bandit Meta-Strategy (Thompson Sampling),-0.18143443944933238
2019-01-04,Bandit Meta-Strategy (Thompson Sampling),-0.15104884663521045
2019-01-07,Bandit Meta-Strategy (Thompson Sampling),-0.14249211084751498
2019-01-08,Bandit Meta-Strategy (Thompson Sampling),-0.13542256342846762
2019-01-09,Bandit Meta-Strategy (Thompson Sampling),-0.1348644092258484
2019-01-10,Bandit Meta-Strategy (Thompson Sampling),-0.13313837631117903
2019-01-11,Bandit Meta-Strategy (Thompson Sampling),-0.12940522934825305
2019-01-14,Bandit Meta-Strategy (Thompson Sampling),-0.13327715121459618
2019-01-15,Bandit Meta-Strategy (Thompson Sampling),-0.1208304985608303
2019-01-16,Bandit Meta-Strategy (Thompson Sampling),-0.12190976137235228
2019-01-17,Bandit Meta-Strategy (Thompson Sampling),-0.1177899543549875
2019-01-18,Bandit Meta-Strategy (Thompson Sampling),-0.11517089238162892
2019-01-22,Bandit Meta-Strategy (Thompson Sampling),-0.12869557172367627
2019-01-23,Bandit Meta-Strategy (Thompson Sampling),-0.12638671316073485
2019-01-24,Bandit Meta-Strategy (Thompson Sampling),-0.1260564109166256
2019-01-25,Bandit Meta-Strategy (Thompson Sampling),-0.11955524719602774
2019-01-28,Bandit Meta-Strategy (Thompson Sampling),-0.13096919070755925
2019-01-29,Bandit Meta-Strategy (Thompson Sampling),-0.1345328805709898
2019-01-30,Bandit Meta-Strategy (Thompson Sampling),-0.11892192766841662
2019-01-31,Bandit Meta-Strategy (Thompson Sampling),-0.10469999883145538
2019-02-01,Bandit Meta-Strategy (Thompson Sampling),-0.10116622458764828
2019-02-04,Bandit Meta-Strategy (Thompson Sampling),-0.09292612805021747
2019-02-05,Bandit Meta-Strategy (Thompson Sampling),-0.0885460897357157
2019-02-06,Bandit Meta-Strategy (Thompson Sampling),-0.09074902977457075
2019-02-07,Bandit Meta-Strategy (Thompson Sampling),-0.10079164334761133
2019-02-08,Bandit Meta-Strategy (Thompson Sampling),-0.09987220925637799
2019-02-11,Bandit Meta-Strategy (Thompson Sampling),-0.10146847057729093
2019-02-12,Bandit Meta-Strategy (Thompson Sampling),-0.09043621040433658
2019-02-13,Bandit Meta-Strategy (Thompson Sampling),-0.08936842225125313
2019-02-14,Bandit Meta-Strategy (Thompson Sampling),-0.09765241771991245
2019-02-15,Bandit Meta-Strategy (Thompson Sampling),-0.09093073904200034
2019-02-19,Bandit Meta-Strategy (Thompson Sampling),-0.08784995922480385
2019-02-20,Bandit Meta-Strategy (Thompson Sampling),-0.08879046728320078
2019-02-21,Bandit Meta-Strategy (Thompson Sampling),-0.09169296129688961
2019-02-22,Bandit Meta-Strategy (Thompson Sampling),-0.08529404776145598
2019-02-25,Bandit Meta-Strategy (Thompson Sampling),-0.08510840099670726
2019-02-26,Bandit Meta-Strategy (Thompson Sampling),-0.0860477295014809
2019-02-27,Bandit Meta-Strategy (Thompson Sampling),-0.08644936739455808
2019-02-28,Bandit Meta-Strategy (Thompson Sampling),-0.08718612908811627
2019-03-01,Bandit Meta-Strategy (Thompson Sampling),-0.08661903143270222
2019-03-04,Bandit Meta-Strategy (Thompson Sampling),-0.08584698487301348
2019-03-05,Bandit Meta-Strategy (Thompson Sampling),-0.08560302784150609
2019-03-06,Bandit Meta-Strategy (Thompson Sampling),-0.08809798352685173
2019-03-07,Bandit Meta-Strategy (Thompson Sampling),-0.09532717208306714
2019-03-08,Bandit Meta-Strategy (Thompson Sampling),-0.09717126983945909
2019-03-11,Bandit Meta-Strategy (Thompson Sampling),-0.08111261168196414
2019-03-12,Bandit Meta-Strategy (Thompson Sampling),-0.08113810473145247
2019-03-13,Bandit Meta-Strategy (Thompson Sampling),-0.07625508463067532
2019-03-14,Bandit Meta-Strategy (Thompson Sampling),-0.07925064481634905
2019-03-15,Bandit Meta-Strategy (Thompson Sampling),-0.07709444778036889
2019-03-18,Bandit Meta-Strategy (Thompson Sampling),-0.07651201885908145
2019-03-19,Bandit Meta-Strategy (Thompson Sampling),-0.07759172604190279
2019-03-20,Bandit Meta-Strategy (Thompson Sampling),-0.08092881666676133
2019-03-21,Bandit Meta-Strategy (Thompson Sampling),-0.07911994745196929
2019-03-22,Bandit Meta-Strategy (Thompson Sampling),-0.09059773209697589
2019-03-25,Bandit Meta-Strategy (Thompson Sampling),-0.09245262632861409
2019-03-26,Bandit Meta-Strategy (Thompson Sampling),-0.08328162379891627
2019-03-27,Bandit Meta-Strategy (Thompson Sampling),-0.0865861120082345
2019-03-28,Bandit Meta-Strategy (Thompson Sampling),-0.08319273890123281
2019-03-29,Bandit Meta-Strategy (Thompson Sampling),-0.08378694459844337
2019-04-01,Bandit Meta-Strategy (Thompson Sampling),-0.0728001722565554
2019-04-02,Bandit Meta-Strategy (Thompson Sampling),-0.0718448696509135
2019-04-03,Bandit Meta-Strategy (Thompson Sampling),-0.06888165267923214
2019-04-04,Bandit Meta-Strategy (Thompson Sampling),-0.06944851562137282
2019-04-05,Bandit Meta-Strategy (Thompson Sampling),-0.06581453403952092
2019-04-08,Bandit Meta-Strategy (Thompson Sampling),-0.0632672198003723
2019-04-09,Bandit Meta-Strategy (Thompson Sampling),-0.06567635926807674
2019-04-10,Bandit Meta-Strategy (Thompson Sampling),-0.06241931230896692
2019-04-11,Bandit Meta-Strategy (Thompson Sampling),-0.06266518817805378
2019-04-12,Bandit Meta-Strategy (Thompson Sampling),-0.05119125805192467
2019-04-15,Bandit Meta-Strategy (Thompson Sampling),-0.05012870984227954
2019-04-16,Bandit Meta-Strategy (Thompson Sampling),-0.04733991368166856
2019-04-17,Bandit Meta-Strategy (Thompson Sampling),-0.044081475523386676
2019-04-18,Bandit Meta-Strategy (Thompson Sampling),-0.04417907678288181
2019-04-22,Bandit Meta-Strategy (Thompson Sampling),-0.04244552565387195
2019-04-23,Bandit Meta-Strategy (Thompson Sampling),-0.035712421987971255
2019-04-24,Bandit Meta-Strategy (Thompson Sampling),-0.037674728761218905
2019-04-25,Bandit Meta-Strategy (Thompson Sampling),-0.03598101214307872
2019-04-26,Bandit Meta-Strategy (Thompson Sampling),-0.03539772513073122
2019-04-29,Bandit Meta-Strategy (Thompson Sampling),-0.03330924360781971
2019-04-30,Bandit Meta-Strategy (Thompson Sampling),-0.033964710848284355
2019-05-01,Bandit Meta-Strategy (Thompson Sampling),-0.04394569861149773
2019-05-02,Bandit Meta-Strategy (Thompson Sampling),-0.04394878395069747
2019-05-03,Bandit Meta-Strategy (Thompson Sampling),-0.03500467707829476
2019-05-06,Bandit Meta-Strategy (Thompson Sampling),-0.036668893518465306
2019-05-07,Bandit Meta-Strategy (Thompson Sampling),-0.05092964003482293
2019-05-08,Bandit Meta-Strategy (Thompson Sampling),-0.05196694552219688
2019-05-09,Bandit Meta-Strategy (Thompson Sampling),-0.058536079403433965
2019-05-10,Bandit Meta-Strategy (Thompson Sampling),-0.050537492513110994
2019-05-13,Bandit Meta-Strategy (Thompson Sampling),-0.06952319544754641
2019-05-14,Bandit Meta-Strategy (Thompson Sampling),-0.06308220110195227
2019-05-15,Bandit Meta-Strategy (Thompson Sampling),-0.05587445560239462
2019-05-16,Bandit Meta-Strategy (Thompson Sampling),-0.04547507288042517
2019-05-17,Bandit Meta-Strategy (Thompson Sampling),-0.05393728352031951
2019-05-20,Bandit Meta-Strategy (Thompson Sampling),-0.05706060270262034
2019-05-21,Bandit Meta-Strategy (Thompson Sampling),-0.05678601947298272
2019-05-22,Bandit Meta-Strategy (Thompson Sampling),-0.05466818793605616
2019-05-23,Bandit Meta-Strategy (Thompson Sampling),-0.06322507870581016
2019-05-24,Bandit Meta-Strategy (Thompson Sampling),-0.06193996192188891
2019-05-28,Bandit Meta-Strategy (Thompson Sampling),-0.06708761485724554
2019-05-29,Bandit Meta-Strategy (Thompson Sampling),-0.07308573478495203
2019-05-30,Bandit Meta-Strategy (Thompson Sampling),-0.06971565871161507
2019-05-31,Bandit Meta-Strategy (Thompson Sampling),-0.07030760287656433
2019-06-03,Bandit Meta-Strategy (Thompson Sampling),-0.0757803811370635
2019-06-04,Bandit Meta-Strategy (Thompson Sampling),-0.05523549286065395
2019-06-05,Bandit Meta-Strategy (Thompson Sampling),-0.04578363806651653
2019-06-06,Bandit Meta-Strategy (Thompson Sampling),-0.03567881768284373
2019-06-07,Bandit Meta-Strategy (Thompson Sampling),-0.02662157310257405
2019-06-10,Bandit Meta-Strategy (Thompson Sampling),-0.01962096170625199
2019-06-11,Bandit Meta-Strategy (Thompson Sampling),-0.017018507493585244
2019-06-12,Bandit Meta-Strategy (Thompson Sampling),-0.01890725597870583
2019-06-13,Bandit Meta-Strategy (Thompson Sampling),-0.015092247076123569
2019-06-14,Bandit Meta-Strategy (Thompson Sampling),-0.013896606076760175
2019-06-17,Bandit Meta-Strategy (Thompson Sampling),-0.009612293978818935
2019-06-18,Bandit Meta-Strategy (Thompson Sampling),-0.005332724567652109
2019-06-19,Bandit Meta-Strategy (Thompson Sampling),-0.002108313651499877
2019-06-20,Bandit Meta-Strategy (Thompson Sampling),0.0
2019-06-21,Bandit Meta-Strategy (Thompson Sampling),-0.00034426140416363437
2019-06-24,Bandit Meta-Strategy (Thompson Sampling),0.0
2019-06-25,Bandit Meta-Strategy (Thompson Sampling),-0.007984861497753949
2019-06-26,Bandit Meta-Strategy (Thompson Sampling),-0.010372854211150558
2019-06-27,Bandit Meta-Strategy (Thompson Sampling),-0.008020870111925921
2019-06-28,Bandit Meta-Strategy (Thompson Sampling),-0.004428701967534292
2019-07-01,Bandit Meta-Strategy (Thompson Sampling),0.0
2019-07-02,Bandit Meta-Strategy (Thompson Sampling),0.0
2019-07-03,Bandit Meta-Strategy (Thompson Sampling),0.0
2019-07-05,Bandit Meta-Strategy (Thompson Sampling),-0.004075090869786667
2019-07-08,Bandit Meta-Strategy (Thompson Sampling),-0.006253978899187351
2019-07-09,Bandit Meta-Strategy (Thompson Sampling),-0.0052708240010800045
2019-07-10,Bandit Meta-Strategy (Thompson Sampling),0.0
2019-07-11,Bandit Meta-Strategy (Thompson Sampling),0.0
2019-07-12,Bandit Meta-Strategy (Thompson Sampling),0.0
2019-07-15,Bandit Meta-Strategy (Thompson Sampling),0.0
2019-07-16,Bandit Meta-Strategy (Thompson Sampling),-0.003447105649710602
2019-07-17,Bandit Meta-Strategy (Thompson Sampling),-0.005478928912441273
2019-07-18,Bandit Meta-Strategy (Thompson Sampling),-0.008010219984909278
2019-07-19,Bandit Meta-Strategy (Thompson Sampling),-0.014675377277278443
2019-07-22,Bandit Meta-Strategy (Thompson Sampling),-0.013298952723431621
2019-07-23,Bandit Meta-Strategy (Thompson Sampling),-0.00410049419359038
2019-07-24,Bandit Meta-Strategy (Thompson Sampling),-0.001688199859341849
2019-07-25,Bandit Meta-Strategy (Thompson Sampling),-0.013502509939562453
2019-07-26,Bandit Meta-Strategy (Thompson Sampling),-0.003469083269007042
2019-07-29,Bandit Meta-Strategy (Thompson Sampling),-0.003177830105973484
2019-07-30,Bandit Meta-Strategy (Thompson Sampling),-0.0033512779202792423
2019-07-31,Bandit Meta-Strategy (Thompson Sampling),-0.01730245303094126
2019-08-01,Bandit Meta-Strategy (Thompson Sampling),-0.02925913152787556
2019-08-02,Bandit Meta-Strategy (Thompson Sampling),-0.03380279319882264
2019-08-05,Bandit Meta-Strategy (Thompson Sampling),-0.06309324044021077
2019-08-06,Bandit Meta-Strategy (Thompson Sampling),-0.051045935377709684
2019-08-07,Bandit Meta-Strategy (Thompson Sampling),-0.049582643388487606
2019-08-08,Bandit Meta-Strategy (Thompson Sampling),-0.032766706538064044
2019-08-09,Bandit Meta-Strategy (Thompson Sampling),-0.041364481651108065
2019-08-12,Bandit Meta-Strategy (Thompson Sampling),-0.05421001429306858
2019-08-13,Bandit Meta-Strategy (Thompson Sampling),-0.04107222489687171
2019-08-14,Bandit Meta-Strategy (Thompson Sampling),-0.06776807069682685
2019-08-15,Bandit Meta-Strategy (Thompson Sampling),-0.0574796383133992
2019-08-16,Bandit Meta-Strategy (Thompson Sampling),-0.04372148641859901
2019-08-19,Bandit Meta-Strategy (Thompson Sampling),-0.030216240523719264
2019-08-20,Bandit Meta-Strategy (Thompson Sampling),-0.039430056437448055
2019-08-21,Bandit Meta-Strategy (Thompson Sampling),-0.03469179935804681
2019-08-22,Bandit Meta-Strategy (Thompson Sampling),-0.03362100193043467
2019-08-23,Bandit Meta-Strategy (Thompson Sampling),-0.05784746737195384
2019-08-26,Bandit Meta-Strategy (Thompson Sampling),-0.04556026813340428
2019-08-27,Bandit Meta-Strategy (Thompson Sampling),-0.04591245111531581
2019-08-28,Bandit Meta-Strategy (Thompson Sampling),-0.04021684363710007
2019-08-29,Bandit Meta-Strategy (Thompson Sampling),-0.02951655423923677
2019-08-30,Bandit Meta-Strategy (Thompson Sampling),-0.029069659378189044
2019-09-03,Bandit Meta-Strategy (Thompson Sampling),-0.03140999220625425
2019-09-04,Bandit Meta-Strategy (Thompson Sampling),-0.02186590971250654
2019-09-05,Bandit Meta-Strategy (Thompson Sampling),-0.0111475547307583
2019-09-06,Bandit Meta-Strategy (Thompson Sampling),-0.012751157310558663
2019-09-09,Bandit Meta-Strategy (Thompson Sampling),-0.011058302537139495
2019-09-10,Bandit Meta-Strategy (Thompson Sampling),-0.012843267109136287
2019-09-11,Bandit Meta-Strategy (Thompson Sampling),-0.005541753072807912
2019-09-12,Bandit Meta-Strategy (Thompson Sampling),-0.0002356029081112429
2019-09-13,Bandit Meta-Strategy (Thompson Sampling),-0.0014410264435867918
2019-09-16,Bandit Meta-Strategy (Thompson Sampling),-0.010073398415408056
2019-09-17,Bandit Meta-Strategy (Thompson Sampling),-0.006206280721907004
2019-09-18,Bandit Meta-Strategy (Thompson Sampling),-0.00549667005691915
2019-09-19,Bandit Meta-Strategy (Thompson Sampling),-0.006088220269753997
2019-09-20,Bandit Meta-Strategy (Thompson Sampling),-0.013159367240035141
2019-09-23,Bandit Meta-Strategy (Thompson Sampling),-0.011131750966942043
2019-09-24,Bandit Meta-Strategy (Thompson Sampling),-0.020493358733603792
2019-09-25,Bandit Meta-Strategy (Thompson Sampling),-0.014515009898793237
2019-09-26,Bandit Meta-Strategy (Thompson Sampling),-0.013304626025107296
2019-09-27,Bandit Meta-Strategy (Thompson Sampling),-0.01626054498929338
2019-09-30,Bandit Meta-Strategy (Thompson Sampling),-0.01452275639424747
2019-10-01,Bandit Meta-Strategy (Thompson Sampling),-0.018890312967875793
2019-10-02,Bandit Meta-Strategy (Thompson Sampling),-0.03475874166612482
2019-10-03,Bandit Meta-Strategy (Thompson Sampling),-0.02895402648172826
2019-10-04,Bandit Meta-Strategy (Thompson Sampling),-0.015130136881714953
2019-10-07,Bandit Meta-Strategy (Thompson Sampling),-0.01855027029203276
2019-10-08,Bandit Meta-Strategy (Thompson Sampling),-0.02972285973703611
2019-10-09,Bandit Meta-Strategy (Thompson Sampling),-0.02158733543945851
2019-10-10,Bandit Meta-Strategy (Thompson Sampling),-0.01662351606689628
2019-10-11,Bandit Meta-Strategy (Thompson Sampling),-0.009198812532200354
2019-10-14,Bandit Meta-Strategy (Thompson Sampling),-0.008749289777953789
2019-10-15,Bandit Meta-Strategy (Thompson Sampling),-0.0016730800547448078
2019-10-16,Bandit Meta-Strategy (Thompson Sampling),-0.0006494714548782657
2019-10-17,Bandit Meta-Strategy (Thompson Sampling),0.0
2019-10-18,Bandit Meta-Strategy (Thompson Sampling),-0.008925980952873235
2019-10-21,Bandit Meta-Strategy (Thompson Sampling),-0.002015279679224804
2019-10-22,Bandit Meta-Strategy (Thompson Sampling),-0.0029605184444264324
2019-10-23,Bandit Meta-Strategy (Thompson Sampling),0.0
2019-10-24,Bandit Meta-Strategy (Thompson Sampling),0.0
2019-10-25,Bandit Meta-Strategy (Thompson Sampling),0.0
2019-10-28,Bandit Meta-Strategy (Thompson Sampling),0.0
2019-10-29,Bandit Meta-Strategy (Thompson Sampling),-0.007360637005703193
2019-10-30,Bandit Meta-Strategy (Thompson Sampling),-0.0015591823722036415
2019-10-31,Bandit Meta-Strategy (Thompson Sampling),-0.0021945098178267268
2019-11-01,Bandit Meta-Strategy (Thompson Sampling),0.0
2019-11-04,Bandit Meta-Strategy (Thompson Sampling),-0.008175908820010857
2019-11-05,Bandit Meta-Strategy (Thompson Sampling),-0.011892922013551823
2019-11-06,Bandit Meta-Strategy (Thompson Sampling),-0.006899361104825046
2019-11-07,Bandit Meta-Strategy (Thompson Sampling),-0.007204805753364121
2019-11-08,Bandit Meta-Strategy (Thompson Sampling),-0.007123323848928237
2019-11-11,Bandit Meta-Strategy (Thompson Sampling),-0.010309233091009328
2019-11-12,Bandit Meta-Strategy (Thompson Sampling),-0.009318229613764639
2019-11-13,Bandit Meta-Strategy (Thompson Sampling),-0.0018643529886763447
2019-11-14,Bandit Meta-Strategy (Thompson Sampling),-0.00023202801222001662
2019-11-15,Bandit Meta-Strategy (Thompson Sampling),0.0
2019-11-18,Bandit Meta-Strategy (Thompson Sampling),0.0
2019-11-19,Bandit Meta-Strategy (Thompson Sampling),-0.007364949633904321
2019-11-20,Bandit Meta-Strategy (Thompson Sampling),-0.011188480042797204
2019-11-21,Bandit Meta-Strategy (Thompson Sampling),-0.012869328624128613
2019-11-22,Bandit Meta-Strategy (Thompson Sampling),-0.013732936249906118
2019-11-25,Bandit Meta-Strategy (Thompson Sampling),-0.010117152899028491
2019-11-26,Bandit Meta-Strategy (Thompson Sampling),-0.004543962652816176
2019-11-27,Bandit Meta-Strategy (Thompson Sampling),-0.0020939034123544802
2019-11-29,Bandit Meta-Strategy (Thompson Sampling),-0.00280608699098918
2019-12-02,Bandit Meta-Strategy (Thompson Sampling),-0.0071435066976497435
2019-12-03,Bandit Meta-Strategy (Thompson Sampling),-0.012307111888345157
2019-12-04,Bandit Meta-Strategy (Thompson Sampling),-0.007471447176264578
2019-12-05,Bandit Meta-Strategy (Thompson Sampling),-0.007758377706287407
2019-12-06,Bandit Meta-Strategy (Thompson Sampling),0.0
2019-12-09,Bandit Meta-Strategy (Thompson Sampling),-0.0015086418499273928
2019-12-10,Bandit Meta-Strategy (Thompson Sampling),-0.003420608360503633
2019-12-11,Bandit Meta-Strategy (Thompson Sampling),-0.0002332808991757002
2019-12-12,Bandit Meta-Strategy (Thompson Sampling),0.0
2019-12-13,Bandit Meta-Strategy (Thompson Sampling),0.0
2019-12-16,Bandit Meta-Strategy (Thompson Sampling),0.0
2019-12-17,Bandit Meta-Strategy (Thompson Sampling),0.0
2019-12-18,Bandit Meta-Strategy (Thompson Sampling),-0.00018628273645616736
2019-12-19,Bandit Meta-Strategy (Thompson Sampling),0.0
2019-12-20,Bandit Meta-Strategy (Thompson Sampling),0.0
2019-12-23,Bandit Meta-Strategy (Thompson Sampling),0.0
2019-12-24,Bandit Meta-Strategy (Thompson Sampling),0.0
2019-12-26,Bandit Meta-Strategy (Thompson Sampling),0.0
2019-12-27,Bandit Meta-Strategy (Thompson Sampling),-0.00013195357971977796
2019-12-30,Bandit Meta-Strategy (Thompson Sampling),-0.00961548978769526
2019-12-31,Bandit Meta-Strategy (Thompson Sampling),-0.006443842088475952
2020-01-02,Bandit Meta-Strategy (Thompson Sampling),0.0
2020-01-03,Bandit Meta-Strategy (Thompson Sampling),-0.007351677036813634
2020-01-06,Bandit Meta-Strategy (Thompson Sampling),-0.0019844751178791386
2020-01-07,Bandit Meta-Strategy (Thompson Sampling),-0.003964968453185654
2020-01-08,Bandit Meta-Strategy (Thompson Sampling),0.0
2020-01-09,Bandit Meta-Strategy (Thompson Sampling),0.0
2020-01-10,Bandit Meta-Strategy (Thompson Sampling),-0.001897484684761925
2020-01-13,Bandit Meta-Strategy (Thompson Sampling),0.0
2020-01-14,Bandit Meta-Strategy (Thompson Sampling),0.0
2020-01-15,Bandit Meta-Strategy (Thompson Sampling),0.0
2020-01-16,Bandit Meta-Strategy (Thompson Sampling),0.0
2020-01-17,Bandit Meta-Strategy (Thompson Sampling),0.0
2020-01-21,Bandit Meta-Strategy (Thompson Sampling),0.0
2020-01-22,Bandit Meta-Strategy (Thompson Sampling),0.0
2020-01-23,Bandit Meta-Strategy (Thompson Sampling),0.0
2020-01-24,Bandit Meta-Strategy (Thompson Sampling),-0.008081805141635435
2020-01-27,Bandit Meta-Strategy (Thompson Sampling),-0.018585050341333186
2020-01-28,Bandit Meta-Strategy (Thompson Sampling),-0.012432408736537597
2020-01-29,Bandit Meta-Strategy (Thompson Sampling),-0.011254931614602868
2020-01-30,Bandit Meta-Strategy (Thompson Sampling),0.0
2020-01-31,Bandit Meta-Strategy (Thompson Sampling),-0.012097402400428366
2020-02-03,Bandit Meta-Strategy (Thompson Sampling),0.0
2020-02-04,Bandit Meta-Strategy (Thompson Sampling),0.0
2020-02-05,Bandit Meta-Strategy (Thompson Sampling),-0.010064773599424749
2020-02-06,Bandit Meta-Strategy (Thompson Sampling),-0.006241098326615461
2020-02-07,Bandit Meta-Strategy (Thompson Sampling),-0.009062406662076512
2020-02-10,Bandit Meta-Strategy (Thompson Sampling),-0.0006733315086378837
2020-02-11,Bandit Meta-Strategy (Thompson Sampling),-0.0018344500287577803
2020-02-12,Bandit Meta-Strategy (Thompson Sampling),0.0
2020-02-13,Bandit Meta-Strategy (Thompson Sampling),0.0
2020-02-14,Bandit Meta-Strategy (Thompson Sampling),0.0
2020-02-18,Bandit Meta-Strategy (Thompson Sampling),0.0
2020-02-19,Bandit Meta-Strategy (Thompson Sampling),0.0
2020-02-20,Bandit Meta-Strategy (Thompson Sampling),-0.0052008893094602476
2020-02-21,Bandit Meta-Strategy (Thompson Sampling),-0.013284807790609986
2020-02-24,Bandit Meta-Strategy (Thompson Sampling),-0.05197581312981334
2020-02-25,Bandit Meta-Strategy (Thompson Sampling),-0.07759133027433661
2020-02-26,Bandit Meta-Strategy (Thompson Sampling),-0.0797100120803205
2020-02-27,Bandit Meta-Strategy (Thompson Sampling),-0.12656242701370235
2020-02-28,Bandit Meta-Strategy (Thompson Sampling),-0.13302085782013984
2020-03-02,Bandit Meta-Strategy (Thompson Sampling),-0.08651106452839492
2020-03-03,Bandit Meta-Strategy (Thompson Sampling),-0.10950555119606807
2020-03-04,Bandit Meta-Strategy (Thompson Sampling),-0.07387742358537053
2020-03-05,Bandit Meta-Strategy (Thompson Sampling),-0.10198424047717461
2020-03-06,Bandit Meta-Strategy (Thompson Sampling),-0.11627987388887304
2020-03-09,Bandit Meta-Strategy (Thompson Sampling),-0.17735982739151562
2020-03-10,Bandit Meta-Strategy (Thompson Sampling),-0.1367752087799262
2020-03-11,Bandit Meta-Strategy (Thompson Sampling),-0.1765466638529988
2020-03-12,Bandit Meta-Strategy (Thompson Sampling),-0.2529401389691739
2020-03-13,Bandit Meta-Strategy (Thompson Sampling),-0.19206756819888648
2020-03-16,Bandit Meta-Strategy (Thompson Sampling),-0.2778850707370948
2020-03-17,Bandit Meta-Strategy (Thompson Sampling),-0.23650609138101117
2020-03-18,Bandit Meta-Strategy (Thompson Sampling),-0.26372230729474994
2020-03-19,Bandit Meta-Strategy (Thompson Sampling),-0.2628283611645199
2020-03-20,Bandit Meta-Strategy (Thompson Sampling),-0.29750952726571145
2020-03-23,Bandit Meta-Strategy (Thompson Sampling),-0.3052846806231576
2020-03-24,Bandit Meta-Strategy (Thompson Sampling),-0.25021521186456813
2020-03-25,Bandit Meta-Strategy (Thompson Sampling),-0.24766207862127076
2020-03-26,Bandit Meta-Strategy (Thompson Sampling),-0.21405361369646073
2020-03-27,Bandit Meta-Strategy (Thompson Sampling),-0.23662410705563253
2020-03-30,Bandit Meta-Strategy (Thompson Sampling),-0.206599837154307
2020-03-31,Bandit Meta-Strategy (Thompson Sampling),-0.2071805313694235
2020-04-01,Bandit Meta-Strategy (Thompson Sampling),-0.23087754445947425
2020-04-02,Bandit Meta-Strategy (Thompson Sampling),-0.20946501790165267
2020-04-03,Bandit Meta-Strategy (Thompson Sampling),-0.20982755260620442
2020-04-06,Bandit Meta-Strategy (Thompson Sampling),-0.1662081999599657
2020-04-07,Bandit Meta-Strategy (Thompson Sampling),-0.1730942689920176
2020-04-08,Bandit Meta-Strategy (Thompson Sampling),-0.15641659216735987
2020-04-09,Bandit Meta-Strategy (Thompson Sampling),-0.1455376201489121
2020-04-13,Bandit Meta-Strategy (Thompson Sampling),-0.1346513019461395
2020-04-14,Bandit Meta-Strategy (Thompson Sampling),-0.10121978607818803
2020-04-15,Bandit Meta-Strategy (Thompson Sampling),-0.10882274519018832
2020-04-16,Bandit Meta-Strategy (Thompson Sampling),-0.09896701102991579
2020-04-17,Bandit Meta-Strategy (Thompson Sampling),-0.08590808319690321
2020-04-20,Bandit Meta-Strategy (Thompson Sampling),-0.10084745849220676
2020-04-21,Bandit Meta-Strategy (Thompson Sampling),-0.12165848097944713
2020-04-22,Bandit Meta-Strategy (Thompson Sampling),-0.10485754743468763
2020-04-23,Bandit Meta-Strategy (Thompson Sampling),-0.10740089332476689
2020-04-24,Bandit Meta-Strategy (Thompson Sampling),-0.09825961257055646
2020-04-27,Bandit Meta-Strategy (Thompson Sampling),-0.0850730918949337
2020-04-28,Bandit Meta-Strategy (Thompson Sampling),-0.09545701867010395
2020-04-29,Bandit Meta-Strategy (Thompson Sampling),-0.08416136095071593
2020-04-30,Bandit Meta-Strategy (Thompson Sampling),-0.08446465738551465
2020-05-01,Bandit Meta-Strategy (Thompson Sampling),-0.10867810694242554
2020-05-04,Bandit Meta-Strategy (Thompson Sampling),-0.1003011027352676
2020-05-05,Bandit Meta-Strategy (Thompson Sampling),-0.09365004521781446
2020-05-06,Bandit Meta-Strategy (Thompson Sampling),-0.09549496903018519
2020-05-07,Bandit Meta-Strategy (Thompson Sampling),-0.09906680089836437
2020-05-08,Bandit Meta-Strategy (Thompson Sampling),-0.08620750357611377
2020-05-11,Bandit Meta-Strategy (Thompson Sampling),-0.08162149130250401
2020-05-12,Bandit Meta-Strategy (Thompson Sampling),-0.0956184599875725
2020-05-13,Bandit Meta-Strategy (Thompson Sampling),-0.10221637557202423
2020-05-14,Bandit Meta-Strategy (Thompson Sampling),-0.09319782158938274
2020-05-15,Bandit Meta-Strategy (Thompson Sampling),-0.08372636702758894
2020-05-18,Bandit Meta-Strategy (Thompson Sampling),-0.0677613463003711
2020-05-19,Bandit Meta-Strategy (Thompson Sampling),-0.07735853472847343
2020-05-20,Bandit Meta-Strategy (Thompson Sampling),-0.0680855408045488
2020-05-21,Bandit Meta-Strategy (Thompson Sampling),-0.0772076841394419
2020-05-22,Bandit Meta-Strategy (Thompson Sampling),-0.08039127431947356
2020-05-26,Bandit Meta-Strategy (Thompson Sampling),-0.07825733903547398
2020-05-27,Bandit Meta-Strategy (Thompson Sampling),-0.07717243465729674
2020-05-28,Bandit Meta-Strategy (Thompson Sampling),-0.07545143718390153
2020-05-29,Bandit Meta-Strategy (Thompson Sampling),-0.07600090329018157
2020-06-01,Bandit Meta-Strategy (Thompson Sampling),-0.07118059664424536
2020-06-02,Bandit Meta-Strategy (Thompson Sampling),-0.0670244571178083
2020-06-03,Bandit Meta-Strategy (Thompson Sampling),-0.05942864725763956
2020-06-04,Bandit Meta-Strategy (Thompson Sampling),-0.06593420760024729
2020-06-05,Bandit Meta-Strategy (Thompson Sampling),-0.047371163825304805
2020-06-08,Bandit Meta-Strategy (Thompson Sampling),-0.0356087102576321
2020-06-09,Bandit Meta-Strategy (Thompson Sampling),-0.03511812228132134
2020-06-10,Bandit Meta-Strategy (Thompson Sampling),-0.0320117250544166
2020-06-11,Bandit Meta-Strategy (Thompson Sampling),-0.08142886851718885
2020-06-12,Bandit Meta-Strategy (Thompson Sampling),-0.07922899335956174
2020-06-15,Bandit Meta-Strategy (Thompson Sampling),-0.06957931758200696
2020-06-16,Bandit Meta-Strategy (Thompson Sampling),-0.056718208338927135
2020-06-17,Bandit Meta-Strategy (Thompson Sampling),-0.057785688034451964
2020-06-18,Bandit Meta-Strategy (Thompson Sampling),-0.056776806108180713
2020-06-19,Bandit Meta-Strategy (Thompson Sampling),-0.05859868274889781
2020-06-22,Bandit Meta-Strategy (Thompson Sampling),-0.051589583144349985
2020-06-23,Bandit Meta-Strategy (Thompson Sampling),-0.0480822606340843
2020-06-24,Bandit Meta-Strategy (Thompson Sampling),-0.07037114038441813
2020-06-25,Bandit Meta-Strategy (Thompson Sampling),-0.060774704921546706
2020-06-26,Bandit Meta-Strategy (Thompson Sampling),-0.08793804601401434
2020-06-29,Bandit Meta-Strategy (Thompson Sampling),-0.07457475154109458
2020-06-30,Bandit Meta-Strategy (Thompson Sampling),-0.05802093491032069
2020-07-01,Bandit Meta-Strategy (Thompson Sampling),-0.04507575680687278
2020-07-02,Bandit Meta-Strategy (Thompson Sampling),-0.03717694259583732
2020-07-06,Bandit Meta-Strategy (Thompson Sampling),-0.009787515458606207
2020-07-07,Bandit Meta-Strategy (Thompson Sampling),-0.008489861590502662
2020-07-08,Bandit Meta-Strategy (Thompson Sampling),-0.0038009632316616335
2020-07-09,Bandit Meta-Strategy (Thompson Sampling),0.0
2020-07-10,Bandit Meta-Strategy (Thompson Sampling),0.0
2020-07-13,Bandit Meta-Strategy (Thompson Sampling),-0.01124120837290314
2020-07-14,Bandit Meta-Strategy (Thompson Sampling),0.0
2020-07-15,Bandit Meta-Strategy (Thompson Sampling),0.0
2020-07-16,Bandit Meta-Strategy (Thompson Sampling),-0.006383571949530323
2020-07-17,Bandit Meta-Strategy (Thompson Sampling),-0.011899114738217132
2020-07-20,Bandit Meta-Strategy (Thompson Sampling),0.0
2020-07-21,Bandit Meta-Strategy (Thompson Sampling),-0.0039597546549121464
2020-07-22,Bandit Meta-Strategy (Thompson Sampling),0.0
2020-07-23,Bandit Meta-Strategy (Thompson Sampling),-0.017975505196426014
2020-07-24,Bandit Meta-Strategy (Thompson Sampling),-0.02722936361964162
2020-07-27,Bandit Meta-Strategy (Thompson Sampling),-0.013529750208141659
2020-07-28,Bandit Meta-Strategy (Thompson Sampling),-0.02053457457147184
2020-07-29,Bandit Meta-Strategy (Thompson Sampling),-0.013950855469574742
2020-07-30,Bandit Meta-Strategy (Thompson Sampling),-0.01744468635298282
2020-07-31,Bandit Meta-Strategy (Thompson Sampling),-0.018081797991117643
2020-08-03,Bandit Meta-Strategy (Thompson Sampling),-0.01572554359511286
2020-08-04,Bandit Meta-Strategy (Thompson Sampling),-0.007924672975353788
2020-08-05,Bandit Meta-Strategy (Thompson Sampling),-0.0029865093842365853
2020-08-06,Bandit Meta-Strategy (Thompson Sampling),-0.0009791123749996458
2020-08-07,Bandit Meta-Strategy (Thompson Sampling),-0.0031310488363922614
2020-08-10,Bandit Meta-Strategy (Thompson Sampling),-0.0025621414079209977
2020-08-11,Bandit Meta-Strategy (Thompson Sampling),-0.014076956675601238
2020-08-12,Bandit Meta-Strategy (Thompson Sampling),0.0
2020-08-13,Bandit Meta-Strategy (Thompson Sampling),-0.0011282925429398263
2020-08-14,Bandit Meta-Strategy (Thompson Sampling),0.0
2020-08-17,Bandit Meta-Strategy (Thompson Sampling),0.0
2020-08-18,Bandit Meta-Strategy (Thompson Sampling),0.0
2020-08-19,Bandit Meta-Strategy (Thompson Sampling),-0.00836947900545821
2020-08-20,Bandit Meta-Strategy (Thompson Sampling),-0.001431249978922831
2020-08-21,Bandit Meta-Strategy (Thompson Sampling),0.0
2020-08-24,Bandit Meta-Strategy (Thompson Sampling),0.0
2020-08-25,Bandit Meta-Strategy (Thompson Sampling),-0.0006164369191599091
2020-08-26,Bandit Meta-Strategy (Thompson Sampling),0.0
2020-08-27,Bandit Meta-Strategy (Thompson Sampling),0.0
2020-08-28,Bandit Meta-Strategy (Thompson Sampling),0.0
2020-08-31,Bandit Meta-Strategy (Thompson Sampling),-0.0003531943230082245
2020-09-01,Bandit Meta-Strategy (Thompson Sampling),0.0
2020-09-02,Bandit Meta-Strategy (Thompson Sampling),0.0
2020-09-03,Bandit Meta-Strategy (Thompson Sampling),-0.033724367518555544
2020-09-04,Bandit Meta-Strategy (Thompson Sampling),-0.039737817693671934
2020-09-08,Bandit Meta-Strategy (Thompson Sampling),-0.07564151172886072
2020-09-09,Bandit Meta-Strategy (Thompson Sampling),-0.05732842152190797
2020-09-10,Bandit Meta-Strategy (Thompson Sampling),-0.0749409091297207
2020-09-11,Bandit Meta-Strategy (Thompson Sampling),-0.07406260671289985
2020-09-14,Bandit Meta-Strategy (Thompson Sampling),-0.06400794540668678
2020-09-15,Bandit Meta-Strategy (Thompson Sampling),-0.0560423835502602
2020-09-16,Bandit Meta-Strategy (Thompson Sampling),-0.06490621220448448
2020-09-17,Bandit Meta-Strategy (Thompson Sampling),-0.07348391002047655
2020-09-18,Bandit Meta-Strategy (Thompson Sampling),-0.07808058791926413
2020-09-21,Bandit Meta-Strategy (Thompson Sampling),-0.0812158439713191
2020-09-22,Bandit Meta-Strategy (Thompson Sampling),-0.07320323704476936
2020-09-23,Bandit Meta-Strategy (Thompson Sampling),-0.0985275829473129
2020-09-24,Bandit Meta-Strategy (Thompson Sampling),-0.09390736204179936
2020-09-25,Bandit Meta-Strategy (Thompson Sampling),-0.08176264669339478
2020-09-28,Bandit Meta-Strategy (Thompson Sampling),-0.06979029922564021
2020-09-29,Bandit Meta-Strategy (Thompson Sampling),-0.07398641590337243
2020-09-30,Bandit Meta-Strategy (Thompson Sampling),-0.06249070656865467
2020-10-01,Bandit Meta-Strategy (Thompson Sampling),-0.052427714274086185
2020-10-02,Bandit Meta-Strategy (Thompson Sampling),-0.06969584282734771
2020-10-05,Bandit Meta-Strategy (Thompson Sampling),-0.05537404089235008
2020-10-06,Bandit Meta-Strategy (Thompson Sampling),-0.07019061020931078
2020-10-07,Bandit Meta-Strategy (Thompson Sampling),-0.05646325671196562
2020-10-08,Bandit Meta-Strategy (Thompson Sampling),-0.04977209983839695
2020-10-09,Bandit Meta-Strategy (Thompson Sampling),-0.038937760214112396
2020-10-12,Bandit Meta-Strategy (Thompson Sampling),-0.023235725075450853
2020-10-13,Bandit Meta-Strategy (Thompson Sampling),-0.02438656632352396
2020-10-14,Bandit Meta-Strategy (Thompson Sampling),-0.0327771158938723
2020-10-15,Bandit Meta-Strategy (Thompson Sampling),-0.03579645295943871
2020-10-16,Bandit Meta-Strategy (Thompson Sampling),-0.03759965726421051
2020-10-19,Bandit Meta-Strategy (Thompson Sampling),-0.052533413365469205
2020-10-20,Bandit Meta-Strategy (Thompson Sampling),-0.049368135284164845
2020-10-21,Bandit Meta-Strategy (Thompson Sampling),-0.05482307827649082
2020-10-22,Bandit Meta-Strategy (Thompson Sampling),-0.05139859414018119
2020-10-23,Bandit Meta-Strategy (Thompson Sampling),-0.04847658339608401
2020-10-26,Bandit Meta-Strategy (Thompson Sampling),-0.05836903557549694
2020-10-27,Bandit Meta-Strategy (Thompson Sampling),-0.05469097916757947
2020-10-28,Bandit Meta-Strategy (Thompson Sampling),-0.08721634582043317
2020-10-29,Bandit Meta-Strategy (Thompson Sampling),-0.0797405624189908
2020-10-30,Bandit Meta-Strategy (Thompson Sampling),-0.0803427147386793
2020-11-02,Bandit Meta-Strategy (Thompson Sampling),-0.06815697222183384
2020-11-03,Bandit Meta-Strategy (Thompson Sampling),-0.0537512123785119
2020-11-04,Bandit Meta-Strategy (Thompson Sampling),-0.04439036389216212
2020-11-05,Bandit Meta-Strategy (Thompson Sampling),-0.03189568667258375
2020-11-06,Bandit Meta-Strategy (Thompson Sampling),-0.02712719692030215
2020-11-09,Bandit Meta-Strategy (Thompson Sampling),-0.030390039791596823
2020-11-10,Bandit Meta-Strategy (Thompson Sampling),-0.025229020905379308
2020-11-11,Bandit Meta-Strategy (Thompson Sampling),-0.016535707584916036
2020-11-12,Bandit Meta-Strategy (Thompson Sampling),-0.0214879935101153
2020-11-13,Bandit Meta-Strategy (Thompson Sampling),-0.011779286155988918
2020-11-16,Bandit Meta-Strategy (Thompson Sampling),-0.005776254896843628
2020-11-17,Bandit Meta-Strategy (Thompson Sampling),-0.012180852005059898
2020-11-18,Bandit Meta-Strategy (Thompson Sampling),-0.015252892520946882
2020-11-19,Bandit Meta-Strategy (Thompson Sampling),-0.0087407583256654
2020-11-20,Bandit Meta-Strategy (Thompson Sampling),-0.01623877823624618
2020-11-23,Bandit Meta-Strategy (Thompson Sampling),-0.011153688888044369
2020-11-24,Bandit Meta-Strategy (Thompson Sampling),0.0
2020-11-25,Bandit Meta-Strategy (Thompson Sampling),0.0
2020-11-27,Bandit Meta-Strategy (Thompson Sampling),0.0
2020-11-30,Bandit Meta-Strategy (Thompson Sampling),-0.0004629528195328065
2020-12-01,Bandit Meta-Strategy (Thompson Sampling),0.0
2020-12-02,Bandit Meta-Strategy (Thompson Sampling),0.0
2020-12-03,Bandit Meta-Strategy (Thompson Sampling),-0.0012032047576363359
2020-12-04,Bandit Meta-Strategy (Thompson Sampling),0.0
2020-12-07,Bandit Meta-Strategy (Thompson Sampling),0.0
2020-12-08,Bandit Meta-Strategy (Thompson Sampling),0.0
2020-12-09,Bandit Meta-Strategy (Thompson Sampling),-0.011110286993178552
2020-12-10,Bandit Meta-Strategy (Thompson Sampling),-0.010444870346834513
2020-12-11,Bandit Meta-Strategy (Thompson Sampling),-0.01032305378362638
2020-12-14,Bandit Meta-Strategy (Thompson Sampling),-0.01576844904889351
2020-12-15,Bandit Meta-Strategy (Thompson Sampling),-0.01132943877254372
2020-12-16,Bandit Meta-Strategy (Thompson Sampling),-0.012702770172196122
2020-12-17,Bandit Meta-Strategy (Thompson Sampling),-0.0017713174668447925
2020-12-18,Bandit Meta-Strategy (Thompson Sampling),0.0
2020-12-21,Bandit Meta-Strategy (Thompson Sampling),-0.008859490841245965
2020-12-22,Bandit Meta-Strategy (Thompson Sampling),-0.01518197778516543
2020-12-23,Bandit Meta-Strategy (Thompson Sampling),-0.017040374181298456
2020-12-24,Bandit Meta-Strategy (Thompson Sampling),-0.013968956246525261
2020-12-28,Bandit Meta-Strategy (Thompson Sampling),-0.0039024956724718566
2020-12-29,Bandit Meta-Strategy (Thompson Sampling),-0.002275679730027671
2020-12-30,Bandit Meta-Strategy (Thompson Sampling),0.0
2020-12-31,Bandit Meta-Strategy (Thompson Sampling),0.0
2021-01-04,Bandit Meta-Strategy (Thompson Sampling),-0.005403423605090858
2021-01-05,Bandit Meta-Strategy (Thompson Sampling),-0.00014267838556903975
2021-01-06,Bandit Meta-Strategy (Thompson Sampling),-0.004225344198036593
2021-01-07,Bandit Meta-Strategy (Thompson Sampling),0.0
2021-01-08,Bandit Meta-Strategy (Thompson Sampling),0.0
2021-01-11,Bandit Meta-Strategy (Thompson Sampling),-0.008618107321346165
2021-01-12,Bandit Meta-Strategy (Thompson Sampling),-0.0054750120072955795
2021-01-13,Bandit Meta-Strategy (Thompson Sampling),-0.0037711651893399885
2021-01-14,Bandit Meta-Strategy (Thompson Sampling),-0.007124911545441037
2021-01-15,Bandit Meta-Strategy (Thompson Sampling),-0.017874726057876017
2021-01-19,Bandit Meta-Strategy (Thompson Sampling),-0.01279414309307639
2021-01-20,Bandit Meta-Strategy (Thompson Sampling),0.0
2021-01-21,Bandit Meta-Strategy (Thompson Sampling),-0.0008258956551920379
2021-01-22,Bandit Meta-Strategy (Thompson Sampling),-0.00011139804164620967
2021-01-25,Bandit Meta-Strategy (Thompson Sampling),0.0
2021-01-26,Bandit Meta-Strategy (Thompson Sampling),0.0
2021-01-27,Bandit Meta-Strategy (Thompson Sampling),-0.025924373055756296
2021-01-28,Bandit Meta-Strategy (Thompson Sampling),-0.02242403561196136
2021-01-29,Bandit Meta-Strategy (Thompson Sampling),-0.022965543970042857
2021-02-01,Bandit Meta-Strategy (Thompson Sampling),-0.010060225051378796
2021-02-02,Bandit Meta-Strategy (Thompson Sampling),0.0
2021-02-03,Bandit Meta-Strategy (Thompson Sampling),0.0
2021-02-04,Bandit Meta-Strategy (Thompson Sampling),0.0
2021-02-05,Bandit Meta-Strategy (Thompson Sampling),0.0
2021-02-08,Bandit Meta-Strategy (Thompson Sampling),0.0
2021-02-09,Bandit Meta-Strategy (Thompson Sampling),-0.0026478683347617086
2021-02-10,Bandit Meta-Strategy (Thompson Sampling),-0.005218628163071501
2021-02-11,Bandit Meta-Strategy (Thompson Sampling),-0.004444807995778412
2021-02-12,Bandit Meta-Strategy (Thompson Sampling),-0.002703788146644444
2021-02-16,Bandit Meta-Strategy (Thompson Sampling),-0.0013385269893131724
2021-02-17,Bandit Meta-Strategy (Thompson Sampling),0.0
2021-02-18,Bandit Meta-Strategy (Thompson Sampling),-0.010489868049158824
2021-02-19,Bandit Meta-Strategy (Thompson Sampling),-0.01750203178160646
2021-02-22,Bandit Meta-Strategy (Thompson Sampling),-0.025710794536407306
2021-02-23,Bandit Meta-Strategy (Thompson Sampling),-0.02578489336896731
2021-02-24,Bandit Meta-Strategy (Thompson Sampling),-0.01681083584730951
2021-02-25,Bandit Meta-Strategy (Thompson Sampling),-0.04030062890714831
2021-02-26,Bandit Meta-Strategy (Thompson Sampling),-0.040950257006938454
2021-03-01,Bandit Meta-Strategy (Thompson Sampling),-0.024779145490719155
2021-03-02,Bandit Meta-Strategy (Thompson Sampling),-0.03379966906746723
2021-03-03,Bandit Meta-Strategy (Thompson Sampling),-0.04874700549440576
2021-03-04,Bandit Meta-Strategy (Thompson Sampling),-0.06064960309041407
2021-03-05,Bandit Meta-Strategy (Thompson Sampling),-0.04752368933000581
2021-03-08,Bandit Meta-Strategy (Thompson Sampling),-0.050587271465654206
2021-03-09,Bandit Meta-Strategy (Thompson Sampling),-0.03409842626451612
2021-03-10,Bandit Meta-Strategy (Thompson Sampling),-0.02486712483791035
2021-03-11,Bandit Meta-Strategy (Thompson Sampling),-0.0174139139176779
2021-03-12,Bandit Meta-Strategy (Thompson Sampling),-0.01272135044290081
2021-03-15,Bandit Meta-Strategy (Thompson Sampling),-0.006951999078840245
2021-03-16,Bandit Meta-Strategy (Thompson Sampling),-0.005090394460655348
2021-03-17,Bandit Meta-Strategy (Thompson Sampling),-0.005724915693384477
2021-03-18,Bandit Meta-Strategy (Thompson Sampling),-0.019022550345044124
2021-03-19,Bandit Meta-Strategy (Thompson Sampling),-0.01432282263702861
2021-03-22,Bandit Meta-Strategy (Thompson Sampling),-0.006103302353900599
2021-03-23,Bandit Meta-Strategy (Thompson Sampling),-0.0031668189906947845
2021-03-24,Bandit Meta-Strategy (Thompson Sampling),-0.007335755508852821
2021-03-25,Bandit Meta-Strategy (Thompson Sampling),-0.00376065155252003
2021-03-26,Bandit Meta-Strategy (Thompson Sampling),0.0
2021-03-29,Bandit Meta-Strategy (Thompson Sampling),0.0
2021-03-30,Bandit Meta-Strategy (Thompson Sampling),-0.0036901838525038575
2021-03-31,Bandit Meta-Strategy (Thompson Sampling),-0.004075989510698566
2021-04-01,Bandit Meta-Strategy (Thompson Sampling),-0.001750545308073536
2021-04-05,Bandit Meta-Strategy (Thompson Sampling),0.0
2021-04-06,Bandit Meta-Strategy (Thompson Sampling),0.0
2021-04-07,Bandit Meta-Strategy (Thompson Sampling),0.0
2021-04-08,Bandit Meta-Strategy (Thompson Sampling),0.0
2021-04-09,Bandit Meta-Strategy (Thompson Sampling),0.0
2021-04-12,Bandit Meta-Strategy (Thompson Sampling),0.0
2021-04-13,Bandit Meta-Strategy (Thompson Sampling),-0.00147855375461712
2021-04-14,Bandit Meta-Strategy (Thompson Sampling),-0.004266168207006469
2021-04-15,Bandit Meta-Strategy (Thompson Sampling),0.0
2021-04-16,Bandit Meta-Strategy (Thompson Sampling),0.0
2021-04-19,Bandit Meta-Strategy (Thompson Sampling),-0.0025184114802818984
2021-04-20,Bandit Meta-Strategy (Thompson Sampling),0.0
2021-04-21,Bandit Meta-Strategy (Thompson Sampling),0.0
2021-04-22,Bandit Meta-Strategy (Thompson Sampling),-0.012085527060558227
2021-04-23,Bandit Meta-Strategy (Thompson Sampling),-0.008706796195348298
2021-04-26,Bandit Meta-Strategy (Thompson Sampling),-0.015671076538878573
2021-04-27,Bandit Meta-Strategy (Thompson Sampling),-0.017840297539328406
2021-04-28,Bandit Meta-Strategy (Thompson Sampling),-0.01770737003693722
2021-04-29,Bandit Meta-Strategy (Thompson Sampling),-0.008398964389200982
2021-04-30,Bandit Meta-Strategy (Thompson Sampling),-0.009002137850796151
2021-05-03,Bandit Meta-Strategy (Thompson Sampling),-0.003661919626573141
2021-05-04,Bandit Meta-Strategy (Thompson Sampling),-0.008504741931789185
2021-05-05,Bandit Meta-Strategy (Thompson Sampling),-0.010317148679975243
2021-05-06,Bandit Meta-Strategy (Thompson Sampling),-0.003987463462035898
2021-05-07,Bandit Meta-Strategy (Thompson Sampling),0.0
2021-05-10,Bandit Meta-Strategy (Thompson Sampling),-0.006741629860599101
2021-05-11,Bandit Meta-Strategy (Thompson Sampling),-0.015168234594665212
2021-05-12,Bandit Meta-Strategy (Thompson Sampling),-0.0317206621552618
2021-05-13,Bandit Meta-Strategy (Thompson Sampling),-0.022855529573478583
2021-05-14,Bandit Meta-Strategy (Thompson Sampling),-0.013243950278563574
2021-05-17,Bandit Meta-Strategy (Thompson Sampling),-0.015672508166670488
2021-05-18,Bandit Meta-Strategy (Thompson Sampling),-0.020433033171046507
2021-05-19,Bandit Meta-Strategy (Thompson Sampling),-0.023477725766550918
2021-05-20,Bandit Meta-Strategy (Thompson Sampling),-0.012170636969654647
2021-05-21,Bandit Meta-Strategy (Thompson Sampling),-0.01262052621147912
2021-05-24,Bandit Meta-Strategy (Thompson Sampling),-0.004121464636686069
2021-05-25,Bandit Meta-Strategy (Thompson Sampling),-0.006016497061124241
2021-05-26,Bandit Meta-Strategy (Thompson Sampling),-0.005588661945129995
2021-05-27,Bandit Meta-Strategy (Thompson Sampling),-0.007227997871783475
2021-05-28,Bandit Meta-Strategy (Thompson Sampling),-0.007820195923239162
2021-06-01,Bandit Meta-Strategy (Thompson Sampling),-0.01351806704167051
2021-06-02,Bandit Meta-Strategy (Thompson Sampling),-0.011348841717191293
2021-06-03,Bandit Meta-Strategy (Thompson Sampling),-0.010621290693947861
2021-06-04,Bandit Meta-Strategy (Thompson Sampling),-0.004136720685337396
2021-06-07,Bandit Meta-Strategy (Thompson Sampling),-0.006042419583292021
2021-06-08,Bandit Meta-Strategy (Thompson Sampling),-0.011421365179148215
2021-06-09,Bandit Meta-Strategy (Thompson Sampling),-0.010982741288988077
2021-06-10,Bandit Meta-Strategy (Thompson Sampling),-0.0037815771792933635
2021-06-11,Bandit Meta-Strategy (Thompson Sampling),-0.004745869686895382
2021-06-14,Bandit Meta-Strategy (Thompson Sampling),-0.004269135706742149
2021-06-15,Bandit Meta-Strategy (Thompson Sampling),-0.008480657897199451
2021-06-16,Bandit Meta-Strategy (Thompson Sampling),-0.016994093353846846
2021-06-17,Bandit Meta-Strategy (Thompson Sampling),-0.010931705547828938
2021-06-18,Bandit Meta-Strategy (Thompson Sampling),-0.0252954538522424
2021-06-21,Bandit Meta-Strategy (Thompson Sampling),-0.01648324237948314
2021-06-22,Bandit Meta-Strategy (Thompson Sampling),-0.011059673285427049
2021-06-23,Bandit Meta-Strategy (Thompson Sampling),-0.012780386414111824
2021-06-24,Bandit Meta-Strategy (Thompson Sampling),-0.007771475897787581
2021-06-25,Bandit Meta-Strategy (Thompson Sampling),-0.0025385773487675584
2021-06-28,Bandit Meta-Strategy (Thompson Sampling),-0.00013880651683105785
2021-06-29,Bandit Meta-Strategy (Thompson Sampling),-0.0038100004463990306
2021-06-30,Bandit Meta-Strategy (Thompson Sampling),-0.004203263741837113
2021-07-01,Bandit Meta-Strategy (Thompson Sampling),0.0
2021-07-02,Bandit Meta-Strategy (Thompson Sampling),0.0
2021-07-06,Bandit Meta-Strategy (Thompson Sampling),-0.004625384324532947
2021-07-07,Bandit Meta-Strategy (Thompson Sampling),-0.0019137118922216126
2021-07-08,Bandit Meta-Strategy (Thompson Sampling),-0.006085408749071574
2021-07-09,Bandit Meta-Strategy (Thompson Sampling),0.0
2021-07-12,Bandit Meta-Strategy (Thompson Sampling),0.0
2021-07-13,Bandit Meta-Strategy (Thompson Sampling),-0.0005922231470516511
2021-07-14,Bandit Meta-Strategy (Thompson Sampling),0.0
2021-07-15,Bandit Meta-Strategy (Thompson Sampling),-0.0009585199777229779
2021-07-16,Bandit Meta-Strategy (Thompson Sampling),-0.0040359234632933215
2021-07-19,Bandit Meta-Strategy (Thompson Sampling),-0.012583075640763414
2021-07-20,Bandit Meta-Strategy (Thompson Sampling),-0.02245037038492728
2021-07-21,Bandit Meta-Strategy (Thompson Sampling),-0.01960646486746568
2021-07-22,Bandit Meta-Strategy (Thompson Sampling),-0.019927788798224218
2021-07-23,Bandit Meta-Strategy (Thompson Sampling),-0.009968845093174644
2021-07-26,Bandit Meta-Strategy (Thompson Sampling),-0.006260298649241473
2021-07-27,Bandit Meta-Strategy (Thompson Sampling),-0.005017681842416599
2021-07-28,Bandit Meta-Strategy (Thompson Sampling),-0.0036873804877993748
2021-07-29,Bandit Meta-Strategy (Thompson Sampling),-0.0037754307951797924
2021-07-30,Bandit Meta-Strategy (Thompson Sampling),-0.004564858989911988
2021-08-02,Bandit Meta-Strategy (Thompson Sampling),-0.0038884470987018385
2021-08-03,Bandit Meta-Strategy (Thompson Sampling),0.0
2021-08-04,Bandit Meta-Strategy (Thompson Sampling),-0.003242299531961388
2021-08-05,Bandit Meta-Strategy (Thompson Sampling),0.0
2021-08-06,Bandit Meta-Strategy (Thompson Sampling),-0.0008965202731266805
2021-08-09,Bandit Meta-Strategy (Thompson Sampling),0.0
2021-08-10,Bandit Meta-Strategy (Thompson Sampling),0.0
2021-08-11,Bandit Meta-Strategy (Thompson Sampling),-0.003007385553520071
2021-08-12,Bandit Meta-Strategy (Thompson Sampling),0.0
2021-08-13,Bandit Meta-Strategy (Thompson Sampling),0.0
2021-08-16,Bandit Meta-Strategy (Thompson Sampling),0.0
2021-08-17,Bandit Meta-Strategy (Thompson Sampling),-0.005788313159057649
2021-08-18,Bandit Meta-Strategy (Thompson Sampling),-0.015054934575625258
2021-08-19,Bandit Meta-Strategy (Thompson Sampling),-0.01236920222644954
2021-08-20,Bandit Meta-Strategy (Thompson Sampling),-0.004431808532467112
2021-08-23,Bandit Meta-Strategy (Thompson Sampling),0.0
2021-08-24,Bandit Meta-Strategy (Thompson Sampling),-0.003879913521649026
2021-08-25,Bandit Meta-Strategy (Thompson Sampling),-0.004374826641137303
2021-08-26,Bandit Meta-Strategy (Thompson Sampling),-0.010073060125218252
2021-08-27,Bandit Meta-Strategy (Thompson Sampling),-0.0027468477351823583
2021-08-30,Bandit Meta-Strategy (Thompson Sampling),0.0
2021-08-31,Bandit Meta-Strategy (Thompson Sampling),-0.0004923544756552599
2021-09-01,Bandit Meta-Strategy (Thompson Sampling),0.0
2021-09-02,Bandit Meta-Strategy (Thompson Sampling),0.0
2021-09-03,Bandit Meta-Strategy (Thompson Sampling),0.0
2021-09-07,Bandit Meta-Strategy (Thompson Sampling),-0.0019390872166687764
2021-09-08,Bandit Meta-Strategy (Thompson Sampling),-0.0006536400596479517
2021-09-09,Bandit Meta-Strategy (Thompson Sampling),-0.006843184919364132
2021-09-10,Bandit Meta-Strategy (Thompson Sampling),-0.011743162319233676
2021-09-13,Bandit Meta-Strategy (Thompson Sampling),-0.009947258211618733
2021-09-14,Bandit Meta-Strategy (Thompson Sampling),-0.015868731553102974
2021-09-15,Bandit Meta-Strategy (Thompson Sampling),-0.011110994234823724
2021-09-16,Bandit Meta-Strategy (Thompson Sampling),-0.013475973184853825
2021-09-17,Bandit Meta-Strategy (Thompson Sampling),-0.018708962658472692
2021-09-20,Bandit Meta-Strategy (Thompson Sampling),-0.03317587007363244
2021-09-21,Bandit Meta-Strategy (Thompson Sampling),-0.03416796688477047
2021-09-22,Bandit Meta-Strategy (Thompson Sampling),-0.02605947776401053
2021-09-23,Bandit Meta-Strategy (Thompson Sampling),-0.016235667322498804
2021-09-24,Bandit Meta-Strategy (Thompson Sampling),-0.015467658144769397
2021-09-27,Bandit Meta-Strategy (Thompson Sampling),-0.01653740104068039
2021-09-28,Bandit Meta-Strategy (Thompson Sampling),-0.029202400762806408
2021-09-29,Bandit Meta-Strategy (Thompson Sampling),-0.024332753842367223
2021-09-30,Bandit Meta-Strategy (Thompson Sampling),-0.024794302628939346
2021-10-01,Bandit Meta-Strategy (Thompson Sampling),-0.021385514071415715
2021-10-04,Bandit Meta-Strategy (Thompson Sampling),-0.03070523151496683
2021-10-05,Bandit Meta-Strategy (Thompson Sampling),-0.024015364623210946
2021-10-06,Bandit Meta-Strategy (Thompson Sampling),-0.017670240336501577
2021-10-07,Bandit Meta-Strategy (Thompson Sampling),-0.009135266751063647
2021-10-08,Bandit Meta-Strategy (Thompson Sampling),-0.009529837171252515
2021-10-11,Bandit Meta-Strategy (Thompson Sampling),-0.012596584797172279
2021-10-12,Bandit Meta-Strategy (Thompson Sampling),-0.016509184308628244
2021-10-13,Bandit Meta-Strategy (Thompson Sampling),-0.015860193043078244
2021-10-14,Bandit Meta-Strategy (Thompson Sampling),-0.004502912965852665
2021-10-15,Bandit Meta-Strategy (Thompson Sampling),0.0
2021-10-18,Bandit Meta-Strategy (Thompson Sampling),-0.001473431045749402
2021-10-19,Bandit Meta-Strategy (Thompson Sampling),0.0
2021-10-20,Bandit Meta-Strategy (Thompson Sampling),0.0
2021-10-21,Bandit Meta-Strategy (Thompson Sampling),0.0
2021-10-22,Bandit Meta-Strategy (Thompson Sampling),0.0
2021-10-25,Bandit Meta-Strategy (Thompson Sampling),0.0
2021-10-26,Bandit Meta-Strategy (Thompson Sampling),0.0
2021-10-27,Bandit Meta-Strategy (Thompson Sampling),-0.004328582250308856
2021-10-28,Bandit Meta-Strategy (Thompson Sampling),0.0
2021-10-29,Bandit Meta-Strategy (Thompson Sampling),-0.0007310885146634472
2021-11-01,Bandit Meta-Strategy (Thompson Sampling),0.0
2021-11-02,Bandit Meta-Strategy (Thompson Sampling),0.0
2021-11-03,Bandit Meta-Strategy (Thompson Sampling),0.0
2021-11-04,Bandit Meta-Strategy (Thompson Sampling),0.0
2021-11-05,Bandit Meta-Strategy (Thompson Sampling),0.0
2021-11-08,Bandit Meta-Strategy (Thompson Sampling),0.0
2021-11-09,Bandit Meta-Strategy (Thompson Sampling),-0.007567759472888787
2021-11-10,Bandit Meta-Strategy (Thompson Sampling),-0.0076179447086476716
2021-11-11,Bandit Meta-Strategy (Thompson Sampling),-0.010824442291068093
2021-11-12,Bandit Meta-Strategy (Thompson Sampling),-0.005337325341194997
2021-11-15,Bandit Meta-Strategy (Thompson Sampling),-0.006539592863990413
2021-11-16,Bandit Meta-Strategy (Thompson Sampling),-0.0028902519612543595
2021-11-17,Bandit Meta-Strategy (Thompson Sampling),-0.007222359446557963
2021-11-18,Bandit Meta-Strategy (Thompson Sampling),-0.0032700095779950164
2021-11-19,Bandit Meta-Strategy (Thompson Sampling),-0.0068262582301666964
2021-11-22,Bandit Meta-Strategy (Thompson Sampling),-0.01373478560792578
2021-11-23,Bandit Meta-Strategy (Thompson Sampling),-0.010130614210143433
2021-11-24,Bandit Meta-Strategy (Thompson Sampling),-0.0049112754557330525
2021-11-26,Bandit Meta-Strategy (Thompson Sampling),-0.020501718771998433
2021-11-29,Bandit Meta-Strategy (Thompson Sampling),-0.014572335540986492
2021-11-30,Bandit Meta-Strategy (Thompson Sampling),-0.031264262689420994
2021-12-01,Bandit Meta-Strategy (Thompson Sampling),-0.04098695691332303
2021-12-02,Bandit Meta-Strategy (Thompson Sampling),-0.03280797625354642
2021-12-03,Bandit Meta-Strategy (Thompson Sampling),-0.03626904145722428
2021-12-06,Bandit Meta-Strategy (Thompson Sampling),-0.026213113390623443
2021-12-07,Bandit Meta-Strategy (Thompson Sampling),-0.011177888060271956
2021-12-08,Bandit Meta-Strategy (Thompson Sampling),-0.008872691347440669
2021-12-09,Bandit Meta-Strategy (Thompson Sampling),-0.0108179767227662
2021-12-10,Bandit Meta-Strategy (Thompson Sampling),-0.0036118097862728616
2021-12-13,Bandit Meta-Strategy (Thompson Sampling),-0.006584193852309804
2021-12-14,Bandit Meta-Strategy (Thompson Sampling),-0.007433765007369504
2021-12-15,Bandit Meta-Strategy (Thompson Sampling),0.0
2021-12-16,Bandit Meta-Strategy (Thompson Sampling),-0.0021295780327653473
2021-12-17,Bandit Meta-Strategy (Thompson Sampling),-0.01893112960491656
2021-12-20,Bandit Meta-Strategy (Thompson Sampling),-0.024892819427231264
2021-12-21,Bandit Meta-Strategy (Thompson Sampling),-0.012655991622252475
2021-12-22,Bandit Meta-Strategy (Thompson Sampling),-0.0024620258075399746
2021-12-23,Bandit Meta-Strategy (Thompson Sampling),0.0
2021-12-27,Bandit Meta-Strategy (Thompson Sampling),0.0
2021-12-28,Bandit Meta-Strategy (Thompson Sampling),-0.0005783926137044129
2021-12-29,Bandit Meta-Strategy (Thompson Sampling),-0.0012842719550499723
2021-12-30,Bandit Meta-Strategy (Thompson Sampling),-0.002054455792151673
2021-12-31,Bandit Meta-Strategy (Thompson Sampling),-0.003992714894596487
2022-01-03,Bandit Meta-Strategy (Thompson Sampling),0.0
2022-01-04,Bandit Meta-Strategy (Thompson Sampling),-0.002674745857272688
2022-01-05,Bandit Meta-Strategy (Thompson Sampling),-0.012806598687999316
2022-01-06,Bandit Meta-Strategy (Thompson Sampling),-0.014114992914977587
2022-01-07,Bandit Meta-Strategy (Thompson Sampling),-0.014940716764636024
2022-01-10,Bandit Meta-Strategy (Thompson Sampling),-0.01898700331600437
2022-01-11,Bandit Meta-Strategy (Thompson Sampling),-0.012797945877647552
2022-01-12,Bandit Meta-Strategy (Thompson Sampling),-0.011305245137899773
2022-01-13,Bandit Meta-Strategy (Thompson Sampling),-0.023738006620102683
2022-01-14,Bandit Meta-Strategy (Thompson Sampling),-0.02502315218171058
2022-01-18,Bandit Meta-Strategy (Thompson Sampling),-0.04034683312040221
2022-01-19,Bandit Meta-Strategy (Thompson Sampling),-0.04395869256591643
2022-01-20,Bandit Meta-Strategy (Thompson Sampling),-0.051187449728548766
2022-01-21,Bandit Meta-Strategy (Thompson Sampling),-0.07838256934629084
2022-01-24,Bandit Meta-Strategy (Thompson Sampling),-0.08284762374227006
2022-01-25,Bandit Meta-Strategy (Thompson Sampling),-0.08848101076306551
2022-01-26,Bandit Meta-Strategy (Thompson Sampling),-0.0872970743962858
2022-01-27,Bandit Meta-Strategy (Thompson Sampling),-0.08564437159533
2022-01-28,Bandit Meta-Strategy (Thompson Sampling),-0.05960489565444805
2022-01-31,Bandit Meta-Strategy (Thompson Sampling),-0.04603611425155247
2022-02-01,Bandit Meta-Strategy (Thompson Sampling),-0.03444915361088398
2022-02-02,Bandit Meta-Strategy (Thompson Sampling),-0.02686183588738364
2022-02-03,Bandit Meta-Strategy (Thompson Sampling),-0.05265037326151728
2022-02-04,Bandit Meta-Strategy (Thompson Sampling),-0.048100027272454354
2022-02-07,Bandit Meta-Strategy (Thompson Sampling),-0.0524623270814989
2022-02-08,Bandit Meta-Strategy (Thompson Sampling),-0.052626160104365466
2022-02-09,Bandit Meta-Strategy (Thompson Sampling),-0.0451333500413398
2022-02-10,Bandit Meta-Strategy (Thompson Sampling),-0.05754912803076879
2022-02-11,Bandit Meta-Strategy (Thompson Sampling),-0.07163431314407152
2022-02-14,Bandit Meta-Strategy (Thompson Sampling),-0.07234786172293484
2022-02-15,Bandit Meta-Strategy (Thompson Sampling),-0.06037413024664041
2022-02-16,Bandit Meta-Strategy (Thompson Sampling),-0.059549509318225176
2022-02-17,Bandit Meta-Strategy (Thompson Sampling),-0.07315726550831077
2022-02-18,Bandit Meta-Strategy (Thompson Sampling),-0.08072595614398026
2022-02-22,Bandit Meta-Strategy (Thompson Sampling),-0.09497850473289901
2022-02-23,Bandit Meta-Strategy (Thompson Sampling),-0.11072654401183027
2022-02-24,Bandit Meta-Strategy (Thompson Sampling),-0.10645432312330577
2022-02-25,Bandit Meta-Strategy (Thompson Sampling),-0.0861140686063174
2022-02-28,Bandit Meta-Strategy (Thompson Sampling),-0.08673855756716545
2022-03-01,Bandit Meta-Strategy (Thompson Sampling),-0.09633238122399562
2022-03-02,Bandit Meta-Strategy (Thompson Sampling),-0.08676595572225426
2022-03-03,Bandit Meta-Strategy (Thompson Sampling),-0.08488046079898175
2022-03-04,Bandit Meta-Strategy (Thompson Sampling),-0.08259309666289184
2022-03-07,Bandit Meta-Strategy (Thompson Sampling),-0.09707450821310191
2022-03-08,Bandit Meta-Strategy (Thompson Sampling),-0.1150779417449014
2022-03-09,Bandit Meta-Strategy (Thompson Sampling),-0.1026480508645153
2022-03-10,Bandit Meta-Strategy (Thompson Sampling),-0.10543118593288611
2022-03-11,Bandit Meta-Strategy (Thompson Sampling),-0.11237096698779038
2022-03-14,Bandit Meta-Strategy (Thompson Sampling),-0.10736245612977673
2022-03-15,Bandit Meta-Strategy (Thompson Sampling),-0.08879785111349445
2022-03-16,Bandit Meta-Strategy (Thompson Sampling),-0.08152093951016787
2022-03-17,Bandit Meta-Strategy (Thompson Sampling),-0.07154717261605256
2022-03-18,Bandit Meta-Strategy (Thompson Sampling),-0.06720513665974982
2022-03-21,Bandit Meta-Strategy (Thompson Sampling),-0.06638149457003617
2022-03-22,Bandit Meta-Strategy (Thompson Sampling),-0.061941112114813436
2022-03-23,Bandit Meta-Strategy (Thompson Sampling),-0.07090808681512889
2022-03-24,Bandit Meta-Strategy (Thompson Sampling),-0.06256819015344231
2022-03-25,Bandit Meta-Strategy (Thompson Sampling),-0.05634700349944458
2022-03-28,Bandit Meta-Strategy (Thompson Sampling),-0.04847910166744287
2022-03-29,Bandit Meta-Strategy (Thompson Sampling),-0.04145422092709214
2022-03-30,Bandit Meta-Strategy (Thompson Sampling),-0.041565863296542035
2022-03-31,Bandit Meta-Strategy (Thompson Sampling),-0.04221283835948475
2022-04-01,Bandit Meta-Strategy (Thompson Sampling),-0.03747759273458814
2022-04-04,Bandit Meta-Strategy (Thompson Sampling),-0.027649124701655668
2022-04-05,Bandit Meta-Strategy (Thompson Sampling),-0.038373449835189526
2022-04-06,Bandit Meta-Strategy (Thompson Sampling),-0.045266077973195644
2022-04-07,Bandit Meta-Strategy (Thompson Sampling),-0.040491844663625355
2022-04-08,Bandit Meta-Strategy (Thompson Sampling),-0.0410269484120172
2022-04-11,Bandit Meta-Strategy (Thompson Sampling),-0.05975829895996412
2022-04-12,Bandit Meta-Strategy (Thompson Sampling),-0.06181220472729722
2022-04-13,Bandit Meta-Strategy (Thompson Sampling),-0.05152915514159765
2022-04-14,Bandit Meta-Strategy (Thompson Sampling),-0.06214365340879594
2022-04-18,Bandit Meta-Strategy (Thompson Sampling),-0.06449553670966858
2022-04-19,Bandit Meta-Strategy (Thompson Sampling),-0.05090856349714584
2022-04-20,Bandit Meta-Strategy (Thompson Sampling),-0.07140207555068918
2022-04-21,Bandit Meta-Strategy (Thompson Sampling),-0.08221934448073735
2022-04-22,Bandit Meta-Strategy (Thompson Sampling),-0.10180165803111885
2022-04-25,Bandit Meta-Strategy (Thompson Sampling),-0.096051290245591
2022-04-26,Bandit Meta-Strategy (Thompson Sampling),-0.11985086724654158
2022-04-27,Bandit Meta-Strategy (Thompson Sampling),-0.11822835400455112
2022-04-28,Bandit Meta-Strategy (Thompson Sampling),-0.09308266766491857
2022-04-29,Bandit Meta-Strategy (Thompson Sampling),-0.12142406699109498
2022-05-02,Bandit Meta-Strategy (Thompson Sampling),-0.11634216171795994
2022-05-03,Bandit Meta-Strategy (Thompson Sampling),-0.11316487131798908
2022-05-04,Bandit Meta-Strategy (Thompson Sampling),-0.08960798133958407
2022-05-05,Bandit Meta-Strategy (Thompson Sampling),-0.12139493939923653
2022-05-06,Bandit Meta-Strategy (Thompson Sampling),-0.12553835702864716
2022-05-09,Bandit Meta-Strategy (Thompson Sampling),-0.14862925148523576
2022-05-10,Bandit Meta-Strategy (Thompson Sampling),-0.14732517839896717
2022-05-11,Bandit Meta-Strategy (Thompson Sampling),-0.16068400183898068
2022-05-12,Bandit Meta-Strategy (Thompson Sampling),-0.1605179000099268
2022-05-13,Bandit Meta-Strategy (Thompson Sampling),-0.1427962227947828
2022-05-16,Bandit Meta-Strategy (Thompson Sampling),-0.14382540501372224
2022-05-17,Bandit Meta-Strategy (Thompson Sampling),-0.1379305297270527
2022-05-18,Bandit Meta-Strategy (Thompson Sampling),-0.17480256653757628
2022-05-19,Bandit Meta-Strategy (Thompson Sampling),-0.18124131074627572
2022-05-20,Bandit Meta-Strategy (Thompson Sampling),-0.1781171903577023
2022-05-23,Bandit Meta-Strategy (Thompson Sampling),-0.15843812368024338
2022-05-24,Bandit Meta-Strategy (Thompson Sampling),-0.16482108258001615
2022-05-25,Bandit Meta-Strategy (Thompson Sampling),-0.15819278999545894
2022-05-26,Bandit Meta-Strategy (Thompson Sampling),-0.14352769259510845
2022-05-27,Bandit Meta-Strategy (Thompson Sampling),-0.12668606609264793
2022-05-31,Bandit Meta-Strategy (Thompson Sampling),-0.12726333939129278
2022-06-01,Bandit Meta-Strategy (Thompson Sampling),-0.137626301151562
2022-06-02,Bandit Meta-Strategy (Thompson Sampling),-0.12462015567015167
2022-06-03,Bandit Meta-Strategy (Thompson Sampling),-0.13763786450835275
2022-06-06,Bandit Meta-Strategy (Thompson Sampling),-0.1465932777802572
2022-06-07,Bandit Meta-Strategy (Thompson Sampling),-0.1400062355654722
2022-06-08,Bandit Meta-Strategy (Thompson Sampling),-0.1443780847754355
2022-06-09,Bandit Meta-Strategy (Thompson Sampling),-0.16283906353596067
2022-06-10,Bandit Meta-Strategy (Thompson Sampling),-0.17631770855875964
2022-06-13,Bandit Meta-Strategy (Thompson Sampling),-0.19901579477939638
2022-06-14,Bandit Meta-Strategy (Thompson Sampling),-0.2086105269956581
2022-06-15,Bandit Meta-Strategy (Thompson Sampling),-0.20066678983775899
2022-06-16,Bandit Meta-Strategy (Thompson Sampling),-0.21171299650472764
2022-06-17,Bandit Meta-Strategy (Thompson Sampling),-0.21639597408415764
2022-06-21,Bandit Meta-Strategy (Thompson Sampling),-0.19449891496298044
2022-06-22,Bandit Meta-Strategy (Thompson Sampling),-0.19158941266311266
2022-06-23,Bandit Meta-Strategy (Thompson Sampling),-0.17952696827421605
2022-06-24,Bandit Meta-Strategy (Thompson Sampling),-0.16203335090138704
2022-06-27,Bandit Meta-Strategy (Thompson Sampling),-0.16309428256614267
2022-06-28,Bandit Meta-Strategy (Thompson Sampling),-0.18045459948026613
2022-06-29,Bandit Meta-Strategy (Thompson Sampling),-0.18073964868311992
2022-06-30,Bandit Meta-Strategy (Thompson Sampling),-0.18221106216094154
2022-07-01,Bandit Meta-Strategy (Thompson Sampling),-0.17234697741947422
2022-07-05,Bandit Meta-Strategy (Thompson Sampling),-0.1731543310332779
2022-07-06,Bandit Meta-Strategy (Thompson Sampling),-0.17013263425493763
2022-07-07,Bandit Meta-Strategy (Thompson Sampling),-0.16300038026090483
2022-07-08,Bandit Meta-Strategy (Thompson Sampling),-0.16337155588286825
2022-07-11,Bandit Meta-Strategy (Thompson Sampling),-0.1699232613514209
2022-07-12,Bandit Meta-Strategy (Thompson Sampling),-0.17677952184638454
2022-07-13,Bandit Meta-Strategy (Thompson Sampling),-0.17624761473510908
2022-07-14,Bandit Meta-Strategy (Thompson Sampling),-0.17597784444852102
2022-07-15,Bandit Meta-Strategy (Thompson Sampling),-0.16507282772233325
2022-07-18,Bandit Meta-Strategy (Thompson Sampling),-0.18077492152877692
2022-07-19,Bandit Meta-Strategy (Thompson Sampling),-0.1709238626620797
2022-07-20,Bandit Meta-Strategy (Thompson Sampling),-0.169786545036055
2022-07-21,Bandit Meta-Strategy (Thompson Sampling),-0.1626816453323167
2022-07-22,Bandit Meta-Strategy (Thompson Sampling),-0.16390186856634859
2022-07-25,Bandit Meta-Strategy (Thompson Sampling),-0.16136220132551518
2022-07-26,Bandit Meta-Strategy (Thompson Sampling),-0.17315944344453685
2022-07-27,Bandit Meta-Strategy (Thompson Sampling),-0.15834530076732709
2022-07-28,Bandit Meta-Strategy (Thompson Sampling),-0.1497712023294024
2022-07-29,Bandit Meta-Strategy (Thompson Sampling),-0.15036619826150055
2022-08-01,Bandit Meta-Strategy (Thompson Sampling),-0.15049052990644773
2022-08-02,Bandit Meta-Strategy (Thompson Sampling),-0.1572090532762419
2022-08-03,Bandit Meta-Strategy (Thompson Sampling),-0.14616754249645106
2022-08-04,Bandit Meta-Strategy (Thompson Sampling),-0.15070866403179933
2022-08-05,Bandit Meta-Strategy (Thompson Sampling),-0.15435916905713387
2022-08-08,Bandit Meta-Strategy (Thompson Sampling),-0.15440279449076152
2022-08-09,Bandit Meta-Strategy (Thompson Sampling),-0.15595492060347843
2022-08-10,Bandit Meta-Strategy (Thompson Sampling),-0.13855107607705977
2022-08-11,Bandit Meta-Strategy (Thompson Sampling),-0.14330362455027598
2022-08-12,Bandit Meta-Strategy (Thompson Sampling),-0.12911721343672974
2022-08-15,Bandit Meta-Strategy (Thompson Sampling),-0.1252822823162347
2022-08-16,Bandit Meta-Strategy (Thompson Sampling),-0.12061137187140812
2022-08-17,Bandit Meta-Strategy (Thompson Sampling),-0.12797275492068722
2022-08-18,Bandit Meta-Strategy (Thompson Sampling),-0.12691284085345803
2022-08-19,Bandit Meta-Strategy (Thompson Sampling),-0.13595846585700622
2022-08-22,Bandit Meta-Strategy (Thompson Sampling),-0.15217316343833523
2022-08-23,Bandit Meta-Strategy (Thompson Sampling),-0.15504961167589726
2022-08-24,Bandit Meta-Strategy (Thompson Sampling),-0.15384283273573765
2022-08-25,Bandit Meta-Strategy (Thompson Sampling),-0.16448779889287282
2022-08-26,Bandit Meta-Strategy (Thompson Sampling),-0.1909141457325628
2022-08-29,Bandit Meta-Strategy (Thompson Sampling),-0.19428164833505426
2022-08-30,Bandit Meta-Strategy (Thompson Sampling),-0.202397496826535
2022-08-31,Bandit Meta-Strategy (Thompson Sampling),-0.20293732111445834
2022-09-01,Bandit Meta-Strategy (Thompson Sampling),-0.19246914595881198
2022-09-02,Bandit Meta-Strategy (Thompson Sampling),-0.20367958801223793
2022-09-06,Bandit Meta-Strategy (Thompson Sampling),-0.2061991776341506
2022-09-07,Bandit Meta-Strategy (Thompson Sampling),-0.19511318048150575
2022-09-08,Bandit Meta-Strategy (Thompson Sampling),-0.18994451597488218
2022-09-09,Bandit Meta-Strategy (Thompson Sampling),-0.17964804131341466
2022-09-12,Bandit Meta-Strategy (Thompson Sampling),-0.17524641264389135
2022-09-13,Bandit Meta-Strategy (Thompson Sampling),-0.20427377852650402
2022-09-14,Bandit Meta-Strategy (Thompson Sampling),-0.19724900107630455
2022-09-15,Bandit Meta-Strategy (Thompson Sampling),-0.20386906428360566
2022-09-16,Bandit Meta-Strategy (Thompson Sampling),-0.20229739584338682
2022-09-19,Bandit Meta-Strategy (Thompson Sampling),-0.20203515839601208
2022-09-20,Bandit Meta-Strategy (Thompson Sampling),-0.2081488383599363
2022-09-21,Bandit Meta-Strategy (Thompson Sampling),-0.21972926576539606
2022-09-22,Bandit Meta-Strategy (Thompson Sampling),-0.21802600850864523
2022-09-23,Bandit Meta-Strategy (Thompson Sampling),-0.22865007075782046
2022-09-26,Bandit Meta-Strategy (Thompson Sampling),-0.23368495961578684
2022-09-27,Bandit Meta-Strategy (Thompson Sampling),-0.23909097990124226
2022-09-28,Bandit Meta-Strategy (Thompson Sampling),-0.22799057769931322
2022-09-29,Bandit Meta-Strategy (Thompson Sampling),-0.24013150265731958
2022-09-30,Bandit Meta-Strategy (Thompson Sampling),-0.240696623089677
2022-10-03,Bandit Meta-Strategy (Thompson Sampling),-0.2265514668687829
2022-10-04,Bandit Meta-Strategy (Thompson Sampling),-0.2072672372191309
2022-10-05,Bandit Meta-Strategy (Thompson Sampling),-0.20840420259184733
2022-10-06,Bandit Meta-Strategy (Thompson Sampling),-0.21548228859703988
2022-10-07,Bandit Meta-Strategy (Thompson Sampling),-0.23601875381279996
2022-10-10,Bandit Meta-Strategy (Thompson Sampling),-0.2425720845210262
2022-10-11,Bandit Meta-Strategy (Thompson Sampling),-0.24853363990677602
2022-10-12,Bandit Meta-Strategy (Thompson Sampling),-0.24730475255137255
2022-10-13,Bandit Meta-Strategy (Thompson Sampling),-0.22828413654260196
2022-10-14,Bandit Meta-Strategy (Thompson Sampling),-0.24404177424476428
2022-10-17,Bandit Meta-Strategy (Thompson Sampling),-0.2222042178281132
2022-10-18,Bandit Meta-Strategy (Thompson Sampling),-0.21445688120972237
2022-10-19,Bandit Meta-Strategy (Thompson Sampling),-0.21622677276503643
2022-10-20,Bandit Meta-Strategy (Thompson Sampling),-0.2210271292117615
2022-10-21,Bandit Meta-Strategy (Thompson Sampling),-0.20159292549399532
2022-10-24,Bandit Meta-Strategy (Thompson Sampling),-0.19367319256834492
2022-10-25,Bandit Meta-Strategy (Thompson Sampling),-0.18130630018216268
2022-10-26,Bandit Meta-Strategy (Thompson Sampling),-0.18532747113130885
2022-10-27,Bandit Meta-Strategy (Thompson Sampling),-0.1944405247138228
2022-10-28,Bandit Meta-Strategy (Thompson Sampling),-0.17614513018062017
2022-10-31,Bandit Meta-Strategy (Thompson Sampling),-0.17684608610829583
2022-11-01,Bandit Meta-Strategy (Thompson Sampling),-0.18370210124508926
2022-11-02,Bandit Meta-Strategy (Thompson Sampling),-0.2119271551852919
2022-11-03,Bandit Meta-Strategy (Thompson Sampling),-0.22272367532963488
2022-11-04,Bandit Meta-Strategy (Thompson Sampling),-0.2147905382151802
2022-11-07,Bandit Meta-Strategy (Thompson Sampling),-0.20836355919206997
2022-11-08,Bandit Meta-Strategy (Thompson Sampling),-0.20999226717091304
2022-11-09,Bandit Meta-Strategy (Thompson Sampling),-0.2259640680197695
2022-11-10,Bandit Meta-Strategy (Thompson Sampling),-0.17617480137734287
2022-11-11,Bandit Meta-Strategy (Thompson Sampling),-0.1627477100482374
2022-11-14,Bandit Meta-Strategy (Thompson Sampling),-0.16614299823498832
2022-11-15,Bandit Meta-Strategy (Thompson Sampling),-0.1550960842395155
2022-11-16,Bandit Meta-Strategy (Thompson Sampling),-0.16587486113669483
2022-11-17,Bandit Meta-Strategy (Thompson Sampling),-0.17274233914520307
2022-11-18,Bandit Meta-Strategy (Thompson Sampling),-0.17440607608197056
2022-11-21,Bandit Meta-Strategy (Thompson Sampling),-0.18618692566001804
2022-11-22,Bandit Meta-Strategy (Thompson Sampling),-0.17581752560966682
2022-11-23,Bandit Meta-Strategy (Thompson Sampling),-0.16454909492011052
2022-11-25,Bandit Meta-Strategy (Thompson Sampling),-0.16717948838272106
2022-11-28,Bandit Meta-Strategy (Thompson Sampling),-0.17437741540117405
2022-11-29,Bandit Meta-Strategy (Thompson Sampling),-0.17865936771695973
2022-11-30,Bandit Meta-Strategy (Thompson Sampling),-0.17938386903147444
2022-12-01,Bandit Meta-Strategy (Thompson Sampling),-0.1755190201253523
2022-12-02,Bandit Meta-Strategy (Thompson Sampling),-0.17419404842969924
2022-12-05,Bandit Meta-Strategy (Thompson Sampling),-0.1851860090469397
2022-12-06,Bandit Meta-Strategy (Thompson Sampling),-0.19763539331852115
2022-12-07,Bandit Meta-Strategy (Thompson Sampling),-0.1964424058588954
2022-12-08,Bandit Meta-Strategy (Thompson Sampling),-0.18955401392865567
2022-12-09,Bandit Meta-Strategy (Thompson Sampling),-0.193566583234884
2022-12-12,Bandit Meta-Strategy (Thompson Sampling),-0.1859829559335211
2022-12-13,Bandit Meta-Strategy (Thompson Sampling),-0.1803893358598673
2022-12-14,Bandit Meta-Strategy (Thompson Sampling),-0.1779060971344275
2022-12-15,Bandit Meta-Strategy (Thompson Sampling),-0.19238204477245785
2022-12-16,Bandit Meta-Strategy (Thompson Sampling),-0.2034744919810031
2022-12-19,Bandit Meta-Strategy (Thompson Sampling),-0.2070210510914282
2022-12-20,Bandit Meta-Strategy (Thompson Sampling),-0.2070716644553285
2022-12-21,Bandit Meta-Strategy (Thompson Sampling),-0.19807766071325641
2022-12-22,Bandit Meta-Strategy (Thompson Sampling),-0.20626161437634336
2022-12-23,Bandit Meta-Strategy (Thompson Sampling),-0.2017179451433
2022-12-27,Bandit Meta-Strategy (Thompson Sampling),-0.20583803441076276
2022-12-28,Bandit Meta-Strategy (Thompson Sampling),-0.2130629455130285
2022-12-29,Bandit Meta-Strategy (Thompson Sampling),-0.20316953872529311
2022-12-30,Bandit Meta-Strategy (Thompson Sampling),-0.20510243881669343
2023-01-03,Bandit Meta-Strategy (Thompson Sampling),-0.2073293155136696
2023-01-04,Bandit Meta-Strategy (Thompson Sampling),-0.20554123478865302
2023-01-05,Bandit Meta-Strategy (Thompson Sampling),-0.21242594296539374
2023-01-06,Bandit Meta-Strategy (Thompson Sampling),-0.19699141501921488
2023-01-09,Bandit Meta-Strategy (Thompson Sampling),-0.20984396856406073
2023-01-10,Bandit Meta-Strategy (Thompson Sampling),-0.21004915081707273
2023-01-11,Bandit Meta-Strategy (Thompson Sampling),-0.20651189978271442
2023-01-12,Bandit Meta-Strategy (Thompson Sampling),-0.20675627304915176
2023-01-13,Bandit Meta-Strategy (Thompson Sampling),-0.2038725293432087
2023-01-17,Bandit Meta-Strategy (Thompson Sampling),-0.20931011483814982
2023-01-18,Bandit Meta-Strategy (Thompson Sampling),-0.22558864552423855
2023-01-19,Bandit Meta-Strategy (Thompson Sampling),-0.23002223230945412
2023-01-20,Bandit Meta-Strategy (Thompson Sampling),-0.2206433086929898
2023-01-23,Bandit Meta-Strategy (Thompson Sampling),-0.21726871333149528
2023-01-24,Bandit Meta-Strategy (Thompson Sampling),-0.2166242891646415
2023-01-25,Bandit Meta-Strategy (Thompson Sampling),-0.21466669258050988
2023-01-26,Bandit Meta-Strategy (Thompson Sampling),-0.21002445965219088
2023-01-27,Bandit Meta-Strategy (Thompson Sampling),-0.20759752718419697
2023-01-30,Bandit Meta-Strategy (Thompson Sampling),-0.21994034510140492
2023-01-31,Bandit Meta-Strategy (Thompson Sampling),-0.22045504693614965
2023-02-01,Bandit Meta-Strategy (Thompson Sampling),-0.21198063741363363
2023-02-02,Bandit Meta-Strategy (Thompson Sampling),-0.19679562485678143
2023-02-03,Bandit Meta-Strategy (Thompson Sampling),-0.20434263612108464
2023-02-06,Bandit Meta-Strategy (Thompson Sampling),-0.20768742138190238
2023-02-07,Bandit Meta-Strategy (Thompson Sampling),-0.19940648224227134
2023-02-08,Bandit Meta-Strategy (Thompson Sampling),-0.206554381097527
2023-02-09,Bandit Meta-Strategy (Thompson Sampling),-0.21278203666036638
2023-02-10,Bandit Meta-Strategy (Thompson Sampling),-0.21436936049731764
2023-02-13,Bandit Meta-Strategy (Thompson Sampling),-0.20696979745722263
2023-02-14,Bandit Meta-Strategy (Thompson Sampling),-0.20519750588789706
2023-02-15,Bandit Meta-Strategy (Thompson Sampling),-0.20417225977216394
2023-02-16,Bandit Meta-Strategy (Thompson Sampling),-0.21739660338062394
2023-02-17,Bandit Meta-Strategy (Thompson Sampling),-0.2172414381834366
2023-02-21,Bandit Meta-Strategy (Thompson Sampling),-0.23077025914021965
2023-02-22,Bandit Meta-Strategy (Thompson Sampling),-0.23270327055766687
2023-02-23,Bandit Meta-Strategy (Thompson Sampling),-0.2300648311157372
2023-02-24,Bandit Meta-Strategy (Thompson Sampling),-0.23767813375218522
2023-02-27,Bandit Meta-Strategy (Thompson Sampling),-0.23531830070018972
2023-02-28,Bandit Meta-Strategy (Thompson Sampling),-0.23583943051001025
2023-03-01,Bandit Meta-Strategy (Thompson Sampling),-0.24140669076693333
2023-03-02,Bandit Meta-Strategy (Thompson Sampling),-0.23759112809240016
2023-03-03,Bandit Meta-Strategy (Thompson Sampling),-0.22985227521987345
2023-03-06,Bandit Meta-Strategy (Thompson Sampling),-0.22718421737165237
2023-03-07,Bandit Meta-Strategy (Thompson Sampling),-0.23755376609331375
2023-03-08,Bandit Meta-Strategy (Thompson Sampling),-0.2403489102182844
2023-03-09,Bandit Meta-Strategy (Thompson Sampling),-0.2508890607063107
2023-03-10,Bandit Meta-Strategy (Thompson Sampling),-0.25342290005648427
2023-03-13,Bandit Meta-Strategy (Thompson Sampling),-0.2499610511848182
2023-03-14,Bandit Meta-Strategy (Thompson Sampling),-0.24117704628639092
2023-03-15,Bandit Meta-Strategy (Thompson Sampling),-0.23872799738328185
2023-03-16,Bandit Meta-Strategy (Thompson Sampling),-0.23460907092169947
2023-03-17,Bandit Meta-Strategy (Thompson Sampling),-0.2380904104211534
2023-03-20,Bandit Meta-Strategy (Thompson Sampling),-0.23031778197110714
2023-03-21,Bandit Meta-Strategy (Thompson Sampling),-0.2248540580236901
2023-03-22,Bandit Meta-Strategy (Thompson Sampling),-0.23375657281045698
2023-03-23,Bandit Meta-Strategy (Thompson Sampling),-0.23079217339424574
2023-03-24,Bandit Meta-Strategy (Thompson Sampling),-0.22458122737304212
2023-03-27,Bandit Meta-Strategy (Thompson Sampling),-0.22117953787064792
2023-03-28,Bandit Meta-Strategy (Thompson Sampling),-0.22370367823282303
2023-03-29,Bandit Meta-Strategy (Thompson Sampling),-0.2161110931902239
2023-03-30,Bandit Meta-Strategy (Thompson Sampling),-0.21263532786415612
2023-03-31,Bandit Meta-Strategy (Thompson Sampling),-0.21316762044807588
2023-04-03,Bandit Meta-Strategy (Thompson Sampling),-0.20793229501676075
2023-04-04,Bandit Meta-Strategy (Thompson Sampling),-0.21076823110218032
2023-04-05,Bandit Meta-Strategy (Thompson Sampling),-0.20851260970106603
2023-04-06,Bandit Meta-Strategy (Thompson Sampling),-0.2063858421339401
2023-04-10,Bandit Meta-Strategy (Thompson Sampling),-0.20782866969491762
2023-04-11,Bandit Meta-Strategy (Thompson Sampling),-0.20803370840641644
2023-04-12,Bandit Meta-Strategy (Thompson Sampling),-0.21388808162313905
2023-04-13,Bandit Meta-Strategy (Thompson Sampling),-0.20245673156625169
2023-04-14,Bandit Meta-Strategy (Thompson Sampling),-0.2002246497669059
2023-04-17,Bandit Meta-Strategy (Thompson Sampling),-0.19930779451729988
2023-04-18,Bandit Meta-Strategy (Thompson Sampling),-0.2002665341850539
2023-04-19,Bandit Meta-Strategy (Thompson Sampling),-0.20196689262636766
2023-04-20,Bandit Meta-Strategy (Thompson Sampling),-0.20668769797931133
2023-04-21,Bandit Meta-Strategy (Thompson Sampling),-0.20192433114554323
2023-04-24,Bandit Meta-Strategy (Thompson Sampling),-0.20099505247878807
2023-04-25,Bandit Meta-Strategy (Thompson Sampling),-0.21120525811158491
2023-04-26,Bandit Meta-Strategy (Thompson Sampling),-0.2157254410518763
2023-04-27,Bandit Meta-Strategy (Thompson Sampling),-0.2000463019374852
2023-04-28,Bandit Meta-Strategy (Thompson Sampling),-0.20055450352690057
2023-05-01,Bandit Meta-Strategy (Thompson Sampling),-0.20155730741950442
2023-05-02,Bandit Meta-Strategy (Thompson Sampling),-0.2058706396542046
2023-05-03,Bandit Meta-Strategy (Thompson Sampling),-0.2112706635109421
2023-05-04,Bandit Meta-Strategy (Thompson Sampling),-0.2149807886802824
2023-05-05,Bandit Meta-Strategy (Thompson Sampling),-0.20611297028465383
2023-05-08,Bandit Meta-Strategy (Thompson Sampling),-0.20441835134767894
2023-05-09,Bandit Meta-Strategy (Thompson Sampling),-0.20858161297807007
2023-05-10,Bandit Meta-Strategy (Thompson Sampling),-0.20697945250927693
2023-05-11,Bandit Meta-Strategy (Thompson Sampling),-0.20585790006923657
2023-05-12,Bandit Meta-Strategy (Thompson Sampling),-0.20669629984152973
2023-05-15,Bandit Meta-Strategy (Thompson Sampling),-0.20842663577273063
2023-05-16,Bandit Meta-Strategy (Thompson Sampling),-0.2124750006709309
2023-05-17,Bandit Meta-Strategy (Thompson Sampling),-0.20756693191883127
2023-05-18,Bandit Meta-Strategy (Thompson Sampling),-0.20367444604328971
2023-05-19,Bandit Meta-Strategy (Thompson Sampling),-0.20496466492443474
2023-05-22,Bandit Meta-Strategy (Thompson Sampling),-0.21062180782585038
2023-05-23,Bandit Meta-Strategy (Thompson Sampling),-0.2138620982016845
2023-05-24,Bandit Meta-Strategy (Thompson Sampling),-0.21740996328991863
2023-05-25,Bandit Meta-Strategy (Thompson Sampling),-0.2175958656271079
2023-05-26,Bandit Meta-Strategy (Thompson Sampling),-0.21160066534817587
2023-05-30,Bandit Meta-Strategy (Thompson Sampling),-0.2122549588485143
2023-05-31,Bandit Meta-Strategy (Thompson Sampling),-0.21264578876248755
2023-06-01,Bandit Meta-Strategy (Thompson Sampling),-0.20476306659296464
2023-06-02,Bandit Meta-Strategy (Thompson Sampling),-0.1929409958345105
2023-06-05,Bandit Meta-Strategy (Thompson Sampling),-0.19320695809984798
2023-06-06,Bandit Meta-Strategy (Thompson Sampling),-0.19189263277376006
2023-06-07,Bandit Meta-Strategy (Thompson Sampling),-0.19226627279823794
2023-06-08,Bandit Meta-Strategy (Thompson Sampling),-0.1870760595916168
2023-06-09,Bandit Meta-Strategy (Thompson Sampling),-0.18595433392109903
2023-06-12,Bandit Meta-Strategy (Thompson Sampling),-0.18161544793763978
2023-06-13,Bandit Meta-Strategy (Thompson Sampling),-0.17730596496690357
2023-06-14,Bandit Meta-Strategy (Thompson Sampling),-0.17533682102880155
2023-06-15,Bandit Meta-Strategy (Thompson Sampling),-0.16754775682089884
2023-06-16,Bandit Meta-Strategy (Thompson Sampling),-0.1693442288274288
2023-06-20,Bandit Meta-Strategy (Thompson Sampling),-0.17313330619480446
2023-06-21,Bandit Meta-Strategy (Thompson Sampling),-0.17600681803041054
2023-06-22,Bandit Meta-Strategy (Thompson Sampling),-0.17273093466410458
2023-06-23,Bandit Meta-Strategy (Thompson Sampling),-0.17716000528435893
2023-06-26,Bandit Meta-Strategy (Thompson Sampling),-0.18282199621701142
2023-06-27,Bandit Meta-Strategy (Thompson Sampling),-0.17858985021822602
2023-06-28,Bandit Meta-Strategy (Thompson Sampling),-0.17930944619859593
2023-06-29,Bandit Meta-Strategy (Thompson Sampling),-0.176882601686381
2023-06-30,Bandit Meta-Strategy (Thompson Sampling),-0.16649509758635156
2023-07-03,Bandit Meta-Strategy (Thompson Sampling),-0.16379590912285666
2023-07-05,Bandit Meta-Strategy (Thompson Sampling),-0.16342657618068498
2023-07-06,Bandit Meta-Strategy (Thompson Sampling),-0.17334129233703272
2023-07-07,Bandit Meta-Strategy (Thompson Sampling),-0.18004279497517967
2023-07-10,Bandit Meta-Strategy (Thompson Sampling),-0.1782852555350547
2023-07-11,Bandit Meta-Strategy (Thompson Sampling),-0.17461848217948606
2023-07-12,Bandit Meta-Strategy (Thompson Sampling),-0.16869346615067635
2023-07-13,Bandit Meta-Strategy (Thompson Sampling),-0.16444000527729224
2023-07-14,Bandit Meta-Strategy (Thompson Sampling),-0.16522830317476211
2023-07-17,Bandit Meta-Strategy (Thompson Sampling),-0.1644728090899804
2023-07-18,Bandit Meta-Strategy (Thompson Sampling),-0.1607149193566046
2023-07-19,Bandit Meta-Strategy (Thompson Sampling),-0.15614789415338076
2023-07-20,Bandit Meta-Strategy (Thompson Sampling),-0.15371030140400674
2023-07-21,Bandit Meta-Strategy (Thompson Sampling),-0.1515247500810595
2023-07-24,Bandit Meta-Strategy (Thompson Sampling),-0.14541354969494394
2023-07-25,Bandit Meta-Strategy (Thompson Sampling),-0.14590383713874958
2023-07-26,Bandit Meta-Strategy (Thompson Sampling),-0.14294582974725084
2023-07-27,Bandit Meta-Strategy (Thompson Sampling),-0.14780847480209275
2023-07-28,Bandit Meta-Strategy (Thompson Sampling),-0.1400659897993338
2023-07-31,Bandit Meta-Strategy (Thompson Sampling),-0.14134074444747957
2023-08-01,Bandit Meta-Strategy (Thompson Sampling),-0.1431126308862001
2023-08-02,Bandit Meta-Strategy (Thompson Sampling),-0.151003090713557
2023-08-03,Bandit Meta-Strategy (Thompson Sampling),-0.14886706301070773
2023-08-04,Bandit Meta-Strategy (Thompson Sampling),-0.15304736578344638
2023-08-07,Bandit Meta-Strategy (Thompson Sampling),-0.1428060275723928
2023-08-08,Bandit Meta-Strategy (Thompson Sampling),-0.1454969956262413
2023-08-09,Bandit Meta-Strategy (Thompson Sampling),-0.1490512056417426
2023-08-10,Bandit Meta-Strategy (Thompson Sampling),-0.1480494403791705
2023-08-11,Bandit Meta-Strategy (Thompson Sampling),-0.14671515495584742
2023-08-14,Bandit Meta-Strategy (Thompson Sampling),-0.14529328112150308
2023-08-15,Bandit Meta-Strategy (Thompson Sampling),-0.15510492633854425
2023-08-16,Bandit Meta-Strategy (Thompson Sampling),-0.16087698617582633
2023-08-17,Bandit Meta-Strategy (Thompson Sampling),-0.16393794738275394
2023-08-18,Bandit Meta-Strategy (Thompson Sampling),-0.16271952099039325
2023-08-21,Bandit Meta-Strategy (Thompson Sampling),-0.16276672427601474
2023-08-22,Bandit Meta-Strategy (Thompson Sampling),-0.16640049947342261
2023-08-23,Bandit Meta-Strategy (Thompson Sampling),-0.16170691333890877
2023-08-24,Bandit Meta-Strategy (Thompson Sampling),-0.16960395892543242
2023-08-25,Bandit Meta-Strategy (Thompson Sampling),-0.16424650555835532
2023-08-28,Bandit Meta-Strategy (Thompson Sampling),-0.1612602292717444
2023-08-29,Bandit Meta-Strategy (Thompson Sampling),-0.15302187050526792
2023-08-30,Bandit Meta-Strategy (Thompson Sampling),-0.15133044821191974
2023-08-31,Bandit Meta-Strategy (Thompson Sampling),-0.15382506757967904
2023-09-01,Bandit Meta-Strategy (Thompson Sampling),-0.1543936474547025
2023-09-05,Bandit Meta-Strategy (Thompson Sampling),-0.15777299177288506
2023-09-06,Bandit Meta-Strategy (Thompson Sampling),-0.16284770735102821
2023-09-07,Bandit Meta-Strategy (Thompson Sampling),-0.1618532093088731
2023-09-08,Bandit Meta-Strategy (Thompson Sampling),-0.16032242555320297
2023-09-11,Bandit Meta-Strategy (Thompson Sampling),-0.1538892391859832
2023-09-12,Bandit Meta-Strategy (Thompson Sampling),-0.15490300063972776
2023-09-13,Bandit Meta-Strategy (Thompson Sampling),-0.1543424604891864
2023-09-14,Bandit Meta-Strategy (Thompson Sampling),-0.15057215411868785
2023-09-15,Bandit Meta-Strategy (Thompson Sampling),-0.15959622201916712
2023-09-18,Bandit Meta-Strategy (Thompson Sampling),-0.15910491295495377
2023-09-19,Bandit Meta-Strategy (Thompson Sampling),-0.16168487091704925
2023-09-20,Bandit Meta-Strategy (Thompson Sampling),-0.16633726861029965
2023-09-21,Bandit Meta-Strategy (Thompson Sampling),-0.17798393054417677
2023-09-22,Bandit Meta-Strategy (Thompson Sampling),-0.18107529211187512
2023-09-25,Bandit Meta-Strategy (Thompson Sampling),-0.17969602716612038
2023-09-26,Bandit Meta-Strategy (Thompson Sampling),-0.18816407992282047
2023-09-27,Bandit Meta-Strategy (Thompson Sampling),-0.18971865311082284
2023-09-28,Bandit Meta-Strategy (Thompson Sampling),-0.18721152390380782
2023-09-29,Bandit Meta-Strategy (Thompson Sampling),-0.19001039894448604
2023-10-02,Bandit Meta-Strategy (Thompson Sampling),-0.18969336869141773
2023-10-03,Bandit Meta-Strategy (Thompson Sampling),-0.19781425275661235
2023-10-04,Bandit Meta-Strategy (Thompson Sampling),-0.19558673286774242
2023-10-05,Bandit Meta-Strategy (Thompson Sampling),-0.2007534169548518
2023-10-06,Bandit Meta-Strategy (Thompson Sampling),-0.19693117073522132
2023-10-09,Bandit Meta-Strategy (Thompson Sampling),-0.19388206198229452
2023-10-10,Bandit Meta-Strategy (Thompson Sampling),-0.1882380726866406
2023-10-11,Bandit Meta-Strategy (Thompson Sampling),-0.19155431835422548
2023-10-12,Bandit Meta-Strategy (Thompson Sampling),-0.1941845986724804
2023-10-13,Bandit Meta-Strategy (Thompson Sampling),-0.19497646461712784
2023-10-16,Bandit Meta-Strategy (Thompson Sampling),-0.18659244218812227
2023-10-17,Bandit Meta-Strategy (Thompson Sampling),-0.18691062092859664
2023-10-18,Bandit Meta-Strategy (Thompson Sampling),-0.1951703144254564
2023-10-19,Bandit Meta-Strategy (Thompson Sampling),-0.19813707588006682
2023-10-20,Bandit Meta-Strategy (Thompson Sampling),-0.20489730209400517
2023-10-23,Bandit Meta-Strategy (Thompson Sampling),-0.2054874997846328
2023-10-24,Bandit Meta-Strategy (Thompson Sampling),-0.20032047721488647
2023-10-25,Bandit Meta-Strategy (Thompson Sampling),-0.2050543696425581
2023-10-26,Bandit Meta-Strategy (Thompson Sampling),-0.21512904552046255
2023-10-27,Bandit Meta-Strategy (Thompson Sampling),-0.22343285008468544
2023-10-30,Bandit Meta-Strategy (Thompson Sampling),-0.2126609214226735
2023-10-31,Bandit Meta-Strategy (Thompson Sampling),-0.2080802288917531
2023-11-01,Bandit Meta-Strategy (Thompson Sampling),-0.20251380518126394
2023-11-02,Bandit Meta-Strategy (Thompson Sampling),-0.18960414248985913
2023-11-03,Bandit Meta-Strategy (Thompson Sampling),-0.18571082996527444
2023-11-06,Bandit Meta-Strategy (Thompson Sampling),-0.18474235897021732
2023-11-07,Bandit Meta-Strategy (Thompson Sampling),-0.18367625125147288
2023-11-08,Bandit Meta-Strategy (Thompson Sampling),-0.185716670971661
2023-11-09,Bandit Meta-Strategy (Thompson Sampling),-0.1908959455893008
2023-11-10,Bandit Meta-Strategy (Thompson Sampling),-0.18333152699531227
2023-11-13,Bandit Meta-Strategy (Thompson Sampling),-0.18132825880539957
2023-11-14,Bandit Meta-Strategy (Thompson Sampling),-0.1718674927076282
2023-11-15,Bandit Meta-Strategy (Thompson Sampling),-0.1666298354643588
2023-11-16,Bandit Meta-Strategy (Thompson Sampling),-0.1730004009111511
2023-11-17,Bandit Meta-Strategy (Thompson Sampling),-0.17182548790978946
2023-11-20,Bandit Meta-Strategy (Thompson Sampling),-0.16875793860352264
2023-11-21,Bandit Meta-Strategy (Thompson Sampling),-0.1676805145269834
2023-11-22,Bandit Meta-Strategy (Thompson Sampling),-0.1664177662611867
2023-11-24,Bandit Meta-Strategy (Thompson Sampling),-0.16374502313972278
2023-11-27,Bandit Meta-Strategy (Thompson Sampling),-0.16583383292734935
2023-11-28,Bandit Meta-Strategy (Thompson Sampling),-0.1640340472108069
2023-11-29,Bandit Meta-Strategy (Thompson Sampling),-0.16683017906680578
2023-11-30,Bandit Meta-Strategy (Thompson Sampling),-0.16363890977765827
2023-12-01,Bandit Meta-Strategy (Thompson Sampling),-0.1629773865048188
2023-12-04,Bandit Meta-Strategy (Thompson Sampling),-0.16649511410303772
2023-12-05,Bandit Meta-Strategy (Thompson Sampling),-0.16863287332221547
2023-12-06,Bandit Meta-Strategy (Thompson Sampling),-0.17371017786858
2023-12-07,Bandit Meta-Strategy (Thompson Sampling),-0.17123629784628908
2023-12-08,Bandit Meta-Strategy (Thompson Sampling),-0.17066169840116727
2023-12-11,Bandit Meta-Strategy (Thompson Sampling),-0.170357524171444
2023-12-12,Bandit Meta-Strategy (Thompson Sampling),-0.16804814148269273
2023-12-13,Bandit Meta-Strategy (Thompson Sampling),-0.15917853764503628
2023-12-14,Bandit Meta-Strategy (Thompson Sampling),-0.15855058432922467
2023-12-15,Bandit Meta-Strategy (Thompson Sampling),-0.15895190452726607
2023-12-18,Bandit Meta-Strategy (Thompson Sampling),-0.15189353634802333
2023-12-19,Bandit Meta-Strategy (Thompson Sampling),-0.1464909222368972
2023-12-20,Bandit Meta-Strategy (Thompson Sampling),-0.15992417195686304
2023-12-21,Bandit Meta-Strategy (Thompson Sampling),-0.15275590920023932
2023-12-22,Bandit Meta-Strategy (Thompson Sampling),-0.1508711312454258
2023-12-26,Bandit Meta-Strategy (Thompson Sampling),-0.1479014699135106
2023-12-27,Bandit Meta-Strategy (Thompson Sampling),-0.14625914674427556
2023-12-28,Bandit Meta-Strategy (Thompson Sampling),-0.14704621804302306
2023-12-29,Bandit Meta-Strategy (Thompson Sampling),-0.14802659904960117
2024-01-02,Bandit Meta-Strategy (Thompson Sampling),-0.14402159521895816
2024-01-03,Bandit Meta-Strategy (Thompson Sampling),-0.14616829576142473
2024-01-04,Bandit Meta-Strategy (Thompson Sampling),-0.1485017245034936
2024-01-05,Bandit Meta-Strategy (Thompson Sampling),-0.14626694520457173
2024-01-08,Bandit Meta-Strategy (Thompson Sampling),-0.1383990880313494
2024-01-09,Bandit Meta-Strategy (Thompson Sampling),-0.13966501641870752
2024-01-10,Bandit Meta-Strategy (Thompson Sampling),-0.13439159239175588
2024-01-11,Bandit Meta-Strategy (Thompson Sampling),-0.13616494278963162
2024-01-12,Bandit Meta-Strategy (Thompson Sampling),-0.13373588371165346
2024-01-16,Bandit Meta-Strategy (Thompson Sampling),-0.1373337786044352
2024-01-17,Bandit Meta-Strategy (Thompson Sampling),-0.14112438244973594
2024-01-18,Bandit Meta-Strategy (Thompson Sampling),-0.13618022004164815
2024-01-19,Bandit Meta-Strategy (Thompson Sampling),-0.13054131876784567
2024-01-22,Bandit Meta-Strategy (Thompson Sampling),-0.12974666175169608
2024-01-23,Bandit Meta-Strategy (Thompson Sampling),-0.12692583258441612
2024-01-24,Bandit Meta-Strategy (Thompson Sampling),-0.12549391545395114
2024-01-25,Bandit Meta-Strategy (Thompson Sampling),-0.11913095265724691
2024-01-26,Bandit Meta-Strategy (Thompson Sampling),-0.11702284135991692
2024-01-29,Bandit Meta-Strategy (Thompson Sampling),-0.11088754448376875
2024-01-30,Bandit Meta-Strategy (Thompson Sampling),-0.1079606692175153
2024-01-31,Bandit Meta-Strategy (Thompson Sampling),-0.10834826264770465
2024-02-01,Bandit Meta-Strategy (Thompson Sampling),-0.09909526214165865
2024-02-02,Bandit Meta-Strategy (Thompson Sampling),-0.09045485135059893
2024-02-05,Bandit Meta-Strategy (Thompson Sampling),-0.09622546622730326
2024-02-06,Bandit Meta-Strategy (Thompson Sampling),-0.08982001230603559
2024-02-07,Bandit Meta-Strategy (Thompson Sampling),-0.08398375845405681
2024-02-08,Bandit Meta-Strategy (Thompson Sampling),-0.08161786739442911
2024-02-09,Bandit Meta-Strategy (Thompson Sampling),-0.07890164675252097
2024-02-12,Bandit Meta-Strategy (Thompson Sampling),-0.07956358463663994
2024-02-13,Bandit Meta-Strategy (Thompson Sampling),-0.09067890900419023
2024-02-14,Bandit Meta-Strategy (Thompson Sampling),-0.08433025957480232
2024-02-15,Bandit Meta-Strategy (Thompson Sampling),-0.07311423596036379
2024-02-16,Bandit Meta-Strategy (Thompson Sampling),-0.07661695069132743
2024-02-20,Bandit Meta-Strategy (Thompson Sampling),-0.07908985592848602
2024-02-21,Bandit Meta-Strategy (Thompson Sampling),-0.07692931107233063
2024-02-22,Bandit Meta-Strategy (Thompson Sampling),-0.061615298847830666
2024-02-23,Bandit Meta-Strategy (Thompson Sampling),-0.06268643340897309
2024-02-26,Bandit Meta-Strategy (Thompson Sampling),-0.11102825083397451
2024-02-27,Bandit Meta-Strategy (Thompson Sampling),-0.10948055777759878
2024-02-28,Bandit Meta-Strategy (Thompson Sampling),-0.10831166724910928
2024-02-29,Bandit Meta-Strategy (Thompson Sampling),-0.10898266090448414
2024-03-01,Bandit Meta-Strategy (Thompson Sampling),-0.1065577303364458
2024-03-04,Bandit Meta-Strategy (Thompson Sampling),-0.11091961909946607
2024-03-05,Bandit Meta-Strategy (Thompson Sampling),-0.11278220210353383
2024-03-06,Bandit Meta-Strategy (Thompson Sampling),-0.10971728837189992
2024-03-07,Bandit Meta-Strategy (Thompson Sampling),-0.10868885888907394
2024-03-08,Bandit Meta-Strategy (Thompson Sampling),-0.10909291990988376
2024-03-11,Bandit Meta-Strategy (Thompson Sampling),-0.10453244198260277
2024-03-12,Bandit Meta-Strategy (Thompson Sampling),-0.09573142769184932
2024-03-13,Bandit Meta-Strategy (Thompson Sampling),-0.0948824119515538
2024-03-14,Bandit Meta-Strategy (Thompson Sampling),-0.10062140186320045
2024-03-15,Bandit Meta-Strategy (Thompson Sampling),-0.10552184267876337
2024-03-18,Bandit Meta-Strategy (Thompson Sampling),-0.09995946525813765
2024-03-19,Bandit Meta-Strategy (Thompson Sampling),-0.0972269095006123
2024-03-20,Bandit Meta-Strategy (Thompson Sampling),-0.09047731622660252
2024-03-21,Bandit Meta-Strategy (Thompson Sampling),-0.08882888828789519
2024-03-22,Bandit Meta-Strategy (Thompson Sampling),-0.09367298289758151
2024-03-25,Bandit Meta-Strategy (Thompson Sampling),-0.09583810219401726
2024-03-26,Bandit Meta-Strategy (Thompson Sampling),-0.09562043608065025
2024-03-27,Bandit Meta-Strategy (Thompson Sampling),-0.08948006078213606
2024-03-28,Bandit Meta-Strategy (Thompson Sampling),-0.09008234476791908
2024-04-01,Bandit Meta-Strategy (Thompson Sampling),-0.09254081280331662
2024-04-02,Bandit Meta-Strategy (Thompson Sampling),-0.09708579170733843
2024-04-03,Bandit Meta-Strategy (Thompson Sampling),-0.10041093254865814
2024-04-04,Bandit Meta-Strategy (Thompson Sampling),-0.10850383940694738
2024-04-05,Bandit Meta-Strategy (Thompson Sampling),-0.10110455624326287
2024-04-08,Bandit Meta-Strategy (Thompson Sampling),-0.10068960906494191
2024-04-09,Bandit Meta-Strategy (Thompson Sampling),-0.0994816257924209
2024-04-10,Bandit Meta-Strategy (Thompson Sampling),-0.1051790357889404
2024-04-11,Bandit Meta-Strategy (Thompson Sampling),-0.10014464783231633
2024-04-12,Bandit Meta-Strategy (Thompson Sampling),-0.11269212970653625
2024-04-15,Bandit Meta-Strategy (Thompson Sampling),-0.1239328728790846
2024-04-16,Bandit Meta-Strategy (Thompson Sampling),-0.12845374413076013
2024-04-17,Bandit Meta-Strategy (Thompson Sampling),-0.13210109700047468
2024-04-18,Bandit Meta-Strategy (Thompson Sampling),-0.13379078911850492
2024-04-19,Bandit Meta-Strategy (Thompson Sampling),-0.14028505820897352
2024-04-22,Bandit Meta-Strategy (Thompson Sampling),-0.13388639378585276
2024-04-23,Bandit Meta-Strategy (Thompson Sampling),-0.1247002865584466
2024-04-24,Bandit Meta-Strategy (Thompson Sampling),-0.12086085211976125
2024-04-25,Bandit Meta-Strategy (Thompson Sampling),-0.12597451770744317
2024-04-26,Bandit Meta-Strategy (Thompson Sampling),-0.12147652928217041
2024-04-29,Bandit Meta-Strategy (Thompson Sampling),-0.11333647374173295
2024-04-30,Bandit Meta-Strategy (Thompson Sampling),-0.12629557642272013
2024-05-01,Bandit Meta-Strategy (Thompson Sampling),-0.12202427288976575
2024-05-02,Bandit Meta-Strategy (Thompson Sampling),-0.11452765542939362
2024-05-03,Bandit Meta-Strategy (Thompson Sampling),-0.10558236657317581
2024-05-06,Bandit Meta-Strategy (Thompson Sampling),-0.09626388812379146
2024-05-07,Bandit Meta-Strategy (Thompson Sampling),-0.09927739140286079
2024-05-08,Bandit Meta-Strategy (Thompson Sampling),-0.09810205599526346
2024-05-09,Bandit Meta-Strategy (Thompson Sampling),-0.09488049831252189
2024-05-10,Bandit Meta-Strategy (Thompson Sampling),-0.09509022231794072
2024-05-13,Bandit Meta-Strategy (Thompson Sampling),-0.09297017127316524
2024-05-14,Bandit Meta-Strategy (Thompson Sampling),-0.09086246886415221
2024-05-15,Bandit Meta-Strategy (Thompson Sampling),-0.08446811351952069
2024-05-16,Bandit Meta-Strategy (Thompson Sampling),-0.081155746921159
2024-05-17,Bandit Meta-Strategy (Thompson Sampling),-0.07916421869529044
2024-05-20,Bandit Meta-Strategy (Thompson Sampling),-0.0842638712080801
2024-05-21,Bandit Meta-Strategy (Thompson Sampling),-0.07750745126687959
2024-05-22,Bandit Meta-Strategy (Thompson Sampling),-0.07893276911646165
2024-05-23,Bandit Meta-Strategy (Thompson Sampling),-0.08804176733644704
2024-05-24,Bandit Meta-Strategy (Thompson Sampling),-0.08156638098153313
2024-05-28,Bandit Meta-Strategy (Thompson Sampling),-0.08229230810206892
2024-05-29,Bandit Meta-Strategy (Thompson Sampling),-0.08624459533185948
2024-05-30,Bandit Meta-Strategy (Thompson Sampling),-0.08763155128686392
2024-05-31,Bandit Meta-Strategy (Thompson Sampling),-0.08831573412855863
2024-06-03,Bandit Meta-Strategy (Thompson Sampling),-0.08851531564426525
2024-06-04,Bandit Meta-Strategy (Thompson Sampling),-0.08251287707584581
2024-06-05,Bandit Meta-Strategy (Thompson Sampling),-0.0783025264441888
2024-06-06,Bandit Meta-Strategy (Thompson Sampling),-0.07415593185699754
2024-06-07,Bandit Meta-Strategy (Thompson Sampling),-0.07639528551852055
2024-06-10,Bandit Meta-Strategy (Thompson Sampling),-0.11238258125302991
2024-06-11,Bandit Meta-Strategy (Thompson Sampling),-0.11260608607252313
2024-06-12,Bandit Meta-Strategy (Thompson Sampling),-0.11880395987627818
2024-06-13,Bandit Meta-Strategy (Thompson Sampling),-0.11613715126087946
2024-06-14,Bandit Meta-Strategy (Thompson Sampling),-0.11749087697736416
2024-06-17,Bandit Meta-Strategy (Thompson Sampling),-0.11309507920391336
2024-06-18,Bandit Meta-Strategy (Thompson Sampling),-0.110244155735045
2024-06-20,Bandit Meta-Strategy (Thompson Sampling),-0.10839656627777743
2024-06-21,Bandit Meta-Strategy (Thompson Sampling),-0.10638544044011693
2024-06-24,Bandit Meta-Strategy (Thompson Sampling),-0.10097501897029061
2024-06-25,Bandit Meta-Strategy (Thompson Sampling),-0.10419758771851295
2024-06-26,Bandit Meta-Strategy (Thompson Sampling),-0.10167756772312726
2024-06-27,Bandit Meta-Strategy (Thompson Sampling),-0.10712240350595949
2024-06-28,Bandit Meta-Strategy (Thompson Sampling),-0.11365120696753013
2024-07-01,Bandit Meta-Strategy (Thompson Sampling),-0.11415159288433356
2024-07-02,Bandit Meta-Strategy (Thompson Sampling),-0.1047464557130191
2024-07-03,Bandit Meta-Strategy (Thompson Sampling),-0.10034676063760638
2024-07-05,Bandit Meta-Strategy (Thompson Sampling),-0.09243653223776581
2024-07-08,Bandit Meta-Strategy (Thompson Sampling),-0.09720747120721944
2024-07-09,Bandit Meta-Strategy (Thompson Sampling),-0.0977025846817319
2024-07-10,Bandit Meta-Strategy (Thompson Sampling),-0.09673789429659314
2024-07-11,Bandit Meta-Strategy (Thompson Sampling),-0.10336782311190462
2024-07-12,Bandit Meta-Strategy (Thompson Sampling),-0.09809738476493234
2024-07-15,Bandit Meta-Strategy (Thompson Sampling),-0.09598602978605088
2024-07-16,Bandit Meta-Strategy (Thompson Sampling),-0.08887586059326084
2024-07-17,Bandit Meta-Strategy (Thompson Sampling),-0.08208475382208971
2024-07-18,Bandit Meta-Strategy (Thompson Sampling),-0.08717544660891627
2024-07-19,Bandit Meta-Strategy (Thompson Sampling),-0.09370071337895941
2024-07-22,Bandit Meta-Strategy (Thompson Sampling),-0.09013293952037682
2024-07-23,Bandit Meta-Strategy (Thompson Sampling),-0.09665644433304198
2024-07-24,Bandit Meta-Strategy (Thompson Sampling),-0.10876144174407519
2024-07-25,Bandit Meta-Strategy (Thompson Sampling),-0.10939304598106293
2024-07-26,Bandit Meta-Strategy (Thompson Sampling),-0.09792180211904664
2024-07-29,Bandit Meta-Strategy (Thompson Sampling),-0.09457251988748995
2024-07-30,Bandit Meta-Strategy (Thompson Sampling),-0.09692898516949043
2024-07-31,Bandit Meta-Strategy (Thompson Sampling),-0.0977012129669614
2024-08-01,Bandit Meta-Strategy (Thompson Sampling),-0.10041656602449378
2024-08-02,Bandit Meta-Strategy (Thompson Sampling),-0.1138287100589489
2024-08-05,Bandit Meta-Strategy (Thompson Sampling),-0.13922259426308953
2024-08-06,Bandit Meta-Strategy (Thompson Sampling),-0.1309154363390808
2024-08-07,Bandit Meta-Strategy (Thompson Sampling),-0.13640617183384193
2024-08-08,Bandit Meta-Strategy (Thompson Sampling),-0.1206795656196266
2024-08-09,Bandit Meta-Strategy (Thompson Sampling),-0.11678906596087198
2024-08-12,Bandit Meta-Strategy (Thompson Sampling),-0.11772681875497666
2024-08-13,Bandit Meta-Strategy (Thompson Sampling),-0.10707589494313971
2024-08-14,Bandit Meta-Strategy (Thompson Sampling),-0.10296224103621537
2024-08-15,Bandit Meta-Strategy (Thompson Sampling),-0.08732130135863594
2024-08-16,Bandit Meta-Strategy (Thompson Sampling),-0.0848751962759401
2024-08-19,Bandit Meta-Strategy (Thompson Sampling),-0.07623683282012528
2024-08-20,Bandit Meta-Strategy (Thompson Sampling),-0.0764411993056006
2024-08-21,Bandit Meta-Strategy (Thompson Sampling),-0.07344010587522579
2024-08-22,Bandit Meta-Strategy (Thompson Sampling),-0.08090767763884833
2024-08-23,Bandit Meta-Strategy (Thompson Sampling),-0.07450929018878216
2024-08-26,Bandit Meta-Strategy (Thompson Sampling),-0.07405237059517417
2024-08-27,Bandit Meta-Strategy (Thompson Sampling),-0.07457417936818264
2024-08-28,Bandit Meta-Strategy (Thompson Sampling),-0.08089670086730098
2024-08-29,Bandit Meta-Strategy (Thompson Sampling),-0.07873135040137057
2024-08-30,Bandit Meta-Strategy (Thompson Sampling),-0.06887309547309736
2024-09-03,Bandit Meta-Strategy (Thompson Sampling),-0.08291343862170959
2024-09-04,Bandit Meta-Strategy (Thompson Sampling),-0.08322563830045174
2024-09-05,Bandit Meta-Strategy (Thompson Sampling),-0.08300286448540084
2024-09-06,Bandit Meta-Strategy (Thompson Sampling),-0.09851780067017955
2024-09-09,Bandit Meta-Strategy (Thompson Sampling),-0.08626059239906432
2024-09-10,Bandit Meta-Strategy (Thompson Sampling),-0.08365516413221893
2024-09-11,Bandit Meta-Strategy (Thompson Sampling),-0.07777917928785555
2024-09-12,Bandit Meta-Strategy (Thompson Sampling),-0.07035272213743493
2024-09-13,Bandit Meta-Strategy (Thompson Sampling),-0.06591833777791767
2024-09-16,Bandit Meta-Strategy (Thompson Sampling),-0.06108086447704578
2024-09-17,Bandit Meta-Strategy (Thompson Sampling),-0.05873354766691885
2024-09-18,Bandit Meta-Strategy (Thompson Sampling),-0.06318464623671581
2024-09-19,Bandit Meta-Strategy (Thompson Sampling),-0.05341367511291405
2024-09-20,Bandit Meta-Strategy (Thompson Sampling),-0.05270650970541433
2024-09-23,Bandit Meta-Strategy (Thompson Sampling),-0.048726639242751155
2024-09-24,Bandit Meta-Strategy (Thompson Sampling),-0.049287612097638184
2024-09-25,Bandit Meta-Strategy (Thompson Sampling),-0.05025140526888062
2024-09-26,Bandit Meta-Strategy (Thompson Sampling),-0.05104909484819031
2024-09-27,Bandit Meta-Strategy (Thompson Sampling),-0.04978193636454087
2024-09-30,Bandit Meta-Strategy (Thompson Sampling),-0.04611773502579352
2024-10-01,Bandit Meta-Strategy (Thompson Sampling),-0.05101569253993456
2024-10-02,Bandit Meta-Strategy (Thompson Sampling),-0.05317423818560874
2024-10-03,Bandit Meta-Strategy (Thompson Sampling),-0.05455050825665801
2024-10-04,Bandit Meta-Strategy (Thompson Sampling),-0.04438745059642473
2024-10-07,Bandit Meta-Strategy (Thompson Sampling),-0.057684579675254796
2024-10-08,Bandit Meta-Strategy (Thompson Sampling),-0.04891814678565979
2024-10-09,Bandit Meta-Strategy (Thompson Sampling),-0.04384956096683731
2024-10-10,Bandit Meta-Strategy (Thompson Sampling),-0.04535154444489173
2024-10-11,Bandit Meta-Strategy (Thompson Sampling),-0.040780904409400645
2024-10-14,Bandit Meta-Strategy (Thompson Sampling),-0.03606715300154678
2024-10-15,Bandit Meta-Strategy (Thompson Sampling),-0.03929990120681927
2024-10-16,Bandit Meta-Strategy (Thompson Sampling),-0.03511543401836404
2024-10-17,Bandit Meta-Strategy (Thompson Sampling),-0.036896474420761445
2024-10-18,Bandit Meta-Strategy (Thompson Sampling),-0.026697032564054677
2024-10-21,Bandit Meta-Strategy (Thompson Sampling),-0.028307807939817575
2024-10-22,Bandit Meta-Strategy (Thompson Sampling),-0.02584065869270775
2024-10-23,Bandit Meta-Strategy (Thompson Sampling),-0.03539951654977761
2024-10-24,Bandit Meta-Strategy (Thompson Sampling),-0.029879709625856364
2024-10-25,Bandit Meta-Strategy (Thompson Sampling),-0.030231838562950916
2024-10-28,Bandit Meta-Strategy (Thompson Sampling),-0.02743727297564789
2024-10-29,Bandit Meta-Strategy (Thompson Sampling),-0.027790707388994987
2024-10-30,Bandit Meta-Strategy (Thompson Sampling),-0.026970092962297677
2024-10-31,Bandit Meta-Strategy (Thompson Sampling),-0.02787928257895481
2024-11-01,Bandit Meta-Strategy (Thompson Sampling),-0.02592427182513107
2024-11-04,Bandit Meta-Strategy (Thompson Sampling),-0.027988264247188383
2024-11-05,Bandit Meta-Strategy (Thompson Sampling),-0.02194475591812707
2024-11-06,Bandit Meta-Strategy (Thompson Sampling),-0.017487194455265587
2024-11-07,Bandit Meta-Strategy (Thompson Sampling),-0.012865208648473065
2024-11-08,Bandit Meta-Strategy (Thompson Sampling),-0.006098994538304392
2024-11-11,Bandit Meta-Strategy (Thompson Sampling),-0.006698829189773204
2024-11-12,Bandit Meta-Strategy (Thompson Sampling),-0.009572348397244055
2024-11-13,Bandit Meta-Strategy (Thompson Sampling),-0.008133655020880218
2024-11-14,Bandit Meta-Strategy (Thompson Sampling),-0.010601177544643224
2024-11-15,Bandit Meta-Strategy (Thompson Sampling),-0.009932249045413006
2024-11-18,Bandit Meta-Strategy (Thompson Sampling),-0.0055800621914538304
2024-11-19,Bandit Meta-Strategy (Thompson Sampling),-0.0032025254981400443
2024-11-20,Bandit Meta-Strategy (Thompson Sampling),-0.003675511584314865
2024-11-21,Bandit Meta-Strategy (Thompson Sampling),0.0
2024-11-22,Bandit Meta-Strategy (Thompson Sampling),0.0
2024-11-25,Bandit Meta-Strategy (Thompson Sampling),0.0
2024-11-26,Bandit Meta-Strategy (Thompson Sampling),0.0
2024-11-27,Bandit Meta-Strategy (Thompson Sampling),0.0
2024-11-29,Bandit Meta-Strategy (Thompson Sampling),-0.0006784221360960452
2024-12-02,Bandit Meta-Strategy (Thompson Sampling),0.0
2024-12-03,Bandit Meta-Strategy (Thompson Sampling),-0.0017010686976997153
2024-12-04,Bandit Meta-Strategy (Thompson Sampling),-0.003418118234748073
2024-12-05,Bandit Meta-Strategy (Thompson Sampling),0.0
2024-12-06,Bandit Meta-Strategy (Thompson Sampling),0.0
2024-12-09,Bandit Meta-Strategy (Thompson Sampling),-0.005894115242778322
2024-12-10,Bandit Meta-Strategy (Thompson Sampling),-0.0031499038998522217
2024-12-11,Bandit Meta-Strategy (Thompson Sampling),0.0
2024-12-12,Bandit Meta-Strategy (Thompson Sampling),-0.002751697574023681
2024-12-13,Bandit Meta-Strategy (Thompson Sampling),-0.0066666894744163525
2024-12-16,Bandit Meta-Strategy (Thompson Sampling),-0.006206466085176409
2024-12-17,Bandit Meta-Strategy (Thompson Sampling),-0.0011349889535970227
2024-12-18,Bandit Meta-Strategy (Thompson Sampling),-0.026089683610576432
2024-12-19,Bandit Meta-Strategy (Thompson Sampling),-0.02641687056881123
2024-12-20,Bandit Meta-Strategy (Thompson Sampling),-0.020397508622427254
2024-12-23,Bandit Meta-Strategy (Thompson Sampling),-0.013580664719181254
2024-12-24,Bandit Meta-Strategy (Thompson Sampling),-0.0027103455153389532
2024-12-26,Bandit Meta-Strategy (Thompson Sampling),-0.004885079027196517
2024-12-27,Bandit Meta-Strategy (Thompson Sampling),-0.014026898915766703
2024-12-30,Bandit Meta-Strategy (Thompson Sampling),-0.024112068155092946
2024-12-31,Bandit Meta-Strategy (Thompson Sampling),-0.02611250758112003
2025-01-02,Bandit Meta-Strategy (Thompson Sampling),-0.02824609183260996
2025-01-03,Bandit Meta-Strategy (Thompson Sampling),-0.019895094976540427
2025-01-06,Bandit Meta-Strategy (Thompson Sampling),-0.01575306502782331
2025-01-07,Bandit Meta-Strategy (Thompson Sampling),-0.021589123064961295
2025-01-08,Bandit Meta-Strategy (Thompson Sampling),-0.02472835530325485
2025-01-10,Bandit Meta-Strategy (Thompson Sampling),-0.035457686726243026
2025-01-13,Bandit Meta-Strategy (Thompson Sampling),-0.033151260511905804
2025-01-14,Bandit Meta-Strategy (Thompson Sampling),-0.035201207550970254
2025-01-15,Bandit Meta-Strategy (Thompson Sampling),-0.01738968878718166
2025-01-16,Bandit Meta-Strategy (Thompson Sampling),-0.019837835432752485
2025-01-17,Bandit Meta-Strategy (Thompson Sampling),-0.011771554236445981
2025-01-21,Bandit Meta-Strategy (Thompson Sampling),-0.005733661697687807
2025-01-22,Bandit Meta-Strategy (Thompson Sampling),-0.002675876106630652
2025-01-23,Bandit Meta-Strategy (Thompson Sampling),0.0
2025-01-24,Bandit Meta-Strategy (Thompson Sampling),-0.0028439346736697886
2025-01-27,Bandit Meta-Strategy (Thompson Sampling),0.0
2025-01-28,Bandit Meta-Strategy (Thompson Sampling),0.0
2025-01-29,Bandit Meta-Strategy (Thompson Sampling),-0.001950706145218789
2025-01-30,Bandit Meta-Strategy (Thompson Sampling),0.0
2025-01-31,Bandit Meta-Strategy (Thompson Sampling),-0.006325697481943782
2025-02-03,Bandit Meta-Strategy (Thompson Sampling),-0.00956371200243666
2025-02-04,Bandit Meta-Strategy (Thompson Sampling),-0.0023585563737348395
2025-02-05,Bandit Meta-Strategy (Thompson Sampling),-0.001151766738680284
2025-02-06,Bandit Meta-Strategy (Thompson Sampling),0.0
2025-02-07,Bandit Meta-Strategy (Thompson Sampling),-0.00723371823715934
2025-02-10,Bandit Meta-Strategy (Thompson Sampling),-0.0014540422612650471
2025-02-11,Bandit Meta-Strategy (Thompson Sampling),0.0
2025-02-12,Bandit Meta-Strategy (Thompson Sampling),-0.0020057406384129286
2025-02-13,Bandit Meta-Strategy (Thompson Sampling),0.0
2025-02-14,Bandit Meta-Strategy (Thompson Sampling),-0.0029469208340480897
2025-02-18,Bandit Meta-Strategy (Thompson Sampling),-0.004479297298959829
2025-02-19,Bandit Meta-Strategy (Thompson Sampling),-0.0006092610046397182
2025-02-20,Bandit Meta-Strategy (Thompson Sampling),-0.0057085894589507065
2025-02-21,Bandit Meta-Strategy (Thompson Sampling),-0.013064883530197517
2025-02-24,Bandit Meta-Strategy (Thompson Sampling),-0.017710887701224313
2025-02-25,Bandit Meta-Strategy (Thompson Sampling),-0.020573436442225423
2025-02-26,Bandit Meta-Strategy (Thompson Sampling),-0.023632759515699143
2025-02-27,Bandit Meta-Strategy (Thompson Sampling),-0.03367276563813104
2025-02-28,Bandit Meta-Strategy (Thompson Sampling),-0.018221357637811016
2025-03-03,Bandit Meta-Strategy (Thompson Sampling),-0.02991026134734184
2025-03-04,Bandit Meta-Strategy (Thompson Sampling),-0.04521596109992198
2025-03-05,Bandit Meta-Strategy (Thompson Sampling),-0.038404418805520285
2025-03-06,Bandit Meta-Strategy (Thompson Sampling),-0.05153063835270902
2025-03-07,Bandit Meta-Strategy (Thompson Sampling),-0.04869657547056417
2025-03-10,Bandit Meta-Strategy (Thompson Sampling),-0.0677570636543163
2025-03-11,Bandit Meta-Strategy (Thompson Sampling),-0.07615844918108769
2025-03-12,Bandit Meta-Strategy (Thompson Sampling),-0.07527464686577436
2025-03-13,Bandit Meta-Strategy (Thompson Sampling),-0.08821917038425567
2025-03-14,Bandit Meta-Strategy (Thompson Sampling),-0.07396904464479115
2025-03-17,Bandit Meta-Strategy (Thompson Sampling),-0.06965643356153879
2025-03-18,Bandit Meta-Strategy (Thompson Sampling),-0.07897943627961171
2025-03-19,Bandit Meta-Strategy (Thompson Sampling),-0.07081306101941966
2025-03-20,Bandit Meta-Strategy (Thompson Sampling),-0.07084766514819314
2025-03-21,Bandit Meta-Strategy (Thompson Sampling),-0.06858242495193449
2025-03-24,Bandit Meta-Strategy (Thompson Sampling),-0.05489303302142447
2025-03-25,Bandit Meta-Strategy (Thompson Sampling),-0.054314030623524696
2025-03-26,Bandit Meta-Strategy (Thompson Sampling),-0.0605687527349068
2025-03-27,Bandit Meta-Strategy (Thompson Sampling),-0.0599736547060064
2025-03-28,Bandit Meta-Strategy (Thompson Sampling),-0.0766063427637181
2025-03-31,Bandit Meta-Strategy (Thompson Sampling),-0.0770455560324468
2025-04-01,Bandit Meta-Strategy (Thompson Sampling),-0.08078550770954167
2025-04-02,Bandit Meta-Strategy (Thompson Sampling),-0.07563897572275918
2025-04-03,Bandit Meta-Strategy (Thompson Sampling),-0.10417450382466469
2025-04-04,Bandit Meta-Strategy (Thompson Sampling),-0.15533823002712033
2025-04-07,Bandit Meta-Strategy (Thompson Sampling),-0.15905964843763995
2025-04-08,Bandit Meta-Strategy (Thompson Sampling),-0.17187462920349536
2025-04-09,Bandit Meta-Strategy (Thompson Sampling),-0.10299658789597588
2025-04-10,Bandit Meta-Strategy (Thompson Sampling),-0.13019517227047533
2025-04-11,Bandit Meta-Strategy (Thompson Sampling),-0.11472118543040051
2025-04-14,Bandit Meta-Strategy (Thompson Sampling),-0.10803963717967846
2025-04-15,Bandit Meta-Strategy (Thompson Sampling),-0.1068909744208393
2025-04-16,Bandit Meta-Strategy (Thompson Sampling),-0.12608294558153196
2025-04-17,Bandit Meta-Strategy (Thompson Sampling),-0.11852984739590848
2025-04-21,Bandit Meta-Strategy (Thompson Sampling),-0.1349272479470461
2025-04-22,Bandit Meta-Strategy (Thompson Sampling),-0.11362300212018281
2025-04-23,Bandit Meta-Strategy (Thompson Sampling),-0.1059919397478244
2025-04-24,Bandit Meta-Strategy (Thompson Sampling),-0.09440230938152236
2025-04-25,Bandit Meta-Strategy (Thompson Sampling),-0.0831455643946243
2025-04-28,Bandit Meta-Strategy (Thompson Sampling),-0.08351384103619419
2025-04-29,Bandit Meta-Strategy (Thompson Sampling),-0.0768182087570226
2025-04-30,Bandit Meta-Strategy (Thompson Sampling),-0.07816142464179682
2025-05-01,Bandit Meta-Strategy (Thompson Sampling),-0.07528211955411149
2025-05-02,Bandit Meta-Strategy (Thompson Sampling),-0.06161655732188446
2025-05-05,Bandit Meta-Strategy (Thompson Sampling),-0.06927564527471926
2025-05-06,Bandit Meta-Strategy (Thompson Sampling),-0.07371816814960203
2025-05-07,Bandit Meta-Strategy (Thompson Sampling),-0.06688443610333442
2025-05-08,Bandit Meta-Strategy (Thompson Sampling),-0.06396511746845343
2025-05-09,Bandit Meta-Strategy (Thompson Sampling),-0.06537888092834133
2025-05-12,Bandit Meta-Strategy (Thompson Sampling),-0.04260631564533474
2025-05-13,Bandit Meta-Strategy (Thompson Sampling),-0.035827085137482645
2025-05-14,Bandit Meta-Strategy (Thompson Sampling),-0.02775423386534548
2025-05-15,Bandit Meta-Strategy (Thompson Sampling),-0.02125932868955783
2025-05-16,Bandit Meta-Strategy (Thompson Sampling),-0.013673763652593469
2025-05-19,Bandit Meta-Strategy (Thompson Sampling),-0.014457318417349208
2025-05-20,Bandit Meta-Strategy (Thompson Sampling),-0.016478179447722684
2025-05-21,Bandit Meta-Strategy (Thompson Sampling),-0.02545516897953739
2025-05-22,Bandit Meta-Strategy (Thompson Sampling),-0.02457219622352258
2025-05-23,Bandit Meta-Strategy (Thompson Sampling),-0.02805701203859457
2025-05-27,Bandit Meta-Strategy (Thompson Sampling),-0.008499120564311548
2025-05-28,Bandit Meta-Strategy (Thompson Sampling),-0.014779597516087907
2025-05-29,Bandit Meta-Strategy (Thompson Sampling),-0.009071224099351466
2025-05-30,Bandit Meta-Strategy (Thompson Sampling),-0.009686000678403833
2025-06-02,Bandit Meta-Strategy (Thompson Sampling),-0.009637415176051425
2025-06-03,Bandit Meta-Strategy (Thompson Sampling),-0.0120606230399584
2025-06-04,Bandit Meta-Strategy (Thompson Sampling),-0.013441986191747881
2025-06-05,Bandit Meta-Strategy (Thompson Sampling),-0.0207181406704316
2025-06-06,Bandit Meta-Strategy (Thompson Sampling),-0.010702827632639514
2025-06-09,Bandit Meta-Strategy (Thompson Sampling),-0.007599029448359137
2025-06-10,Bandit Meta-Strategy (Thompson Sampling),0.0
2025-06-11,Bandit Meta-Strategy (Thompson Sampling),-0.002731033389802512
2025-06-12,Bandit Meta-Strategy (Thompson Sampling),0.0
2025-06-13,Bandit Meta-Strategy (Thompson Sampling),-0.007632467213648363
2025-06-16,Bandit Meta-Strategy (Thompson Sampling),-0.006668354459971092
2025-06-17,Bandit Meta-Strategy (Thompson Sampling),-0.01576125986921633
2025-06-18,Bandit Meta-Strategy (Thompson Sampling),-0.020998069395736882
2025-06-20,Bandit Meta-Strategy (Thompson Sampling),-0.023562701036001256
2025-06-23,Bandit Meta-Strategy (Thompson Sampling),-0.014275403414658886
2025-06-24,Bandit Meta-Strategy (Thompson Sampling),-0.010420181192155997
2025-06-25,Bandit Meta-Strategy (Thompson Sampling),-0.010922435059159971
2025-06-26,Bandit Meta-Strategy (Thompson Sampling),-0.0067703565347772545
2025-06-27,Bandit Meta-Strategy (Thompson Sampling),0.0
2025-06-30,Bandit Meta-Strategy (Thompson Sampling),-0.0005221466909137606
2025-07-01,Bandit Meta-Strategy (Thompson Sampling),0.0
2025-07-02,Bandit Meta-Strategy (Thompson Sampling),0.0
2025-07-03,Bandit Meta-Strategy (Thompson Sampling),0.0
2025-07-07,Bandit Meta-Strategy (Thompson Sampling),-0.010309035912246209
2025-07-08,Bandit Meta-Strategy (Thompson Sampling),-0.013990228482713495
2025-07-09,Bandit Meta-Strategy (Thompson Sampling),-0.011915394462034245
2025-07-10,Bandit Meta-Strategy (Thompson Sampling),-0.006806451226557627
2025-07-11,Bandit Meta-Strategy (Thompson Sampling),-0.009291152733521399
2025-07-14,Bandit Meta-Strategy (Thompson Sampling),-0.0104223487886783
2025-07-15,Bandit Meta-Strategy (Thompson Sampling),-0.01702310984958037
2025-07-16,Bandit Meta-Strategy (Thompson Sampling),-0.006980169761878738
2025-07-17,Bandit Meta-Strategy (Thompson Sampling),-0.003364457849594579
2025-07-18,Bandit Meta-Strategy (Thompson Sampling),-0.005062838817689314
2025-07-21,Bandit Meta-Strategy (Thompson Sampling),-0.0001361550505901081
2025-07-22,Bandit Meta-Strategy (Thompson Sampling),0.0
2025-07-23,Bandit Meta-Strategy (Thompson Sampling),0.0
2025-07-24,Bandit Meta-Strategy (Thompson Sampling),-0.00297384776672302
2025-07-25,Bandit Meta-Strategy (Thompson Sampling),-0.0009437443852807776
2025-07-28,Bandit Meta-Strategy (Thompson Sampling),-0.0023402273390304984
2025-07-29,Bandit Meta-Strategy (Thompson Sampling),-0.000684637621204654
2025-07-30,Bandit Meta-Strategy (Thompson Sampling),-0.00677235070646367
2025-07-31,Bandit Meta-Strategy (Thompson Sampling),-0.007376369960077489
2025-08-01,Bandit Meta-Strategy (Thompson Sampling),-0.004831647484927716
2025-08-04,Bandit Meta-Strategy (Thompson Sampling),0.0
2025-08-05,Bandit Meta-Strategy (Thompson Sampling),0.0
2025-08-06,Bandit Meta-Strategy (Thompson Sampling),0.0
2025-08-07,Bandit Meta-Strategy (Thompson Sampling),0.0
2025-08-08,Bandit Meta-Strategy (Thompson Sampling),0.0
2025-08-11,Bandit Meta-Strategy (Thompson Sampling),0.0
2025-08-12,Bandit Meta-Strategy (Thompson Sampling),0.0
2025-08-13,Bandit Meta-Strategy (Thompson Sampling),0.0
2025-08-14,Bandit Meta-Strategy (Thompson Sampling),-0.005038777674088126
2025-08-15,Bandit Meta-Strategy (Thompson Sampling),-0.003585569911841906
2025-08-18,Bandit Meta-Strategy (Thompson Sampling),-0.005078841375885585
2025-08-19,Bandit Meta-Strategy (Thompson Sampling),0.0
2025-08-20,Bandit Meta-Strategy (Thompson Sampling),0.0
2025-08-21,Bandit Meta-Strategy (Thompson Sampling),-0.0044917650167815406
2025-08-22,Bandit Meta-Strategy (Thompson Sampling),0.0
2025-08-25,Bandit Meta-Strategy (Thompson Sampling),-0.00734870981403133
2025-08-26,Bandit Meta-Strategy (Thompson Sampling),-0.009173777343991517
2025-08-27,Bandit Meta-Strategy (Thompson Sampling),-0.006943883114118436
2025-08-28,Bandit Meta-Strategy (Thompson Sampling),-0.010858127416945102
2025-08-29,Bandit Meta-Strategy (Thompson Sampling),-0.008924906215601613
2025-09-02,Bandit Meta-Strategy (Thompson Sampling),-0.008461478834558335
2025-09-03,Bandit Meta-Strategy (Thompson Sampling),-0.004127637958073704
2025-09-04,Bandit Meta-Strategy (Thompson Sampling),0.0
2025-09-05,Bandit Meta-Strategy (Thompson Sampling),0.0
2025-09-08,Bandit Meta-Strategy (Thompson Sampling),-0.002105637768251978
2025-09-09,Bandit Meta-Strategy (Thompson Sampling),-0.0011287230304429055
2025-09-10,Bandit Meta-Strategy (Thompson Sampling),-0.00612264083090837
2025-09-11,Bandit Meta-Strategy (Thompson Sampling),0.0
2025-09-12,Bandit Meta-Strategy (Thompson Sampling),-0.0006015589585009831
2025-09-15,Bandit Meta-Strategy (Thompson Sampling),0.0
2025-09-16,Bandit Meta-Strategy (Thompson Sampling),0.0
2025-09-17,Bandit Meta-Strategy (Thompson Sampling),0.0
2025-09-18,Bandit Meta-Strategy (Thompson Sampling),-0.008161869735917867
2025-09-19,Bandit Meta-Strategy (Thompson Sampling),-0.005792011138812314
2025-09-22,Bandit Meta-Strategy (Thompson Sampling),-0.009759740267156683
2025-09-23,Bandit Meta-Strategy (Thompson Sampling),-0.010229624956363068
2025-09-24,Bandit Meta-Strategy (Thompson Sampling),-0.010531739349214647
2025-09-25,Bandit Meta-Strategy (Thompson Sampling),-0.013887210600333086
2025-09-26,Bandit Meta-Strategy (Thompson Sampling),-0.008331018751149047
2025-09-29,Bandit Meta-Strategy (Thompson Sampling),-0.005388693225973574
2025-09-30,Bandit Meta-Strategy (Thompson Sampling),0.0
2025-10-01,Bandit Meta-Strategy (Thompson Sampling),0.0
2025-10-02,Bandit Meta-Strategy (Thompson Sampling),-0.006303835438666464
2025-10-03,Bandit Meta-Strategy (Thompson Sampling),-0.002148645843787591
2025-10-06,Bandit Meta-Strategy (Thompson Sampling),-0.005105636734696439
2025-10-07,Bandit Meta-Strategy (Thompson Sampling),-0.003822253131900448
2025-10-08,Bandit Meta-Strategy (Thompson Sampling),-0.006353745269508631
2025-10-09,Bandit Meta-Strategy (Thompson Sampling),-0.008027883068930635
2025-10-10,Bandit Meta-Strategy (Thompson Sampling),-0.017561777991046006
2025-10-13,Bandit Meta-Strategy (Thompson Sampling),-0.01280697026498469
2025-10-14,Bandit Meta-Strategy (Thompson Sampling),-0.007076573864956654
2025-10-15,Bandit Meta-Strategy (Thompson Sampling),-0.007196478619558082
2025-10-16,Bandit Meta-Strategy (Thompson Sampling),-0.007164362475662525
2025-10-17,Bandit Meta-Strategy (Thompson Sampling),0.0
2025-10-20,Bandit Meta-Strategy (Thompson Sampling),0.0
2025-10-21,Bandit Meta-Strategy (Thompson Sampling),0.0
2025-10-22,Bandit Meta-Strategy (Thompson Sampling),-0.004106634546795399
2025-10-23,Bandit Meta-Strategy (Thompson Sampling),-0.005800795541354145
2025-10-24,Bandit Meta-Strategy (Thompson Sampling),-0.007402849692075307
2025-10-27,Bandit Meta-Strategy (Thompson Sampling),-0.0026246186272287845
2025-10-28,Bandit Meta-Strategy (Thompson Sampling),-0.0037952957748808975
2025-10-29,Bandit Meta-Strategy (Thompson Sampling),-0.012013946454535044
2025-10-30,Bandit Meta-Strategy (Thompson Sampling),-0.010880145979243016
2025-10-31,Bandit Meta-Strategy (Thompson Sampling),-0.011356063924513563
2025-11-03,Bandit Meta-Strategy (Thompson Sampling),-0.016940672909557877
2025-11-04,Bandit Meta-Strategy (Thompson Sampling),-0.021648212583849274
2025-11-05,Bandit Meta-Strategy (Thompson Sampling),-0.022427861938504722
2025-11-06,Bandit Meta-Strategy (Thompson Sampling),-0.024409643669979345
2025-11-07,Bandit Meta-Strategy (Thompson Sampling),-0.02104035880991783
2025-11-10,Bandit Meta-Strategy (Thompson Sampling),-0.009692173362247208
2025-11-11,Bandit Meta-Strategy (Thompson Sampling),0.0
2025-11-12,Bandit Meta-Strategy (Thompson Sampling),-0.001734793617887053
2025-11-13,Bandit Meta-Strategy (Thompson Sampling),-0.011185994494948549
2025-11-14,Bandit Meta-Strategy (Thompson Sampling),-0.013749939188327131
2025-11-17,Bandit Meta-Strategy (Thompson Sampling),-0.06814143463897696
2025-11-18,Bandit Meta-Strategy (Thompson Sampling),-0.07013476376040545
2025-11-19,Bandit Meta-Strategy (Thompson Sampling),-0.06644052432051649
2025-11-20,Bandit Meta-Strategy (Thompson Sampling),-0.06862255969199942
2025-11-21,Bandit Meta-Strategy (Thompson Sampling),-0.0579461250447531
2025-11-24,Bandit Meta-Strategy (Thompson Sampling),-0.05101158056073788
2025-11-25,Bandit Meta-Strategy (Thompson Sampling),-0.04574847226446562
2025-11-26,Bandit Meta-Strategy (Thompson Sampling),-0.04618136579415324
2015-11-30,Bandit Meta-Strategy (EXP3),0.0
2015-12-01,Bandit Meta-Strategy (EXP3),0.0
2015-12-02,Bandit Meta-Strategy (EXP3),0.0
2015-12-03,Bandit Meta-Strategy (EXP3),0.0
2015-12-04,Bandit Meta-Strategy (EXP3),0.0
2015-12-07,Bandit Meta-Strategy (EXP3),0.0
2015-12-08,Bandit Meta-Strategy (EXP3),0.0
2015-12-09,Bandit Meta-Strategy (EXP3),0.0
2015-12-10,Bandit Meta-Strategy (EXP3),0.0
2015-12-11,Bandit Meta-Strategy (EXP3),0.0
2015-12-14,Bandit Meta-Strategy (EXP3),0.0
2015-12-15,Bandit Meta-Strategy (EXP3),0.0
2015-12-16,Bandit Meta-Strategy (EXP3),0.0
2015-12-17,Bandit Meta-Strategy (EXP3),0.0
2015-12-18,Bandit Meta-Strategy (EXP3),0.0
2015-12-21,Bandit Meta-Strategy (EXP3),0.0
2015-12-22,Bandit Meta-Strategy (EXP3),0.0
2015-12-23,Bandit Meta-Strategy (EXP3),0.0
2015-12-24,Bandit Meta-Strategy (EXP3),0.0
2015-12-28,Bandit Meta-Strategy (EXP3),0.0
2015-12-29,Bandit Meta-Strategy (EXP3),0.0
2015-12-30,Bandit Meta-Strategy (EXP3),0.0
2015-12-31,Bandit Meta-Strategy (EXP3),-0.0010999999999998789
2016-01-04,Bandit Meta-Strategy (EXP3),-0.01852315697597584
2016-01-05,Bandit Meta-Strategy (EXP3),-0.014292011390458215
2016-01-06,Bandit Meta-Strategy (EXP3),-0.014813938340587751
2016-01-07,Bandit Meta-Strategy (EXP3),-0.027850160849204553
2016-01-08,Bandit Meta-Strategy (EXP3),-0.04322209699211865
2016-01-11,Bandit Meta-Strategy (EXP3),-0.03704195630116858
2016-01-12,Bandit Meta-Strategy (EXP3),-0.031227379029924784
2016-01-13,Bandit Meta-Strategy (EXP3),-0.0594897874054332
2016-01-14,Bandit Meta-Strategy (EXP3),-0.04570151067596917
2016-01-15,Bandit Meta-Strategy (EXP3),-0.0665353609708168
2016-01-19,Bandit Meta-Strategy (EXP3),-0.06140338238836174
2016-01-20,Bandit Meta-Strategy (EXP3),-0.07684883967950484
2016-01-21,Bandit Meta-Strategy (EXP3),-0.07282141739960946
2016-01-22,Bandit Meta-Strategy (EXP3),-0.05722523221095155
2016-01-25,Bandit Meta-Strategy (EXP3),-0.06498654006865034
2016-01-26,Bandit Meta-Strategy (EXP3),-0.055152654130401935
2016-01-27,Bandit Meta-Strategy (EXP3),-0.06864468442678817
2016-01-28,Bandit Meta-Strategy (EXP3),-0.056277966176939254
2016-01-29,Bandit Meta-Strategy (EXP3),-0.03763180834957691
2016-02-01,Bandit Meta-Strategy (EXP3),-0.034799886309680006
2016-02-02,Bandit Meta-Strategy (EXP3),-0.052008906940059774
2016-02-03,Bandit Meta-Strategy (EXP3),-0.05418135041427663
2016-02-04,Bandit Meta-Strategy (EXP3),-0.056934111229162365
2016-02-05,Bandit Meta-Strategy (EXP3),-0.0759989697608292
2016-02-08,Bandit Meta-Strategy (EXP3),-0.08537645882827138
2016-02-09,Bandit Meta-Strategy (EXP3),-0.08461803137578638
2016-02-10,Bandit Meta-Strategy (EXP3),-0.08516246396717364
2016-02-11,Bandit Meta-Strategy (EXP3),-0.09113066263210057
2016-02-12,Bandit Meta-Strategy (EXP3),-0.0775415944190494
2016-02-16,Bandit Meta-Strategy (EXP3),-0.06723669491662343
2016-02-17,Bandit Meta-Strategy (EXP3),-0.052348408520941025
2016-02-18,Bandit Meta-Strategy (EXP3),-0.06106382227214535
2016-02-19,Bandit Meta-Strategy (EXP3),-0.05829252857169531
2016-02-22,Bandit Meta-Strategy (EXP3),-0.04276970997212237
2016-02-23,Bandit Meta-Strategy (EXP3),-0.04818613049388887
2016-02-24,Bandit Meta-Strategy (EXP3),-0.04159185136662624
2016-02-25,Bandit Meta-Strategy (EXP3),-0.028708643615247276
2016-02-26,Bandit Meta-Strategy (EXP3),-0.03690678473682363
2016-02-29,Bandit Meta-Strategy (EXP3),-0.04524352665226994
2016-03-01,Bandit Meta-Strategy (EXP3),-0.026732144632529375
2016-03-02,Bandit Meta-Strategy (EXP3),-0.024751485383408323
2016-03-03,Bandit Meta-Strategy (EXP3),-0.02360523499813727
2016-03-04,Bandit Meta-Strategy (EXP3),-0.018990061713867634
2016-03-07,Bandit Meta-Strategy (EXP3),-0.02030272483604234
2016-03-08,Bandit Meta-Strategy (EXP3),-0.02564342186825097
2016-03-09,Bandit Meta-Strategy (EXP3),-0.022100297509214384
2016-03-10,Bandit Meta-Strategy (EXP3),-0.024601457281492434
2016-03-11,Bandit Meta-Strategy (EXP3),-0.016359900823203932
2016-03-14,Bandit Meta-Strategy (EXP3),-0.014334313190094927
2016-03-15,Bandit Meta-Strategy (EXP3),-0.011540337491996233
2016-03-16,Bandit Meta-Strategy (EXP3),-0.008987208076979059
2016-03-17,Bandit Meta-Strategy (EXP3),-0.006057715671961672
2016-03-18,Bandit Meta-Strategy (EXP3),-0.002375157047408094
2016-03-21,Bandit Meta-Strategy (EXP3),0.0
2016-03-22,Bandit Meta-Strategy (EXP3),-0.0016339276982850397
2016-03-23,Bandit Meta-Strategy (EXP3),-0.0046980473816317925
2016-03-24,Bandit Meta-Strategy (EXP3),-0.002083022855032965
2016-03-28,Bandit Meta-Strategy (EXP3),0.0
2016-03-29,Bandit Meta-Strategy (EXP3),0.0
2016-03-30,Bandit Meta-Strategy (EXP3),0.0
2016-03-31,Bandit Meta-Strategy (EXP3),-0.00025875693630897573
2016-04-01,Bandit Meta-Strategy (EXP3),0.0
2016-04-04,Bandit Meta-Strategy (EXP3),0.0
2016-04-05,Bandit Meta-Strategy (EXP3),-0.0020315576616962024
2016-04-06,Bandit Meta-Strategy (EXP3),0.0
2016-04-07,Bandit Meta-Strategy (EXP3),-0.010363415687015315
2016-04-08,Bandit Meta-Strategy (EXP3),-0.010682729490032097
2016-04-11,Bandit Meta-Strategy (EXP3),-0.016285981383517122
2016-04-12,Bandit Meta-Strategy (EXP3),-0.005706196255340187
2016-04-13,Bandit Meta-Strategy (EXP3),0.0
2016-04-14,Bandit Meta-Strategy (EXP3),0.0
2016-04-15,Bandit Meta-Strategy (EXP3),0.0
2016-04-18,Bandit Meta-Strategy (EXP3),0.0
2016-04-19,Bandit Meta-Strategy (EXP3),-0.006517469351335519
2016-04-20,Bandit Meta-Strategy (EXP3),-0.008759426206049763
2016-04-21,Bandit Meta-Strategy (EXP3),-0.014496748027445197
2016-04-22,Bandit Meta-Strategy (EXP3),-0.013732943099387282
2016-04-25,Bandit Meta-Strategy (EXP3),-0.01309136155856988
2016-04-26,Bandit Meta-Strategy (EXP3),-0.017486304040241634
2016-04-27,Bandit Meta-Strategy (EXP3),-0.01760746317768175
2016-04-28,Bandit Meta-Strategy (EXP3),-0.024652865517690525
2016-04-29,Bandit Meta-Strategy (EXP3),-0.02880353321123554
2016-05-02,Bandit Meta-Strategy (EXP3),-0.018478608806021122
2016-05-03,Bandit Meta-Strategy (EXP3),-0.023790598460887026
2016-05-04,Bandit Meta-Strategy (EXP3),-0.027643180933948592
2016-05-05,Bandit Meta-Strategy (EXP3),-0.029042017922108972
2016-05-06,Bandit Meta-Strategy (EXP3),-0.02098781750361507
2016-05-09,Bandit Meta-Strategy (EXP3),-0.018984691896258798
2016-05-10,Bandit Meta-Strategy (EXP3),-0.009598177654139653
2016-05-11,Bandit Meta-Strategy (EXP3),-0.02376554107252119
2016-05-12,Bandit Meta-Strategy (EXP3),-0.023366020413545584
2016-05-13,Bandit Meta-Strategy (EXP3),-0.024704613842462562
2016-05-16,Bandit Meta-Strategy (EXP3),-0.014607261029902235
2016-05-17,Bandit Meta-Strategy (EXP3),-0.024654827349846323
2016-05-18,Bandit Meta-Strategy (EXP3),-0.024186693704874467
2016-05-19,Bandit Meta-Strategy (EXP3),-0.011131809952697304
2016-05-20,Bandit Meta-Strategy (EXP3),-0.004720955319830472
2016-05-23,Bandit Meta-Strategy (EXP3),-0.006214428497133512
2016-05-24,Bandit Meta-Strategy (EXP3),0.0
2016-05-25,Bandit Meta-Strategy (EXP3),0.0
2016-05-26,Bandit Meta-Strategy (EXP3),0.0
2016-05-27,Bandit Meta-Strategy (EXP3),0.0
2016-05-31,Bandit Meta-Strategy (EXP3),-0.0012980561076932318
2016-06-01,Bandit Meta-Strategy (EXP3),-0.001931185222837925
2016-06-02,Bandit Meta-Strategy (EXP3),0.0
2016-06-03,Bandit Meta-Strategy (EXP3),-0.003766111063472356
2016-06-06,Bandit Meta-Strategy (EXP3),0.0
2016-06-07,Bandit Meta-Strategy (EXP3),0.0
2016-06-08,Bandit Meta-Strategy (EXP3),0.0
2016-06-09,Bandit Meta-Strategy (EXP3),0.0
2016-06-10,Bandit Meta-Strategy (EXP3),-0.008045359310940399
2016-06-13,Bandit Meta-Strategy (EXP3),-0.015247692370344118
2016-06-14,Bandit Meta-Strategy (EXP3),-0.013940819816081723
2016-06-15,Bandit Meta-Strategy (EXP3),-0.014543417799799788
2016-06-16,Bandit Meta-Strategy (EXP3),-0.010565324988115937
2016-06-17,Bandit Meta-Strategy (EXP3),-0.020026046706291635
2016-06-20,Bandit Meta-Strategy (EXP3),-0.014801494780600099
2016-06-21,Bandit Meta-Strategy (EXP3),-0.013177144429925434
2016-06-22,Bandit Meta-Strategy (EXP3),-0.018481917596554695
2016-06-23,Bandit Meta-Strategy (EXP3),-0.008986745946690309
2016-06-24,Bandit Meta-Strategy (EXP3),-0.03501765751661155
2016-06-27,Bandit Meta-Strategy (EXP3),-0.04491748696178615
2016-06-28,Bandit Meta-Strategy (EXP3),-0.02947356634014392
2016-06-29,Bandit Meta-Strategy (EXP3),-0.014293113879603428
2016-06-30,Bandit Meta-Strategy (EXP3),-0.01457590448254208
2016-07-01,Bandit Meta-Strategy (EXP3),-0.010101742538146004
2016-07-05,Bandit Meta-Strategy (EXP3),-0.008126214657580105
2016-07-06,Bandit Meta-Strategy (EXP3),-0.006520397943643904
2016-07-07,Bandit Meta-Strategy (EXP3),-0.005682314467229615
2016-07-08,Bandit Meta-Strategy (EXP3),0.0
2016-07-11,Bandit Meta-Strategy (EXP3),0.0
2016-07-12,Bandit Meta-Strategy (EXP3),0.0
2016-07-13,Bandit Meta-Strategy (EXP3),0.0
2016-07-14,Bandit Meta-Strategy (EXP3),0.0
2016-07-15,Bandit Meta-Strategy (EXP3),-0.0018130028025848356
2016-07-18,Bandit Meta-Strategy (EXP3),0.0
2016-07-19,Bandit Meta-Strategy (EXP3),-0.004597841091354103
2016-07-20,Bandit Meta-Strategy (EXP3),-0.0005763563038496849
2016-07-21,Bandit Meta-Strategy (EXP3),-0.006343391238354986
2016-07-22,Bandit Meta-Strategy (EXP3),-0.0012515920533747718
2016-07-25,Bandit Meta-Strategy (EXP3),-0.00043119803731793546
2016-07-26,Bandit Meta-Strategy (EXP3),0.0
2016-07-27,Bandit Meta-Strategy (EXP3),-0.0037585399806874414
2016-07-28,Bandit Meta-Strategy (EXP3),-0.0013309639896335699
2016-07-29,Bandit Meta-Strategy (EXP3),0.0
2016-08-01,Bandit Meta-Strategy (EXP3),0.0
2016-08-02,Bandit Meta-Strategy (EXP3),-0.006374631433200301
2016-08-03,Bandit Meta-Strategy (EXP3),-0.009418213955370298
2016-08-04,Bandit Meta-Strategy (EXP3),-0.006600252767402112
2016-08-05,Bandit Meta-Strategy (EXP3),0.0
2016-08-08,Bandit Meta-Strategy (EXP3),-0.0028332517320941164
2016-08-09,Bandit Meta-Strategy (EXP3),-0.0016650156432925056
2016-08-10,Bandit Meta-Strategy (EXP3),-0.004395718243045729
2016-08-11,Bandit Meta-Strategy (EXP3),0.0
2016-08-12,Bandit Meta-Strategy (EXP3),0.0
2016-08-15,Bandit Meta-Strategy (EXP3),-0.0009381342683739099
2016-08-16,Bandit Meta-Strategy (EXP3),-0.007327402669016763
2016-08-17,Bandit Meta-Strategy (EXP3),-0.005244528778997744
2016-08-18,Bandit Meta-Strategy (EXP3),-0.0023961746659219257
2016-08-19,Bandit Meta-Strategy (EXP3),-0.007123834439793533
2016-08-22,Bandit Meta-Strategy (EXP3),-0.009221874888800448
2016-08-23,Bandit Meta-Strategy (EXP3),-0.006682066235316248
2016-08-24,Bandit Meta-Strategy (EXP3),-0.010812072443116563
2016-08-25,Bandit Meta-Strategy (EXP3),-0.012019974758026056
2016-08-26,Bandit Meta-Strategy (EXP3),-0.010529879592217902
2016-08-29,Bandit Meta-Strategy (EXP3),-0.006800220832517378
2016-08-30,Bandit Meta-Strategy (EXP3),-0.009834166050215889
2016-08-31,Bandit Meta-Strategy (EXP3),-0.010827431736673646
2016-09-01,Bandit Meta-Strategy (EXP3),-0.007780724820142851
2016-09-02,Bandit Meta-Strategy (EXP3),-0.0066602795025454764
2016-09-06,Bandit Meta-Strategy (EXP3),0.0
2016-09-07,Bandit Meta-Strategy (EXP3),-0.003964277520083553
2016-09-08,Bandit Meta-Strategy (EXP3),-0.004661578422324979
2016-09-09,Bandit Meta-Strategy (EXP3),-0.027489492337595418
2016-09-12,Bandit Meta-Strategy (EXP3),-0.01125305909443632
2016-09-13,Bandit Meta-Strategy (EXP3),-0.025320695650462546
2016-09-14,Bandit Meta-Strategy (EXP3),-0.024569182581948727
2016-09-15,Bandit Meta-Strategy (EXP3),-0.013898169665334931
2016-09-16,Bandit Meta-Strategy (EXP3),-0.013983828491136517
2016-09-19,Bandit Meta-Strategy (EXP3),-0.016218458534934956
2016-09-20,Bandit Meta-Strategy (EXP3),-0.015685184251201748
2016-09-21,Bandit Meta-Strategy (EXP3),-0.01016958819099857
2016-09-22,Bandit Meta-Strategy (EXP3),-0.004974906495010353
2016-09-23,Bandit Meta-Strategy (EXP3),-0.00816409067759787
2016-09-26,Bandit Meta-Strategy (EXP3),-0.019001581784173556
2016-09-27,Bandit Meta-Strategy (EXP3),-0.007475378007505541
2016-09-28,Bandit Meta-Strategy (EXP3),-0.0034662379559710628
2016-09-29,Bandit Meta-Strategy (EXP3),-0.013304867298967208
2016-09-30,Bandit Meta-Strategy (EXP3),-0.0006077922582537461
2016-10-03,Bandit Meta-Strategy (EXP3),0.0
2016-10-04,Bandit Meta-Strategy (EXP3),-0.001952707296605295
2016-10-05,Bandit Meta-Strategy (EXP3),0.0
2016-10-06,Bandit Meta-Strategy (EXP3),-0.0058435391826289936
2016-10-07,Bandit Meta-Strategy (EXP3),-0.008642278307722923
2016-10-10,Bandit Meta-Strategy (EXP3),-0.006323190528641461
2016-10-11,Bandit Meta-Strategy (EXP3),-0.0177085824490253
2016-10-12,Bandit Meta-Strategy (EXP3),-0.017058453320128047
2016-10-13,Bandit Meta-Strategy (EXP3),-0.020419997579990204
2016-10-14,Bandit Meta-Strategy (EXP3),-0.01921392851863318
2016-10-17,Bandit Meta-Strategy (EXP3),-0.022124729436998152
2016-10-18,Bandit Meta-Strategy (EXP3),-0.007154063398645604
2016-10-19,Bandit Meta-Strategy (EXP3),-0.0045307250718650575
2016-10-20,Bandit Meta-Strategy (EXP3),-0.0037488201954417855
2016-10-21,Bandit Meta-Strategy (EXP3),-0.002376391296116674
2016-10-24,Bandit Meta-Strategy (EXP3),0.0
2016-10-25,Bandit Meta-Strategy (EXP3),0.0
2016-10-26,Bandit Meta-Strategy (EXP3),0.0
2016-10-27,Bandit Meta-Strategy (EXP3),-0.0024316937150317686
2016-10-28,Bandit Meta-Strategy (EXP3),-0.00580388575747185
2016-10-31,Bandit Meta-Strategy (EXP3),-0.0076748074303691766
2016-11-01,Bandit Meta-Strategy (EXP3),-0.018416831746922387
2016-11-02,Bandit Meta-Strategy (EXP3),-0.024780343691874467
2016-11-03,Bandit Meta-Strategy (EXP3),-0.029656597333453893
2016-11-04,Bandit Meta-Strategy (EXP3),-0.03299431253690023
2016-11-07,Bandit Meta-Strategy (EXP3),-0.011362045081923055
2016-11-08,Bandit Meta-Strategy (EXP3),-0.00944793959847381
2016-11-09,Bandit Meta-Strategy (EXP3),-0.0009988995283224933
2016-11-10,Bandit Meta-Strategy (EXP3),-0.010796517595803065
2016-11-11,Bandit Meta-Strategy (EXP3),0.0
2016-11-14,Bandit Meta-Strategy (EXP3),-0.013300817124922832
2016-11-15,Bandit Meta-Strategy (EXP3),-0.0038618154745275984
2016-11-16,Bandit Meta-Strategy (EXP3),0.0
2016-11-17,Bandit Meta-Strategy (EXP3),0.0
2016-11-18,Bandit Meta-Strategy (EXP3),-0.003958083737741866
2016-11-21,Bandit Meta-Strategy (EXP3),0.0
2016-11-22,Bandit Meta-Strategy (EXP3),0.0
2016-11-23,Bandit Meta-Strategy (EXP3),0.0
2016-11-25,Bandit Meta-Strategy (EXP3),0.0
2016-11-28,Bandit Meta-Strategy (EXP3),-0.00499042874913181
2016-11-29,Bandit Meta-Strategy (EXP3),-0.007082561389937895
2016-11-30,Bandit Meta-Strategy (EXP3),-0.007438177639639174
2016-12-01,Bandit Meta-Strategy (EXP3),-0.017064730914240905
2016-12-02,Bandit Meta-Strategy (EXP3),-0.013497319604575762
2016-12-05,Bandit Meta-Strategy (EXP3),-0.005828820425158832
2016-12-06,Bandit Meta-Strategy (EXP3),-0.002851009359216079
2016-12-07,Bandit Meta-Strategy (EXP3),0.0
2016-12-08,Bandit Meta-Strategy (EXP3),-0.0022015045029697843
2016-12-09,Bandit Meta-Strategy (EXP3),0.0
2016-12-12,Bandit Meta-Strategy (EXP3),0.0
2016-12-13,Bandit Meta-Strategy (EXP3),0.0
2016-12-14,Bandit Meta-Strategy (EXP3),-0.0021678263654337114
2016-12-15,Bandit Meta-Strategy (EXP3),0.0
2016-12-16,Bandit Meta-Strategy (EXP3),-0.00015731311670072318
2016-12-19,Bandit Meta-Strategy (EXP3),0.0
2016-12-20,Bandit Meta-Strategy (EXP3),0.0
2016-12-21,Bandit Meta-Strategy (EXP3),-0.002696871546882521
2016-12-22,Bandit Meta-Strategy (EXP3),-0.005506643233156356
2016-12-23,Bandit Meta-Strategy (EXP3),-0.002149493398806428
2016-12-27,Bandit Meta-Strategy (EXP3),0.0
2016-12-28,Bandit Meta-Strategy (EXP3),-0.009776728640224193
2016-12-29,Bandit Meta-Strategy (EXP3),-0.009334800596942389
2016-12-30,Bandit Meta-Strategy (EXP3),-0.015925232043995645
2017-01-03,Bandit Meta-Strategy (EXP3),-0.00973138850926759
2017-01-04,Bandit Meta-Strategy (EXP3),-0.003167508121979003
2017-01-05,Bandit Meta-Strategy (EXP3),-0.0004511513907038259
2017-01-06,Bandit Meta-Strategy (EXP3),0.0
2017-01-09,Bandit Meta-Strategy (EXP3),0.0
2017-01-10,Bandit Meta-Strategy (EXP3),-0.0034272690986176875
2017-01-11,Bandit Meta-Strategy (EXP3),-0.003499805981379005
2017-01-12,Bandit Meta-Strategy (EXP3),-0.007830189135126961
2017-01-13,Bandit Meta-Strategy (EXP3),-0.005338269556468637
2017-01-17,Bandit Meta-Strategy (EXP3),-0.00603019965145033
2017-01-18,Bandit Meta-Strategy (EXP3),-0.004732817990322251
2017-01-19,Bandit Meta-Strategy (EXP3),-0.005664973465823264
2017-01-20,Bandit Meta-Strategy (EXP3),-0.0022532443850138547
2017-01-23,Bandit Meta-Strategy (EXP3),-0.0016074995317942814
2017-01-24,Bandit Meta-Strategy (EXP3),0.0
2017-01-25,Bandit Meta-Strategy (EXP3),0.0
2017-01-26,Bandit Meta-Strategy (EXP3),-0.0010821888697332856
2017-01-27,Bandit Meta-Strategy (EXP3),0.0
2017-01-30,Bandit Meta-Strategy (EXP3),-0.0034424821624376464
2017-01-31,Bandit Meta-Strategy (EXP3),-0.0041320243678204475
2017-02-01,Bandit Meta-Strategy (EXP3),-0.002649739321526213
2017-02-02,Bandit Meta-Strategy (EXP3),-0.0009680272441746149
2017-02-03,Bandit Meta-Strategy (EXP3),0.0
2017-02-06,Bandit Meta-Strategy (EXP3),0.0
2017-02-07,Bandit Meta-Strategy (EXP3),0.0
2017-02-08,Bandit Meta-Strategy (EXP3),0.0
2017-02-09,Bandit Meta-Strategy (EXP3),0.0
2017-02-10,Bandit Meta-Strategy (EXP3),-0.003424561834185963
2017-02-13,Bandit Meta-Strategy (EXP3),-0.0008906983277455956
2017-02-14,Bandit Meta-Strategy (EXP3),0.0
2017-02-15,Bandit Meta-Strategy (EXP3),0.0
2017-02-16,Bandit Meta-Strategy (EXP3),0.0
2017-02-17,Bandit Meta-Strategy (EXP3),0.0
2017-02-21,Bandit Meta-Strategy (EXP3),0.0
2017-02-22,Bandit Meta-Strategy (EXP3),-2.5484371664319443e-05
2017-02-23,Bandit Meta-Strategy (EXP3),-0.001508443303474487
2017-02-24,Bandit Meta-Strategy (EXP3),0.0
2017-02-27,Bandit Meta-Strategy (EXP3),-0.0008158321903062094
2017-02-28,Bandit Meta-Strategy (EXP3),-0.001526531020834071
2017-03-01,Bandit Meta-Strategy (EXP3),0.0
2017-03-02,Bandit Meta-Strategy (EXP3),-0.001072360756442508
2017-03-03,Bandit Meta-Strategy (EXP3),-0.003226942263039676
2017-03-06,Bandit Meta-Strategy (EXP3),-0.005550743654488411
2017-03-07,Bandit Meta-Strategy (EXP3),-0.00813472131257049
2017-03-08,Bandit Meta-Strategy (EXP3),-0.010963940122897487
2017-03-09,Bandit Meta-Strategy (EXP3),-0.007638267470472744
2017-03-10,Bandit Meta-Strategy (EXP3),-0.005197921107761429
2017-03-13,Bandit Meta-Strategy (EXP3),-0.004428290552047438
2017-03-14,Bandit Meta-Strategy (EXP3),-0.0023978767598646315
2017-03-15,Bandit Meta-Strategy (EXP3),0.0
2017-03-16,Bandit Meta-Strategy (EXP3),0.0
2017-03-17,Bandit Meta-Strategy (EXP3),-0.002647846175943827
2017-03-20,Bandit Meta-Strategy (EXP3),-0.000553546252535655
2017-03-21,Bandit Meta-Strategy (EXP3),-0.007875457822224591
2017-03-22,Bandit Meta-Strategy (EXP3),-0.005357154106133432
2017-03-23,Bandit Meta-Strategy (EXP3),-0.008234819746270931
2017-03-24,Bandit Meta-Strategy (EXP3),-0.010567650399855326
2017-03-27,Bandit Meta-Strategy (EXP3),-0.007709308140951614
2017-03-28,Bandit Meta-Strategy (EXP3),-0.0021603886514758785
2017-03-29,Bandit Meta-Strategy (EXP3),-0.00046643080632260964
2017-03-30,Bandit Meta-Strategy (EXP3),0.0
2017-03-31,Bandit Meta-Strategy (EXP3),-0.0005576432319883673
2017-04-03,Bandit Meta-Strategy (EXP3),0.0
2017-04-04,Bandit Meta-Strategy (EXP3),-0.0023716353983934874
2017-04-05,Bandit Meta-Strategy (EXP3),-0.005998812694343723
2017-04-06,Bandit Meta-Strategy (EXP3),-0.005015311722166162
2017-04-07,Bandit Meta-Strategy (EXP3),-0.00453863377382377
2017-04-10,Bandit Meta-Strategy (EXP3),-0.004261150681833802
2017-04-11,Bandit Meta-Strategy (EXP3),-0.005465919207524904
2017-04-12,Bandit Meta-Strategy (EXP3),-0.006068331777008874
2017-04-13,Bandit Meta-Strategy (EXP3),-0.011177722595139251
2017-04-17,Bandit Meta-Strategy (EXP3),-0.0021211857856600178
2017-04-18,Bandit Meta-Strategy (EXP3),-0.007862155367719588
2017-04-19,Bandit Meta-Strategy (EXP3),-0.010951276694858614
2017-04-20,Bandit Meta-Strategy (EXP3),-0.004965156653828861
2017-04-21,Bandit Meta-Strategy (EXP3),-0.006050760305626205
2017-04-24,Bandit Meta-Strategy (EXP3),0.0
2017-04-25,Bandit Meta-Strategy (EXP3),0.0
2017-04-26,Bandit Meta-Strategy (EXP3),-0.002419917849455937
2017-04-27,Bandit Meta-Strategy (EXP3),-0.0010214755398491892
2017-04-28,Bandit Meta-Strategy (EXP3),-0.001086041032815534
2017-05-01,Bandit Meta-Strategy (EXP3),0.0
2017-05-02,Bandit Meta-Strategy (EXP3),-0.0010461598127746634
2017-05-03,Bandit Meta-Strategy (EXP3),-0.002095269119892036
2017-05-04,Bandit Meta-Strategy (EXP3),-0.0029068427084844753
2017-05-05,Bandit Meta-Strategy (EXP3),-0.0008835180110215798
2017-05-08,Bandit Meta-Strategy (EXP3),0.0
2017-05-09,Bandit Meta-Strategy (EXP3),0.0
2017-05-10,Bandit Meta-Strategy (EXP3),0.0
2017-05-11,Bandit Meta-Strategy (EXP3),0.0
2017-05-12,Bandit Meta-Strategy (EXP3),0.0
2017-05-15,Bandit Meta-Strategy (EXP3),0.0
2017-05-16,Bandit Meta-Strategy (EXP3),-0.00014385738775443135
2017-05-17,Bandit Meta-Strategy (EXP3),-0.01941588697294639
2017-05-18,Bandit Meta-Strategy (EXP3),-0.010037418662519688
2017-05-19,Bandit Meta-Strategy (EXP3),-0.003923099355008674
2017-05-22,Bandit Meta-Strategy (EXP3),-0.0007940980283541791
2017-05-23,Bandit Meta-Strategy (EXP3),-0.0004451560222495051
2017-05-24,Bandit Meta-Strategy (EXP3),0.0
2017-05-25,Bandit Meta-Strategy (EXP3),0.0
2017-05-26,Bandit Meta-Strategy (EXP3),0.0
2017-05-30,Bandit Meta-Strategy (EXP3),0.0
2017-05-31,Bandit Meta-Strategy (EXP3),-0.0007065596698638571
2017-06-01,Bandit Meta-Strategy (EXP3),0.0
2017-06-02,Bandit Meta-Strategy (EXP3),0.0
2017-06-05,Bandit Meta-Strategy (EXP3),0.0
2017-06-06,Bandit Meta-Strategy (EXP3),-0.0014319212506892641
2017-06-07,Bandit Meta-Strategy (EXP3),0.0
2017-06-08,Bandit Meta-Strategy (EXP3),0.0
2017-06-09,Bandit Meta-Strategy (EXP3),-0.01910494266585476
2017-06-12,Bandit Meta-Strategy (EXP3),-0.023220083724035907
2017-06-13,Bandit Meta-Strategy (EXP3),-0.015062127616953786
2017-06-14,Bandit Meta-Strategy (EXP3),-0.014155657993676731
2017-06-15,Bandit Meta-Strategy (EXP3),-0.017300787373633542
2017-06-16,Bandit Meta-Strategy (EXP3),-0.0242197026122801
2017-06-19,Bandit Meta-Strategy (EXP3),-0.01114745568464133
2017-06-20,Bandit Meta-Strategy (EXP3),-0.014166026299309487
2017-06-21,Bandit Meta-Strategy (EXP3),-0.008421958542672348
2017-06-22,Bandit Meta-Strategy (EXP3),-0.010205002062305488
2017-06-23,Bandit Meta-Strategy (EXP3),-0.013357739448250552
2017-06-26,Bandit Meta-Strategy (EXP3),-0.016961849705477133
2017-06-27,Bandit Meta-Strategy (EXP3),-0.031659790072085886
2017-06-28,Bandit Meta-Strategy (EXP3),-0.01806168520340487
2017-06-29,Bandit Meta-Strategy (EXP3),-0.03372067546699298
2017-06-30,Bandit Meta-Strategy (EXP3),-0.03432689284987802
2017-07-03,Bandit Meta-Strategy (EXP3),-0.03629183351217542
2017-07-05,Bandit Meta-Strategy (EXP3),-0.036946439678207973
2017-07-06,Bandit Meta-Strategy (EXP3),-0.046347888853374535
2017-07-07,Bandit Meta-Strategy (EXP3),-0.03966813278818736
2017-07-10,Bandit Meta-Strategy (EXP3),-0.03642416030946101
2017-07-11,Bandit Meta-Strategy (EXP3),-0.03376691524857242
2017-07-12,Bandit Meta-Strategy (EXP3),-0.025228752959752628
2017-07-13,Bandit Meta-Strategy (EXP3),-0.024487700399592794
2017-07-14,Bandit Meta-Strategy (EXP3),-0.017488500571518028
2017-07-17,Bandit Meta-Strategy (EXP3),-0.019014078264147066
2017-07-18,Bandit Meta-Strategy (EXP3),-0.007957020389101394
2017-07-19,Bandit Meta-Strategy (EXP3),-0.005007043094167804
2017-07-20,Bandit Meta-Strategy (EXP3),-0.004078288269889176
2017-07-21,Bandit Meta-Strategy (EXP3),-0.0040379103842956895
2017-07-24,Bandit Meta-Strategy (EXP3),-0.003179369809095652
2017-07-25,Bandit Meta-Strategy (EXP3),-0.0008334929681135374
2017-07-26,Bandit Meta-Strategy (EXP3),0.0
2017-07-27,Bandit Meta-Strategy (EXP3),-0.0024414430194282044
2017-07-28,Bandit Meta-Strategy (EXP3),-0.002971174314733847
2017-07-31,Bandit Meta-Strategy (EXP3),-0.00348865752561396
2017-08-01,Bandit Meta-Strategy (EXP3),-0.0003312813610998117
2017-08-02,Bandit Meta-Strategy (EXP3),0.0
2017-08-03,Bandit Meta-Strategy (EXP3),0.0
2017-08-04,Bandit Meta-Strategy (EXP3),0.0
2017-08-07,Bandit Meta-Strategy (EXP3),0.0
2017-08-08,Bandit Meta-Strategy (EXP3),0.0
2017-08-09,Bandit Meta-Strategy (EXP3),-0.0018777904923587686
2017-08-10,Bandit Meta-Strategy (EXP3),-0.013917585536116191
2017-08-11,Bandit Meta-Strategy (EXP3),-0.01572620868526632
2017-08-14,Bandit Meta-Strategy (EXP3),-0.008735442524951923
2017-08-15,Bandit Meta-Strategy (EXP3),-0.008682268178988326
2017-08-16,Bandit Meta-Strategy (EXP3),-0.007567601195353614
2017-08-17,Bandit Meta-Strategy (EXP3),-0.02061632271824212
2017-08-18,Bandit Meta-Strategy (EXP3),-0.02311942071740543
2017-08-21,Bandit Meta-Strategy (EXP3),-0.022237609932279644
2017-08-22,Bandit Meta-Strategy (EXP3),-0.014081039635639036
2017-08-23,Bandit Meta-Strategy (EXP3),-0.016982474112727308
2017-08-24,Bandit Meta-Strategy (EXP3),-0.020427918025391383
2017-08-25,Bandit Meta-Strategy (EXP3),-0.019936090872623165
2017-08-28,Bandit Meta-Strategy (EXP3),-0.01965752074144281
2017-08-29,Bandit Meta-Strategy (EXP3),-0.018347762487339502
2017-08-30,Bandit Meta-Strategy (EXP3),-0.01751631412765197
2017-08-31,Bandit Meta-Strategy (EXP3),-0.015145842581204516
2017-09-01,Bandit Meta-Strategy (EXP3),-0.013695538356940087
2017-09-05,Bandit Meta-Strategy (EXP3),-0.016366180606391046
2017-09-06,Bandit Meta-Strategy (EXP3),-0.01122009157373397
2017-09-07,Bandit Meta-Strategy (EXP3),-0.012103459339003293
2017-09-08,Bandit Meta-Strategy (EXP3),-0.017331568124855038
2017-09-11,Bandit Meta-Strategy (EXP3),-0.00595220089121886
2017-09-12,Bandit Meta-Strategy (EXP3),-0.0013214248458184934
2017-09-13,Bandit Meta-Strategy (EXP3),0.0
2017-09-14,Bandit Meta-Strategy (EXP3),-0.0007953038504222264
2017-09-15,Bandit Meta-Strategy (EXP3),0.0
2017-09-18,Bandit Meta-Strategy (EXP3),0.0
2017-09-19,Bandit Meta-Strategy (EXP3),0.0
2017-09-20,Bandit Meta-Strategy (EXP3),-0.0002883206137642803
2017-09-21,Bandit Meta-Strategy (EXP3),-0.007626453223005716
2017-09-22,Bandit Meta-Strategy (EXP3),-0.01140410839298065
2017-09-25,Bandit Meta-Strategy (EXP3),-0.01585370281305002
2017-09-26,Bandit Meta-Strategy (EXP3),-0.016170674138710837
2017-09-27,Bandit Meta-Strategy (EXP3),-0.016441922050409886
2017-09-28,Bandit Meta-Strategy (EXP3),-0.016121192987651002
2017-09-29,Bandit Meta-Strategy (EXP3),-0.016762229525850564
2017-10-02,Bandit Meta-Strategy (EXP3),-0.012615506718320941
2017-10-03,Bandit Meta-Strategy (EXP3),-0.0073111115662171395
2017-10-04,Bandit Meta-Strategy (EXP3),-0.0061749383763775294
2017-10-05,Bandit Meta-Strategy (EXP3),-0.003286073336732448
2017-10-06,Bandit Meta-Strategy (EXP3),-0.002457060252433263
2017-10-09,Bandit Meta-Strategy (EXP3),-0.0024454760356567152
2017-10-10,Bandit Meta-Strategy (EXP3),0.0
2017-10-11,Bandit Meta-Strategy (EXP3),0.0
2017-10-12,Bandit Meta-Strategy (EXP3),-0.0018805274993989039
2017-10-13,Bandit Meta-Strategy (EXP3),0.0
2017-10-16,Bandit Meta-Strategy (EXP3),0.0
2017-10-17,Bandit Meta-Strategy (EXP3),0.0
2017-10-18,Bandit Meta-Strategy (EXP3),-0.0023019993155350966
2017-10-19,Bandit Meta-Strategy (EXP3),-0.0022546668932954873
2017-10-20,Bandit Meta-Strategy (EXP3),-0.005398422232535265
2017-10-23,Bandit Meta-Strategy (EXP3),-0.008317918026838284
2017-10-24,Bandit Meta-Strategy (EXP3),-0.008350492645136431
2017-10-25,Bandit Meta-Strategy (EXP3),-0.012049223465211993
2017-10-26,Bandit Meta-Strategy (EXP3),-0.009457002467922136
2017-10-27,Bandit Meta-Strategy (EXP3),-0.005848493661600376
2017-10-30,Bandit Meta-Strategy (EXP3),-0.010936775944834106
2017-10-31,Bandit Meta-Strategy (EXP3),-0.01151788045941464
2017-11-01,Bandit Meta-Strategy (EXP3),-0.00865917294507769
2017-11-02,Bandit Meta-Strategy (EXP3),-0.011695277260362945
2017-11-03,Bandit Meta-Strategy (EXP3),-0.007249190327246416
2017-11-06,Bandit Meta-Strategy (EXP3),-0.0077869317378417326
2017-11-07,Bandit Meta-Strategy (EXP3),-0.006217733142318909
2017-11-08,Bandit Meta-Strategy (EXP3),-0.004591133025944751
2017-11-09,Bandit Meta-Strategy (EXP3),-0.006139398544274097
2017-11-10,Bandit Meta-Strategy (EXP3),-0.0033527513080607147
2017-11-13,Bandit Meta-Strategy (EXP3),-0.0005969044830939846
2017-11-14,Bandit Meta-Strategy (EXP3),-0.00031258147056775797
2017-11-15,Bandit Meta-Strategy (EXP3),-0.00755210322210939
2017-11-16,Bandit Meta-Strategy (EXP3),0.0
2017-11-17,Bandit Meta-Strategy (EXP3),-0.007579474385605008
2017-11-20,Bandit Meta-Strategy (EXP3),-0.006813354366254263
2017-11-21,Bandit Meta-Strategy (EXP3),0.0
2017-11-22,Bandit Meta-Strategy (EXP3),-0.0022730837265076548
2017-11-24,Bandit Meta-Strategy (EXP3),0.0
2017-11-27,Bandit Meta-Strategy (EXP3),0.0
2017-11-28,Bandit Meta-Strategy (EXP3),0.0
2017-11-29,Bandit Meta-Strategy (EXP3),-0.007253210045011638
2017-11-30,Bandit Meta-Strategy (EXP3),-0.0003659488064923991
2017-12-01,Bandit Meta-Strategy (EXP3),-0.0013242044777399273
2017-12-04,Bandit Meta-Strategy (EXP3),-0.002067225655391528
2017-12-05,Bandit Meta-Strategy (EXP3),-0.004454571985736296
2017-12-06,Bandit Meta-Strategy (EXP3),-0.0036990287243180084
2017-12-07,Bandit Meta-Strategy (EXP3),-0.003928863968960694
2017-12-08,Bandit Meta-Strategy (EXP3),-0.0013124031889806325
2017-12-11,Bandit Meta-Strategy (EXP3),0.0
2017-12-12,Bandit Meta-Strategy (EXP3),0.0
2017-12-13,Bandit Meta-Strategy (EXP3),0.0
2017-12-14,Bandit Meta-Strategy (EXP3),0.0
2017-12-15,Bandit Meta-Strategy (EXP3),0.0
2017-12-18,Bandit Meta-Strategy (EXP3),0.0
2017-12-19,Bandit Meta-Strategy (EXP3),-0.002645921063395291
2017-12-20,Bandit Meta-Strategy (EXP3),-0.00523620076121678
2017-12-21,Bandit Meta-Strategy (EXP3),-0.004800979176427787
2017-12-22,Bandit Meta-Strategy (EXP3),-0.005886890200654439
2017-12-26,Bandit Meta-Strategy (EXP3),-0.0052145772431415206
2017-12-27,Bandit Meta-Strategy (EXP3),-0.005185732613523634
2017-12-28,Bandit Meta-Strategy (EXP3),-0.0035977243823428024
2017-12-29,Bandit Meta-Strategy (EXP3),-0.004320268822863826
2018-01-02,Bandit Meta-Strategy (EXP3),0.0
2018-01-03,Bandit Meta-Strategy (EXP3),0.0
2018-01-04,Bandit Meta-Strategy (EXP3),0.0
2018-01-05,Bandit Meta-Strategy (EXP3),0.0
2018-01-08,Bandit Meta-Strategy (EXP3),0.0
2018-01-09,Bandit Meta-Strategy (EXP3),-0.0008491321726065352
2018-01-10,Bandit Meta-Strategy (EXP3),-0.0029190960036556152
2018-01-11,Bandit Meta-Strategy (EXP3),0.0
2018-01-12,Bandit Meta-Strategy (EXP3),0.0
2018-01-16,Bandit Meta-Strategy (EXP3),-0.0004880142398918417
2018-01-17,Bandit Meta-Strategy (EXP3),0.0
2018-01-18,Bandit Meta-Strategy (EXP3),-0.003478200118744949
2018-01-19,Bandit Meta-Strategy (EXP3),0.0
2018-01-22,Bandit Meta-Strategy (EXP3),0.0
2018-01-23,Bandit Meta-Strategy (EXP3),0.0
2018-01-24,Bandit Meta-Strategy (EXP3),-0.0007590160583946443
2018-01-25,Bandit Meta-Strategy (EXP3),-0.001794869783566607
2018-01-26,Bandit Meta-Strategy (EXP3),0.0
2018-01-29,Bandit Meta-Strategy (EXP3),-0.0033967735952921
2018-01-30,Bandit Meta-Strategy (EXP3),-0.014336155165786391
2018-01-31,Bandit Meta-Strategy (EXP3),-0.014975372475157749
2018-02-01,Bandit Meta-Strategy (EXP3),-0.014091745439681856
2018-02-02,Bandit Meta-Strategy (EXP3),-0.033741202754225215
2018-02-05,Bandit Meta-Strategy (EXP3),-0.07722811463374789
2018-02-06,Bandit Meta-Strategy (EXP3),-0.06129763184186778
2018-02-07,Bandit Meta-Strategy (EXP3),-0.06535858320927469
2018-02-08,Bandit Meta-Strategy (EXP3),-0.1008092133770525
2018-02-09,Bandit Meta-Strategy (EXP3),-0.09091000981663008
2018-02-12,Bandit Meta-Strategy (EXP3),-0.07925102334531059
2018-02-13,Bandit Meta-Strategy (EXP3),-0.07452147522129944
2018-02-14,Bandit Meta-Strategy (EXP3),-0.06672066681584833
2018-02-15,Bandit Meta-Strategy (EXP3),-0.05394044662808253
2018-02-16,Bandit Meta-Strategy (EXP3),-0.05070207699710147
2018-02-20,Bandit Meta-Strategy (EXP3),-0.0625936826530235
2018-02-21,Bandit Meta-Strategy (EXP3),-0.07179783963079461
2018-02-22,Bandit Meta-Strategy (EXP3),-0.06707168886600233
2018-02-23,Bandit Meta-Strategy (EXP3),-0.053384553929567924
2018-02-26,Bandit Meta-Strategy (EXP3),-0.043673651024327464
2018-02-27,Bandit Meta-Strategy (EXP3),-0.056922390144771184
2018-02-28,Bandit Meta-Strategy (EXP3),-0.06928721908761444
2018-03-01,Bandit Meta-Strategy (EXP3),-0.08008721955034175
2018-03-02,Bandit Meta-Strategy (EXP3),-0.07394921955395646
2018-03-05,Bandit Meta-Strategy (EXP3),-0.06477903287056845
2018-03-06,Bandit Meta-Strategy (EXP3),-0.06443629945072817
2018-03-07,Bandit Meta-Strategy (EXP3),-0.06807974762427135
2018-03-08,Bandit Meta-Strategy (EXP3),-0.06279232628363642
2018-03-09,Bandit Meta-Strategy (EXP3),-0.05017689805044476
2018-03-12,Bandit Meta-Strategy (EXP3),-0.05051475253848505
2018-03-13,Bandit Meta-Strategy (EXP3),-0.055925063316063686
2018-03-14,Bandit Meta-Strategy (EXP3),-0.06330944167435881
2018-03-15,Bandit Meta-Strategy (EXP3),-0.06268711305449683
2018-03-16,Bandit Meta-Strategy (EXP3),-0.060919799102045466
2018-03-19,Bandit Meta-Strategy (EXP3),-0.07529553731477757
2018-03-20,Bandit Meta-Strategy (EXP3),-0.07237089207627512
2018-03-21,Bandit Meta-Strategy (EXP3),-0.07440585492703325
2018-03-22,Bandit Meta-Strategy (EXP3),-0.09286925405379712
2018-03-23,Bandit Meta-Strategy (EXP3),-0.11136642710641678
2018-03-26,Bandit Meta-Strategy (EXP3),-0.08999070586362364
2018-03-27,Bandit Meta-Strategy (EXP3),-0.10579485397531524
2018-03-28,Bandit Meta-Strategy (EXP3),-0.10957944998441241
2018-03-29,Bandit Meta-Strategy (EXP3),-0.11032817793395036
2018-04-02,Bandit Meta-Strategy (EXP3),-0.13617288481979115
2018-04-03,Bandit Meta-Strategy (EXP3),-0.11836021559551337
2018-04-04,Bandit Meta-Strategy (EXP3),-0.10443874443655161
2018-04-05,Bandit Meta-Strategy (EXP3),-0.0889548395867963
2018-04-06,Bandit Meta-Strategy (EXP3),-0.10375133034902619
2018-04-09,Bandit Meta-Strategy (EXP3),-0.1074234110745543
2018-04-10,Bandit Meta-Strategy (EXP3),-0.08525895901357607
2018-04-11,Bandit Meta-Strategy (EXP3),-0.08745350489906371
2018-04-12,Bandit Meta-Strategy (EXP3),-0.0899387651871225
2018-04-13,Bandit Meta-Strategy (EXP3),-0.08507360040314776
2018-04-16,Bandit Meta-Strategy (EXP3),-0.08573679672005785
2018-04-17,Bandit Meta-Strategy (EXP3),-0.07900176679813378
2018-04-18,Bandit Meta-Strategy (EXP3),-0.07760196277889216
2018-04-19,Bandit Meta-Strategy (EXP3),-0.07977880969931471
2018-04-20,Bandit Meta-Strategy (EXP3),-0.0921485029650304
2018-04-23,Bandit Meta-Strategy (EXP3),-0.09754138236746746
2018-04-24,Bandit Meta-Strategy (EXP3),-0.11051322950765523
2018-04-25,Bandit Meta-Strategy (EXP3),-0.11109209383863658
2018-04-26,Bandit Meta-Strategy (EXP3),-0.08971971162996263
2018-04-27,Bandit Meta-Strategy (EXP3),-0.08998180193111929
2018-04-30,Bandit Meta-Strategy (EXP3),-0.09061800723994824
2018-05-01,Bandit Meta-Strategy (EXP3),-0.09233614343952755
2018-05-02,Bandit Meta-Strategy (EXP3),-0.09769230213142693
2018-05-03,Bandit Meta-Strategy (EXP3),-0.10078247975703282
2018-05-04,Bandit Meta-Strategy (EXP3),-0.08793114225566091
2018-05-07,Bandit Meta-Strategy (EXP3),-0.08342395948044458
2018-05-08,Bandit Meta-Strategy (EXP3),-0.08378992562287776
2018-05-09,Bandit Meta-Strategy (EXP3),-0.07630449413120446
2018-05-10,Bandit Meta-Strategy (EXP3),-0.06852101657186291
2018-05-11,Bandit Meta-Strategy (EXP3),-0.06789533510273559
2018-05-14,Bandit Meta-Strategy (EXP3),-0.06785545520360114
2018-05-15,Bandit Meta-Strategy (EXP3),-0.07533718673269471
2018-05-16,Bandit Meta-Strategy (EXP3),-0.07166560379813841
2018-05-17,Bandit Meta-Strategy (EXP3),-0.07321346980887804
2018-05-18,Bandit Meta-Strategy (EXP3),-0.07874016924892219
2018-05-21,Bandit Meta-Strategy (EXP3),-0.07149619498762877
2018-05-22,Bandit Meta-Strategy (EXP3),-0.07552666050054883
2018-05-23,Bandit Meta-Strategy (EXP3),-0.07041807468443789
2018-05-24,Bandit Meta-Strategy (EXP3),-0.07469168249792002
2018-05-25,Bandit Meta-Strategy (EXP3),-0.07556112864207956
2018-05-29,Bandit Meta-Strategy (EXP3),-0.08139757584169595
2018-05-30,Bandit Meta-Strategy (EXP3),-0.06845297610652519
2018-05-31,Bandit Meta-Strategy (EXP3),-0.07536172058993401
2018-06-01,Bandit Meta-Strategy (EXP3),-0.0656051013707709
2018-06-04,Bandit Meta-Strategy (EXP3),-0.05667373152381957
2018-06-05,Bandit Meta-Strategy (EXP3),-0.05817092044805832
2018-06-06,Bandit Meta-Strategy (EXP3),-0.04695460797900342
2018-06-07,Bandit Meta-Strategy (EXP3),-0.046215801953948844
2018-06-08,Bandit Meta-Strategy (EXP3),-0.04067332092516597
2018-06-11,Bandit Meta-Strategy (EXP3),-0.039063416113200786
2018-06-12,Bandit Meta-Strategy (EXP3),-0.03649430557677372
2018-06-13,Bandit Meta-Strategy (EXP3),-0.03705987114183741
2018-06-14,Bandit Meta-Strategy (EXP3),-0.03332385160377646
2018-06-15,Bandit Meta-Strategy (EXP3),-0.03184175350626935
2018-06-18,Bandit Meta-Strategy (EXP3),-0.03418753255706837
2018-06-19,Bandit Meta-Strategy (EXP3),-0.03615339153440099
2018-06-20,Bandit Meta-Strategy (EXP3),-0.032373209666429995
2018-06-21,Bandit Meta-Strategy (EXP3),-0.03776471562956586
2018-06-22,Bandit Meta-Strategy (EXP3),-0.03796224621556544
2018-06-25,Bandit Meta-Strategy (EXP3),-0.04984357227797504
2018-06-26,Bandit Meta-Strategy (EXP3),-0.04424512495798422
2018-06-27,Bandit Meta-Strategy (EXP3),-0.050250027923549594
2018-06-28,Bandit Meta-Strategy (EXP3),-0.04220915617161089
2018-06-29,Bandit Meta-Strategy (EXP3),-0.04464085524904369
2018-07-02,Bandit Meta-Strategy (EXP3),-0.043442831107241384
2018-07-03,Bandit Meta-Strategy (EXP3),-0.0520514348574705
2018-07-05,Bandit Meta-Strategy (EXP3),-0.04107793022150948
2018-07-06,Bandit Meta-Strategy (EXP3),-0.036164015404757104
2018-07-09,Bandit Meta-Strategy (EXP3),-0.029318892135235947
2018-07-10,Bandit Meta-Strategy (EXP3),-0.021272563098997374
2018-07-11,Bandit Meta-Strategy (EXP3),-0.025055137646728856
2018-07-12,Bandit Meta-Strategy (EXP3),-0.0195786996519066
2018-07-13,Bandit Meta-Strategy (EXP3),-0.018855256306035014
2018-07-16,Bandit Meta-Strategy (EXP3),-0.01872362879497197
2018-07-17,Bandit Meta-Strategy (EXP3),-0.010371209660887164
2018-07-18,Bandit Meta-Strategy (EXP3),-0.011886630845975348
2018-07-19,Bandit Meta-Strategy (EXP3),-0.01885382568156372
2018-07-20,Bandit Meta-Strategy (EXP3),-0.018965337980756586
2018-07-23,Bandit Meta-Strategy (EXP3),-0.02009037218504659
2018-07-24,Bandit Meta-Strategy (EXP3),-0.01338659674900224
2018-07-25,Bandit Meta-Strategy (EXP3),-0.0027163129865232856
2018-07-26,Bandit Meta-Strategy (EXP3),-0.007605232494320373
2018-07-27,Bandit Meta-Strategy (EXP3),-0.013245436578172214
2018-07-30,Bandit Meta-Strategy (EXP3),-0.021267007555761996
2018-07-31,Bandit Meta-Strategy (EXP3),-0.02177959677135762
2018-08-01,Bandit Meta-Strategy (EXP3),-0.02101519869474177
2018-08-02,Bandit Meta-Strategy (EXP3),-0.0007473123243224942
2018-08-03,Bandit Meta-Strategy (EXP3),0.0
2018-08-06,Bandit Meta-Strategy (EXP3),0.0
2018-08-07,Bandit Meta-Strategy (EXP3),0.0
2018-08-08,Bandit Meta-Strategy (EXP3),-0.0031836404225677717
2018-08-09,Bandit Meta-Strategy (EXP3),-0.011471442055154081
2018-08-10,Bandit Meta-Strategy (EXP3),-0.015345850517683042
2018-08-13,Bandit Meta-Strategy (EXP3),-0.018782190102639387
2018-08-14,Bandit Meta-Strategy (EXP3),-0.017818518373899882
2018-08-15,Bandit Meta-Strategy (EXP3),-0.024438986411131607
2018-08-16,Bandit Meta-Strategy (EXP3),-0.014141187611120265
2018-08-17,Bandit Meta-Strategy (EXP3),-0.023017602211040815
2018-08-20,Bandit Meta-Strategy (EXP3),-0.02204142913507922
2018-08-21,Bandit Meta-Strategy (EXP3),-0.016548175817282084
2018-08-22,Bandit Meta-Strategy (EXP3),-0.015165583701171484
2018-08-23,Bandit Meta-Strategy (EXP3),-0.017836925120276077
2018-08-24,Bandit Meta-Strategy (EXP3),-0.010861598620998579
2018-08-27,Bandit Meta-Strategy (EXP3),-0.007288712002517532
2018-08-28,Bandit Meta-Strategy (EXP3),-0.007752737434924499
2018-08-29,Bandit Meta-Strategy (EXP3),-0.006600158610986917
2018-08-30,Bandit Meta-Strategy (EXP3),-0.006821353799277939
2018-08-31,Bandit Meta-Strategy (EXP3),-0.009730931745154133
2018-09-04,Bandit Meta-Strategy (EXP3),-0.01601506541477182
2018-09-05,Bandit Meta-Strategy (EXP3),-0.023593274355825474
2018-09-06,Bandit Meta-Strategy (EXP3),-0.027937859455214608
2018-09-07,Bandit Meta-Strategy (EXP3),-0.03294465148868324
2018-09-10,Bandit Meta-Strategy (EXP3),-0.024697989333158903
2018-09-11,Bandit Meta-Strategy (EXP3),-0.021779212837182236
2018-09-12,Bandit Meta-Strategy (EXP3),-0.017873033205890315
2018-09-13,Bandit Meta-Strategy (EXP3),-0.01782861923124368
2018-09-14,Bandit Meta-Strategy (EXP3),-0.017392031884372595
2018-09-17,Bandit Meta-Strategy (EXP3),-0.02205558723985784
2018-09-18,Bandit Meta-Strategy (EXP3),-0.01937346598620627
2018-09-19,Bandit Meta-Strategy (EXP3),-0.013511159747023134
2018-09-20,Bandit Meta-Strategy (EXP3),-0.004471142351133542
2018-09-21,Bandit Meta-Strategy (EXP3),-0.007536409177076286
2018-09-24,Bandit Meta-Strategy (EXP3),-0.007106910829012295
2018-09-25,Bandit Meta-Strategy (EXP3),-0.007576145949331716
2018-09-26,Bandit Meta-Strategy (EXP3),-0.003462130511124348
2018-09-27,Bandit Meta-Strategy (EXP3),-0.0009827384259708844
2018-09-28,Bandit Meta-Strategy (EXP3),-0.0014264634530284795
2018-10-01,Bandit Meta-Strategy (EXP3),0.0
2018-10-02,Bandit Meta-Strategy (EXP3),-0.003324854603814499
2018-10-03,Bandit Meta-Strategy (EXP3),-0.005750691283594143
2018-10-04,Bandit Meta-Strategy (EXP3),-0.01954894506191181
2018-10-05,Bandit Meta-Strategy (EXP3),-0.03178650449949286
2018-10-08,Bandit Meta-Strategy (EXP3),-0.03370632363903286
2018-10-09,Bandit Meta-Strategy (EXP3),-0.02825564322933673
2018-10-10,Bandit Meta-Strategy (EXP3),-0.060110025136509614
2018-10-11,Bandit Meta-Strategy (EXP3),-0.07890599669732742
2018-10-12,Bandit Meta-Strategy (EXP3),-0.06308074917453285
2018-10-15,Bandit Meta-Strategy (EXP3),-0.07025591052574044
2018-10-16,Bandit Meta-Strategy (EXP3),-0.04605406951845705
2018-10-17,Bandit Meta-Strategy (EXP3),-0.041039507023268904
2018-10-18,Bandit Meta-Strategy (EXP3),-0.05928353278099457
2018-10-19,Bandit Meta-Strategy (EXP3),-0.051650417073740476
2018-10-22,Bandit Meta-Strategy (EXP3),-0.05475994533128089
2018-10-23,Bandit Meta-Strategy (EXP3),-0.049401114830410466
2018-10-24,Bandit Meta-Strategy (EXP3),-0.07539565055111179
2018-10-25,Bandit Meta-Strategy (EXP3),-0.050483959747812404
2018-10-26,Bandit Meta-Strategy (EXP3),-0.06587258497626416
2018-10-29,Bandit Meta-Strategy (EXP3),-0.07358681162888908
2018-10-30,Bandit Meta-Strategy (EXP3),-0.06292911295677936
2018-10-31,Bandit Meta-Strategy (EXP3),-0.04730387149274557
2018-11-01,Bandit Meta-Strategy (EXP3),-0.03555366102992635
2018-11-02,Bandit Meta-Strategy (EXP3),-0.040014947436819256
2018-11-05,Bandit Meta-Strategy (EXP3),-0.03763791701015263
2018-11-06,Bandit Meta-Strategy (EXP3),-0.03407709213364237
2018-11-07,Bandit Meta-Strategy (EXP3),-0.014438875968457358
2018-11-08,Bandit Meta-Strategy (EXP3),-0.01743496723220425
2018-11-09,Bandit Meta-Strategy (EXP3),-0.02307606312401535
2018-11-12,Bandit Meta-Strategy (EXP3),-0.044821715177242406
2018-11-13,Bandit Meta-Strategy (EXP3),-0.04354782522316501
2018-11-14,Bandit Meta-Strategy (EXP3),-0.04919583768460161
2018-11-15,Bandit Meta-Strategy (EXP3),-0.04218201340738217
2018-11-16,Bandit Meta-Strategy (EXP3),-0.04842088160390841
2018-11-19,Bandit Meta-Strategy (EXP3),-0.06451209204024913
2018-11-20,Bandit Meta-Strategy (EXP3),-0.07997227190013852
2018-11-21,Bandit Meta-Strategy (EXP3),-0.08379698446804398
2018-11-23,Bandit Meta-Strategy (EXP3),-0.09184299968482887
2018-11-26,Bandit Meta-Strategy (EXP3),-0.07409845302743598
2018-11-27,Bandit Meta-Strategy (EXP3),-0.06962408341058288
2018-11-28,Bandit Meta-Strategy (EXP3),-0.04788995297342931
2018-11-29,Bandit Meta-Strategy (EXP3),-0.052212349316090714
2018-11-30,Bandit Meta-Strategy (EXP3),-0.05282802998849553
2018-12-03,Bandit Meta-Strategy (EXP3),-0.04966936389979712
2018-12-04,Bandit Meta-Strategy (EXP3),-0.06818869103844044
2018-12-06,Bandit Meta-Strategy (EXP3),-0.06616687695012284
2018-12-07,Bandit Meta-Strategy (EXP3),-0.08432964840941307
2018-12-10,Bandit Meta-Strategy (EXP3),-0.07853494807370401
2018-12-11,Bandit Meta-Strategy (EXP3),-0.0770863351500915
2018-12-12,Bandit Meta-Strategy (EXP3),-0.07432172304906236
2018-12-13,Bandit Meta-Strategy (EXP3),-0.06556317392566567
2018-12-14,Bandit Meta-Strategy (EXP3),-0.08373094527554115
2018-12-17,Bandit Meta-Strategy (EXP3),-0.10739162105366286
2018-12-18,Bandit Meta-Strategy (EXP3),-0.10660827415906318
2018-12-19,Bandit Meta-Strategy (EXP3),-0.12141091456141237
2018-12-20,Bandit Meta-Strategy (EXP3),-0.13293694123466124
2018-12-21,Bandit Meta-Strategy (EXP3),-0.1454102934219436
2018-12-24,Bandit Meta-Strategy (EXP3),-0.1745984605988384
2018-12-26,Bandit Meta-Strategy (EXP3),-0.13558815571020177
2018-12-27,Bandit Meta-Strategy (EXP3),-0.12819326934132952
2018-12-28,Bandit Meta-Strategy (EXP3),-0.1284618840311396
2018-12-31,Bandit Meta-Strategy (EXP3),-0.12904473572538383
2019-01-02,Bandit Meta-Strategy (EXP3),-0.12590113911885115
2019-01-03,Bandit Meta-Strategy (EXP3),-0.1429437580337116
2019-01-04,Bandit Meta-Strategy (EXP3),-0.11348754977183423
2019-01-07,Bandit Meta-Strategy (EXP3),-0.10796280797602417
2019-01-08,Bandit Meta-Strategy (EXP3),-0.10161949901435233
2019-01-09,Bandit Meta-Strategy (EXP3),-0.10318933248498516
2019-01-10,Bandit Meta-Strategy (EXP3),-0.1033802616119547
2019-01-11,Bandit Meta-Strategy (EXP3),-0.09963054140032104
2019-01-14,Bandit Meta-Strategy (EXP3),-0.1025168517733235
2019-01-15,Bandit Meta-Strategy (EXP3),-0.09202966086725364
2019-01-16,Bandit Meta-Strategy (EXP3),-0.09517840621439118
2019-01-17,Bandit Meta-Strategy (EXP3),-0.09055362399909352
2019-01-18,Bandit Meta-Strategy (EXP3),-0.08569965437227826
2019-01-22,Bandit Meta-Strategy (EXP3),-0.09766301193251059
2019-01-23,Bandit Meta-Strategy (EXP3),-0.09636767726061417
2019-01-24,Bandit Meta-Strategy (EXP3),-0.09908190398289832
2019-01-25,Bandit Meta-Strategy (EXP3),-0.09532064225490103
2019-01-28,Bandit Meta-Strategy (EXP3),-0.10588166163516534
2019-01-29,Bandit Meta-Strategy (EXP3),-0.10481713952038045
2019-01-30,Bandit Meta-Strategy (EXP3),-0.09100998534341961
2019-01-31,Bandit Meta-Strategy (EXP3),-0.09133410933910596
2019-02-01,Bandit Meta-Strategy (EXP3),-0.0852821735894224
2019-02-04,Bandit Meta-Strategy (EXP3),-0.07909528340067891
2019-02-05,Bandit Meta-Strategy (EXP3),-0.07540354583084266
2019-02-06,Bandit Meta-Strategy (EXP3),-0.07679531193566194
2019-02-07,Bandit Meta-Strategy (EXP3),-0.08623432323731563
2019-02-08,Bandit Meta-Strategy (EXP3),-0.08605579231883097
2019-02-11,Bandit Meta-Strategy (EXP3),-0.08750148716045496
2019-02-12,Bandit Meta-Strategy (EXP3),-0.07733384964975785
2019-02-13,Bandit Meta-Strategy (EXP3),-0.07535152729340067
2019-02-14,Bandit Meta-Strategy (EXP3),-0.08780781335854873
2019-02-15,Bandit Meta-Strategy (EXP3),-0.07988135609591883
2019-02-19,Bandit Meta-Strategy (EXP3),-0.07761185414760557
2019-02-20,Bandit Meta-Strategy (EXP3),-0.07790112233148887
2019-02-21,Bandit Meta-Strategy (EXP3),-0.0800728163100935
2019-02-22,Bandit Meta-Strategy (EXP3),-0.07486137817234824
2019-02-25,Bandit Meta-Strategy (EXP3),-0.0746973702901521
2019-02-26,Bandit Meta-Strategy (EXP3),-0.07625320648054548
2019-02-27,Bandit Meta-Strategy (EXP3),-0.07528005753888405
2019-02-28,Bandit Meta-Strategy (EXP3),-0.07544237322866157
2019-03-01,Bandit Meta-Strategy (EXP3),-0.07428552613319424
2019-03-04,Bandit Meta-Strategy (EXP3),-0.07368693470973114
2019-03-05,Bandit Meta-Strategy (EXP3),-0.07345177271334981
2019-03-06,Bandit Meta-Strategy (EXP3),-0.07795939092014699
2019-03-07,Bandit Meta-Strategy (EXP3),-0.08538523710283703
2019-03-08,Bandit Meta-Strategy (EXP3),-0.08762470029267153
2019-03-11,Bandit Meta-Strategy (EXP3),-0.0697167966478082
2019-03-12,Bandit Meta-Strategy (EXP3),-0.06878441425619732
2019-03-13,Bandit Meta-Strategy (EXP3),-0.06169699606514156
2019-03-14,Bandit Meta-Strategy (EXP3),-0.06573334505619481
2019-03-15,Bandit Meta-Strategy (EXP3),-0.06369305809422281
2019-03-18,Bandit Meta-Strategy (EXP3),-0.06334745524729231
2019-03-19,Bandit Meta-Strategy (EXP3),-0.06129623528851868
2019-03-20,Bandit Meta-Strategy (EXP3),-0.061257445266892585
2019-03-21,Bandit Meta-Strategy (EXP3),-0.05497327598505071
2019-03-22,Bandit Meta-Strategy (EXP3),-0.06936201068747912
2019-03-25,Bandit Meta-Strategy (EXP3),-0.0709585218919391
2019-03-26,Bandit Meta-Strategy (EXP3),-0.06213068263415931
2019-03-27,Bandit Meta-Strategy (EXP3),-0.06564758834076637
2019-03-28,Bandit Meta-Strategy (EXP3),-0.06181061488520636
2019-03-29,Bandit Meta-Strategy (EXP3),-0.06245140894912761
2019-04-01,Bandit Meta-Strategy (EXP3),-0.05414146473086414
2019-04-02,Bandit Meta-Strategy (EXP3),-0.0538801522486611
2019-04-03,Bandit Meta-Strategy (EXP3),-0.05275153204987924
2019-04-04,Bandit Meta-Strategy (EXP3),-0.05416755527098608
2019-04-05,Bandit Meta-Strategy (EXP3),-0.050444442780362204
2019-04-08,Bandit Meta-Strategy (EXP3),-0.04683832797674625
2019-04-09,Bandit Meta-Strategy (EXP3),-0.04971672943725669
2019-04-10,Bandit Meta-Strategy (EXP3),-0.04693654285164948
2019-04-11,Bandit Meta-Strategy (EXP3),-0.047663935378697515
2019-04-12,Bandit Meta-Strategy (EXP3),-0.039567599546905544
2019-04-15,Bandit Meta-Strategy (EXP3),-0.03644127051462664
2019-04-16,Bandit Meta-Strategy (EXP3),-0.036071114173703
2019-04-17,Bandit Meta-Strategy (EXP3),-0.03653771629617953
2019-04-18,Bandit Meta-Strategy (EXP3),-0.03771029161766193
2019-04-22,Bandit Meta-Strategy (EXP3),-0.03762273562051704
2019-04-23,Bandit Meta-Strategy (EXP3),-0.03547221593261066
2019-04-24,Bandit Meta-Strategy (EXP3),-0.03470980245204457
2019-04-25,Bandit Meta-Strategy (EXP3),-0.03359612376347497
2019-04-26,Bandit Meta-Strategy (EXP3),-0.03013180666184941
2019-04-29,Bandit Meta-Strategy (EXP3),-0.030800516741627138
2019-04-30,Bandit Meta-Strategy (EXP3),-0.031379505458546654
2019-05-01,Bandit Meta-Strategy (EXP3),-0.03859717138893299
2019-05-02,Bandit Meta-Strategy (EXP3),-0.0381012142547493
2019-05-03,Bandit Meta-Strategy (EXP3),-0.028902526286573593
2019-05-06,Bandit Meta-Strategy (EXP3),-0.031669341168480275
2019-05-07,Bandit Meta-Strategy (EXP3),-0.047376611377183554
2019-05-08,Bandit Meta-Strategy (EXP3),-0.048712164467078246
2019-05-09,Bandit Meta-Strategy (EXP3),-0.05549346524970804
2019-05-10,Bandit Meta-Strategy (EXP3),-0.050236404744180965
2019-05-13,Bandit Meta-Strategy (EXP3),-0.07076002671930673
2019-05-14,Bandit Meta-Strategy (EXP3),-0.06447400098061862
2019-05-15,Bandit Meta-Strategy (EXP3),-0.057535681270411636
2019-05-16,Bandit Meta-Strategy (EXP3),-0.049221413327432725
2019-05-17,Bandit Meta-Strategy (EXP3),-0.05814366766662233
2019-05-20,Bandit Meta-Strategy (EXP3),-0.06364250024089439
2019-05-21,Bandit Meta-Strategy (EXP3),-0.06212786133004133
2019-05-22,Bandit Meta-Strategy (EXP3),-0.06156762257402114
2019-05-23,Bandit Meta-Strategy (EXP3),-0.06832282270178934
2019-05-24,Bandit Meta-Strategy (EXP3),-0.06816211452056976
2019-05-28,Bandit Meta-Strategy (EXP3),-0.07419524945942056
2019-05-29,Bandit Meta-Strategy (EXP3),-0.08243853978239646
2019-05-30,Bandit Meta-Strategy (EXP3),-0.07967856806573413
2019-05-31,Bandit Meta-Strategy (EXP3),-0.08002158960356304
2019-06-03,Bandit Meta-Strategy (EXP3),-0.08808637614458563
2019-06-04,Bandit Meta-Strategy (EXP3),-0.0645484125300543
2019-06-05,Bandit Meta-Strategy (EXP3),-0.055318217104035824
2019-06-06,Bandit Meta-Strategy (EXP3),-0.04335201507953768
2019-06-07,Bandit Meta-Strategy (EXP3),-0.03531988822068732
2019-06-10,Bandit Meta-Strategy (EXP3),-0.026582143501187806
2019-06-11,Bandit Meta-Strategy (EXP3),-0.021515623116076552
2019-06-12,Bandit Meta-Strategy (EXP3),-0.026610547822884814
2019-06-13,Bandit Meta-Strategy (EXP3),-0.021125879504585738
2019-06-14,Bandit Meta-Strategy (EXP3),-0.01937404889018857
2019-06-17,Bandit Meta-Strategy (EXP3),-0.010886214093003308
2019-06-18,Bandit Meta-Strategy (EXP3),-0.006851941820587325
2019-06-19,Bandit Meta-Strategy (EXP3),-0.0034185747203081198
2019-06-20,Bandit Meta-Strategy (EXP3),0.0
2019-06-21,Bandit Meta-Strategy (EXP3),0.0
2019-06-24,Bandit Meta-Strategy (EXP3),0.0
2019-06-25,Bandit Meta-Strategy (EXP3),-0.008134165694999116
2019-06-26,Bandit Meta-Strategy (EXP3),-0.010721171607339918
2019-06-27,Bandit Meta-Strategy (EXP3),-0.006361993946587587
2019-06-28,Bandit Meta-Strategy (EXP3),-0.002566560219879866
2019-07-01,Bandit Meta-Strategy (EXP3),0.0
2019-07-02,Bandit Meta-Strategy (EXP3),0.0
2019-07-03,Bandit Meta-Strategy (EXP3),0.0
2019-07-05,Bandit Meta-Strategy (EXP3),-0.004854861980252281
2019-07-08,Bandit Meta-Strategy (EXP3),-0.007746087575140801
2019-07-09,Bandit Meta-Strategy (EXP3),-0.006639386290116497
2019-07-10,Bandit Meta-Strategy (EXP3),0.0
2019-07-11,Bandit Meta-Strategy (EXP3),0.0
2019-07-12,Bandit Meta-Strategy (EXP3),0.0
2019-07-15,Bandit Meta-Strategy (EXP3),0.0
2019-07-16,Bandit Meta-Strategy (EXP3),-0.0031536924344024954
2019-07-17,Bandit Meta-Strategy (EXP3),-0.003719037366480231
2019-07-18,Bandit Meta-Strategy (EXP3),-0.007583052234097806
2019-07-19,Bandit Meta-Strategy (EXP3),-0.013071562346512062
2019-07-22,Bandit Meta-Strategy (EXP3),-0.012276825878974393
2019-07-23,Bandit Meta-Strategy (EXP3),-0.0018182468520581319
2019-07-24,Bandit Meta-Strategy (EXP3),0.0
2019-07-25,Bandit Meta-Strategy (EXP3),-0.021960997246684228
2019-07-26,Bandit Meta-Strategy (EXP3),-0.013589957588278464
2019-07-29,Bandit Meta-Strategy (EXP3),-0.011741425867705003
2019-07-30,Bandit Meta-Strategy (EXP3),-0.008233260833388488
2019-07-31,Bandit Meta-Strategy (EXP3),-0.008741560334692967
2019-08-01,Bandit Meta-Strategy (EXP3),-0.019277697285202088
2019-08-02,Bandit Meta-Strategy (EXP3),-0.023835817038727256
2019-08-05,Bandit Meta-Strategy (EXP3),-0.05344585591377831
2019-08-06,Bandit Meta-Strategy (EXP3),-0.04122168611269165
2019-08-07,Bandit Meta-Strategy (EXP3),-0.04083191901259642
2019-08-08,Bandit Meta-Strategy (EXP3),-0.023493728105814127
2019-08-09,Bandit Meta-Strategy (EXP3),-0.03195936927937683
2019-08-12,Bandit Meta-Strategy (EXP3),-0.044787559041935904
2019-08-13,Bandit Meta-Strategy (EXP3),-0.031949882933004985
2019-08-14,Bandit Meta-Strategy (EXP3),-0.05928394099035037
2019-08-15,Bandit Meta-Strategy (EXP3),-0.04875677201086021
2019-08-16,Bandit Meta-Strategy (EXP3),-0.03591269499840337
2019-08-19,Bandit Meta-Strategy (EXP3),-0.023122700369922287
2019-08-20,Bandit Meta-Strategy (EXP3),-0.032453798462714144
2019-08-21,Bandit Meta-Strategy (EXP3),-0.027501368696388993
2019-08-22,Bandit Meta-Strategy (EXP3),-0.027019502755052414
2019-08-23,Bandit Meta-Strategy (EXP3),-0.051045156717776236
2019-08-26,Bandit Meta-Strategy (EXP3),-0.039129961060304606
2019-08-27,Bandit Meta-Strategy (EXP3),-0.03931294385802955
2019-08-28,Bandit Meta-Strategy (EXP3),-0.03385026382616703
2019-08-29,Bandit Meta-Strategy (EXP3),-0.0230488055079575
2019-08-30,Bandit Meta-Strategy (EXP3),-0.023576832167994246
2019-09-03,Bandit Meta-Strategy (EXP3),-0.022923108872491188
2019-09-04,Bandit Meta-Strategy (EXP3),-0.014346281105783273
2019-09-05,Bandit Meta-Strategy (EXP3),-0.009910286085167443
2019-09-06,Bandit Meta-Strategy (EXP3),-0.0121329736685529
2019-09-09,Bandit Meta-Strategy (EXP3),-0.011047165914921655
2019-09-10,Bandit Meta-Strategy (EXP3),-0.012326767665213817
2019-09-11,Bandit Meta-Strategy (EXP3),-0.005549201077486144
2019-09-12,Bandit Meta-Strategy (EXP3),-0.0011629598459484097
2019-09-13,Bandit Meta-Strategy (EXP3),-0.003202201547552898
2019-09-16,Bandit Meta-Strategy (EXP3),-0.0124339056019907
2019-09-17,Bandit Meta-Strategy (EXP3),-0.007817797094689242
2019-09-18,Bandit Meta-Strategy (EXP3),-0.006871111585249098
2019-09-19,Bandit Meta-Strategy (EXP3),-0.00606537133432742
2019-09-20,Bandit Meta-Strategy (EXP3),-0.010942154146337639
2019-09-23,Bandit Meta-Strategy (EXP3),-0.009727266695557173
2019-09-24,Bandit Meta-Strategy (EXP3),-0.015877266407980678
2019-09-25,Bandit Meta-Strategy (EXP3),-0.012963875437748159
2019-09-26,Bandit Meta-Strategy (EXP3),-0.012901281432029387
2019-09-27,Bandit Meta-Strategy (EXP3),-0.014228765404291658
2019-09-30,Bandit Meta-Strategy (EXP3),-0.014800858619495687
2019-10-01,Bandit Meta-Strategy (EXP3),-0.017594396413385317
2019-10-02,Bandit Meta-Strategy (EXP3),-0.03224293657806606
2019-10-03,Bandit Meta-Strategy (EXP3),-0.02569684986074028
2019-10-04,Bandit Meta-Strategy (EXP3),-0.012112291682246538
2019-10-07,Bandit Meta-Strategy (EXP3),-0.015156051349573015
2019-10-08,Bandit Meta-Strategy (EXP3),-0.026343723035887744
2019-10-09,Bandit Meta-Strategy (EXP3),-0.019503763391338018
2019-10-10,Bandit Meta-Strategy (EXP3),-0.013671908577429193
2019-10-11,Bandit Meta-Strategy (EXP3),-0.006167781884988443
2019-10-14,Bandit Meta-Strategy (EXP3),-0.00509383080935922
2019-10-15,Bandit Meta-Strategy (EXP3),0.0
2019-10-16,Bandit Meta-Strategy (EXP3),0.0
2019-10-17,Bandit Meta-Strategy (EXP3),0.0
2019-10-18,Bandit Meta-Strategy (EXP3),-0.013655084378663128
2019-10-21,Bandit Meta-Strategy (EXP3),-0.008012974062461565
2019-10-22,Bandit Meta-Strategy (EXP3),-0.014244905242509145
2019-10-23,Bandit Meta-Strategy (EXP3),-0.008832559897737798
2019-10-24,Bandit Meta-Strategy (EXP3),0.0
2019-10-25,Bandit Meta-Strategy (EXP3),0.0
2019-10-28,Bandit Meta-Strategy (EXP3),0.0
2019-10-29,Bandit Meta-Strategy (EXP3),-0.006453013419485144
2019-10-30,Bandit Meta-Strategy (EXP3),0.0
2019-10-31,Bandit Meta-Strategy (EXP3),-0.0013405117067159967
2019-11-01,Bandit Meta-Strategy (EXP3),0.0
2019-11-04,Bandit Meta-Strategy (EXP3),-0.0006465364034498561
2019-11-05,Bandit Meta-Strategy (EXP3),-0.00553974628309885
2019-11-06,Bandit Meta-Strategy (EXP3),-0.0028763249147852957
2019-11-07,Bandit Meta-Strategy (EXP3),0.0
2019-11-08,Bandit Meta-Strategy (EXP3),0.0
2019-11-11,Bandit Meta-Strategy (EXP3),-0.0011770333795189766
2019-11-12,Bandit Meta-Strategy (EXP3),0.0
2019-11-13,Bandit Meta-Strategy (EXP3),0.0
2019-11-14,Bandit Meta-Strategy (EXP3),0.0
2019-11-15,Bandit Meta-Strategy (EXP3),0.0
2019-11-18,Bandit Meta-Strategy (EXP3),0.0
2019-11-19,Bandit Meta-Strategy (EXP3),0.0
2019-11-20,Bandit Meta-Strategy (EXP3),-0.003150937966983174
2019-11-21,Bandit Meta-Strategy (EXP3),-0.001602329351126398
2019-11-22,Bandit Meta-Strategy (EXP3),-0.003471781626489801
2019-11-25,Bandit Meta-Strategy (EXP3),0.0
2019-11-26,Bandit Meta-Strategy (EXP3),0.0
2019-11-27,Bandit Meta-Strategy (EXP3),0.0
2019-11-29,Bandit Meta-Strategy (EXP3),-0.003232632038771984
2019-12-02,Bandit Meta-Strategy (EXP3),-0.007883460317296552
2019-12-03,Bandit Meta-Strategy (EXP3),-0.012173861862432224
2019-12-04,Bandit Meta-Strategy (EXP3),-0.008674456978612065
2019-12-05,Bandit Meta-Strategy (EXP3),-0.009474897056725192
2019-12-06,Bandit Meta-Strategy (EXP3),-0.0018909287037015212
2019-12-09,Bandit Meta-Strategy (EXP3),-0.003417203878048328
2019-12-10,Bandit Meta-Strategy (EXP3),-0.005663837950907231
2019-12-11,Bandit Meta-Strategy (EXP3),-0.001145821090338223
2019-12-12,Bandit Meta-Strategy (EXP3),0.0
2019-12-13,Bandit Meta-Strategy (EXP3),0.0
2019-12-16,Bandit Meta-Strategy (EXP3),0.0
2019-12-17,Bandit Meta-Strategy (EXP3),0.0
2019-12-18,Bandit Meta-Strategy (EXP3),0.0
2019-12-19,Bandit Meta-Strategy (EXP3),0.0
2019-12-20,Bandit Meta-Strategy (EXP3),0.0
2019-12-23,Bandit Meta-Strategy (EXP3),-0.0003033211681111537
2019-12-24,Bandit Meta-Strategy (EXP3),0.0
2019-12-26,Bandit Meta-Strategy (EXP3),0.0
2019-12-27,Bandit Meta-Strategy (EXP3),-0.00011375190540283653
2019-12-30,Bandit Meta-Strategy (EXP3),-0.011331228004157446
2019-12-31,Bandit Meta-Strategy (EXP3),-0.008098967484892184
2020-01-02,Bandit Meta-Strategy (EXP3),0.0
2020-01-03,Bandit Meta-Strategy (EXP3),-0.006328171718574113
2020-01-06,Bandit Meta-Strategy (EXP3),-0.00020089362151032557
2020-01-07,Bandit Meta-Strategy (EXP3),-0.0007110970143269531
2020-01-08,Bandit Meta-Strategy (EXP3),0.0
2020-01-09,Bandit Meta-Strategy (EXP3),0.0
2020-01-10,Bandit Meta-Strategy (EXP3),-0.0019782479929520364
2020-01-13,Bandit Meta-Strategy (EXP3),0.0
2020-01-14,Bandit Meta-Strategy (EXP3),0.0
2020-01-15,Bandit Meta-Strategy (EXP3),0.0
2020-01-16,Bandit Meta-Strategy (EXP3),0.0
2020-01-17,Bandit Meta-Strategy (EXP3),0.0
2020-01-21,Bandit Meta-Strategy (EXP3),0.0
2020-01-22,Bandit Meta-Strategy (EXP3),0.0
2020-01-23,Bandit Meta-Strategy (EXP3),0.0
2020-01-24,Bandit Meta-Strategy (EXP3),-0.00736774538128995
2020-01-27,Bandit Meta-Strategy (EXP3),-0.018863850870118014
2020-01-28,Bandit Meta-Strategy (EXP3),-0.012266506795008129
2020-01-29,Bandit Meta-Strategy (EXP3),-0.01087226763027051
2020-01-30,Bandit Meta-Strategy (EXP3),0.0
2020-01-31,Bandit Meta-Strategy (EXP3),-0.0006985901905443119
2020-02-03,Bandit Meta-Strategy (EXP3),0.0
2020-02-04,Bandit Meta-Strategy (EXP3),0.0
2020-02-05,Bandit Meta-Strategy (EXP3),-0.026093486995056002
2020-02-06,Bandit Meta-Strategy (EXP3),-0.019099558951830912
2020-02-07,Bandit Meta-Strategy (EXP3),-0.02487593768321566
2020-02-10,Bandit Meta-Strategy (EXP3),-0.011714783169880396
2020-02-11,Bandit Meta-Strategy (EXP3),-0.009984685503151703
2020-02-12,Bandit Meta-Strategy (EXP3),-0.004472237567248219
2020-02-13,Bandit Meta-Strategy (EXP3),0.0
2020-02-14,Bandit Meta-Strategy (EXP3),0.0
2020-02-18,Bandit Meta-Strategy (EXP3),0.0
2020-02-19,Bandit Meta-Strategy (EXP3),0.0
2020-02-20,Bandit Meta-Strategy (EXP3),-0.00949861730721634
2020-02-21,Bandit Meta-Strategy (EXP3),-0.0217777040214343
2020-02-24,Bandit Meta-Strategy (EXP3),-0.06910664351430734
2020-02-25,Bandit Meta-Strategy (EXP3),-0.09833024151907781
2020-02-26,Bandit Meta-Strategy (EXP3),-0.10017979071898876
2020-02-27,Bandit Meta-Strategy (EXP3),-0.15593378267435368
2020-02-28,Bandit Meta-Strategy (EXP3),-0.15657912132502558
2020-03-02,Bandit Meta-Strategy (EXP3),-0.11310273358506563
2020-03-03,Bandit Meta-Strategy (EXP3),-0.13613298407930777
2020-03-04,Bandit Meta-Strategy (EXP3),-0.09968050065405278
2020-03-05,Bandit Meta-Strategy (EXP3),-0.12632005026249216
2020-03-06,Bandit Meta-Strategy (EXP3),-0.13861172478589837
2020-03-09,Bandit Meta-Strategy (EXP3),-0.19494181267485436
2020-03-10,Bandit Meta-Strategy (EXP3),-0.15649270869565313
2020-03-11,Bandit Meta-Strategy (EXP3),-0.19834962302312514
2020-03-12,Bandit Meta-Strategy (EXP3),-0.2713691035904017
2020-03-13,Bandit Meta-Strategy (EXP3),-0.20763489019755085
2020-03-16,Bandit Meta-Strategy (EXP3),-0.28693395159136587
2020-03-17,Bandit Meta-Strategy (EXP3),-0.2433594546377038
2020-03-18,Bandit Meta-Strategy (EXP3),-0.26731454806592925
2020-03-19,Bandit Meta-Strategy (EXP3),-0.2728392593261087
2020-03-20,Bandit Meta-Strategy (EXP3),-0.31051230821030495
2020-03-23,Bandit Meta-Strategy (EXP3),-0.32226931124881164
2020-03-24,Bandit Meta-Strategy (EXP3),-0.2684009891498205
2020-03-25,Bandit Meta-Strategy (EXP3),-0.26715711817718696
2020-03-26,Bandit Meta-Strategy (EXP3),-0.2322417045481544
2020-03-27,Bandit Meta-Strategy (EXP3),-0.25437966606985074
2020-03-30,Bandit Meta-Strategy (EXP3),-0.22255718721503387
2020-03-31,Bandit Meta-Strategy (EXP3),-0.2229771585087568
2020-04-01,Bandit Meta-Strategy (EXP3),-0.24755157740928435
2020-04-02,Bandit Meta-Strategy (EXP3),-0.23032595073566564
2020-04-03,Bandit Meta-Strategy (EXP3),-0.22959474337228292
2020-04-06,Bandit Meta-Strategy (EXP3),-0.18623152137197965
2020-04-07,Bandit Meta-Strategy (EXP3),-0.1909991974055892
2020-04-08,Bandit Meta-Strategy (EXP3),-0.17633283203655528
2020-04-09,Bandit Meta-Strategy (EXP3),-0.16576634558886097
2020-04-13,Bandit Meta-Strategy (EXP3),-0.1465183936450856
2020-04-14,Bandit Meta-Strategy (EXP3),-0.1113553146702295
2020-04-15,Bandit Meta-Strategy (EXP3),-0.113887864331388
2020-04-16,Bandit Meta-Strategy (EXP3),-0.10406759963825912
2020-04-17,Bandit Meta-Strategy (EXP3),-0.09114244821954746
2020-04-20,Bandit Meta-Strategy (EXP3),-0.10406009830049606
2020-04-21,Bandit Meta-Strategy (EXP3),-0.1274136664373579
2020-04-22,Bandit Meta-Strategy (EXP3),-0.1091317677312969
2020-04-23,Bandit Meta-Strategy (EXP3),-0.11379381232631991
2020-04-24,Bandit Meta-Strategy (EXP3),-0.10497211793106925
2020-04-27,Bandit Meta-Strategy (EXP3),-0.0856794217753982
2020-04-28,Bandit Meta-Strategy (EXP3),-0.09895667393242973
2020-04-29,Bandit Meta-Strategy (EXP3),-0.08568456384320196
2020-04-30,Bandit Meta-Strategy (EXP3),-0.08588138975442064
2020-05-01,Bandit Meta-Strategy (EXP3),-0.11095664439158631
2020-05-04,Bandit Meta-Strategy (EXP3),-0.09889042501888837
2020-05-05,Bandit Meta-Strategy (EXP3),-0.09404041549757076
2020-05-06,Bandit Meta-Strategy (EXP3),-0.0954715612642141
2020-05-07,Bandit Meta-Strategy (EXP3),-0.09481959139479132
2020-05-08,Bandit Meta-Strategy (EXP3),-0.07752286506588696
2020-05-11,Bandit Meta-Strategy (EXP3),-0.07646619364530015
2020-05-12,Bandit Meta-Strategy (EXP3),-0.09089304098052743
2020-05-13,Bandit Meta-Strategy (EXP3),-0.10052241923166953
2020-05-14,Bandit Meta-Strategy (EXP3),-0.09065916447255147
2020-05-15,Bandit Meta-Strategy (EXP3),-0.08120186034929396
2020-05-18,Bandit Meta-Strategy (EXP3),-0.06027306923577605
2020-05-19,Bandit Meta-Strategy (EXP3),-0.07147730667985198
2020-05-20,Bandit Meta-Strategy (EXP3),-0.059290284014950255
2020-05-21,Bandit Meta-Strategy (EXP3),-0.06774475045445527
2020-05-22,Bandit Meta-Strategy (EXP3),-0.07089195591060714
2020-05-26,Bandit Meta-Strategy (EXP3),-0.06700148463002474
2020-05-27,Bandit Meta-Strategy (EXP3),-0.06311740559397772
2020-05-28,Bandit Meta-Strategy (EXP3),-0.0662204638492233
2020-05-29,Bandit Meta-Strategy (EXP3),-0.06694021734027743
2020-06-01,Bandit Meta-Strategy (EXP3),-0.057145062589424166
2020-06-02,Bandit Meta-Strategy (EXP3),-0.051875115598472514
2020-06-03,Bandit Meta-Strategy (EXP3),-0.030702033114260487
2020-06-04,Bandit Meta-Strategy (EXP3),-0.02835028320892802
2020-06-05,Bandit Meta-Strategy (EXP3),0.0
2020-06-08,Bandit Meta-Strategy (EXP3),0.0
2020-06-09,Bandit Meta-Strategy (EXP3),-0.009224252350170405
2020-06-10,Bandit Meta-Strategy (EXP3),-0.02420498158807256
2020-06-11,Bandit Meta-Strategy (EXP3),-0.08818946878472374
2020-06-12,Bandit Meta-Strategy (EXP3),-0.07807659047825276
2020-06-15,Bandit Meta-Strategy (EXP3),-0.06767429737277567
2020-06-16,Bandit Meta-Strategy (EXP3),-0.05405231522236281
2020-06-17,Bandit Meta-Strategy (EXP3),-0.06407390790191514
2020-06-18,Bandit Meta-Strategy (EXP3),-0.06263420221505527
2020-06-19,Bandit Meta-Strategy (EXP3),-0.06864748884433142
2020-06-22,Bandit Meta-Strategy (EXP3),-0.06602556969752187
2020-06-23,Bandit Meta-Strategy (EXP3),-0.061384857536865844
2020-06-24,Bandit Meta-Strategy (EXP3),-0.08945082664974723
2020-06-25,Bandit Meta-Strategy (EXP3),-0.07626330286332625
2020-06-26,Bandit Meta-Strategy (EXP3),-0.10775517559905377
2020-06-29,Bandit Meta-Strategy (EXP3),-0.09506456117394255
2020-06-30,Bandit Meta-Strategy (EXP3),-0.09588585544542133
2020-07-01,Bandit Meta-Strategy (EXP3),-0.08308538265420558
2020-07-02,Bandit Meta-Strategy (EXP3),-0.07613366841197049
2020-07-06,Bandit Meta-Strategy (EXP3),-0.05477642609217411
2020-07-07,Bandit Meta-Strategy (EXP3),-0.05033131093663062
2020-07-08,Bandit Meta-Strategy (EXP3),-0.04820419715858605
2020-07-09,Bandit Meta-Strategy (EXP3),-0.04149182870499221
2020-07-10,Bandit Meta-Strategy (EXP3),-0.020988267110689435
2020-07-13,Bandit Meta-Strategy (EXP3),-0.024716832966226593
2020-07-14,Bandit Meta-Strategy (EXP3),-0.014132931463760202
2020-07-15,Bandit Meta-Strategy (EXP3),-0.01217157430202563
2020-07-16,Bandit Meta-Strategy (EXP3),-0.015714131519464946
2020-07-17,Bandit Meta-Strategy (EXP3),-0.01885207548859689
2020-07-20,Bandit Meta-Strategy (EXP3),0.0
2020-07-21,Bandit Meta-Strategy (EXP3),-0.0014611562846330107
2020-07-22,Bandit Meta-Strategy (EXP3),0.0
2020-07-23,Bandit Meta-Strategy (EXP3),-0.014746371750605352
2020-07-24,Bandit Meta-Strategy (EXP3),-0.0230378688312772
2020-07-27,Bandit Meta-Strategy (EXP3),-0.01521719696027239
2020-07-28,Bandit Meta-Strategy (EXP3),-0.016160397861569323
2020-07-29,Bandit Meta-Strategy (EXP3),-0.011542141610682661
2020-07-30,Bandit Meta-Strategy (EXP3),-0.015828859799697635
2020-07-31,Bandit Meta-Strategy (EXP3),-0.01272438645859636
2020-08-03,Bandit Meta-Strategy (EXP3),-0.010300324942310512
2020-08-04,Bandit Meta-Strategy (EXP3),-0.0026000217999527916
2020-08-05,Bandit Meta-Strategy (EXP3),0.0
2020-08-06,Bandit Meta-Strategy (EXP3),0.0
2020-08-07,Bandit Meta-Strategy (EXP3),-0.002456932163465423
2020-08-10,Bandit Meta-Strategy (EXP3),-0.002189219486624939
2020-08-11,Bandit Meta-Strategy (EXP3),-0.013747628664066472
2020-08-12,Bandit Meta-Strategy (EXP3),0.0
2020-08-13,Bandit Meta-Strategy (EXP3),-0.0006035729387704803
2020-08-14,Bandit Meta-Strategy (EXP3),0.0
2020-08-17,Bandit Meta-Strategy (EXP3),0.0
2020-08-18,Bandit Meta-Strategy (EXP3),0.0
2020-08-19,Bandit Meta-Strategy (EXP3),-0.008173555114563339
2020-08-20,Bandit Meta-Strategy (EXP3),-0.0004426251053434512
2020-08-21,Bandit Meta-Strategy (EXP3),0.0
2020-08-24,Bandit Meta-Strategy (EXP3),0.0
2020-08-25,Bandit Meta-Strategy (EXP3),-0.0006072851325740782
2020-08-26,Bandit Meta-Strategy (EXP3),0.0
2020-08-27,Bandit Meta-Strategy (EXP3),0.0
2020-08-28,Bandit Meta-Strategy (EXP3),0.0
2020-08-31,Bandit Meta-Strategy (EXP3),-0.0010125327467593002
2020-09-01,Bandit Meta-Strategy (EXP3),0.0
2020-09-02,Bandit Meta-Strategy (EXP3),-0.005587586154674379
2020-09-03,Bandit Meta-Strategy (EXP3),-0.045322219072583506
2020-09-04,Bandit Meta-Strategy (EXP3),-0.043698289836256794
2020-09-08,Bandit Meta-Strategy (EXP3),-0.09902982972437209
2020-09-09,Bandit Meta-Strategy (EXP3),-0.07566344975355994
2020-09-10,Bandit Meta-Strategy (EXP3),-0.09138306651882049
2020-09-11,Bandit Meta-Strategy (EXP3),-0.09100393612602937
2020-09-14,Bandit Meta-Strategy (EXP3),-0.06865102230131039
2020-09-15,Bandit Meta-Strategy (EXP3),-0.061019418958615936
2020-09-16,Bandit Meta-Strategy (EXP3),-0.06591026487123618
2020-09-17,Bandit Meta-Strategy (EXP3),-0.07830772797127625
2020-09-18,Bandit Meta-Strategy (EXP3),-0.0814141036271684
2020-09-21,Bandit Meta-Strategy (EXP3),-0.08334244323896327
2020-09-22,Bandit Meta-Strategy (EXP3),-0.08873389883639995
2020-09-23,Bandit Meta-Strategy (EXP3),-0.12297596432119534
2020-09-24,Bandit Meta-Strategy (EXP3),-0.11806715213712371
2020-09-25,Bandit Meta-Strategy (EXP3),-0.10048364446517853
2020-09-28,Bandit Meta-Strategy (EXP3),-0.0831110699246221
2020-09-29,Bandit Meta-Strategy (EXP3),-0.09023164370193573
2020-09-30,Bandit Meta-Strategy (EXP3),-0.09053699590036304
2020-10-01,Bandit Meta-Strategy (EXP3),-0.08137770161264474
2020-10-02,Bandit Meta-Strategy (EXP3),-0.10141596008190192
2020-10-05,Bandit Meta-Strategy (EXP3),-0.08470264094033203
2020-10-06,Bandit Meta-Strategy (EXP3),-0.09983500602518101
2020-10-07,Bandit Meta-Strategy (EXP3),-0.08533943890479778
2020-10-08,Bandit Meta-Strategy (EXP3),-0.0760112476639146
2020-10-09,Bandit Meta-Strategy (EXP3),-0.06837041421840473
2020-10-12,Bandit Meta-Strategy (EXP3),-0.0533677655684237
2020-10-13,Bandit Meta-Strategy (EXP3),-0.055292116533970904
2020-10-14,Bandit Meta-Strategy (EXP3),-0.05906128545091843
2020-10-15,Bandit Meta-Strategy (EXP3),-0.062074202310728646
2020-10-16,Bandit Meta-Strategy (EXP3),-0.06625060828933915
2020-10-19,Bandit Meta-Strategy (EXP3),-0.08202328772359802
2020-10-20,Bandit Meta-Strategy (EXP3),-0.0800917025001815
2020-10-21,Bandit Meta-Strategy (EXP3),-0.08641481525678531
2020-10-22,Bandit Meta-Strategy (EXP3),-0.0789480194357837
2020-10-23,Bandit Meta-Strategy (EXP3),-0.07842753777376152
2020-10-26,Bandit Meta-Strategy (EXP3),-0.09013859024423487
2020-10-27,Bandit Meta-Strategy (EXP3),-0.08924044737271551
2020-10-28,Bandit Meta-Strategy (EXP3),-0.12237006650732322
2020-10-29,Bandit Meta-Strategy (EXP3),-0.10921979914694639
2020-10-30,Bandit Meta-Strategy (EXP3),-0.10966149487668951
2020-11-02,Bandit Meta-Strategy (EXP3),-0.0944300210305071
2020-11-03,Bandit Meta-Strategy (EXP3),-0.08070653469870032
2020-11-04,Bandit Meta-Strategy (EXP3),-0.0701942762210978
2020-11-05,Bandit Meta-Strategy (EXP3),-0.05391603810913632
2020-11-06,Bandit Meta-Strategy (EXP3),-0.05422127665780424
2020-11-09,Bandit Meta-Strategy (EXP3),-0.03982870123068367
2020-11-10,Bandit Meta-Strategy (EXP3),-0.04258802381569046
2020-11-11,Bandit Meta-Strategy (EXP3),-0.0343379301029722
2020-11-12,Bandit Meta-Strategy (EXP3),-0.04386065360459796
2020-11-13,Bandit Meta-Strategy (EXP3),-0.036097787508490596
2020-11-16,Bandit Meta-Strategy (EXP3),-0.02442832262477041
2020-11-17,Bandit Meta-Strategy (EXP3),-0.017229104856650482
2020-11-18,Bandit Meta-Strategy (EXP3),-0.012226347892288011
2020-11-19,Bandit Meta-Strategy (EXP3),-0.004207989046442128
2020-11-20,Bandit Meta-Strategy (EXP3),-0.014359155732391169
2020-11-23,Bandit Meta-Strategy (EXP3),0.0
2020-11-24,Bandit Meta-Strategy (EXP3),0.0
2020-11-25,Bandit Meta-Strategy (EXP3),0.0
2020-11-27,Bandit Meta-Strategy (EXP3),0.0
2020-11-30,Bandit Meta-Strategy (EXP3),-0.0007540451434924314
2020-12-01,Bandit Meta-Strategy (EXP3),0.0
2020-12-02,Bandit Meta-Strategy (EXP3),0.0
2020-12-03,Bandit Meta-Strategy (EXP3),-0.0019325853232045338
2020-12-04,Bandit Meta-Strategy (EXP3),0.0
2020-12-07,Bandit Meta-Strategy (EXP3),0.0
2020-12-08,Bandit Meta-Strategy (EXP3),0.0
2020-12-09,Bandit Meta-Strategy (EXP3),-0.013865354141150638
2020-12-10,Bandit Meta-Strategy (EXP3),-0.010855151142246671
2020-12-11,Bandit Meta-Strategy (EXP3),-0.009951890758720392
2020-12-14,Bandit Meta-Strategy (EXP3),-0.013574372871932158
2020-12-15,Bandit Meta-Strategy (EXP3),-0.0074290064922215085
2020-12-16,Bandit Meta-Strategy (EXP3),-0.007830891677165823
2020-12-17,Bandit Meta-Strategy (EXP3),0.0
2020-12-18,Bandit Meta-Strategy (EXP3),0.0
2020-12-21,Bandit Meta-Strategy (EXP3),-0.00848344142339483
2020-12-22,Bandit Meta-Strategy (EXP3),-0.015140139662978528
2020-12-23,Bandit Meta-Strategy (EXP3),-0.015391267224191912
2020-12-24,Bandit Meta-Strategy (EXP3),-0.011551691990147711
2020-12-28,Bandit Meta-Strategy (EXP3),-0.0010606126181772928
2020-12-29,Bandit Meta-Strategy (EXP3),-0.0005143509270523831
2020-12-30,Bandit Meta-Strategy (EXP3),0.0
2020-12-31,Bandit Meta-Strategy (EXP3),-0.0006650368508420975
2021-01-04,Bandit Meta-Strategy (EXP3),-0.00911193219016307
2021-01-05,Bandit Meta-Strategy (EXP3),-0.003320940739459225
2021-01-06,Bandit Meta-Strategy (EXP3),-0.006018513529210014
2021-01-07,Bandit Meta-Strategy (EXP3),0.0
2021-01-08,Bandit Meta-Strategy (EXP3),0.0
2021-01-11,Bandit Meta-Strategy (EXP3),-0.007325810399051697
2021-01-12,Bandit Meta-Strategy (EXP3),-0.004477514101828539
2021-01-13,Bandit Meta-Strategy (EXP3),-0.0036603651872264805
2021-01-14,Bandit Meta-Strategy (EXP3),-0.009984095936907252
2021-01-15,Bandit Meta-Strategy (EXP3),-0.01631803933010598
2021-01-19,Bandit Meta-Strategy (EXP3),-0.01297448999340073
2021-01-20,Bandit Meta-Strategy (EXP3),-5.371392490290407e-05
2021-01-21,Bandit Meta-Strategy (EXP3),0.0
2021-01-22,Bandit Meta-Strategy (EXP3),0.0
2021-01-25,Bandit Meta-Strategy (EXP3),0.0
2021-01-26,Bandit Meta-Strategy (EXP3),0.0
2021-01-27,Bandit Meta-Strategy (EXP3),-0.02633102607015132
2021-01-28,Bandit Meta-Strategy (EXP3),-0.01974387546567798
2021-01-29,Bandit Meta-Strategy (EXP3),-0.020389393553928836
2021-02-01,Bandit Meta-Strategy (EXP3),-0.008235568774923067
2021-02-02,Bandit Meta-Strategy (EXP3),0.0
2021-02-03,Bandit Meta-Strategy (EXP3),-0.0007881800817573583
2021-02-04,Bandit Meta-Strategy (EXP3),0.0
2021-02-05,Bandit Meta-Strategy (EXP3),0.0
2021-02-08,Bandit Meta-Strategy (EXP3),0.0
2021-02-09,Bandit Meta-Strategy (EXP3),-0.0022914173776355934
2021-02-10,Bandit Meta-Strategy (EXP3),-0.004239224074271139
2021-02-11,Bandit Meta-Strategy (EXP3),-0.0022624967832899356
2021-02-12,Bandit Meta-Strategy (EXP3),-0.0011553025784282857
2021-02-16,Bandit Meta-Strategy (EXP3),-0.00032230040154539505
2021-02-17,Bandit Meta-Strategy (EXP3),0.0
2021-02-18,Bandit Meta-Strategy (EXP3),-0.009399951437482752
2021-02-19,Bandit Meta-Strategy (EXP3),-0.017545344012711305
2021-02-22,Bandit Meta-Strategy (EXP3),-0.023191006817631605
2021-02-23,Bandit Meta-Strategy (EXP3),-0.021935563648801646
2021-02-24,Bandit Meta-Strategy (EXP3),-0.013919541671962953
2021-02-25,Bandit Meta-Strategy (EXP3),-0.03649396553989292
2021-02-26,Bandit Meta-Strategy (EXP3),-0.03727068047022239
2021-03-01,Bandit Meta-Strategy (EXP3),-0.00988958224635008
2021-03-02,Bandit Meta-Strategy (EXP3),-0.02638610967612526
2021-03-03,Bandit Meta-Strategy (EXP3),-0.04206017618683993
2021-03-04,Bandit Meta-Strategy (EXP3),-0.05463799457269916
2021-03-05,Bandit Meta-Strategy (EXP3),-0.04767510949489857
2021-03-08,Bandit Meta-Strategy (EXP3),-0.06603097180341985
2021-03-09,Bandit Meta-Strategy (EXP3),-0.02821730281606408
2021-03-10,Bandit Meta-Strategy (EXP3),-0.02424323075170672
2021-03-11,Bandit Meta-Strategy (EXP3),-0.008620144945367319
2021-03-12,Bandit Meta-Strategy (EXP3),-0.011184389302448307
2021-03-15,Bandit Meta-Strategy (EXP3),0.0
2021-03-16,Bandit Meta-Strategy (EXP3),-0.00012734442109603341
2021-03-17,Bandit Meta-Strategy (EXP3),0.0
2021-03-18,Bandit Meta-Strategy (EXP3),-0.02500590224705686
2021-03-19,Bandit Meta-Strategy (EXP3),-0.019655023914577376
2021-03-22,Bandit Meta-Strategy (EXP3),-0.006351001972176814
2021-03-23,Bandit Meta-Strategy (EXP3),-0.011416027451559292
2021-03-24,Bandit Meta-Strategy (EXP3),-0.0257721159784553
2021-03-25,Bandit Meta-Strategy (EXP3),-0.02451297406756651
2021-03-26,Bandit Meta-Strategy (EXP3),-0.018199746897478445
2021-03-29,Bandit Meta-Strategy (EXP3),-0.01190997252917986
2021-03-30,Bandit Meta-Strategy (EXP3),-0.013977089230405242
2021-03-31,Bandit Meta-Strategy (EXP3),-0.014759182431138643
2021-04-01,Bandit Meta-Strategy (EXP3),-0.00872750029300011
2021-04-05,Bandit Meta-Strategy (EXP3),0.0
2021-04-06,Bandit Meta-Strategy (EXP3),-0.00028687756541336847
2021-04-07,Bandit Meta-Strategy (EXP3),0.0
2021-04-08,Bandit Meta-Strategy (EXP3),0.0
2021-04-09,Bandit Meta-Strategy (EXP3),0.0
2021-04-12,Bandit Meta-Strategy (EXP3),0.0
2021-04-13,Bandit Meta-Strategy (EXP3),0.0
2021-04-14,Bandit Meta-Strategy (EXP3),-0.00549097495830532
2021-04-15,Bandit Meta-Strategy (EXP3),0.0
2021-04-16,Bandit Meta-Strategy (EXP3),0.0
2021-04-19,Bandit Meta-Strategy (EXP3),-0.0033228023468059053
2021-04-20,Bandit Meta-Strategy (EXP3),-0.0035961199106291698
2021-04-21,Bandit Meta-Strategy (EXP3),-0.0001560746920002369
2021-04-22,Bandit Meta-Strategy (EXP3),-0.015117525716716278
2021-04-23,Bandit Meta-Strategy (EXP3),-0.010795542421060624
2021-04-26,Bandit Meta-Strategy (EXP3),-0.012873831407045924
2021-04-27,Bandit Meta-Strategy (EXP3),-0.014937731379089448
2021-04-28,Bandit Meta-Strategy (EXP3),-0.011861885679506561
2021-04-29,Bandit Meta-Strategy (EXP3),-0.0053698954972025755
2021-04-30,Bandit Meta-Strategy (EXP3),-0.005813015501689359
2021-05-03,Bandit Meta-Strategy (EXP3),0.0
2021-05-04,Bandit Meta-Strategy (EXP3),-0.0043675249028470725
2021-05-05,Bandit Meta-Strategy (EXP3),-0.007180214607801625
2021-05-06,Bandit Meta-Strategy (EXP3),-0.0026287849396445548
2021-05-07,Bandit Meta-Strategy (EXP3),0.0
2021-05-10,Bandit Meta-Strategy (EXP3),0.0
2021-05-11,Bandit Meta-Strategy (EXP3),-0.008122507516216413
2021-05-12,Bandit Meta-Strategy (EXP3),-0.022252745539430276
2021-05-13,Bandit Meta-Strategy (EXP3),-0.01098693857858419
2021-05-14,Bandit Meta-Strategy (EXP3),-0.004036790577822757
2021-05-17,Bandit Meta-Strategy (EXP3),-0.00594690288070467
2021-05-18,Bandit Meta-Strategy (EXP3),-0.007134752512914877
2021-05-19,Bandit Meta-Strategy (EXP3),-0.008929973496225667
2021-05-20,Bandit Meta-Strategy (EXP3),0.0
2021-05-21,Bandit Meta-Strategy (EXP3),-0.0016491198807958428
2021-05-24,Bandit Meta-Strategy (EXP3),0.0
2021-05-25,Bandit Meta-Strategy (EXP3),-0.00075992532597787
2021-05-26,Bandit Meta-Strategy (EXP3),-0.001987835468914965
2021-05-27,Bandit Meta-Strategy (EXP3),-0.0073237618145253446
2021-05-28,Bandit Meta-Strategy (EXP3),-0.007884985333971202
2021-06-01,Bandit Meta-Strategy (EXP3),-0.010729875259858065
2021-06-02,Bandit Meta-Strategy (EXP3),-0.008470294038260518
2021-06-03,Bandit Meta-Strategy (EXP3),-0.01033545106624332
2021-06-04,Bandit Meta-Strategy (EXP3),-0.0022623309426546504
2021-06-07,Bandit Meta-Strategy (EXP3),-0.0031965595015780615
2021-06-08,Bandit Meta-Strategy (EXP3),-0.00624184225128458
2021-06-09,Bandit Meta-Strategy (EXP3),-0.006158178987249873
2021-06-10,Bandit Meta-Strategy (EXP3),0.0
2021-06-11,Bandit Meta-Strategy (EXP3),-0.00022426902590088948
2021-06-14,Bandit Meta-Strategy (EXP3),0.0
2021-06-15,Bandit Meta-Strategy (EXP3),-0.004321166487696551
2021-06-16,Bandit Meta-Strategy (EXP3),-0.010821531142316657
2021-06-17,Bandit Meta-Strategy (EXP3),-0.005448178526582261
2021-06-18,Bandit Meta-Strategy (EXP3),-0.017772236002720477
2021-06-21,Bandit Meta-Strategy (EXP3),-0.008515814077990631
2021-06-22,Bandit Meta-Strategy (EXP3),-0.00071284783518833
2021-06-23,Bandit Meta-Strategy (EXP3),-0.0006984067257306909
2021-06-24,Bandit Meta-Strategy (EXP3),0.0
2021-06-25,Bandit Meta-Strategy (EXP3),0.0
2021-06-28,Bandit Meta-Strategy (EXP3),0.0
2021-06-29,Bandit Meta-Strategy (EXP3),-0.0024792353098616305
2021-06-30,Bandit Meta-Strategy (EXP3),0.0
2021-07-01,Bandit Meta-Strategy (EXP3),0.0
2021-07-02,Bandit Meta-Strategy (EXP3),0.0
2021-07-06,Bandit Meta-Strategy (EXP3),-0.0018575972700241674
2021-07-07,Bandit Meta-Strategy (EXP3),-0.0017040723232971135
2021-07-08,Bandit Meta-Strategy (EXP3),-0.007177637635987911
2021-07-09,Bandit Meta-Strategy (EXP3),0.0
2021-07-12,Bandit Meta-Strategy (EXP3),0.0
2021-07-13,Bandit Meta-Strategy (EXP3),-0.0014315273217363022
2021-07-14,Bandit Meta-Strategy (EXP3),0.0
2021-07-15,Bandit Meta-Strategy (EXP3),-0.003129918324243536
2021-07-16,Bandit Meta-Strategy (EXP3),-0.010757493011461871
2021-07-19,Bandit Meta-Strategy (EXP3),-0.020795560261991072
2021-07-20,Bandit Meta-Strategy (EXP3),-0.044747380797203015
2021-07-21,Bandit Meta-Strategy (EXP3),-0.04225946279935217
2021-07-22,Bandit Meta-Strategy (EXP3),-0.04198235727652091
2021-07-23,Bandit Meta-Strategy (EXP3),-0.031545736054788255
2021-07-26,Bandit Meta-Strategy (EXP3),-0.026791851014546134
2021-07-27,Bandit Meta-Strategy (EXP3),-0.02941149989589947
2021-07-28,Bandit Meta-Strategy (EXP3),-0.028902903021635194
2021-07-29,Bandit Meta-Strategy (EXP3),-0.02777909834915457
2021-07-30,Bandit Meta-Strategy (EXP3),-0.02808261989427204
2021-08-02,Bandit Meta-Strategy (EXP3),-0.02755296930069603
2021-08-03,Bandit Meta-Strategy (EXP3),-0.02027172969532418
2021-08-04,Bandit Meta-Strategy (EXP3),-0.02331268479477515
2021-08-05,Bandit Meta-Strategy (EXP3),-0.014390803639408117
2021-08-06,Bandit Meta-Strategy (EXP3),-0.01526556870915947
2021-08-09,Bandit Meta-Strategy (EXP3),-0.012936477552423354
2021-08-10,Bandit Meta-Strategy (EXP3),-0.007505262121761255
2021-08-11,Bandit Meta-Strategy (EXP3),-0.010306205560373701
2021-08-12,Bandit Meta-Strategy (EXP3),-0.006389637521078406
2021-08-13,Bandit Meta-Strategy (EXP3),-0.002427911057705795
2021-08-16,Bandit Meta-Strategy (EXP3),-0.0019608897005145808
2021-08-17,Bandit Meta-Strategy (EXP3),-0.008055460596145113
2021-08-18,Bandit Meta-Strategy (EXP3),-0.01717749527096627
2021-08-19,Bandit Meta-Strategy (EXP3),-0.014498455808449528
2021-08-20,Bandit Meta-Strategy (EXP3),-0.006425177034654223
2021-08-23,Bandit Meta-Strategy (EXP3),0.0
2021-08-24,Bandit Meta-Strategy (EXP3),-0.003637067067453287
2021-08-25,Bandit Meta-Strategy (EXP3),-0.004000193687993098
2021-08-26,Bandit Meta-Strategy (EXP3),-0.009721064218792442
2021-08-27,Bandit Meta-Strategy (EXP3),-0.0021991220027979285
2021-08-30,Bandit Meta-Strategy (EXP3),0.0
2021-08-31,Bandit Meta-Strategy (EXP3),-0.00046682694343911686
2021-09-01,Bandit Meta-Strategy (EXP3),0.0
2021-09-02,Bandit Meta-Strategy (EXP3),0.0
2021-09-03,Bandit Meta-Strategy (EXP3),0.0
2021-09-07,Bandit Meta-Strategy (EXP3),0.0
2021-09-08,Bandit Meta-Strategy (EXP3),-0.00042535993403636333
2021-09-09,Bandit Meta-Strategy (EXP3),-0.0054722774497124324
2021-09-10,Bandit Meta-Strategy (EXP3),-0.010679826924275042
2021-09-13,Bandit Meta-Strategy (EXP3),-0.009559077116770972
2021-09-14,Bandit Meta-Strategy (EXP3),-0.016491667424458314
2021-09-15,Bandit Meta-Strategy (EXP3),-0.010134053990369119
2021-09-16,Bandit Meta-Strategy (EXP3),-0.01208353356231262
2021-09-17,Bandit Meta-Strategy (EXP3),-0.017678988667341168
2021-09-20,Bandit Meta-Strategy (EXP3),-0.033889251120905066
2021-09-21,Bandit Meta-Strategy (EXP3),-0.03604324294940261
2021-09-22,Bandit Meta-Strategy (EXP3),-0.024297765522610728
2021-09-23,Bandit Meta-Strategy (EXP3),-0.012587429172085315
2021-09-24,Bandit Meta-Strategy (EXP3),-0.01159784733632922
2021-09-27,Bandit Meta-Strategy (EXP3),-0.01001356265514295
2021-09-28,Bandit Meta-Strategy (EXP3),-0.023752164214683864
2021-09-29,Bandit Meta-Strategy (EXP3),-0.018568177447607106
2021-09-30,Bandit Meta-Strategy (EXP3),-0.019075005961224023
2021-10-01,Bandit Meta-Strategy (EXP3),-0.009343564458309687
2021-10-04,Bandit Meta-Strategy (EXP3),-0.022656069874962402
2021-10-05,Bandit Meta-Strategy (EXP3),-0.012900098927102335
2021-10-06,Bandit Meta-Strategy (EXP3),-0.007754095443880162
2021-10-07,Bandit Meta-Strategy (EXP3),0.0
2021-10-08,Bandit Meta-Strategy (EXP3),-0.0006488496477332655
2021-10-11,Bandit Meta-Strategy (EXP3),-0.006896274428832386
2021-10-12,Bandit Meta-Strategy (EXP3),-0.01047673958399439
2021-10-13,Bandit Meta-Strategy (EXP3),-0.010303796764410325
2021-10-14,Bandit Meta-Strategy (EXP3),0.0
2021-10-15,Bandit Meta-Strategy (EXP3),0.0
2021-10-18,Bandit Meta-Strategy (EXP3),0.0
2021-10-19,Bandit Meta-Strategy (EXP3),0.0
2021-10-20,Bandit Meta-Strategy (EXP3),0.0
2021-10-21,Bandit Meta-Strategy (EXP3),0.0
2021-10-22,Bandit Meta-Strategy (EXP3),0.0
2021-10-25,Bandit Meta-Strategy (EXP3),0.0
2021-10-26,Bandit Meta-Strategy (EXP3),0.0
2021-10-27,Bandit Meta-Strategy (EXP3),-0.0061797866541612855
2021-10-28,Bandit Meta-Strategy (EXP3),0.0
2021-10-29,Bandit Meta-Strategy (EXP3),0.0
2021-11-01,Bandit Meta-Strategy (EXP3),0.0
2021-11-02,Bandit Meta-Strategy (EXP3),0.0
2021-11-03,Bandit Meta-Strategy (EXP3),0.0
2021-11-04,Bandit Meta-Strategy (EXP3),0.0
2021-11-05,Bandit Meta-Strategy (EXP3),0.0
2021-11-08,Bandit Meta-Strategy (EXP3),-0.0012169396047025849
2021-11-09,Bandit Meta-Strategy (EXP3),-0.011623016029533457
2021-11-10,Bandit Meta-Strategy (EXP3),-0.012667915217008083
2021-11-11,Bandit Meta-Strategy (EXP3),-0.013133587482760842
2021-11-12,Bandit Meta-Strategy (EXP3),-0.009730478904061233
2021-11-15,Bandit Meta-Strategy (EXP3),-0.01213971341239106
2021-11-16,Bandit Meta-Strategy (EXP3),-0.006322879258113075
2021-11-17,Bandit Meta-Strategy (EXP3),-0.008126773403531826
2021-11-18,Bandit Meta-Strategy (EXP3),-0.0008291496079704152
2021-11-19,Bandit Meta-Strategy (EXP3),-0.0014449951134051068
2021-11-22,Bandit Meta-Strategy (EXP3),-0.005732842449365403
2021-11-23,Bandit Meta-Strategy (EXP3),-0.004383471474572634
2021-11-24,Bandit Meta-Strategy (EXP3),0.0
2021-11-26,Bandit Meta-Strategy (EXP3),-0.016664376915775853
2021-11-29,Bandit Meta-Strategy (EXP3),-0.006931089756215883
2021-11-30,Bandit Meta-Strategy (EXP3),-0.00748660495872982
2021-12-01,Bandit Meta-Strategy (EXP3),-0.014685752724417337
2021-12-02,Bandit Meta-Strategy (EXP3),-0.010061086668221548
2021-12-03,Bandit Meta-Strategy (EXP3),-0.012232585377970472
2021-12-06,Bandit Meta-Strategy (EXP3),-0.007592854734904177
2021-12-07,Bandit Meta-Strategy (EXP3),0.0
2021-12-08,Bandit Meta-Strategy (EXP3),-0.0007981341857113189
2021-12-09,Bandit Meta-Strategy (EXP3),-0.002797058542699643
2021-12-10,Bandit Meta-Strategy (EXP3),0.0
2021-12-13,Bandit Meta-Strategy (EXP3),-0.0008327652085209719
2021-12-14,Bandit Meta-Strategy (EXP3),-0.001552196498123213
2021-12-15,Bandit Meta-Strategy (EXP3),0.0
2021-12-16,Bandit Meta-Strategy (EXP3),0.0
2021-12-17,Bandit Meta-Strategy (EXP3),-0.019493443332178607
2021-12-20,Bandit Meta-Strategy (EXP3),-0.019388832942600482
2021-12-21,Bandit Meta-Strategy (EXP3),-0.013428630483863637
2021-12-22,Bandit Meta-Strategy (EXP3),-0.0023880142234396014
2021-12-23,Bandit Meta-Strategy (EXP3),-0.0015372753669913618
2021-12-27,Bandit Meta-Strategy (EXP3),0.0
2021-12-28,Bandit Meta-Strategy (EXP3),-0.0022412690682684444
2021-12-29,Bandit Meta-Strategy (EXP3),-0.002504643158963309
2021-12-30,Bandit Meta-Strategy (EXP3),-0.001692235147160795
2021-12-31,Bandit Meta-Strategy (EXP3),-0.0021211673341153684
2022-01-03,Bandit Meta-Strategy (EXP3),0.0
2022-01-04,Bandit Meta-Strategy (EXP3),-0.00325354756504873
2022-01-05,Bandit Meta-Strategy (EXP3),-0.013658288517350688
2022-01-06,Bandit Meta-Strategy (EXP3),-0.015119118472864807
2022-01-07,Bandit Meta-Strategy (EXP3),-0.01599361692417097
2022-01-10,Bandit Meta-Strategy (EXP3),-0.018596920363612823
2022-01-11,Bandit Meta-Strategy (EXP3),-0.01297912035482333
2022-01-12,Bandit Meta-Strategy (EXP3),-0.01148570900344928
2022-01-13,Bandit Meta-Strategy (EXP3),-0.024808770207571888
2022-01-14,Bandit Meta-Strategy (EXP3),-0.028345435806398808
2022-01-18,Bandit Meta-Strategy (EXP3),-0.044392886762936797
2022-01-19,Bandit Meta-Strategy (EXP3),-0.04844588202110405
2022-01-20,Bandit Meta-Strategy (EXP3),-0.05691027953062243
2022-01-21,Bandit Meta-Strategy (EXP3),-0.08476521225142278
2022-01-24,Bandit Meta-Strategy (EXP3),-0.0879058337808599
2022-01-25,Bandit Meta-Strategy (EXP3),-0.09236531233022252
2022-01-26,Bandit Meta-Strategy (EXP3),-0.09130528330898234
2022-01-27,Bandit Meta-Strategy (EXP3),-0.09034823978793982
2022-01-28,Bandit Meta-Strategy (EXP3),-0.0693458346242767
2022-01-31,Bandit Meta-Strategy (EXP3),-0.05605564217479819
2022-02-01,Bandit Meta-Strategy (EXP3),-0.04510453900350565
2022-02-02,Bandit Meta-Strategy (EXP3),-0.03875335423336752
2022-02-03,Bandit Meta-Strategy (EXP3),-0.06268735679094062
2022-02-04,Bandit Meta-Strategy (EXP3),-0.05642274427274099
2022-02-07,Bandit Meta-Strategy (EXP3),-0.059878457456591656
2022-02-08,Bandit Meta-Strategy (EXP3),-0.05933204821294078
2022-02-09,Bandit Meta-Strategy (EXP3),-0.05320086738031697
2022-02-10,Bandit Meta-Strategy (EXP3),-0.06523949828200057
2022-02-11,Bandit Meta-Strategy (EXP3),-0.07964184429313685
2022-02-14,Bandit Meta-Strategy (EXP3),-0.08132269912462363
2022-02-15,Bandit Meta-Strategy (EXP3),-0.07014908614295488
2022-02-16,Bandit Meta-Strategy (EXP3),-0.07034813307492206
2022-02-17,Bandit Meta-Strategy (EXP3),-0.08302751557325941
2022-02-18,Bandit Meta-Strategy (EXP3),-0.08986035018850251
2022-02-22,Bandit Meta-Strategy (EXP3),-0.10622907179126773
2022-02-23,Bandit Meta-Strategy (EXP3),-0.12190004333254609
2022-02-24,Bandit Meta-Strategy (EXP3),-0.11821539939815212
2022-02-25,Bandit Meta-Strategy (EXP3),-0.09730746941019319
2022-02-28,Bandit Meta-Strategy (EXP3),-0.09762138748347618
2022-03-01,Bandit Meta-Strategy (EXP3),-0.1103109864544413
2022-03-02,Bandit Meta-Strategy (EXP3),-0.09714173538230379
2022-03-03,Bandit Meta-Strategy (EXP3),-0.10070584236419262
2022-03-04,Bandit Meta-Strategy (EXP3),-0.10055374509332549
2022-03-07,Bandit Meta-Strategy (EXP3),-0.11826900022413346
2022-03-08,Bandit Meta-Strategy (EXP3),-0.1302490862465502
2022-03-09,Bandit Meta-Strategy (EXP3),-0.11560738394793095
2022-03-10,Bandit Meta-Strategy (EXP3),-0.1170361237007455
2022-03-11,Bandit Meta-Strategy (EXP3),-0.1249408572718913
2022-03-14,Bandit Meta-Strategy (EXP3),-0.12355039712432263
2022-03-15,Bandit Meta-Strategy (EXP3),-0.10827629604858664
2022-03-16,Bandit Meta-Strategy (EXP3),-0.09436455650839581
2022-03-17,Bandit Meta-Strategy (EXP3),-0.08043409198006593
2022-03-18,Bandit Meta-Strategy (EXP3),-0.07217023975063926
2022-03-21,Bandit Meta-Strategy (EXP3),-0.07110486934660828
2022-03-22,Bandit Meta-Strategy (EXP3),-0.06522108020890756
2022-03-23,Bandit Meta-Strategy (EXP3),-0.07529520446501393
2022-03-24,Bandit Meta-Strategy (EXP3),-0.06559057928156749
2022-03-25,Bandit Meta-Strategy (EXP3),-0.06048406624382844
2022-03-28,Bandit Meta-Strategy (EXP3),-0.05271815154562619
2022-03-29,Bandit Meta-Strategy (EXP3),-0.046099839034699136
2022-03-30,Bandit Meta-Strategy (EXP3),-0.05034616237163404
2022-03-31,Bandit Meta-Strategy (EXP3),-0.050875395764974865
2022-04-01,Bandit Meta-Strategy (EXP3),-0.04754294527760189
2022-04-04,Bandit Meta-Strategy (EXP3),-0.03719035406354543
2022-04-05,Bandit Meta-Strategy (EXP3),-0.04834100555613427
2022-04-06,Bandit Meta-Strategy (EXP3),-0.050758696854376624
2022-04-07,Bandit Meta-Strategy (EXP3),-0.039415744726113075
2022-04-08,Bandit Meta-Strategy (EXP3),-0.04098478542703662
2022-04-11,Bandit Meta-Strategy (EXP3),-0.0639936700011711
2022-04-12,Bandit Meta-Strategy (EXP3),-0.06312508129388672
2022-04-13,Bandit Meta-Strategy (EXP3),-0.051917278091809016
2022-04-14,Bandit Meta-Strategy (EXP3),-0.06202489938261338
2022-04-18,Bandit Meta-Strategy (EXP3),-0.06511789882226775
2022-04-19,Bandit Meta-Strategy (EXP3),-0.059240907040316
2022-04-20,Bandit Meta-Strategy (EXP3),-0.07591998575823204
2022-04-21,Bandit Meta-Strategy (EXP3),-0.08239065283176977
2022-04-22,Bandit Meta-Strategy (EXP3),-0.10054301801686012
2022-04-25,Bandit Meta-Strategy (EXP3),-0.09814624237840615
2022-04-26,Bandit Meta-Strategy (EXP3),-0.1232737720727588
2022-04-27,Bandit Meta-Strategy (EXP3),-0.11892616352683344
2022-04-28,Bandit Meta-Strategy (EXP3),-0.09684463007069946
2022-04-29,Bandit Meta-Strategy (EXP3),-0.09723858840492455
2022-05-02,Bandit Meta-Strategy (EXP3),-0.08847762213630944
2022-05-03,Bandit Meta-Strategy (EXP3),-0.08317420261896163
2022-05-04,Bandit Meta-Strategy (EXP3),-0.05927630858939901
2022-05-05,Bandit Meta-Strategy (EXP3),-0.09509548220795343
2022-05-06,Bandit Meta-Strategy (EXP3),-0.0982924076550843
2022-05-09,Bandit Meta-Strategy (EXP3),-0.12964049714229164
2022-05-10,Bandit Meta-Strategy (EXP3),-0.12416240392640562
2022-05-11,Bandit Meta-Strategy (EXP3),-0.1408123467877598
2022-05-12,Bandit Meta-Strategy (EXP3),-0.13848586273692273
2022-05-13,Bandit Meta-Strategy (EXP3),-0.11597801771903905
2022-05-16,Bandit Meta-Strategy (EXP3),-0.11718169078095123
2022-05-17,Bandit Meta-Strategy (EXP3),-0.10807716172819691
2022-05-18,Bandit Meta-Strategy (EXP3),-0.14667284680355444
2022-05-19,Bandit Meta-Strategy (EXP3),-0.1486720411858261
2022-05-20,Bandit Meta-Strategy (EXP3),-0.14576379591306807
2022-05-23,Bandit Meta-Strategy (EXP3),-0.12896989018082733
2022-05-24,Bandit Meta-Strategy (EXP3),-0.1363799908278955
2022-05-25,Bandit Meta-Strategy (EXP3),-0.12486669429595225
2022-05-26,Bandit Meta-Strategy (EXP3),-0.1087401241861491
2022-05-27,Bandit Meta-Strategy (EXP3),-0.09061118068953197
2022-05-31,Bandit Meta-Strategy (EXP3),-0.0911888363672679
2022-06-01,Bandit Meta-Strategy (EXP3),-0.1052795720425041
2022-06-02,Bandit Meta-Strategy (EXP3),-0.07400957077170031
2022-06-03,Bandit Meta-Strategy (EXP3),-0.10314485790864404
2022-06-06,Bandit Meta-Strategy (EXP3),-0.10856210193210372
2022-06-07,Bandit Meta-Strategy (EXP3),-0.10079908908493745
2022-06-08,Bandit Meta-Strategy (EXP3),-0.1002161714217026
2022-06-09,Bandit Meta-Strategy (EXP3),-0.12780432404707828
2022-06-10,Bandit Meta-Strategy (EXP3),-0.1572666033313508
2022-06-13,Bandit Meta-Strategy (EXP3),-0.19998448150858902
2022-06-14,Bandit Meta-Strategy (EXP3),-0.2014003880155261
2022-06-15,Bandit Meta-Strategy (EXP3),-0.1776130439428242
2022-06-16,Bandit Meta-Strategy (EXP3),-0.20859274570854222
2022-06-17,Bandit Meta-Strategy (EXP3),-0.20660247420804265
2022-06-21,Bandit Meta-Strategy (EXP3),-0.1869861409553373
2022-06-22,Bandit Meta-Strategy (EXP3),-0.18449054726865505
2022-06-23,Bandit Meta-Strategy (EXP3),-0.17783885730291915
2022-06-24,Bandit Meta-Strategy (EXP3),-0.14614468083659732
2022-06-27,Bandit Meta-Strategy (EXP3),-0.1491272470087256
2022-06-28,Bandit Meta-Strategy (EXP3),-0.1782473641605935
2022-06-29,Bandit Meta-Strategy (EXP3),-0.18256134959003206
2022-06-30,Bandit Meta-Strategy (EXP3),-0.18288454085003075
2022-07-01,Bandit Meta-Strategy (EXP3),-0.17595006728674914
2022-07-05,Bandit Meta-Strategy (EXP3),-0.1688557644147343
2022-07-06,Bandit Meta-Strategy (EXP3),-0.1671766919627643
2022-07-07,Bandit Meta-Strategy (EXP3),-0.1511480978484269
2022-07-08,Bandit Meta-Strategy (EXP3),-0.15161506430508437
2022-07-11,Bandit Meta-Strategy (EXP3),-0.16972828320089367
2022-07-12,Bandit Meta-Strategy (EXP3),-0.17683872681322244
2022-07-13,Bandit Meta-Strategy (EXP3),-0.17492519429764836
2022-07-14,Bandit Meta-Strategy (EXP3),-0.17769663756262902
2022-07-15,Bandit Meta-Strategy (EXP3),-0.15881011467360334
2022-07-18,Bandit Meta-Strategy (EXP3),-0.1689993214683864
2022-07-19,Bandit Meta-Strategy (EXP3),-0.14803613019291584
2022-07-20,Bandit Meta-Strategy (EXP3),-0.13396989890029448
2022-07-21,Bandit Meta-Strategy (EXP3),-0.12051419489654654
2022-07-22,Bandit Meta-Strategy (EXP3),-0.13150193580361824
2022-07-25,Bandit Meta-Strategy (EXP3),-0.1322263612396653
2022-07-26,Bandit Meta-Strategy (EXP3),-0.1493114509813162
2022-07-27,Bandit Meta-Strategy (EXP3),-0.121603893442259
2022-07-28,Bandit Meta-Strategy (EXP3),-0.11795638524005786
2022-07-29,Bandit Meta-Strategy (EXP3),-0.11872468613183328
2022-08-01,Bandit Meta-Strategy (EXP3),-0.11607751720297298
2022-08-02,Bandit Meta-Strategy (EXP3),-0.12411249046959587
2022-08-03,Bandit Meta-Strategy (EXP3),-0.11493739393594837
2022-08-04,Bandit Meta-Strategy (EXP3),-0.1201716803098778
2022-08-05,Bandit Meta-Strategy (EXP3),-0.12514583071654609
2022-08-08,Bandit Meta-Strategy (EXP3),-0.12466465073794741
2022-08-09,Bandit Meta-Strategy (EXP3),-0.125510958765613
2022-08-10,Bandit Meta-Strategy (EXP3),-0.11291213769374507
2022-08-11,Bandit Meta-Strategy (EXP3),-0.12258009233248165
2022-08-12,Bandit Meta-Strategy (EXP3),-0.10981070683350928
2022-08-15,Bandit Meta-Strategy (EXP3),-0.105689298087097
2022-08-16,Bandit Meta-Strategy (EXP3),-0.10025834613707435
2022-08-17,Bandit Meta-Strategy (EXP3),-0.10598473570143882
2022-08-18,Bandit Meta-Strategy (EXP3),-0.10588784606106169
2022-08-19,Bandit Meta-Strategy (EXP3),-0.10840499258003611
2022-08-22,Bandit Meta-Strategy (EXP3),-0.12126358608668117
2022-08-23,Bandit Meta-Strategy (EXP3),-0.12604819667787048
2022-08-24,Bandit Meta-Strategy (EXP3),-0.12676327322859196
2022-08-25,Bandit Meta-Strategy (EXP3),-0.13902722781719679
2022-08-26,Bandit Meta-Strategy (EXP3),-0.16212405620670178
2022-08-29,Bandit Meta-Strategy (EXP3),-0.1662461433538645
2022-08-30,Bandit Meta-Strategy (EXP3),-0.17465010053513702
2022-08-31,Bandit Meta-Strategy (EXP3),-0.18110872797707625
2022-09-01,Bandit Meta-Strategy (EXP3),-0.17023572591017497
2022-09-02,Bandit Meta-Strategy (EXP3),-0.18159201055252472
2022-09-06,Bandit Meta-Strategy (EXP3),-0.18485283635554106
2022-09-07,Bandit Meta-Strategy (EXP3),-0.1735921654605534
2022-09-08,Bandit Meta-Strategy (EXP3),-0.16829850621479575
2022-09-09,Bandit Meta-Strategy (EXP3),-0.15782593180433274
2022-09-12,Bandit Meta-Strategy (EXP3),-0.15385968435649736
2022-09-13,Bandit Meta-Strategy (EXP3),-0.18422724475069413
2022-09-14,Bandit Meta-Strategy (EXP3),-0.17783949079028116
2022-09-15,Bandit Meta-Strategy (EXP3),-0.18446584260582036
2022-09-16,Bandit Meta-Strategy (EXP3),-0.18307839636941228
2022-09-19,Bandit Meta-Strategy (EXP3),-0.18302264236946506
2022-09-20,Bandit Meta-Strategy (EXP3),-0.18982356669327688
2022-09-21,Bandit Meta-Strategy (EXP3),-0.2014698569168233
2022-09-22,Bandit Meta-Strategy (EXP3),-0.19900602411058396
2022-09-23,Bandit Meta-Strategy (EXP3),-0.20972895527600866
2022-09-26,Bandit Meta-Strategy (EXP3),-0.21548433390654703
2022-09-27,Bandit Meta-Strategy (EXP3),-0.22176084858181916
2022-09-28,Bandit Meta-Strategy (EXP3),-0.2090603316633684
2022-09-29,Bandit Meta-Strategy (EXP3),-0.22038075389651515
2022-09-30,Bandit Meta-Strategy (EXP3),-0.22114978348964978
2022-10-03,Bandit Meta-Strategy (EXP3),-0.2138816200577234
2022-10-04,Bandit Meta-Strategy (EXP3),-0.19114780714900692
2022-10-05,Bandit Meta-Strategy (EXP3),-0.194366295114729
2022-10-06,Bandit Meta-Strategy (EXP3),-0.2004201923333472
2022-10-07,Bandit Meta-Strategy (EXP3),-0.22954029575923532
2022-10-10,Bandit Meta-Strategy (EXP3),-0.23704603875494318
2022-10-11,Bandit Meta-Strategy (EXP3),-0.24310381333649586
2022-10-12,Bandit Meta-Strategy (EXP3),-0.241519900017624
2022-10-13,Bandit Meta-Strategy (EXP3),-0.22578732280923686
2022-10-14,Bandit Meta-Strategy (EXP3),-0.25068776916080815
2022-10-17,Bandit Meta-Strategy (EXP3),-0.22243924930018472
2022-10-18,Bandit Meta-Strategy (EXP3),-0.2152361130966649
2022-10-19,Bandit Meta-Strategy (EXP3),-0.21623459409933832
2022-10-20,Bandit Meta-Strategy (EXP3),-0.2224785718051316
2022-10-21,Bandit Meta-Strategy (EXP3),-0.20249926794043974
2022-10-24,Bandit Meta-Strategy (EXP3),-0.19598409802259134
2022-10-25,Bandit Meta-Strategy (EXP3),-0.18007730021460744
2022-10-26,Bandit Meta-Strategy (EXP3),-0.1940865942899296
2022-10-27,Bandit Meta-Strategy (EXP3),-0.20143223787348574
2022-10-28,Bandit Meta-Strategy (EXP3),-0.18736945863003357
2022-10-31,Bandit Meta-Strategy (EXP3),-0.18803960382554563
2022-11-01,Bandit Meta-Strategy (EXP3),-0.18679553632075802
2022-11-02,Bandit Meta-Strategy (EXP3),-0.20528207910304858
2022-11-03,Bandit Meta-Strategy (EXP3),-0.20918942159513365
2022-11-04,Bandit Meta-Strategy (EXP3),-0.20158645617799167
2022-11-07,Bandit Meta-Strategy (EXP3),-0.19671300118496265
2022-11-08,Bandit Meta-Strategy (EXP3),-0.19484945844409673
2022-11-09,Bandit Meta-Strategy (EXP3),-0.2123256347980758
2022-11-10,Bandit Meta-Strategy (EXP3),-0.18418474473284244
2022-11-11,Bandit Meta-Strategy (EXP3),-0.17881102349000785
2022-11-14,Bandit Meta-Strategy (EXP3),-0.17621471734378238
2022-11-15,Bandit Meta-Strategy (EXP3),-0.1717141108764902
2022-11-16,Bandit Meta-Strategy (EXP3),-0.17672166820004775
2022-11-17,Bandit Meta-Strategy (EXP3),-0.17707057161373257
2022-11-18,Bandit Meta-Strategy (EXP3),-0.176482060492785
2022-11-21,Bandit Meta-Strategy (EXP3),-0.17920120399051176
2022-11-22,Bandit Meta-Strategy (EXP3),-0.16852448831975952
2022-11-23,Bandit Meta-Strategy (EXP3),-0.1644239634291681
2022-11-25,Bandit Meta-Strategy (EXP3),-0.1642809647755927
2022-11-28,Bandit Meta-Strategy (EXP3),-0.16962851855294148
2022-11-29,Bandit Meta-Strategy (EXP3),-0.1726109153687113
2022-11-30,Bandit Meta-Strategy (EXP3),-0.1730107154387963
2022-12-01,Bandit Meta-Strategy (EXP3),-0.17070586443096733
2022-12-02,Bandit Meta-Strategy (EXP3),-0.1707141041128543
2022-12-05,Bandit Meta-Strategy (EXP3),-0.18427015958585066
2022-12-06,Bandit Meta-Strategy (EXP3),-0.19797724060340763
2022-12-07,Bandit Meta-Strategy (EXP3),-0.19891002790616868
2022-12-08,Bandit Meta-Strategy (EXP3),-0.19448120341177272
2022-12-09,Bandit Meta-Strategy (EXP3),-0.20117005939151206
2022-12-12,Bandit Meta-Strategy (EXP3),-0.19104991985745728
2022-12-13,Bandit Meta-Strategy (EXP3),-0.18656512494627964
2022-12-14,Bandit Meta-Strategy (EXP3),-0.1879314331173087
2022-12-15,Bandit Meta-Strategy (EXP3),-0.20121728153875826
2022-12-16,Bandit Meta-Strategy (EXP3),-0.21051278680027763
2022-12-19,Bandit Meta-Strategy (EXP3),-0.2130833601564371
2022-12-20,Bandit Meta-Strategy (EXP3),-0.21085060617592902
2022-12-21,Bandit Meta-Strategy (EXP3),-0.20145198154027916
2022-12-22,Bandit Meta-Strategy (EXP3),-0.21244651129234116
2022-12-23,Bandit Meta-Strategy (EXP3),-0.20570908120066303
2022-12-27,Bandit Meta-Strategy (EXP3),-0.2074786212851691
2022-12-28,Bandit Meta-Strategy (EXP3),-0.21637399363613824
2022-12-29,Bandit Meta-Strategy (EXP3),-0.20691024244121992
2022-12-30,Bandit Meta-Strategy (EXP3),-0.20736168408282815
2023-01-03,Bandit Meta-Strategy (EXP3),-0.2107596690711292
2023-01-04,Bandit Meta-Strategy (EXP3),-0.2084686846917656
2023-01-05,Bandit Meta-Strategy (EXP3),-0.21540516558399828
2023-01-06,Bandit Meta-Strategy (EXP3),-0.20010440667971646
2023-01-09,Bandit Meta-Strategy (EXP3),-0.21187120234736223
2023-01-10,Bandit Meta-Strategy (EXP3),-0.21210606752190808
2023-01-11,Bandit Meta-Strategy (EXP3),-0.20820008098432394
2023-01-12,Bandit Meta-Strategy (EXP3),-0.20875518279190491
2023-01-13,Bandit Meta-Strategy (EXP3),-0.20590405482530516
2023-01-17,Bandit Meta-Strategy (EXP3),-0.2101092978480745
2023-01-18,Bandit Meta-Strategy (EXP3),-0.22648181599973574
2023-01-19,Bandit Meta-Strategy (EXP3),-0.2311839899327779
2023-01-20,Bandit Meta-Strategy (EXP3),-0.22152309451924637
2023-01-23,Bandit Meta-Strategy (EXP3),-0.2174440957695976
2023-01-24,Bandit Meta-Strategy (EXP3),-0.2166365862355448
2023-01-25,Bandit Meta-Strategy (EXP3),-0.21476907682863455
2023-01-26,Bandit Meta-Strategy (EXP3),-0.20904939275364995
2023-01-27,Bandit Meta-Strategy (EXP3),-0.20562226825752508
2023-01-30,Bandit Meta-Strategy (EXP3),-0.21842816077609728
2023-01-31,Bandit Meta-Strategy (EXP3),-0.21880026044002138
2023-02-01,Bandit Meta-Strategy (EXP3),-0.2124888782541362
2023-02-02,Bandit Meta-Strategy (EXP3),-0.2020693166753534
2023-02-03,Bandit Meta-Strategy (EXP3),-0.20918223852607054
2023-02-06,Bandit Meta-Strategy (EXP3),-0.21265583077412148
2023-02-07,Bandit Meta-Strategy (EXP3),-0.20566938732469298
2023-02-08,Bandit Meta-Strategy (EXP3),-0.21241724652905497
2023-02-09,Bandit Meta-Strategy (EXP3),-0.21761001524144644
2023-02-10,Bandit Meta-Strategy (EXP3),-0.21453749094146154
2023-02-13,Bandit Meta-Strategy (EXP3),-0.20952232141341615
2023-02-14,Bandit Meta-Strategy (EXP3),-0.20879677641095665
2023-02-15,Bandit Meta-Strategy (EXP3),-0.2083447986757531
2023-02-16,Bandit Meta-Strategy (EXP3),-0.22063442758506405
2023-02-17,Bandit Meta-Strategy (EXP3),-0.21936151626635683
2023-02-21,Bandit Meta-Strategy (EXP3),-0.22973283650026927
2023-02-22,Bandit Meta-Strategy (EXP3),-0.23256452511189632
2023-02-23,Bandit Meta-Strategy (EXP3),-0.23275676796436254
2023-02-24,Bandit Meta-Strategy (EXP3),-0.23971943012312896
2023-02-27,Bandit Meta-Strategy (EXP3),-0.23858401462801945
2023-02-28,Bandit Meta-Strategy (EXP3),-0.2389536948293654
2023-03-01,Bandit Meta-Strategy (EXP3),-0.2449916828959272
2023-03-02,Bandit Meta-Strategy (EXP3),-0.24232208770037691
2023-03-03,Bandit Meta-Strategy (EXP3),-0.23091932135109766
2023-03-06,Bandit Meta-Strategy (EXP3),-0.2287046795035562
2023-03-07,Bandit Meta-Strategy (EXP3),-0.2403723640098233
2023-03-08,Bandit Meta-Strategy (EXP3),-0.2426321445689144
2023-03-09,Bandit Meta-Strategy (EXP3),-0.25631101458693323
2023-03-10,Bandit Meta-Strategy (EXP3),-0.26204325099684794
2023-03-13,Bandit Meta-Strategy (EXP3),-0.2609313304287892
2023-03-14,Bandit Meta-Strategy (EXP3),-0.25057777021134553
2023-03-15,Bandit Meta-Strategy (EXP3),-0.2502173365754596
2023-03-16,Bandit Meta-Strategy (EXP3),-0.2425725645702876
2023-03-17,Bandit Meta-Strategy (EXP3),-0.2473727828553528
2023-03-20,Bandit Meta-Strategy (EXP3),-0.24128542967232436
2023-03-21,Bandit Meta-Strategy (EXP3),-0.23087673727800345
2023-03-22,Bandit Meta-Strategy (EXP3),-0.24237460023365134
2023-03-23,Bandit Meta-Strategy (EXP3),-0.2367504583025307
2023-03-24,Bandit Meta-Strategy (EXP3),-0.23387641465746328
2023-03-27,Bandit Meta-Strategy (EXP3),-0.2312245595064487
2023-03-28,Bandit Meta-Strategy (EXP3),-0.23461903097138095
2023-03-29,Bandit Meta-Strategy (EXP3),-0.22475026885369356
2023-03-30,Bandit Meta-Strategy (EXP3),-0.2211009154842783
2023-03-31,Bandit Meta-Strategy (EXP3),-0.22155021963118052
2023-04-03,Bandit Meta-Strategy (EXP3),-0.2132325206458845
2023-04-04,Bandit Meta-Strategy (EXP3),-0.21443314470355898
2023-04-05,Bandit Meta-Strategy (EXP3),-0.20518417703826464
2023-04-06,Bandit Meta-Strategy (EXP3),-0.20449682003560823
2023-04-10,Bandit Meta-Strategy (EXP3),-0.20694626203679892
2023-04-11,Bandit Meta-Strategy (EXP3),-0.20674072635632668
2023-04-12,Bandit Meta-Strategy (EXP3),-0.21023768494570794
2023-04-13,Bandit Meta-Strategy (EXP3),-0.20160035652232608
2023-04-14,Bandit Meta-Strategy (EXP3),-0.20034844671566082
2023-04-17,Bandit Meta-Strategy (EXP3),-0.1999593428245049
2023-04-18,Bandit Meta-Strategy (EXP3),-0.20269579978591648
2023-04-19,Bandit Meta-Strategy (EXP3),-0.20256436640608608
2023-04-20,Bandit Meta-Strategy (EXP3),-0.20478339969527126
2023-04-21,Bandit Meta-Strategy (EXP3),-0.19865621075955534
2023-04-24,Bandit Meta-Strategy (EXP3),-0.19600076188150395
2023-04-25,Bandit Meta-Strategy (EXP3),-0.201960044079915
2023-04-26,Bandit Meta-Strategy (EXP3),-0.20907868141903913
2023-04-27,Bandit Meta-Strategy (EXP3),-0.19852299384290875
2023-04-28,Bandit Meta-Strategy (EXP3),-0.198836939562118
2023-05-01,Bandit Meta-Strategy (EXP3),-0.20128960975532015
2023-05-02,Bandit Meta-Strategy (EXP3),-0.20589809394374545
2023-05-03,Bandit Meta-Strategy (EXP3),-0.21268544679862492
2023-05-04,Bandit Meta-Strategy (EXP3),-0.21703513250441847
2023-05-05,Bandit Meta-Strategy (EXP3),-0.2078818144681377
2023-05-08,Bandit Meta-Strategy (EXP3),-0.20637196544436193
2023-05-09,Bandit Meta-Strategy (EXP3),-0.21062496128374303
2023-05-10,Bandit Meta-Strategy (EXP3),-0.20919403286816995
2023-05-11,Bandit Meta-Strategy (EXP3),-0.2093744422856339
2023-05-12,Bandit Meta-Strategy (EXP3),-0.21077448344621894
2023-05-15,Bandit Meta-Strategy (EXP3),-0.21297978335131976
2023-05-16,Bandit Meta-Strategy (EXP3),-0.2169579510997683
2023-05-17,Bandit Meta-Strategy (EXP3),-0.21140215840514207
2023-05-18,Bandit Meta-Strategy (EXP3),-0.20746854822516972
2023-05-19,Bandit Meta-Strategy (EXP3),-0.20799836095487764
2023-05-22,Bandit Meta-Strategy (EXP3),-0.21321617152152417
2023-05-23,Bandit Meta-Strategy (EXP3),-0.21541535970596568
2023-05-24,Bandit Meta-Strategy (EXP3),-0.21794233147364808
2023-05-25,Bandit Meta-Strategy (EXP3),-0.21922109508685453
2023-05-26,Bandit Meta-Strategy (EXP3),-0.21368946285049012
2023-05-30,Bandit Meta-Strategy (EXP3),-0.21378145667913198
2023-05-31,Bandit Meta-Strategy (EXP3),-0.21432267983526535
2023-06-01,Bandit Meta-Strategy (EXP3),-0.20874470864856423
2023-06-02,Bandit Meta-Strategy (EXP3),-0.19531764157284037
2023-06-05,Bandit Meta-Strategy (EXP3),-0.19474816114652216
2023-06-06,Bandit Meta-Strategy (EXP3),-0.19225927137899815
2023-06-07,Bandit Meta-Strategy (EXP3),-0.18920238322064373
2023-06-08,Bandit Meta-Strategy (EXP3),-0.1846403423229911
2023-06-09,Bandit Meta-Strategy (EXP3),-0.18483407579036157
2023-06-12,Bandit Meta-Strategy (EXP3),-0.17972963593007885
2023-06-13,Bandit Meta-Strategy (EXP3),-0.17472552778179015
2023-06-14,Bandit Meta-Strategy (EXP3),-0.17549285181805302
2023-06-15,Bandit Meta-Strategy (EXP3),-0.1676843614350814
2023-06-16,Bandit Meta-Strategy (EXP3),-0.1688189063186359
2023-06-20,Bandit Meta-Strategy (EXP3),-0.1723861207484787
2023-06-21,Bandit Meta-Strategy (EXP3),-0.17675464264435906
2023-06-22,Bandit Meta-Strategy (EXP3),-0.17500407751055075
2023-06-23,Bandit Meta-Strategy (EXP3),-0.1795288136437124
2023-06-26,Bandit Meta-Strategy (EXP3),-0.18501260003395667
2023-06-27,Bandit Meta-Strategy (EXP3),-0.181554967800135
2023-06-28,Bandit Meta-Strategy (EXP3),-0.1844269091492849
2023-06-29,Bandit Meta-Strategy (EXP3),-0.18156480936400593
2023-06-30,Bandit Meta-Strategy (EXP3),-0.18187375803817138
2023-07-03,Bandit Meta-Strategy (EXP3),-0.17945837452575908
2023-07-05,Bandit Meta-Strategy (EXP3),-0.17920318339505856
2023-07-06,Bandit Meta-Strategy (EXP3),-0.19059796578862173
2023-07-07,Bandit Meta-Strategy (EXP3),-0.19644926901770018
2023-07-10,Bandit Meta-Strategy (EXP3),-0.1957622270473
2023-07-11,Bandit Meta-Strategy (EXP3),-0.19235006295178553
2023-07-12,Bandit Meta-Strategy (EXP3),-0.18756201054203958
2023-07-13,Bandit Meta-Strategy (EXP3),-0.18199083930503795
2023-07-14,Bandit Meta-Strategy (EXP3),-0.18213840507825432
2023-07-17,Bandit Meta-Strategy (EXP3),-0.18236126108627454
2023-07-18,Bandit Meta-Strategy (EXP3),-0.17525555760940295
2023-07-19,Bandit Meta-Strategy (EXP3),-0.1686864664707877
2023-07-20,Bandit Meta-Strategy (EXP3),-0.16085192493003292
2023-07-21,Bandit Meta-Strategy (EXP3),-0.1563961381968597
2023-07-24,Bandit Meta-Strategy (EXP3),-0.15042163100596967
2023-07-25,Bandit Meta-Strategy (EXP3),-0.1523545910069499
2023-07-26,Bandit Meta-Strategy (EXP3),-0.14782673059680043
2023-07-27,Bandit Meta-Strategy (EXP3),-0.1542505203306745
2023-07-28,Bandit Meta-Strategy (EXP3),-0.14894383135745978
2023-07-31,Bandit Meta-Strategy (EXP3),-0.14956862718546446
2023-08-01,Bandit Meta-Strategy (EXP3),-0.15154715700581445
2023-08-02,Bandit Meta-Strategy (EXP3),-0.16066261519534977
2023-08-03,Bandit Meta-Strategy (EXP3),-0.1588371221711697
2023-08-04,Bandit Meta-Strategy (EXP3),-0.16264071412199227
2023-08-07,Bandit Meta-Strategy (EXP3),-0.15315449529911151
2023-08-08,Bandit Meta-Strategy (EXP3),-0.15604394576578845
2023-08-09,Bandit Meta-Strategy (EXP3),-0.16010459156679419
2023-08-10,Bandit Meta-Strategy (EXP3),-0.1587470595785064
2023-08-11,Bandit Meta-Strategy (EXP3),-0.15813019666723746
2023-08-14,Bandit Meta-Strategy (EXP3),-0.1560000538919062
2023-08-15,Bandit Meta-Strategy (EXP3),-0.16668539245910008
2023-08-16,Bandit Meta-Strategy (EXP3),-0.17309099350877535
2023-08-17,Bandit Meta-Strategy (EXP3),-0.1762655719471856
2023-08-18,Bandit Meta-Strategy (EXP3),-0.1750309675981392
2023-08-21,Bandit Meta-Strategy (EXP3),-0.17279654816015755
2023-08-22,Bandit Meta-Strategy (EXP3),-0.1759203413647836
2023-08-23,Bandit Meta-Strategy (EXP3),-0.17051313391478037
2023-08-24,Bandit Meta-Strategy (EXP3),-0.17973759145339957
2023-08-25,Bandit Meta-Strategy (EXP3),-0.1739505247279271
2023-08-28,Bandit Meta-Strategy (EXP3),-0.1705972782606396
2023-08-29,Bandit Meta-Strategy (EXP3),-0.16144603500365318
2023-08-30,Bandit Meta-Strategy (EXP3),-0.15976598332995792
2023-08-31,Bandit Meta-Strategy (EXP3),-0.16035850665211218
2023-09-01,Bandit Meta-Strategy (EXP3),-0.15950975146935464
2023-09-05,Bandit Meta-Strategy (EXP3),-0.1630990611057308
2023-09-06,Bandit Meta-Strategy (EXP3),-0.16891847228114448
2023-09-07,Bandit Meta-Strategy (EXP3),-0.1705396836644538
2023-09-08,Bandit Meta-Strategy (EXP3),-0.16688230557682418
2023-09-11,Bandit Meta-Strategy (EXP3),-0.1629675963767343
2023-09-12,Bandit Meta-Strategy (EXP3),-0.1579689555656063
2023-09-13,Bandit Meta-Strategy (EXP3),-0.15893110803008684
2023-09-14,Bandit Meta-Strategy (EXP3),-0.15260420585888315
2023-09-15,Bandit Meta-Strategy (EXP3),-0.15989814729698473
2023-09-18,Bandit Meta-Strategy (EXP3),-0.16093482768919792
2023-09-19,Bandit Meta-Strategy (EXP3),-0.1648990748613756
2023-09-20,Bandit Meta-Strategy (EXP3),-0.16910781874118677
2023-09-21,Bandit Meta-Strategy (EXP3),-0.1805191987679281
2023-09-22,Bandit Meta-Strategy (EXP3),-0.1851361619590823
2023-09-25,Bandit Meta-Strategy (EXP3),-0.18273420991136513
2023-09-26,Bandit Meta-Strategy (EXP3),-0.19089118080119827
2023-09-27,Bandit Meta-Strategy (EXP3),-0.1894122994818448
2023-09-28,Bandit Meta-Strategy (EXP3),-0.18710160241143758
2023-09-29,Bandit Meta-Strategy (EXP3),-0.18770388339413124
2023-10-02,Bandit Meta-Strategy (EXP3),-0.18580716568037992
2023-10-03,Bandit Meta-Strategy (EXP3),-0.19514718291847924
2023-10-04,Bandit Meta-Strategy (EXP3),-0.19192131663813847
2023-10-05,Bandit Meta-Strategy (EXP3),-0.19687608987707284
2023-10-06,Bandit Meta-Strategy (EXP3),-0.1916656797951188
2023-10-09,Bandit Meta-Strategy (EXP3),-0.18900442588668037
2023-10-10,Bandit Meta-Strategy (EXP3),-0.1829115473584628
2023-10-11,Bandit Meta-Strategy (EXP3),-0.1844950762876749
2023-10-12,Bandit Meta-Strategy (EXP3),-0.1875615087595226
2023-10-13,Bandit Meta-Strategy (EXP3),-0.19026670472677962
2023-10-16,Bandit Meta-Strategy (EXP3),-0.18092214000239684
2023-10-17,Bandit Meta-Strategy (EXP3),-0.1812131704732082
2023-10-18,Bandit Meta-Strategy (EXP3),-0.19084093602133997
2023-10-19,Bandit Meta-Strategy (EXP3),-0.19437963593850607
2023-10-20,Bandit Meta-Strategy (EXP3),-0.20189172806345068
2023-10-23,Bandit Meta-Strategy (EXP3),-0.20151000956174864
2023-10-24,Bandit Meta-Strategy (EXP3),-0.19612613526517747
2023-10-25,Bandit Meta-Strategy (EXP3),-0.201575272659076
2023-10-26,Bandit Meta-Strategy (EXP3),-0.2122683162925114
2023-10-27,Bandit Meta-Strategy (EXP3),-0.21923505962258688
2023-10-30,Bandit Meta-Strategy (EXP3),-0.20793489270479348
2023-10-31,Bandit Meta-Strategy (EXP3),-0.20830617866804194
2023-11-01,Bandit Meta-Strategy (EXP3),-0.20259930409417123
2023-11-02,Bandit Meta-Strategy (EXP3),-0.19201787709731744
2023-11-03,Bandit Meta-Strategy (EXP3),-0.18932763285419046
2023-11-06,Bandit Meta-Strategy (EXP3),-0.18780915820927677
2023-11-07,Bandit Meta-Strategy (EXP3),-0.1863428654685971
2023-11-08,Bandit Meta-Strategy (EXP3),-0.18868360735127415
2023-11-09,Bandit Meta-Strategy (EXP3),-0.19493139013404312
2023-11-10,Bandit Meta-Strategy (EXP3),-0.18766688044578478
2023-11-13,Bandit Meta-Strategy (EXP3),-0.18515643362090373
2023-11-14,Bandit Meta-Strategy (EXP3),-0.17709140147290497
2023-11-15,Bandit Meta-Strategy (EXP3),-0.17180452511193792
2023-11-16,Bandit Meta-Strategy (EXP3),-0.18280329437267656
2023-11-17,Bandit Meta-Strategy (EXP3),-0.18299099327977467
2023-11-20,Bandit Meta-Strategy (EXP3),-0.180498843850172
2023-11-21,Bandit Meta-Strategy (EXP3),-0.17868928162034137
2023-11-22,Bandit Meta-Strategy (EXP3),-0.17774218244315776
2023-11-24,Bandit Meta-Strategy (EXP3),-0.17475671288955147
2023-11-27,Bandit Meta-Strategy (EXP3),-0.1765620011738272
2023-11-28,Bandit Meta-Strategy (EXP3),-0.17338593438415015
2023-11-29,Bandit Meta-Strategy (EXP3),-0.17754971741853717
2023-11-30,Bandit Meta-Strategy (EXP3),-0.17793261290069376
2023-12-01,Bandit Meta-Strategy (EXP3),-0.17999256246536918
2023-12-04,Bandit Meta-Strategy (EXP3),-0.18403026315788182
2023-12-05,Bandit Meta-Strategy (EXP3),-0.1855599492270167
2023-12-06,Bandit Meta-Strategy (EXP3),-0.1911664147883371
2023-12-07,Bandit Meta-Strategy (EXP3),-0.18743478800877894
2023-12-08,Bandit Meta-Strategy (EXP3),-0.18589178339519716
2023-12-11,Bandit Meta-Strategy (EXP3),-0.18749076834810918
2023-12-12,Bandit Meta-Strategy (EXP3),-0.18511994985033242
2023-12-13,Bandit Meta-Strategy (EXP3),-0.17973292173941044
2023-12-14,Bandit Meta-Strategy (EXP3),-0.17981254577302488
2023-12-15,Bandit Meta-Strategy (EXP3),-0.17864406077066153
2023-12-18,Bandit Meta-Strategy (EXP3),-0.17038606739739295
2023-12-19,Bandit Meta-Strategy (EXP3),-0.1639715458228598
2023-12-20,Bandit Meta-Strategy (EXP3),-0.1771157976349431
2023-12-21,Bandit Meta-Strategy (EXP3),-0.1689419438887292
2023-12-22,Bandit Meta-Strategy (EXP3),-0.16736144934569686
2023-12-26,Bandit Meta-Strategy (EXP3),-0.16450448252392208
2023-12-27,Bandit Meta-Strategy (EXP3),-0.16251373010550949
2023-12-28,Bandit Meta-Strategy (EXP3),-0.16390887403530552
2023-12-29,Bandit Meta-Strategy (EXP3),-0.16447507923209687
2024-01-02,Bandit Meta-Strategy (EXP3),-0.15583752928361874
2024-01-03,Bandit Meta-Strategy (EXP3),-0.15984751432284694
2024-01-04,Bandit Meta-Strategy (EXP3),-0.16449898181094916
2024-01-05,Bandit Meta-Strategy (EXP3),-0.16162620396677807
2024-01-08,Bandit Meta-Strategy (EXP3),-0.15606352088334557
2024-01-09,Bandit Meta-Strategy (EXP3),-0.16019790411203783
2024-01-10,Bandit Meta-Strategy (EXP3),-0.1596999206066817
2024-01-11,Bandit Meta-Strategy (EXP3),-0.16569475966982278
2024-01-12,Bandit Meta-Strategy (EXP3),-0.16484008915696294
2024-01-16,Bandit Meta-Strategy (EXP3),-0.17043154894616336
2024-01-17,Bandit Meta-Strategy (EXP3),-0.17523239798021298
2024-01-18,Bandit Meta-Strategy (EXP3),-0.17389062898511484
2024-01-19,Bandit Meta-Strategy (EXP3),-0.16911463707516036
2024-01-22,Bandit Meta-Strategy (EXP3),-0.16999353474423493
2024-01-23,Bandit Meta-Strategy (EXP3),-0.16755233703935252
2024-01-24,Bandit Meta-Strategy (EXP3),-0.16593996309492834
2024-01-25,Bandit Meta-Strategy (EXP3),-0.17381276425908457
2024-01-26,Bandit Meta-Strategy (EXP3),-0.17224364525817476
2024-01-29,Bandit Meta-Strategy (EXP3),-0.16494289529394898
2024-01-30,Bandit Meta-Strategy (EXP3),-0.16380656488770742
2024-01-31,Bandit Meta-Strategy (EXP3),-0.16445075546837748
2024-02-01,Bandit Meta-Strategy (EXP3),-0.15425501198528388
2024-02-02,Bandit Meta-Strategy (EXP3),-0.14907817922904887
2024-02-05,Bandit Meta-Strategy (EXP3),-0.15264762678618762
2024-02-06,Bandit Meta-Strategy (EXP3),-0.14710790312232971
2024-02-07,Bandit Meta-Strategy (EXP3),-0.14280482542911366
2024-02-08,Bandit Meta-Strategy (EXP3),-0.14189242831417656
2024-02-09,Bandit Meta-Strategy (EXP3),-0.14098902732331967
2024-02-12,Bandit Meta-Strategy (EXP3),-0.14030004041307664
2024-02-13,Bandit Meta-Strategy (EXP3),-0.14933192374442705
2024-02-14,Bandit Meta-Strategy (EXP3),-0.14654900438329
2024-02-15,Bandit Meta-Strategy (EXP3),-0.13893961395066676
2024-02-16,Bandit Meta-Strategy (EXP3),-0.14050410705658403
2024-02-20,Bandit Meta-Strategy (EXP3),-0.13712915049956975
2024-02-21,Bandit Meta-Strategy (EXP3),-0.1358246426018022
2024-02-22,Bandit Meta-Strategy (EXP3),-0.12266644019701788
2024-02-23,Bandit Meta-Strategy (EXP3),-0.1225589515980359
2024-02-26,Bandit Meta-Strategy (EXP3),-0.22967608514496204
2024-02-27,Bandit Meta-Strategy (EXP3),-0.22926670271139812
2024-02-28,Bandit Meta-Strategy (EXP3),-0.22824422680131032
2024-02-29,Bandit Meta-Strategy (EXP3),-0.22857307743658734
2024-03-01,Bandit Meta-Strategy (EXP3),-0.22581295055499068
2024-03-04,Bandit Meta-Strategy (EXP3),-0.22978900146542675
2024-03-05,Bandit Meta-Strategy (EXP3),-0.23255302547504994
2024-03-06,Bandit Meta-Strategy (EXP3),-0.22940343634371355
2024-03-07,Bandit Meta-Strategy (EXP3),-0.2267288997028985
2024-03-08,Bandit Meta-Strategy (EXP3),-0.2275818786287991
2024-03-11,Bandit Meta-Strategy (EXP3),-0.22265690777564923
2024-03-12,Bandit Meta-Strategy (EXP3),-0.21565865058986594
2024-03-13,Bandit Meta-Strategy (EXP3),-0.215071440595674
2024-03-14,Bandit Meta-Strategy (EXP3),-0.21830796927846186
2024-03-15,Bandit Meta-Strategy (EXP3),-0.22334313655246849
2024-03-18,Bandit Meta-Strategy (EXP3),-0.2192896976727298
2024-03-19,Bandit Meta-Strategy (EXP3),-0.2167723553553064
2024-03-20,Bandit Meta-Strategy (EXP3),-0.21137535628256898
2024-03-21,Bandit Meta-Strategy (EXP3),-0.21123027104019368
2024-03-22,Bandit Meta-Strategy (EXP3),-0.2133565463557403
2024-03-25,Bandit Meta-Strategy (EXP3),-0.21456838290215158
2024-03-26,Bandit Meta-Strategy (EXP3),-0.21494684981805207
2024-03-27,Bandit Meta-Strategy (EXP3),-0.2098102495371796
2024-03-28,Bandit Meta-Strategy (EXP3),-0.2100219704680321
2024-04-01,Bandit Meta-Strategy (EXP3),-0.21240674090013267
2024-04-02,Bandit Meta-Strategy (EXP3),-0.21464056878496432
2024-04-03,Bandit Meta-Strategy (EXP3),-0.2204320646864677
2024-04-04,Bandit Meta-Strategy (EXP3),-0.2276117717648996
2024-04-05,Bandit Meta-Strategy (EXP3),-0.22154661321941904
2024-04-08,Bandit Meta-Strategy (EXP3),-0.22296214870143766
2024-04-09,Bandit Meta-Strategy (EXP3),-0.22107633902538049
2024-04-10,Bandit Meta-Strategy (EXP3),-0.2254353782459518
2024-04-11,Bandit Meta-Strategy (EXP3),-0.2230193879058228
2024-04-12,Bandit Meta-Strategy (EXP3),-0.23315313993550354
2024-04-15,Bandit Meta-Strategy (EXP3),-0.23961519729525727
2024-04-16,Bandit Meta-Strategy (EXP3),-0.24320567923646838
2024-04-17,Bandit Meta-Strategy (EXP3),-0.24466535548191032
2024-04-18,Bandit Meta-Strategy (EXP3),-0.24450985297550298
2024-04-19,Bandit Meta-Strategy (EXP3),-0.24459246130361972
2024-04-22,Bandit Meta-Strategy (EXP3),-0.23778053445730993
2024-04-23,Bandit Meta-Strategy (EXP3),-0.23178636933233646
2024-04-24,Bandit Meta-Strategy (EXP3),-0.22926303176776533
2024-04-25,Bandit Meta-Strategy (EXP3),-0.233233592577369
2024-04-26,Bandit Meta-Strategy (EXP3),-0.23159299069861422
2024-04-29,Bandit Meta-Strategy (EXP3),-0.22749343600032948
2024-04-30,Bandit Meta-Strategy (EXP3),-0.22767633885471375
2024-05-01,Bandit Meta-Strategy (EXP3),-0.2220471028394246
2024-05-02,Bandit Meta-Strategy (EXP3),-0.21640314790913237
2024-05-03,Bandit Meta-Strategy (EXP3),-0.2100588326256085
2024-05-06,Bandit Meta-Strategy (EXP3),-0.20292635467293946
2024-05-07,Bandit Meta-Strategy (EXP3),-0.20510702246761534
2024-05-08,Bandit Meta-Strategy (EXP3),-0.203917072312457
2024-05-09,Bandit Meta-Strategy (EXP3),-0.2008083459892268
2024-05-10,Bandit Meta-Strategy (EXP3),-0.20026458147321566
2024-05-13,Bandit Meta-Strategy (EXP3),-0.19849837941638188
2024-05-14,Bandit Meta-Strategy (EXP3),-0.19776452244007156
2024-05-15,Bandit Meta-Strategy (EXP3),-0.19175717710006698
2024-05-16,Bandit Meta-Strategy (EXP3),-0.18816788498804482
2024-05-17,Bandit Meta-Strategy (EXP3),-0.1870763991771618
2024-05-20,Bandit Meta-Strategy (EXP3),-0.19180879669669912
2024-05-21,Bandit Meta-Strategy (EXP3),-0.18762376572553024
2024-05-22,Bandit Meta-Strategy (EXP3),-0.18727863715972903
2024-05-23,Bandit Meta-Strategy (EXP3),-0.19571290705846467
2024-05-24,Bandit Meta-Strategy (EXP3),-0.1920288778240163
2024-05-28,Bandit Meta-Strategy (EXP3),-0.1932890509942733
2024-05-29,Bandit Meta-Strategy (EXP3),-0.1970499664235244
2024-05-30,Bandit Meta-Strategy (EXP3),-0.19765707739960578
2024-05-31,Bandit Meta-Strategy (EXP3),-0.19788197234831742
2024-06-03,Bandit Meta-Strategy (EXP3),-0.19643253848122388
2024-06-04,Bandit Meta-Strategy (EXP3),-0.19363256971469323
2024-06-05,Bandit Meta-Strategy (EXP3),-0.1878361605893106
2024-06-06,Bandit Meta-Strategy (EXP3),-0.186295147630569
2024-06-07,Bandit Meta-Strategy (EXP3),-0.1887929914847768
2024-06-10,Bandit Meta-Strategy (EXP3),-0.23453166474530415
2024-06-11,Bandit Meta-Strategy (EXP3),-0.23427576785424123
2024-06-12,Bandit Meta-Strategy (EXP3),-0.234964623615465
2024-06-13,Bandit Meta-Strategy (EXP3),-0.23354308392267703
2024-06-14,Bandit Meta-Strategy (EXP3),-0.2343547937809242
2024-06-17,Bandit Meta-Strategy (EXP3),-0.22950661147089838
2024-06-18,Bandit Meta-Strategy (EXP3),-0.22807097047257735
2024-06-20,Bandit Meta-Strategy (EXP3),-0.22615004133536656
2024-06-21,Bandit Meta-Strategy (EXP3),-0.22485924462004508
2024-06-24,Bandit Meta-Strategy (EXP3),-0.2214999142260968
2024-06-25,Bandit Meta-Strategy (EXP3),-0.22265153528187542
2024-06-26,Bandit Meta-Strategy (EXP3),-0.21862698896946484
2024-06-27,Bandit Meta-Strategy (EXP3),-0.21859597541227715
2024-06-28,Bandit Meta-Strategy (EXP3),-0.2238991797437881
2024-07-01,Bandit Meta-Strategy (EXP3),-0.22063657497465197
2024-07-02,Bandit Meta-Strategy (EXP3),-0.21162812644492582
2024-07-03,Bandit Meta-Strategy (EXP3),-0.2071262780666588
2024-07-05,Bandit Meta-Strategy (EXP3),-0.1987515137287486
2024-07-08,Bandit Meta-Strategy (EXP3),-0.20190111834528818
2024-07-09,Bandit Meta-Strategy (EXP3),-0.20032790650975457
2024-07-10,Bandit Meta-Strategy (EXP3),-0.19557628240060135
2024-07-11,Bandit Meta-Strategy (EXP3),-0.20600304415997128
2024-07-12,Bandit Meta-Strategy (EXP3),-0.20339484918398984
2024-07-15,Bandit Meta-Strategy (EXP3),-0.20007775731641134
2024-07-16,Bandit Meta-Strategy (EXP3),-0.1934241424122131
2024-07-17,Bandit Meta-Strategy (EXP3),-0.19305472898256787
2024-07-18,Bandit Meta-Strategy (EXP3),-0.19812039099605502
2024-07-19,Bandit Meta-Strategy (EXP3),-0.20414392278175214
2024-07-22,Bandit Meta-Strategy (EXP3),-0.20032343036209355
2024-07-23,Bandit Meta-Strategy (EXP3),-0.20515606737933054
2024-07-24,Bandit Meta-Strategy (EXP3),-0.2194647183841863
2024-07-25,Bandit Meta-Strategy (EXP3),-0.21983102722693293
2024-07-26,Bandit Meta-Strategy (EXP3),-0.2122875122852504
2024-07-29,Bandit Meta-Strategy (EXP3),-0.20948099769580555
2024-07-30,Bandit Meta-Strategy (EXP3),-0.21011645928540865
2024-07-31,Bandit Meta-Strategy (EXP3),-0.21046742330056284
2024-08-01,Bandit Meta-Strategy (EXP3),-0.2133407009712533
2024-08-02,Bandit Meta-Strategy (EXP3),-0.2215409607479508
2024-08-05,Bandit Meta-Strategy (EXP3),-0.2423823583873839
2024-08-06,Bandit Meta-Strategy (EXP3),-0.23610472196228127
2024-08-07,Bandit Meta-Strategy (EXP3),-0.24294552244569975
2024-08-08,Bandit Meta-Strategy (EXP3),-0.22884821970681177
2024-08-09,Bandit Meta-Strategy (EXP3),-0.22602949260548535
2024-08-12,Bandit Meta-Strategy (EXP3),-0.2261657060636388
2024-08-13,Bandit Meta-Strategy (EXP3),-0.21702933082162604
2024-08-14,Bandit Meta-Strategy (EXP3),-0.21304323200375128
2024-08-15,Bandit Meta-Strategy (EXP3),-0.198346380670742
2024-08-16,Bandit Meta-Strategy (EXP3),-0.19630955199356262
2024-08-19,Bandit Meta-Strategy (EXP3),-0.18791549649094352
2024-08-20,Bandit Meta-Strategy (EXP3),-0.18910050196759973
2024-08-21,Bandit Meta-Strategy (EXP3),-0.1856237346362162
2024-08-22,Bandit Meta-Strategy (EXP3),-0.19230940515767284
2024-08-23,Bandit Meta-Strategy (EXP3),-0.18486686186863274
2024-08-26,Bandit Meta-Strategy (EXP3),-0.1845179995400118
2024-08-27,Bandit Meta-Strategy (EXP3),-0.18536391554893442
2024-08-28,Bandit Meta-Strategy (EXP3),-0.19078646814335973
2024-08-29,Bandit Meta-Strategy (EXP3),-0.19087504351570833
2024-08-30,Bandit Meta-Strategy (EXP3),-0.19123377523498564
2024-09-03,Bandit Meta-Strategy (EXP3),-0.2034561972874058
2024-09-04,Bandit Meta-Strategy (EXP3),-0.2031616876908331
2024-09-05,Bandit Meta-Strategy (EXP3),-0.20278049113834007
2024-09-06,Bandit Meta-Strategy (EXP3),-0.21602024084224758
2024-09-09,Bandit Meta-Strategy (EXP3),-0.20460193490598988
2024-09-10,Bandit Meta-Strategy (EXP3),-0.20206113218179214
2024-09-11,Bandit Meta-Strategy (EXP3),-0.19837788233910247
2024-09-12,Bandit Meta-Strategy (EXP3),-0.1929591121295376
2024-09-13,Bandit Meta-Strategy (EXP3),-0.1890835380855565
2024-09-16,Bandit Meta-Strategy (EXP3),-0.18376917022256484
2024-09-17,Bandit Meta-Strategy (EXP3),-0.18171956129363406
2024-09-18,Bandit Meta-Strategy (EXP3),-0.18454463731865853
2024-09-19,Bandit Meta-Strategy (EXP3),-0.17544864602579138
2024-09-20,Bandit Meta-Strategy (EXP3),-0.17598107486330708
2024-09-23,Bandit Meta-Strategy (EXP3),-0.17235402450734094
2024-09-24,Bandit Meta-Strategy (EXP3),-0.17186944264227177
2024-09-25,Bandit Meta-Strategy (EXP3),-0.17413634704843403
2024-09-26,Bandit Meta-Strategy (EXP3),-0.17433036172622815
2024-09-27,Bandit Meta-Strategy (EXP3),-0.17146564854339075
2024-09-30,Bandit Meta-Strategy (EXP3),-0.16807041446636084
2024-10-01,Bandit Meta-Strategy (EXP3),-0.1719302642809269
2024-10-02,Bandit Meta-Strategy (EXP3),-0.1739836812124881
2024-10-03,Bandit Meta-Strategy (EXP3),-0.17589628292949913
2024-10-04,Bandit Meta-Strategy (EXP3),-0.1671654350089399
2024-10-07,Bandit Meta-Strategy (EXP3),-0.17667314928122377
2024-10-08,Bandit Meta-Strategy (EXP3),-0.17050340813111003
2024-10-09,Bandit Meta-Strategy (EXP3),-0.1655085074886046
2024-10-10,Bandit Meta-Strategy (EXP3),-0.16852201392550661
2024-10-11,Bandit Meta-Strategy (EXP3),-0.16625031994017064
2024-10-14,Bandit Meta-Strategy (EXP3),-0.16183144775442512
2024-10-15,Bandit Meta-Strategy (EXP3),-0.1641092312321235
2024-10-16,Bandit Meta-Strategy (EXP3),-0.15946626711910022
2024-10-17,Bandit Meta-Strategy (EXP3),-0.16149308190483216
2024-10-18,Bandit Meta-Strategy (EXP3),-0.15607749693579664
2024-10-21,Bandit Meta-Strategy (EXP3),-0.15896101626379402
2024-10-22,Bandit Meta-Strategy (EXP3),-0.1575377496265812
2024-10-23,Bandit Meta-Strategy (EXP3),-0.16486048000363254
2024-10-24,Bandit Meta-Strategy (EXP3),-0.15742937683789993
2024-10-25,Bandit Meta-Strategy (EXP3),-0.15780325400862238
2024-10-28,Bandit Meta-Strategy (EXP3),-0.1549028023765304
2024-10-29,Bandit Meta-Strategy (EXP3),-0.15719878513635901
2024-10-30,Bandit Meta-Strategy (EXP3),-0.15670811996036693
2024-10-31,Bandit Meta-Strategy (EXP3),-0.15709966481910798
2024-11-01,Bandit Meta-Strategy (EXP3),-0.15642697087935398
2024-11-04,Bandit Meta-Strategy (EXP3),-0.157314087439839
2024-11-05,Bandit Meta-Strategy (EXP3),-0.14982785773318397
2024-11-06,Bandit Meta-Strategy (EXP3),-0.14182583727400316
2024-11-07,Bandit Meta-Strategy (EXP3),-0.13397806433888507
2024-11-08,Bandit Meta-Strategy (EXP3),-0.12874333996585435
2024-11-11,Bandit Meta-Strategy (EXP3),-0.1276688979507697
2024-11-12,Bandit Meta-Strategy (EXP3),-0.13013219221511585
2024-11-13,Bandit Meta-Strategy (EXP3),-0.12613996622425735
2024-11-14,Bandit Meta-Strategy (EXP3),-0.12934925647564302
2024-11-15,Bandit Meta-Strategy (EXP3),-0.1324435223887823
2024-11-18,Bandit Meta-Strategy (EXP3),-0.12717367502211616
2024-11-19,Bandit Meta-Strategy (EXP3),-0.12336313706892602
2024-11-20,Bandit Meta-Strategy (EXP3),-0.12347085695533373
2024-11-21,Bandit Meta-Strategy (EXP3),-0.11758017655233395
2024-11-22,Bandit Meta-Strategy (EXP3),-0.11074425567746142
2024-11-25,Bandit Meta-Strategy (EXP3),-0.10967025178242183
2024-11-26,Bandit Meta-Strategy (EXP3),-0.10647906345852239
2024-11-27,Bandit Meta-Strategy (EXP3),-0.10701167976982809
2024-11-29,Bandit Meta-Strategy (EXP3),-0.10295873540577832
2024-12-02,Bandit Meta-Strategy (EXP3),-0.09947515513214215
2024-12-03,Bandit Meta-Strategy (EXP3),-0.10172597805502868
2024-12-04,Bandit Meta-Strategy (EXP3),-0.10367943584163287
2024-12-05,Bandit Meta-Strategy (EXP3),-0.0993533857125761
2024-12-06,Bandit Meta-Strategy (EXP3),-0.09541938013443892
2024-12-09,Bandit Meta-Strategy (EXP3),-0.10181274744978372
2024-12-10,Bandit Meta-Strategy (EXP3),-0.09954560327108981
2024-12-11,Bandit Meta-Strategy (EXP3),-0.09422389835310827
2024-12-12,Bandit Meta-Strategy (EXP3),-0.09634534575071195
2024-12-13,Bandit Meta-Strategy (EXP3),-0.09828348789454765
2024-12-16,Bandit Meta-Strategy (EXP3),-0.09766130953834568
2024-12-17,Bandit Meta-Strategy (EXP3),-0.09302570739261398
2024-12-18,Bandit Meta-Strategy (EXP3),-0.11610107173689806
2024-12-19,Bandit Meta-Strategy (EXP3),-0.11756276267625823
2024-12-20,Bandit Meta-Strategy (EXP3),-0.11493587304645522
2024-12-23,Bandit Meta-Strategy (EXP3),-0.11105909069805106
2024-12-24,Bandit Meta-Strategy (EXP3),-0.09941823125626159
2024-12-26,Bandit Meta-Strategy (EXP3),-0.10136165694654102
2024-12-27,Bandit Meta-Strategy (EXP3),-0.11022740095349216
2024-12-30,Bandit Meta-Strategy (EXP3),-0.12022089166665603
2024-12-31,Bandit Meta-Strategy (EXP3),-0.12057313270395606
2025-01-02,Bandit Meta-Strategy (EXP3),-0.12532655949501162
2025-01-03,Bandit Meta-Strategy (EXP3),-0.12114286289317001
2025-01-06,Bandit Meta-Strategy (EXP3),-0.12377157885956046
2025-01-07,Bandit Meta-Strategy (EXP3),-0.12492968831665682
2025-01-08,Bandit Meta-Strategy (EXP3),-0.1275989076041141
2025-01-10,Bandit Meta-Strategy (EXP3),-0.13808503162047694
2025-01-13,Bandit Meta-Strategy (EXP3),-0.13352822731850006
2025-01-14,Bandit Meta-Strategy (EXP3),-0.13352345784636185
2025-01-15,Bandit Meta-Strategy (EXP3),-0.12208287054944512
2025-01-16,Bandit Meta-Strategy (EXP3),-0.12247581467620593
2025-01-17,Bandit Meta-Strategy (EXP3),-0.11626025218543576
2025-01-21,Bandit Meta-Strategy (EXP3),-0.11315347214272806
2025-01-22,Bandit Meta-Strategy (EXP3),-0.10982921733043213
2025-01-23,Bandit Meta-Strategy (EXP3),-0.1029198262989076
2025-01-24,Bandit Meta-Strategy (EXP3),-0.10565567347650294
2025-01-27,Bandit Meta-Strategy (EXP3),-0.09285086805277314
2025-01-28,Bandit Meta-Strategy (EXP3),-0.09768514723368966
2025-01-29,Bandit Meta-Strategy (EXP3),-0.09675811317247482
2025-01-30,Bandit Meta-Strategy (EXP3),-0.08972222845098796
2025-01-31,Bandit Meta-Strategy (EXP3),-0.09003318577895164
2025-02-03,Bandit Meta-Strategy (EXP3),-0.09018354010785731
2025-02-04,Bandit Meta-Strategy (EXP3),-0.08392970593653384
2025-02-05,Bandit Meta-Strategy (EXP3),-0.0780740382474173
2025-02-06,Bandit Meta-Strategy (EXP3),-0.07721564294017429
2025-02-07,Bandit Meta-Strategy (EXP3),-0.08066433531760296
2025-02-10,Bandit Meta-Strategy (EXP3),-0.07323147086226164
2025-02-11,Bandit Meta-Strategy (EXP3),-0.06566773634093878
2025-02-12,Bandit Meta-Strategy (EXP3),-0.06707649259556565
2025-02-13,Bandit Meta-Strategy (EXP3),-0.05543253633286673
2025-02-14,Bandit Meta-Strategy (EXP3),-0.061871791515684685
2025-02-18,Bandit Meta-Strategy (EXP3),-0.060539710698877695
2025-02-19,Bandit Meta-Strategy (EXP3),-0.05456590654487477
2025-02-20,Bandit Meta-Strategy (EXP3),-0.05935296557625758
2025-02-21,Bandit Meta-Strategy (EXP3),-0.062417422826989394
2025-02-24,Bandit Meta-Strategy (EXP3),-0.06634834627263939
2025-02-25,Bandit Meta-Strategy (EXP3),-0.0640807324145794
2025-02-26,Bandit Meta-Strategy (EXP3),-0.06858013614888712
2025-02-27,Bandit Meta-Strategy (EXP3),-0.0747193594731239
2025-02-28,Bandit Meta-Strategy (EXP3),-0.0755502721934869
2025-03-03,Bandit Meta-Strategy (EXP3),-0.08805294138451755
2025-03-04,Bandit Meta-Strategy (EXP3),-0.10606323898868428
2025-03-05,Bandit Meta-Strategy (EXP3),-0.09636822211648914
2025-03-06,Bandit Meta-Strategy (EXP3),-0.12197580081065464
2025-03-07,Bandit Meta-Strategy (EXP3),-0.12733826255752564
2025-03-10,Bandit Meta-Strategy (EXP3),-0.1623161850272585
2025-03-11,Bandit Meta-Strategy (EXP3),-0.1612225425617603
2025-03-12,Bandit Meta-Strategy (EXP3),-0.1544462964324775
2025-03-13,Bandit Meta-Strategy (EXP3),-0.16781233986213373
2025-03-14,Bandit Meta-Strategy (EXP3),-0.15094039197133563
2025-03-17,Bandit Meta-Strategy (EXP3),-0.14578670776990468
2025-03-18,Bandit Meta-Strategy (EXP3),-0.16043885080436374
2025-03-19,Bandit Meta-Strategy (EXP3),-0.14651242457744845
2025-03-20,Bandit Meta-Strategy (EXP3),-0.14838265725064054
2025-03-21,Bandit Meta-Strategy (EXP3),-0.14070959107568953
2025-03-24,Bandit Meta-Strategy (EXP3),-0.11827048297334623
2025-03-25,Bandit Meta-Strategy (EXP3),-0.1149103499252962
2025-03-26,Bandit Meta-Strategy (EXP3),-0.12643542669357016
2025-03-27,Bandit Meta-Strategy (EXP3),-0.124543916973796
2025-03-28,Bandit Meta-Strategy (EXP3),-0.14249463647443286
2025-03-31,Bandit Meta-Strategy (EXP3),-0.1428159254400901
2025-04-01,Bandit Meta-Strategy (EXP3),-0.14431032731576268
2025-04-02,Bandit Meta-Strategy (EXP3),-0.13701224999151115
2025-04-03,Bandit Meta-Strategy (EXP3),-0.16371056205647772
2025-04-04,Bandit Meta-Strategy (EXP3),-0.2133161697602155
2025-04-07,Bandit Meta-Strategy (EXP3),-0.21695963085928385
2025-04-08,Bandit Meta-Strategy (EXP3),-0.22929511986905407
2025-04-09,Bandit Meta-Strategy (EXP3),-0.16232398030395195
2025-04-10,Bandit Meta-Strategy (EXP3),-0.1851120270611004
2025-04-11,Bandit Meta-Strategy (EXP3),-0.17186376598186537
2025-04-14,Bandit Meta-Strategy (EXP3),-0.16480764483156196
2025-04-15,Bandit Meta-Strategy (EXP3),-0.16206006124401284
2025-04-16,Bandit Meta-Strategy (EXP3),-0.18012395610995202
2025-04-17,Bandit Meta-Strategy (EXP3),-0.17152651329202853
2025-04-21,Bandit Meta-Strategy (EXP3),-0.18516636998991837
2025-04-22,Bandit Meta-Strategy (EXP3),-0.1624766931467103
2025-04-23,Bandit Meta-Strategy (EXP3),-0.15447108752618885
2025-04-24,Bandit Meta-Strategy (EXP3),-0.14166697076295665
2025-04-25,Bandit Meta-Strategy (EXP3),-0.13134641174238953
2025-04-28,Bandit Meta-Strategy (EXP3),-0.13035007460272344
2025-04-29,Bandit Meta-Strategy (EXP3),-0.1225667526126842
2025-04-30,Bandit Meta-Strategy (EXP3),-0.12318224142420349
2025-05-01,Bandit Meta-Strategy (EXP3),-0.12488145703234627
2025-05-02,Bandit Meta-Strategy (EXP3),-0.11386893168030816
2025-05-05,Bandit Meta-Strategy (EXP3),-0.12104419381857812
2025-05-06,Bandit Meta-Strategy (EXP3),-0.123966113812476
2025-05-07,Bandit Meta-Strategy (EXP3),-0.11890570014396912
2025-05-08,Bandit Meta-Strategy (EXP3),-0.11888271148621045
2025-05-09,Bandit Meta-Strategy (EXP3),-0.12185796287097624
2025-05-12,Bandit Meta-Strategy (EXP3),-0.10574220710795372
2025-05-13,Bandit Meta-Strategy (EXP3),-0.10657096417547723
2025-05-14,Bandit Meta-Strategy (EXP3),-0.10288695555180297
2025-05-15,Bandit Meta-Strategy (EXP3),-0.09212785190791782
2025-05-16,Bandit Meta-Strategy (EXP3),-0.08531387100667236
2025-05-19,Bandit Meta-Strategy (EXP3),-0.08493884913048103
2025-05-20,Bandit Meta-Strategy (EXP3),-0.08618395693927193
2025-05-21,Bandit Meta-Strategy (EXP3),-0.09189638898631507
2025-05-22,Bandit Meta-Strategy (EXP3),-0.09284614303325159
2025-05-23,Bandit Meta-Strategy (EXP3),-0.09438248351375118
2025-05-27,Bandit Meta-Strategy (EXP3),-0.08010912077255188
2025-05-28,Bandit Meta-Strategy (EXP3),-0.08578203896945644
2025-05-29,Bandit Meta-Strategy (EXP3),-0.08110705686883961
2025-05-30,Bandit Meta-Strategy (EXP3),-0.07900056567184015
2025-06-02,Bandit Meta-Strategy (EXP3),-0.07851949221216042
2025-06-03,Bandit Meta-Strategy (EXP3),-0.0793112893077383
2025-06-04,Bandit Meta-Strategy (EXP3),-0.08062066908528587
2025-06-05,Bandit Meta-Strategy (EXP3),-0.09072953457959909
2025-06-06,Bandit Meta-Strategy (EXP3),-0.08069544321818434
2025-06-09,Bandit Meta-Strategy (EXP3),-0.0775991623048031
2025-06-10,Bandit Meta-Strategy (EXP3),-0.06912746015081629
2025-06-11,Bandit Meta-Strategy (EXP3),-0.07190957808673601
2025-06-12,Bandit Meta-Strategy (EXP3),-0.06946937633916152
2025-06-13,Bandit Meta-Strategy (EXP3),-0.0766484914342552
2025-06-16,Bandit Meta-Strategy (EXP3),-0.07387589950433221
2025-06-17,Bandit Meta-Strategy (EXP3),-0.08288411611692775
2025-06-18,Bandit Meta-Strategy (EXP3),-0.0872494249582237
2025-06-20,Bandit Meta-Strategy (EXP3),-0.090041941891827
2025-06-23,Bandit Meta-Strategy (EXP3),-0.08055592043908028
2025-06-24,Bandit Meta-Strategy (EXP3),-0.0760832362659828
2025-06-25,Bandit Meta-Strategy (EXP3),-0.07542755093657381
2025-06-26,Bandit Meta-Strategy (EXP3),-0.07100370351311296
2025-06-27,Bandit Meta-Strategy (EXP3),-0.06326417958779569
2025-06-30,Bandit Meta-Strategy (EXP3),-0.06357040522745967
2025-07-01,Bandit Meta-Strategy (EXP3),-0.05910716752122258
2025-07-02,Bandit Meta-Strategy (EXP3),-0.0564224009074199
2025-07-03,Bandit Meta-Strategy (EXP3),-0.05102611901589211
2025-07-07,Bandit Meta-Strategy (EXP3),-0.0588797896671125
2025-07-08,Bandit Meta-Strategy (EXP3),-0.06177925256060109
2025-07-09,Bandit Meta-Strategy (EXP3),-0.06031980879052785
2025-07-10,Bandit Meta-Strategy (EXP3),-0.055770426083789314
2025-07-11,Bandit Meta-Strategy (EXP3),-0.05662404808040523
2025-07-14,Bandit Meta-Strategy (EXP3),-0.059010244666198364
2025-07-15,Bandit Meta-Strategy (EXP3),-0.06376663234637085
2025-07-16,Bandit Meta-Strategy (EXP3),-0.05158108183871699
2025-07-17,Bandit Meta-Strategy (EXP3),-0.04718200801224508
2025-07-18,Bandit Meta-Strategy (EXP3),-0.05119196198178138
2025-07-21,Bandit Meta-Strategy (EXP3),-0.04648273990119574
2025-07-22,Bandit Meta-Strategy (EXP3),-0.041327358905388197
2025-07-23,Bandit Meta-Strategy (EXP3),-0.038890209225620406
2025-07-24,Bandit Meta-Strategy (EXP3),-0.03872313280651984
2025-07-25,Bandit Meta-Strategy (EXP3),-0.038312772773610344
2025-07-28,Bandit Meta-Strategy (EXP3),-0.042273612185078156
2025-07-29,Bandit Meta-Strategy (EXP3),-0.03674094979462597
2025-07-30,Bandit Meta-Strategy (EXP3),-0.04217411303157037
2025-07-31,Bandit Meta-Strategy (EXP3),-0.04254714528591905
2025-08-01,Bandit Meta-Strategy (EXP3),-0.03986996387645662
2025-08-04,Bandit Meta-Strategy (EXP3),-0.02858542069208769
2025-08-05,Bandit Meta-Strategy (EXP3),-0.028021780144357897
2025-08-06,Bandit Meta-Strategy (EXP3),-0.020103002746673124
2025-08-07,Bandit Meta-Strategy (EXP3),-0.015959768010401585
2025-08-08,Bandit Meta-Strategy (EXP3),-0.008316728113582582
2025-08-11,Bandit Meta-Strategy (EXP3),-0.004894913006193561
2025-08-12,Bandit Meta-Strategy (EXP3),-0.0005769017346167219
2025-08-13,Bandit Meta-Strategy (EXP3),0.0
2025-08-14,Bandit Meta-Strategy (EXP3),-0.0050877136629783205
2025-08-15,Bandit Meta-Strategy (EXP3),-0.0035271448513935332
2025-08-18,Bandit Meta-Strategy (EXP3),-0.005100205353840052
2025-08-19,Bandit Meta-Strategy (EXP3),0.0
2025-08-20,Bandit Meta-Strategy (EXP3),0.0
2025-08-21,Bandit Meta-Strategy (EXP3),-0.0044007140216455335
2025-08-22,Bandit Meta-Strategy (EXP3),0.0
2025-08-25,Bandit Meta-Strategy (EXP3),-0.007390190995756656
2025-08-26,Bandit Meta-Strategy (EXP3),-0.009321997536760529
2025-08-27,Bandit Meta-Strategy (EXP3),-0.007047450950602522
2025-08-28,Bandit Meta-Strategy (EXP3),-0.010968441518545109
2025-08-29,Bandit Meta-Strategy (EXP3),-0.011523550888856472
2025-09-02,Bandit Meta-Strategy (EXP3),-0.012178383468750994
2025-09-03,Bandit Meta-Strategy (EXP3),-0.007168187859531751
2025-09-04,Bandit Meta-Strategy (EXP3),-0.0012964729374417287
2025-09-05,Bandit Meta-Strategy (EXP3),-0.005776821454226406
2025-09-08,Bandit Meta-Strategy (EXP3),-0.00678717660829543
2025-09-09,Bandit Meta-Strategy (EXP3),-0.0029955876730492366
2025-09-10,Bandit Meta-Strategy (EXP3),-0.007638424925115159
2025-09-11,Bandit Meta-Strategy (EXP3),0.0
2025-09-12,Bandit Meta-Strategy (EXP3),-0.0006597443441597768
2025-09-15,Bandit Meta-Strategy (EXP3),0.0
2025-09-16,Bandit Meta-Strategy (EXP3),0.0
2025-09-17,Bandit Meta-Strategy (EXP3),0.0
2025-09-18,Bandit Meta-Strategy (EXP3),-0.006528616583571935
2025-09-19,Bandit Meta-Strategy (EXP3),-0.0033754679448038
2025-09-22,Bandit Meta-Strategy (EXP3),-0.005198759073192396
2025-09-23,Bandit Meta-Strategy (EXP3),-0.0077782736044163915
2025-09-24,Bandit Meta-Strategy (EXP3),-0.008031661817348067
2025-09-25,Bandit Meta-Strategy (EXP3),-0.011399658593219852
2025-09-26,Bandit Meta-Strategy (EXP3),-0.0061323010872338995
2025-09-29,Bandit Meta-Strategy (EXP3),-0.0035291166695617395
2025-09-30,Bandit Meta-Strategy (EXP3),0.0
2025-10-01,Bandit Meta-Strategy (EXP3),0.0
2025-10-02,Bandit Meta-Strategy (EXP3),-0.005195260966628764
2025-10-03,Bandit Meta-Strategy (EXP3),-0.0016364914701796074
2025-10-06,Bandit Meta-Strategy (EXP3),-0.0018735511444671212
2025-10-07,Bandit Meta-Strategy (EXP3),-0.0013383186932140005
2025-10-08,Bandit Meta-Strategy (EXP3),-0.002720470606075931
2025-10-09,Bandit Meta-Strategy (EXP3),-0.0042736617202465115
2025-10-10,Bandit Meta-Strategy (EXP3),-0.018211936256609468
2025-10-13,Bandit Meta-Strategy (EXP3),-0.011303366289389955
2025-10-14,Bandit Meta-Strategy (EXP3),-0.007991795328619445
2025-10-15,Bandit Meta-Strategy (EXP3),-0.006599216695223356
2025-10-16,Bandit Meta-Strategy (EXP3),-0.010613782674092966
2025-10-17,Bandit Meta-Strategy (EXP3),0.0
2025-10-20,Bandit Meta-Strategy (EXP3),0.0
2025-10-21,Bandit Meta-Strategy (EXP3),0.0
2025-10-22,Bandit Meta-Strategy (EXP3),-0.005525726754494083
2025-10-23,Bandit Meta-Strategy (EXP3),-0.005005302816847014
2025-10-24,Bandit Meta-Strategy (EXP3),-0.0049670763471863725
2025-10-27,Bandit Meta-Strategy (EXP3),0.0
2025-10-28,Bandit Meta-Strategy (EXP3),0.0
2025-10-29,Bandit Meta-Strategy (EXP3),-0.004419665734125879
2025-10-30,Bandit Meta-Strategy (EXP3),-0.00789996551860671
2025-10-31,Bandit Meta-Strategy (EXP3),-0.004372338516550467
2025-11-03,Bandit Meta-Strategy (EXP3),-0.007863889911716203
2025-11-04,Bandit Meta-Strategy (EXP3),-0.012677116553837126
2025-11-05,Bandit Meta-Strategy (EXP3),-0.013732876497719725
2025-11-06,Bandit Meta-Strategy (EXP3),-0.016966691118095924
2025-11-07,Bandit Meta-Strategy (EXP3),-0.015060488733139747
2025-11-10,Bandit Meta-Strategy (EXP3),-0.0050300580783972145
2025-11-11,Bandit Meta-Strategy (EXP3),0.0
2025-11-12,Bandit Meta-Strategy (EXP3),-0.0014091279464856013
2025-11-13,Bandit Meta-Strategy (EXP3),-0.013794316509759418
2025-11-14,Bandit Meta-Strategy (EXP3),-0.017679092043045803
2025-11-17,Bandit Meta-Strategy (EXP3),-0.05814077432007846
2025-11-18,Bandit Meta-Strategy (EXP3),-0.06317644060856403
2025-11-19,Bandit Meta-Strategy (EXP3),-0.061319034670727045
2025-11-20,Bandit Meta-Strategy (EXP3),-0.06410816063078494
2025-11-21,Bandit Meta-Strategy (EXP3),-0.05399560572188502
2025-11-24,Bandit Meta-Strategy (EXP3),-0.04834433403381954
2025-11-25,Bandit Meta-Strategy (EXP3),-0.04060967881737637
2025-11-26,Bandit Meta-Strategy (EXP3),-0.04106845731836712
