date,strategy,return
2015-12-01,EXP3 Bandit Meta-Strategy,0.014776282091206072
2015-12-02,EXP3 Bandit Meta-Strategy,-0.00809401601921056
2015-12-03,EXP3 Bandit Meta-Strategy,-0.010851054876115152
2015-12-04,EXP3 Bandit Meta-Strategy,0.02160104799335194
2015-12-07,EXP3 Bandit Meta-Strategy,-0.007415124662684569
2015-12-08,EXP3 Bandit Meta-Strategy,-0.004364164217862898
2015-12-09,EXP3 Bandit Meta-Strategy,-0.01090195311266473
2015-12-10,EXP3 Bandit Meta-Strategy,0.002312922477741841
2015-12-11,EXP3 Bandit Meta-Strategy,-0.020615154425667193
2015-12-14,EXP3 Bandit Meta-Strategy,0.011126574892596608
2015-12-15,EXP3 Bandit Meta-Strategy,0.010050642089213468
2015-12-16,EXP3 Bandit Meta-Strategy,0.017757660495313132
2015-12-17,EXP3 Bandit Meta-Strategy,-0.01201764698826413
2015-12-18,EXP3 Bandit Meta-Strategy,-0.021126072565606613
2015-12-21,EXP3 Bandit Meta-Strategy,0.007313268218968272
2015-12-22,EXP3 Bandit Meta-Strategy,0.004339502330741096
2015-12-23,EXP3 Bandit Meta-Strategy,0.007667176865591152
2015-12-24,EXP3 Bandit Meta-Strategy,-0.0016947900992856368
2015-12-28,EXP3 Bandit Meta-Strategy,0.0008556950872204983
2015-12-29,EXP3 Bandit Meta-Strategy,0.012516071249928595
2015-12-30,EXP3 Bandit Meta-Strategy,-0.006736439259782179
2015-12-31,EXP3 Bandit Meta-Strategy,-0.00040601520071081865
2016-01-04,EXP3 Bandit Meta-Strategy,-0.018611178191041078
2016-01-05,EXP3 Bandit Meta-Strategy,0.003417935060374244
2016-01-06,EXP3 Bandit Meta-Strategy,-0.0020068110131444827
2016-01-07,EXP3 Bandit Meta-Strategy,-0.015577606012463163
2016-01-08,EXP3 Bandit Meta-Strategy,-0.015091979891621476
2016-01-11,EXP3 Bandit Meta-Strategy,0.006254588054339649
2016-01-12,EXP3 Bandit Meta-Strategy,0.006738463865907818
2016-01-13,EXP3 Bandit Meta-Strategy,-0.02923011066646186
2016-01-14,EXP3 Bandit Meta-Strategy,0.014532223326267468
2016-01-15,EXP3 Bandit Meta-Strategy,-0.022621309319175498
2016-01-19,EXP3 Bandit Meta-Strategy,0.004617377824444935
2016-01-20,EXP3 Bandit Meta-Strategy,-0.015835970703665603
2016-01-21,EXP3 Bandit Meta-Strategy,0.0039850862663888265
2016-01-22,EXP3 Bandit Meta-Strategy,0.017948675473202114
2016-01-25,EXP3 Bandit Meta-Strategy,-0.009273786278098495
2016-01-26,EXP3 Bandit Meta-Strategy,0.010431069045816477
2016-01-27,EXP3 Bandit Meta-Strategy,-0.01497377189786031
2016-01-28,EXP3 Bandit Meta-Strategy,0.01437459339435665
2016-01-29,EXP3 Bandit Meta-Strategy,-0.00026089448291277684
2016-02-01,EXP3 Bandit Meta-Strategy,0.0027579576393801375
2016-02-02,EXP3 Bandit Meta-Strategy,-0.01893302159023913
2016-02-03,EXP3 Bandit Meta-Strategy,-0.0015310970952600034
2016-02-04,EXP3 Bandit Meta-Strategy,-0.003075670285803467
2016-02-05,EXP3 Bandit Meta-Strategy,-0.02235411951933508
2016-02-08,EXP3 Bandit Meta-Strategy,-0.011281689189948207
2016-02-09,EXP3 Bandit Meta-Strategy,0.0028028607449126497
2016-02-10,EXP3 Bandit Meta-Strategy,-0.0008371660957114946
2016-02-11,EXP3 Bandit Meta-Strategy,-0.006587297498867328
2016-02-12,EXP3 Bandit Meta-Strategy,0.015127213906666936
2016-02-16,EXP3 Bandit Meta-Strategy,0.011775010154814636
2016-02-17,EXP3 Bandit Meta-Strategy,0.01678856969519793
2016-02-18,EXP3 Bandit Meta-Strategy,-0.006379474090030812
2016-02-19,EXP3 Bandit Meta-Strategy,0.0025194100808016984
2016-02-22,EXP3 Bandit Meta-Strategy,0.017072146271284838
2016-02-23,EXP3 Bandit Meta-Strategy,-0.007351842768819394
2016-02-24,EXP3 Bandit Meta-Strategy,0.007049856193361181
2016-02-25,EXP3 Bandit Meta-Strategy,0.01338158935028555
2016-02-26,EXP3 Bandit Meta-Strategy,-0.007988090951118965
2016-02-29,EXP3 Bandit Meta-Strategy,-0.0001833786354856759
2016-03-01,EXP3 Bandit Meta-Strategy,0.02068761261297336
2016-03-02,EXP3 Bandit Meta-Strategy,0.0022439092608972366
2016-03-03,EXP3 Bandit Meta-Strategy,0.00031932472464002437
2016-03-04,EXP3 Bandit Meta-Strategy,0.0038179501612209954
2016-03-07,EXP3 Bandit Meta-Strategy,-0.002693115485448816
2016-03-08,EXP3 Bandit Meta-Strategy,-0.005561698496562517
2016-03-09,EXP3 Bandit Meta-Strategy,0.005170631789508162
2016-03-10,EXP3 Bandit Meta-Strategy,-0.001636858629875615
2016-03-11,EXP3 Bandit Meta-Strategy,0.009097034475975097
2016-03-14,EXP3 Bandit Meta-Strategy,0.0009713845076178007
2016-03-15,EXP3 Bandit Meta-Strategy,0.001198502636771348
2016-03-16,EXP3 Bandit Meta-Strategy,0.0012901211430267345
2016-03-17,EXP3 Bandit Meta-Strategy,0.003351658994211304
2016-03-18,EXP3 Bandit Meta-Strategy,0.003937909818421348
2016-03-21,EXP3 Bandit Meta-Strategy,0.005401589515607652
2016-03-22,EXP3 Bandit Meta-Strategy,-0.0008239078818181866
2016-03-23,EXP3 Bandit Meta-Strategy,-0.0016489227277737273
2016-03-24,EXP3 Bandit Meta-Strategy,0.002128952491387004
2016-03-28,EXP3 Bandit Meta-Strategy,0.0021044290810128263
2016-03-29,EXP3 Bandit Meta-Strategy,0.009751105672302085
2016-03-30,EXP3 Bandit Meta-Strategy,0.002257581083515703
2016-03-31,EXP3 Bandit Meta-Strategy,-9.740448824269166e-05
2016-04-01,EXP3 Bandit Meta-Strategy,0.01089953643856223
2016-04-04,EXP3 Bandit Meta-Strategy,0.0004310145503487739
2016-04-05,EXP3 Bandit Meta-Strategy,-0.0019796056742565904
2016-04-06,EXP3 Bandit Meta-Strategy,0.01308243887585303
2016-04-07,EXP3 Bandit Meta-Strategy,-0.010035119681264248
2016-04-08,EXP3 Bandit Meta-Strategy,-0.0001361123656783425
2016-04-11,EXP3 Bandit Meta-Strategy,-0.005825796644172376
2016-04-12,EXP3 Bandit Meta-Strategy,0.010482969449815638
2016-04-13,EXP3 Bandit Meta-Strategy,0.009420565352173504
2016-04-14,EXP3 Bandit Meta-Strategy,0.0010646630093775755
2016-04-15,EXP3 Bandit Meta-Strategy,0.0014899568204174152
2016-04-18,EXP3 Bandit Meta-Strategy,0.004665095532887742
2016-04-19,EXP3 Bandit Meta-Strategy,-0.005463221508427263
2016-04-20,EXP3 Bandit Meta-Strategy,-0.002889442213491411
2016-04-21,EXP3 Bandit Meta-Strategy,-0.0057447896151603395
2016-04-22,EXP3 Bandit Meta-Strategy,0.0008936126162286673
2016-04-25,EXP3 Bandit Meta-Strategy,0.0007109458352607678
2016-04-26,EXP3 Bandit Meta-Strategy,-0.004513306337918466
2016-04-27,EXP3 Bandit Meta-Strategy,7.759133898410653e-05
2016-04-28,EXP3 Bandit Meta-Strategy,-0.006466024107630086
2016-04-29,EXP3 Bandit Meta-Strategy,-0.00017399858619138175
2016-05-02,EXP3 Bandit Meta-Strategy,0.009929284977396424
2016-05-03,EXP3 Bandit Meta-Strategy,-0.005002314795596985
2016-05-04,EXP3 Bandit Meta-Strategy,-0.003868286110579877
2016-05-05,EXP3 Bandit Meta-Strategy,-0.0008806590839368633
2016-05-06,EXP3 Bandit Meta-Strategy,0.007738344130344688
2016-05-09,EXP3 Bandit Meta-Strategy,0.0021067351949501933
2016-05-10,EXP3 Bandit Meta-Strategy,0.00949019011093255
2016-05-11,EXP3 Bandit Meta-Strategy,-0.013774494778723945
2016-05-12,EXP3 Bandit Meta-Strategy,0.0001060919078010869
2016-05-13,EXP3 Bandit Meta-Strategy,-3.422589664170417e-05
2016-05-16,EXP3 Bandit Meta-Strategy,0.010521904790220082
2016-05-17,EXP3 Bandit Meta-Strategy,-0.010026542500441327
2016-05-18,EXP3 Bandit Meta-Strategy,0.0005506940832433749
2016-05-19,EXP3 Bandit Meta-Strategy,0.011812850037545397
2016-05-20,EXP3 Bandit Meta-Strategy,0.0062483022124255605
2016-05-23,EXP3 Bandit Meta-Strategy,-0.0015006351060516954
2016-05-24,EXP3 Bandit Meta-Strategy,0.012858054071724467
2016-05-25,EXP3 Bandit Meta-Strategy,0.005477077290449994
2016-05-26,EXP3 Bandit Meta-Strategy,0.004425175463812936
2016-05-27,EXP3 Bandit Meta-Strategy,0.0026107723878372457
2016-05-31,EXP3 Bandit Meta-Strategy,-0.00014996856026094907
2016-06-01,EXP3 Bandit Meta-Strategy,-0.0004856294709786324
2016-06-02,EXP3 Bandit Meta-Strategy,0.0032896929567338695
2016-06-03,EXP3 Bandit Meta-Strategy,-0.0030925935631723744
2016-06-06,EXP3 Bandit Meta-Strategy,0.004755466078555148
2016-06-07,EXP3 Bandit Meta-Strategy,0.0012510190211361127
2016-06-08,EXP3 Bandit Meta-Strategy,0.0031783481635661026
2016-06-09,EXP3 Bandit Meta-Strategy,0.001764531802801006
2016-06-10,EXP3 Bandit Meta-Strategy,-0.007608843721244929
2016-06-13,EXP3 Bandit Meta-Strategy,-0.007481031630321544
2016-06-14,EXP3 Bandit Meta-Strategy,0.001136672443535769
2016-06-15,EXP3 Bandit Meta-Strategy,-0.0008456672701698809
2016-06-16,EXP3 Bandit Meta-Strategy,0.003944685469783549
2016-06-17,EXP3 Bandit Meta-Strategy,-0.009790995415394854
2016-06-20,EXP3 Bandit Meta-Strategy,0.005852455272177259
2016-06-21,EXP3 Bandit Meta-Strategy,0.0017755148646652064
2016-06-22,EXP3 Bandit Meta-Strategy,-0.005524503317312912
2016-06-23,EXP3 Bandit Meta-Strategy,0.009539000937607955
2016-06-24,EXP3 Bandit Meta-Strategy,-0.026173201225914933
2016-06-27,EXP3 Bandit Meta-Strategy,-0.009038603277011448
2016-06-28,EXP3 Bandit Meta-Strategy,0.016218706826510276
2016-06-29,EXP3 Bandit Meta-Strategy,0.014841255941245635
2016-06-30,EXP3 Bandit Meta-Strategy,-0.000202123806592569
2016-07-01,EXP3 Bandit Meta-Strategy,0.004428893450323601
2016-07-05,EXP3 Bandit Meta-Strategy,0.0020163394166037296
2016-07-06,EXP3 Bandit Meta-Strategy,0.0016858077670156568
2016-07-07,EXP3 Bandit Meta-Strategy,0.0008726957368989652
2016-07-08,EXP3 Bandit Meta-Strategy,0.011669857187311283
2016-07-11,EXP3 Bandit Meta-Strategy,0.003999591304315597
2016-07-12,EXP3 Bandit Meta-Strategy,0.00402554702520308
2016-07-13,EXP3 Bandit Meta-Strategy,0.00016187355298180606
2016-07-14,EXP3 Bandit Meta-Strategy,0.006074858406885708
2016-07-15,EXP3 Bandit Meta-Strategy,-0.0018484749025132752
2016-07-18,EXP3 Bandit Meta-Strategy,0.004709150126607664
2016-07-19,EXP3 Bandit Meta-Strategy,-0.0042730214465172
2016-07-20,EXP3 Bandit Meta-Strategy,0.004033316880374782
2016-07-21,EXP3 Bandit Meta-Strategy,-0.0057637337210444395
2016-07-22,EXP3 Bandit Meta-Strategy,0.005158198046306017
2016-07-25,EXP3 Bandit Meta-Strategy,0.000812884678705883
2016-07-26,EXP3 Bandit Meta-Strategy,0.0015787978578518658
2016-07-27,EXP3 Bandit Meta-Strategy,-0.0037752188766311257
2016-07-28,EXP3 Bandit Meta-Strategy,0.0024532974687700992
2016-07-29,EXP3 Bandit Meta-Strategy,-0.00022937053612426261
2016-08-01,EXP3 Bandit Meta-Strategy,0.0008542393773680601
2016-08-02,EXP3 Bandit Meta-Strategy,-0.005315379913510054
2016-08-03,EXP3 Bandit Meta-Strategy,-0.002039684309414591
2016-08-04,EXP3 Bandit Meta-Strategy,0.002114545342379648
2016-08-05,EXP3 Bandit Meta-Strategy,0.008527333312839058
2016-08-08,EXP3 Bandit Meta-Strategy,-0.0023852644426471947
2016-08-09,EXP3 Bandit Meta-Strategy,0.001185592073112085
2016-08-10,EXP3 Bandit Meta-Strategy,-0.002703809594195805
2016-08-11,EXP3 Bandit Meta-Strategy,0.004405311599839479
2016-08-12,EXP3 Bandit Meta-Strategy,0.004874811277937319
2016-08-15,EXP3 Bandit Meta-Strategy,-0.0009485699832858518
2016-08-16,EXP3 Bandit Meta-Strategy,-0.0061614670406427985
2016-08-17,EXP3 Bandit Meta-Strategy,0.002517921304008075
2016-08-18,EXP3 Bandit Meta-Strategy,0.002996247372856198
2016-08-19,EXP3 Bandit Meta-Strategy,-0.005190365574112454
2016-08-22,EXP3 Bandit Meta-Strategy,-0.002428066721941513
2016-08-23,EXP3 Bandit Meta-Strategy,0.0022075115996107453
2016-08-24,EXP3 Bandit Meta-Strategy,-0.0034184461794806165
2016-08-25,EXP3 Bandit Meta-Strategy,-0.0013257478540467105
2016-08-26,EXP3 Bandit Meta-Strategy,0.0006359919822687132
2016-08-29,EXP3 Bandit Meta-Strategy,0.0038136197559754947
2016-08-30,EXP3 Bandit Meta-Strategy,-0.0031405000710551523
2016-08-31,EXP3 Bandit Meta-Strategy,-0.00017907291760399513
2016-09-01,EXP3 Bandit Meta-Strategy,0.0026070708381662477
2016-09-02,EXP3 Bandit Meta-Strategy,0.001534015912302733
2016-09-06,EXP3 Bandit Meta-Strategy,0.006430038800655735
2016-09-07,EXP3 Bandit Meta-Strategy,-0.00418862009418175
2016-09-08,EXP3 Bandit Meta-Strategy,-0.0018699724494545267
2016-09-09,EXP3 Bandit Meta-Strategy,-0.023173601168004376
2016-09-12,EXP3 Bandit Meta-Strategy,0.01680071502165359
2016-09-13,EXP3 Bandit Meta-Strategy,-0.01387776421288145
2016-09-14,EXP3 Bandit Meta-Strategy,0.00164165427333951
2016-09-15,EXP3 Bandit Meta-Strategy,0.010895256173040435
2016-09-16,EXP3 Bandit Meta-Strategy,-1.1613411214583813e-05
2016-09-19,EXP3 Bandit Meta-Strategy,-0.0029301764139415543
2016-09-20,EXP3 Bandit Meta-Strategy,0.0005396804929562737
2016-09-21,EXP3 Bandit Meta-Strategy,0.0044595084047542866
2016-09-22,EXP3 Bandit Meta-Strategy,0.005892218845643171
2016-09-23,EXP3 Bandit Meta-Strategy,-0.0038167214978370723
2016-09-26,EXP3 Bandit Meta-Strategy,-0.010132653095524247
2016-09-27,EXP3 Bandit Meta-Strategy,0.010753355829073774
2016-09-28,EXP3 Bandit Meta-Strategy,0.0042868563111515545
2016-09-29,EXP3 Bandit Meta-Strategy,-0.009878703299902591
2016-09-30,EXP3 Bandit Meta-Strategy,-0.00017805557022809726
2016-10-03,EXP3 Bandit Meta-Strategy,0.0025759177087214535
2016-10-04,EXP3 Bandit Meta-Strategy,-0.0023507348770143155
2016-10-05,EXP3 Bandit Meta-Strategy,0.004075950148881624
2016-10-06,EXP3 Bandit Meta-Strategy,-0.0058192311857534484
2016-10-07,EXP3 Bandit Meta-Strategy,-0.003033338403056862
2016-10-10,EXP3 Bandit Meta-Strategy,0.001836625224911792
2016-10-11,EXP3 Bandit Meta-Strategy,-0.010687876036509336
2016-10-12,EXP3 Bandit Meta-Strategy,0.0008437746834959459
2016-10-13,EXP3 Bandit Meta-Strategy,-0.0024641376010203775
2016-10-14,EXP3 Bandit Meta-Strategy,0.00024273350941106386
2016-10-17,EXP3 Bandit Meta-Strategy,-0.0037653949400120457
2016-10-18,EXP3 Bandit Meta-Strategy,0.013817933568609053
2016-10-19,EXP3 Bandit Meta-Strategy,0.0023028178631114837
2016-10-20,EXP3 Bandit Meta-Strategy,-0.00035700022419227206
2016-10-21,EXP3 Bandit Meta-Strategy,0.001536995860372592
2016-10-24,EXP3 Bandit Meta-Strategy,0.008563309022116883
2016-10-25,EXP3 Bandit Meta-Strategy,0.0008906899218146247
2016-10-26,EXP3 Bandit Meta-Strategy,0.0008321370199868561
2016-10-27,EXP3 Bandit Meta-Strategy,-0.0015463756241489435
2016-10-28,EXP3 Bandit Meta-Strategy,-0.004272262967693674
2016-10-31,EXP3 Bandit Meta-Strategy,-0.00014437704430358966
2016-11-01,EXP3 Bandit Meta-Strategy,-0.010875076825121899
2016-11-02,EXP3 Bandit Meta-Strategy,-0.005653942524122768
2016-11-03,EXP3 Bandit Meta-Strategy,-0.004284708136839788
2016-11-04,EXP3 Bandit Meta-Strategy,-0.003344778815552396
2016-11-07,EXP3 Bandit Meta-Strategy,0.01981590510151965
2016-11-08,EXP3 Bandit Meta-Strategy,0.0025169486397140783
2016-11-09,EXP3 Bandit Meta-Strategy,0.008469003645643847
2016-11-10,EXP3 Bandit Meta-Strategy,-0.007423985520460197
2016-11-11,EXP3 Bandit Meta-Strategy,0.014916839656990755
2016-11-14,EXP3 Bandit Meta-Strategy,-0.013683611053284195
2016-11-15,EXP3 Bandit Meta-Strategy,0.006752997513346459
2016-11-16,EXP3 Bandit Meta-Strategy,0.0050231515294112405
2016-11-17,EXP3 Bandit Meta-Strategy,0.0007070201844787682
2016-11-18,EXP3 Bandit Meta-Strategy,-0.006052102286899008
2016-11-21,EXP3 Bandit Meta-Strategy,0.006491522343647471
2016-11-22,EXP3 Bandit Meta-Strategy,0.001433677776998099
2016-11-23,EXP3 Bandit Meta-Strategy,0.0015678306837358935
2016-11-25,EXP3 Bandit Meta-Strategy,0.006434406077261201
2016-11-28,EXP3 Bandit Meta-Strategy,-0.003887766652906466
2016-11-29,EXP3 Bandit Meta-Strategy,-0.002904341635573182
2016-11-30,EXP3 Bandit Meta-Strategy,-0.0002261225618717111
2016-12-01,EXP3 Bandit Meta-Strategy,-0.0097345917000502
2016-12-02,EXP3 Bandit Meta-Strategy,0.003589008145546302
2016-12-05,EXP3 Bandit Meta-Strategy,0.007757187313352842
2016-12-06,EXP3 Bandit Meta-Strategy,0.002938294361902738
2016-12-07,EXP3 Bandit Meta-Strategy,0.010466204607807672
2016-12-08,EXP3 Bandit Meta-Strategy,-0.0021531766383018347
2016-12-09,EXP3 Bandit Meta-Strategy,0.008305374571969448
2016-12-12,EXP3 Bandit Meta-Strategy,0.005161576851237637
2016-12-13,EXP3 Bandit Meta-Strategy,0.008242112534735169
2016-12-14,EXP3 Bandit Meta-Strategy,-0.002177909051555127
2016-12-15,EXP3 Bandit Meta-Strategy,0.004196295654584237
2016-12-16,EXP3 Bandit Meta-Strategy,-9.838956587537862e-05
2016-12-19,EXP3 Bandit Meta-Strategy,0.0030507357007893976
2016-12-20,EXP3 Bandit Meta-Strategy,0.004815201246665568
2016-12-21,EXP3 Bandit Meta-Strategy,-0.002702097582950813
2016-12-22,EXP3 Bandit Meta-Strategy,-0.002816636823465446
2016-12-23,EXP3 Bandit Meta-Strategy,0.003392268252954578
2016-12-27,EXP3 Bandit Meta-Strategy,0.00733525014926073
2016-12-28,EXP3 Bandit Meta-Strategy,-0.009701634396838688
2016-12-29,EXP3 Bandit Meta-Strategy,0.0004312921227211941
2016-12-30,EXP3 Bandit Meta-Strategy,-0.0001477954587053576
2017-01-03,EXP3 Bandit Meta-Strategy,0.005644271199193307
2017-01-04,EXP3 Bandit Meta-Strategy,0.005933157538286382
2017-01-05,EXP3 Bandit Meta-Strategy,0.0030361359970656476
2017-01-06,EXP3 Bandit Meta-Strategy,0.0016965766777763402
2017-01-09,EXP3 Bandit Meta-Strategy,0.0009917005472075413
2017-01-10,EXP3 Bandit Meta-Strategy,-0.003617987292276137
2017-01-11,EXP3 Bandit Meta-Strategy,-0.0006010232608363308
2017-01-12,EXP3 Bandit Meta-Strategy,-0.004381183151319856
2017-01-13,EXP3 Bandit Meta-Strategy,0.0016642433412468183
2017-01-17,EXP3 Bandit Meta-Strategy,0.00017145643163574142
2017-01-18,EXP3 Bandit Meta-Strategy,0.0009028549013554432
2017-01-19,EXP3 Bandit Meta-Strategy,-0.0015991567482235292
2017-01-20,EXP3 Bandit Meta-Strategy,0.0034943676459489037
2017-01-23,EXP3 Bandit Meta-Strategy,-0.0001752342226937209
2017-01-24,EXP3 Bandit Meta-Strategy,0.004613014463946241
2017-01-25,EXP3 Bandit Meta-Strategy,0.0037743124817319895
2017-01-26,EXP3 Bandit Meta-Strategy,-0.0013279773067240708
2017-01-27,EXP3 Bandit Meta-Strategy,0.0023032665456323986
2017-01-30,EXP3 Bandit Meta-Strategy,-0.0028150852417339056
2017-01-31,EXP3 Bandit Meta-Strategy,-0.0005974623274574986
2017-02-01,EXP3 Bandit Meta-Strategy,0.0014998370627674618
2017-02-02,EXP3 Bandit Meta-Strategy,0.0016986596682704302
2017-02-03,EXP3 Bandit Meta-Strategy,0.0009539066481729641
2017-02-06,EXP3 Bandit Meta-Strategy,6.700458573849488e-05
2017-02-07,EXP3 Bandit Meta-Strategy,0.0029613081646002737
2017-02-08,EXP3 Bandit Meta-Strategy,0.0016951582761322026
2017-02-09,EXP3 Bandit Meta-Strategy,0.0017669936664419517
2017-02-10,EXP3 Bandit Meta-Strategy,-0.0034456002423992604
2017-02-13,EXP3 Bandit Meta-Strategy,0.0024975978333223736
2017-02-14,EXP3 Bandit Meta-Strategy,0.0027851439896240393
2017-02-15,EXP3 Bandit Meta-Strategy,0.00901756764720174
2017-02-16,EXP3 Bandit Meta-Strategy,0.0030190336706925613
2017-02-17,EXP3 Bandit Meta-Strategy,0.0017165291099006108
2017-02-21,EXP3 Bandit Meta-Strategy,0.007906041071851666
2017-02-22,EXP3 Bandit Meta-Strategy,-1.758178707178537e-05
2017-02-23,EXP3 Bandit Meta-Strategy,-0.0014574478688189618
2017-02-24,EXP3 Bandit Meta-Strategy,0.003526047976878388
2017-02-27,EXP3 Bandit Meta-Strategy,-0.0007924554595022393
2017-02-28,EXP3 Bandit Meta-Strategy,-0.0007120209232883701
2017-03-01,EXP3 Bandit Meta-Strategy,0.009668673629009916
2017-03-02,EXP3 Bandit Meta-Strategy,-0.001072158515683319
2017-03-03,EXP3 Bandit Meta-Strategy,-0.002157585334698009
2017-03-06,EXP3 Bandit Meta-Strategy,-0.002331557185341726
2017-03-07,EXP3 Bandit Meta-Strategy,-0.0025979832974108996
2017-03-08,EXP3 Bandit Meta-Strategy,-0.002852307526746478
2017-03-09,EXP3 Bandit Meta-Strategy,0.003363635835520906
2017-03-10,EXP3 Bandit Meta-Strategy,0.0024595123513047046
2017-03-13,EXP3 Bandit Meta-Strategy,0.0007735522903515868
2017-03-14,EXP3 Bandit Meta-Strategy,0.002039015890431539
2017-03-15,EXP3 Bandit Meta-Strategy,0.005750664349329027
2017-03-16,EXP3 Bandit Meta-Strategy,0.0003083943049067006
2017-03-17,EXP3 Bandit Meta-Strategy,-0.0026482124903071114
2017-03-20,EXP3 Bandit Meta-Strategy,0.0021011269212034556
2017-03-21,EXP3 Bandit Meta-Strategy,-0.007323684530277763
2017-03-22,EXP3 Bandit Meta-Strategy,0.0025371060341263796
2017-03-23,EXP3 Bandit Meta-Strategy,-0.002893650054649144
2017-03-24,EXP3 Bandit Meta-Strategy,-0.0023534699658342983
2017-03-27,EXP3 Bandit Meta-Strategy,0.002888515724913443
2017-03-28,EXP3 Bandit Meta-Strategy,0.005590712228393135
2017-03-29,EXP3 Bandit Meta-Strategy,0.0016969517954252833
2017-03-30,EXP3 Bandit Meta-Strategy,0.007307150767353887
2017-03-31,EXP3 Bandit Meta-Strategy,-0.0005577080826791869
2017-04-03,EXP3 Bandit Meta-Strategy,0.0018588641191816802
2017-04-04,EXP3 Bandit Meta-Strategy,-0.0023716881431067316
2017-04-05,EXP3 Bandit Meta-Strategy,-0.00363575902082669
2017-04-06,EXP3 Bandit Meta-Strategy,0.0009894159149193005
2017-04-07,EXP3 Bandit Meta-Strategy,0.0004790946413741892
2017-04-10,EXP3 Bandit Meta-Strategy,0.0002786656729854009
2017-04-11,EXP3 Bandit Meta-Strategy,-0.0012098855195180613
2017-04-12,EXP3 Bandit Meta-Strategy,-0.0006056085239245501
2017-04-13,EXP3 Bandit Meta-Strategy,-0.005140626497677214
2017-04-17,EXP3 Bandit Meta-Strategy,0.009158903708477162
2017-04-18,EXP3 Bandit Meta-Strategy,-0.005753223421325782
2017-04-19,EXP3 Bandit Meta-Strategy,-0.003113639143228375
2017-04-20,EXP3 Bandit Meta-Strategy,0.006052375026072365
2017-04-21,EXP3 Bandit Meta-Strategy,-0.0010910504878508531
2017-04-24,EXP3 Bandit Meta-Strategy,0.00926403336186854
2017-04-25,EXP3 Bandit Meta-Strategy,0.008174698395639668
2017-04-26,EXP3 Bandit Meta-Strategy,-0.002419926756669133
2017-04-27,EXP3 Bandit Meta-Strategy,0.0014018311694925512
2017-04-28,EXP3 Bandit Meta-Strategy,-0.00014124598286147094
2017-05-01,EXP3 Bandit Meta-Strategy,0.006114978129222681
2017-05-02,EXP3 Bandit Meta-Strategy,-0.0016710340034441495
2017-05-03,EXP3 Bandit Meta-Strategy,-0.0013891097985144762
2017-05-04,EXP3 Bandit Meta-Strategy,-0.0013829233515098016
2017-05-05,EXP3 Bandit Meta-Strategy,0.0024195095581580617
2017-05-08,EXP3 Bandit Meta-Strategy,0.0022714713770384254
2017-05-09,EXP3 Bandit Meta-Strategy,0.0019863164108429032
2017-05-10,EXP3 Bandit Meta-Strategy,0.010030135070875579
2017-05-11,EXP3 Bandit Meta-Strategy,0.0021187305372625254
2017-05-12,EXP3 Bandit Meta-Strategy,0.0026990722692545877
2017-05-15,EXP3 Bandit Meta-Strategy,0.007866365671248765
2017-05-16,EXP3 Bandit Meta-Strategy,-0.00018797643611923043
2017-05-17,EXP3 Bandit Meta-Strategy,-0.019470779265347904
2017-05-18,EXP3 Bandit Meta-Strategy,0.009758223237634756
2017-05-19,EXP3 Bandit Meta-Strategy,0.006173720563730223
2017-05-22,EXP3 Bandit Meta-Strategy,0.0030271576369185205
2017-05-23,EXP3 Bandit Meta-Strategy,-0.00021442585914976942
2017-05-24,EXP3 Bandit Meta-Strategy,0.00351883007525422
2017-05-25,EXP3 Bandit Meta-Strategy,0.004292549035871174
2017-05-26,EXP3 Bandit Meta-Strategy,0.0022160422354389198
2017-05-30,EXP3 Bandit Meta-Strategy,0.002309860610799852
2017-05-31,EXP3 Bandit Meta-Strategy,-0.0006884966292489691
2017-06-01,EXP3 Bandit Meta-Strategy,0.0038175590887001842
2017-06-02,EXP3 Bandit Meta-Strategy,0.0022783718837269262
2017-06-05,EXP3 Bandit Meta-Strategy,0.006355601934035837
2017-06-06,EXP3 Bandit Meta-Strategy,-0.0014330095967315382
2017-06-07,EXP3 Bandit Meta-Strategy,0.005384408817363129
2017-06-08,EXP3 Bandit Meta-Strategy,0.01134644593598022
2017-06-09,EXP3 Bandit Meta-Strategy,-0.019150189669733253
2017-06-12,EXP3 Bandit Meta-Strategy,-0.004209188173824208
2017-06-13,EXP3 Bandit Meta-Strategy,0.008382611643519056
2017-06-14,EXP3 Bandit Meta-Strategy,0.0009252480141803687
2017-06-15,EXP3 Bandit Meta-Strategy,-0.0031836091384742637
2017-06-16,EXP3 Bandit Meta-Strategy,-0.007034977342922133
2017-06-19,EXP3 Bandit Meta-Strategy,0.013400603435910208
2017-06-20,EXP3 Bandit Meta-Strategy,-0.0030401738094310016
2017-06-21,EXP3 Bandit Meta-Strategy,0.005859699537436036
2017-06-22,EXP3 Bandit Meta-Strategy,-0.0017849979873124644
2017-06-23,EXP3 Bandit Meta-Strategy,-0.0031907219568489964
2017-06-26,EXP3 Bandit Meta-Strategy,-0.0036708988438580725
2017-06-27,EXP3 Bandit Meta-Strategy,-0.014988844790247091
2017-06-28,EXP3 Bandit Meta-Strategy,0.014040997004694411
2017-06-29,EXP3 Bandit Meta-Strategy,-0.01597621373274416
2017-06-30,EXP3 Bandit Meta-Strategy,-0.0006285679150906942
2017-07-03,EXP3 Bandit Meta-Strategy,-0.0020359505586252657
2017-07-05,EXP3 Bandit Meta-Strategy,-0.0006811298778828245
2017-07-06,EXP3 Bandit Meta-Strategy,-0.009763044626732942
2017-07-07,EXP3 Bandit Meta-Strategy,0.007005157232709669
2017-07-10,EXP3 Bandit Meta-Strategy,0.0033789076175041455
2017-07-11,EXP3 Bandit Meta-Strategy,0.002758254475276223
2017-07-12,EXP3 Bandit Meta-Strategy,0.008837002360100543
2017-07-13,EXP3 Bandit Meta-Strategy,0.0007594350512696302
2017-07-14,EXP3 Bandit Meta-Strategy,0.0071755964025914665
2017-07-17,EXP3 Bandit Meta-Strategy,-0.0015526029936703267
2017-07-18,EXP3 Bandit Meta-Strategy,0.011272685072340582
2017-07-19,EXP3 Bandit Meta-Strategy,0.002973121463091921
2017-07-20,EXP3 Bandit Meta-Strategy,0.0009334136600933629
2017-07-21,EXP3 Bandit Meta-Strategy,4.060767756786099e-05
2017-07-24,EXP3 Bandit Meta-Strategy,0.0008632277976103886
2017-07-25,EXP3 Bandit Meta-Strategy,0.002352585534461493
2017-07-26,EXP3 Bandit Meta-Strategy,0.0026651714730225873
2017-07-27,EXP3 Bandit Meta-Strategy,-0.00244224134320703
2017-07-28,EXP3 Bandit Meta-Strategy,-0.0005315436303179322
2017-07-31,EXP3 Bandit Meta-Strategy,-0.0005191310177683484
2017-08-01,EXP3 Bandit Meta-Strategy,0.003168419841850678
2017-08-02,EXP3 Bandit Meta-Strategy,0.0006148567050563436
2017-08-03,EXP3 Bandit Meta-Strategy,0.0029431738438712163
2017-08-04,EXP3 Bandit Meta-Strategy,0.0013115063970492447
2017-08-07,EXP3 Bandit Meta-Strategy,0.00259325651435649
2017-08-08,EXP3 Bandit Meta-Strategy,2.544492260336817e-05
2017-08-09,EXP3 Bandit Meta-Strategy,-0.001877787654516072
2017-08-10,EXP3 Bandit Meta-Strategy,-0.01206248560086165
2017-08-11,EXP3 Bandit Meta-Strategy,-0.0018341208457727243
2017-08-14,EXP3 Bandit Meta-Strategy,0.0071024716127254806
2017-08-15,EXP3 Bandit Meta-Strategy,5.3624493344672786e-05
2017-08-16,EXP3 Bandit Meta-Strategy,0.0011244424438161538
2017-08-17,EXP3 Bandit Meta-Strategy,-0.013148238804174261
2017-08-18,EXP3 Bandit Meta-Strategy,-0.002555809855531832
2017-08-21,EXP3 Bandit Meta-Strategy,0.0009026594009851063
2017-08-22,EXP3 Bandit Meta-Strategy,0.008342092515047028
2017-08-23,EXP3 Bandit Meta-Strategy,-0.002942813056148408
2017-08-24,EXP3 Bandit Meta-Strategy,-0.003504967322504493
2017-08-25,EXP3 Bandit Meta-Strategy,0.0005020837528524336
2017-08-28,EXP3 Bandit Meta-Strategy,0.0002842597154517623
2017-08-29,EXP3 Bandit Meta-Strategy,0.001336032824879263
2017-08-30,EXP3 Bandit Meta-Strategy,0.0008470132182443191
2017-08-31,EXP3 Bandit Meta-Strategy,-0.00014813664582558062
2017-09-01,EXP3 Bandit Meta-Strategy,0.0016580644719312865
2017-09-05,EXP3 Bandit Meta-Strategy,-0.004026557560113941
2017-09-06,EXP3 Bandit Meta-Strategy,0.00514194891176567
2017-09-07,EXP3 Bandit Meta-Strategy,-0.0009645306478545113
2017-09-08,EXP3 Bandit Meta-Strategy,-0.005501008162871912
2017-09-11,EXP3 Bandit Meta-Strategy,0.012706834608563256
2017-09-12,EXP3 Bandit Meta-Strategy,0.0052921846326920985
2017-09-13,EXP3 Bandit Meta-Strategy,0.002059746128159956
2017-09-14,EXP3 Bandit Meta-Strategy,-0.00040874715025918107
2017-09-15,EXP3 Bandit Meta-Strategy,0.0044338884952268565
2017-09-18,EXP3 Bandit Meta-Strategy,0.003337753395701304
2017-09-19,EXP3 Bandit Meta-Strategy,0.0014953971708482339
2017-09-20,EXP3 Bandit Meta-Strategy,-1.853644388527531e-05
2017-09-21,EXP3 Bandit Meta-Strategy,-0.0070668261239525965
2017-09-22,EXP3 Bandit Meta-Strategy,-0.004248796617624784
2017-09-25,EXP3 Bandit Meta-Strategy,-0.005852324245936513
2017-09-26,EXP3 Bandit Meta-Strategy,-0.0003185668403082875
2017-09-27,EXP3 Bandit Meta-Strategy,0.0009147854278115375
2017-09-28,EXP3 Bandit Meta-Strategy,0.0003891141295995215
2017-09-29,EXP3 Bandit Meta-Strategy,-0.0006614583760290449
2017-10-02,EXP3 Bandit Meta-Strategy,0.004211179458950554
2017-10-03,EXP3 Bandit Meta-Strategy,0.005369373334432881
2017-10-04,EXP3 Bandit Meta-Strategy,0.001151784438078396
2017-10-05,EXP3 Bandit Meta-Strategy,0.0029408252021914105
2017-10-06,EXP3 Bandit Meta-Strategy,0.0008473159692656829
2017-10-09,EXP3 Bandit Meta-Strategy,-1.2050462047441535e-05
2017-10-10,EXP3 Bandit Meta-Strategy,0.004817143234136179
2017-10-11,EXP3 Bandit Meta-Strategy,0.0018723495252817024
2017-10-12,EXP3 Bandit Meta-Strategy,-0.0018803116672541087
2017-10-13,EXP3 Bandit Meta-Strategy,0.004128162566342297
2017-10-16,EXP3 Bandit Meta-Strategy,0.002427300927317688
2017-10-17,EXP3 Bandit Meta-Strategy,0.001888678537814048
2017-10-18,EXP3 Bandit Meta-Strategy,-0.00230216194576649
2017-10-19,EXP3 Bandit Meta-Strategy,2.4896631150017612e-05
2017-10-20,EXP3 Bandit Meta-Strategy,-0.00314289719062244
2017-10-23,EXP3 Bandit Meta-Strategy,-0.002962977724621396
2017-10-24,EXP3 Bandit Meta-Strategy,1.9282571362966294e-05
2017-10-25,EXP3 Bandit Meta-Strategy,-0.003767289482997316
2017-10-26,EXP3 Bandit Meta-Strategy,0.002624262274207423
2017-10-27,EXP3 Bandit Meta-Strategy,0.0037014365577325847
2017-10-30,EXP3 Bandit Meta-Strategy,-0.005090750432473312
2017-10-31,EXP3 Bandit Meta-Strategy,-0.0005863543248789682
2017-11-01,EXP3 Bandit Meta-Strategy,0.0028906618687802865
2017-11-02,EXP3 Bandit Meta-Strategy,-0.0030632493123046167
2017-11-03,EXP3 Bandit Meta-Strategy,0.004499359140736736
2017-11-06,EXP3 Bandit Meta-Strategy,-0.0005421508472016612
2017-11-07,EXP3 Bandit Meta-Strategy,0.0015799230924358199
2017-11-08,EXP3 Bandit Meta-Strategy,0.0016349100832671049
2017-11-09,EXP3 Bandit Meta-Strategy,-0.001557044564162724
2017-11-10,EXP3 Bandit Meta-Strategy,0.00280399476177684
2017-11-13,EXP3 Bandit Meta-Strategy,0.0027655151020371527
2017-11-14,EXP3 Bandit Meta-Strategy,0.0002840622259148162
2017-11-15,EXP3 Bandit Meta-Strategy,-0.0072410698546258034
2017-11-16,EXP3 Bandit Meta-Strategy,0.010739941571597633
2017-11-17,EXP3 Bandit Meta-Strategy,-0.007578537752720771
2017-11-20,EXP3 Bandit Meta-Strategy,0.0007724286528174584
2017-11-21,EXP3 Bandit Meta-Strategy,0.007470117536275467
2017-11-22,EXP3 Bandit Meta-Strategy,-0.00227320427391986
2017-11-24,EXP3 Bandit Meta-Strategy,0.003579280816682351
2017-11-27,EXP3 Bandit Meta-Strategy,0.0014237425436123274
2017-11-28,EXP3 Bandit Meta-Strategy,0.0069663998384095205
2017-11-29,EXP3 Bandit Meta-Strategy,-0.007256861742149123
2017-11-30,EXP3 Bandit Meta-Strategy,-0.00014697231912841335
2017-12-01,EXP3 Bandit Meta-Strategy,-0.0007823930573781501
2017-12-04,EXP3 Bandit Meta-Strategy,-0.0004009076955362456
2017-12-05,EXP3 Bandit Meta-Strategy,-0.0026733608874517367
2017-12-06,EXP3 Bandit Meta-Strategy,0.0012808136089128563
2017-12-07,EXP3 Bandit Meta-Strategy,-0.001045479644125047
2017-12-08,EXP3 Bandit Meta-Strategy,0.002122110366781005
2017-12-11,EXP3 Bandit Meta-Strategy,0.006402727743372694
2017-12-12,EXP3 Bandit Meta-Strategy,0.002526357152667691
2017-12-13,EXP3 Bandit Meta-Strategy,0.002447376011821767
2017-12-14,EXP3 Bandit Meta-Strategy,0.00043170844578721557
2017-12-15,EXP3 Bandit Meta-Strategy,0.00885731284463076
2017-12-18,EXP3 Bandit Meta-Strategy,0.002230234262210473
2017-12-19,EXP3 Bandit Meta-Strategy,-0.0026804029199336554
2017-12-20,EXP3 Bandit Meta-Strategy,-0.00277753407876169
2017-12-21,EXP3 Bandit Meta-Strategy,9.79316401752417e-05
2017-12-22,EXP3 Bandit Meta-Strategy,-0.0016492676195851708
2017-12-26,EXP3 Bandit Meta-Strategy,0.00043911848258271213
2017-12-27,EXP3 Bandit Meta-Strategy,-0.0004155016004263601
2017-12-28,EXP3 Bandit Meta-Strategy,0.0016412219787858007
2017-12-29,EXP3 Bandit Meta-Strategy,-0.0006418260560339117
2018-01-02,EXP3 Bandit Meta-Strategy,0.01332265328539406
2018-01-03,EXP3 Bandit Meta-Strategy,0.006738737418844565
2018-01-04,EXP3 Bandit Meta-Strategy,0.003405322503918562
2018-01-05,EXP3 Bandit Meta-Strategy,0.0031216509960771965
2018-01-08,EXP3 Bandit Meta-Strategy,0.008177652223311904
2018-01-09,EXP3 Bandit Meta-Strategy,-0.0008449845610367657
2018-01-10,EXP3 Bandit Meta-Strategy,-0.002069092010258955
2018-01-11,EXP3 Bandit Meta-Strategy,0.006908797492656937
2018-01-12,EXP3 Bandit Meta-Strategy,0.00467797546692994
2018-01-16,EXP3 Bandit Meta-Strategy,-0.00047398327555026043
2018-01-17,EXP3 Bandit Meta-Strategy,0.01132395687006138
2018-01-18,EXP3 Bandit Meta-Strategy,-0.003499414360213504
2018-01-19,EXP3 Bandit Meta-Strategy,0.005240989660931783
2018-01-22,EXP3 Bandit Meta-Strategy,0.008368836692717263
2018-01-23,EXP3 Bandit Meta-Strategy,0.00035340643208336964
2018-01-24,EXP3 Bandit Meta-Strategy,-0.0007752769984447072
2018-01-25,EXP3 Bandit Meta-Strategy,-0.0010615452820977866
2018-01-26,EXP3 Bandit Meta-Strategy,0.01387306298381863
2018-01-29,EXP3 Bandit Meta-Strategy,-0.0033683868485970825
2018-01-30,EXP3 Bandit Meta-Strategy,-0.010972936430860947
2018-01-31,EXP3 Bandit Meta-Strategy,-0.0006532439271978996
2018-02-01,EXP3 Bandit Meta-Strategy,0.0008940796378937854
2018-02-02,EXP3 Bandit Meta-Strategy,-0.019927547191716632
2018-02-05,EXP3 Bandit Meta-Strategy,-0.045005723132926057
2018-02-06,EXP3 Bandit Meta-Strategy,0.017261933271325747
2018-02-07,EXP3 Bandit Meta-Strategy,-0.004323402670313059
2018-02-08,EXP3 Bandit Meta-Strategy,-0.03793123946005761
2018-02-09,EXP3 Bandit Meta-Strategy,0.011007394363321987
2018-02-12,EXP3 Bandit Meta-Strategy,0.012824074454470535
2018-02-13,EXP3 Bandit Meta-Strategy,0.005138377802253569
2018-02-14,EXP3 Bandit Meta-Strategy,0.008427230842814604
2018-02-15,EXP3 Bandit Meta-Strategy,0.013695102430376638
2018-02-16,EXP3 Bandit Meta-Strategy,0.003423782302988343
2018-02-20,EXP3 Bandit Meta-Strategy,-0.012527903880135693
2018-02-21,EXP3 Bandit Meta-Strategy,-0.009819616123850294
2018-02-22,EXP3 Bandit Meta-Strategy,0.005093330373394878
2018-02-23,EXP3 Bandit Meta-Strategy,0.014670363964961242
2018-02-26,EXP3 Bandit Meta-Strategy,0.010257581590587206
2018-02-27,EXP3 Bandit Meta-Strategy,-0.013854165529555873
2018-02-28,EXP3 Bandit Meta-Strategy,-0.0001963934870123918
2018-03-01,EXP3 Bandit Meta-Strategy,-0.012213372785957355
2018-03-02,EXP3 Bandit Meta-Strategy,0.007115061603887529
2018-03-05,EXP3 Bandit Meta-Strategy,0.010266062383755381
2018-03-06,EXP3 Bandit Meta-Strategy,0.00028674045028243
2018-03-07,EXP3 Bandit Meta-Strategy,-0.003514933114302954
2018-03-08,EXP3 Bandit Meta-Strategy,0.005568169747418805
2018-03-09,EXP3 Bandit Meta-Strategy,0.013629420060193631
2018-03-12,EXP3 Bandit Meta-Strategy,0.00033981365228230587
2018-03-13,EXP3 Bandit Meta-Strategy,-0.005791373698918578
2018-03-14,EXP3 Bandit Meta-Strategy,-0.007499427184816776
2018-03-15,EXP3 Bandit Meta-Strategy,0.0007439542796139342
2018-03-16,EXP3 Bandit Meta-Strategy,0.0020068270504902674
2018-03-19,EXP3 Bandit Meta-Strategy,-0.015881191346973744
2018-03-20,EXP3 Bandit Meta-Strategy,0.003804443909604993
2018-03-21,EXP3 Bandit Meta-Strategy,-0.0022205232205531056
2018-03-22,EXP3 Bandit Meta-Strategy,-0.020883425407165257
2018-03-23,EXP3 Bandit Meta-Strategy,-0.020930546063772315
2018-03-26,EXP3 Bandit Meta-Strategy,0.025110535152103486
2018-03-27,EXP3 Bandit Meta-Strategy,-0.018845170494157792
2018-03-28,EXP3 Bandit Meta-Strategy,-0.005477485776072877
2018-03-29,EXP3 Bandit Meta-Strategy,-0.0007882352504589019
2018-04-02,EXP3 Bandit Meta-Strategy,-0.029115020965699512
2018-04-03,EXP3 Bandit Meta-Strategy,0.020640055134461432
2018-04-04,EXP3 Bandit Meta-Strategy,0.015771025169045272
2018-04-05,EXP3 Bandit Meta-Strategy,0.01730921665535856
2018-04-06,EXP3 Bandit Meta-Strategy,-0.016268392557339362
2018-04-09,EXP3 Bandit Meta-Strategy,-0.004065127127648394
2018-04-10,EXP3 Bandit Meta-Strategy,0.02489084161212718
2018-04-11,EXP3 Bandit Meta-Strategy,-0.002412842391138037
2018-04-12,EXP3 Bandit Meta-Strategy,-0.002667588063950066
2018-04-13,EXP3 Bandit Meta-Strategy,0.005304329958169207
2018-04-16,EXP3 Bandit Meta-Strategy,-0.0007270113909246811
2018-04-17,EXP3 Bandit Meta-Strategy,0.00743501614057096
2018-04-18,EXP3 Bandit Meta-Strategy,0.00152307825012854
2018-04-19,EXP3 Bandit Meta-Strategy,-0.0023216447771157167
2018-04-20,EXP3 Bandit Meta-Strategy,-0.013468169988182122
2018-04-23,EXP3 Bandit Meta-Strategy,-0.0059814626679424165
2018-04-24,EXP3 Bandit Meta-Strategy,-0.01440723572086311
2018-04-25,EXP3 Bandit Meta-Strategy,-0.0006605863013008362
2018-04-26,EXP3 Bandit Meta-Strategy,0.024070539996787987
2018-04-27,EXP3 Bandit Meta-Strategy,-0.0002656761540048569
2018-04-30,EXP3 Bandit Meta-Strategy,-0.0007003800102722835
2018-05-01,EXP3 Bandit Meta-Strategy,-0.0018865618094489056
2018-05-02,EXP3 Bandit Meta-Strategy,-0.005900753497854794
2018-05-03,EXP3 Bandit Meta-Strategy,-0.00342317094492528
2018-05-04,EXP3 Bandit Meta-Strategy,0.01429145865122372
2018-05-07,EXP3 Bandit Meta-Strategy,0.0049441015776698904
2018-05-08,EXP3 Bandit Meta-Strategy,-0.00039874119657290485
2018-05-09,EXP3 Bandit Meta-Strategy,0.008173745898098161
2018-05-10,EXP3 Bandit Meta-Strategy,0.00842614783900486
2018-05-11,EXP3 Bandit Meta-Strategy,0.0006698137442282537
2018-05-14,EXP3 Bandit Meta-Strategy,4.278070270058443e-05
2018-05-15,EXP3 Bandit Meta-Strategy,-0.008027594771832791
2018-05-16,EXP3 Bandit Meta-Strategy,0.00397105306067802
2018-05-17,EXP3 Bandit Meta-Strategy,-0.0016687912839784547
2018-05-18,EXP3 Bandit Meta-Strategy,-0.005964847388148842
2018-05-21,EXP3 Bandit Meta-Strategy,0.007863555883730555
2018-05-22,EXP3 Bandit Meta-Strategy,-0.004340108055072234
2018-05-23,EXP3 Bandit Meta-Strategy,0.005528214596363323
2018-05-24,EXP3 Bandit Meta-Strategy,-0.004597470474388965
2018-05-25,EXP3 Bandit Meta-Strategy,-0.0009394260071953209
2018-05-29,EXP3 Bandit Meta-Strategy,-0.006313475074067543
2018-05-30,EXP3 Bandit Meta-Strategy,0.014092527881881312
2018-05-31,EXP3 Bandit Meta-Strategy,-0.0004075197690297516
2018-06-01,EXP3 Bandit Meta-Strategy,0.010355450594612181
2018-06-04,EXP3 Bandit Meta-Strategy,0.011000152832972843
2018-06-05,EXP3 Bandit Meta-Strategy,-0.002331757792339517
2018-06-06,EXP3 Bandit Meta-Strategy,0.01508144845336723
2018-06-07,EXP3 Bandit Meta-Strategy,0.0010018579619321955
2018-06-08,EXP3 Bandit Meta-Strategy,0.005078042731357035
2018-06-11,EXP3 Bandit Meta-Strategy,0.003953555070249637
2018-06-12,EXP3 Bandit Meta-Strategy,0.0034948349359333886
2018-06-13,EXP3 Bandit Meta-Strategy,0.0015383013862726447
2018-06-14,EXP3 Bandit Meta-Strategy,0.0062774023896028375
2018-06-15,EXP3 Bandit Meta-Strategy,0.0017561360898596945
2018-06-18,EXP3 Bandit Meta-Strategy,-0.002058035859647256
2018-06-19,EXP3 Bandit Meta-Strategy,-0.00267818642204809
2018-06-20,EXP3 Bandit Meta-Strategy,0.005584410491221714
2018-06-21,EXP3 Bandit Meta-Strategy,-0.006584115589703177
2018-06-22,EXP3 Bandit Meta-Strategy,-0.002206428671022276
2018-06-25,EXP3 Bandit Meta-Strategy,-0.011625444703737164
2018-06-26,EXP3 Bandit Meta-Strategy,0.007181888018758187
2018-06-27,EXP3 Bandit Meta-Strategy,-0.005410606475547697
2018-06-28,EXP3 Bandit Meta-Strategy,0.008472921806065514
2018-06-29,EXP3 Bandit Meta-Strategy,-0.0001744231158923304
2018-07-02,EXP3 Bandit Meta-Strategy,0.0009390361778351952
2018-07-03,EXP3 Bandit Meta-Strategy,-0.009316030238325612
2018-07-05,EXP3 Bandit Meta-Strategy,0.011256032497488633
2018-07-06,EXP3 Bandit Meta-Strategy,0.004839774211788939
2018-07-09,EXP3 Bandit Meta-Strategy,0.008298946987228994
2018-07-10,EXP3 Bandit Meta-Strategy,0.008117207953436179
2018-07-11,EXP3 Bandit Meta-Strategy,-0.0033057167601848736
2018-07-12,EXP3 Bandit Meta-Strategy,0.00474169981134942
2018-07-13,EXP3 Bandit Meta-Strategy,0.0008714818537101099
2018-07-16,EXP3 Bandit Meta-Strategy,0.0018181020435310558
2018-07-17,EXP3 Bandit Meta-Strategy,0.007520457470559849
2018-07-18,EXP3 Bandit Meta-Strategy,-0.001449907855851973
2018-07-19,EXP3 Bandit Meta-Strategy,-0.007523264862387857
2018-07-20,EXP3 Bandit Meta-Strategy,0.00012503518221262944
2018-07-23,EXP3 Bandit Meta-Strategy,-0.0014393044380952569
2018-07-24,EXP3 Bandit Meta-Strategy,0.005575201667610941
2018-07-25,EXP3 Bandit Meta-Strategy,0.010624469361760092
2018-07-26,EXP3 Bandit Meta-Strategy,-0.0039952398330914685
2018-07-27,EXP3 Bandit Meta-Strategy,-0.004155246404234925
2018-07-30,EXP3 Bandit Meta-Strategy,-0.007617389999262203
2018-07-31,EXP3 Bandit Meta-Strategy,-0.0003724548128373195
2018-08-01,EXP3 Bandit Meta-Strategy,0.0007805433643250925
2018-08-02,EXP3 Bandit Meta-Strategy,0.020783411111625183
2018-08-03,EXP3 Bandit Meta-Strategy,0.00489800785845107
2018-08-06,EXP3 Bandit Meta-Strategy,0.0075726832032319
2018-08-07,EXP3 Bandit Meta-Strategy,0.010914042402075497
2018-08-08,EXP3 Bandit Meta-Strategy,-0.0031890563606367106
2018-08-09,EXP3 Bandit Meta-Strategy,-0.008335837923563849
2018-08-10,EXP3 Bandit Meta-Strategy,-0.003890308667260589
2018-08-13,EXP3 Bandit Meta-Strategy,-0.0034943857108012955
2018-08-14,EXP3 Bandit Meta-Strategy,0.0010073720978469591
2018-08-15,EXP3 Bandit Meta-Strategy,-0.0067726766313734865
2018-08-16,EXP3 Bandit Meta-Strategy,0.010655546857471165
2018-08-17,EXP3 Bandit Meta-Strategy,-0.009078830140791916
2018-08-20,EXP3 Bandit Meta-Strategy,0.0009660917417975146
2018-08-21,EXP3 Bandit Meta-Strategy,0.005679655716269938
2018-08-22,EXP3 Bandit Meta-Strategy,0.0014040108816666397
2018-08-23,EXP3 Bandit Meta-Strategy,-0.0027370633270398237
2018-08-24,EXP3 Bandit Meta-Strategy,0.0071103586320588885
2018-08-27,EXP3 Bandit Meta-Strategy,0.0035994053395802528
2018-08-28,EXP3 Bandit Meta-Strategy,-0.0004232808904780505
2018-08-29,EXP3 Bandit Meta-Strategy,0.0011400695423857687
2018-08-30,EXP3 Bandit Meta-Strategy,-0.00019422206982733226
2018-08-31,EXP3 Bandit Meta-Strategy,-0.00022446728187741627
2018-09-04,EXP3 Bandit Meta-Strategy,-0.0051097204900451
2018-09-05,EXP3 Bandit Meta-Strategy,-0.00445722317298336
2018-09-06,EXP3 Bandit Meta-Strategy,-0.004108466431351099
2018-09-07,EXP3 Bandit Meta-Strategy,-0.0034485859446530265
2018-09-10,EXP3 Bandit Meta-Strategy,0.0067107959511092385
2018-09-11,EXP3 Bandit Meta-Strategy,0.0027406090495161184
2018-09-12,EXP3 Bandit Meta-Strategy,0.00267983351736345
2018-09-13,EXP3 Bandit Meta-Strategy,3.293665058312634e-05
2018-09-14,EXP3 Bandit Meta-Strategy,0.00023963391661996347
2018-09-17,EXP3 Bandit Meta-Strategy,-0.003242258146842536
2018-09-18,EXP3 Bandit Meta-Strategy,0.0022010943018269113
2018-09-19,EXP3 Bandit Meta-Strategy,0.005785563306937469
2018-09-20,EXP3 Bandit Meta-Strategy,0.009646727175046443
2018-09-21,EXP3 Bandit Meta-Strategy,-0.0027680597689865305
2018-09-24,EXP3 Bandit Meta-Strategy,-0.0004876763082810598
2018-09-25,EXP3 Bandit Meta-Strategy,-0.0011025372289301671
2018-09-26,EXP3 Bandit Meta-Strategy,0.002789871315806103
2018-09-27,EXP3 Bandit Meta-Strategy,0.0023630823833491466
2018-09-28,EXP3 Bandit Meta-Strategy,-0.0006216192114519847
2018-10-01,EXP3 Bandit Meta-Strategy,0.009287209669049501
2018-10-02,EXP3 Bandit Meta-Strategy,-0.0014563882978493314
2018-10-03,EXP3 Bandit Meta-Strategy,-0.004082260017686079
2018-10-04,EXP3 Bandit Meta-Strategy,-0.011517345495698161
2018-10-05,EXP3 Bandit Meta-Strategy,-0.006835250172015361
2018-10-08,EXP3 Bandit Meta-Strategy,0.0034562837313025785
2018-10-09,EXP3 Bandit Meta-Strategy,0.00201755035400919
2018-10-10,EXP3 Bandit Meta-Strategy,-0.02377987149250349
2018-10-11,EXP3 Bandit Meta-Strategy,-0.02426376519256901
2018-10-12,EXP3 Bandit Meta-Strategy,0.013395699032214825
2018-10-15,EXP3 Bandit Meta-Strategy,-0.0038986068976325505
2018-10-16,EXP3 Bandit Meta-Strategy,0.020107309182645805
2018-10-17,EXP3 Bandit Meta-Strategy,0.003020959263508427
2018-10-18,EXP3 Bandit Meta-Strategy,-0.01705826047156589
2018-10-19,EXP3 Bandit Meta-Strategy,0.018368633815870394
2018-10-22,EXP3 Bandit Meta-Strategy,-0.004788787002769079
2018-10-23,EXP3 Bandit Meta-Strategy,0.00423512799520398
2018-10-24,EXP3 Bandit Meta-Strategy,-0.015098984584399067
2018-10-25,EXP3 Bandit Meta-Strategy,0.016251415787506218
2018-10-26,EXP3 Bandit Meta-Strategy,-0.01780314940265537
2018-10-29,EXP3 Bandit Meta-Strategy,0.000497623379472234
2018-10-30,EXP3 Bandit Meta-Strategy,0.011111626424366028
2018-10-31,EXP3 Bandit Meta-Strategy,-0.0006834720445153541
2018-11-01,EXP3 Bandit Meta-Strategy,0.013578888512829401
2018-11-02,EXP3 Bandit Meta-Strategy,-0.005482687340752523
2018-11-05,EXP3 Bandit Meta-Strategy,0.0034091169797423326
2018-11-06,EXP3 Bandit Meta-Strategy,0.002922184495555813
2018-11-07,EXP3 Bandit Meta-Strategy,0.021353878336289434
2018-11-08,EXP3 Bandit Meta-Strategy,-0.004777597150360968
2018-11-09,EXP3 Bandit Meta-Strategy,-0.005912791640547033
2018-11-12,EXP3 Bandit Meta-Strategy,-0.021765011377371635
2018-11-13,EXP3 Bandit Meta-Strategy,0.0004366837788405409
2018-11-14,EXP3 Bandit Meta-Strategy,-0.006555135511152055
2018-11-15,EXP3 Bandit Meta-Strategy,0.006919922534867062
2018-11-16,EXP3 Bandit Meta-Strategy,-0.009944726330277098
2018-11-19,EXP3 Bandit Meta-Strategy,-0.01823998640570268
2018-11-20,EXP3 Bandit Meta-Strategy,-0.016114929834232128
2018-11-21,EXP3 Bandit Meta-Strategy,-0.004288345628185364
2018-11-23,EXP3 Bandit Meta-Strategy,-0.007346959704185196
2018-11-26,EXP3 Bandit Meta-Strategy,0.017197569071025542
2018-11-27,EXP3 Bandit Meta-Strategy,0.006537952225491361
2018-11-28,EXP3 Bandit Meta-Strategy,0.02468412127845876
2018-11-29,EXP3 Bandit Meta-Strategy,-0.003647085473652334
2018-11-30,EXP3 Bandit Meta-Strategy,-0.0005394903874688106
2018-12-03,EXP3 Bandit Meta-Strategy,0.003287657370254493
2018-12-04,EXP3 Bandit Meta-Strategy,-0.019452992405458946
2018-12-06,EXP3 Bandit Meta-Strategy,0.002164276623754846
2018-12-07,EXP3 Bandit Meta-Strategy,-0.019435673665431752
2018-12-10,EXP3 Bandit Meta-Strategy,0.00631781241646201
2018-12-11,EXP3 Bandit Meta-Strategy,0.001562096962114623
2018-12-12,EXP3 Bandit Meta-Strategy,0.0029860941087471726
2018-12-13,EXP3 Bandit Meta-Strategy,0.009445189481039229
2018-12-14,EXP3 Bandit Meta-Strategy,-0.01953236089994037
2018-12-17,EXP3 Bandit Meta-Strategy,-0.025791829896693486
2018-12-18,EXP3 Bandit Meta-Strategy,0.000880213731262236
2018-12-19,EXP3 Bandit Meta-Strategy,-0.016562957471881967
2018-12-20,EXP3 Bandit Meta-Strategy,-0.013060464527265503
2018-12-21,EXP3 Bandit Meta-Strategy,-0.014326219447222788
2018-12-24,EXP3 Bandit Meta-Strategy,-0.03414068410659854
2018-12-26,EXP3 Bandit Meta-Strategy,0.04712303748865487
2018-12-27,EXP3 Bandit Meta-Strategy,0.008594303991618313
2018-12-28,EXP3 Bandit Meta-Strategy,-0.00035866710108600763
2018-12-31,EXP3 Bandit Meta-Strategy,-0.000666532451136348
2019-01-02,EXP3 Bandit Meta-Strategy,0.003610164016537132
2019-01-03,EXP3 Bandit Meta-Strategy,-0.01949816268098814
2019-01-04,EXP3 Bandit Meta-Strategy,0.034365703429680705
2019-01-07,EXP3 Bandit Meta-Strategy,0.006230579497147115
2019-01-08,EXP3 Bandit Meta-Strategy,0.007110401550900702
2019-01-09,EXP3 Bandit Meta-Strategy,-0.0017473230637554682
2019-01-10,EXP3 Bandit Meta-Strategy,-0.00021466320505703074
2019-01-11,EXP3 Bandit Meta-Strategy,0.004183826355093956
2019-01-14,EXP3 Bandit Meta-Strategy,-0.0032051175255674025
2019-01-15,EXP3 Bandit Meta-Strategy,0.011679245502659086
2019-01-16,EXP3 Bandit Meta-Strategy,-0.00347247511922677
2019-01-17,EXP3 Bandit Meta-Strategy,0.005110957447382214
2019-01-18,EXP3 Bandit Meta-Strategy,0.005346819985106999
2019-01-22,EXP3 Bandit Meta-Strategy,-0.013084678614207035
2019-01-23,EXP3 Bandit Meta-Strategy,0.0014364100833814675
2019-01-24,EXP3 Bandit Meta-Strategy,-0.003005339471326418
2019-01-25,EXP3 Bandit Meta-Strategy,0.004173823248852404
2019-01-28,EXP3 Bandit Meta-Strategy,-0.011680054877992507
2019-01-29,EXP3 Bandit Meta-Strategy,0.001193525755243563
2019-01-30,EXP3 Bandit Meta-Strategy,0.015423367621195894
2019-01-31,EXP3 Bandit Meta-Strategy,-0.0007023500756736523
2019-02-01,EXP3 Bandit Meta-Strategy,0.0040619162523276575
2019-02-04,EXP3 Bandit Meta-Strategy,0.009364141750921151
2019-02-05,EXP3 Bandit Meta-Strategy,0.0055489358177431836
2019-02-06,EXP3 Bandit Meta-Strategy,-0.002696352990535944
2019-02-07,EXP3 Bandit Meta-Strategy,-0.011225976348324118
2019-02-08,EXP3 Bandit Meta-Strategy,0.000338520593108127
2019-02-11,EXP3 Bandit Meta-Strategy,-0.0013547460498953834
2019-02-12,EXP3 Bandit Meta-Strategy,0.011771502801174227
2019-02-13,EXP3 Bandit Meta-Strategy,0.002091955817286051
2019-02-14,EXP3 Bandit Meta-Strategy,-0.009203956643512479
2019-02-15,EXP3 Bandit Meta-Strategy,0.008618544702691633
2019-02-19,EXP3 Bandit Meta-Strategy,0.0027289681923279296
2019-02-20,EXP3 Bandit Meta-Strategy,-0.0006994335525095652
2019-02-21,EXP3 Bandit Meta-Strategy,-0.003621166836730194
2019-02-22,EXP3 Bandit Meta-Strategy,0.006979702407945876
2019-02-25,EXP3 Bandit Meta-Strategy,0.00017515369419984772
2019-02-26,EXP3 Bandit Meta-Strategy,-0.0011468644574255116
2019-02-27,EXP3 Bandit Meta-Strategy,0.00071100979988592
2019-02-28,EXP3 Bandit Meta-Strategy,-0.00015361307248595857
2019-03-01,EXP3 Bandit Meta-Strategy,0.0013944245982067116
2019-03-04,EXP3 Bandit Meta-Strategy,-3.0329386663252578e-05
2019-03-05,EXP3 Bandit Meta-Strategy,0.00041803120748995504
2019-03-06,EXP3 Bandit Meta-Strategy,-0.004295839958622261
2019-03-07,EXP3 Bandit Meta-Strategy,-0.009130457811738046
2019-03-08,EXP3 Bandit Meta-Strategy,-0.0012974701028152236
2019-03-11,EXP3 Bandit Meta-Strategy,0.019844200252957966
2019-03-12,EXP3 Bandit Meta-Strategy,0.0015733050715931451
2019-03-13,EXP3 Bandit Meta-Strategy,0.007480787153925306
2019-03-14,EXP3 Bandit Meta-Strategy,-0.0035098824957814356
2019-03-15,EXP3 Bandit Meta-Strategy,0.0023076338100873617
2019-03-18,EXP3 Bandit Meta-Strategy,0.0003869311420980903
2019-03-19,EXP3 Bandit Meta-Strategy,0.002218484579987301
2019-03-20,EXP3 Bandit Meta-Strategy,0.0008778144034338187
2019-03-21,EXP3 Bandit Meta-Strategy,0.00838216641423406
2019-03-22,EXP3 Bandit Meta-Strategy,-0.017037814211648183
2019-03-25,EXP3 Bandit Meta-Strategy,-0.0017988380295782536
2019-03-26,EXP3 Bandit Meta-Strategy,0.00864353993182454
2019-03-27,EXP3 Bandit Meta-Strategy,-0.0037369706407350822
2019-03-28,EXP3 Bandit Meta-Strategy,0.003983364882373053
2019-03-29,EXP3 Bandit Meta-Strategy,-0.0007346252117600427
2019-04-01,EXP3 Bandit Meta-Strategy,0.008912676795520769
2019-04-02,EXP3 Bandit Meta-Strategy,0.0002934464992270236
2019-04-03,EXP3 Bandit Meta-Strategy,0.001263233751006565
2019-04-04,EXP3 Bandit Meta-Strategy,-0.0015483035856879157
2019-04-05,EXP3 Bandit Meta-Strategy,0.003949947367071438
2019-04-08,EXP3 Bandit Meta-Strategy,0.003782613343649599
2019-04-09,EXP3 Bandit Meta-Strategy,-0.0030237551846368227
2019-04-10,EXP3 Bandit Meta-Strategy,0.002955582392278666
2019-04-11,EXP3 Bandit Meta-Strategy,-0.0007820133346371216
2019-04-12,EXP3 Bandit Meta-Strategy,0.008536008637158421
2019-04-15,EXP3 Bandit Meta-Strategy,0.0032506297131045248
2019-04-16,EXP3 Bandit Meta-Strategy,0.0004051177863086952
2019-04-17,EXP3 Bandit Meta-Strategy,-0.0004814603854044197
2019-04-18,EXP3 Bandit Meta-Strategy,-0.0011969729649866645
2019-04-22,EXP3 Bandit Meta-Strategy,8.866166089549488e-05
2019-04-23,EXP3 Bandit Meta-Strategy,0.002262282417355932
2019-04-24,EXP3 Bandit Meta-Strategy,0.0008026408284118602
2019-04-25,EXP3 Bandit Meta-Strategy,0.0011650488821917104
2019-04-26,EXP3 Bandit Meta-Strategy,0.003562344355599434
2019-04-29,EXP3 Bandit Meta-Strategy,-0.0006650749145329371
2019-04-30,EXP3 Bandit Meta-Strategy,-0.0005924124758349691
2019-05-01,EXP3 Bandit Meta-Strategy,-0.007450996566608747
2019-05-02,EXP3 Bandit Meta-Strategy,0.0005167735629345582
2019-05-03,EXP3 Bandit Meta-Strategy,0.009565198505776085
2019-05-06,EXP3 Bandit Meta-Strategy,-0.0028490783473638093
2019-05-07,EXP3 Bandit Meta-Strategy,-0.016223346602502686
2019-05-08,EXP3 Bandit Meta-Strategy,-0.0014021396101907557
2019-05-09,EXP3 Bandit Meta-Strategy,-0.007128406465490067
2019-05-10,EXP3 Bandit Meta-Strategy,0.00556347621270592
2019-05-13,EXP3 Bandit Meta-Strategy,-0.02161636450126203
2019-05-14,EXP3 Bandit Meta-Strategy,0.0067655008078326695
2019-05-15,EXP3 Bandit Meta-Strategy,0.0074174731671083904
2019-05-16,EXP3 Bandit Meta-Strategy,0.008822105355950294
2019-05-17,EXP3 Bandit Meta-Strategy,-0.00938557503637194
2019-05-20,EXP3 Bandit Meta-Strategy,-0.005841332454739723
2019-05-21,EXP3 Bandit Meta-Strategy,0.001619790055988446
2019-05-22,EXP3 Bandit Meta-Strategy,0.0005938824384938979
2019-05-23,EXP3 Bandit Meta-Strategy,-0.007199355424119425
2019-05-24,EXP3 Bandit Meta-Strategy,0.0001726274613309542
2019-05-28,EXP3 Bandit Meta-Strategy,-0.006471325962901675
2019-05-29,EXP3 Bandit Meta-Strategy,-0.008905133042916846
2019-05-30,EXP3 Bandit Meta-Strategy,0.0030065875788334306
2019-05-31,EXP3 Bandit Meta-Strategy,-0.00037284324082953457
2019-06-03,EXP3 Bandit Meta-Strategy,-0.008766817701589158
2019-06-04,EXP3 Bandit Meta-Strategy,0.025811918249779353
2019-06-05,EXP3 Bandit Meta-Strategy,0.009867120719543543
2019-06-06,EXP3 Bandit Meta-Strategy,0.012666922067013475
2019-06-07,EXP3 Bandit Meta-Strategy,0.008396298319677031
2019-06-10,EXP3 Bandit Meta-Strategy,0.009057799849077508
2019-06-11,EXP3 Bandit Meta-Strategy,0.005204917979700907
2019-06-12,EXP3 Bandit Meta-Strategy,-0.0052070004253964575
2019-06-13,EXP3 Bandit Meta-Strategy,0.005634708256452514
2019-06-14,EXP3 Bandit Meta-Strategy,0.001789624280033708
2019-06-17,EXP3 Bandit Meta-Strategy,0.008655655435708454
2019-06-18,EXP3 Bandit Meta-Strategy,0.004078804881465725
2019-06-19,EXP3 Bandit Meta-Strategy,0.0034570381309104725
2019-06-20,EXP3 Bandit Meta-Strategy,0.004758393593654153
2019-06-21,EXP3 Bandit Meta-Strategy,0.0005569859025742474
2019-06-24,EXP3 Bandit Meta-Strategy,0.003584863353463641
2019-06-25,EXP3 Bandit Meta-Strategy,-0.008134317871130947
2019-06-26,EXP3 Bandit Meta-Strategy,-0.0026080587067898175
2019-06-27,EXP3 Bandit Meta-Strategy,0.004406477581166746
2019-06-28,EXP3 Bandit Meta-Strategy,-0.00029564868328146865
2019-07-01,EXP3 Bandit Meta-Strategy,0.008925652583486654
2019-07-02,EXP3 Bandit Meta-Strategy,0.004168655673993715
2019-07-03,EXP3 Bandit Meta-Strategy,0.010841691842179202
2019-07-05,EXP3 Bandit Meta-Strategy,-0.004081986246899372
2019-07-08,EXP3 Bandit Meta-Strategy,-0.001952340464475455
2019-07-09,EXP3 Bandit Meta-Strategy,0.00037665314278068074
2019-07-10,EXP3 Bandit Meta-Strategy,0.008189411806973634
2019-07-11,EXP3 Bandit Meta-Strategy,0.0023331694336545805
2019-07-12,EXP3 Bandit Meta-Strategy,0.0021226226819792693
2019-07-15,EXP3 Bandit Meta-Strategy,0.002979233711636331
2019-07-16,EXP3 Bandit Meta-Strategy,-0.0029107443081938245
2019-07-17,EXP3 Bandit Meta-Strategy,-0.001543549287160828
2019-07-18,EXP3 Bandit Meta-Strategy,-0.0026735693583500586
2019-07-19,EXP3 Bandit Meta-Strategy,-0.006958737299192275
2019-07-22,EXP3 Bandit Meta-Strategy,0.00023642243055599366
2019-07-23,EXP3 Bandit Meta-Strategy,0.011975180317291167
2019-07-24,EXP3 Bandit Meta-Strategy,0.0016007501874155672
2019-07-25,EXP3 Bandit Meta-Strategy,-0.013771415358746708
2019-07-26,EXP3 Bandit Meta-Strategy,0.011311156046619475
2019-07-29,EXP3 Bandit Meta-Strategy,0.0003653917998618361
2019-07-30,EXP3 Bandit Meta-Strategy,0.0010840607128859148
2019-07-31,EXP3 Bandit Meta-Strategy,-0.0004741535793476581
2019-08-01,EXP3 Bandit Meta-Strategy,-0.01055166342464986
2019-08-02,EXP3 Bandit Meta-Strategy,-0.004589669076926706
2019-08-05,EXP3 Bandit Meta-Strategy,-0.0302445590009226
2019-08-06,EXP3 Bandit Meta-Strategy,0.012921316808725214
2019-08-07,EXP3 Bandit Meta-Strategy,0.000385388306594292
2019-08-08,EXP3 Bandit Meta-Strategy,0.018004246432307802
2019-08-09,EXP3 Bandit Meta-Strategy,-0.00860117073241251
2019-08-12,EXP3 Bandit Meta-Strategy,-0.01321918085975382
2019-08-13,EXP3 Bandit Meta-Strategy,0.013365982969645529
2019-08-14,EXP3 Bandit Meta-Strategy,-0.028069087847474194
2019-08-15,EXP3 Bandit Meta-Strategy,0.011298042673225428
2019-08-16,EXP3 Bandit Meta-Strategy,0.013398239429335046
2019-08-19,EXP3 Bandit Meta-Strategy,0.01313124985757197
2019-08-20,EXP3 Bandit Meta-Strategy,-0.009532133800019604
2019-08-21,EXP3 Bandit Meta-Strategy,0.0051563748109380025
2019-08-22,EXP3 Bandit Meta-Strategy,0.0005147564526224446
2019-08-23,EXP3 Bandit Meta-Strategy,-0.02458240665873923
2019-08-26,EXP3 Bandit Meta-Strategy,0.012548405100532678
2019-08-27,EXP3 Bandit Meta-Strategy,-0.00013410106648881204
2019-08-28,EXP3 Bandit Meta-Strategy,0.0057113087944631324
2019-08-29,EXP3 Bandit Meta-Strategy,0.011079512456340534
2019-08-30,EXP3 Bandit Meta-Strategy,-0.0005349263645165747
2019-09-03,EXP3 Bandit Meta-Strategy,0.0006721174116812723
2019-09-04,EXP3 Bandit Meta-Strategy,0.008777811607246777
2019-09-05,EXP3 Bandit Meta-Strategy,0.00449141547180365
2019-09-06,EXP3 Bandit Meta-Strategy,-0.0022425462513357974
2019-09-09,EXP3 Bandit Meta-Strategy,0.0010947445336328965
2019-09-10,EXP3 Bandit Meta-Strategy,-0.001295627557191703
2019-09-11,EXP3 Bandit Meta-Strategy,0.006857855478217489
2019-09-12,EXP3 Bandit Meta-Strategy,0.0044130723090369806
2019-09-13,EXP3 Bandit Meta-Strategy,-0.0020425175038825127
2019-09-16,EXP3 Bandit Meta-Strategy,-0.009262761467044411
2019-09-17,EXP3 Bandit Meta-Strategy,0.004673146071298762
2019-09-18,EXP3 Bandit Meta-Strategy,0.0009563975455346707
2019-09-19,EXP3 Bandit Meta-Strategy,0.0008113741865585222
2019-09-20,EXP3 Bandit Meta-Strategy,-0.004902429465120872
2019-09-23,EXP3 Bandit Meta-Strategy,0.00122911042741225
2019-09-24,EXP3 Bandit Meta-Strategy,-0.00619963084815045
2019-09-25,EXP3 Bandit Meta-Strategy,0.0029554348894107463
2019-09-26,EXP3 Bandit Meta-Strategy,5.898477767352084e-05
2019-09-27,EXP3 Bandit Meta-Strategy,-0.001342543305002275
2019-09-30,EXP3 Bandit Meta-Strategy,-0.0005807358479247293
2019-10-01,EXP3 Bandit Meta-Strategy,-0.0028355625902050097
2019-10-02,EXP3 Bandit Meta-Strategy,-0.014911029061419057
2019-10-03,EXP3 Bandit Meta-Strategy,0.0067642450147047395
2019-10-04,EXP3 Bandit Meta-Strategy,0.013942991103826685
2019-10-07,EXP3 Bandit Meta-Strategy,-0.0030813044145610036
2019-10-08,EXP3 Bandit Meta-Strategy,-0.011359790982030993
2019-10-09,EXP3 Bandit Meta-Strategy,0.007024912729953314
2019-10-10,EXP3 Bandit Meta-Strategy,0.005947740734092655
2019-10-11,EXP3 Bandit Meta-Strategy,0.0076079617423909784
2019-10-14,EXP3 Bandit Meta-Strategy,0.0010804127584760348
2019-10-15,EXP3 Bandit Meta-Strategy,0.007435862961690631
2019-10-16,EXP3 Bandit Meta-Strategy,0.001745415586153154
2019-10-17,EXP3 Bandit Meta-Strategy,0.004447688312542608
2019-10-18,EXP3 Bandit Meta-Strategy,-0.013654771829008538
2019-10-21,EXP3 Bandit Meta-Strategy,0.005720032425550858
2019-10-22,EXP3 Bandit Meta-Strategy,-0.006282132268748186
2019-10-23,EXP3 Bandit Meta-Strategy,0.005490582111163489
2019-10-24,EXP3 Bandit Meta-Strategy,0.011125333567292728
2019-10-25,EXP3 Bandit Meta-Strategy,0.008259384994124597
2019-10-28,EXP3 Bandit Meta-Strategy,0.006351245974538067
2019-10-29,EXP3 Bandit Meta-Strategy,-0.006452796668920735
2019-10-30,EXP3 Bandit Meta-Strategy,0.008251229605400923
2019-10-31,EXP3 Bandit Meta-Strategy,-0.00029462502518651235
2019-11-01,EXP3 Bandit Meta-Strategy,0.005639178408733958
2019-11-04,EXP3 Bandit Meta-Strategy,-0.0013952736777568253
2019-11-05,EXP3 Bandit Meta-Strategy,-0.003629304056075533
2019-11-06,EXP3 Bandit Meta-Strategy,0.0021561353060990385
2019-11-07,EXP3 Bandit Meta-Strategy,0.002332312545152204
2019-11-08,EXP3 Bandit Meta-Strategy,0.0018996143575074065
2019-11-11,EXP3 Bandit Meta-Strategy,-0.002346850613967777
2019-11-12,EXP3 Bandit Meta-Strategy,0.0012380890909213793
2019-11-13,EXP3 Bandit Meta-Strategy,0.004102629866820973
2019-11-14,EXP3 Bandit Meta-Strategy,0.0014580729676358928
2019-11-15,EXP3 Bandit Meta-Strategy,0.004189392277304638
2019-11-18,EXP3 Bandit Meta-Strategy,0.006385148476210967
2019-11-19,EXP3 Bandit Meta-Strategy,-0.0018088399540865385
2019-11-20,EXP3 Bandit Meta-Strategy,-0.003811393350895864
2019-11-21,EXP3 Bandit Meta-Strategy,0.001142801036000396
2019-11-22,EXP3 Bandit Meta-Strategy,1.044780652548205e-05
2019-11-25,EXP3 Bandit Meta-Strategy,0.006372156600192191
2019-11-26,EXP3 Bandit Meta-Strategy,0.0027140517243149365
2019-11-27,EXP3 Bandit Meta-Strategy,0.004027317266530606
2019-11-29,EXP3 Bandit Meta-Strategy,-0.0004110198150425459
2019-12-02,EXP3 Bandit Meta-Strategy,-0.0015247130862624525
2019-12-03,EXP3 Bandit Meta-Strategy,-0.004422609654126997
2019-12-04,EXP3 Bandit Meta-Strategy,0.004377019339911747
2019-12-05,EXP3 Bandit Meta-Strategy,-0.0013341544628489022
2019-12-06,EXP3 Bandit Meta-Strategy,0.008183049579175705
2019-12-09,EXP3 Bandit Meta-Strategy,-0.0012839968058346862
2019-12-10,EXP3 Bandit Meta-Strategy,-0.0006667665325474914
2019-12-11,EXP3 Bandit Meta-Strategy,0.004412395540272174
2019-12-12,EXP3 Bandit Meta-Strategy,0.006142385491263447
2019-12-13,EXP3 Bandit Meta-Strategy,-0.00046663700306637246
2019-12-16,EXP3 Bandit Meta-Strategy,0.013386331174653598
2019-12-17,EXP3 Bandit Meta-Strategy,0.0030192228008145694
2019-12-18,EXP3 Bandit Meta-Strategy,0.0018184828950007503
2019-12-19,EXP3 Bandit Meta-Strategy,0.009964603505719483
2019-12-20,EXP3 Bandit Meta-Strategy,0.005417436240448215
2019-12-23,EXP3 Bandit Meta-Strategy,0.0018240679223899825
2019-12-24,EXP3 Bandit Meta-Strategy,0.0012656930436028002
2019-12-26,EXP3 Bandit Meta-Strategy,0.005886953853375676
2019-12-27,EXP3 Bandit Meta-Strategy,0.00012068952511534725
2019-12-30,EXP3 Bandit Meta-Strategy,-0.011201935939169405
2019-12-31,EXP3 Bandit Meta-Strategy,-0.0004318394107007961
2020-01-02,EXP3 Bandit Meta-Strategy,0.009050354109670034
2020-01-03,EXP3 Bandit Meta-Strategy,-0.007971637825603173
2020-01-06,EXP3 Bandit Meta-Strategy,0.0043981802962036465
2020-01-07,EXP3 Bandit Meta-Strategy,-0.002915276505280673
2020-01-08,EXP3 Bandit Meta-Strategy,0.006420620530161569
2020-01-09,EXP3 Bandit Meta-Strategy,0.006728947270994379
2020-01-10,EXP3 Bandit Meta-Strategy,-0.0019823909353277047
2020-01-13,EXP3 Bandit Meta-Strategy,0.011175330658115712
2020-01-14,EXP3 Bandit Meta-Strategy,1.633165832326533e-05
2020-01-15,EXP3 Bandit Meta-Strategy,0.0009624936576073662
2020-01-16,EXP3 Bandit Meta-Strategy,0.005084469687455906
2020-01-17,EXP3 Bandit Meta-Strategy,0.0020826652867094175
2020-01-21,EXP3 Bandit Meta-Strategy,0.0019080715273658289
2020-01-22,EXP3 Bandit Meta-Strategy,0.001315170907588037
2020-01-23,EXP3 Bandit Meta-Strategy,0.002755743368361818
2020-01-24,EXP3 Bandit Meta-Strategy,-0.008087273278678864
2020-01-27,EXP3 Bandit Meta-Strategy,-0.00974564615065443
2020-01-28,EXP3 Bandit Meta-Strategy,0.005646322942468807
2020-01-29,EXP3 Bandit Meta-Strategy,-0.00011713903385335289
2020-01-30,EXP3 Bandit Meta-Strategy,0.010901381412474098
2020-01-31,EXP3 Bandit Meta-Strategy,-0.0007051967053576247
2020-02-03,EXP3 Bandit Meta-Strategy,0.03687875296315335
2020-02-04,EXP3 Bandit Meta-Strategy,0.03846142647109718
2020-02-05,EXP3 Bandit Meta-Strategy,-0.02583314460649988
2020-02-06,EXP3 Bandit Meta-Strategy,0.007161443730353545
2020-02-07,EXP3 Bandit Meta-Strategy,-0.005923386583419066
2020-02-10,EXP3 Bandit Meta-Strategy,0.013402167400362375
2020-02-11,EXP3 Bandit Meta-Strategy,0.0018051986187535007
2020-02-12,EXP3 Bandit Meta-Strategy,0.005553766855725284
2020-02-13,EXP3 Bandit Meta-Strategy,0.006649992608622313
2020-02-14,EXP3 Bandit Meta-Strategy,0.01106538610160146
2020-02-18,EXP3 Bandit Meta-Strategy,0.013688002507876051
2020-02-19,EXP3 Bandit Meta-Strategy,0.025088060270682888
2020-02-20,EXP3 Bandit Meta-Strategy,-0.00947423842010564
2020-02-21,EXP3 Bandit Meta-Strategy,-0.012390216067054816
2020-02-24,EXP3 Bandit Meta-Strategy,-0.048328444221436895
2020-02-25,EXP3 Bandit Meta-Strategy,-0.031367323405101843
2020-02-26,EXP3 Bandit Meta-Strategy,-0.002063527795761022
2020-02-27,EXP3 Bandit Meta-Strategy,-0.06195624672104694
2020-02-28,EXP3 Bandit Meta-Strategy,-0.0007646979087431172
2020-03-02,EXP3 Bandit Meta-Strategy,0.051553373448704365
2020-03-03,EXP3 Bandit Meta-Strategy,-0.025968713084446593
2020-03-04,EXP3 Bandit Meta-Strategy,0.04219729421023688
2020-03-05,EXP3 Bandit Meta-Strategy,-0.029587364201806965
2020-03-06,EXP3 Bandit Meta-Strategy,-0.01407086008570213
2020-03-09,EXP3 Bandit Meta-Strategy,-0.06539376880559666
2020-03-10,EXP3 Bandit Meta-Strategy,0.04775813591298994
2020-03-11,EXP3 Bandit Meta-Strategy,-0.049623576618194054
2020-03-12,EXP3 Bandit Meta-Strategy,-0.09108524232340753
2020-03-13,EXP3 Bandit Meta-Strategy,0.08748105686975038
2020-03-16,EXP3 Bandit Meta-Strategy,-0.10007965738028157
2020-03-17,EXP3 Bandit Meta-Strategy,0.06112315255416623
2020-03-18,EXP3 Bandit Meta-Strategy,-0.031658308046624284
2020-03-19,EXP3 Bandit Meta-Strategy,-0.007549476425674051
2020-03-20,EXP3 Bandit Meta-Strategy,-0.051811276968897535
2020-03-23,EXP3 Bandit Meta-Strategy,-0.017055689991499756
2020-03-24,EXP3 Bandit Meta-Strategy,0.0794821970812547
2020-03-25,EXP3 Bandit Meta-Strategy,0.0016937325735209008
2020-03-26,EXP3 Bandit Meta-Strategy,0.04764425902620384
2020-03-27,EXP3 Bandit Meta-Strategy,-0.028833437586319288
2020-03-30,EXP3 Bandit Meta-Strategy,0.0426800367611464
2020-03-31,EXP3 Bandit Meta-Strategy,-0.0005402793584754484
2020-04-01,EXP3 Bandit Meta-Strategy,-0.031626195688805536
2020-04-02,EXP3 Bandit Meta-Strategy,0.02289315717570961
2020-04-03,EXP3 Bandit Meta-Strategy,0.0009500262087698275
2020-04-06,EXP3 Bandit Meta-Strategy,0.05628599924742961
2020-04-07,EXP3 Bandit Meta-Strategy,-0.005858866784924421
2020-04-08,EXP3 Bandit Meta-Strategy,0.01812910529415479
2020-04-09,EXP3 Bandit Meta-Strategy,0.012828748143145274
2020-04-13,EXP3 Bandit Meta-Strategy,0.02307235454068457
2020-04-14,EXP3 Bandit Meta-Strategy,0.041199248498930086
2020-04-15,EXP3 Bandit Meta-Strategy,-0.0028501535319196414
2020-04-16,EXP3 Bandit Meta-Strategy,0.01108241759830575
2020-04-17,EXP3 Bandit Meta-Strategy,0.014426807313424828
2020-04-20,EXP3 Bandit Meta-Strategy,-0.014213275668943592
2020-04-21,EXP3 Bandit Meta-Strategy,-0.02606583142928165
2020-04-22,EXP3 Bandit Meta-Strategy,0.020951304207976085
2020-04-23,EXP3 Bandit Meta-Strategy,-0.005233161586195689
2020-04-24,EXP3 Bandit Meta-Strategy,0.009954565671828064
2020-04-27,EXP3 Bandit Meta-Strategy,0.021555281744054522
2020-04-28,EXP3 Bandit Meta-Strategy,-0.014521148741332479
2020-04-29,EXP3 Bandit Meta-Strategy,0.014729287205783148
2020-04-30,EXP3 Bandit Meta-Strategy,-0.00021526592857579185
2020-05-01,EXP3 Bandit Meta-Strategy,-0.027431047392247665
2020-05-04,EXP3 Bandit Meta-Strategy,0.013572125383041422
2020-05-05,EXP3 Bandit Meta-Strategy,0.005382292049785242
2020-05-06,EXP3 Bandit Meta-Strategy,-0.0015797890242537083
2020-05-07,EXP3 Bandit Meta-Strategy,0.0007207162313056514
2020-05-08,EXP3 Bandit Meta-Strategy,0.01910861170999656
2020-05-11,EXP3 Bandit Meta-Strategy,0.001145486509514182
2020-05-12,EXP3 Bandit Meta-Strategy,-0.01562134566571416
2020-05-13,EXP3 Bandit Meta-Strategy,-0.010592189469139202
2020-05-14,EXP3 Bandit Meta-Strategy,0.01096554224831281
2020-05-15,EXP3 Bandit Meta-Strategy,0.010400101931571815
2020-05-18,EXP3 Bandit Meta-Strategy,0.02277850131633863
2020-05-19,EXP3 Bandit Meta-Strategy,-0.011922988687259606
2020-05-20,EXP3 Bandit Meta-Strategy,0.013125079149971297
2020-05-21,EXP3 Bandit Meta-Strategy,-0.008987295710409016
2020-05-22,EXP3 Bandit Meta-Strategy,-0.0033759137404165696
2020-05-26,EXP3 Bandit Meta-Strategy,0.004187422124719564
2020-05-27,EXP3 Bandit Meta-Strategy,0.004163108665191206
2020-05-28,EXP3 Bandit Meta-Strategy,-0.0033121009726632122
2020-05-29,EXP3 Bandit Meta-Strategy,-0.0007707918255782653
2020-06-01,EXP3 Bandit Meta-Strategy,0.010497879670630317
2020-06-02,EXP3 Bandit Meta-Strategy,0.005589353762943228
2020-06-03,EXP3 Bandit Meta-Strategy,0.02233153844598701
2020-06-04,EXP3 Bandit Meta-Strategy,0.0024262446222558243
2020-06-05,EXP3 Bandit Meta-Strategy,0.03069204823331595
2020-06-08,EXP3 Bandit Meta-Strategy,0.017190118705292523
2020-06-09,EXP3 Bandit Meta-Strategy,-0.009224255683451976
2020-06-10,EXP3 Bandit Meta-Strategy,-0.015120209912892868
2020-06-11,EXP3 Bandit Meta-Strategy,-0.0655716498890554
2020-06-12,EXP3 Bandit Meta-Strategy,0.011090988890528175
2020-06-15,EXP3 Bandit Meta-Strategy,0.011283246601198504
2020-06-16,EXP3 Bandit Meta-Strategy,0.01461075752390073
2020-06-17,EXP3 Bandit Meta-Strategy,-0.010594241917979419
2020-06-18,EXP3 Bandit Meta-Strategy,0.0015382655401241507
2020-06-19,EXP3 Bandit Meta-Strategy,-0.006415089446644928
2020-06-22,EXP3 Bandit Meta-Strategy,0.002815173143201344
2020-06-23,EXP3 Bandit Meta-Strategy,0.004968778467266732
2020-06-24,EXP3 Bandit Meta-Strategy,-0.029901463898653446
2020-06-25,EXP3 Bandit Meta-Strategy,0.014483044031995407
2020-06-26,EXP3 Bandit Meta-Strategy,-0.03409182332419114
2020-06-29,EXP3 Bandit Meta-Strategy,0.014223240257030811
2020-06-30,EXP3 Bandit Meta-Strategy,-0.0009075722632179151
2020-07-01,EXP3 Bandit Meta-Strategy,0.014158026691305725
2020-07-02,EXP3 Bandit Meta-Strategy,0.007581637479429526
2020-07-06,EXP3 Bandit Meta-Strategy,0.023117242417469264
2020-07-07,EXP3 Bandit Meta-Strategy,0.0047027131017434165
2020-07-08,EXP3 Bandit Meta-Strategy,0.002239848171200709
2020-07-09,EXP3 Bandit Meta-Strategy,0.007052319842147492
2020-07-10,EXP3 Bandit Meta-Strategy,0.021391117998267983
2020-07-13,EXP3 Bandit Meta-Strategy,-0.0038084992031272025
2020-07-14,EXP3 Bandit Meta-Strategy,0.01085213194181378
2020-07-15,EXP3 Bandit Meta-Strategy,0.001989474234332711
2020-07-16,EXP3 Bandit Meta-Strategy,-0.003586206959828142
2020-07-17,EXP3 Bandit Meta-Strategy,-0.003188041256591445
2020-07-20,EXP3 Bandit Meta-Strategy,0.019878273916006606
2020-07-21,EXP3 Bandit Meta-Strategy,-0.0014611558295269944
2020-07-22,EXP3 Bandit Meta-Strategy,0.007812620569086937
2020-07-23,EXP3 Bandit Meta-Strategy,-0.014746371584799856
2020-07-24,EXP3 Bandit Meta-Strategy,-0.008415596495804256
2020-07-27,EXP3 Bandit Meta-Strategy,0.00800509187253251
2020-07-28,EXP3 Bandit Meta-Strategy,-0.0009577753601638372
2020-07-29,EXP3 Bandit Meta-Strategy,0.004694115099407092
2020-07-30,EXP3 Bandit Meta-Strategy,-0.004336774008178446
2020-07-31,EXP3 Bandit Meta-Strategy,-0.00028747561281361467
2020-08-03,EXP3 Bandit Meta-Strategy,0.004166127016159926
2020-08-04,EXP3 Bandit Meta-Strategy,0.00840391996184886
2020-08-05,EXP3 Bandit Meta-Strategy,0.005835821088824744
2020-08-06,EXP3 Bandit Meta-Strategy,0.0035056441096610325
2020-08-07,EXP3 Bandit Meta-Strategy,-0.0027383469046755593
2020-08-10,EXP3 Bandit Meta-Strategy,0.0005956068232810807
2020-08-11,EXP3 Bandit Meta-Strategy,-0.010321012495802306
2020-08-12,EXP3 Bandit Meta-Strategy,0.02141218528560751
2020-08-13,EXP3 Bandit Meta-Strategy,-0.0001593967919658601
2020-08-14,EXP3 Bandit Meta-Strategy,0.0023341040174975625
2020-08-17,EXP3 Bandit Meta-Strategy,0.01512259267152194
2020-08-18,EXP3 Bandit Meta-Strategy,0.006800426899869372
2020-08-19,EXP3 Bandit Meta-Strategy,-0.00827497130686361
2020-08-20,EXP3 Bandit Meta-Strategy,0.007921745226431964
2020-08-21,EXP3 Bandit Meta-Strategy,0.006518973532616323
2020-08-24,EXP3 Bandit Meta-Strategy,0.004392864926723528
2020-08-25,EXP3 Bandit Meta-Strategy,-0.0005446006558912364
2020-08-26,EXP3 Bandit Meta-Strategy,0.014498497724624748
2020-08-27,EXP3 Bandit Meta-Strategy,0.008602660162623232
2020-08-28,EXP3 Bandit Meta-Strategy,0.010231843446682598
2020-08-31,EXP3 Bandit Meta-Strategy,-0.0009212929443643825
2020-09-01,EXP3 Bandit Meta-Strategy,0.0038724018073998945
2020-09-02,EXP3 Bandit Meta-Strategy,-0.005611964550079174
2020-09-03,EXP3 Bandit Meta-Strategy,-0.04004088896514402
2020-09-04,EXP3 Bandit Meta-Strategy,0.0017582782093852334
2020-09-08,EXP3 Bandit Meta-Strategy,-0.058072250639984
2020-09-09,EXP3 Bandit Meta-Strategy,0.02598419950031805
2020-09-10,EXP3 Bandit Meta-Strategy,-0.01697817243759403
2020-09-11,EXP3 Bandit Meta-Strategy,0.0004431898830963288
2020-09-14,EXP3 Bandit Meta-Strategy,0.024677497249723013
2020-09-15,EXP3 Bandit Meta-Strategy,0.008252251868724025
2020-09-16,EXP3 Bandit Meta-Strategy,-0.005193293433022217
2020-09-17,EXP3 Bandit Meta-Strategy,-0.013308097044849476
2020-09-18,EXP3 Bandit Meta-Strategy,-0.0033647436488631888
2020-09-21,EXP3 Bandit Meta-Strategy,-0.0020525171255474373
2020-09-22,EXP3 Bandit Meta-Strategy,-0.006009284923879643
2020-09-23,EXP3 Bandit Meta-Strategy,-0.03773845861102365
2020-09-24,EXP3 Bandit Meta-Strategy,0.005648686468409991
2020-09-25,EXP3 Bandit Meta-Strategy,0.019983543128973658
2020-09-28,EXP3 Bandit Meta-Strategy,0.01934717396947505
2020-09-29,EXP3 Bandit Meta-Strategy,-0.007770395888857973
2020-09-30,EXP3 Bandit Meta-Strategy,-0.0006627810942574364
2020-10-01,EXP3 Bandit Meta-Strategy,0.010025235639406382
2020-10-02,EXP3 Bandit Meta-Strategy,-0.019406830622682447
2020-10-05,EXP3 Bandit Meta-Strategy,0.01764800565986513
2020-10-06,EXP3 Bandit Meta-Strategy,-0.015983959387236735
2020-10-07,EXP3 Bandit Meta-Strategy,0.016140897634398854
2020-10-08,EXP3 Bandit Meta-Strategy,0.00881007275974155
2020-10-09,EXP3 Bandit Meta-Strategy,0.009296603618612398
2020-10-12,EXP3 Bandit Meta-Strategy,0.014942465606602395
2020-10-13,EXP3 Bandit Meta-Strategy,-0.0008996840365772529
2020-10-14,EXP3 Bandit Meta-Strategy,-0.007257435900767328
2020-10-15,EXP3 Bandit Meta-Strategy,-0.003237795392832754
2020-10-16,EXP3 Bandit Meta-Strategy,-0.002599923166217266
2020-10-19,EXP3 Bandit Meta-Strategy,-0.016685537790778304
2020-10-20,EXP3 Bandit Meta-Strategy,0.003330554276818054
2020-10-21,EXP3 Bandit Meta-Strategy,-0.005201767939683299
2020-10-22,EXP3 Bandit Meta-Strategy,0.005830592247592303
2020-10-23,EXP3 Bandit Meta-Strategy,0.002817712606951739
2020-10-26,EXP3 Bandit Meta-Strategy,-0.014922425349629065
2020-10-27,EXP3 Bandit Meta-Strategy,0.0013816639156081223
2020-10-28,EXP3 Bandit Meta-Strategy,-0.03756504403746863
2020-10-29,EXP3 Bandit Meta-Strategy,0.014353217543463082
2020-10-30,EXP3 Bandit Meta-Strategy,-0.000755775941255199
2020-11-02,EXP3 Bandit Meta-Strategy,0.013362211014777747
2020-11-03,EXP3 Bandit Meta-Strategy,0.015593914630446681
2020-11-04,EXP3 Bandit Meta-Strategy,0.009919379256810634
2020-11-05,EXP3 Bandit Meta-Strategy,0.013275310011642949
2020-11-06,EXP3 Bandit Meta-Strategy,0.004768292476409863
2020-11-09,EXP3 Bandit Meta-Strategy,-0.002903384505085538
2020-11-10,EXP3 Bandit Meta-Strategy,0.005158529684057944
2020-11-11,EXP3 Bandit Meta-Strategy,0.008776716901232495
2020-11-12,EXP3 Bandit Meta-Strategy,-0.0051535742450974364
2020-11-13,EXP3 Bandit Meta-Strategy,0.00987436773835082
2020-11-16,EXP3 Bandit Meta-Strategy,0.006226515509418107
2020-11-17,EXP3 Bandit Meta-Strategy,-0.00628543511323576
2020-11-18,EXP3 Bandit Meta-Strategy,-0.003048098029845847
2020-11-19,EXP3 Bandit Meta-Strategy,0.006506232110474741
2020-11-20,EXP3 Bandit Meta-Strategy,-0.007630931778361272
2020-11-23,EXP3 Bandit Meta-Strategy,0.005481739721614254
2020-11-24,EXP3 Bandit Meta-Strategy,0.01284401628000964
2020-11-25,EXP3 Bandit Meta-Strategy,0.0029776148701377014
2020-11-27,EXP3 Bandit Meta-Strategy,0.0030063866914393778
2020-11-30,EXP3 Bandit Meta-Strategy,-0.0005870658912722204
2020-12-01,EXP3 Bandit Meta-Strategy,0.01420286712789598
2020-12-02,EXP3 Bandit Meta-Strategy,0.00237796083581876
2020-12-03,EXP3 Bandit Meta-Strategy,-0.002311058819497336
2020-12-04,EXP3 Bandit Meta-Strategy,0.005971611120991094
2020-12-07,EXP3 Bandit Meta-Strategy,0.005519735881234444
2020-12-08,EXP3 Bandit Meta-Strategy,0.007365606955090032
2020-12-09,EXP3 Bandit Meta-Strategy,-0.013489009563646293
2020-12-10,EXP3 Bandit Meta-Strategy,0.002551850722290805
2020-12-11,EXP3 Bandit Meta-Strategy,0.0011614651464464387
2020-12-14,EXP3 Bandit Meta-Strategy,-0.0037423210943652307
2020-12-15,EXP3 Bandit Meta-Strategy,0.006005582225332873
2020-12-16,EXP3 Bandit Meta-Strategy,-0.00035121416096983715
2020-12-17,EXP3 Bandit Meta-Strategy,0.01013073244452145
2020-12-18,EXP3 Bandit Meta-Strategy,0.0016239012373722161
2020-12-21,EXP3 Bandit Meta-Strategy,-0.008120121313038964
2020-12-22,EXP3 Bandit Meta-Strategy,-0.006810309865080244
2020-12-23,EXP3 Bandit Meta-Strategy,-0.00038024793299773485
2020-12-24,EXP3 Bandit Meta-Strategy,0.0038279919262738105
2020-12-28,EXP3 Bandit Meta-Strategy,0.010468291210470548
2020-12-29,EXP3 Bandit Meta-Strategy,0.0005723874609429025
2020-12-30,EXP3 Bandit Meta-Strategy,0.0035016842691266703
2020-12-31,EXP3 Bandit Meta-Strategy,-0.0003576132427075551
2021-01-04,EXP3 Bandit Meta-Strategy,-0.004695272093817704
2021-01-05,EXP3 Bandit Meta-Strategy,0.006820027118659366
2021-01-06,EXP3 Bandit Meta-Strategy,-0.005534921502672874
2021-01-07,EXP3 Bandit Meta-Strategy,0.01485384702700232
2021-01-08,EXP3 Bandit Meta-Strategy,0.008548756288508041
2021-01-11,EXP3 Bandit Meta-Strategy,-0.006852450739983196
2021-01-12,EXP3 Bandit Meta-Strategy,0.0018213161934015343
2021-01-13,EXP3 Bandit Meta-Strategy,0.0017037320342876416
2021-01-14,EXP3 Bandit Meta-Strategy,-0.00787471923885008
2021-01-15,EXP3 Bandit Meta-Strategy,-0.009098414710785874
2021-01-19,EXP3 Bandit Meta-Strategy,0.006643620680489848
2021-01-20,EXP3 Bandit Meta-Strategy,0.021870545641690553
2021-01-21,EXP3 Bandit Meta-Strategy,0.0017790141953579752
2021-01-22,EXP3 Bandit Meta-Strategy,1.3379309072192314e-05
2021-01-25,EXP3 Bandit Meta-Strategy,0.006147940320258893
2021-01-26,EXP3 Bandit Meta-Strategy,0.0030524554523452263
2021-01-27,EXP3 Bandit Meta-Strategy,-0.029097994269073002
2021-01-28,EXP3 Bandit Meta-Strategy,0.0038033081406931846
2021-01-29,EXP3 Bandit Meta-Strategy,-0.00039326688344643035
2021-02-01,EXP3 Bandit Meta-Strategy,0.012596141107511949
2021-02-02,EXP3 Bandit Meta-Strategy,0.012522619561893933
2021-02-03,EXP3 Bandit Meta-Strategy,-0.0006425259544736717
2021-02-04,EXP3 Bandit Meta-Strategy,0.01158353244911825
2021-02-05,EXP3 Bandit Meta-Strategy,0.005029940231827457
2021-02-08,EXP3 Bandit Meta-Strategy,0.006966661652862083
2021-02-09,EXP3 Bandit Meta-Strategy,-0.002273368156838762
2021-02-10,EXP3 Bandit Meta-Strategy,-0.0019296478827734997
2021-02-11,EXP3 Bandit Meta-Strategy,0.0019869027732828393
2021-02-12,EXP3 Bandit Meta-Strategy,0.0010904846179675687
2021-02-16,EXP3 Bandit Meta-Strategy,0.001059671943357543
2021-02-17,EXP3 Bandit Meta-Strategy,0.001157396495651275
2021-02-18,EXP3 Bandit Meta-Strategy,-0.009778340301976662
2021-02-19,EXP3 Bandit Meta-Strategy,-0.008079346993642877
2021-02-22,EXP3 Bandit Meta-Strategy,-0.005857732416810868
2021-02-23,EXP3 Bandit Meta-Strategy,0.001408727571318824
2021-02-24,EXP3 Bandit Meta-Strategy,0.00828610772582028
2021-02-25,EXP3 Bandit Meta-Strategy,-0.02320994108433294
2021-02-26,EXP3 Bandit Meta-Strategy,-0.0008025219928586846
2021-03-01,EXP3 Bandit Meta-Strategy,0.02844792286856035
2021-03-02,EXP3 Bandit Meta-Strategy,-0.016670343602878224
2021-03-03,EXP3 Bandit Meta-Strategy,-0.016102967706894344
2021-03-04,EXP3 Bandit Meta-Strategy,-0.013123776282986443
2021-03-05,EXP3 Bandit Meta-Strategy,0.007362003124139038
2021-03-08,EXP3 Bandit Meta-Strategy,-0.01930265615106208
2021-03-09,EXP3 Bandit Meta-Strategy,0.04050863280433248
2021-03-10,EXP3 Bandit Meta-Strategy,0.004088843065004344
2021-03-11,EXP3 Bandit Meta-Strategy,0.016025737278925423
2021-03-12,EXP3 Bandit Meta-Strategy,-0.0025913105533288405
2021-03-15,EXP3 Bandit Meta-Strategy,0.011320161999641698
2021-03-16,EXP3 Bandit Meta-Strategy,-0.00012715462931833788
2021-03-17,EXP3 Bandit Meta-Strategy,0.006245357325076473
2021-03-18,EXP3 Bandit Meta-Strategy,-0.025021817090066012
2021-03-19,EXP3 Bandit Meta-Strategy,0.005489483601057277
2021-03-22,EXP3 Bandit Meta-Strategy,0.013573520955028506
2021-03-23,EXP3 Bandit Meta-Strategy,-0.005104693488763079
2021-03-24,EXP3 Bandit Meta-Strategy,-0.014534511923583904
2021-03-25,EXP3 Bandit Meta-Strategy,0.0012842427992552086
2021-03-26,EXP3 Bandit Meta-Strategy,0.006466516322852334
2021-03-29,EXP3 Bandit Meta-Strategy,0.0064058295719779945
2021-03-30,EXP3 Bandit Meta-Strategy,-0.0020908162722166335
2021-03-31,EXP3 Bandit Meta-Strategy,-0.0010104057301031366
2021-04-01,EXP3 Bandit Meta-Strategy,0.0024601743911321083
2021-04-05,EXP3 Bandit Meta-Strategy,0.014030941509795891
2021-04-06,EXP3 Bandit Meta-Strategy,0.0011152305104502602
2021-04-07,EXP3 Bandit Meta-Strategy,0.0014994113465340853
2021-04-08,EXP3 Bandit Meta-Strategy,0.0019161706719086347
2021-04-09,EXP3 Bandit Meta-Strategy,0.0007357552383908672
2021-04-12,EXP3 Bandit Meta-Strategy,0.003625394391887804
2021-04-13,EXP3 Bandit Meta-Strategy,-0.0007681651811802803
2021-04-14,EXP3 Bandit Meta-Strategy,-0.003240218428332775
2021-04-15,EXP3 Bandit Meta-Strategy,0.008900837828060615
2021-04-16,EXP3 Bandit Meta-Strategy,0.004930362122634424
2021-04-19,EXP3 Bandit Meta-Strategy,-0.002626566670506314
2021-04-20,EXP3 Bandit Meta-Strategy,0.0031699551200503606
2021-04-21,EXP3 Bandit Meta-Strategy,0.002176004971389922
2021-04-22,EXP3 Bandit Meta-Strategy,-0.012271195887494923
2021-04-23,EXP3 Bandit Meta-Strategy,0.0036310031605433224
2021-04-26,EXP3 Bandit Meta-Strategy,-0.006639526777661997
2021-04-27,EXP3 Bandit Meta-Strategy,-0.002476214814944755
2021-04-28,EXP3 Bandit Meta-Strategy,0.00019591260955831302
2021-04-29,EXP3 Bandit Meta-Strategy,0.00942657971097316
2021-04-30,EXP3 Bandit Meta-Strategy,-0.0003437345223110677
2021-05-03,EXP3 Bandit Meta-Strategy,0.010331765478029942
2021-05-04,EXP3 Bandit Meta-Strategy,-0.004228874294166185
2021-05-05,EXP3 Bandit Meta-Strategy,-0.002801695215860822
2021-05-06,EXP3 Bandit Meta-Strategy,0.0047022345178753255
2021-05-07,EXP3 Bandit Meta-Strategy,0.002629879611701691
2021-05-10,EXP3 Bandit Meta-Strategy,0.0009555895621302657
2021-05-11,EXP3 Bandit Meta-Strategy,-0.008195862962411038
2021-05-12,EXP3 Bandit Meta-Strategy,-0.014224758786646419
2021-05-13,EXP3 Bandit Meta-Strategy,0.011546437432319756
2021-05-14,EXP3 Bandit Meta-Strategy,0.006973127145722513
2021-05-17,EXP3 Bandit Meta-Strategy,-0.001999403362620833
2021-05-18,EXP3 Bandit Meta-Strategy,-0.0011577790470027605
2021-05-19,EXP3 Bandit Meta-Strategy,-0.0018051327172274867
2021-05-20,EXP3 Bandit Meta-Strategy,0.009528656047845141
2021-05-21,EXP3 Bandit Meta-Strategy,-0.0015690044539216075
2021-05-24,EXP3 Bandit Meta-Strategy,0.004265009517772755
2021-05-25,EXP3 Bandit Meta-Strategy,-0.0007334083006227399
2021-05-26,EXP3 Bandit Meta-Strategy,-0.0011931456057869827
2021-05-27,EXP3 Bandit Meta-Strategy,-0.005224498027539992
2021-05-28,EXP3 Bandit Meta-Strategy,-0.0005753306403900593
2021-06-01,EXP3 Bandit Meta-Strategy,-0.0028712421504820673
2021-06-02,EXP3 Bandit Meta-Strategy,0.00228303979666844
2021-06-03,EXP3 Bandit Meta-Strategy,-0.001878236683796386
2021-06-04,EXP3 Bandit Meta-Strategy,0.008157486478221676
2021-06-07,EXP3 Bandit Meta-Strategy,-0.0009372568366832201
2021-06-08,EXP3 Bandit Meta-Strategy,-0.0030631820376041397
2021-06-09,EXP3 Bandit Meta-Strategy,7.91582996007012e-05
2021-06-10,EXP3 Bandit Meta-Strategy,0.006854188974994013
2021-06-11,EXP3 Bandit Meta-Strategy,-0.00022265009524968793
2021-06-14,EXP3 Bandit Meta-Strategy,0.00159511576374749
2021-06-15,EXP3 Bandit Meta-Strategy,-0.004322909064008673
2021-06-16,EXP3 Bandit Meta-Strategy,-0.00653283291604323
2021-06-17,EXP3 Bandit Meta-Strategy,0.005427871597517786
2021-06-18,EXP3 Bandit Meta-Strategy,-0.012397691943753064
2021-06-21,EXP3 Bandit Meta-Strategy,0.009428434548260256
2021-06-22,EXP3 Bandit Meta-Strategy,0.00786569999527642
2021-06-23,EXP3 Bandit Meta-Strategy,1.4738567283956172e-05
2021-06-24,EXP3 Bandit Meta-Strategy,0.005241677178189352
2021-06-25,EXP3 Bandit Meta-Strategy,0.0038621931818503263
2021-06-28,EXP3 Bandit Meta-Strategy,0.0036149575481188023
2021-06-29,EXP3 Bandit Meta-Strategy,-0.0024812896231924952
2021-06-30,EXP3 Bandit Meta-Strategy,-0.0001963405281690811
2021-07-01,EXP3 Bandit Meta-Strategy,0.004640050383462491
2021-07-02,EXP3 Bandit Meta-Strategy,0.006468185891451483
2021-07-06,EXP3 Bandit Meta-Strategy,-0.0039029904515012204
2021-07-07,EXP3 Bandit Meta-Strategy,0.0004423726601623379
2021-07-08,EXP3 Bandit Meta-Strategy,-0.006263714933765208
2021-07-09,EXP3 Bandit Meta-Strategy,0.009593466355994007
2021-07-12,EXP3 Bandit Meta-Strategy,0.006289690615626897
2021-07-13,EXP3 Bandit Meta-Strategy,-0.0016701025985854656
2021-07-14,EXP3 Bandit Meta-Strategy,0.003448040591442769
2021-07-15,EXP3 Bandit Meta-Strategy,-0.0021573517580676382
2021-07-16,EXP3 Bandit Meta-Strategy,-0.007810944987303392
2021-07-19,EXP3 Bandit Meta-Strategy,-0.011627691622455583
2021-07-20,EXP3 Bandit Meta-Strategy,-0.017878892697529958
2021-07-21,EXP3 Bandit Meta-Strategy,0.0034801636015091564
2021-07-22,EXP3 Bandit Meta-Strategy,-0.0003685385729977897
2021-07-23,EXP3 Bandit Meta-Strategy,0.010929565641110806
2021-07-26,EXP3 Bandit Meta-Strategy,0.004890627841542594
2021-07-27,EXP3 Bandit Meta-Strategy,-0.0019443503766953807
2021-07-28,EXP3 Bandit Meta-Strategy,0.0011476086078439085
2021-07-29,EXP3 Bandit Meta-Strategy,0.0006475423787923873
2021-07-30,EXP3 Bandit Meta-Strategy,-0.00028946298378274005
2021-08-02,EXP3 Bandit Meta-Strategy,0.0005429722892713595
2021-08-03,EXP3 Bandit Meta-Strategy,0.007496366364286633
2021-08-04,EXP3 Bandit Meta-Strategy,-0.00311953988122049
2021-08-05,EXP3 Bandit Meta-Strategy,0.009129380704391288
2021-08-06,EXP3 Bandit Meta-Strategy,-0.0008387974878334425
2021-08-09,EXP3 Bandit Meta-Strategy,0.0023614815384618293
2021-08-10,EXP3 Bandit Meta-Strategy,0.005538550871739156
2021-08-11,EXP3 Bandit Meta-Strategy,-0.0028380829927283635
2021-08-12,EXP3 Bandit Meta-Strategy,0.0039622662280482945
2021-08-13,EXP3 Bandit Meta-Strategy,0.003997268910174601
2021-08-16,EXP3 Bandit Meta-Strategy,0.0004661989898742114
2021-08-17,EXP3 Bandit Meta-Strategy,-0.006105958486437024
2021-08-18,EXP3 Bandit Meta-Strategy,-0.009214395788755825
2021-08-19,EXP3 Bandit Meta-Strategy,0.002693646388978399
2021-08-20,EXP3 Bandit Meta-Strategy,0.008183347889299863
2021-08-23,EXP3 Bandit Meta-Strategy,0.013072844103674708
2021-08-24,EXP3 Bandit Meta-Strategy,-0.0036450146740208966
2021-08-25,EXP3 Bandit Meta-Strategy,-0.0003647526451787675
2021-08-26,EXP3 Bandit Meta-Strategy,-0.005737068572377546
2021-08-27,EXP3 Bandit Meta-Strategy,0.007613216255492716
2021-08-30,EXP3 Bandit Meta-Strategy,0.005465379721330876
2021-08-31,EXP3 Bandit Meta-Strategy,-0.0004603383411694306
2021-09-01,EXP3 Bandit Meta-Strategy,0.002508674343999928
2021-09-02,EXP3 Bandit Meta-Strategy,0.004712539539698524
2021-09-03,EXP3 Bandit Meta-Strategy,0.0018167781100117963
2021-09-07,EXP3 Bandit Meta-Strategy,0.0017616990966637935
2021-09-08,EXP3 Bandit Meta-Strategy,-0.0004258021037438775
2021-09-09,EXP3 Bandit Meta-Strategy,-0.005047844337494389
2021-09-10,EXP3 Bandit Meta-Strategy,-0.005235818443752982
2021-09-13,EXP3 Bandit Meta-Strategy,0.0011341653684624475
2021-09-14,EXP3 Bandit Meta-Strategy,-0.007000886611299939
2021-09-15,EXP3 Bandit Meta-Strategy,0.00646471039068186
2021-09-16,EXP3 Bandit Meta-Strategy,-0.001970289997434538
2021-09-17,EXP3 Bandit Meta-Strategy,-0.005664279356327739
2021-09-20,EXP3 Bandit Meta-Strategy,-0.016501118632036738
2021-09-21,EXP3 Bandit Meta-Strategy,-0.0022315749146547548
2021-09-22,EXP3 Bandit Meta-Strategy,0.012185827439471275
2021-09-23,EXP3 Bandit Meta-Strategy,0.0120039496381934
2021-09-24,EXP3 Bandit Meta-Strategy,0.0010015821989148854
2021-09-27,EXP3 Bandit Meta-Strategy,0.0016057297222145106
2021-09-28,EXP3 Bandit Meta-Strategy,-0.013876593005051285
2021-09-29,EXP3 Bandit Meta-Strategy,0.005310444150822269
2021-09-30,EXP3 Bandit Meta-Strategy,-0.0005167363608306053
2021-10-01,EXP3 Bandit Meta-Strategy,0.009920922156951839
2021-10-04,EXP3 Bandit Meta-Strategy,-0.013438001912677744
2021-10-05,EXP3 Bandit Meta-Strategy,0.0099821355253491
2021-10-06,EXP3 Bandit Meta-Strategy,0.005213168536145396
2021-10-07,EXP3 Bandit Meta-Strategy,0.00886360270375719
2021-10-08,EXP3 Bandit Meta-Strategy,-0.0006488408078324515
2021-10-11,EXP3 Bandit Meta-Strategy,-0.006251542207058258
2021-10-12,EXP3 Bandit Meta-Strategy,-0.0036053648880401967
2021-10-13,EXP3 Bandit Meta-Strategy,0.0001747190735505999
2021-10-14,EXP3 Bandit Meta-Strategy,0.014180264508493412
2021-10-15,EXP3 Bandit Meta-Strategy,0.009590061287366503
2021-10-18,EXP3 Bandit Meta-Strategy,0.002933955818613665
2021-10-19,EXP3 Bandit Meta-Strategy,0.007026211943168104
2021-10-20,EXP3 Bandit Meta-Strategy,0.0006594761436251595
2021-10-21,EXP3 Bandit Meta-Strategy,0.004395416157300769
2021-10-22,EXP3 Bandit Meta-Strategy,0.0016524553995835856
2021-10-25,EXP3 Bandit Meta-Strategy,0.012535315119815982
2021-10-26,EXP3 Bandit Meta-Strategy,0.006767681939318093
2021-10-27,EXP3 Bandit Meta-Strategy,-0.006179869663412552
2021-10-28,EXP3 Bandit Meta-Strategy,0.007867268064583044
2021-10-29,EXP3 Bandit Meta-Strategy,-0.00031002234019272823
2021-11-01,EXP3 Bandit Meta-Strategy,0.0014826366989495465
2021-11-02,EXP3 Bandit Meta-Strategy,0.002959775153877464
2021-11-03,EXP3 Bandit Meta-Strategy,0.003784390143020566
2021-11-04,EXP3 Bandit Meta-Strategy,0.006426881869117773
2021-11-05,EXP3 Bandit Meta-Strategy,0.01412775227340779
2021-11-08,EXP3 Bandit Meta-Strategy,0.0002589048769088276
2021-11-09,EXP3 Bandit Meta-Strategy,-0.007784057709050773
2021-11-10,EXP3 Bandit Meta-Strategy,-0.0001882206348340354
2021-11-11,EXP3 Bandit Meta-Strategy,-0.003214902802434527
2021-11-12,EXP3 Bandit Meta-Strategy,0.005630168001540481
2021-11-15,EXP3 Bandit Meta-Strategy,-0.0011962405374286167
2021-11-16,EXP3 Bandit Meta-Strategy,0.003985105794660715
2021-11-17,EXP3 Bandit Meta-Strategy,-0.004363046306619989
2021-11-18,EXP3 Bandit Meta-Strategy,0.004142970293032899
2021-11-19,EXP3 Bandit Meta-Strategy,-0.003543250038569812
2021-11-22,EXP3 Bandit Meta-Strategy,-0.007120968149875728
2021-11-23,EXP3 Bandit Meta-Strategy,0.003533145054801068
2021-11-24,EXP3 Bandit Meta-Strategy,0.00544614076652894
2021-11-26,EXP3 Bandit Meta-Strategy,-0.015769737553252283
2021-11-29,EXP3 Bandit Meta-Strategy,0.006171045184614421
2021-11-30,EXP3 Bandit Meta-Strategy,-0.0005637460997919286
2021-12-01,EXP3 Bandit Meta-Strategy,-0.007267379309941369
2021-12-02,EXP3 Bandit Meta-Strategy,0.004781178998997326
2021-12-03,EXP3 Bandit Meta-Strategy,-0.0021240932881162466
2021-12-06,EXP3 Bandit Meta-Strategy,0.004791441578910094
2021-12-07,EXP3 Bandit Meta-Strategy,0.012403727201820924
2021-12-08,EXP3 Bandit Meta-Strategy,-0.000729183514015963
2021-12-09,EXP3 Bandit Meta-Strategy,-0.0019008832031895961
2021-12-10,EXP3 Bandit Meta-Strategy,0.007504879399344189
2021-12-13,EXP3 Bandit Meta-Strategy,-0.0007696376661305848
2021-12-14,EXP3 Bandit Meta-Strategy,-0.000715651179276966
2021-12-15,EXP3 Bandit Meta-Strategy,0.018960735243097382
2021-12-16,EXP3 Bandit Meta-Strategy,0.0011545796178431544
2021-12-17,EXP3 Bandit Meta-Strategy,-0.019452969364268435
2021-12-20,EXP3 Bandit Meta-Strategy,4.3164211789958884e-05
2021-12-21,EXP3 Bandit Meta-Strategy,0.006121340984270418
2021-12-22,EXP3 Bandit Meta-Strategy,0.011124526690431402
2021-12-23,EXP3 Bandit Meta-Strategy,0.0008096469093197278
2021-12-27,EXP3 Bandit Meta-Strategy,0.009156898611506703
2021-12-28,EXP3 Bandit Meta-Strategy,-0.0022247303312539213
2021-12-29,EXP3 Bandit Meta-Strategy,-0.0002803731346997518
2021-12-30,EXP3 Bandit Meta-Strategy,0.0008508866367786805
2021-12-31,EXP3 Bandit Meta-Strategy,-0.0004320889328655042
2022-01-03,EXP3 Bandit Meta-Strategy,0.00705675945250106
2022-01-04,EXP3 Bandit Meta-Strategy,-0.0032512006063774024
2022-01-05,EXP3 Bandit Meta-Strategy,-0.01043551792594033
2022-01-06,EXP3 Bandit Meta-Strategy,-0.001479648545422818
2022-01-07,EXP3 Bandit Meta-Strategy,-0.0008849887915370891
2022-01-10,EXP3 Bandit Meta-Strategy,-0.002649766440487311
2022-01-11,EXP3 Bandit Meta-Strategy,0.005726239773995223
2022-01-12,EXP3 Bandit Meta-Strategy,0.001510888822822798
2022-01-13,EXP3 Bandit Meta-Strategy,-0.013473733843170188
2022-01-14,EXP3 Bandit Meta-Strategy,-0.0036273467259135828
2022-01-18,EXP3 Bandit Meta-Strategy,-0.01651382868907847
2022-01-19,EXP3 Bandit Meta-Strategy,-0.004241080270978248
2022-01-20,EXP3 Bandit Meta-Strategy,-0.008893371880119294
2022-01-21,EXP3 Bandit Meta-Strategy,-0.029539121192246998
2022-01-24,EXP3 Bandit Meta-Strategy,-0.0034337365875631853
2022-01-25,EXP3 Bandit Meta-Strategy,-0.004888304634925622
2022-01-26,EXP3 Bandit Meta-Strategy,0.0011671928320988734
2022-01-27,EXP3 Bandit Meta-Strategy,0.0010602442330951423
2022-01-28,EXP3 Bandit Meta-Strategy,0.023099014072751167
2022-01-31,EXP3 Bandit Meta-Strategy,-0.0001600450123636632
2022-02-01,EXP3 Bandit Meta-Strategy,0.01160566287941478
2022-02-02,EXP3 Bandit Meta-Strategy,0.0065281297474153455
2022-02-03,EXP3 Bandit Meta-Strategy,-0.02674943004039798
2022-02-04,EXP3 Bandit Meta-Strategy,0.007343253929886107
2022-02-07,EXP3 Bandit Meta-Strategy,-0.0046627372884820995
2022-02-08,EXP3 Bandit Meta-Strategy,0.0013381885483596534
2022-02-09,EXP3 Bandit Meta-Strategy,0.006502948009973641
2022-02-10,EXP3 Bandit Meta-Strategy,-0.01239366267118125
2022-02-11,EXP3 Bandit Meta-Strategy,-0.016037037517533714
2022-02-14,EXP3 Bandit Meta-Strategy,-0.0010417612008044586
2022-02-15,EXP3 Bandit Meta-Strategy,0.011820465651493972
2022-02-16,EXP3 Bandit Meta-Strategy,-0.00019733121851073232
2022-02-17,EXP3 Bandit Meta-Strategy,-0.012650170596301025
2022-02-18,EXP3 Bandit Meta-Strategy,-0.007161058019248379
2022-02-22,EXP3 Bandit Meta-Strategy,-0.017577907185934993
2022-02-23,EXP3 Bandit Meta-Strategy,-0.017239160436841705
2022-02-24,EXP3 Bandit Meta-Strategy,0.005557223425261215
2022-02-25,EXP3 Bandit Meta-Strategy,0.023445691518855893
2022-02-28,EXP3 Bandit Meta-Strategy,-0.0003634547537374466
2022-03-01,EXP3 Bandit Meta-Strategy,-0.013996129928592005
2022-03-02,EXP3 Bandit Meta-Strategy,0.014725154058135015
2022-03-03,EXP3 Bandit Meta-Strategy,-0.003908833872205086
2022-03-04,EXP3 Bandit Meta-Strategy,0.0002000224955647223
2022-03-07,EXP3 Bandit Meta-Strategy,-0.019626810276913487
2022-03-08,EXP3 Bandit Meta-Strategy,-0.013624902794176053
2022-03-09,EXP3 Bandit Meta-Strategy,0.016713553461054964
2022-03-10,EXP3 Bandit Meta-Strategy,-0.0016188035477010532
2022-03-11,EXP3 Bandit Meta-Strategy,-0.008997591367073787
2022-03-14,EXP3 Bandit Meta-Strategy,0.0014866727211970687
2022-03-15,EXP3 Bandit Meta-Strategy,0.0173935377087997
2022-03-16,EXP3 Bandit Meta-Strategy,0.015527540706228304
2022-03-17,EXP3 Bandit Meta-Strategy,0.015344232429000515
2022-03-18,EXP3 Bandit Meta-Strategy,0.008931512111635564
2022-03-21,EXP3 Bandit Meta-Strategy,0.0012117119530579146
2022-03-22,EXP3 Bandit Meta-Strategy,0.006387691158535214
2022-03-23,EXP3 Bandit Meta-Strategy,-0.010696947178037153
2022-03-24,EXP3 Bandit Meta-Strategy,0.01045149613032903
2022-03-25,EXP3 Bandit Meta-Strategy,0.005514423848587802
2022-03-28,EXP3 Bandit Meta-Strategy,0.008210759066762385
2022-03-29,EXP3 Bandit Meta-Strategy,0.007003978428407276
2022-03-30,EXP3 Bandit Meta-Strategy,-0.00438263034076436
2022-03-31,EXP3 Bandit Meta-Strategy,-0.0005581984262060802
2022-04-01,EXP3 Bandit Meta-Strategy,0.0035134836099117717
2022-04-04,EXP3 Bandit Meta-Strategy,0.010869526786709605
2022-04-05,EXP3 Bandit Meta-Strategy,-0.011580031049836403
2022-04-06,EXP3 Bandit Meta-Strategy,-0.002539540795226558
2022-04-07,EXP3 Bandit Meta-Strategy,0.011946548898485121
2022-04-08,EXP3 Bandit Meta-Strategy,-0.0016324967471241791
2022-04-11,EXP3 Bandit Meta-Strategy,-0.023991185921252267
2022-04-12,EXP3 Bandit Meta-Strategy,0.0009313558081747164
2022-04-13,EXP3 Bandit Meta-Strategy,0.011964051845838819
2022-04-14,EXP3 Bandit Meta-Strategy,-0.010660067183175026
2022-04-18,EXP3 Bandit Meta-Strategy,-0.003296551486400734
2022-04-19,EXP3 Bandit Meta-Strategy,0.006290239742917869
2022-04-20,EXP3 Bandit Meta-Strategy,-0.017724610341762204
2022-04-21,EXP3 Bandit Meta-Strategy,-0.007001252029992577
2022-04-22,EXP3 Bandit Meta-Strategy,-0.019781138697075873
2022-04-25,EXP3 Bandit Meta-Strategy,0.0026635651523161386
2022-04-26,EXP3 Bandit Meta-Strategy,-0.027860983085743918
2022-04-27,EXP3 Bandit Meta-Strategy,0.004956568394033578
2022-04-28,EXP3 Bandit Meta-Strategy,0.025063571548059826
2022-04-29,EXP3 Bandit Meta-Strategy,-0.0004361471515434978
2022-05-02,EXP3 Bandit Meta-Strategy,0.009704558369595828
2022-05-03,EXP3 Bandit Meta-Strategy,0.00581811383233366
2022-05-04,EXP3 Bandit Meta-Strategy,0.026065955447349465
2022-05-05,EXP3 Bandit Meta-Strategy,-0.038076060370136666
2022-05-06,EXP3 Bandit Meta-Strategy,-0.0035328674445709307
2022-05-09,EXP3 Bandit Meta-Strategy,-0.034765211698094434
2022-05-10,EXP3 Bandit Meta-Strategy,0.006293966965020825
2022-05-11,EXP3 Bandit Meta-Strategy,-0.019010236465196506
2022-05-12,EXP3 Bandit Meta-Strategy,0.0027076598335977753
2022-05-13,EXP3 Bandit Meta-Strategy,0.02612593264617269
2022-05-16,EXP3 Bandit Meta-Strategy,-0.0013615344953026298
2022-05-17,EXP3 Bandit Meta-Strategy,0.010312802454271797
2022-05-18,EXP3 Bandit Meta-Strategy,-0.04327257081888558
2022-05-19,EXP3 Bandit Meta-Strategy,-0.002342996520292906
2022-05-20,EXP3 Bandit Meta-Strategy,0.0034160733630019813
2022-05-23,EXP3 Bandit Meta-Strategy,0.01965963769125678
2022-05-24,EXP3 Bandit Meta-Strategy,-0.008507280451935162
2022-05-25,EXP3 Bandit Meta-Strategy,0.013331279480621294
2022-05-26,EXP3 Bandit Meta-Strategy,0.01842746567129927
2022-05-27,EXP3 Bandit Meta-Strategy,0.02034084688815274
2022-05-31,EXP3 Bandit Meta-Strategy,-0.0006352189152043497
2022-06-01,EXP3 Bandit Meta-Strategy,-0.015504573677352917
2022-06-02,EXP3 Bandit Meta-Strategy,0.0349494601779321
2022-06-03,EXP3 Bandit Meta-Strategy,-0.03146391942118476
2022-06-06,EXP3 Bandit Meta-Strategy,-0.006040299355301149
2022-06-07,EXP3 Bandit Meta-Strategy,0.008708420758013036
2022-06-08,EXP3 Bandit Meta-Strategy,0.0006482651371186865
2022-06-09,EXP3 Bandit Meta-Strategy,-0.03066086638045107
2022-06-10,EXP3 Bandit Meta-Strategy,-0.03377942602906714
2022-06-13,EXP3 Bandit Meta-Strategy,-0.05068966261991892
2022-06-14,EXP3 Bandit Meta-Strategy,-0.0017698544446302922
2022-06-15,EXP3 Bandit Meta-Strategy,0.029786313155904187
2022-06-16,EXP3 Bandit Meta-Strategy,-0.03767046217916192
2022-06-17,EXP3 Bandit Meta-Strategy,0.0025148500881457814
2022-06-21,EXP3 Bandit Meta-Strategy,0.02472447073484707
2022-06-22,EXP3 Bandit Meta-Strategy,0.003069553137122094
2022-06-23,EXP3 Bandit Meta-Strategy,0.008156483842099549
2022-06-24,EXP3 Bandit Meta-Strategy,0.03854982943483942
2022-06-27,EXP3 Bandit Meta-Strategy,-0.00349305751764184
2022-06-28,EXP3 Bandit Meta-Strategy,-0.034223813689711946
2022-06-29,EXP3 Bandit Meta-Strategy,-0.005249737295801027
2022-06-30,EXP3 Bandit Meta-Strategy,-0.0003953706507722199
2022-07-01,EXP3 Bandit Meta-Strategy,0.008486532183903606
2022-07-05,EXP3 Bandit Meta-Strategy,0.008609069099407396
2022-07-06,EXP3 Bandit Meta-Strategy,0.002020192275017818
2022-07-07,EXP3 Bandit Meta-Strategy,0.01924609002529909
2022-07-08,EXP3 Bandit Meta-Strategy,-0.0005501151578919394
2022-07-11,EXP3 Bandit Meta-Strategy,-0.021350235047596255
2022-07-12,EXP3 Bandit Meta-Strategy,-0.008563995840432326
2022-07-13,EXP3 Bandit Meta-Strategy,0.002324614182478646
2022-07-14,EXP3 Bandit Meta-Strategy,-0.003359020641317101
2022-07-15,EXP3 Bandit Meta-Strategy,0.02296782716946999
2022-07-18,EXP3 Bandit Meta-Strategy,-0.012112875246187205
2022-07-19,EXP3 Bandit Meta-Strategy,0.0252264408703875
2022-07-20,EXP3 Bandit Meta-Strategy,0.01651036064503475
2022-07-21,EXP3 Bandit Meta-Strategy,0.015537221297987625
2022-07-22,EXP3 Bandit Meta-Strategy,-0.012493369058527493
2022-07-25,EXP3 Bandit Meta-Strategy,-0.0008341119427617283
2022-07-26,EXP3 Bandit Meta-Strategy,-0.019688418080031966
2022-07-27,EXP3 Bandit Meta-Strategy,0.03257074386821368
2022-07-28,EXP3 Bandit Meta-Strategy,0.004152467645358149
2022-07-29,EXP3 Bandit Meta-Strategy,-0.0008710463618096798
2022-08-01,EXP3 Bandit Meta-Strategy,0.0030037932934430245
2022-08-02,EXP3 Bandit Meta-Strategy,-0.00909013328217989
2022-08-03,EXP3 Bandit Meta-Strategy,0.010475199668911639
2022-08-04,EXP3 Bandit Meta-Strategy,-0.0059140296838005035
2022-08-05,EXP3 Bandit Meta-Strategy,-0.0056535465394896844
2022-08-08,EXP3 Bandit Meta-Strategy,0.0005500117297452256
2022-08-09,EXP3 Bandit Meta-Strategy,-0.000966838507465706
2022-08-10,EXP3 Bandit Meta-Strategy,0.014407065653006423
2022-08-11,EXP3 Bandit Meta-Strategy,-0.010898530933341255
2022-08-12,EXP3 Bandit Meta-Strategy,0.014553334378181404
2022-08-15,EXP3 Bandit Meta-Strategy,0.004629811631884584
2022-08-16,EXP3 Bandit Meta-Strategy,0.006072779776687742
2022-08-17,EXP3 Bandit Meta-Strategy,-0.006364481888311069
2022-08-18,EXP3 Bandit Meta-Strategy,0.00010837590839885003
2022-08-19,EXP3 Bandit Meta-Strategy,-0.0028152469429267857
2022-08-22,EXP3 Bandit Meta-Strategy,-0.014422011497757126
2022-08-23,EXP3 Bandit Meta-Strategy,-0.0054448756251945785
2022-08-24,EXP3 Bandit Meta-Strategy,-0.0008182104597570516
2022-08-25,EXP3 Bandit Meta-Strategy,-0.014044249223725713
2022-08-26,EXP3 Bandit Meta-Strategy,-0.02682643289451525
2022-08-29,EXP3 Bandit Meta-Strategy,-0.004919686606531193
2022-08-30,EXP3 Bandit Meta-Strategy,-0.01007966218701617
2022-08-31,EXP3 Bandit Meta-Strategy,-0.00014081394146336912
2022-09-01,EXP3 Bandit Meta-Strategy,0.013325912846422261
2022-09-02,EXP3 Bandit Meta-Strategy,-0.013932025729459951
2022-09-06,EXP3 Bandit Meta-Strategy,-0.003083880997229116
2022-09-07,EXP3 Bandit Meta-Strategy,0.013874730415191605
2022-09-08,EXP3 Bandit Meta-Strategy,0.006409510379047578
2022-09-09,EXP3 Bandit Meta-Strategy,0.012565149357041783
2022-09-12,EXP3 Bandit Meta-Strategy,0.005291618838279888
2022-09-13,EXP3 Bandit Meta-Strategy,-0.03487924007070253
2022-09-14,EXP3 Bandit Meta-Strategy,0.008872881902613816
2022-09-15,EXP3 Bandit Meta-Strategy,-0.008227232987816135
2022-09-16,EXP3 Bandit Meta-Strategy,0.002138876900011022
2022-09-19,EXP3 Bandit Meta-Strategy,0.00018946444827983022
2022-09-20,EXP3 Bandit Meta-Strategy,-0.007580924200429218
2022-09-21,EXP3 Bandit Meta-Strategy,-0.014529005547540441
2022-09-22,EXP3 Bandit Meta-Strategy,0.002380023472791759
2022-09-23,EXP3 Bandit Meta-Strategy,-0.01338970493620839
2022-09-26,EXP3 Bandit Meta-Strategy,-0.006445260224589799
2022-09-27,EXP3 Bandit Meta-Strategy,-0.00713693690694972
2022-09-28,EXP3 Bandit Meta-Strategy,0.014319667733230679
2022-09-29,EXP3 Bandit Meta-Strategy,-0.01561914527851549
2022-09-30,EXP3 Bandit Meta-Strategy,-0.0009483142641848463
2022-10-03,EXP3 Bandit Meta-Strategy,0.00931473081679246
2022-10-04,EXP3 Bandit Meta-Strategy,0.02889988543281352
2022-10-05,EXP3 Bandit Meta-Strategy,-0.0039676409647643185
2022-10-06,EXP3 Bandit Meta-Strategy,-0.007545607014430411
2022-10-07,EXP3 Bandit Meta-Strategy,-0.03638710380751364
2022-10-10,EXP3 Bandit Meta-Strategy,-0.009741786580511613
2022-10-11,EXP3 Bandit Meta-Strategy,-0.007891524722360876
2022-10-12,EXP3 Bandit Meta-Strategy,0.0020975403055318864
2022-10-13,EXP3 Bandit Meta-Strategy,0.02072324425997696
2022-10-14,EXP3 Bandit Meta-Strategy,-0.032163820695675804
2022-10-17,EXP3 Bandit Meta-Strategy,0.03764622881239088
2022-10-18,EXP3 Bandit Meta-Strategy,0.009273332548114466
2022-10-19,EXP3 Bandit Meta-Strategy,-0.0012950690565514122
2022-10-20,EXP3 Bandit Meta-Strategy,-0.007975611186514131
2022-10-21,EXP3 Bandit Meta-Strategy,0.025697967275758904
2022-10-24,EXP3 Bandit Meta-Strategy,0.008200709808717788
2022-10-25,EXP3 Bandit Meta-Strategy,0.01975255877262949
2022-10-26,EXP3 Bandit Meta-Strategy,-0.017041345295325083
2022-10-27,EXP3 Bandit Meta-Strategy,-0.008938425465967126
2022-10-28,EXP3 Bandit Meta-Strategy,0.017663729057526778
2022-10-31,EXP3 Bandit Meta-Strategy,-0.000825392166916239
2022-11-01,EXP3 Bandit Meta-Strategy,0.001530793966069588
2022-11-02,EXP3 Bandit Meta-Strategy,-0.022732131627687502
2022-11-03,EXP3 Bandit Meta-Strategy,-0.004917492324696737
2022-11-04,EXP3 Bandit Meta-Strategy,0.009613348181981562
2022-11-07,EXP3 Bandit Meta-Strategy,0.006101392338244693
2022-11-08,EXP3 Bandit Meta-Strategy,0.0023200198354662582
2022-11-09,EXP3 Bandit Meta-Strategy,-0.021707393391728225
2022-11-10,EXP3 Bandit Meta-Strategy,0.03572409147666722
2022-11-11,EXP3 Bandit Meta-Strategy,0.006585765370948238
2022-11-14,EXP3 Bandit Meta-Strategy,0.0031615324819274093
2022-11-15,EXP3 Bandit Meta-Strategy,0.005460489657463263
2022-11-16,EXP3 Bandit Meta-Strategy,-0.006043749496198347
2022-11-17,EXP3 Bandit Meta-Strategy,-0.0004217838258485651
2022-11-18,EXP3 Bandit Meta-Strategy,0.0007155666260101334
2022-11-21,EXP3 Bandit Meta-Strategy,-0.0033012385637206654
2022-11-22,EXP3 Bandit Meta-Strategy,0.013007460347555622
2022-11-23,EXP3 Bandit Meta-Strategy,0.004931111864254545
2022-11-25,EXP3 Bandit Meta-Strategy,0.00017121271466358223
2022-11-28,EXP3 Bandit Meta-Strategy,-0.006397451152040823
2022-11-29,EXP3 Bandit Meta-Strategy,-0.003593176136977849
2022-11-30,EXP3 Bandit Meta-Strategy,-0.0004831730916294852
2022-12-01,EXP3 Bandit Meta-Strategy,0.0027870046075562094
2022-12-02,EXP3 Bandit Meta-Strategy,-9.96524296426049e-06
2022-12-05,EXP3 Bandit Meta-Strategy,-0.016346618309023953
2022-12-06,EXP3 Bandit Meta-Strategy,-0.01680329940550307
2022-12-07,EXP3 Bandit Meta-Strategy,-0.001163041315389357
2022-12-08,EXP3 Bandit Meta-Strategy,0.005528500001321213
2022-12-09,EXP3 Bandit Meta-Strategy,-0.008303811447274989
2022-12-12,EXP3 Bandit Meta-Strategy,0.012668760359248132
2022-12-13,EXP3 Bandit Meta-Strategy,0.005543860898556741
2022-12-14,EXP3 Bandit Meta-Strategy,-0.0016796904818667802
2022-12-15,EXP3 Bandit Meta-Strategy,-0.016360431210168835
2022-12-16,EXP3 Bandit Meta-Strategy,-0.011637173318686411
2022-12-19,EXP3 Bandit Meta-Strategy,-0.0032559173717728873
2022-12-20,EXP3 Bandit Meta-Strategy,0.002837274207063034
2022-12-21,EXP3 Bandit Meta-Strategy,0.011909806828715341
2022-12-22,EXP3 Bandit Meta-Strategy,-0.013768105847492551
2022-12-23,EXP3 Bandit Meta-Strategy,0.00855486707219022
2022-12-27,EXP3 Bandit Meta-Strategy,-0.0022277685471940867
2022-12-28,EXP3 Bandit Meta-Strategy,-0.011224168022907377
2022-12-29,EXP3 Bandit Meta-Strategy,0.012076790415110006
2022-12-30,EXP3 Bandit Meta-Strategy,-0.0005692122440088543
2023-01-03,EXP3 Bandit Meta-Strategy,-0.00428693889494236
2023-01-04,EXP3 Bandit Meta-Strategy,0.002902768001841194
2023-01-05,EXP3 Bandit Meta-Strategy,-0.008763370850130903
2023-01-06,EXP3 Bandit Meta-Strategy,0.019501479418496004
2023-01-09,EXP3 Bandit Meta-Strategy,-0.014710415983347214
2023-01-10,EXP3 Bandit Meta-Strategy,-0.0002980091256585826
2023-01-11,EXP3 Bandit Meta-Strategy,0.004957503121894913
2023-01-12,EXP3 Bandit Meta-Strategy,-0.0007010691630499055
2023-01-13,EXP3 Bandit Meta-Strategy,0.0036033442459928455
2023-01-17,EXP3 Bandit Meta-Strategy,-0.005295633205099626
2023-01-18,EXP3 Bandit Meta-Strategy,-0.020727574483679234
2023-01-19,EXP3 Bandit Meta-Strategy,-0.006078946684689002
2023-01-20,EXP3 Bandit Meta-Strategy,0.012565933792352713
2023-01-23,EXP3 Bandit Meta-Strategy,0.005239710688439203
2023-01-24,EXP3 Bandit Meta-Strategy,0.0010318880866257985
2023-01-25,EXP3 Bandit Meta-Strategy,0.00238396453320866
2023-01-26,EXP3 Bandit Meta-Strategy,0.007284072855906709
2023-01-27,EXP3 Bandit Meta-Strategy,0.004332914711692837
2023-01-30,EXP3 Bandit Meta-Strategy,-0.016120654651530453
2023-01-31,EXP3 Bandit Meta-Strategy,-0.000476091700001513
2023-02-01,EXP3 Bandit Meta-Strategy,0.008079088775785115
2023-02-02,EXP3 Bandit Meta-Strategy,0.013231001172307133
2023-02-03,EXP3 Bandit Meta-Strategy,-0.008914210027653136
2023-02-06,EXP3 Bandit Meta-Strategy,-0.004392405506478014
2023-02-07,EXP3 Bandit Meta-Strategy,0.008873429829866941
2023-02-08,EXP3 Bandit Meta-Strategy,-0.008495025783588517
2023-02-09,EXP3 Bandit Meta-Strategy,-0.00659329900351846
2023-02-10,EXP3 Bandit Meta-Strategy,0.003927100963461161
2023-02-13,EXP3 Bandit Meta-Strategy,0.006384988982881978
2023-02-14,EXP3 Bandit Meta-Strategy,0.0009178562696894321
2023-02-15,EXP3 Bandit Meta-Strategy,0.000571253729000798
2023-02-16,EXP3 Bandit Meta-Strategy,-0.01552396643591658
2023-02-17,EXP3 Bandit Meta-Strategy,0.0016332661378168911
2023-02-21,EXP3 Bandit Meta-Strategy,-0.013285689169328041
2023-02-22,EXP3 Bandit Meta-Strategy,-0.0036762419923433987
2023-02-23,EXP3 Bandit Meta-Strategy,-0.00025050040839502685
2023-02-24,EXP3 Bandit Meta-Strategy,-0.009074908603027732
2023-02-27,EXP3 Bandit Meta-Strategy,0.001493416461863184
2023-02-28,EXP3 Bandit Meta-Strategy,-0.0004855167242820979
2023-03-01,EXP3 Bandit Meta-Strategy,-0.007933798541144399
2023-03-02,EXP3 Bandit Meta-Strategy,0.0035358487301972996
2023-03-03,EXP3 Bandit Meta-Strategy,0.015049622213506808
2023-03-06,EXP3 Bandit Meta-Strategy,0.002879596271231355
2023-03-07,EXP3 Bandit Meta-Strategy,-0.015127389207545527
2023-03-08,EXP3 Bandit Meta-Strategy,-0.0029748530085573766
2023-03-09,EXP3 Bandit Meta-Strategy,-0.01806106492638171
2023-03-10,EXP3 Bandit Meta-Strategy,-0.00770784094066046
2023-03-13,EXP3 Bandit Meta-Strategy,0.0015067557492818295
2023-03-14,EXP3 Bandit Meta-Strategy,0.014008928573471024
2023-03-15,EXP3 Bandit Meta-Strategy,0.0004809486854420175
2023-03-16,EXP3 Bandit Meta-Strategy,0.010195983942575815
2023-03-17,EXP3 Bandit Meta-Strategy,-0.006337528914585944
2023-03-20,EXP3 Bandit Meta-Strategy,0.00808813851764878
2023-03-21,EXP3 Bandit Meta-Strategy,0.013718851320519088
2023-03-22,EXP3 Bandit Meta-Strategy,-0.014949311128726328
2023-03-23,EXP3 Bandit Meta-Strategy,0.007423380900033694
2023-03-24,EXP3 Bandit Meta-Strategy,0.0037655360310133723
2023-03-27,EXP3 Bandit Meta-Strategy,0.0034613934354326137
2023-03-28,EXP3 Bandit Meta-Strategy,-0.00441542651193394
2023-03-29,EXP3 Bandit Meta-Strategy,0.012893921476887504
2023-03-30,EXP3 Bandit Meta-Strategy,0.00470732619465819
2023-03-31,EXP3 Bandit Meta-Strategy,-0.0005768451348366899
2023-04-03,EXP3 Bandit Meta-Strategy,0.010684952575052531
2023-04-04,EXP3 Bandit Meta-Strategy,-0.0015260214600996136
2023-04-05,EXP3 Bandit Meta-Strategy,0.011773622579946075
2023-04-06,EXP3 Bandit Meta-Strategy,0.0008648003507063518
2023-04-10,EXP3 Bandit Meta-Strategy,-0.0030791102575777884
2023-04-11,EXP3 Bandit Meta-Strategy,0.0002591699283274185
2023-04-12,EXP3 Bandit Meta-Strategy,-0.004408342524886422
2023-04-13,EXP3 Bandit Meta-Strategy,0.010936617585681763
2023-04-14,EXP3 Bandit Meta-Strategy,0.0015680240046815896
2023-04-17,EXP3 Bandit Meta-Strategy,0.00048659180326904306
2023-04-18,EXP3 Bandit Meta-Strategy,-0.0034203973722436443
2023-04-19,EXP3 Bandit Meta-Strategy,0.00016484721908294198
2023-04-20,EXP3 Bandit Meta-Strategy,-0.002782711476115751
2023-04-21,EXP3 Bandit Meta-Strategy,0.007705056626690965
2023-04-24,EXP3 Bandit Meta-Strategy,0.003313744879095859
2023-04-25,EXP3 Bandit Meta-Strategy,-0.007412049558542466
2023-04-26,EXP3 Bandit Meta-Strategy,-0.008920151536822685
2023-04-27,EXP3 Bandit Meta-Strategy,0.013346065312479727
2023-04-28,EXP3 Bandit Meta-Strategy,-0.0003917089533271856
2023-05-01,EXP3 Bandit Meta-Strategy,-0.003061387018854389
2023-05-02,EXP3 Bandit Meta-Strategy,-0.005769906394975766
2023-05-03,EXP3 Bandit Meta-Strategy,-0.008547206351113612
2023-05-04,EXP3 Bandit Meta-Strategy,-0.005524711423273154
2023-05-05,EXP3 Bandit Meta-Strategy,0.01169058589508798
2023-05-08,EXP3 Bandit Meta-Strategy,0.0019060905952426044
2023-05-09,EXP3 Bandit Meta-Strategy,-0.005358928432729448
2023-05-10,EXP3 Bandit Meta-Strategy,0.0018127358294812712
2023-05-11,EXP3 Bandit Meta-Strategy,-0.00022813360667739424
2023-05-12,EXP3 Bandit Meta-Strategy,-0.0017708017998088188
2023-05-15,EXP3 Bandit Meta-Strategy,-0.0027942582428717166
2023-05-16,EXP3 Bandit Meta-Strategy,-0.005054721167629395
2023-05-17,EXP3 Bandit Meta-Strategy,0.007095139657448568
2023-05-18,EXP3 Bandit Meta-Strategy,0.004988106703393003
2023-05-19,EXP3 Bandit Meta-Strategy,-0.0006685068819775042
2023-05-22,EXP3 Bandit Meta-Strategy,-0.006588131020736632
2023-05-23,EXP3 Bandit Meta-Strategy,-0.002795161904504906
2023-05-24,EXP3 Bandit Meta-Strategy,-0.0032207764948679607
2023-05-25,EXP3 Bandit Meta-Strategy,-0.0016351270049440592
2023-05-26,EXP3 Bandit Meta-Strategy,0.007084761385752092
2023-05-30,EXP3 Bandit Meta-Strategy,-0.00011699427173827992
2023-05-31,EXP3 Bandit Meta-Strategy,-0.00046858510442115975
2023-06-01,EXP3 Bandit Meta-Strategy,0.007353430224552593
2023-06-02,EXP3 Bandit Meta-Strategy,0.014772848002590822
2023-06-05,EXP3 Bandit Meta-Strategy,0.001123671644944535
2023-06-06,EXP3 Bandit Meta-Strategy,-0.0013417217941015247
2023-06-07,EXP3 Bandit Meta-Strategy,-0.0001700772151448371
2023-06-08,EXP3 Bandit Meta-Strategy,0.009077142510199643
2023-06-09,EXP3 Bandit Meta-Strategy,0.0020599371337419736
2023-06-12,EXP3 Bandit Meta-Strategy,0.0026692829996040057
2023-06-13,EXP3 Bandit Meta-Strategy,0.005449137409915039
2023-06-14,EXP3 Bandit Meta-Strategy,0.0050832382444387925
2023-06-15,EXP3 Bandit Meta-Strategy,0.009385816639121858
2023-06-16,EXP3 Bandit Meta-Strategy,-0.000972988250001583
2023-06-20,EXP3 Bandit Meta-Strategy,-0.004211027925159039
2023-06-21,EXP3 Bandit Meta-Strategy,-0.001600332223956391
2023-06-22,EXP3 Bandit Meta-Strategy,0.00632877812845134
2023-06-23,EXP3 Bandit Meta-Strategy,-0.005749947723854176
2023-06-26,EXP3 Bandit Meta-Strategy,-0.006790641383463525
2023-06-27,EXP3 Bandit Meta-Strategy,0.003281167478093261
2023-06-28,EXP3 Bandit Meta-Strategy,-0.0005287089001170253
2023-06-29,EXP3 Bandit Meta-Strategy,-0.0004580252664089235
2023-06-30,EXP3 Bandit Meta-Strategy,-0.0005586197835412143
2023-07-03,EXP3 Bandit Meta-Strategy,0.00296544584517644
2023-07-05,EXP3 Bandit Meta-Strategy,0.0003711020602015225
2023-07-06,EXP3 Bandit Meta-Strategy,-0.013570143853445571
2023-07-07,EXP3 Bandit Meta-Strategy,-0.007560613759577506
2023-07-10,EXP3 Bandit Meta-Strategy,0.0006977315917917615
2023-07-11,EXP3 Bandit Meta-Strategy,0.004061640166673319
2023-07-12,EXP3 Bandit Meta-Strategy,0.005877440924132893
2023-07-13,EXP3 Bandit Meta-Strategy,0.006860998717472144
2023-07-14,EXP3 Bandit Meta-Strategy,-5.001714188124229e-05
2023-07-17,EXP3 Bandit Meta-Strategy,-0.0002895509531148921
2023-07-18,EXP3 Bandit Meta-Strategy,0.008384137245830203
2023-07-19,EXP3 Bandit Meta-Strategy,0.007879569808999953
2023-07-20,EXP3 Bandit Meta-Strategy,0.009525839188911256
2023-07-21,EXP3 Bandit Meta-Strategy,0.005266612589178266
2023-07-24,EXP3 Bandit Meta-Strategy,0.006932856426089984
2023-07-25,EXP3 Bandit Meta-Strategy,-0.0021436987465913715
2023-07-26,EXP3 Bandit Meta-Strategy,0.005299557555293655
2023-07-27,EXP3 Bandit Meta-Strategy,-0.007460902850334072
2023-07-28,EXP3 Bandit Meta-Strategy,0.006442238967119707
2023-07-31,EXP3 Bandit Meta-Strategy,-0.0007240685742371245
2023-08-01,EXP3 Bandit Meta-Strategy,-0.002320958729580047
2023-08-02,EXP3 Bandit Meta-Strategy,-0.010734109510644352
2023-08-03,EXP3 Bandit Meta-Strategy,0.002173978157079315
2023-08-04,EXP3 Bandit Meta-Strategy,-0.004526432974095718
2023-08-07,EXP3 Bandit Meta-Strategy,0.01132522047470741
2023-08-08,EXP3 Bandit Meta-Strategy,-0.003406440097302177
2023-08-09,EXP3 Bandit Meta-Strategy,-0.004809150088251224
2023-08-10,EXP3 Bandit Meta-Strategy,0.0016127115654986923
2023-08-11,EXP3 Bandit Meta-Strategy,0.0007309262496926205
2023-08-14,EXP3 Bandit Meta-Strategy,0.0025286477439949717
2023-08-15,EXP3 Bandit Meta-Strategy,-0.012653820415416739
2023-08-16,EXP3 Bandit Meta-Strategy,-0.007685259241130393
2023-08-17,EXP3 Bandit Meta-Strategy,-0.0038488488377030894
2023-08-18,EXP3 Bandit Meta-Strategy,0.0015047423413221406
2023-08-21,EXP3 Bandit Meta-Strategy,0.0027040499241679505
2023-08-22,EXP3 Bandit Meta-Strategy,-0.003771913820167616
2023-08-23,EXP3 Bandit Meta-Strategy,0.0065663170816165906
2023-08-24,EXP3 Bandit Meta-Strategy,-0.01111927895277054
2023-08-25,EXP3 Bandit Meta-Strategy,0.007058470505965975
2023-08-28,EXP3 Bandit Meta-Strategy,0.004058574484289368
2023-08-29,EXP3 Bandit Meta-Strategy,0.011029713574182809
2023-08-30,EXP3 Bandit Meta-Strategy,0.002007276434358829
2023-08-31,EXP3 Bandit Meta-Strategy,-0.0007061899625845358
2023-09-01,EXP3 Bandit Meta-Strategy,0.0010102983903457208
2023-09-05,EXP3 Bandit Meta-Strategy,-0.0042703861570573265
2023-09-06,EXP3 Bandit Meta-Strategy,-0.0069529350273223045
2023-09-07,EXP3 Bandit Meta-Strategy,-0.0019504932269232
2023-09-08,EXP3 Bandit Meta-Strategy,0.0044092166695592905
2023-09-11,EXP3 Bandit Meta-Strategy,0.0046992498963169815
2023-09-12,EXP3 Bandit Meta-Strategy,0.005971324365713793
2023-09-13,EXP3 Bandit Meta-Strategy,-0.0011424609376717854
2023-09-14,EXP3 Bandit Meta-Strategy,0.007522346693960458
2023-09-15,EXP3 Bandit Meta-Strategy,-0.008607252054643855
2023-09-18,EXP3 Bandit Meta-Strategy,-0.0012336224876573487
2023-09-19,EXP3 Bandit Meta-Strategy,-0.004724640891317855
2023-09-20,EXP3 Bandit Meta-Strategy,-0.005039400719516585
2023-09-21,EXP3 Bandit Meta-Strategy,-0.01373368711871914
2023-09-22,EXP3 Bandit Meta-Strategy,-0.005633726741333889
2023-09-25,EXP3 Bandit Meta-Strategy,0.0029474046729562886
2023-09-26,EXP3 Bandit Meta-Strategy,-0.00998050227031988
2023-09-27,EXP3 Bandit Meta-Strategy,0.0018275276032990728
2023-09-28,EXP3 Bandit Meta-Strategy,0.0028504010973307015
2023-09-29,EXP3 Bandit Meta-Strategy,-0.0007135395337432016
2023-10-02,EXP3 Bandit Meta-Strategy,0.0021128492649666875
2023-10-03,EXP3 Bandit Meta-Strategy,-0.010763198248773587
2023-10-04,EXP3 Bandit Meta-Strategy,0.003434659675095597
2023-10-05,EXP3 Bandit Meta-Strategy,-0.006306547951366093
2023-10-06,EXP3 Bandit Meta-Strategy,0.005770344625134705
2023-10-09,EXP3 Bandit Meta-Strategy,0.003571309640729936
2023-10-10,EXP3 Bandit Meta-Strategy,0.0071688709966988284
2023-10-11,EXP3 Bandit Meta-Strategy,-0.0026839671904239637
2023-10-12,EXP3 Bandit Meta-Strategy,-0.0036874360599152833
2023-10-13,EXP3 Bandit Meta-Strategy,-0.003095348637194295
2023-10-16,EXP3 Bandit Meta-Strategy,0.011531803956602138
2023-10-17,EXP3 Bandit Meta-Strategy,-0.0005454547950454192
2023-10-18,EXP3 Bandit Meta-Strategy,-0.011757377342896946
2023-10-19,EXP3 Bandit Meta-Strategy,-0.004206612827537204
2023-10-20,EXP3 Bandit Meta-Strategy,-0.009169578219981434
2023-10-23,EXP3 Bandit Meta-Strategy,0.0002921168308926969
2023-10-24,EXP3 Bandit Meta-Strategy,0.006525350992910184
2023-10-25,EXP3 Bandit Meta-Strategy,-0.006381768678917932
2023-10-26,EXP3 Bandit Meta-Strategy,-0.012605071625355735
2023-10-27,EXP3 Bandit Meta-Strategy,-0.009586215524361452
2023-10-30,EXP3 Bandit Meta-Strategy,0.013979121752609291
2023-10-31,EXP3 Bandit Meta-Strategy,-0.0004273730619451799
2023-11-01,EXP3 Bandit Meta-Strategy,0.007188689751686406
2023-11-02,EXP3 Bandit Meta-Strategy,0.013263005270932382
2023-11-03,EXP3 Bandit Meta-Strategy,0.0033238133771860134
2023-11-06,EXP3 Bandit Meta-Strategy,0.0018630886937611724
2023-11-07,EXP3 Bandit Meta-Strategy,0.001782835793698423
2023-11-08,EXP3 Bandit Meta-Strategy,-0.0028981592630448194
2023-11-09,EXP3 Bandit Meta-Strategy,-0.007730553278445518
2023-11-10,EXP3 Bandit Meta-Strategy,0.008992332946976545
2023-11-13,EXP3 Bandit Meta-Strategy,0.0031081143912856657
2023-11-14,EXP3 Bandit Meta-Strategy,0.00986034405178482
2023-11-15,EXP3 Bandit Meta-Strategy,0.006434798061605962
2023-11-16,EXP3 Bandit Meta-Strategy,-0.013303519777616235
2023-11-17,EXP3 Bandit Meta-Strategy,-0.00022863552078744576
2023-11-20,EXP3 Bandit Meta-Strategy,0.0030326728078775567
2023-11-21,EXP3 Bandit Meta-Strategy,0.0022249887475678243
2023-11-22,EXP3 Bandit Meta-Strategy,0.0011306923531413382
2023-11-24,EXP3 Bandit Meta-Strategy,0.003646966055285805
2023-11-27,EXP3 Bandit Meta-Strategy,-0.0021955326910333417
2023-11-28,EXP3 Bandit Meta-Strategy,0.0038600881253487707
2023-11-29,EXP3 Bandit Meta-Strategy,-0.005035574481269678
2023-11-30,EXP3 Bandit Meta-Strategy,-0.000465918343622862
2023-12-01,EXP3 Bandit Meta-Strategy,-0.002505876544195096
2023-12-04,EXP3 Bandit Meta-Strategy,-0.004923186242531519
2023-12-05,EXP3 Bandit Meta-Strategy,-0.001875693753790597
2023-12-06,EXP3 Bandit Meta-Strategy,-0.006884978347282966
2023-12-07,EXP3 Bandit Meta-Strategy,0.004612003056864822
2023-12-08,EXP3 Bandit Meta-Strategy,0.001898420395383127
2023-12-11,EXP3 Bandit Meta-Strategy,-0.0019641661217907336
2023-12-12,EXP3 Bandit Meta-Strategy,0.0029164850884340066
2023-12-13,EXP3 Bandit Meta-Strategy,0.006608880475283518
2023-12-14,EXP3 Bandit Meta-Strategy,-9.65462655287963e-05
2023-12-15,EXP3 Bandit Meta-Strategy,0.001423927897941768
2023-12-18,EXP3 Bandit Meta-Strategy,0.010054390678879255
2023-12-19,EXP3 Bandit Meta-Strategy,0.007732747080822833
2023-12-20,EXP3 Bandit Meta-Strategy,-0.015723294914305685
2023-12-21,EXP3 Bandit Meta-Strategy,0.009933768114558594
2023-12-22,EXP3 Bandit Meta-Strategy,0.001902316367154322
2023-12-26,EXP3 Bandit Meta-Strategy,0.003431507060722039
2023-12-27,EXP3 Bandit Meta-Strategy,0.002382991749066976
2023-12-28,EXP3 Bandit Meta-Strategy,-0.001666491949690152
2023-12-29,EXP3 Bandit Meta-Strategy,-0.0006769950845737505
2024-01-02,EXP3 Bandit Meta-Strategy,0.010338040760104583
2024-01-03,EXP3 Bandit Meta-Strategy,-0.004750198579875131
2024-01-04,EXP3 Bandit Meta-Strategy,-0.0055364874307175516
2024-01-05,EXP3 Bandit Meta-Strategy,0.003438387048942726
2024-01-08,EXP3 Bandit Meta-Strategy,0.006635021731140389
2024-01-09,EXP3 Bandit Meta-Strategy,-0.004898937540343762
2024-01-10,EXP3 Bandit Meta-Strategy,0.0005928836636044377
2024-01-11,EXP3 Bandit Meta-Strategy,-0.0071341915260557665
2024-01-12,EXP3 Bandit Meta-Strategy,0.0010244341566454374
2024-01-16,EXP3 Bandit Meta-Strategy,-0.0066951510182229335
2024-01-17,EXP3 Bandit Meta-Strategy,-0.005787161091161619
2024-01-18,EXP3 Bandit Meta-Strategy,0.0016267893508512543
2024-01-19,EXP3 Bandit Meta-Strategy,0.005781233314511081
2024-01-22,EXP3 Bandit Meta-Strategy,-0.0010577758289347372
2024-01-23,EXP3 Bandit Meta-Strategy,0.002941178867793548
2024-01-24,EXP3 Bandit Meta-Strategy,0.0019368914095208023
2024-01-25,EXP3 Bandit Meta-Strategy,-0.0094391702439377
2024-01-26,EXP3 Bandit Meta-Strategy,0.0018992489924902767
2024-01-29,EXP3 Bandit Meta-Strategy,0.008819885134712768
2024-01-30,EXP3 Bandit Meta-Strategy,0.0013607443473975245
2024-01-31,EXP3 Bandit Meta-Strategy,-0.0007703895396041771
2024-02-01,EXP3 Bandit Meta-Strategy,0.012202440802620895
2024-02-02,EXP3 Bandit Meta-Strategy,0.006121027282372182
2024-02-05,EXP3 Bandit Meta-Strategy,-0.00419480150271212
2024-02-06,EXP3 Bandit Meta-Strategy,0.0065376889258315085
2024-02-07,EXP3 Bandit Meta-Strategy,0.005045275394840232
2024-02-08,EXP3 Bandit Meta-Strategy,0.001064397638575576
2024-02-09,EXP3 Bandit Meta-Strategy,0.0010527818948258272
2024-02-12,EXP3 Bandit Meta-Strategy,0.0008020714491243641
2024-02-13,EXP3 Bandit Meta-Strategy,-0.01050585695007955
2024-02-14,EXP3 Bandit Meta-Strategy,0.0032714490508714
2024-02-15,EXP3 Bandit Meta-Strategy,0.008916027666766135
2024-02-16,EXP3 Bandit Meta-Strategy,-0.001816936922776402
2024-02-20,EXP3 Bandit Meta-Strategy,0.003926674188585055
2024-02-21,EXP3 Bandit Meta-Strategy,0.0015118234357689442
2024-02-22,EXP3 Bandit Meta-Strategy,0.01522630585949769
2024-02-23,EXP3 Bandit Meta-Strategy,0.00012251795126849707
2024-02-26,EXP3 Bandit Meta-Strategy,-0.12207901953189793
2024-02-27,EXP3 Bandit Meta-Strategy,0.0005314401320177797
2024-02-28,EXP3 Bandit Meta-Strategy,0.0013266273555843089
2024-02-29,EXP3 Bandit Meta-Strategy,-0.0004261068258581968
2024-03-01,EXP3 Bandit Meta-Strategy,0.0035779499163022255
2024-03-04,EXP3 Bandit Meta-Strategy,-0.005135775648961172
2024-03-05,EXP3 Bandit Meta-Strategy,-0.0035886580680637437
2024-03-06,EXP3 Bandit Meta-Strategy,0.004103982792823757
2024-03-07,EXP3 Bandit Meta-Strategy,0.003470735205422626
2024-03-08,EXP3 Bandit Meta-Strategy,-0.0011030786837306072
2024-03-11,EXP3 Bandit Meta-Strategy,0.00637604283273574
2024-03-12,EXP3 Bandit Meta-Strategy,0.009002790595405985
2024-03-13,EXP3 Bandit Meta-Strategy,0.0007486662673814592
2024-03-14,EXP3 Bandit Meta-Strategy,-0.004123341830188032
2024-03-15,EXP3 Bandit Meta-Strategy,-0.0064413695634654156
2024-03-18,EXP3 Bandit Meta-Strategy,0.005219085762223408
2024-03-19,EXP3 Bandit Meta-Strategy,0.003224425474837256
2024-03-20,EXP3 Bandit Meta-Strategy,0.006890715603051989
2024-03-21,EXP3 Bandit Meta-Strategy,0.0001839724142151944
2024-03-22,EXP3 Bandit Meta-Strategy,-0.002695685662227887
2024-03-25,EXP3 Bandit Meta-Strategy,-0.0015405154837356827
2024-03-26,EXP3 Bandit Meta-Strategy,-0.0004818584433153861
2024-03-27,EXP3 Bandit Meta-Strategy,0.006542996903132092
2024-03-28,EXP3 Bandit Meta-Strategy,-0.00018613952868595796
2024-04-01,EXP3 Bandit Meta-Strategy,-0.0028698506200787177
2024-04-02,EXP3 Bandit Meta-Strategy,-0.003484635617141185
2024-04-03,EXP3 Bandit Meta-Strategy,-0.006073702991393204
2024-04-04,EXP3 Bandit Meta-Strategy,-0.009051889635734667
2024-04-05,EXP3 Bandit Meta-Strategy,0.008047760877584187
2024-04-08,EXP3 Bandit Meta-Strategy,-0.000973471111201829
2024-04-09,EXP3 Bandit Meta-Strategy,0.001922848454976922
2024-04-10,EXP3 Bandit Meta-Strategy,-0.005548052678451376
2024-04-11,EXP3 Bandit Meta-Strategy,0.003722635769917826
2024-04-12,EXP3 Bandit Meta-Strategy,-0.01417149905441728
2024-04-15,EXP3 Bandit Meta-Strategy,-0.00984395937533411
2024-04-16,EXP3 Bandit Meta-Strategy,-0.00494338000434924
2024-04-17,EXP3 Bandit Meta-Strategy,-0.0031260259433276705
2024-04-18,EXP3 Bandit Meta-Strategy,-0.0004488005340391732
2024-04-19,EXP3 Bandit Meta-Strategy,-0.0029693413204509023
2024-04-22,EXP3 Bandit Meta-Strategy,0.008606424657278344
2024-04-23,EXP3 Bandit Meta-Strategy,0.008974287520386204
2024-04-24,EXP3 Bandit Meta-Strategy,0.0035095717156199413
2024-04-25,EXP3 Bandit Meta-Strategy,-0.005453197320548608
2024-04-26,EXP3 Bandit Meta-Strategy,0.0030164895365958344
2024-04-29,EXP3 Bandit Meta-Strategy,0.007259613270900855
2024-04-30,EXP3 Bandit Meta-Strategy,-0.00017147367650605094
2024-05-01,EXP3 Bandit Meta-Strategy,0.006832160730860792
2024-05-02,EXP3 Bandit Meta-Strategy,0.007686987160617109
2024-05-03,EXP3 Bandit Meta-Strategy,0.008314725149970448
2024-05-06,EXP3 Bandit Meta-Strategy,0.009633005510695014
2024-05-07,EXP3 Bandit Meta-Strategy,-0.0032485937463349046
2024-05-08,EXP3 Bandit Meta-Strategy,0.0014674582637106415
2024-05-09,EXP3 Bandit Meta-Strategy,0.0038361891348905885
2024-05-10,EXP3 Bandit Meta-Strategy,0.0004626645629874915
2024-05-13,EXP3 Bandit Meta-Strategy,0.002084022711914102
2024-05-14,EXP3 Bandit Meta-Strategy,0.0013288429718338879
2024-05-15,EXP3 Bandit Meta-Strategy,0.007535761384667161
2024-05-16,EXP3 Bandit Meta-Strategy,0.004337158867446789
2024-05-17,EXP3 Bandit Meta-Strategy,0.0015689768884257216
2024-05-20,EXP3 Bandit Meta-Strategy,-0.005865777324475241
2024-05-21,EXP3 Bandit Meta-Strategy,0.00556339055168964
2024-05-22,EXP3 Bandit Meta-Strategy,6.01572888097035e-05
2024-05-23,EXP3 Bandit Meta-Strategy,-0.009752187627746545
2024-05-24,EXP3 Bandit Meta-Strategy,0.005263097957768581
2024-05-28,EXP3 Bandit Meta-Strategy,-0.0009109659849061424
2024-05-29,EXP3 Bandit Meta-Strategy,-0.004650502799431355
2024-05-30,EXP3 Bandit Meta-Strategy,-0.0011392737714788215
2024-05-31,EXP3 Bandit Meta-Strategy,-0.0002350346060738806
2024-06-03,EXP3 Bandit Meta-Strategy,0.0018152535280626658
2024-06-04,EXP3 Bandit Meta-Strategy,0.0034621914750652127
2024-06-05,EXP3 Bandit Meta-Strategy,0.007217497693532193
2024-06-06,EXP3 Bandit Meta-Strategy,0.0018907512524857228
2024-06-07,EXP3 Bandit Meta-Strategy,-0.003071466573282833
2024-06-10,EXP3 Bandit Meta-Strategy,-0.056614404593686496
2024-06-11,EXP3 Bandit Meta-Strategy,0.0003126735707428274
2024-06-12,EXP3 Bandit Meta-Strategy,-0.0008743977935873337
2024-06-13,EXP3 Bandit Meta-Strategy,0.0018618129032494934
2024-06-14,EXP3 Bandit Meta-Strategy,-0.001055186654651874
2024-06-17,EXP3 Bandit Meta-Strategy,0.006348932526739404
2024-06-18,EXP3 Bandit Meta-Strategy,0.0018630158096095695
2024-06-20,EXP3 Bandit Meta-Strategy,0.002496481495796843
2024-06-21,EXP3 Bandit Meta-Strategy,0.0016596423218491196
2024-06-24,EXP3 Bandit Meta-Strategy,0.0043109305673829645
2024-06-25,EXP3 Bandit Meta-Strategy,-0.0014653191797115994
2024-06-26,EXP3 Bandit Meta-Strategy,0.005197743005564082
2024-06-27,EXP3 Bandit Meta-Strategy,6.139110377523238e-05
2024-06-28,EXP3 Bandit Meta-Strategy,-0.00019164295113294205
2024-07-01,EXP3 Bandit Meta-Strategy,0.0028047761014280415
2024-07-02,EXP3 Bandit Meta-Strategy,0.008838858067659938
2024-07-03,EXP3 Bandit Meta-Strategy,0.005926400393471809
2024-07-05,EXP3 Bandit Meta-Strategy,0.007743290312436812
2024-07-08,EXP3 Bandit Meta-Strategy,-0.0031630900080623636
2024-07-09,EXP3 Bandit Meta-Strategy,0.0020394166931880786
2024-07-10,EXP3 Bandit Meta-Strategy,0.006252890314689674
2024-07-11,EXP3 Bandit Meta-Strategy,-0.012119701273209826
2024-07-12,EXP3 Bandit Meta-Strategy,0.0035226205025364887
2024-07-15,EXP3 Bandit Meta-Strategy,0.0033950396623423362
2024-07-16,EXP3 Bandit Meta-Strategy,0.007608230995104881
2024-07-17,EXP3 Bandit Meta-Strategy,0.00015831100102725593
2024-07-18,EXP3 Bandit Meta-Strategy,-0.0056168363872164395
2024-07-19,EXP3 Bandit Meta-Strategy,-0.007860086057432825
2024-07-22,EXP3 Bandit Meta-Strategy,0.005060341104979882
2024-07-23,EXP3 Bandit Meta-Strategy,-0.006435716806570735
2024-07-24,EXP3 Bandit Meta-Strategy,-0.016211032694487648
2024-07-25,EXP3 Bandit Meta-Strategy,-0.0007444991722390659
2024-07-26,EXP3 Bandit Meta-Strategy,0.009937290170695778
2024-07-29,EXP3 Bandit Meta-Strategy,0.0017954261961687923
2024-07-30,EXP3 Bandit Meta-Strategy,-0.0024490036595276043
2024-07-31,EXP3 Bandit Meta-Strategy,-0.00039462547903557077
2024-08-01,EXP3 Bandit Meta-Strategy,-0.0035501942930405983
2024-08-02,EXP3 Bandit Meta-Strategy,-0.010346656256068676
2024-08-05,EXP3 Bandit Meta-Strategy,-0.026730102806873823
2024-08-06,EXP3 Bandit Meta-Strategy,0.008261202973746995
2024-08-07,EXP3 Bandit Meta-Strategy,-0.008864977990736711
2024-08-08,EXP3 Bandit Meta-Strategy,0.018566925414964297
2024-08-09,EXP3 Bandit Meta-Strategy,0.0036549220036796726
2024-08-12,EXP3 Bandit Meta-Strategy,-0.00021654365701562206
2024-08-13,EXP3 Bandit Meta-Strategy,0.01172035150646411
2024-08-14,EXP3 Bandit Meta-Strategy,0.005115726330799042
2024-08-15,EXP3 Bandit Meta-Strategy,0.018587820812118627
2024-08-16,EXP3 Bandit Meta-Strategy,0.0025441546983293595
2024-08-19,EXP3 Bandit Meta-Strategy,0.010384507929483977
2024-08-20,EXP3 Bandit Meta-Strategy,-0.0014390473895734557
2024-08-21,EXP3 Bandit Meta-Strategy,0.0042657021989775945
2024-08-22,EXP3 Bandit Meta-Strategy,-0.008137507688693923
2024-08-23,EXP3 Bandit Meta-Strategy,0.009158997226556886
2024-08-26,EXP3 Bandit Meta-Strategy,0.00048620379418062853
2024-08-27,EXP3 Bandit Meta-Strategy,-0.0010365260922932107
2024-08-28,EXP3 Bandit Meta-Strategy,-0.006631734457261507
2024-08-29,EXP3 Bandit Meta-Strategy,-4.1990061939500833e-05
2024-08-30,EXP3 Bandit Meta-Strategy,-0.0004441408012989534
2024-09-03,EXP3 Bandit Meta-Strategy,-0.01510720773814167
2024-09-04,EXP3 Bandit Meta-Strategy,0.00036886081638209944
2024-09-05,EXP3 Bandit Meta-Strategy,0.0004751602609578409
2024-09-06,EXP3 Bandit Meta-Strategy,-0.016602939043863008
2024-09-09,EXP3 Bandit Meta-Strategy,0.014563313484871943
2024-09-10,EXP3 Bandit Meta-Strategy,0.0031904818351597974
2024-09-11,EXP3 Bandit Meta-Strategy,0.00461161714716396
2024-09-12,EXP3 Bandit Meta-Strategy,0.00675888884969722
2024-09-13,EXP3 Bandit Meta-Strategy,0.004801920640720159
2024-09-16,EXP3 Bandit Meta-Strategy,0.0065553571596883575
2024-09-17,EXP3 Bandit Meta-Strategy,0.0025121740644156176
2024-09-18,EXP3 Bandit Meta-Strategy,-0.0034529200952542194
2024-09-19,EXP3 Bandit Meta-Strategy,0.01114964682723163
2024-09-20,EXP3 Bandit Meta-Strategy,-0.000643818087592396
2024-09-23,EXP3 Bandit Meta-Strategy,0.004399952779331251
2024-09-24,EXP3 Bandit Meta-Strategy,0.0005821759968362983
2024-09-25,EXP3 Bandit Meta-Strategy,-0.0027393241039024296
2024-09-26,EXP3 Bandit Meta-Strategy,-0.0002341105760540474
2024-09-27,EXP3 Bandit Meta-Strategy,0.0034699828202706673
2024-09-30,EXP3 Bandit Meta-Strategy,-0.00024085383681804462
2024-10-01,EXP3 Bandit Meta-Strategy,-0.0036866258921134376
2024-10-02,EXP3 Bandit Meta-Strategy,-0.0018646222090041853
2024-10-03,EXP3 Bandit Meta-Strategy,-0.0016839369237036106
2024-10-04,EXP3 Bandit Meta-Strategy,0.008980883217180269
2024-10-07,EXP3 Bandit Meta-Strategy,-0.010818166151576492
2024-10-08,EXP3 Bandit Meta-Strategy,0.007016929954702489
2024-10-09,EXP3 Bandit Meta-Strategy,0.006123981203398854
2024-10-10,EXP3 Bandit Meta-Strategy,-0.0028119663916491566
2024-10-11,EXP3 Bandit Meta-Strategy,0.004188745181959774
2024-10-14,EXP3 Bandit Meta-Strategy,0.0054037995804807615
2024-10-15,EXP3 Bandit Meta-Strategy,-0.0029057114534321027
2024-10-16,EXP3 Bandit Meta-Strategy,0.00497520917728278
2024-10-17,EXP3 Bandit Meta-Strategy,-0.002431149652516895
2024-10-18,EXP3 Bandit Meta-Strategy,0.007809753544495868
2024-10-21,EXP3 Bandit Meta-Strategy,-0.003593444960098724
2024-10-22,EXP3 Bandit Meta-Strategy,0.0014764561706808177
2024-10-23,EXP3 Bandit Meta-Strategy,-0.008132978398426971
2024-10-24,EXP3 Bandit Meta-Strategy,0.004268822356731317
2024-10-25,EXP3 Bandit Meta-Strategy,-0.0020320595005748343
2024-10-28,EXP3 Bandit Meta-Strategy,0.003228710247435984
2024-10-29,EXP3 Bandit Meta-Strategy,-0.003644269461736349
2024-10-30,EXP3 Bandit Meta-Strategy,0.00024301078298361034
2024-10-31,EXP3 Bandit Meta-Strategy,-0.00033150577122720293
2024-11-01,EXP3 Bandit Meta-Strategy,0.0007559908161203222
2024-11-04,EXP3 Bandit Meta-Strategy,-0.0009982342943901656
2024-11-05,EXP3 Bandit Meta-Strategy,0.008842844552893858
2024-11-06,EXP3 Bandit Meta-Strategy,0.009140752710644184
2024-11-07,EXP3 Bandit Meta-Strategy,0.009120095944145756
2024-11-08,EXP3 Bandit Meta-Strategy,0.006038824464166481
2024-11-11,EXP3 Bandit Meta-Strategy,0.001128643021613751
2024-11-12,EXP3 Bandit Meta-Strategy,-0.002790162388593309
2024-11-13,EXP3 Bandit Meta-Strategy,0.004563371628191648
2024-11-14,EXP3 Bandit Meta-Strategy,-0.003623209598219823
2024-11-15,EXP3 Bandit Meta-Strategy,-0.003534723611169577
2024-11-18,EXP3 Bandit Meta-Strategy,0.006054878357560911
2024-11-19,EXP3 Bandit Meta-Strategy,0.004352172082191297
2024-11-20,EXP3 Bandit Meta-Strategy,-5.908539392529555e-05
2024-11-21,EXP3 Bandit Meta-Strategy,0.006823005098394841
2024-11-22,EXP3 Bandit Meta-Strategy,0.007712712879710537
2024-11-25,EXP3 Bandit Meta-Strategy,0.0011737718424920107
2024-11-26,EXP3 Bandit Meta-Strategy,0.0035705696073560222
2024-11-27,EXP3 Bandit Meta-Strategy,-0.0005750626586455976
2024-11-29,EXP3 Bandit Meta-Strategy,-0.0004221405689763813
2024-12-02,EXP3 Bandit Meta-Strategy,0.003126173352792083
2024-12-03,EXP3 Bandit Meta-Strategy,-0.0031367538624519353
2024-12-04,EXP3 Bandit Meta-Strategy,-0.00274527049767348
2024-12-05,EXP3 Bandit Meta-Strategy,0.003114523658003021
2024-12-06,EXP3 Bandit Meta-Strategy,0.0022735471730661594
2024-12-09,EXP3 Bandit Meta-Strategy,-0.009265644233955261
2024-12-10,EXP3 Bandit Meta-Strategy,0.0029739123909495735
2024-12-11,EXP3 Bandit Meta-Strategy,0.004390662800721312
2024-12-12,EXP3 Bandit Meta-Strategy,-0.0030256659305825107
2024-12-13,EXP3 Bandit Meta-Strategy,-0.0033425880268694863
2024-12-16,EXP3 Bandit Meta-Strategy,-0.001786173165820193
2024-12-17,EXP3 Bandit Meta-Strategy,0.003341395304917061
2024-12-18,EXP3 Bandit Meta-Strategy,-0.02203783825960315
2024-12-19,EXP3 Bandit Meta-Strategy,-0.0001837859793033525
2024-12-20,EXP3 Bandit Meta-Strategy,0.0037723566803526953
2024-12-23,EXP3 Bandit Meta-Strategy,0.004281011671292134
2024-12-24,EXP3 Bandit Meta-Strategy,0.010985986218056354
2024-12-26,EXP3 Bandit Meta-Strategy,-0.0010828734834161802
2024-12-27,EXP3 Bandit Meta-Strategy,-0.008166809472189396
2024-12-30,EXP3 Bandit Meta-Strategy,-0.010424793715889002
2024-12-31,EXP3 Bandit Meta-Strategy,-0.000492007176590481
2025-01-02,EXP3 Bandit Meta-Strategy,-0.00530236594366118
2025-01-03,EXP3 Bandit Meta-Strategy,0.004728736968543368
2025-01-06,EXP3 Bandit Meta-Strategy,-0.0030085549661393873
2025-01-07,EXP3 Bandit Meta-Strategy,-0.0012879505653941026
2025-01-08,EXP3 Bandit Meta-Strategy,-0.003070022869068656
2025-01-10,EXP3 Bandit Meta-Strategy,-0.012037653636816859
2025-01-13,EXP3 Bandit Meta-Strategy,0.005243613934608815
2025-01-14,EXP3 Bandit Meta-Strategy,1.1765586019230057e-05
2025-01-15,EXP3 Bandit Meta-Strategy,0.013157845908033705
2025-01-16,EXP3 Bandit Meta-Strategy,-0.00033937681556595045
2025-01-17,EXP3 Bandit Meta-Strategy,0.007070877715565249
2025-01-21,EXP3 Bandit Meta-Strategy,0.0036061767767865405
2025-01-22,EXP3 Bandit Meta-Strategy,0.003859858854266651
2025-01-23,EXP3 Bandit Meta-Strategy,0.007829304551911553
2025-01-24,EXP3 Bandit Meta-Strategy,-0.0030412264600329086
2025-01-27,EXP3 Bandit Meta-Strategy,0.014255266646079345
2025-01-28,EXP3 Bandit Meta-Strategy,-0.005314126226486082
2025-01-29,EXP3 Bandit Meta-Strategy,0.0010450225649565326
2025-01-30,EXP3 Bandit Meta-Strategy,0.00793557597573269
2025-01-31,EXP3 Bandit Meta-Strategy,-0.0003343912794171455
2025-02-03,EXP3 Bandit Meta-Strategy,-0.0001573859864248961
2025-02-04,EXP3 Bandit Meta-Strategy,0.006874210523102331
2025-02-05,EXP3 Bandit Meta-Strategy,0.006400952961087114
2025-02-06,EXP3 Bandit Meta-Strategy,0.0009314894899294934
2025-02-07,EXP3 Bandit Meta-Strategy,-0.003732617580397335
2025-02-10,EXP3 Bandit Meta-Strategy,0.008088090270228943
2025-02-11,EXP3 Bandit Meta-Strategy,0.008159615470529458
2025-02-12,EXP3 Bandit Meta-Strategy,-0.0015068060551215456
2025-02-13,EXP3 Bandit Meta-Strategy,0.012481134365581292
2025-02-14,EXP3 Bandit Meta-Strategy,-0.006819816297751413
2025-02-18,EXP3 Bandit Meta-Strategy,0.0014211900803433597
2025-02-19,EXP3 Bandit Meta-Strategy,0.006356235028456503
2025-02-20,EXP3 Bandit Meta-Strategy,-0.005070062514860529
2025-02-21,EXP3 Bandit Meta-Strategy,-0.0032566441522912104
2025-02-24,EXP3 Bandit Meta-Strategy,-0.004193752438920617
2025-02-25,EXP3 Bandit Meta-Strategy,0.0024350752575794665
2025-02-26,EXP3 Bandit Meta-Strategy,-0.004805501890092989
2025-02-27,EXP3 Bandit Meta-Strategy,-0.006589224594797827
2025-02-28,EXP3 Bandit Meta-Strategy,-0.0008981351045524999
2025-03-03,EXP3 Bandit Meta-Strategy,-0.013524339124056706
2025-03-04,EXP3 Bandit Meta-Strategy,-0.01974918742882592
2025-03-05,EXP3 Bandit Meta-Strategy,0.010845241378323989
2025-03-06,EXP3 Bandit Meta-Strategy,-0.028338682861762776
2025-03-07,EXP3 Bandit Meta-Strategy,-0.006107569042611005
2025-03-10,EXP3 Bandit Meta-Strategy,-0.040081633423745044
2025-03-11,EXP3 Bandit Meta-Strategy,0.0013056313217540971
2025-03-12,EXP3 Bandit Meta-Strategy,0.008078550666283935
2025-03-13,EXP3 Bandit Meta-Strategy,-0.015807226571199262
2025-03-14,EXP3 Bandit Meta-Strategy,0.020274143230636588
2025-03-17,EXP3 Bandit Meta-Strategy,0.006070069767776909
2025-03-18,EXP3 Bandit Meta-Strategy,-0.017152770187820132
2025-03-19,EXP3 Bandit Meta-Strategy,0.01658772352754978
2025-03-20,EXP3 Bandit Meta-Strategy,-0.0021913086539046
2025-03-21,EXP3 Bandit Meta-Strategy,0.009009814983575115
2025-03-24,EXP3 Bandit Meta-Strategy,0.026113374123318378
2025-03-25,EXP3 Bandit Meta-Strategy,0.003810528107604849
2025-03-26,EXP3 Bandit Meta-Strategy,-0.01302125954087019
2025-03-27,EXP3 Bandit Meta-Strategy,0.002165337783757826
2025-03-28,EXP3 Bandit Meta-Strategy,-0.02050428675281024
2025-03-31,EXP3 Bandit Meta-Strategy,-0.0003746846462929776
2025-04-01,EXP3 Bandit Meta-Strategy,-0.0017435382590553772
2025-04-02,EXP3 Bandit Meta-Strategy,0.008528834588742207
2025-04-03,EXP3 Bandit Meta-Strategy,-0.03093679050846443
2025-04-04,EXP3 Bandit Meta-Strategy,-0.059316374999508925
2025-04-07,EXP3 Bandit Meta-Strategy,-0.004631257516926501
2025-04-08,EXP3 Bandit Meta-Strategy,-0.015753210511678772
2025-04-09,EXP3 Bandit Meta-Strategy,0.0868957312221128
2025-04-10,EXP3 Bandit Meta-Strategy,-0.02720369868985817
2025-04-11,EXP3 Bandit Meta-Strategy,0.016257870764693205
2025-04-14,EXP3 Bandit Meta-Strategy,0.008520537791489424
2025-04-15,EXP3 Bandit Meta-Strategy,0.003289795261566475
2025-04-16,EXP3 Bandit Meta-Strategy,-0.021557459114933564
2025-04-17,EXP3 Bandit Meta-Strategy,0.010486262359487242
2025-04-21,EXP3 Bandit Meta-Strategy,-0.016463827649335405
2025-04-22,EXP3 Bandit Meta-Strategy,0.027845767646796915
2025-04-23,EXP3 Bandit Meta-Strategy,0.00955856036708358
2025-04-24,EXP3 Bandit Meta-Strategy,0.015143182183993797
2025-04-25,EXP3 Bandit Meta-Strategy,0.01202386578071768
2025-04-28,EXP3 Bandit Meta-Strategy,0.0011470159614690445
2025-04-29,EXP3 Bandit Meta-Strategy,0.00894992818417295
2025-04-30,EXP3 Bandit Meta-Strategy,-0.0007014648785261812
2025-05-01,EXP3 Bandit Meta-Strategy,-0.0019379403903511117
2025-05-02,EXP3 Bandit Meta-Strategy,0.01258404233644339
2025-05-05,EXP3 Bandit Meta-Strategy,-0.008097287742807269
2025-05-06,EXP3 Bandit Meta-Strategy,-0.0033243070866199043
2025-05-07,EXP3 Bandit Meta-Strategy,0.005776497741110331
2025-05-08,EXP3 Bandit Meta-Strategy,2.6083559656164823e-05
2025-05-09,EXP3 Bandit Meta-Strategy,-0.0033766849846581515
2025-05-12,EXP3 Bandit Meta-Strategy,0.018352093511624368
2025-05-13,EXP3 Bandit Meta-Strategy,-0.0009267576337407268
2025-05-14,EXP3 Bandit Meta-Strategy,0.004123448903703197
2025-05-15,EXP3 Bandit Meta-Strategy,0.011993034656657464
2025-05-16,EXP3 Bandit Meta-Strategy,0.007505442436823495
2025-05-19,EXP3 Bandit Meta-Strategy,0.00041000476948527265
2025-05-20,EXP3 Bandit Meta-Strategy,-0.0013606815628287583
2025-05-21,EXP3 Bandit Meta-Strategy,-0.006251181502678227
2025-05-22,EXP3 Bandit Meta-Strategy,-0.001045866942164353
2025-05-23,EXP3 Bandit Meta-Strategy,-0.001693581082605089
2025-05-27,EXP3 Bandit Meta-Strategy,0.015760912820251383
2025-05-28,EXP3 Bandit Meta-Strategy,-0.006166943612351927
2025-05-29,EXP3 Bandit Meta-Strategy,0.005113641618738063
2025-05-30,EXP3 Bandit Meta-Strategy,-0.00022455113713870656
2025-06-02,EXP3 Bandit Meta-Strategy,0.00030281934656217757
2025-06-03,EXP3 Bandit Meta-Strategy,-0.0021111424831751213
2025-06-04,EXP3 Bandit Meta-Strategy,-0.0014192253181053438
2025-06-05,EXP3 Bandit Meta-Strategy,-0.00868852216089211
2025-06-06,EXP3 Bandit Meta-Strategy,0.010961447782475764
2025-06-09,EXP3 Bandit Meta-Strategy,0.003087020695683451
2025-06-10,EXP3 Bandit Meta-Strategy,0.008517735243751323
2025-06-11,EXP3 Bandit Meta-Strategy,-0.0031077915911472687
2025-06-12,EXP3 Bandit Meta-Strategy,0.002750537338138681
2025-06-13,EXP3 Bandit Meta-Strategy,-0.00711166167493571
2025-06-16,EXP3 Bandit Meta-Strategy,0.001614539043679697
2025-06-17,EXP3 Bandit Meta-Strategy,-0.00955900701689505
2025-06-18,EXP3 Bandit Meta-Strategy,-0.005420819793950704
2025-06-20,EXP3 Bandit Meta-Strategy,-0.0027556524322197573
2025-06-23,EXP3 Bandit Meta-Strategy,0.009210102527663855
2025-06-24,EXP3 Bandit Meta-Strategy,0.0041794039773019875
2025-06-25,EXP3 Bandit Meta-Strategy,-7.573579030561994e-05
2025-06-26,EXP3 Bandit Meta-Strategy,0.004563000499148595
2025-06-27,EXP3 Bandit Meta-Strategy,0.008092938254357751
2025-06-30,EXP3 Bandit Meta-Strategy,-0.00039360261226839555
2025-07-01,EXP3 Bandit Meta-Strategy,0.0027787458037471513
2025-07-02,EXP3 Bandit Meta-Strategy,0.004061662144875466
2025-07-03,EXP3 Bandit Meta-Strategy,0.006159351221132647
2025-07-07,EXP3 Bandit Meta-Strategy,-0.008783081275260285
2025-07-08,EXP3 Bandit Meta-Strategy,-0.004515510317773086
2025-07-09,EXP3 Bandit Meta-Strategy,0.002306386059603538
2025-07-10,EXP3 Bandit Meta-Strategy,0.0038886240249755843
2025-07-11,EXP3 Bandit Meta-Strategy,-0.00259074006185267
2025-07-14,EXP3 Bandit Meta-Strategy,-0.00099665594632381
2025-07-15,EXP3 Bandit Meta-Strategy,-0.006280551271839907
2025-07-16,EXP3 Bandit Meta-Strategy,0.008922950833220034
2025-07-17,EXP3 Bandit Meta-Strategy,0.004789306834980911
2025-07-18,EXP3 Bandit Meta-Strategy,-0.0033539542865448357
2025-07-21,EXP3 Bandit Meta-Strategy,0.004926896479858556
2025-07-22,EXP3 Bandit Meta-Strategy,0.005007391504531444
2025-07-23,EXP3 Bandit Meta-Strategy,0.003913910870044113
2025-07-24,EXP3 Bandit Meta-Strategy,-0.0008862015612211005
2025-07-25,EXP3 Bandit Meta-Strategy,0.0011637001489168686
2025-07-28,EXP3 Bandit Meta-Strategy,-0.0022766580386481827
2025-07-29,EXP3 Bandit Meta-Strategy,0.0019347408854450965
2025-07-30,EXP3 Bandit Meta-Strategy,-0.0052719804760267275
2025-07-31,EXP3 Bandit Meta-Strategy,-0.0006233134457003242
2025-08-01,EXP3 Bandit Meta-Strategy,0.0025614323429727914
2025-08-04,EXP3 Bandit Meta-Strategy,0.011765244367619943
2025-08-05,EXP3 Bandit Meta-Strategy,0.0006097285403510178
2025-08-06,EXP3 Bandit Meta-Strategy,0.00823376396636899
2025-08-07,EXP3 Bandit Meta-Strategy,0.0041361035183244965
2025-08-08,EXP3 Bandit Meta-Strategy,0.007858295833566675
2025-08-11,EXP3 Bandit Meta-Strategy,0.0034285589345195433
2025-08-12,EXP3 Bandit Meta-Strategy,0.004422808126951283
2025-08-13,EXP3 Bandit Meta-Strategy,0.004701248790975221
2025-08-14,EXP3 Bandit Meta-Strategy,-0.005001200098204706
2025-08-15,EXP3 Bandit Meta-Strategy,0.0014679803953867587
2025-08-18,EXP3 Bandit Meta-Strategy,-0.0015105114484782467
2025-08-19,EXP3 Bandit Meta-Strategy,0.00823156187539631
2025-08-20,EXP3 Bandit Meta-Strategy,0.0010250719296753807
2025-08-21,EXP3 Bandit Meta-Strategy,-0.004479526955205149
2025-08-22,EXP3 Bandit Meta-Strategy,0.010308415721964836
2025-08-25,EXP3 Bandit Meta-Strategy,-0.007369391291436322
2025-08-26,EXP3 Bandit Meta-Strategy,-0.0018459419460685744
2025-08-27,EXP3 Bandit Meta-Strategy,0.002263668312608935
2025-08-28,EXP3 Bandit Meta-Strategy,-0.003925449446419704
2025-08-29,EXP3 Bandit Meta-Strategy,-0.0005476577683468653
2025-09-02,EXP3 Bandit Meta-Strategy,-0.0006649886423728546
2025-09-03,EXP3 Bandit Meta-Strategy,0.005072490449461231
2025-09-04,EXP3 Bandit Meta-Strategy,0.005919992746586944
2025-09-05,EXP3 Bandit Meta-Strategy,-0.004486141972398383
2025-09-08,EXP3 Bandit Meta-Strategy,-0.0010145741175445755
2025-09-09,EXP3 Bandit Meta-Strategy,0.0038183256483541594
2025-09-10,EXP3 Bandit Meta-Strategy,-0.004661949840865209
2025-09-11,EXP3 Bandit Meta-Strategy,0.00798325344681361
2025-09-12,EXP3 Bandit Meta-Strategy,-0.0006606068290695433
2025-09-15,EXP3 Bandit Meta-Strategy,0.0034326392984438403
2025-09-16,EXP3 Bandit Meta-Strategy,0.0017088660698905134
2025-09-17,EXP3 Bandit Meta-Strategy,0.005532952758021681
2025-09-18,EXP3 Bandit Meta-Strategy,-0.006525708945142594
2025-09-19,EXP3 Bandit Meta-Strategy,0.0031719945490578105
2025-09-22,EXP3 Bandit Meta-Strategy,-0.0018243381740081777
2025-09-23,EXP3 Bandit Meta-Strategy,-0.0026013424411462926
2025-09-24,EXP3 Bandit Meta-Strategy,-0.00025378677636322955
2025-09-25,EXP3 Bandit Meta-Strategy,-0.003397555446513434
2025-09-26,EXP3 Bandit Meta-Strategy,0.005327914839991399
2025-09-29,EXP3 Bandit Meta-Strategy,0.002618850465055722
2025-09-30,EXP3 Bandit Meta-Strategy,-0.0002108760444832214
2025-10-01,EXP3 Bandit Meta-Strategy,0.0017868436659245202
2025-10-02,EXP3 Bandit Meta-Strategy,-0.004831267877317802
2025-10-03,EXP3 Bandit Meta-Strategy,0.003003730295475293
2025-10-06,EXP3 Bandit Meta-Strategy,0.0009735605945686565
2025-10-07,EXP3 Bandit Meta-Strategy,-7.671250890628478e-05
2025-10-08,EXP3 Bandit Meta-Strategy,-0.0009177175415111538
2025-10-09,EXP3 Bandit Meta-Strategy,-0.0017887187961012074
2025-10-10,EXP3 Bandit Meta-Strategy,-0.01570227056760154
2025-10-13,EXP3 Bandit Meta-Strategy,0.008473950457472679
2025-10-14,EXP3 Bandit Meta-Strategy,0.002816784944664086
2025-10-15,EXP3 Bandit Meta-Strategy,0.0019668297493085074
2025-10-16,EXP3 Bandit Meta-Strategy,-0.005499958326055654
2025-10-17,EXP3 Bandit Meta-Strategy,0.010912437646645179
2025-10-20,EXP3 Bandit Meta-Strategy,0.007800713611258114
2025-10-21,EXP3 Bandit Meta-Strategy,0.0028472148696545574
2025-10-22,EXP3 Bandit Meta-Strategy,-0.005540641582173267
2025-10-23,EXP3 Bandit Meta-Strategy,0.0014271407261716718
2025-10-24,EXP3 Bandit Meta-Strategy,0.0010905821395272852
2025-10-27,EXP3 Bandit Meta-Strategy,0.008361563037458497
2025-10-28,EXP3 Bandit Meta-Strategy,0.0008965897571933112
2025-10-29,EXP3 Bandit Meta-Strategy,-0.003319966723138612
2025-10-30,EXP3 Bandit Meta-Strategy,-0.0047659298575896125
2025-10-31,EXP3 Bandit Meta-Strategy,-0.00024050784060192232
2025-11-03,EXP3 Bandit Meta-Strategy,-0.004148966030326773
2025-11-04,EXP3 Bandit Meta-Strategy,-0.004849415722974482
2025-11-05,EXP3 Bandit Meta-Strategy,-0.0005722380489570078
2025-11-06,EXP3 Bandit Meta-Strategy,-0.0045330897596561615
2025-11-07,EXP3 Bandit Meta-Strategy,0.0014082870566363148
2025-11-10,EXP3 Bandit Meta-Strategy,0.009930374351057925
2025-11-11,EXP3 Bandit Meta-Strategy,0.011515755928142468
2025-11-12,EXP3 Bandit Meta-Strategy,-0.0008512099848534405
2025-11-13,EXP3 Bandit Meta-Strategy,-0.013057950693171283
2025-11-14,EXP3 Bandit Meta-Strategy,-0.005969679863393695
2025-11-17,EXP3 Bandit Meta-Strategy,-0.05821908183218061
2025-11-18,EXP3 Bandit Meta-Strategy,-0.006683025332593906
2025-11-19,EXP3 Bandit Meta-Strategy,0.0006137612504097945
2025-11-20,EXP3 Bandit Meta-Strategy,-0.0038111975719350433
2025-11-21,EXP3 Bandit Meta-Strategy,0.010619446647881059
2025-11-24,EXP3 Bandit Meta-Strategy,0.005587601122812869
2025-11-25,EXP3 Bandit Meta-Strategy,0.010155351800113177
2025-11-26,EXP3 Bandit Meta-Strategy,-0.0006234818320548507
