date,strategy,asset,weight
2025-05-30,1. Buy & Hold,AAPL,0.10011012113324658
2025-05-30,1. Buy & Hold,AMZN,0.10011012113324658
2025-05-30,1. Buy & Hold,CASH,-0.0011012113324657122
2025-05-30,1. Buy & Hold,GOOGL,0.10011012113324658
2025-05-30,1. Buy & Hold,JNJ,0.10011012113324658
2025-05-30,1. Buy & Hold,JPM,0.10011012113324658
2025-05-30,1. Buy & Hold,META,0.10011012113324658
2025-05-30,1. Buy & Hold,MSFT,0.10011012113324658
2025-05-30,1. Buy & Hold,NVDA,0.10011012113324658
2025-05-30,1. Buy & Hold,TSLA,0.10011012113324658
2025-05-30,1. Buy & Hold,V,0.10011012113324658
2025-05-30,10. Max Decorrelation,CASH,1.0
2025-05-30,11. Sharpe Maximization,CASH,1.0
2025-05-30,12. CVaR Minimization,CASH,1.0
2025-05-30,2. Equal Weight,AAPL,0.10011012113324658
2025-05-30,2. Equal Weight,AMZN,0.10011012113324658
2025-05-30,2. Equal Weight,CASH,-0.0011012113324657122
2025-05-30,2. Equal Weight,GOOGL,0.10011012113324658
2025-05-30,2. Equal Weight,JNJ,0.10011012113324658
2025-05-30,2. Equal Weight,JPM,0.10011012113324658
2025-05-30,2. Equal Weight,META,0.10011012113324658
2025-05-30,2. Equal Weight,MSFT,0.10011012113324658
2025-05-30,2. Equal Weight,NVDA,0.10011012113324658
2025-05-30,2. Equal Weight,TSLA,0.10011012113324658
2025-05-30,2. Equal Weight,V,0.10011012113324658
2025-05-30,3. Quintile Momentum,CASH,1.0
2025-05-30,4. Quintile Low Vol,CASH,1.0
2025-05-30,5. Mean Reversion,CASH,1.0
2025-05-30,6. GMVP,CASH,1.0
2025-05-30,7. Inverse Volatility,CASH,1.0
2025-05-30,8. Risk Parity,CASH,1.0
2025-05-30,9. Max Diversification,CASH,1.0
2025-06-02,1. Buy & Hold,AAPL,0.10007340989074423
2025-06-02,1. Buy & Hold,AMZN,0.10044885715492488
2025-06-02,1. Buy & Hold,CASH,-0.0010961685083892701
2025-06-02,1. Buy & Hold,GOOGL,0.09807921221986635
2025-06-02,1. Buy & Hold,JNJ,0.09977367098165685
2025-06-02,1. Buy & Hold,JPM,0.09990081178729483
2025-06-02,1. Buy & Hold,META,0.10325458901834374
2025-06-02,1. Buy & Hold,MSFT,0.10000019072437205
2025-06-02,1. Buy & Hold,NVDA,0.1013109461478293
2025-06-02,1. Buy & Hold,TSLA,0.09856732408829012
2025-06-02,1. Buy & Hold,V,0.09968715649506686
2025-06-02,10. Max Decorrelation,CASH,1.0
2025-06-02,11. Sharpe Maximization,CASH,1.0
2025-06-02,12. CVaR Minimization,CASH,1.0
2025-06-02,2. Equal Weight,AAPL,0.10007340989074423
2025-06-02,2. Equal Weight,AMZN,0.10044885715492488
2025-06-02,2. Equal Weight,CASH,-0.0010961685083892701
2025-06-02,2. Equal Weight,GOOGL,0.09807921221986635
2025-06-02,2. Equal Weight,JNJ,0.09977367098165685
2025-06-02,2. Equal Weight,JPM,0.09990081178729483
2025-06-02,2. Equal Weight,META,0.10325458901834374
2025-06-02,2. Equal Weight,MSFT,0.10000019072437205
2025-06-02,2. Equal Weight,NVDA,0.1013109461478293
2025-06-02,2. Equal Weight,TSLA,0.09856732408829012
2025-06-02,2. Equal Weight,V,0.09968715649506686
2025-06-02,3. Quintile Momentum,CASH,1.0
2025-06-02,4. Quintile Low Vol,CASH,1.0
2025-06-02,5. Mean Reversion,CASH,1.0
2025-06-02,6. GMVP,CASH,1.0
2025-06-02,7. Inverse Volatility,CASH,1.0
2025-06-02,8. Risk Parity,CASH,1.0
2025-06-02,9. Max Diversification,CASH,1.0
2025-06-03,1. Buy & Hold,AAPL,0.10068385844986212
2025-06-03,1. Buy & Hold,AMZN,0.09982487105033448
2025-06-03,1. Buy & Hold,CASH,-0.001094337003326624
2025-06-03,1. Buy & Hold,GOOGL,0.0962643971398723
2025-06-03,1. Buy & Hold,JNJ,0.09897881465796911
2025-06-03,1. Buy & Hold,JPM,0.1003406039517149
2025-06-03,1. Buy & Hold,META,0.10245979659473284
2025-06-03,1. Buy & Hold,MSFT,0.10004921097917976
2025-06-03,1. Buy & Hold,NVDA,0.10396875171369377
2025-06-03,1. Buy & Hold,TSLA,0.0988563287209482
2025-06-03,1. Buy & Hold,V,0.09966770374501907
2025-06-03,10. Max Decorrelation,CASH,1.0
2025-06-03,11. Sharpe Maximization,CASH,1.0
2025-06-03,12. CVaR Minimization,CASH,1.0
2025-06-03,2. Equal Weight,AAPL,0.10068385844986212
2025-06-03,2. Equal Weight,AMZN,0.09982487105033448
2025-06-03,2. Equal Weight,CASH,-0.001094337003326624
2025-06-03,2. Equal Weight,GOOGL,0.0962643971398723
2025-06-03,2. Equal Weight,JNJ,0.09897881465796911
2025-06-03,2. Equal Weight,JPM,0.1003406039517149
2025-06-03,2. Equal Weight,META,0.10245979659473284
2025-06-03,2. Equal Weight,MSFT,0.10004921097917976
2025-06-03,2. Equal Weight,NVDA,0.10396875171369377
2025-06-03,2. Equal Weight,TSLA,0.0988563287209482
2025-06-03,2. Equal Weight,V,0.09966770374501907
2025-06-03,3. Quintile Momentum,CASH,1.0
2025-06-03,4. Quintile Low Vol,CASH,1.0
2025-06-03,5. Mean Reversion,CASH,1.0
2025-06-03,6. GMVP,CASH,1.0
2025-06-03,7. Inverse Volatility,CASH,1.0
2025-06-03,8. Risk Parity,CASH,1.0
2025-06-03,9. Max Diversification,CASH,1.0
2025-06-04,1. Buy & Hold,AAPL,0.10035237040566043
2025-06-04,1. Buy & Hold,AMZN,0.10045377787686312
2025-06-04,1. Buy & Hold,CASH,-0.001093154075316763
2025-06-04,1. Buy & Hold,GOOGL,0.09724241843218714
2025-06-04,1. Buy & Hold,JNJ,0.09810348877475937
2025-06-04,1. Buy & Hold,JPM,0.09946045791329033
2025-06-04,1. Buy & Hold,META,0.10558749887526056
2025-06-04,1. Buy & Hold,MSFT,0.10013534485208946
2025-06-04,1. Buy & Hold,NVDA,0.10437116202509031
2025-06-04,1. Buy & Hold,TSLA,0.09524431803984487
2025-06-04,1. Buy & Hold,V,0.10014231688027125
2025-06-04,10. Max Decorrelation,CASH,1.0
2025-06-04,11. Sharpe Maximization,CASH,1.0
2025-06-04,12. CVaR Minimization,CASH,1.0
2025-06-04,2. Equal Weight,AAPL,0.10035237040566043
2025-06-04,2. Equal Weight,AMZN,0.10045377787686312
2025-06-04,2. Equal Weight,CASH,-0.001093154075316763
2025-06-04,2. Equal Weight,GOOGL,0.09724241843218714
2025-06-04,2. Equal Weight,JNJ,0.09810348877475937
2025-06-04,2. Equal Weight,JPM,0.09946045791329033
2025-06-04,2. Equal Weight,META,0.10558749887526056
2025-06-04,2. Equal Weight,MSFT,0.10013534485208946
2025-06-04,2. Equal Weight,NVDA,0.10437116202509031
2025-06-04,2. Equal Weight,TSLA,0.09524431803984487
2025-06-04,2. Equal Weight,V,0.10014231688027125
2025-06-04,3. Quintile Momentum,CASH,1.0
2025-06-04,4. Quintile Low Vol,CASH,1.0
2025-06-04,5. Mean Reversion,CASH,1.0
2025-06-04,6. GMVP,CASH,1.0
2025-06-04,7. Inverse Volatility,CASH,1.0
2025-06-04,8. Risk Parity,CASH,1.0
2025-06-04,9. Max Diversification,CASH,1.0
2025-06-05,1. Buy & Hold,AAPL,0.10090943651457633
2025-06-05,1. Buy & Hold,AMZN,0.1024490832987595
2025-06-05,1. Buy & Hold,CASH,-0.0011112209717563635
2025-06-05,1. Buy & Hold,GOOGL,0.09894368848213363
2025-06-05,1. Buy & Hold,JNJ,0.10001125426553047
2025-06-05,1. Buy & Hold,JPM,0.10023565204944195
2025-06-05,1. Buy & Hold,META,0.10681303630998044
2025-06-05,1. Buy & Hold,MSFT,0.10262636831077183
2025-06-05,1. Buy & Hold,NVDA,0.10465331286113261
2025-06-05,1. Buy & Hold,TSLA,0.08301223561398578
2025-06-05,1. Buy & Hold,V,0.10145715326544376
2025-06-05,10. Max Decorrelation,CASH,1.0
2025-06-05,11. Sharpe Maximization,CASH,1.0
2025-06-05,12. CVaR Minimization,CASH,1.0
2025-06-05,2. Equal Weight,AAPL,0.10090943651457633
2025-06-05,2. Equal Weight,AMZN,0.1024490832987595
2025-06-05,2. Equal Weight,CASH,-0.0011112209717563635
2025-06-05,2. Equal Weight,GOOGL,0.09894368848213363
2025-06-05,2. Equal Weight,JNJ,0.10001125426553047
2025-06-05,2. Equal Weight,JPM,0.10023565204944195
2025-06-05,2. Equal Weight,META,0.10681303630998044
2025-06-05,2. Equal Weight,MSFT,0.10262636831077183
2025-06-05,2. Equal Weight,NVDA,0.10465331286113261
2025-06-05,2. Equal Weight,TSLA,0.08301223561398578
2025-06-05,2. Equal Weight,V,0.10145715326544376
2025-06-05,3. Quintile Momentum,CASH,1.0
2025-06-05,4. Quintile Low Vol,CASH,1.0
2025-06-05,5. Mean Reversion,CASH,1.0
2025-06-05,6. GMVP,CASH,1.0
2025-06-05,7. Inverse Volatility,CASH,1.0
2025-06-05,8. Risk Parity,CASH,1.0
2025-06-05,9. Max Diversification,CASH,1.0
2025-06-06,1. Buy & Hold,AAPL,0.10000516195960413
2025-06-06,1. Buy & Hold,AMZN,0.10000516195960413
2025-06-06,1. Buy & Hold,CASH,-5.1619596041293045e-05
2025-06-06,1. Buy & Hold,GOOGL,0.10000516195960413
2025-06-06,1. Buy & Hold,JNJ,0.10000516195960413
2025-06-06,1. Buy & Hold,JPM,0.10000516195960413
2025-06-06,1. Buy & Hold,META,0.10000516195960413
2025-06-06,1. Buy & Hold,MSFT,0.10000516195960413
2025-06-06,1. Buy & Hold,NVDA,0.10000516195960413
2025-06-06,1. Buy & Hold,TSLA,0.10000516195960411
2025-06-06,1. Buy & Hold,V,0.10000516195960413
2025-06-06,10. Max Decorrelation,CASH,1.0
2025-06-06,11. Sharpe Maximization,CASH,1.0
2025-06-06,12. CVaR Minimization,CASH,1.0
2025-06-06,2. Equal Weight,AAPL,0.10000516195960413
2025-06-06,2. Equal Weight,AMZN,0.10000516195960413
2025-06-06,2. Equal Weight,CASH,-5.1619596041293045e-05
2025-06-06,2. Equal Weight,GOOGL,0.10000516195960413
2025-06-06,2. Equal Weight,JNJ,0.10000516195960413
2025-06-06,2. Equal Weight,JPM,0.10000516195960413
2025-06-06,2. Equal Weight,META,0.10000516195960413
2025-06-06,2. Equal Weight,MSFT,0.10000516195960413
2025-06-06,2. Equal Weight,NVDA,0.10000516195960413
2025-06-06,2. Equal Weight,TSLA,0.10000516195960411
2025-06-06,2. Equal Weight,V,0.10000516195960413
2025-06-06,3. Quintile Momentum,CASH,1.0
2025-06-06,4. Quintile Low Vol,CASH,1.0
2025-06-06,5. Mean Reversion,CASH,1.0
2025-06-06,6. GMVP,CASH,1.0
2025-06-06,7. Inverse Volatility,CASH,1.0
2025-06-06,8. Risk Parity,CASH,1.0
2025-06-06,9. Max Diversification,CASH,1.0
2025-06-09,1. Buy & Hold,AAPL,0.0981560765216961
2025-06-09,1. Buy & Hold,AMZN,0.10094601948374961
2025-06-09,1. Buy & Hold,CASH,-5.1286365759460686e-05
2025-06-09,1. Buy & Hold,GOOGL,0.10073830152624297
2025-06-09,1. Buy & Hold,JNJ,0.09948775977484373
2025-06-09,1. Buy & Hold,JPM,0.09973722957915218
2025-06-09,1. Buy & Hold,META,0.09883978898961956
2025-06-09,1. Buy & Hold,MSFT,0.09986019987910941
2025-06-09,1. Buy & Hold,NVDA,0.09999757766423172
2025-06-09,1. Buy & Hold,TSLA,0.10388418644669291
2025-06-09,1. Buy & Hold,V,0.09840414650042129
2025-06-09,10. Max Decorrelation,CASH,1.0
2025-06-09,11. Sharpe Maximization,CASH,1.0
2025-06-09,12. CVaR Minimization,CASH,1.0
2025-06-09,2. Equal Weight,AAPL,0.0981560765216961
2025-06-09,2. Equal Weight,AMZN,0.10094601948374961
2025-06-09,2. Equal Weight,CASH,-5.1286365759460686e-05
2025-06-09,2. Equal Weight,GOOGL,0.10073830152624297
2025-06-09,2. Equal Weight,JNJ,0.09948775977484373
2025-06-09,2. Equal Weight,JPM,0.09973722957915218
2025-06-09,2. Equal Weight,META,0.09883978898961956
2025-06-09,2. Equal Weight,MSFT,0.09986019987910941
2025-06-09,2. Equal Weight,NVDA,0.09999757766423172
2025-06-09,2. Equal Weight,TSLA,0.10388418644669291
2025-06-09,2. Equal Weight,V,0.09840414650042129
2025-06-09,3. Quintile Momentum,CASH,1.0
2025-06-09,4. Quintile Low Vol,CASH,1.0
2025-06-09,5. Mean Reversion,CASH,1.0
2025-06-09,6. GMVP,CASH,1.0
2025-06-09,7. Inverse Volatility,CASH,1.0
2025-06-09,8. Risk Parity,CASH,1.0
2025-06-09,9. Max Diversification,CASH,1.0
2025-06-10,1. Buy & Hold,AAPL,0.0975300785824263
2025-06-10,1. Buy & Hold,AMZN,0.0999879191580068
2025-06-10,1. Buy & Hold,CASH,-5.065252658303625e-05
2025-06-10,1. Buy & Hold,GOOGL,0.10091147941621359
2025-06-10,1. Buy & Hold,JNJ,0.09903044932482083
2025-06-10,1. Buy & Hold,JPM,0.09919147535201879
2025-06-10,1. Buy & Hold,META,0.09879125087308581
2025-06-10,1. Buy & Hold,MSFT,0.09824426698824425
2025-06-10,1. Buy & Hold,NVDA,0.09968266113470076
2025-06-10,1. Buy & Hold,TSLA,0.1084222303593248
2025-06-10,1. Buy & Hold,V,0.0982588413377412
2025-06-10,10. Max Decorrelation,CASH,1.0
2025-06-10,11. Sharpe Maximization,CASH,1.0
2025-06-10,12. CVaR Minimization,CASH,1.0
2025-06-10,2. Equal Weight,AAPL,0.0975300785824263
2025-06-10,2. Equal Weight,AMZN,0.0999879191580068
2025-06-10,2. Equal Weight,CASH,-5.065252658303625e-05
2025-06-10,2. Equal Weight,GOOGL,0.10091147941621359
2025-06-10,2. Equal Weight,JNJ,0.09903044932482083
2025-06-10,2. Equal Weight,JPM,0.09919147535201879
2025-06-10,2. Equal Weight,META,0.09879125087308581
2025-06-10,2. Equal Weight,MSFT,0.09824426698824425
2025-06-10,2. Equal Weight,NVDA,0.09968266113470076
2025-06-10,2. Equal Weight,TSLA,0.1084222303593248
2025-06-10,2. Equal Weight,V,0.0982588413377412
2025-06-10,3. Quintile Momentum,CASH,1.0
2025-06-10,4. Quintile Low Vol,CASH,1.0
2025-06-10,5. Mean Reversion,CASH,1.0
2025-06-10,6. GMVP,CASH,1.0
2025-06-10,7. Inverse Volatility,CASH,1.0
2025-06-10,8. Risk Parity,CASH,1.0
2025-06-10,9. Max Diversification,CASH,1.0
2025-06-11,1. Buy & Hold,AAPL,0.09626541604938549
2025-06-11,1. Buy & Hold,AMZN,0.09858353364844684
2025-06-11,1. Buy & Hold,CASH,-5.0974105373200485e-05
2025-06-11,1. Buy & Hold,GOOGL,0.10084138705842592
2025-06-11,1. Buy & Hold,JNJ,0.09890113215315616
2025-06-11,1. Buy & Hold,JPM,0.09965397857571348
2025-06-11,1. Buy & Hold,META,0.09824931976716715
2025-06-11,1. Buy & Hold,MSFT,0.09922490149124007
2025-06-11,1. Buy & Hold,NVDA,0.09952810170597425
2025-06-11,1. Buy & Hold,TSLA,0.1092243378118637
2025-06-11,1. Buy & Hold,V,0.0995788658440001
2025-06-11,10. Max Decorrelation,CASH,1.0
2025-06-11,11. Sharpe Maximization,CASH,1.0
2025-06-11,12. CVaR Minimization,CASH,1.0
2025-06-11,2. Equal Weight,AAPL,0.09626541604938549
2025-06-11,2. Equal Weight,AMZN,0.09858353364844684
2025-06-11,2. Equal Weight,CASH,-5.0974105373200485e-05
2025-06-11,2. Equal Weight,GOOGL,0.10084138705842592
2025-06-11,2. Equal Weight,JNJ,0.09890113215315616
2025-06-11,2. Equal Weight,JPM,0.09965397857571348
2025-06-11,2. Equal Weight,META,0.09824931976716715
2025-06-11,2. Equal Weight,MSFT,0.09922490149124007
2025-06-11,2. Equal Weight,NVDA,0.09952810170597425
2025-06-11,2. Equal Weight,TSLA,0.1092243378118637
2025-06-11,2. Equal Weight,V,0.0995788658440001
2025-06-11,3. Quintile Momentum,CASH,1.0
2025-06-11,4. Quintile Low Vol,CASH,1.0
2025-06-11,5. Mean Reversion,CASH,1.0
2025-06-11,6. GMVP,CASH,1.0
2025-06-11,7. Inverse Volatility,CASH,1.0
2025-06-11,8. Risk Parity,CASH,1.0
2025-06-11,9. Max Diversification,CASH,1.0
2025-06-12,1. Buy & Hold,AAPL,0.09647228126116907
2025-06-12,1. Buy & Hold,AMZN,0.09860557339886244
2025-06-12,1. Buy & Hold,CASH,-5.097593739336727e-05
2025-06-12,1. Buy & Hold,GOOGL,0.09990678595318697
2025-06-12,1. Buy & Hold,JNJ,0.0997965233506385
2025-06-12,1. Buy & Hold,JPM,0.09969100853085207
2025-06-12,1. Buy & Hold,META,0.09814244486448606
2025-06-12,1. Buy & Hold,MSFT,0.10054068026337189
2025-06-12,1. Buy & Hold,NVDA,0.10104385228051464
2025-06-12,1. Buy & Hold,TSLA,0.10677888404892658
2025-06-12,1. Buy & Hold,V,0.09907294198538519
2025-06-12,10. Max Decorrelation,CASH,1.0
2025-06-12,11. Sharpe Maximization,CASH,1.0
2025-06-12,12. CVaR Minimization,CASH,1.0
2025-06-12,2. Equal Weight,AAPL,0.09647228126116907
2025-06-12,2. Equal Weight,AMZN,0.09860557339886244
2025-06-12,2. Equal Weight,CASH,-5.097593739336727e-05
2025-06-12,2. Equal Weight,GOOGL,0.09990678595318697
2025-06-12,2. Equal Weight,JNJ,0.0997965233506385
2025-06-12,2. Equal Weight,JPM,0.09969100853085207
2025-06-12,2. Equal Weight,META,0.09814244486448606
2025-06-12,2. Equal Weight,MSFT,0.10054068026337189
2025-06-12,2. Equal Weight,NVDA,0.10104385228051464
2025-06-12,2. Equal Weight,TSLA,0.10677888404892658
2025-06-12,2. Equal Weight,V,0.09907294198538519
2025-06-12,3. Quintile Momentum,CASH,1.0
2025-06-12,4. Quintile Low Vol,CASH,1.0
2025-06-12,5. Mean Reversion,CASH,1.0
2025-06-12,6. GMVP,CASH,1.0
2025-06-12,7. Inverse Volatility,CASH,1.0
2025-06-12,8. Risk Parity,CASH,1.0
2025-06-12,9. Max Diversification,CASH,1.0
2025-06-13,1. Buy & Hold,AAPL,0.10000313373859021
2025-06-13,1. Buy & Hold,AMZN,0.10000313373859021
2025-06-13,1. Buy & Hold,CASH,-3.1337385901936466e-05
2025-06-13,1. Buy & Hold,GOOGL,0.10000313373859021
2025-06-13,1. Buy & Hold,JNJ,0.10000313373859021
2025-06-13,1. Buy & Hold,JPM,0.10000313373859021
2025-06-13,1. Buy & Hold,META,0.10000313373859021
2025-06-13,1. Buy & Hold,MSFT,0.10000313373859021
2025-06-13,1. Buy & Hold,NVDA,0.10000313373859021
2025-06-13,1. Buy & Hold,TSLA,0.10000313373859018
2025-06-13,1. Buy & Hold,V,0.10000313373859021
2025-06-13,10. Max Decorrelation,CASH,1.0
2025-06-13,11. Sharpe Maximization,CASH,1.0
2025-06-13,12. CVaR Minimization,CASH,1.0
2025-06-13,2. Equal Weight,AAPL,0.1000031337385902
2025-06-13,2. Equal Weight,AMZN,0.1000031337385902
2025-06-13,2. Equal Weight,CASH,-3.1337385901936445e-05
2025-06-13,2. Equal Weight,GOOGL,0.1000031337385902
2025-06-13,2. Equal Weight,JNJ,0.1000031337385902
2025-06-13,2. Equal Weight,JPM,0.1000031337385902
2025-06-13,2. Equal Weight,META,0.1000031337385902
2025-06-13,2. Equal Weight,MSFT,0.1000031337385902
2025-06-13,2. Equal Weight,NVDA,0.1000031337385902
2025-06-13,2. Equal Weight,TSLA,0.1000031337385902
2025-06-13,2. Equal Weight,V,0.1000031337385902
2025-06-13,3. Quintile Momentum,CASH,1.0
2025-06-13,4. Quintile Low Vol,CASH,1.0
2025-06-13,5. Mean Reversion,AAPL,0.17952857602974315
2025-06-13,5. Mean Reversion,AMZN,0.06515243727576463
2025-06-13,5. Mean Reversion,CASH,-0.0011012113324657125
2025-06-13,5. Mean Reversion,GOOGL,0.10532999856679374
2025-06-13,5. Mean Reversion,JNJ,0.08594981738389833
2025-06-13,5. Mean Reversion,JPM,0.12110084941785026
2025-06-13,5. Mean Reversion,META,0.057668461338658834
2025-06-13,5. Mean Reversion,NVDA,0.048515578502445415
2025-06-13,5. Mean Reversion,TSLA,0.1585833460461025
2025-06-13,5. Mean Reversion,V,0.1792721467712088
2025-06-13,6. GMVP,CASH,1.0
2025-06-13,7. Inverse Volatility,CASH,1.0
2025-06-13,8. Risk Parity,CASH,1.0
2025-06-13,9. Max Diversification,CASH,1.0
2025-06-16,1. Buy & Hold,AAPL,0.09976182068948626
2025-06-16,1. Buy & Hold,AMZN,0.10063407355279154
2025-06-16,1. Buy & Hold,CASH,-3.0951386659316024e-05
2025-06-16,1. Buy & Hold,GOOGL,0.09995883735453091
2025-06-16,1. Buy & Hold,JNJ,0.09758935519528729
2025-06-16,1. Buy & Hold,JPM,0.10078814876787211
2025-06-16,1. Buy & Hold,META,0.10155569087333373
2025-06-16,1. Buy & Hold,MSFT,0.09964060298413821
2025-06-16,1. Buy & Hold,NVDA,0.10066369986754305
2025-06-16,1. Buy & Hold,TSLA,0.09993117882589024
2025-06-16,1. Buy & Hold,V,0.09950754327578597
2025-06-16,10. Max Decorrelation,CASH,1.0
2025-06-16,11. Sharpe Maximization,CASH,1.0
2025-06-16,12. CVaR Minimization,CASH,1.0
2025-06-16,2. Equal Weight,AAPL,0.09976182068948626
2025-06-16,2. Equal Weight,AMZN,0.10063407355279154
2025-06-16,2. Equal Weight,CASH,-3.095138665931601e-05
2025-06-16,2. Equal Weight,GOOGL,0.09995883735453091
2025-06-16,2. Equal Weight,JNJ,0.09758935519528729
2025-06-16,2. Equal Weight,JPM,0.10078814876787211
2025-06-16,2. Equal Weight,META,0.10155569087333373
2025-06-16,2. Equal Weight,MSFT,0.09964060298413821
2025-06-16,2. Equal Weight,NVDA,0.10066369986754305
2025-06-16,2. Equal Weight,TSLA,0.09993117882589024
2025-06-16,2. Equal Weight,V,0.09950754327578597
2025-06-16,3. Quintile Momentum,CASH,1.0
2025-06-16,4. Quintile Low Vol,CASH,1.0
2025-06-16,5. Mean Reversion,AAPL,0.17926852725429626
2025-06-16,5. Mean Reversion,AMZN,0.06562688902334046
2025-06-16,5. Mean Reversion,CASH,-0.0010886987500927394
2025-06-16,5. Mean Reversion,GOOGL,0.10538513889150627
2025-06-16,5. Mean Reversion,JNJ,0.08395634135001777
2025-06-16,5. Mean Reversion,JPM,0.12216948849727836
2025-06-16,5. Mean Reversion,META,0.05862039316615261
2025-06-16,5. Mean Reversion,NVDA,0.048883264481437226
2025-06-16,5. Mean Reversion,TSLA,0.15862246168039182
2025-06-16,5. Mean Reversion,V,0.17855619440567194
2025-06-16,6. GMVP,CASH,1.0
2025-06-16,7. Inverse Volatility,CASH,1.0
2025-06-16,8. Risk Parity,CASH,1.0
2025-06-16,9. Max Diversification,CASH,1.0
2025-06-17,1. Buy & Hold,AAPL,0.09926827183348656
2025-06-17,1. Buy & Hold,AMZN,0.10095756889639473
2025-06-17,1. Buy & Hold,CASH,-3.12358980422822e-05
2025-06-17,1. Buy & Hold,GOOGL,0.10040972813731634
2025-06-17,1. Buy & Hold,JNJ,0.09668444854080198
2025-06-17,1. Buy & Hold,JPM,0.10139858964094496
2025-06-17,1. Buy & Hold,META,0.1017754126903784
2025-06-17,1. Buy & Hold,MSFT,0.10032566384446323
2025-06-17,1. Buy & Hold,NVDA,0.10118881532472125
2025-06-17,1. Buy & Hold,TSLA,0.09693380605650723
2025-06-17,1. Buy & Hold,V,0.10108893093302769
2025-06-17,10. Max Decorrelation,CASH,1.0
2025-06-17,11. Sharpe Maximization,CASH,1.0
2025-06-17,12. CVaR Minimization,CASH,1.0
2025-06-17,2. Equal Weight,AAPL,0.09926827183348656
2025-06-17,2. Equal Weight,AMZN,0.10095756889639473
2025-06-17,2. Equal Weight,CASH,-3.123589804228219e-05
2025-06-17,2. Equal Weight,GOOGL,0.10040972813731634
2025-06-17,2. Equal Weight,JNJ,0.09668444854080198
2025-06-17,2. Equal Weight,JPM,0.10139858964094496
2025-06-17,2. Equal Weight,META,0.1017754126903784
2025-06-17,2. Equal Weight,MSFT,0.10032566384446323
2025-06-17,2. Equal Weight,NVDA,0.10118881532472125
2025-06-17,2. Equal Weight,TSLA,0.09693380605650725
2025-06-17,2. Equal Weight,V,0.10108893093302769
2025-06-17,3. Quintile Momentum,CASH,1.0
2025-06-17,4. Quintile Low Vol,CASH,1.0
2025-06-17,5. Mean Reversion,AAPL,0.17870105301524122
2025-06-17,5. Mean Reversion,AMZN,0.06595574267841865
2025-06-17,5. Mean Reversion,CASH,-0.0011006736673114536
2025-06-17,5. Mean Reversion,GOOGL,0.10605006368169087
2025-06-17,5. Mean Reversion,JNJ,0.08332678906251488
2025-06-17,5. Mean Reversion,JPM,0.1231295147460678
2025-06-17,5. Mean Reversion,META,0.058852416567321535
2025-06-17,5. Mean Reversion,NVDA,0.04922625418096149
2025-06-17,5. Mean Reversion,TSLA,0.15414019590950356
2025-06-17,5. Mean Reversion,V,0.1817186438255915
2025-06-17,6. GMVP,CASH,1.0
2025-06-17,7. Inverse Volatility,CASH,1.0
2025-06-17,8. Risk Parity,CASH,1.0
2025-06-17,9. Max Diversification,CASH,1.0
2025-06-18,1. Buy & Hold,AAPL,0.10009192000588159
2025-06-18,1. Buy & Hold,AMZN,0.10022379913036338
2025-06-18,1. Buy & Hold,CASH,-3.13444662503714e-05
2025-06-18,1. Buy & Hold,GOOGL,0.09925264351640918
2025-06-18,1. Buy & Hold,JNJ,0.09596994295914882
2025-06-18,1. Buy & Hold,JPM,0.10342724494162854
2025-06-18,1. Buy & Hold,META,0.10191530018263167
2025-06-18,1. Buy & Hold,MSFT,0.1011376869583471
2025-06-18,1. Buy & Hold,NVDA,0.10249871779165695
2025-06-18,1. Buy & Hold,TSLA,0.09902334949780603
2025-06-18,1. Buy & Hold,V,0.09649073948237703
2025-06-18,10. Max Decorrelation,CASH,1.0
2025-06-18,11. Sharpe Maximization,CASH,1.0
2025-06-18,12. CVaR Minimization,CASH,1.0
2025-06-18,2. Equal Weight,AAPL,0.10009192000588159
2025-06-18,2. Equal Weight,AMZN,0.10022379913036338
2025-06-18,2. Equal Weight,CASH,-3.1344466250371384e-05
2025-06-18,2. Equal Weight,GOOGL,0.09925264351640918
2025-06-18,2. Equal Weight,JNJ,0.09596994295914882
2025-06-18,2. Equal Weight,JPM,0.10342724494162854
2025-06-18,2. Equal Weight,META,0.10191530018263167
2025-06-18,2. Equal Weight,MSFT,0.1011376869583471
2025-06-18,2. Equal Weight,NVDA,0.10249871779165695
2025-06-18,2. Equal Weight,TSLA,0.09902334949780604
2025-06-18,2. Equal Weight,V,0.09649073948237703
2025-06-18,3. Quintile Momentum,CASH,1.0
2025-06-18,4. Quintile Low Vol,CASH,1.0
2025-06-18,5. Mean Reversion,AAPL,0.18065344382781154
2025-06-18,5. Mean Reversion,AMZN,0.06564704272925306
2025-06-18,5. Mean Reversion,CASH,-0.0011073783621256487
2025-06-18,5. Mean Reversion,GOOGL,0.10510123024571452
2025-06-18,5. Mean Reversion,JNJ,0.0829265950358512
2025-06-18,5. Mean Reversion,JPM,0.12592031002307888
2025-06-18,5. Mean Reversion,META,0.05908692523330171
2025-06-18,5. Mean Reversion,NVDA,0.04999347043829101
2025-06-18,5. Mean Reversion,TSLA,0.15787335128094374
2025-06-18,5. Mean Reversion,V,0.17390500954787996
2025-06-18,6. GMVP,CASH,1.0
2025-06-18,7. Inverse Volatility,CASH,1.0
2025-06-18,8. Risk Parity,CASH,1.0
2025-06-18,9. Max Diversification,CASH,1.0
2025-06-20,1. Buy & Hold,AAPL,0.10000257185367044
2025-06-20,1. Buy & Hold,AMZN,0.10000257185367044
2025-06-20,1. Buy & Hold,CASH,-2.5718536704247956e-05
2025-06-20,1. Buy & Hold,GOOGL,0.10000257185367044
2025-06-20,1. Buy & Hold,JNJ,0.10000257185367044
2025-06-20,1. Buy & Hold,JPM,0.10000257185367044
2025-06-20,1. Buy & Hold,META,0.10000257185367044
2025-06-20,1. Buy & Hold,MSFT,0.10000257185367044
2025-06-20,1. Buy & Hold,NVDA,0.10000257185367044
2025-06-20,1. Buy & Hold,TSLA,0.10000257185367042
2025-06-20,1. Buy & Hold,V,0.10000257185367044
2025-06-20,10. Max Decorrelation,CASH,1.0
2025-06-20,11. Sharpe Maximization,CASH,1.0
2025-06-20,12. CVaR Minimization,CASH,1.0
2025-06-20,2. Equal Weight,AAPL,0.10000257185367047
2025-06-20,2. Equal Weight,AMZN,0.10000257185367047
2025-06-20,2. Equal Weight,CASH,-2.5718536704470075e-05
2025-06-20,2. Equal Weight,GOOGL,0.10000257185367047
2025-06-20,2. Equal Weight,JNJ,0.10000257185367047
2025-06-20,2. Equal Weight,JPM,0.10000257185367047
2025-06-20,2. Equal Weight,META,0.10000257185367047
2025-06-20,2. Equal Weight,MSFT,0.10000257185367047
2025-06-20,2. Equal Weight,NVDA,0.10000257185367047
2025-06-20,2. Equal Weight,TSLA,0.10000257185367047
2025-06-20,2. Equal Weight,V,0.10000257185367047
2025-06-20,3. Quintile Momentum,CASH,1.0
2025-06-20,4. Quintile Low Vol,CASH,1.0
2025-06-20,5. Mean Reversion,AAPL,0.11800736784380761
2025-06-20,5. Mean Reversion,AMZN,0.107599011070247
2025-06-20,5. Mean Reversion,CASH,-0.0007469132659640376
2025-06-20,5. Mean Reversion,GOOGL,0.13262470242666047
2025-06-20,5. Mean Reversion,JNJ,0.18356277049418554
2025-06-20,5. Mean Reversion,META,0.12636748707098439
2025-06-20,5. Mean Reversion,MSFT,0.04769616064189101
2025-06-20,5. Mean Reversion,NVDA,0.06983122891598766
2025-06-20,5. Mean Reversion,TSLA,0.013061480455481955
2025-06-20,5. Mean Reversion,V,0.20199670434671826
2025-06-20,6. GMVP,CASH,1.0
2025-06-20,7. Inverse Volatility,CASH,1.0
2025-06-20,8. Risk Parity,CASH,1.0
2025-06-20,9. Max Diversification,CASH,1.0
2025-06-23,1. Buy & Hold,AAPL,0.09875376222418639
2025-06-23,1. Buy & Hold,AMZN,0.09793558088256961
2025-06-23,1. Buy & Hold,CASH,-2.5334348633530883e-05
2025-06-23,1. Buy & Hold,GOOGL,0.09765155269541341
2025-06-23,1. Buy & Hold,JNJ,0.09951491324421737
2025-06-23,1. Buy & Hold,JPM,0.09968007385046682
2025-06-23,1. Buy & Hold,META,0.10084457119576098
2025-06-23,1. Buy & Hold,MSFT,0.10028327569030213
2025-06-23,1. Buy & Hold,NVDA,0.09872785219205113
2025-06-23,1. Buy & Hold,TSLA,0.10661788856173356
2025-06-23,1. Buy & Hold,V,0.10001586381193207
2025-06-23,10. Max Decorrelation,CASH,1.0
2025-06-23,11. Sharpe Maximization,CASH,1.0
2025-06-23,12. CVaR Minimization,CASH,1.0
2025-06-23,2. Equal Weight,AAPL,0.09875376222418643
2025-06-23,2. Equal Weight,AMZN,0.09793558088256965
2025-06-23,2. Equal Weight,CASH,-2.5334348633749692e-05
2025-06-23,2. Equal Weight,GOOGL,0.09765155269541344
2025-06-23,2. Equal Weight,JNJ,0.0995149132442174
2025-06-23,2. Equal Weight,JPM,0.09968007385046687
2025-06-23,2. Equal Weight,META,0.10084457119576103
2025-06-23,2. Equal Weight,MSFT,0.10028327569030217
2025-06-23,2. Equal Weight,NVDA,0.09872785219205119
2025-06-23,2. Equal Weight,TSLA,0.10661788856173364
2025-06-23,2. Equal Weight,V,0.10001586381193214
2025-06-23,3. Quintile Momentum,CASH,1.0
2025-06-23,4. Quintile Low Vol,CASH,1.0
2025-06-23,5. Mean Reversion,AAPL,0.11729625693312155
2025-06-23,5. Mean Reversion,AMZN,0.10606452793842612
2025-06-23,5. Mean Reversion,CASH,-0.0007405701617084698
2025-06-23,5. Mean Reversion,GOOGL,0.13035417807057506
2025-06-23,5. Mean Reversion,JNJ,0.18386291980006358
2025-06-23,5. Mean Reversion,META,0.1282653211535691
2025-06-23,5. Mean Reversion,MSFT,0.04814301810463221
2025-06-23,5. Mean Reversion,NVDA,0.06939221559205115
2025-06-23,5. Mean Reversion,TSLA,0.01401663817111477
2025-06-23,5. Mean Reversion,V,0.203345494398155
2025-06-23,6. GMVP,CASH,1.0
2025-06-23,7. Inverse Volatility,CASH,1.0
2025-06-23,8. Risk Parity,CASH,1.0
2025-06-23,9. Max Diversification,CASH,1.0
2025-06-24,1. Buy & Hold,AAPL,0.09727390525190914
2025-06-24,1. Buy & Hold,AMZN,0.09904764039762734
2025-06-24,1. Buy & Hold,CASH,-2.510420922516753e-05
2025-06-24,1. Buy & Hold,GOOGL,0.09769000498744915
2025-06-24,1. Buy & Hold,JNJ,0.09917786527691932
2025-06-24,1. Buy & Hold,JPM,0.09983590027361765
2025-06-24,1. Buy & Hold,META,0.10188405776622927
2025-06-24,1. Buy & Hold,MSFT,0.10021266439579894
2025-06-24,1. Buy & Hold,NVDA,0.10036210640376693
2025-06-24,1. Buy & Hold,TSLA,0.10316174841823147
2025-06-24,1. Buy & Hold,V,0.10137921103767583
2025-06-24,10. Max Decorrelation,CASH,1.0
2025-06-24,11. Sharpe Maximization,CASH,1.0
2025-06-24,12. CVaR Minimization,CASH,1.0
2025-06-24,2. Equal Weight,AAPL,0.09727390525190917
2025-06-24,2. Equal Weight,AMZN,0.09904764039762741
2025-06-24,2. Equal Weight,CASH,-2.510420922538435e-05
2025-06-24,2. Equal Weight,GOOGL,0.0976900049874492
2025-06-24,2. Equal Weight,JNJ,0.09917786527691938
2025-06-24,2. Equal Weight,JPM,0.09983590027361769
2025-06-24,2. Equal Weight,META,0.10188405776622932
2025-06-24,2. Equal Weight,MSFT,0.10021266439579898
2025-06-24,2. Equal Weight,NVDA,0.10036210640376698
2025-06-24,2. Equal Weight,TSLA,0.10316174841823154
2025-06-24,2. Equal Weight,V,0.10137921103767589
2025-06-24,3. Quintile Momentum,CASH,1.0
2025-06-24,4. Quintile Low Vol,CASH,1.0
2025-06-24,5. Mean Reversion,AAPL,0.11511991659245722
2025-06-24,5. Mean Reversion,AMZN,0.10688023611481276
2025-06-24,5. Mean Reversion,CASH,-0.0007311839064647692
2025-06-24,5. Mean Reversion,GOOGL,0.12993302370981036
2025-06-24,5. Mean Reversion,JNJ,0.18257627869898105
2025-06-24,5. Mean Reversion,META,0.12911793555453865
2025-06-24,5. Mean Reversion,MSFT,0.047934811223154204
2025-06-24,5. Mean Reversion,NVDA,0.07028529041044533
2025-06-24,5. Mean Reversion,TSLA,0.01351313420332869
2025-06-24,5. Mean Reversion,V,0.2053705573989365
2025-06-24,6. GMVP,CASH,1.0
2025-06-24,7. Inverse Volatility,CASH,1.0
2025-06-24,8. Risk Parity,CASH,1.0
2025-06-24,9. Max Diversification,CASH,1.0
2025-06-25,1. Buy & Hold,AAPL,0.09767792996328353
2025-06-25,1. Buy & Hold,AMZN,0.09847495933919187
2025-06-25,1. Buy & Hold,CASH,-2.5050894664840437e-05
2025-06-25,1. Buy & Hold,GOOGL,0.0997680611130202
2025-06-25,1. Buy & Hold,JNJ,0.09902576414205436
2025-06-25,1. Buy & Hold,JPM,0.1006156515517046
2025-06-25,1. Buy & Hold,META,0.10116519794160057
2025-06-25,1. Buy & Hold,MSFT,0.10044055644552448
2025-06-25,1. Buy & Hold,NVDA,0.10448942999209884
2025-06-25,1. Buy & Hold,TSLA,0.09903623967123631
2025-06-25,1. Buy & Hold,V,0.09933126073495005
2025-06-25,10. Max Decorrelation,CASH,1.0
2025-06-25,11. Sharpe Maximization,CASH,1.0
2025-06-25,12. CVaR Minimization,CASH,1.0
2025-06-25,2. Equal Weight,AAPL,0.09767792996328356
2025-06-25,2. Equal Weight,AMZN,0.0984749593391919
2025-06-25,2. Equal Weight,CASH,-2.505089466505679e-05
2025-06-25,2. Equal Weight,GOOGL,0.09976806111302021
2025-06-25,2. Equal Weight,JNJ,0.09902576414205438
2025-06-25,2. Equal Weight,JPM,0.10061565155170461
2025-06-25,2. Equal Weight,META,0.10116519794160057
2025-06-25,2. Equal Weight,MSFT,0.10044055644552449
2025-06-25,2. Equal Weight,NVDA,0.10448942999209887
2025-06-25,2. Equal Weight,TSLA,0.09903623967123637
2025-06-25,2. Equal Weight,V,0.09933126073495008
2025-06-25,3. Quintile Momentum,CASH,1.0
2025-06-25,4. Quintile Low Vol,CASH,1.0
2025-06-25,5. Mean Reversion,AAPL,0.11562754700098839
2025-06-25,5. Mean Reversion,AMZN,0.10628936965700662
2025-06-25,5. Mean Reversion,CASH,-0.0007298171582749716
2025-06-25,5. Mean Reversion,GOOGL,0.13273079519091674
2025-06-25,5. Mean Reversion,JNJ,0.18234276991116719
2025-06-25,5. Mean Reversion,META,0.1282396211687118
2025-06-25,5. Mean Reversion,MSFT,0.04805607237489822
2025-06-25,5. Mean Reversion,NVDA,0.07319438845322115
2025-06-25,5. Mean Reversion,TSLA,0.01297604337583174
2025-06-25,5. Mean Reversion,V,0.20127321002553303
2025-06-25,6. GMVP,CASH,1.0
2025-06-25,7. Inverse Volatility,CASH,1.0
2025-06-25,8. Risk Parity,CASH,1.0
2025-06-25,9. Max Diversification,CASH,1.0
2025-06-26,1. Buy & Hold,AAPL,0.0965397768172222
2025-06-26,1. Buy & Hold,AMZN,0.0999604956962911
2025-06-26,1. Buy & Hold,CASH,-2.4827979395636966e-05
2025-06-26,1. Buy & Hold,GOOGL,0.10053716315926992
2025-06-26,1. Buy & Hold,JNJ,0.09797056862264468
2025-06-26,1. Buy & Hold,JPM,0.10136676565808331
2025-06-26,1. Buy & Hold,META,0.10272816963320418
2025-06-26,1. Buy & Hold,MSFT,0.1005942856676313
2025-06-26,1. Buy & Hold,NVDA,0.10403612236500373
2025-06-26,1. Buy & Hold,TSLA,0.09762456075091455
2025-06-26,1. Buy & Hold,V,0.09866691960913074
2025-06-26,10. Max Decorrelation,CASH,1.0
2025-06-26,11. Sharpe Maximization,CASH,1.0
2025-06-26,12. CVaR Minimization,CASH,1.0
2025-06-26,2. Equal Weight,AAPL,0.09653977681722221
2025-06-26,2. Equal Weight,AMZN,0.09996049569629115
2025-06-26,2. Equal Weight,CASH,-2.4827979395851394e-05
2025-06-26,2. Equal Weight,GOOGL,0.10053716315926994
2025-06-26,2. Equal Weight,JNJ,0.0979705686226447
2025-06-26,2. Equal Weight,JPM,0.10136676565808334
2025-06-26,2. Equal Weight,META,0.10272816963320418
2025-06-26,2. Equal Weight,MSFT,0.10059428566763132
2025-06-26,2. Equal Weight,NVDA,0.10403612236500374
2025-06-26,2. Equal Weight,TSLA,0.09762456075091461
2025-06-26,2. Equal Weight,V,0.09866691960913075
2025-06-26,3. Quintile Momentum,CASH,1.0
2025-06-26,4. Quintile Low Vol,CASH,1.0
2025-06-26,5. Mean Reversion,AAPL,0.11433180826526963
2025-06-26,5. Mean Reversion,AMZN,0.10794147273653364
2025-06-26,5. Mean Reversion,CASH,-0.0007236492591548621
2025-06-26,5. Mean Reversion,GOOGL,0.13381435572795958
2025-06-26,5. Mean Reversion,JNJ,0.1804811671597476
2025-06-26,5. Mean Reversion,META,0.13027964235943523
2025-06-26,5. Mean Reversion,MSFT,0.04815134145861583
2025-06-26,5. Mean Reversion,NVDA,0.07290973170433067
2025-06-26,5. Mean Reversion,TSLA,0.012796852260833177
2025-06-26,5. Mean Reversion,V,0.20001727758642945
2025-06-26,6. GMVP,CASH,1.0
2025-06-26,7. Inverse Volatility,CASH,1.0
2025-06-26,8. Risk Parity,CASH,1.0
2025-06-26,9. Max Diversification,CASH,1.0
2025-06-27,1. Buy & Hold,AAPL,0.10000283670451642
2025-06-27,1. Buy & Hold,AMZN,0.10000283670451642
2025-06-27,1. Buy & Hold,CASH,-2.8367045164040257e-05
2025-06-27,1. Buy & Hold,GOOGL,0.10000283670451642
2025-06-27,1. Buy & Hold,JNJ,0.10000283670451642
2025-06-27,1. Buy & Hold,JPM,0.10000283670451642
2025-06-27,1. Buy & Hold,META,0.10000283670451642
2025-06-27,1. Buy & Hold,MSFT,0.10000283670451642
2025-06-27,1. Buy & Hold,NVDA,0.10000283670451642
2025-06-27,1. Buy & Hold,TSLA,0.1000028367045164
2025-06-27,1. Buy & Hold,V,0.10000283670451642
2025-06-27,10. Max Decorrelation,CASH,1.0
2025-06-27,11. Sharpe Maximization,CASH,1.0
2025-06-27,12. CVaR Minimization,CASH,1.0
2025-06-27,2. Equal Weight,AAPL,0.1000028367045164
2025-06-27,2. Equal Weight,AMZN,0.1000028367045164
2025-06-27,2. Equal Weight,CASH,-2.836704516404029e-05
2025-06-27,2. Equal Weight,GOOGL,0.1000028367045164
2025-06-27,2. Equal Weight,JNJ,0.1000028367045164
2025-06-27,2. Equal Weight,JPM,0.1000028367045164
2025-06-27,2. Equal Weight,META,0.1000028367045164
2025-06-27,2. Equal Weight,MSFT,0.1000028367045164
2025-06-27,2. Equal Weight,NVDA,0.1000028367045164
2025-06-27,2. Equal Weight,TSLA,0.1000028367045164
2025-06-27,2. Equal Weight,V,0.1000028367045164
2025-06-27,3. Quintile Momentum,CASH,1.0
2025-06-27,4. Quintile Low Vol,CASH,1.0
2025-06-27,5. Mean Reversion,AAPL,0.12088141956785389
2025-06-27,5. Mean Reversion,AMZN,0.07682331557234495
2025-06-27,5. Mean Reversion,CASH,-0.0003377444548523797
2025-06-27,5. Mean Reversion,GOOGL,0.12219242601066362
2025-06-27,5. Mean Reversion,JNJ,0.2041859389797692
2025-06-27,5. Mean Reversion,META,0.06868434417439455
2025-06-27,5. Mean Reversion,MSFT,0.04702661786787411
2025-06-27,5. Mean Reversion,NVDA,0.039075193310941045
2025-06-27,5. Mean Reversion,TSLA,0.13056976886167795
2025-06-27,5. Mean Reversion,V,0.19089872010933304
2025-06-27,6. GMVP,CASH,1.0
2025-06-27,7. Inverse Volatility,CASH,1.0
2025-06-27,8. Risk Parity,CASH,1.0
2025-06-27,9. Max Diversification,CASH,1.0
2025-06-30,1. Buy & Hold,AAPL,0.10190930158815195
2025-06-30,1. Buy & Hold,AMZN,0.0981289040439522
2025-06-30,1. Buy & Hold,CASH,-2.8331568846181937e-05
2025-06-30,1. Buy & Hold,GOOGL,0.09859104720940483
2025-06-30,1. Buy & Hold,JNJ,0.10010058122975578
2025-06-30,1. Buy & Hold,JPM,0.10085181538062922
2025-06-30,1. Buy & Hold,META,0.10048496423450529
2025-06-30,1. Buy & Hold,MSFT,0.10017381595495259
2025-06-30,1. Buy & Hold,NVDA,0.10002972492865977
2025-06-30,1. Buy & Hold,TSLA,0.09803532698138862
2025-06-30,1. Buy & Hold,V,0.10172285001744595
2025-06-30,10. Max Decorrelation,CASH,1.0
2025-06-30,11. Sharpe Maximization,CASH,1.0
2025-06-30,12. CVaR Minimization,CASH,1.0
2025-06-30,2. Equal Weight,AAPL,0.10190930158815195
2025-06-30,2. Equal Weight,AMZN,0.0981289040439522
2025-06-30,2. Equal Weight,CASH,-2.8331568846181975e-05
2025-06-30,2. Equal Weight,GOOGL,0.09859104720940483
2025-06-30,2. Equal Weight,JNJ,0.10010058122975578
2025-06-30,2. Equal Weight,JPM,0.10085181538062922
2025-06-30,2. Equal Weight,META,0.10048496423450529
2025-06-30,2. Equal Weight,MSFT,0.10017381595495259
2025-06-30,2. Equal Weight,NVDA,0.10002972492865977
2025-06-30,2. Equal Weight,TSLA,0.09803532698138864
2025-06-30,2. Equal Weight,V,0.10172285001744595
2025-06-30,3. Quintile Momentum,CASH,1.0
2025-06-30,4. Quintile Low Vol,CASH,1.0
2025-06-30,5. Mean Reversion,AAPL,0.12312725778382447
2025-06-30,5. Mean Reversion,AMZN,0.0753478432491705
2025-06-30,5. Mean Reversion,CASH,-0.00033716144097898444
2025-06-30,5. Mean Reversion,GOOGL,0.12041001138888843
2025-06-30,5. Mean Reversion,JNJ,0.20428819033493792
2025-06-30,5. Mean Reversion,META,0.06898261736918587
2025-06-30,5. Mean Reversion,MSFT,0.04708459009351855
2025-06-30,5. Mean Reversion,NVDA,0.03906708795035635
2025-06-30,5. Mean Reversion,TSLA,0.12793991784183836
2025-06-30,5. Mean Reversion,V,0.1940896454292585
2025-06-30,6. GMVP,CASH,1.0
2025-06-30,7. Inverse Volatility,CASH,1.0
2025-06-30,8. Risk Parity,CASH,1.0
2025-06-30,9. Max Diversification,CASH,1.0
2025-07-01,1. Buy & Hold,AAPL,0.10404761456056384
2025-07-01,1. Buy & Hold,AMZN,0.09939275848749378
2025-07-01,1. Buy & Hold,CASH,-2.8557188258881402e-05
2025-07-01,1. Buy & Hold,GOOGL,0.09915625918465513
2025-07-01,1. Buy & Hold,JNJ,0.10299165261602769
2025-07-01,1. Buy & Hold,JPM,0.10183027381383257
2025-07-01,1. Buy & Hold,META,0.098695723990373
2025-07-01,1. Buy & Hold,MSFT,0.09988350238843825
2025-07-01,1. Buy & Hold,NVDA,0.09783324322276313
2025-07-01,1. Buy & Hold,TSLA,0.09354331605444108
2025-07-01,1. Buy & Hold,V,0.10265421286967041
2025-07-01,10. Max Decorrelation,CASH,1.0
2025-07-01,11. Sharpe Maximization,CASH,1.0
2025-07-01,12. CVaR Minimization,CASH,1.0
2025-07-01,2. Equal Weight,AAPL,0.10404761456056384
2025-07-01,2. Equal Weight,AMZN,0.09939275848749378
2025-07-01,2. Equal Weight,CASH,-2.855718825888144e-05
2025-07-01,2. Equal Weight,GOOGL,0.09915625918465513
2025-07-01,2. Equal Weight,JNJ,0.10299165261602769
2025-07-01,2. Equal Weight,JPM,0.10183027381383257
2025-07-01,2. Equal Weight,META,0.098695723990373
2025-07-01,2. Equal Weight,MSFT,0.09988350238843825
2025-07-01,2. Equal Weight,NVDA,0.09783324322276313
2025-07-01,2. Equal Weight,TSLA,0.09354331605444109
2025-07-01,2. Equal Weight,V,0.10265421286967041
2025-07-01,3. Quintile Momentum,CASH,1.0
2025-07-01,4. Quintile Low Vol,CASH,1.0
2025-07-01,5. Mean Reversion,AAPL,0.12523064704899808
2025-07-01,5. Mean Reversion,AMZN,0.07602680430196729
2025-07-01,5. Mean Reversion,CASH,-0.0003385484552702347
2025-07-01,5. Mean Reversion,GOOGL,0.12063778832162741
2025-07-01,5. Mean Reversion,JNJ,0.20938559660301156
2025-07-01,5. Mean Reversion,META,0.0674955340780339
2025-07-01,5. Mean Reversion,MSFT,0.04676882437116407
2025-07-01,5. Mean Reversion,NVDA,0.03806330818196105
2025-07-01,5. Mean Reversion,TSLA,0.12161141503602177
2025-07-01,5. Mean Reversion,V,0.19511863051248501
2025-07-01,6. GMVP,CASH,1.0
2025-07-01,7. Inverse Volatility,CASH,1.0
2025-07-01,8. Risk Parity,CASH,1.0
2025-07-01,9. Max Diversification,CASH,1.0
2025-07-02,1. Buy & Hold,AAPL,0.10532789734647677
2025-07-02,1. Buy & Hold,AMZN,0.09818655037261438
2025-07-02,1. Buy & Hold,CASH,-2.8279894108090224e-05
2025-07-02,1. Buy & Hold,GOOGL,0.09975702831580437
2025-07-02,1. Buy & Hold,JNJ,0.10175610380478518
2025-07-02,1. Buy & Hold,JPM,0.10139359708709322
2025-07-02,1. Buy & Hold,META,0.09696957651039861
2025-07-02,1. Buy & Hold,MSFT,0.09872063753092894
2025-07-02,1. Buy & Hold,NVDA,0.09937960917621402
2025-07-02,1. Buy & Hold,TSLA,0.09723732854465247
2025-07-02,1. Buy & Hold,V,0.1012999512051403
2025-07-02,10. Max Decorrelation,CASH,1.0
2025-07-02,11. Sharpe Maximization,CASH,1.0
2025-07-02,12. CVaR Minimization,CASH,1.0
2025-07-02,2. Equal Weight,AAPL,0.10532789734647677
2025-07-02,2. Equal Weight,AMZN,0.09818655037261438
2025-07-02,2. Equal Weight,CASH,-2.827989410809026e-05
2025-07-02,2. Equal Weight,GOOGL,0.09975702831580437
2025-07-02,2. Equal Weight,JNJ,0.10175610380478518
2025-07-02,2. Equal Weight,JPM,0.10139359708709322
2025-07-02,2. Equal Weight,META,0.09696957651039861
2025-07-02,2. Equal Weight,MSFT,0.09872063753092894
2025-07-02,2. Equal Weight,NVDA,0.09937960917621402
2025-07-02,2. Equal Weight,TSLA,0.09723732854465249
2025-07-02,2. Equal Weight,V,0.1012999512051403
2025-07-02,3. Quintile Momentum,CASH,1.0
2025-07-02,4. Quintile Low Vol,CASH,1.0
2025-07-02,5. Mean Reversion,AAPL,0.1267784813773907
2025-07-02,5. Mean Reversion,AMZN,0.07510824738214297
2025-07-02,5. Mean Reversion,CASH,-0.0003352793493299102
2025-07-02,5. Mean Reversion,GOOGL,0.12137531500223644
2025-07-02,5. Mean Reversion,JNJ,0.20688494134712437
2025-07-02,5. Mean Reversion,META,0.0663186739734243
2025-07-02,5. Mean Reversion,MSFT,0.04622684740061113
2025-07-02,5. Mean Reversion,NVDA,0.03866704634935125
2025-07-02,5. Mean Reversion,TSLA,0.1264207123999182
2025-07-02,5. Mean Reversion,V,0.19255501411713044
2025-07-02,6. GMVP,CASH,1.0
2025-07-02,7. Inverse Volatility,CASH,1.0
2025-07-02,8. Risk Parity,CASH,1.0
2025-07-02,9. Max Diversification,CASH,1.0
2025-07-03,1. Buy & Hold,AAPL,0.1000021970495491
2025-07-03,1. Buy & Hold,AMZN,0.1000021970495491
2025-07-03,1. Buy & Hold,CASH,-2.1970495491018578e-05
2025-07-03,1. Buy & Hold,GOOGL,0.1000021970495491
2025-07-03,1. Buy & Hold,JNJ,0.1000021970495491
2025-07-03,1. Buy & Hold,JPM,0.1000021970495491
2025-07-03,1. Buy & Hold,META,0.1000021970495491
2025-07-03,1. Buy & Hold,MSFT,0.1000021970495491
2025-07-03,1. Buy & Hold,NVDA,0.10000219704954909
2025-07-03,1. Buy & Hold,TSLA,0.10000219704954909
2025-07-03,1. Buy & Hold,V,0.1000021970495491
2025-07-03,10. Max Decorrelation,AAPL,0.19626337668909064
2025-07-03,10. Max Decorrelation,AMZN,0.04829097828443558
2025-07-03,10. Max Decorrelation,CASH,-0.0011012113324657122
2025-07-03,10. Max Decorrelation,GOOGL,0.1303598699276502
2025-07-03,10. Max Decorrelation,JNJ,0.1453488932984748
2025-07-03,10. Max Decorrelation,MSFT,0.2022737661127361
2025-07-03,10. Max Decorrelation,NVDA,0.023096932943497246
2025-07-03,10. Max Decorrelation,TSLA,0.1609001367668658
2025-07-03,10. Max Decorrelation,V,0.09456725730971549
2025-07-03,11. Sharpe Maximization,AAPL,0.10609978487102124
2025-07-03,11. Sharpe Maximization,AMZN,0.09519652126045854
2025-07-03,11. Sharpe Maximization,CASH,-0.0011012113324659347
2025-07-03,11. Sharpe Maximization,JNJ,0.061585120014366376
2025-07-03,11. Sharpe Maximization,JPM,0.3003111120387276
2025-07-03,11. Sharpe Maximization,MSFT,0.3003123896616146
2025-07-03,11. Sharpe Maximization,NVDA,0.13758715008676178
2025-07-03,11. Sharpe Maximization,V,9.133399515654744e-06
2025-07-03,12. CVaR Minimization,AMZN,0.3003267273848381
2025-07-03,12. CVaR Minimization,CASH,-0.0011012113324657122
2025-07-03,12. CVaR Minimization,GOOGL,0.011369478350111355
2025-07-03,12. CVaR Minimization,JNJ,0.13458343911915208
2025-07-03,12. CVaR Minimization,JPM,0.2402659782549922
2025-07-03,12. CVaR Minimization,MSFT,0.3003275323052959
2025-07-03,12. CVaR Minimization,TSLA,0.01422805591807614
2025-07-03,2. Equal Weight,AAPL,0.10000219704954912
2025-07-03,2. Equal Weight,AMZN,0.10000219704954912
2025-07-03,2. Equal Weight,CASH,-2.197049549101862e-05
2025-07-03,2. Equal Weight,GOOGL,0.10000219704954912
2025-07-03,2. Equal Weight,JNJ,0.10000219704954912
2025-07-03,2. Equal Weight,JPM,0.10000219704954912
2025-07-03,2. Equal Weight,META,0.10000219704954912
2025-07-03,2. Equal Weight,MSFT,0.10000219704954912
2025-07-03,2. Equal Weight,NVDA,0.10000219704954912
2025-07-03,2. Equal Weight,TSLA,0.10000219704954912
2025-07-03,2. Equal Weight,V,0.10000219704954912
2025-07-03,3. Quintile Momentum,CASH,1.0
2025-07-03,4. Quintile Low Vol,CASH,1.0
2025-07-03,5. Mean Reversion,AAPL,0.05229502813575536
2025-07-03,5. Mean Reversion,AMZN,0.11654409795430604
2025-07-03,5. Mean Reversion,CASH,-0.0006046995217754792
2025-07-03,5. Mean Reversion,GOOGL,0.13400439489992116
2025-07-03,5. Mean Reversion,JNJ,0.0977916341023111
2025-07-03,5. Mean Reversion,META,0.13239787705911374
2025-07-03,5. Mean Reversion,MSFT,0.10443495902826667
2025-07-03,5. Mean Reversion,NVDA,0.09817865657064093
2025-07-03,5. Mean Reversion,TSLA,0.1633602715073934
2025-07-03,5. Mean Reversion,V,0.10159778026406717
2025-07-03,6. GMVP,AAPL,0.17916977704610995
2025-07-03,6. GMVP,AMZN,0.0091877423975957
2025-07-03,6. GMVP,CASH,-0.0011012113324657125
2025-07-03,6. GMVP,GOOGL,0.04083759165914694
2025-07-03,6. GMVP,JNJ,0.2567865853130656
2025-07-03,6. GMVP,JPM,0.014568909250314626
2025-07-03,6. GMVP,MSFT,0.5005506056662328
2025-07-03,7. Inverse Volatility,AAPL,0.10777670002729788
2025-07-03,7. Inverse Volatility,AMZN,0.09041794097087087
2025-07-03,7. Inverse Volatility,CASH,-0.0011012113324657122
2025-07-03,7. Inverse Volatility,GOOGL,0.07933469011134167
2025-07-03,7. Inverse Volatility,JNJ,0.14907075562330452
2025-07-03,7. Inverse Volatility,JPM,0.14382169512619006
2025-07-03,7. Inverse Volatility,META,0.0811089638752259
2025-07-03,7. Inverse Volatility,MSFT,0.17262985284099586
2025-07-03,7. Inverse Volatility,NVDA,0.07862907056590684
2025-07-03,7. Inverse Volatility,TSLA,0.027848701022850992
2025-07-03,7. Inverse Volatility,V,0.07046284116848107
2025-07-03,8. Risk Parity,AAPL,0.1276664752535979
2025-07-03,8. Risk Parity,AMZN,0.07800288600708115
2025-07-03,8. Risk Parity,CASH,-0.0011012113324657122
2025-07-03,8. Risk Parity,GOOGL,0.06963752120799487
2025-07-03,8. Risk Parity,JNJ,0.19694233073624187
2025-07-03,8. Risk Parity,JPM,0.11293349973602249
2025-07-03,8. Risk Parity,META,0.05749499065282392
2025-07-03,8. Risk Parity,MSFT,0.18975791676911358
2025-07-03,8. Risk Parity,NVDA,0.06550378302132523
2025-07-03,8. Risk Parity,TSLA,0.03218456005400367
2025-07-03,8. Risk Parity,V,0.07097724789426116
2025-07-03,9. Max Diversification,AAPL,0.1972159185674102
2025-07-03,9. Max Diversification,AMZN,0.041161001492371375
2025-07-03,9. Max Diversification,CASH,-0.0011012113324659347
2025-07-03,9. Max Diversification,GOOGL,0.09108960384592776
2025-07-03,9. Max Diversification,JNJ,0.20059678148938276
2025-07-03,9. Max Diversification,MSFT,0.3496030523022557
2025-07-03,9. Max Diversification,NVDA,0.016228442074201075
2025-07-03,9. Max Diversification,TSLA,0.04192473172868909
2025-07-03,9. Max Diversification,V,0.06328167205078178
2025-07-07,1. Buy & Hold,AAPL,0.09965532290476488
2025-07-07,1. Buy & Hold,AMZN,0.10139132952506973
2025-07-07,1. Buy & Hold,CASH,-2.2269707220396167e-05
2025-07-07,1. Buy & Hold,GOOGL,0.09981708030639165
2025-07-07,1. Buy & Hold,JNJ,0.10088330780556455
2025-07-07,1. Buy & Hold,JPM,0.0999840481069668
2025-07-07,1. Buy & Hold,META,0.10127106168738502
2025-07-07,1. Buy & Hold,MSFT,0.10113652312914309
2025-07-07,1. Buy & Hold,NVDA,0.10066434195877284
2025-07-07,1. Buy & Hold,TSLA,0.0944822119229579
2025-07-07,1. Buy & Hold,V,0.10073704236020378
2025-07-07,10. Max Decorrelation,AAPL,0.19651109005671946
2025-07-07,10. Max Decorrelation,AMZN,0.04919422451421685
2025-07-07,10. Max Decorrelation,CASH,-0.0011215074605559806
2025-07-07,10. Max Decorrelation,GOOGL,0.13073626646341843
2025-07-07,10. Max Decorrelation,JNJ,0.14732564137330934
2025-07-07,10. Max Decorrelation,MSFT,0.20553930204777196
2025-07-07,10. Max Decorrelation,NVDA,0.023360238359064454
2025-07-07,10. Max Decorrelation,TSLA,0.15274034340988543
2025-07-07,10. Max Decorrelation,V,0.09571440123617013
2025-07-07,11. Sharpe Maximization,AAPL,0.10512780160853914
2025-07-07,11. Sharpe Maximization,AMZN,0.09596756488109288
2025-07-07,11. Sharpe Maximization,CASH,-0.0011098325250319568
2025-07-07,11. Sharpe Maximization,JNJ,0.061772856497402336
2025-07-07,11. Sharpe Maximization,JPM,0.2985414907657426
2025-07-07,11. Sharpe Maximization,MSFT,0.3019839405428048
2025-07-07,11. Sharpe Maximization,NVDA,0.13770703027002634
2025-07-07,11. Sharpe Maximization,V,9.147959423903135e-06
2025-07-07,12. CVaR Minimization,AMZN,0.30211211313829583
2025-07-07,12. CVaR Minimization,CASH,-0.0011074604015775301
2025-07-07,12. CVaR Minimization,GOOGL,0.011259490489796969
2025-07-07,12. CVaR Minimization,JNJ,0.1347051725762172
2025-07-07,12. CVaR Minimization,JPM,0.23833966917650326
2025-07-07,12. CVaR Minimization,MSFT,0.30135368331722684
2025-07-07,12. CVaR Minimization,TSLA,0.0133373317035374
2025-07-07,2. Equal Weight,AAPL,0.09965532290476488
2025-07-07,2. Equal Weight,AMZN,0.10139132952506971
2025-07-07,2. Equal Weight,CASH,-2.2269707220396208e-05
2025-07-07,2. Equal Weight,GOOGL,0.09981708030639168
2025-07-07,2. Equal Weight,JNJ,0.10088330780556455
2025-07-07,2. Equal Weight,JPM,0.0999840481069668
2025-07-07,2. Equal Weight,META,0.10127106168738502
2025-07-07,2. Equal Weight,MSFT,0.1011365231291431
2025-07-07,2. Equal Weight,NVDA,0.10066434195877287
2025-07-07,2. Equal Weight,TSLA,0.09448221192295793
2025-07-07,2. Equal Weight,V,0.10073704236020378
2025-07-07,3. Quintile Momentum,CASH,1.0
2025-07-07,4. Quintile Low Vol,CASH,1.0
2025-07-07,5. Mean Reversion,AAPL,0.052255415788935215
2025-07-07,5. Mean Reversion,AMZN,0.11848449142147253
2025-07-07,5. Mean Reversion,CASH,-0.0006146023672004461
2025-07-07,5. Mean Reversion,GOOGL,0.13412023646428334
2025-07-07,5. Mean Reversion,JNJ,0.09892166621796576
2025-07-07,5. Mean Reversion,META,0.13444256523577583
2025-07-07,5. Mean Reversion,MSFT,0.10590691709543289
2025-07-07,5. Mean Reversion,NVDA,0.09909760306358184
2025-07-07,5. Mean Reversion,TSLA,0.15476291620697338
2025-07-07,5. Mean Reversion,V,0.1026227908727797
2025-07-07,6. GMVP,AAPL,0.17724498171721914
2025-07-07,6. GMVP,AMZN,0.009247371859950655
2025-07-07,6. GMVP,CASH,-0.0011080607297703686
2025-07-07,6. GMVP,GOOGL,0.04046445344025518
2025-07-07,6. GMVP,JNJ,0.2571581778661267
2025-07-07,6. GMVP,JPM,0.014459938584764923
2025-07-07,6. GMVP,MSFT,0.5025331372614537
2025-07-07,7. Inverse Volatility,AAPL,0.10692212304828837
2025-07-07,7. Inverse Volatility,AMZN,0.09126360539112625
2025-07-07,7. Inverse Volatility,CASH,-0.0011112123522516774
2025-07-07,7. Inverse Volatility,GOOGL,0.0788333864478863
2025-07-07,7. Inverse Volatility,JNJ,0.14971108483892767
2025-07-07,7. Inverse Volatility,JPM,0.14315196384947723
2025-07-07,7. Inverse Volatility,META,0.08177045369575553
2025-07-07,7. Inverse Volatility,MSFT,0.17380653859778702
2025-07-07,7. Inverse Volatility,NVDA,0.07879542310799748
2025-07-07,7. Inverse Volatility,TSLA,0.026193720289489533
2025-07-07,7. Inverse Volatility,V,0.07066291308551628
2025-07-07,8. Risk Parity,AAPL,0.1266824264839595
2025-07-07,8. Risk Parity,AMZN,0.07874998753732253
2025-07-07,8. Risk Parity,CASH,-0.0011114600931027873
2025-07-07,8. Risk Parity,GOOGL,0.06921291979373595
2025-07-07,8. Risk Parity,JNJ,0.19783238714680662
2025-07-07,8. Risk Parity,JPM,0.11243266570581918
2025-07-07,8. Risk Parity,META,0.05797681790998483
2025-07-07,8. Risk Parity,MSFT,0.19109394566674046
2025-07-07,8. Risk Parity,NVDA,0.0656570016232022
2025-07-07,8. Risk Parity,TSLA,0.03027865875324388
2025-07-07,8. Risk Parity,V,0.07119464947228775
2025-07-07,9. Max Diversification,AAPL,0.19580826313354863
2025-07-07,9. Max Diversification,AMZN,0.04157912050073429
2025-07-07,9. Max Diversification,CASH,-0.0011120989154893206
2025-07-07,9. Max Diversification,GOOGL,0.09058623788112685
2025-07-07,9. Max Diversification,JNJ,0.20161916972840294
2025-07-07,9. Max Diversification,MSFT,0.35226685558795445
2025-07-07,9. Max Diversification,NVDA,0.016275750972672493
2025-07-07,9. Max Diversification,TSLA,0.03946470783618437
2025-07-07,9. Max Diversification,V,0.06351198542369813
2025-07-08,1. Buy & Hold,AAPL,0.10009828236359433
2025-07-08,1. Buy & Hold,AMZN,0.0999403934777989
2025-07-08,1. Buy & Hold,CASH,-2.236230342920219e-05
2025-07-08,1. Buy & Hold,GOOGL,0.09885441162527783
2025-07-08,1. Buy & Hold,JNJ,0.10164203850602678
2025-07-08,1. Buy & Hold,JPM,0.0972396092921134
2025-07-08,1. Buy & Hold,META,0.1020205684741161
2025-07-08,1. Buy & Hold,MSFT,0.1013325942066364
2025-07-08,1. Buy & Hold,NVDA,0.10220717766986415
2025-07-08,1. Buy & Hold,TSLA,0.09612418428281927
2025-07-08,1. Buy & Hold,V,0.10056310240518192
2025-07-08,10. Max Decorrelation,AAPL,0.1967436448209779
2025-07-08,10. Max Decorrelation,AMZN,0.0483327915544071
2025-07-08,10. Max Decorrelation,CASH,-0.001122513878058999
2025-07-08,10. Max Decorrelation,GOOGL,0.12905498805114143
2025-07-08,10. Max Decorrelation,JNJ,0.1479516854095009
2025-07-08,10. Max Decorrelation,MSFT,0.2052690832266487
2025-07-08,10. Max Decorrelation,NVDA,0.023641255158553677
2025-07-08,10. Max Decorrelation,TSLA,0.1548901860921477
2025-07-08,10. Max Decorrelation,V,0.0952388795646817
2025-07-08,11. Sharpe Maximization,AAPL,0.10622656610625819
2025-07-08,11. Sharpe Maximization,AMZN,0.09515993734338521
2025-07-08,11. Sharpe Maximization,CASH,-0.001121111770378632
2025-07-08,11. Sharpe Maximization,JNJ,0.062609635109239
2025-07-08,11. Sharpe Maximization,JPM,0.2920832291818373
2025-07-08,11. Sharpe Maximization,MSFT,0.30437881713526305
2025-07-08,11. Sharpe Maximization,NVDA,0.14065374011829004
2025-07-08,11. Sharpe Maximization,V,9.186776105839438e-06
2025-07-08,12. CVaR Minimization,AMZN,0.30053859309531805
2025-07-08,12. CVaR Minimization,CASH,-0.0011223339711953582
2025-07-08,12. CVaR Minimization,GOOGL,0.01125386769072487
2025-07-08,12. CVaR Minimization,JNJ,0.13697149592732472
2025-07-08,12. CVaR Minimization,JPM,0.23393795786208502
2025-07-08,12. CVaR Minimization,MSFT,0.30472600577207576
2025-07-08,12. CVaR Minimization,TSLA,0.013694413623667068
2025-07-08,2. Equal Weight,AAPL,0.10009828236359432
2025-07-08,2. Equal Weight,AMZN,0.09994039347779886
2025-07-08,2. Equal Weight,CASH,-2.2362303429202226e-05
2025-07-08,2. Equal Weight,GOOGL,0.09885441162527782
2025-07-08,2. Equal Weight,JNJ,0.10164203850602677
2025-07-08,2. Equal Weight,JPM,0.09723960929211338
2025-07-08,2. Equal Weight,META,0.10202056847411609
2025-07-08,2. Equal Weight,MSFT,0.10133259420663639
2025-07-08,2. Equal Weight,NVDA,0.10220717766986415
2025-07-08,2. Equal Weight,TSLA,0.09612418428281927
2025-07-08,2. Equal Weight,V,0.10056310240518189
2025-07-08,3. Quintile Momentum,CASH,1.0
2025-07-08,4. Quintile Low Vol,CASH,1.0
2025-07-08,5. Mean Reversion,AAPL,0.05231941832707862
2025-07-08,5. Mean Reversion,AMZN,0.11641453841095456
2025-07-08,5. Mean Reversion,CASH,-0.0006151793260327763
2025-07-08,5. Mean Reversion,GOOGL,0.13240091251370573
2025-07-08,5. Mean Reversion,JNJ,0.09934612921944691
2025-07-08,5. Mean Reversion,META,0.13500337984719807
2025-07-08,5. Mean Reversion,MSFT,0.10577205509272557
2025-07-08,5. Mean Reversion,NVDA,0.10029386357648373
2025-07-08,5. Mean Reversion,TSLA,0.15694771407464603
2025-07-08,5. Mean Reversion,V,0.10211716826379376
2025-07-08,6. GMVP,AAPL,0.1775406701882155
2025-07-08,6. GMVP,AMZN,0.00908984214936683
2025-07-08,6. GMVP,CASH,-0.0011095921473178681
2025-07-08,6. GMVP,GOOGL,0.03996342063540198
2025-07-08,6. GMVP,JNJ,0.25837600276656797
2025-07-08,6. GMVP,JPM,0.014024155535742735
2025-07-08,6. GMVP,MSFT,0.5021155008720227
2025-07-08,7. Inverse Volatility,AAPL,0.10760355659963826
2025-07-08,7. Inverse Volatility,AMZN,0.09013029382449214
2025-07-08,7. Inverse Volatility,CASH,-0.0011179748071471914
2025-07-08,7. Inverse Volatility,GOOGL,0.07822297051049933
2025-07-08,7. Inverse Volatility,JNJ,0.151126609246316
2025-07-08,7. Inverse Volatility,JPM,0.13948988856931352
2025-07-08,7. Inverse Volatility,META,0.08253377537912307
2025-07-08,7. Inverse Volatility,MSFT,0.17447780155317152
2025-07-08,7. Inverse Volatility,NVDA,0.0801566682109888
2025-07-08,7. Inverse Volatility,TSLA,0.026700090232910523
2025-07-08,7. Inverse Volatility,V,0.07067632068069404
2025-07-08,8. Risk Parity,AAPL,0.12732511218682502
2025-07-08,8. Risk Parity,AMZN,0.07767160875092657
2025-07-08,8. Risk Parity,CASH,-0.0011167796002289141
2025-07-08,8. Risk Parity,GOOGL,0.06858828336548267
2025-07-08,8. Risk Parity,JNJ,0.19944493607993102
2025-07-08,8. Risk Parity,JPM,0.10941492479270575
2025-07-08,8. Risk Parity,META,0.058442437490989
2025-07-08,8. Risk Parity,MSFT,0.19158417763269497
2025-07-08,8. Risk Parity,NVDA,0.06670499446449282
2025-07-08,8. Risk Parity,TSLA,0.03082412934704316
2025-07-08,8. Risk Parity,V,0.07111617548913786
2025-07-08,9. Max Diversification,AAPL,0.19620341166909644
2025-07-08,9. Max Diversification,AMZN,0.040885089320249576
2025-07-08,9. Max Diversification,CASH,-0.0011140248048697242
2025-07-08,9. Max Diversification,GOOGL,0.08949583650423831
2025-07-08,9. Max Diversification,JNJ,0.20264471884134752
2025-07-08,9. Max Diversification,MSFT,0.35209701209041633
2025-07-08,9. Max Diversification,NVDA,0.016485274702996464
2025-07-08,9. Max Diversification,TSLA,0.04005354153755046
2025-07-08,9. Max Diversification,V,0.0632491322488107
2025-07-09,1. Buy & Hold,AAPL,0.09974253515258223
2025-07-09,1. Buy & Hold,AMZN,0.1004881697330608
2025-07-09,1. Buy & Hold,CASH,-2.21635728174099e-05
2025-07-09,1. Buy & Hold,GOOGL,0.09924583969821589
2025-07-09,1. Buy & Hold,JNJ,0.10105560971510749
2025-07-09,1. Buy & Hold,JPM,0.09650496412333208
2025-07-09,1. Buy & Hold,META,0.10281302514226691
2025-07-09,1. Buy & Hold,MSFT,0.101825438915577
2025-07-09,1. Buy & Hold,NVDA,0.10312225679676866
2025-07-09,1. Buy & Hold,TSLA,0.09465253192961502
2025-07-09,1. Buy & Hold,V,0.10057179236629145
2025-07-09,10. Max Decorrelation,AAPL,0.1964215598680049
2025-07-09,10. Max Decorrelation,AMZN,0.04869119420793573
2025-07-09,10. Max Decorrelation,CASH,-0.0011146784875442665
2025-07-09,10. Max Decorrelation,GOOGL,0.12981525047056797
2025-07-09,10. Max Decorrelation,JNJ,0.14738104877797445
2025-07-09,10. Max Decorrelation,MSFT,0.20666424129093136
2025-07-09,10. Max Decorrelation,NVDA,0.02389880627931338
2025-07-09,10. Max Decorrelation,TSLA,0.15281223778229566
2025-07-09,10. Max Decorrelation,V,0.09543033981052085
2025-07-09,11. Sharpe Maximization,AAPL,0.10581456695587338
2025-07-09,11. Sharpe Maximization,AMZN,0.09565035091696567
2025-07-09,11. Sharpe Maximization,CASH,-0.0011107867386284235
2025-07-09,11. Sharpe Maximization,JNJ,0.062228133100081455
2025-07-09,11. Sharpe Maximization,JPM,0.2897821357367372
2025-07-09,11. Sharpe Maximization,MSFT,0.30575959446961215
2025-07-09,11. Sharpe Maximization,NVDA,0.1418668209815368
2025-07-09,11. Sharpe Maximization,V,9.184577821800173e-06
2025-07-09,12. CVaR Minimization,AMZN,0.3020600318096024
2025-07-09,12. CVaR Minimization,CASH,-0.001111896791417202
2025-07-09,12. CVaR Minimization,GOOGL,0.011293724609539958
2025-07-09,12. CVaR Minimization,JNJ,0.1361245298068963
2025-07-09,12. CVaR Minimization,JPM,0.23207388709124813
2025-07-09,12. CVaR Minimization,MSFT,0.30608058474924255
2025-07-09,12. CVaR Minimization,TSLA,0.013479138724887887
2025-07-09,2. Equal Weight,AAPL,0.09974253515258222
2025-07-09,2. Equal Weight,AMZN,0.10048816973306077
2025-07-09,2. Equal Weight,CASH,-2.2163572817409934e-05
2025-07-09,2. Equal Weight,GOOGL,0.09924583969821589
2025-07-09,2. Equal Weight,JNJ,0.10105560971510746
2025-07-09,2. Equal Weight,JPM,0.09650496412333207
2025-07-09,2. Equal Weight,META,0.10281302514226688
2025-07-09,2. Equal Weight,MSFT,0.10182543891557698
2025-07-09,2. Equal Weight,NVDA,0.10312225679676866
2025-07-09,2. Equal Weight,TSLA,0.09465253192961502
2025-07-09,2. Equal Weight,V,0.10057179236629143
2025-07-09,3. Quintile Momentum,CASH,1.0
2025-07-09,4. Quintile Low Vol,CASH,1.0
2025-07-09,5. Mean Reversion,AAPL,0.05210868896020728
2025-07-09,5. Mean Reversion,AMZN,0.1169969564202946
2025-07-09,5. Mean Reversion,CASH,-0.0006094224226171434
2025-07-09,5. Mean Reversion,GOOGL,0.13286197246966855
2025-07-09,5. Mean Reversion,JNJ,0.09872598446915402
2025-07-09,5. Mean Reversion,META,0.13598734741302973
2025-07-09,5. Mean Reversion,MSFT,0.10623595702501859
2025-07-09,5. Mean Reversion,NVDA,0.10114370007089336
2025-07-09,5. Mean Reversion,TSLA,0.15447137963018026
2025-07-09,5. Mean Reversion,V,0.10207743596417064
2025-07-09,6. GMVP,AAPL,0.17683323375474247
2025-07-09,6. GMVP,AMZN,0.009135713669256506
2025-07-09,6. GMVP,CASH,-0.0010992560543775956
2025-07-09,6. GMVP,GOOGL,0.040104320839552544
2025-07-09,6. GMVP,JNJ,0.2567742634419425
2025-07-09,6. GMVP,JPM,0.013912187587540044
2025-07-09,6. GMVP,MSFT,0.5043395367613436
2025-07-09,7. Inverse Volatility,AAPL,0.1071878911337433
2025-07-09,7. Inverse Volatility,AMZN,0.09059620193195714
2025-07-09,7. Inverse Volatility,CASH,-0.0011076959685152497
2025-07-09,7. Inverse Volatility,GOOGL,0.07850835584704745
2025-07-09,7. Inverse Volatility,JNJ,0.1502080892477351
2025-07-09,7. Inverse Volatility,JPM,0.13839311950738198
2025-07-09,7. Inverse Volatility,META,0.08314907715676105
2025-07-09,7. Inverse Volatility,MSFT,0.17527203664011756
2025-07-09,7. Inverse Volatility,NVDA,0.08084924953332255
2025-07-09,7. Inverse Volatility,TSLA,0.02628316251909358
2025-07-09,7. Inverse Volatility,V,0.0706605124513558
2025-07-09,8. Risk Parity,AAPL,0.1268986678255631
2025-07-09,8. Risk Parity,AMZN,0.07811337451728756
2025-07-09,8. Risk Parity,CASH,-0.0011070823460312218
2025-07-09,8. Risk Parity,GOOGL,0.06887401591762358
2025-07-09,8. Risk Parity,JNJ,0.19833496888065363
2025-07-09,8. Risk Parity,JPM,0.10861060498420053
2025-07-09,8. Risk Parity,META,0.058908496420643525
2025-07-09,8. Risk Parity,MSFT,0.19255552616806312
2025-07-09,8. Risk Parity,NVDA,0.06731604368497446
2025-07-09,8. Risk Parity,TSLA,0.030358450755894592
2025-07-09,8. Risk Parity,V,0.07113693319112711
2025-07-09,9. Max Diversification,AAPL,0.19551115129070495
2025-07-09,9. Max Diversification,AMZN,0.04111024198629621
2025-07-09,9. Max Diversification,CASH,-0.0011041531021839853
2025-07-09,9. Max Diversification,GOOGL,0.08985252537226829
2025-07-09,9. Max Diversification,JNJ,0.2014807464918882
2025-07-09,9. Max Diversification,MSFT,0.3538186086877537
2025-07-09,9. Max Diversification,NVDA,0.01663329930566643
2025-07-09,9. Max Diversification,TSLA,0.0394413427667844
2025-07-09,9. Max Diversification,V,0.06325622924916494
2025-07-10,1. Buy & Hold,AAPL,0.09962587534115967
2025-07-10,1. Buy & Hold,AMZN,0.09964499014136652
2025-07-10,1. Buy & Hold,CASH,-2.2005289019771837e-05
2025-07-10,1. Buy & Hold,GOOGL,0.09909496803713282
2025-07-10,1. Buy & Hold,JNJ,0.10123914841950722
2025-07-10,1. Buy & Hold,JPM,0.09751781526645258
2025-07-10,1. Buy & Hold,META,0.10130703261644242
2025-07-10,1. Buy & Hold,MSFT,0.10069064288239529
2025-07-10,1. Buy & Hold,NVDA,0.10315268462792099
2025-07-10,1. Buy & Hold,TSLA,0.09842002338656995
2025-07-10,1. Buy & Hold,V,0.0993288245700723
2025-07-10,10. Max Decorrelation,AAPL,0.1957910596706005
2025-07-10,10. Max Decorrelation,AMZN,0.048184006871432136
2025-07-10,10. Max Decorrelation,CASH,-0.0011044571706866628
2025-07-10,10. Max Decorrelation,GOOGL,0.12935313551603098
2025-07-10,10. Max Decorrelation,JNJ,0.14734712039316786
2025-07-10,10. Max Decorrelation,MSFT,0.20394361561461719
2025-07-10,10. Max Decorrelation,NVDA,0.023857025176309218
2025-07-10,10. Max Decorrelation,TSLA,0.15857010626685172
2025-07-10,10. Max Decorrelation,V,0.09405838766167701
2025-07-10,11. Sharpe Maximization,AAPL,0.10581035356898161
2025-07-10,11. Sharpe Maximization,AMZN,0.09495504827909108
2025-07-10,11. Sharpe Maximization,CASH,-0.0011041013760171908
2025-07-10,11. Sharpe Maximization,JNJ,0.06241166770215642
2025-07-10,11. Sharpe Maximization,JPM,0.29315471067299775
2025-07-10,11. Sharpe Maximization,MSFT,0.3026940439558231
2025-07-10,11. Sharpe Maximization,NVDA,0.14206919587102787
2025-07-10,11. Sharpe Maximization,V,9.081325939436689e-06
2025-07-10,12. CVaR Minimization,AMZN,0.3003470798490952
2025-07-10,12. CVaR Minimization,CASH,-0.0011069841452180213
2025-07-10,12. CVaR Minimization,GOOGL,0.01130748714190221
2025-07-10,12. CVaR Minimization,JNJ,0.13674582225951012
2025-07-10,12. CVaR Minimization,JPM,0.23515282666691079
2025-07-10,12. CVaR Minimization,MSFT,0.3034996698619932
2025-07-10,12. CVaR Minimization,TSLA,0.014054098365806369
2025-07-10,2. Equal Weight,AAPL,0.09962587534115967
2025-07-10,2. Equal Weight,AMZN,0.0996449901413665
2025-07-10,2. Equal Weight,CASH,-2.2005289019771874e-05
2025-07-10,2. Equal Weight,GOOGL,0.0990949680371328
2025-07-10,2. Equal Weight,JNJ,0.10123914841950722
2025-07-10,2. Equal Weight,JPM,0.09751781526645258
2025-07-10,2. Equal Weight,META,0.10130703261644239
2025-07-10,2. Equal Weight,MSFT,0.10069064288239529
2025-07-10,2. Equal Weight,NVDA,0.103152684627921
2025-07-10,2. Equal Weight,TSLA,0.09842002338656997
2025-07-10,2. Equal Weight,V,0.0993288245700723
2025-07-10,3. Quintile Momentum,CASH,1.0
2025-07-10,4. Quintile Low Vol,CASH,1.0
2025-07-10,5. Mean Reversion,AAPL,0.05201237820888064
2025-07-10,5. Mean Reversion,AMZN,0.11593642755025382
2025-07-10,5. Mean Reversion,CASH,-0.0006046590436704814
2025-07-10,5. Mean Reversion,GOOGL,0.13256986210943253
2025-07-10,5. Mean Reversion,JNJ,0.09883809068648688
2025-07-10,5. Mean Reversion,META,0.13390437806012057
2025-07-10,5. Mean Reversion,MSFT,0.10498063008294756
2025-07-10,5. Mean Reversion,NVDA,0.10110480154292037
2025-07-10,5. Mean Reversion,TSLA,0.16051073042497577
2025-07-10,5. Mean Reversion,V,0.10074736037765226
2025-07-10,6. GMVP,AAPL,0.1775755226878563
2025-07-10,6. GMVP,AMZN,0.009107736907675315
2025-07-10,6. GMVP,CASH,-0.001097270332918418
2025-07-10,6. GMVP,GOOGL,0.04025853086330884
2025-07-10,6. GMVP,JNJ,0.25862292173171997
2025-07-10,6. GMVP,JPM,0.014133743299260012
2025-07-10,6. GMVP,MSFT,0.5013988148430979
2025-07-10,7. Inverse Volatility,AAPL,0.10730355385254199
2025-07-10,7. Inverse Volatility,AMZN,0.090038272742179
2025-07-10,7. Inverse Volatility,CASH,-0.0011022611807055061
2025-07-10,7. Inverse Volatility,GOOGL,0.07856548670321027
2025-07-10,7. Inverse Volatility,JNJ,0.15081967823417067
2025-07-10,7. Inverse Volatility,JPM,0.14016043601857625
2025-07-10,7. Inverse Volatility,META,0.08211557188383774
2025-07-10,7. Inverse Volatility,MSFT,0.17370890701004402
2025-07-10,7. Inverse Volatility,NVDA,0.08105517561556716
2025-07-10,7. Inverse Volatility,TSLA,0.027390848148996404
2025-07-10,7. Inverse Volatility,V,0.06994433097158205
2025-07-10,8. Risk Parity,AAPL,0.12701192918791254
2025-07-10,8. Risk Parity,AMZN,0.07761785453827288
2025-07-10,8. Risk Parity,CASH,-0.001101445298120432
2025-07-10,8. Risk Parity,GOOGL,0.0689112931765799
2025-07-10,8. Risk Parity,JNJ,0.19910540556032394
2025-07-10,8. Risk Parity,JPM,0.10997709508370083
2025-07-10,8. Risk Parity,META,0.05816545055925196
2025-07-10,8. Risk Parity,MSFT,0.19080269816138695
2025-07-10,8. Risk Parity,NVDA,0.06747492522297328
2025-07-10,8. Risk Parity,TSLA,0.03163199148435932
2025-07-10,8. Risk Parity,V,0.07040280232335887
2025-07-10,9. Max Diversification,AAPL,0.19596571656060166
2025-07-10,9. Max Diversification,AMZN,0.04090791873170206
2025-07-10,9. Max Diversification,CASH,-0.0011001031848917864
2025-07-10,9. Max Diversification,GOOGL,0.090029823373717
2025-07-10,9. Max Diversification,JNJ,0.2025528820218971
2025-07-10,9. Max Diversification,MSFT,0.35109958191364554
2025-07-10,9. Max Diversification,NVDA,0.016696419498823434
2025-07-10,9. Max Diversification,TSLA,0.0411547283205268
2025-07-10,9. Max Diversification,V,0.06269302490138332
2025-07-11,1. Buy & Hold,AAPL,0.10000155391650332
2025-07-11,1. Buy & Hold,AMZN,0.10000155391650332
2025-07-11,1. Buy & Hold,CASH,-1.553916503307566e-05
2025-07-11,1. Buy & Hold,GOOGL,0.10000155391650332
2025-07-11,1. Buy & Hold,JNJ,0.10000155391650332
2025-07-11,1. Buy & Hold,JPM,0.10000155391650332
2025-07-11,1. Buy & Hold,META,0.10000155391650332
2025-07-11,1. Buy & Hold,MSFT,0.10000155391650332
2025-07-11,1. Buy & Hold,NVDA,0.1000015539165033
2025-07-11,1. Buy & Hold,TSLA,0.1000015539165033
2025-07-11,1. Buy & Hold,V,0.10000155391650332
2025-07-11,10. Max Decorrelation,AAPL,0.1462900904514084
2025-07-11,10. Max Decorrelation,AMZN,0.0785569619308158
2025-07-11,10. Max Decorrelation,CASH,-0.00033373207534213227
2025-07-11,10. Max Decorrelation,GOOGL,0.06850467869468581
2025-07-11,10. Max Decorrelation,JNJ,0.17608531689279974
2025-07-11,10. Max Decorrelation,META,0.017040036910068508
2025-07-11,10. Max Decorrelation,MSFT,0.163084500599752
2025-07-11,10. Max Decorrelation,NVDA,0.06581572868884762
2025-07-11,10. Max Decorrelation,TSLA,0.17655457946619801
2025-07-11,10. Max Decorrelation,V,0.10840183844076645
2025-07-11,11. Sharpe Maximization,AAPL,0.05556259260166712
2025-07-11,11. Sharpe Maximization,AMZN,0.05507727970816102
2025-07-11,11. Sharpe Maximization,CASH,-0.0003885210227400104
2025-07-11,11. Sharpe Maximization,GOOGL,3.886251156424301e-06
2025-07-11,11. Sharpe Maximization,JNJ,0.16922132959240666
2025-07-11,11. Sharpe Maximization,JPM,0.2089878167114574
2025-07-11,11. Sharpe Maximization,MSFT,0.3001017924939983
2025-07-11,11. Sharpe Maximization,NVDA,0.2114069560097387
2025-07-11,11. Sharpe Maximization,V,2.686765415446737e-05
2025-07-11,12. CVaR Minimization,AAPL,0.009225057077390943
2025-07-11,12. CVaR Minimization,AMZN,0.2745476077637634
2025-07-11,12. CVaR Minimization,CASH,-0.00041012624458037415
2025-07-11,12. CVaR Minimization,GOOGL,2.1919995580631595e-05
2025-07-11,12. CVaR Minimization,JNJ,0.20880941412295942
2025-07-11,12. CVaR Minimization,JPM,0.10538213138264475
2025-07-11,12. CVaR Minimization,META,2.4670137713659415e-05
2025-07-11,12. CVaR Minimization,MSFT,0.3001492735033149
2025-07-11,12. CVaR Minimization,NVDA,0.10219389457190242
2025-07-11,12. CVaR Minimization,TSLA,2.6865748210085313e-05
2025-07-11,12. CVaR Minimization,V,2.929194110022335e-05
2025-07-11,2. Equal Weight,AAPL,0.10000155391650331
2025-07-11,2. Equal Weight,AMZN,0.10000155391650331
2025-07-11,2. Equal Weight,CASH,-1.553916503307566e-05
2025-07-11,2. Equal Weight,GOOGL,0.10000155391650331
2025-07-11,2. Equal Weight,JNJ,0.10000155391650331
2025-07-11,2. Equal Weight,JPM,0.10000155391650331
2025-07-11,2. Equal Weight,META,0.10000155391650331
2025-07-11,2. Equal Weight,MSFT,0.10000155391650331
2025-07-11,2. Equal Weight,NVDA,0.10000155391650331
2025-07-11,2. Equal Weight,TSLA,0.10000155391650331
2025-07-11,2. Equal Weight,V,0.10000155391650331
2025-07-11,3. Quintile Momentum,CASH,1.0
2025-07-11,4. Quintile Low Vol,CASH,1.0
2025-07-11,5. Mean Reversion,AMZN,0.07165071266576274
2025-07-11,5. Mean Reversion,CASH,-0.0007812094315944194
2025-07-11,5. Mean Reversion,GOOGL,0.0663506419412008
2025-07-11,5. Mean Reversion,JNJ,0.0006164342019643079
2025-07-11,5. Mean Reversion,JPM,0.18443286457979893
2025-07-11,5. Mean Reversion,META,0.20300584646699588
2025-07-11,5. Mean Reversion,MSFT,0.11114548522500801
2025-07-11,5. Mean Reversion,NVDA,0.00925550388183596
2025-07-11,5. Mean Reversion,TSLA,0.2054494658933845
2025-07-11,5. Mean Reversion,V,0.14887425457564316
2025-07-11,6. GMVP,AAPL,0.1599926420507194
2025-07-11,6. GMVP,CASH,-0.0001593697283068224
2025-07-11,6. GMVP,GOOGL,0.023016851723842
2025-07-11,6. GMVP,JNJ,0.3291956194885994
2025-07-11,6. GMVP,MSFT,0.48795425646514606
2025-07-11,7. Inverse Volatility,AAPL,0.11287104954402755
2025-07-11,7. Inverse Volatility,AMZN,0.09318408641224461
2025-07-11,7. Inverse Volatility,CASH,-8.759170277254912e-05
2025-07-11,7. Inverse Volatility,GOOGL,0.08443058690400194
2025-07-11,7. Inverse Volatility,JNJ,0.15491704172058796
2025-07-11,7. Inverse Volatility,JPM,0.10805478500314501
2025-07-11,7. Inverse Volatility,META,0.08944740145122043
2025-07-11,7. Inverse Volatility,MSFT,0.16647448028296707
2025-07-11,7. Inverse Volatility,NVDA,0.08099789840404113
2025-07-11,7. Inverse Volatility,TSLA,0.03867336357422615
2025-07-11,7. Inverse Volatility,V,0.0710368984063108
2025-07-11,8. Risk Parity,AAPL,0.12367021229897443
2025-07-11,8. Risk Parity,AMZN,0.07962703512474734
2025-07-11,8. Risk Parity,CASH,-8.403002384980747e-05
2025-07-11,8. Risk Parity,GOOGL,0.06955278002568328
2025-07-11,8. Risk Parity,JNJ,0.2097388942890944
2025-07-11,8. Risk Parity,JPM,0.0940999979233162
2025-07-11,8. Risk Parity,META,0.06822940036149355
2025-07-11,8. Risk Parity,MSFT,0.17173462128724157
2025-07-11,8. Risk Parity,NVDA,0.07297548500086526
2025-07-11,8. Risk Parity,TSLA,0.03355945345651842
2025-07-11,8. Risk Parity,V,0.07689615025591531
2025-07-11,9. Max Diversification,AAPL,0.1553476900848317
2025-07-11,9. Max Diversification,AMZN,0.06918031852055442
2025-07-11,9. Max Diversification,CASH,-0.0003548199592674971
2025-07-11,9. Max Diversification,GOOGL,0.05114587190134927
2025-07-11,9. Max Diversification,JNJ,0.2633166558985486
2025-07-11,9. Max Diversification,META,0.012890298051833412
2025-07-11,9. Max Diversification,MSFT,0.27038508503519965
2025-07-11,9. Max Diversification,NVDA,0.050502524708544286
2025-07-11,9. Max Diversification,TSLA,0.048135286981853
2025-07-11,9. Max Diversification,V,0.07945108877655331
2025-07-14,1. Buy & Hold,AAPL,0.09858513401773018
2025-07-14,1. Buy & Hold,AMZN,0.10008254479419072
2025-07-14,1. Buy & Hold,CASH,-1.5505582069769057e-05
2025-07-14,1. Buy & Hold,GOOGL,0.10054410954820513
2025-07-14,1. Buy & Hold,JNJ,0.09973455387429023
2025-07-14,1. Buy & Hold,JPM,0.10042548393873352
2025-07-14,1. Buy & Hold,META,0.1002596673186478
2025-07-14,1. Buy & Hold,MSFT,0.09972595602461173
2025-07-14,1. Buy & Hold,NVDA,0.09927113683904015
2025-07-14,1. Buy & Hold,TSLA,0.10086441745159526
2025-07-14,1. Buy & Hold,V,0.10052250177502488
2025-07-14,10. Max Decorrelation,AAPL,0.14434856883636812
2025-07-14,10. Max Decorrelation,AMZN,0.07869174243825293
2025-07-14,10. Max Decorrelation,CASH,-0.0003333122193537752
2025-07-14,10. Max Decorrelation,GOOGL,0.06893868717055206
2025-07-14,10. Max Decorrelation,JNJ,0.17577412122750855
2025-07-14,10. Max Decorrelation,META,0.017099481163378342
2025-07-14,10. Max Decorrelation,MSFT,0.16278224705047817
2025-07-14,10. Max Decorrelation,NVDA,0.06539413991588358
2025-07-14,10. Max Decorrelation,TSLA,0.17823915480185573
2025-07-14,10. Max Decorrelation,V,0.10906516961507631
2025-07-14,11. Sharpe Maximization,AAPL,0.05492271214623683
2025-07-14,11. Sharpe Maximization,AMZN,0.055269923503747743
2025-07-14,11. Sharpe Maximization,CASH,-0.0003887225262633226
2025-07-14,11. Sharpe Maximization,GOOGL,3.917829556446688e-06
2025-07-14,11. Sharpe Maximization,JNJ,0.1692227678339223
2025-07-14,11. Sharpe Maximization,JPM,0.21043740803349742
2025-07-14,11. Sharpe Maximization,MSFT,0.30007847191695186
2025-07-14,11. Sharpe Maximization,NVDA,0.21042644111146883
2025-07-14,11. Sharpe Maximization,V,2.7080150881697803e-05
2025-07-14,12. CVaR Minimization,AAPL,0.009108888085235549
2025-07-14,12. CVaR Minimization,AMZN,0.27520788747925634
2025-07-14,12. CVaR Minimization,CASH,-0.0004098921281365883
2025-07-14,12. CVaR Minimization,GOOGL,2.207404723900228e-05
2025-07-14,12. CVaR Minimization,JNJ,0.20858381062877743
2025-07-14,12. CVaR Minimization,JPM,0.10599753955800377
2025-07-14,12. CVaR Minimization,META,2.477323407390672e-05
2025-07-14,12. CVaR Minimization,MSFT,0.29979913677500125
2025-07-14,12. CVaR Minimization,NVDA,0.10160915011070261
2025-07-14,12. CVaR Minimization,TSLA,2.7140747076567717e-05
2025-07-14,12. CVaR Minimization,V,2.9491462770053627e-05
2025-07-14,2. Equal Weight,AAPL,0.0985851340177302
2025-07-14,2. Equal Weight,AMZN,0.10008254479419075
2025-07-14,2. Equal Weight,CASH,-1.5505582069769057e-05
2025-07-14,2. Equal Weight,GOOGL,0.10054410954820514
2025-07-14,2. Equal Weight,JNJ,0.09973455387429024
2025-07-14,2. Equal Weight,JPM,0.10042548393873353
2025-07-14,2. Equal Weight,META,0.10025966731864783
2025-07-14,2. Equal Weight,MSFT,0.09972595602461175
2025-07-14,2. Equal Weight,NVDA,0.09927113683904018
2025-07-14,2. Equal Weight,TSLA,0.10086441745159529
2025-07-14,2. Equal Weight,V,0.10052250177502489
2025-07-14,3. Quintile Momentum,CASH,1.0
2025-07-14,4. Quintile Low Vol,CASH,1.0
2025-07-14,5. Mean Reversion,AMZN,0.07143028985315421
2025-07-14,5. Mean Reversion,CASH,-0.0007764941349371097
2025-07-14,5. Mean Reversion,GOOGL,0.06645158124370083
2025-07-14,5. Mean Reversion,JNJ,0.0006124010613139977
2025-07-14,5. Mean Reversion,JPM,0.1844955108338403
2025-07-14,5. Mean Reversion,META,0.20273949629747756
2025-07-14,5. Mean Reversion,MSFT,0.11040877540595793
2025-07-14,5. Mean Reversion,NVDA,0.009152223582336657
2025-07-14,5. Mean Reversion,TSLA,0.20641752171897906
2025-07-14,5. Mean Reversion,V,0.14906869413817633
2025-07-14,6. GMVP,AAPL,0.15841794380759136
2025-07-14,6. GMVP,CASH,-0.00015972242906775347
2025-07-14,6. GMVP,GOOGL,0.02324317664752517
2025-07-14,6. GMVP,JNJ,0.329755940149475
2025-07-14,6. GMVP,MSFT,0.48874266182447623
2025-07-14,7. Inverse Volatility,AAPL,0.11139892929383455
2025-07-14,7. Inverse Volatility,AMZN,0.0933656474937202
2025-07-14,7. Inverse Volatility,CASH,-8.750182973608973e-05
2025-07-14,7. Inverse Volatility,GOOGL,0.08498523164494826
2025-07-14,7. Inverse Volatility,JNJ,0.15467918196554029
2025-07-14,7. Inverse Volatility,JPM,0.10863629828690968
2025-07-14,7. Inverse Volatility,META,0.08978029118909857
2025-07-14,7. Inverse Volatility,MSFT,0.16620454594154999
2025-07-14,7. Inverse Volatility,NVDA,0.08049775493756771
2025-07-14,7. Inverse Volatility,TSLA,0.0390514309905667
2025-07-14,7. Inverse Volatility,V,0.0714881900860002
2025-07-14,8. Risk Parity,AAPL,0.12211524917904515
2025-07-14,8. Risk Parity,AMZN,0.07982009629704064
2025-07-14,8. Risk Parity,CASH,-8.398369780703373e-05
2025-07-14,8. Risk Parity,GOOGL,0.07004295954202015
2025-07-14,8. Risk Parity,JNJ,0.20951638203096037
2025-07-14,8. Risk Parity,JPM,0.09465137112759729
2025-07-14,8. Risk Parity,META,0.06851586992173797
2025-07-14,8. Risk Parity,MSFT,0.17153763873349126
2025-07-14,8. Risk Parity,NVDA,0.07255934404174476
2025-07-14,8. Risk Parity,TSLA,0.03390363207923312
2025-07-14,8. Risk Parity,V,0.07742144074493611
2025-07-14,9. Max Diversification,AAPL,0.1535805438668317
2025-07-14,9. Max Diversification,AMZN,0.06943219050235244
2025-07-14,9. Max Diversification,CASH,-0.00035505460944731894
2025-07-14,9. Max Diversification,GOOGL,0.05156881939188034
2025-07-14,9. Max Diversification,JNJ,0.26335644455095575
2025-07-14,9. Max Diversification,META,0.012960124948251888
2025-07-14,9. Max Diversification,MSFT,0.27040262906904805
2025-07-14,9. Max Diversification,NVDA,0.05027546027117608
2025-07-14,9. Max Diversification,TSLA,0.04868795347976109
2025-07-14,9. Max Diversification,V,0.08009088852918998
2025-07-15,1. Buy & Hold,AAPL,0.09890304256270241
2025-07-15,1. Buy & Hold,AMZN,0.10046293962925659
2025-07-15,1. Buy & Hold,CASH,-1.5519132244826995e-05
2025-07-15,1. Buy & Hold,GOOGL,0.10087584973337137
2025-07-15,1. Buy & Hold,JNJ,0.09877142509148741
2025-07-15,1. Buy & Hold,JPM,0.09976470485273994
2025-07-15,1. Buy & Hold,META,0.0988815770810993
2025-07-15,1. Buy & Hold,MSFT,0.10036870313452094
2025-07-15,1. Buy & Hold,NVDA,0.1033728995924088
2025-07-15,1. Buy & Hold,TSLA,0.09900295733025873
2025-07-15,1. Buy & Hold,V,0.09961142012439923
2025-07-15,10. Max Decorrelation,AAPL,0.14502687732434857
2025-07-15,10. Max Decorrelation,AMZN,0.07910692382868591
2025-07-15,10. Max Decorrelation,CASH,-0.00033409377829245033
2025-07-15,10. Max Decorrelation,GOOGL,0.06926779695929403
2025-07-15,10. Max Decorrelation,JNJ,0.17433251624894502
2025-07-15,10. Max Decorrelation,META,0.016889230041502914
2025-07-15,10. Max Decorrelation,MSFT,0.1640721753458565
2025-07-15,10. Max Decorrelation,NVDA,0.06819622388205372
2025-07-15,10. Max Decorrelation,TSLA,0.1752068533457622
2025-07-15,10. Max Decorrelation,V,0.10823549680184341
2025-07-15,11. Sharpe Maximization,AAPL,0.05466271635945421
2025-07-15,11. Sharpe Maximization,AMZN,0.055039872490650156
2025-07-15,11. Sharpe Maximization,CASH,-0.00038597580514185444
2025-07-15,11. Sharpe Maximization,GOOGL,3.8995736353385515e-06
2025-07-15,11. Sharpe Maximization,JNJ,0.16625912023611322
2025-07-15,11. Sharpe Maximization,JPM,0.2073943621037082
2025-07-15,11. Sharpe Maximization,MSFT,0.299616659246445
2025-07-15,11. Sharpe Maximization,NVDA,0.21738272396327105
2025-07-15,11. Sharpe Maximization,V,2.6621831864522593e-05
2025-07-15,12. CVaR Minimization,AAPL,0.009097388095174736
2025-07-15,12. CVaR Minimization,AMZN,0.2750182751201424
2025-07-15,12. CVaR Minimization,CASH,-0.00040841536549641083
2025-07-15,12. CVaR Minimization,GOOGL,2.2047821109581357e-05
2025-07-15,12. CVaR Minimization,JNJ,0.20564559107203031
2025-07-15,12. CVaR Minimization,JPM,0.10482911232871998
2025-07-15,12. CVaR Minimization,META,2.4323438340927186e-05
2025-07-15,12. CVaR Minimization,MSFT,0.30038180133530834
2025-07-15,12. CVaR Minimization,NVDA,0.10533426199200539
2025-07-15,12. CVaR Minimization,TSLA,2.6520708130455587e-05
2025-07-15,12. CVaR Minimization,V,2.909345453441335e-05
2025-07-15,2. Equal Weight,AAPL,0.0989030425627024
2025-07-15,2. Equal Weight,AMZN,0.10046293962925659
2025-07-15,2. Equal Weight,CASH,-1.5519132244826995e-05
2025-07-15,2. Equal Weight,GOOGL,0.10087584973337137
2025-07-15,2. Equal Weight,JNJ,0.09877142509148741
2025-07-15,2. Equal Weight,JPM,0.09976470485273994
2025-07-15,2. Equal Weight,META,0.0988815770810993
2025-07-15,2. Equal Weight,MSFT,0.10036870313452094
2025-07-15,2. Equal Weight,NVDA,0.10337289959240882
2025-07-15,2. Equal Weight,TSLA,0.09900295733025874
2025-07-15,2. Equal Weight,V,0.09961142012439923
2025-07-15,3. Quintile Momentum,CASH,1.0
2025-07-15,4. Quintile Low Vol,CASH,1.0
2025-07-15,5. Mean Reversion,AMZN,0.07224996182919718
2025-07-15,5. Mean Reversion,CASH,-0.0007831143947732509
2025-07-15,5. Mean Reversion,GOOGL,0.06718055089078245
2025-07-15,5. Mean Reversion,JNJ,0.0006111239056165057
2025-07-15,5. Mean Reversion,JPM,0.18468280390029582
2025-07-15,5. Mean Reversion,META,0.2014814908546673
2025-07-15,5. Mean Reversion,MSFT,0.11196991913890951
2025-07-15,5. Mean Reversion,NVDA,0.00960324461417319
2025-07-15,5. Mean Reversion,TSLA,0.2041570632963625
2025-07-15,5. Mean Reversion,V,0.14884695596476857
2025-07-15,6. GMVP,AAPL,0.15884095893887737
2025-07-15,6. GMVP,CASH,-0.00015977365623145616
2025-07-15,6. GMVP,GOOGL,0.023306977882597196
2025-07-15,6. GMVP,JNJ,0.326391022978106
2025-07-15,6. GMVP,MSFT,0.4916208138566509
2025-07-15,7. Inverse Volatility,AAPL,0.11169332100917849
2025-07-15,7. Inverse Volatility,AMZN,0.09366613977902058
2025-07-15,7. Inverse Volatility,CASH,-8.752748729629635e-05
2025-07-15,7. Inverse Volatility,GOOGL,0.08521616839078637
2025-07-15,7. Inverse Volatility,JNJ,0.15309658513346505
2025-07-15,7. Inverse Volatility,JPM,0.10785888199268054
2025-07-15,7. Inverse Volatility,META,0.08849487119495733
2025-07-15,7. Inverse Volatility,MSFT,0.16717870974188603
2025-07-15,7. Inverse Volatility,NVDA,0.0837751931315778
2025-07-15,7. Inverse Volatility,TSLA,0.038308496047676666
2025-07-15,7. Inverse Volatility,V,0.07079916106606743
2025-07-15,8. Risk Parity,AAPL,0.122494751535391
2025-07-15,8. Risk Parity,AMZN,0.08011413535683819
2025-07-15,8. Risk Parity,CASH,-8.404728965102847e-05
2025-07-15,8. Risk Parity,GOOGL,0.0702658690902548
2025-07-15,8. Risk Parity,JNJ,0.20746890595791925
2025-07-15,8. Risk Parity,JPM,0.09401762120780809
2025-07-15,8. Risk Parity,META,0.06756622602531603
2025-07-15,8. Risk Parity,MSFT,0.1726230923061461
2025-07-15,8. Risk Parity,NVDA,0.07554859831796018
2025-07-15,8. Risk Parity,TSLA,0.03327405803785871
2025-07-15,8. Risk Parity,V,0.07671078945415861
2025-07-15,9. Max Diversification,AAPL,0.1540136830744542
2025-07-15,9. Max Diversification,AMZN,0.06966799207370086
2025-07-15,9. Max Diversification,CASH,-0.00035522162748905515
2025-07-15,9. Max Diversification,GOOGL,0.0517181102097721
2025-07-15,9. Max Diversification,JNJ,0.2607080885526441
2025-07-15,9. Max Diversification,META,0.012776832412940758
2025-07-15,9. Max Diversification,MSFT,0.2720356983004047
2025-07-15,9. Max Diversification,NVDA,0.052331675867273546
2025-07-15,9. Max Diversification,TSLA,0.047770148102952735
2025-07-15,9. Max Diversification,V,0.0793329930333462
2025-07-16,1. Buy & Hold,AAPL,0.09850177706451177
2025-07-16,1. Buy & Hold,AMZN,0.09816558771561111
2025-07-16,1. Buy & Hold,CASH,-1.5378946630164424e-05
2025-07-16,1. Buy & Hold,GOOGL,0.1004974082988294
2025-07-16,1. Buy & Hold,JNJ,0.10394107738792821
2025-07-16,1. Buy & Hold,JPM,0.09861166235189303
2025-07-16,1. Buy & Hold,META,0.09695661010234514
2025-07-16,1. Buy & Hold,MSFT,0.09942273721737499
2025-07-16,1. Buy & Hold,NVDA,0.10284119863740797
2025-07-16,1. Buy & Hold,TSLA,0.10154646750777378
2025-07-16,1. Buy & Hold,V,0.09953085266295476
2025-07-16,10. Max Decorrelation,AAPL,0.14319865572935161
2025-07-16,10. Max Decorrelation,AMZN,0.07663442752217586
2025-07-16,10. Max Decorrelation,CASH,-0.0003282340076074767
2025-07-16,10. Max Decorrelation,GOOGL,0.06841558781447414
2025-07-16,10. Max Decorrelation,JNJ,0.18188225264333419
2025-07-16,10. Max Decorrelation,META,0.01641828994439155
2025-07-16,10. Max Decorrelation,MSFT,0.16113072849838903
2025-07-16,10. Max Decorrelation,NVDA,0.06726308633065071
2025-07-16,10. Max Decorrelation,TSLA,0.17816556686532312
2025-07-16,10. Max Decorrelation,V,0.10721963865951716
2025-07-16,11. Sharpe Maximization,AAPL,0.054392748321538724
2025-07-16,11. Sharpe Maximization,AMZN,0.05373363098792497
2025-07-16,11. Sharpe Maximization,CASH,-0.00038215066340868583
2025-07-16,11. Sharpe Maximization,GOOGL,3.881505104487172e-06
2025-07-16,11. Sharpe Maximization,JNJ,0.174806167983107
2025-07-16,11. Sharpe Maximization,JPM,0.20481590759523535
2025-07-16,11. Sharpe Maximization,MSFT,0.2965300701872646
2025-07-16,11. Sharpe Maximization,NVDA,0.21607316733089796
2025-07-16,11. Sharpe Maximization,V,2.6576752335536233e-05
2025-07-16,12. CVaR Minimization,AAPL,0.00906177598926562
2025-07-16,12. CVaR Minimization,AMZN,0.26876773378736585
2025-07-16,12. CVaR Minimization,CASH,-0.00040478407204438754
2025-07-16,12. CVaR Minimization,GOOGL,2.1968252858577444e-05
2025-07-16,12. CVaR Minimization,JNJ,0.21643997916356772
2025-07-16,12. CVaR Minimization,JPM,0.1036323753120057
2025-07-16,12. CVaR Minimization,META,2.3853339592234253e-05
2025-07-16,12. CVaR Minimization,MSFT,0.29759333923552395
2025-07-16,12. CVaR Minimization,NVDA,0.10480747895211284
2025-07-16,12. CVaR Minimization,TSLA,2.720595371474314e-05
2025-07-16,12. CVaR Minimization,V,2.9074086037053732e-05
2025-07-16,2. Equal Weight,AAPL,0.09850177706451177
2025-07-16,2. Equal Weight,AMZN,0.0981655877156111
2025-07-16,2. Equal Weight,CASH,-1.5378946630164424e-05
2025-07-16,2. Equal Weight,GOOGL,0.1004974082988294
2025-07-16,2. Equal Weight,JNJ,0.10394107738792818
2025-07-16,2. Equal Weight,JPM,0.09861166235189302
2025-07-16,2. Equal Weight,META,0.09695661010234513
2025-07-16,2. Equal Weight,MSFT,0.09942273721737498
2025-07-16,2. Equal Weight,NVDA,0.10284119863740797
2025-07-16,2. Equal Weight,TSLA,0.10154646750777378
2025-07-16,2. Equal Weight,V,0.09953085266295475
2025-07-16,3. Quintile Momentum,CASH,1.0
2025-07-16,4. Quintile Low Vol,CASH,1.0
2025-07-16,5. Mean Reversion,AMZN,0.07087432709866703
2025-07-16,5. Mean Reversion,CASH,-0.000779080438919132
2025-07-16,5. Mean Reversion,GOOGL,0.06719069822271778
2025-07-16,5. Mean Reversion,JNJ,0.0006456291109785777
2025-07-16,5. Mean Reversion,JPM,0.18326340644929653
2025-07-16,5. Mean Reversion,META,0.1983330687004835
2025-07-16,5. Mean Reversion,MSFT,0.11134909840400779
2025-07-16,5. Mean Reversion,NVDA,0.009591275376084125
2025-07-16,5. Mean Reversion,TSLA,0.210222404859005
2025-07-16,5. Mean Reversion,V,0.14930917221767856
2025-07-16,6. GMVP,AAPL,0.1563640476748185
2025-07-16,6. GMVP,CASH,-0.00015649638851680578
2025-07-16,6. GMVP,GOOGL,0.022950577087138286
2025-07-16,6. GMVP,JNJ,0.3394955530536637
2025-07-16,6. GMVP,MSFT,0.48134631857289634
2025-07-16,7. Inverse Volatility,AAPL,0.11112347801887582
2025-07-16,7. Inverse Volatility,AMZN,0.0914282104908469
2025-07-16,7. Inverse Volatility,CASH,-8.664586166575991e-05
2025-07-16,7. Inverse Volatility,GOOGL,0.08480742304214442
2025-07-16,7. Inverse Volatility,JNJ,0.1609405962747046
2025-07-16,7. Inverse Volatility,JPM,0.10650045919394137
2025-07-16,7. Inverse Volatility,META,0.08668108681673416
2025-07-16,7. Inverse Volatility,MSFT,0.16542935637056025
2025-07-16,7. Inverse Volatility,NVDA,0.08325686951216829
2025-07-16,7. Inverse Volatility,TSLA,0.03925147333516151
2025-07-16,7. Inverse Volatility,V,0.07066769280652845
2025-07-16,8. Risk Parity,AAPL,0.12143403924226702
2025-07-16,8. Risk Parity,AMZN,0.07792038424230871
2025-07-16,8. Risk Parity,CASH,-8.290322307053978e-05
2025-07-16,8. Risk Parity,GOOGL,0.06967879388552022
2025-07-16,8. Risk Parity,JNJ,0.21731887964837757
2025-07-16,8. Risk Parity,JPM,0.09250158258026493
2025-07-16,8. Risk Parity,META,0.0659447530824482
2025-07-16,8. Risk Parity,MSFT,0.1702059905688952
2025-07-16,8. Risk Parity,NVDA,0.07481271037269764
2025-07-16,8. Risk Parity,TSLA,0.03397120630256303
2025-07-16,8. Risk Parity,V,0.07629456329772791
2025-07-16,9. Max Diversification,AAPL,0.1519727692169416
2025-07-16,9. Max Diversification,AMZN,0.06744639472036992
2025-07-16,9. Max Diversification,CASH,-0.0003487631668027615
2025-07-16,9. Max Diversification,GOOGL,0.051048426504385847
2025-07-16,9. Max Diversification,JNJ,0.2718206562392467
2025-07-16,9. Max Diversification,META,0.012412443758197824
2025-07-16,9. Max Diversification,MSFT,0.2669840756613354
2025-07-16,9. Max Diversification,NVDA,0.05158187576671564
2025-07-16,9. Max Diversification,TSLA,0.048545088502095456
2025-07-16,9. Max Diversification,V,0.07853703279751435
2025-07-17,1. Buy & Hold,AAPL,0.09823253106377482
2025-07-17,1. Buy & Hold,AMZN,0.09826537397461838
2025-07-17,1. Buy & Hold,CASH,-1.5347133256065684e-05
2025-07-17,1. Buy & Hold,GOOGL,0.10062386938932309
2025-07-17,1. Buy & Hold,JNJ,0.10259299380396383
2025-07-17,1. Buy & Hold,JPM,0.0998124129462894
2025-07-17,1. Buy & Hold,META,0.09654956657371443
2025-07-17,1. Buy & Hold,MSFT,0.10041013765585972
2025-07-17,1. Buy & Hold,NVDA,0.10360461720001167
2025-07-17,1. Buy & Hold,TSLA,0.10062443252750568
2025-07-17,1. Buy & Hold,V,0.09929941199819503
2025-07-17,10. Max Decorrelation,AAPL,0.14315397231066485
2025-07-17,10. Max Decorrelation,AMZN,0.07689858555596642
2025-07-17,10. Max Decorrelation,CASH,-0.00032835031969110544
2025-07-17,10. Max Decorrelation,GOOGL,0.06866800154673805
2025-07-17,10. Max Decorrelation,JNJ,0.17995918076431414
2025-07-17,10. Max Decorrelation,META,0.01638905906966557
2025-07-17,10. Max Decorrelation,MSFT,0.16312608428090264
2025-07-17,10. Max Decorrelation,NVDA,0.06792692663645611
2025-07-17,10. Max Decorrelation,TSLA,0.17697649586113817
2025-07-17,10. Max Decorrelation,V,0.10723004429384503
2025-07-17,11. Sharpe Maximization,AAPL,0.05399126410626155
2025-07-17,11. Sharpe Maximization,AMZN,0.05353756970669498
2025-07-17,11. Sharpe Maximization,CASH,-0.00037958279222813016
2025-07-17,11. Sharpe Maximization,GOOGL,3.868276749326975e-06
2025-07-17,11. Sharpe Maximization,JNJ,0.1717348621324738
2025-07-17,11. Sharpe Maximization,JPM,0.20634368544250276
2025-07-17,11. Sharpe Maximization,MSFT,0.29807929566814273
2025-07-17,11. Sharpe Maximization,NVDA,0.21666264608027666
2025-07-17,11. Sharpe Maximization,V,2.639137912617424e-05
2025-07-17,12. CVaR Minimization,AAPL,0.009015035643620906
2025-07-17,12. CVaR Minimization,AMZN,0.26838684634693377
2025-07-17,12. CVaR Minimization,CASH,-0.00040296464754787915
2025-07-17,12. CVaR Minimization,GOOGL,2.1942420217511837e-05
2025-07-17,12. CVaR Minimization,JNJ,0.21311343548681902
2025-07-17,12. CVaR Minimization,JPM,0.10463924194800149
2025-07-17,12. CVaR Minimization,META,2.3695449647756054e-05
2025-07-17,12. CVaR Minimization,MSFT,0.2998181437397163
2025-07-17,12. CVaR Minimization,NVDA,0.1053287942705803
2025-07-17,12. CVaR Minimization,TSLA,2.6893382967615663e-05
2025-07-17,12. CVaR Minimization,V,2.893595904315393e-05
2025-07-17,2. Equal Weight,AAPL,0.0982325310637748
2025-07-17,2. Equal Weight,AMZN,0.09826537397461836
2025-07-17,2. Equal Weight,CASH,-1.5347133256065684e-05
2025-07-17,2. Equal Weight,GOOGL,0.10062386938932308
2025-07-17,2. Equal Weight,JNJ,0.10259299380396383
2025-07-17,2. Equal Weight,JPM,0.0998124129462894
2025-07-17,2. Equal Weight,META,0.09654956657371443
2025-07-17,2. Equal Weight,MSFT,0.10041013765585972
2025-07-17,2. Equal Weight,NVDA,0.10360461720001168
2025-07-17,2. Equal Weight,TSLA,0.10062443252750569
2025-07-17,2. Equal Weight,V,0.09929941199819502
2025-07-17,3. Quintile Momentum,CASH,1.0
2025-07-17,4. Quintile Low Vol,CASH,1.0
2025-07-17,5. Mean Reversion,AMZN,0.07091305978648786
2025-07-17,5. Mean Reversion,CASH,-0.0007771037603985678
2025-07-17,5. Mean Reversion,GOOGL,0.06724365973026775
2025-07-17,5. Mean Reversion,JNJ,0.0006369562881404776
2025-07-17,5. Mean Reversion,JPM,0.18540782768833086
2025-07-17,5. Mean Reversion,META,0.19740769302894925
2025-07-17,5. Mean Reversion,MSFT,0.11240214208677039
2025-07-17,5. Mean Reversion,NVDA,0.00965793719528414
2025-07-17,5. Mean Reversion,TSLA,0.20821578945250702
2025-07-17,5. Mean Reversion,V,0.14889203850366084
2025-07-17,6. GMVP,AAPL,0.1559399063462329
2025-07-17,6. GMVP,CASH,-0.00015617592622751942
2025-07-17,6. GMVP,GOOGL,0.02297993829681231
2025-07-17,6. GMVP,JNJ,0.33509941946615035
2025-07-17,6. GMVP,MSFT,0.48613691181703184
2025-07-17,7. Inverse Volatility,AAPL,0.11076635448414691
2025-07-17,7. Inverse Volatility,AMZN,0.09147706624253486
2025-07-17,7. Inverse Volatility,CASH,-8.642497595696363e-05
2025-07-17,7. Inverse Volatility,GOOGL,0.08487324103162358
2025-07-17,7. Inverse Volatility,JNJ,0.15877673363607767
2025-07-17,7. Inverse Volatility,JPM,0.10774534675473438
2025-07-17,7. Inverse Volatility,META,0.08627560665381695
2025-07-17,7. Inverse Volatility,MSFT,0.16699181889280548
2025-07-17,7. Inverse Volatility,NVDA,0.08383450917603662
2025-07-17,7. Inverse Volatility,TSLA,0.03887633851632268
2025-07-17,7. Inverse Volatility,V,0.07046940958785797
2025-07-17,8. Risk Parity,AAPL,0.12114742691720097
2025-07-17,8. Risk Parity,AMZN,0.07802877889240105
2025-07-17,8. Risk Parity,CASH,-8.276268547106026e-05
2025-07-17,8. Risk Parity,GOOGL,0.06979258127930583
2025-07-17,8. Risk Parity,JNJ,0.2145805881660586
2025-07-17,8. Risk Parity,JPM,0.0936629694732741
2025-07-17,8. Risk Parity,META,0.06569247687955708
2025-07-17,8. Risk Parity,MSFT,0.17196068763016828
2025-07-17,8. Risk Parity,NVDA,0.07539626884594923
2025-07-17,8. Risk Parity,TSLA,0.033675346840753476
2025-07-17,8. Risk Parity,V,0.07614563776080227
2025-07-17,9. Max Diversification,AAPL,0.15177720216248952
2025-07-17,9. Max Diversification,AMZN,0.06761288652569136
2025-07-17,9. Max Diversification,CASH,-0.00034854654632392667
2025-07-17,9. Max Diversification,GOOGL,0.05118680340382664
2025-07-17,9. Max Diversification,JNJ,0.2686843945292707
2025-07-17,9. Max Diversification,META,0.01237826273106376
2025-07-17,9. Max Diversification,MSFT,0.27002669600237444
2025-07-17,9. Max Diversification,NVDA,0.05204015828652306
2025-07-17,9. Max Diversification,TSLA,0.048174078748076686
2025-07-17,9. Max Diversification,V,0.07846806415700787
2025-07-18,1. Buy & Hold,AAPL,0.10000196871747738
2025-07-18,1. Buy & Hold,AMZN,0.10000196871747738
2025-07-18,1. Buy & Hold,CASH,-1.9687174773922856e-05
2025-07-18,1. Buy & Hold,GOOGL,0.10000196871747738
2025-07-18,1. Buy & Hold,JNJ,0.10000196871747738
2025-07-18,1. Buy & Hold,JPM,0.10000196871747738
2025-07-18,1. Buy & Hold,META,0.10000196871747738
2025-07-18,1. Buy & Hold,MSFT,0.10000196871747738
2025-07-18,1. Buy & Hold,NVDA,0.10000196871747734
2025-07-18,1. Buy & Hold,TSLA,0.10000196871747734
2025-07-18,1. Buy & Hold,V,0.10000196871747738
2025-07-18,10. Max Decorrelation,AAPL,0.1280100732796858
2025-07-18,10. Max Decorrelation,AMZN,0.17330355465515077
2025-07-18,10. Max Decorrelation,CASH,-0.0003605258482137423
2025-07-18,10. Max Decorrelation,JNJ,0.21832402104568108
2025-07-18,10. Max Decorrelation,META,0.0180325282667207
2025-07-18,10. Max Decorrelation,MSFT,0.14755825873637982
2025-07-18,10. Max Decorrelation,NVDA,0.09291904503834061
2025-07-18,10. Max Decorrelation,TSLA,0.1476759276412223
2025-07-18,10. Max Decorrelation,V,0.07453711718503252
2025-07-18,11. Sharpe Maximization,AAPL,3.653494067589825e-06
2025-07-18,11. Sharpe Maximization,AMZN,0.0009951368169865298
2025-07-18,11. Sharpe Maximization,CASH,-0.00036952211755231223
2025-07-18,11. Sharpe Maximization,JNJ,0.3001131216058461
2025-07-18,11. Sharpe Maximization,JPM,0.14624175747353935
2025-07-18,11. Sharpe Maximization,MSFT,0.3001233731738655
2025-07-18,11. Sharpe Maximization,NVDA,0.25288043632948826
2025-07-18,11. Sharpe Maximization,TSLA,1.0547112433592964e-05
2025-07-18,12. CVaR Minimization,AAPL,4.520924235736628e-06
2025-07-18,12. CVaR Minimization,AMZN,0.253653093498006
2025-07-18,12. CVaR Minimization,CASH,-5.495303296018257e-05
2025-07-18,12. CVaR Minimization,JNJ,0.21714956569806387
2025-07-18,12. CVaR Minimization,JPM,0.11540362861121436
2025-07-18,12. CVaR Minimization,MSFT,0.3000122264403798
2025-07-18,12. CVaR Minimization,NVDA,0.11383191786106049
2025-07-18,2. Equal Weight,AAPL,0.1000019687174774
2025-07-18,2. Equal Weight,AMZN,0.1000019687174774
2025-07-18,2. Equal Weight,CASH,-1.9687174773922832e-05
2025-07-18,2. Equal Weight,GOOGL,0.1000019687174774
2025-07-18,2. Equal Weight,JNJ,0.1000019687174774
2025-07-18,2. Equal Weight,JPM,0.1000019687174774
2025-07-18,2. Equal Weight,META,0.1000019687174774
2025-07-18,2. Equal Weight,MSFT,0.1000019687174774
2025-07-18,2. Equal Weight,NVDA,0.1000019687174774
2025-07-18,2. Equal Weight,TSLA,0.1000019687174774
2025-07-18,2. Equal Weight,V,0.1000019687174774
2025-07-18,3. Quintile Momentum,CASH,1.0
2025-07-18,4. Quintile Low Vol,CASH,1.0
2025-07-18,5. Mean Reversion,AAPL,0.1481655927462521
2025-07-18,5. Mean Reversion,AMZN,0.09696046667527691
2025-07-18,5. Mean Reversion,CASH,-0.0006147169553564812
2025-07-18,5. Mean Reversion,GOOGL,0.058057588982736844
2025-07-18,5. Mean Reversion,JNJ,0.07281587594994257
2025-07-18,5. Mean Reversion,JPM,0.1428948133800029
2025-07-18,5. Mean Reversion,META,0.16262925929154043
2025-07-18,5. Mean Reversion,MSFT,0.04916010622776564
2025-07-18,5. Mean Reversion,TSLA,0.09232680698543409
2025-07-18,5. Mean Reversion,V,0.1776042067164049
2025-07-18,6. GMVP,AAPL,0.22827475073210915
2025-07-18,6. GMVP,AMZN,0.09250309255082362
2025-07-18,6. GMVP,CASH,-0.00039580053246319205
2025-07-18,6. GMVP,GOOGL,0.019625480802299748
2025-07-18,6. GMVP,JNJ,0.1597945761809991
2025-07-18,6. GMVP,MSFT,0.5001979002662316
2025-07-18,7. Inverse Volatility,AAPL,0.13402640222291334
2025-07-18,7. Inverse Volatility,AMZN,0.0999154181003977
2025-07-18,7. Inverse Volatility,CASH,-0.00016366638780153776
2025-07-18,7. Inverse Volatility,GOOGL,0.08658692127154696
2025-07-18,7. Inverse Volatility,JNJ,0.08768708369999831
2025-07-18,7. Inverse Volatility,JPM,0.1137801098938117
2025-07-18,7. Inverse Volatility,META,0.09833719011728476
2025-07-18,7. Inverse Volatility,MSFT,0.17524657825592907
2025-07-18,7. Inverse Volatility,NVDA,0.08067131501225935
2025-07-18,7. Inverse Volatility,TSLA,0.03837609133441661
2025-07-18,7. Inverse Volatility,V,0.08553655647924384
2025-07-18,8. Risk Parity,AAPL,0.09921577050229241
2025-07-18,8. Risk Parity,AMZN,0.08314987129248658
2025-07-18,8. Risk Parity,CASH,-9.357191823851971e-05
2025-07-18,8. Risk Parity,GOOGL,0.07082747006044349
2025-07-18,8. Risk Parity,JNJ,0.19503314219993076
2025-07-18,8. Risk Parity,JPM,0.10546797615510504
2025-07-18,8. Risk Parity,META,0.06626771786151349
2025-07-18,8. Risk Parity,MSFT,0.17008678293980262
2025-07-18,8. Risk Parity,NVDA,0.07598500031213923
2025-07-18,8. Risk Parity,TSLA,0.03998257838335925
2025-07-18,8. Risk Parity,V,0.09407726221116577
2025-07-18,9. Max Diversification,AAPL,0.15180711043168643
2025-07-18,9. Max Diversification,AMZN,0.17058862759649504
2025-07-18,9. Max Diversification,CASH,-0.00029518842090961233
2025-07-18,9. Max Diversification,JNJ,0.20814718126302123
2025-07-18,9. Max Diversification,META,0.014923088042326362
2025-07-18,9. Max Diversification,MSFT,0.27292770636386965
2025-07-18,9. Max Diversification,NVDA,0.07567392923329606
2025-07-18,9. Max Diversification,TSLA,0.04575060014052526
2025-07-18,9. Max Diversification,V,0.06047694534968963
2025-07-21,1. Buy & Hold,AAPL,0.10003054258720845
2025-07-21,1. Buy & Hold,AMZN,0.10081223064559239
2025-07-21,1. Buy & Hold,CASH,-1.957231511078053e-05
2025-07-21,1. Buy & Hold,GOOGL,0.10212613857865199
2025-07-21,1. Buy & Hold,JNJ,0.09981936563734571
2025-07-21,1. Buy & Hold,JPM,0.09931613510701576
2025-07-21,1. Buy & Hold,META,0.1006445372410531
2025-07-21,1. Buy & Hold,MSFT,0.09942048262360684
2025-07-21,1. Buy & Hold,NVDA,0.09882459404630815
2025-07-21,1. Buy & Hold,TSLA,0.09906869117845499
2025-07-21,1. Buy & Hold,V,0.09995685466987325
2025-07-21,10. Max Decorrelation,AAPL,0.128329455655701
2025-07-21,10. Max Decorrelation,AMZN,0.17509360174957375
2025-07-21,10. Max Decorrelation,CASH,-0.000359214071575876
2025-07-21,10. Max Decorrelation,JNJ,0.21840667558290455
2025-07-21,10. Max Decorrelation,META,0.018188480146436103
2025-07-21,10. Max Decorrelation,MSFT,0.1470242491346013
2025-07-21,10. Max Decorrelation,NVDA,0.09202786741988724
2025-07-21,10. Max Decorrelation,TSLA,0.14662084376871184
2025-07-21,10. Max Decorrelation,V,0.07466804061376013
2025-07-21,11. Sharpe Maximization,AAPL,3.6775716033438485e-06
2025-07-21,11. Sharpe Maximization,AMZN,0.001009522783416084
2025-07-21,11. Sharpe Maximization,CASH,-0.00036968165234666135
2025-07-21,11. Sharpe Maximization,JNJ,0.301453198362146
2025-07-21,11. Sharpe Maximization,JPM,0.14615420485438022
2025-07-21,11. Sharpe Maximization,MSFT,0.300258832994059
2025-07-21,11. Sharpe Maximization,NVDA,0.2514782198925602
2025-07-21,11. Sharpe Maximization,TSLA,1.0514535882281813e-05
2025-07-21,12. CVaR Minimization,AAPL,4.532264661405544e-06
2025-07-21,12. CVaR Minimization,AMZN,0.25627650740734914
2025-07-21,12. CVaR Minimization,CASH,-5.47538205654383e-05
2025-07-21,12. CVaR Minimization,JNJ,0.21723469060767708
2025-07-21,12. CVaR Minimization,JPM,0.11486684275666137
2025-07-21,12. CVaR Minimization,MSFT,0.29893050104633634
2025-07-21,12. CVaR Minimization,NVDA,0.11274167973788005
2025-07-21,2. Equal Weight,AAPL,0.10003054258720846
2025-07-21,2. Equal Weight,AMZN,0.10081223064559237
2025-07-21,2. Equal Weight,CASH,-1.9572315110780498e-05
2025-07-21,2. Equal Weight,GOOGL,0.10212613857865198
2025-07-21,2. Equal Weight,JNJ,0.09981936563734571
2025-07-21,2. Equal Weight,JPM,0.09931613510701576
2025-07-21,2. Equal Weight,META,0.10064453724105309
2025-07-21,2. Equal Weight,MSFT,0.09942048262360684
2025-07-21,2. Equal Weight,NVDA,0.0988245940463082
2025-07-21,2. Equal Weight,TSLA,0.099068691178455
2025-07-21,2. Equal Weight,V,0.09995685466987325
2025-07-21,3. Quintile Momentum,CASH,1.0
2025-07-21,4. Quintile Low Vol,CASH,1.0
2025-07-21,5. Mean Reversion,AAPL,0.14809402140419548
2025-07-21,5. Mean Reversion,AMZN,0.09767096091676493
2025-07-21,5. Mean Reversion,CASH,-0.0006106608579181872
2025-07-21,5. Mean Reversion,GOOGL,0.05924523778259905
2025-07-21,5. Mean Reversion,JNJ,0.07262705312570986
2025-07-21,5. Mean Reversion,JPM,0.1418057415211082
2025-07-21,5. Mean Reversion,META,0.16354844915762837
2025-07-21,5. Mean Reversion,MSFT,0.04883668972450584
2025-07-21,5. Mean Reversion,TSLA,0.0913948618465958
2025-07-21,5. Mean Reversion,V,0.1773876453788107
2025-07-21,6. GMVP,AAPL,0.22878986883949073
2025-07-21,6. GMVP,AMZN,0.0934363283585212
2025-07-21,6. GMVP,CASH,-0.00039426662395578173
2025-07-21,6. GMVP,GOOGL,0.020081840079519665
2025-07-21,6. GMVP,JNJ,0.15981705641149846
2025-07-21,6. GMVP,MSFT,0.49826917293492573
2025-07-21,7. Inverse Volatility,AAPL,0.1340628317440835
2025-07-21,7. Inverse Volatility,AMZN,0.10072357660841266
2025-07-21,7. Inverse Volatility,CASH,-0.00016270925410879895
2025-07-21,7. Inverse Volatility,GOOGL,0.08842490740735631
2025-07-21,7. Inverse Volatility,JNJ,0.08752574911290074
2025-07-21,7. Inverse Volatility,JPM,0.11299821000132468
2025-07-21,7. Inverse Volatility,META,0.098967683804313
2025-07-21,7. Inverse Volatility,MSFT,0.1742251384912076
2025-07-21,7. Inverse Volatility,NVDA,0.07972042031335967
2025-07-21,7. Inverse Volatility,TSLA,0.038017413713852685
2025-07-21,7. Inverse Volatility,V,0.08549677805729804
2025-07-21,8. Risk Parity,AAPL,0.09931818801175411
2025-07-21,8. Risk Parity,AMZN,0.08388614934800165
2025-07-21,8. Risk Parity,CASH,-9.309542494531668e-05
2025-07-21,8. Risk Parity,GOOGL,0.07238591928448719
2025-07-21,8. Risk Parity,JNJ,0.19482230484075092
2025-07-21,8. Risk Parity,JPM,0.10482282903175283
2025-07-21,8. Risk Parity,META,0.0667432999626862
2025-07-21,8. Risk Parity,MSFT,0.16922397316960408
2025-07-21,8. Risk Parity,NVDA,0.07514643154769564
2025-07-21,8. Risk Parity,TSLA,0.039638998785213896
2025-07-21,8. Risk Parity,V,0.09410500144299884
2025-07-21,9. Max Diversification,AAPL,0.15212265071373382
2025-07-21,9. Max Diversification,AMZN,0.1722790410331571
2025-07-21,9. Max Diversification,CASH,-0.000293992205443734
2025-07-21,9. Max Diversification,JNJ,0.20813948977005414
2025-07-21,9. Max Diversification,META,0.015045895965619714
2025-07-21,9. Max Diversification,MSFT,0.27182702907304984
2025-07-21,9. Max Diversification,NVDA,0.0749170157887947
2025-07-21,9. Max Diversification,TSLA,0.04540486270984005
2025-07-21,9. Max Diversification,V,0.060558007151194276
2025-07-22,1. Buy & Hold,AAPL,0.10094945566113298
2025-07-22,1. Buy & Hold,AMZN,0.1000225519629415
2025-07-22,1. Buy & Hold,CASH,-1.9575228166484067e-05
2025-07-22,1. Buy & Hold,GOOGL,0.10280759454529385
2025-07-22,1. Buy & Hold,JNJ,0.10200268284014541
2025-07-22,1. Buy & Hold,JPM,0.09948795100894935
2025-07-22,1. Buy & Hold,META,0.09950815815870806
2025-07-22,1. Buy & Hold,MSFT,0.09850147803518843
2025-07-22,1. Buy & Hold,NVDA,0.09633054453648299
2025-07-22,1. Buy & Hold,TSLA,0.10017534771033039
2025-07-22,1. Buy & Hold,V,0.10023381076899353
2025-07-22,10. Max Decorrelation,AAPL,0.1291799262073601
2025-07-22,10. Max Decorrelation,AMZN,0.17328154280259436
2025-07-22,10. Max Decorrelation,CASH,-0.00035835650946895156
2025-07-22,10. Max Decorrelation,JNJ,0.22261786865732605
2025-07-22,10. Max Decorrelation,META,0.01793751238099314
2025-07-22,10. Max Decorrelation,MSFT,0.14529583774756794
2025-07-22,10. Max Decorrelation,NVDA,0.0894778741614084
2025-07-22,10. Max Decorrelation,TSLA,0.14788273384644737
2025-07-22,10. Max Decorrelation,V,0.07468506070577144
2025-07-22,11. Sharpe Maximization,AAPL,3.7198490624854666e-06
2025-07-22,11. Sharpe Maximization,AMZN,0.001003907399274335
2025-07-22,11. Sharpe Maximization,CASH,-0.0003705828817732768
2025-07-22,11. Sharpe Maximization,JNJ,0.3087518076579564
2025-07-22,11. Sharpe Maximization,JPM,0.14674212852610627
2025-07-22,11. Sharpe Maximization,MSFT,0.2981641993604374
2025-07-22,11. Sharpe Maximization,NVDA,0.2456926574118118
2025-07-22,11. Sharpe Maximization,TSLA,1.0656322722078954e-05
2025-07-22,12. CVaR Minimization,AAPL,4.586124629375514e-06
2025-07-22,12. CVaR Minimization,AMZN,0.2549486615729673
2025-07-22,12. CVaR Minimization,CASH,-5.490833759028819e-05
2025-07-22,12. CVaR Minimization,JNJ,0.22257952020270627
2025-07-22,12. CVaR Minimization,JPM,0.11537310828495262
2025-07-22,12. CVaR Minimization,MSFT,0.2969588983371779
2025-07-22,12. CVaR Minimization,NVDA,0.11019013381515678
2025-07-22,2. Equal Weight,AAPL,0.10094945566113299
2025-07-22,2. Equal Weight,AMZN,0.10002255196294149
2025-07-22,2. Equal Weight,CASH,-1.957522816648404e-05
2025-07-22,2. Equal Weight,GOOGL,0.10280759454529387
2025-07-22,2. Equal Weight,JNJ,0.10200268284014541
2025-07-22,2. Equal Weight,JPM,0.09948795100894936
2025-07-22,2. Equal Weight,META,0.09950815815870805
2025-07-22,2. Equal Weight,MSFT,0.09850147803518844
2025-07-22,2. Equal Weight,NVDA,0.09633054453648304
2025-07-22,2. Equal Weight,TSLA,0.10017534771033043
2025-07-22,2. Equal Weight,V,0.10023381076899354
2025-07-22,3. Quintile Momentum,CASH,1.0
2025-07-22,4. Quintile Low Vol,CASH,1.0
2025-07-22,5. Mean Reversion,AAPL,0.14915036601870216
2025-07-22,5. Mean Reversion,AMZN,0.09670871377010365
2025-07-22,5. Mean Reversion,CASH,-0.0006095090485330719
2025-07-22,5. Mean Reversion,GOOGL,0.05951921209738035
2025-07-22,5. Mean Reversion,JNJ,0.07406459494897653
2025-07-22,5. Mean Reversion,JPM,0.14176203251531236
2025-07-22,5. Mean Reversion,META,0.1613728060820538
2025-07-22,5. Mean Reversion,MSFT,0.04828681264509173
2025-07-22,5. Mean Reversion,TSLA,0.09222775856662556
2025-07-22,5. Mean Reversion,V,0.17751721240428692
2025-07-22,6. GMVP,AAPL,0.2308007644836611
2025-07-22,6. GMVP,AMZN,0.09266795251270842
2025-07-22,6. GMVP,CASH,-0.00039417016071165574
2025-07-22,6. GMVP,GOOGL,0.0202078861941596
2025-07-22,6. GMVP,JNJ,0.16324842993867475
2025-07-22,6. GMVP,MSFT,0.4934691370315077
2025-07-22,7. Inverse Volatility,AAPL,0.13542110163123683
2025-07-22,7. Inverse Volatility,AMZN,0.10002819733449766
2025-07-22,7. Inverse Volatility,CASH,-0.00016288589733586586
2025-07-22,7. Inverse Volatility,GOOGL,0.08909831625839433
2025-07-22,7. Inverse Volatility,JNJ,0.08952394719465918
2025-07-22,7. Inverse Volatility,JPM,0.11329972002315035
2025-07-22,7. Inverse Volatility,META,0.09794189073205253
2025-07-22,7. Inverse Volatility,MSFT,0.1727763501769196
2025-07-22,7. Inverse Volatility,NVDA,0.07778129202252612
2025-07-22,7. Inverse Volatility,TSLA,0.0384780982207685
2025-07-22,7. Inverse Volatility,V,0.08581397230313066
2025-07-22,8. Risk Parity,AAPL,0.10006344013387228
2025-07-22,8. Risk Parity,AMZN,0.08309028544474258
2025-07-22,8. Risk Parity,CASH,-9.295403731053965e-05
2025-07-22,8. Risk Parity,GOOGL,0.07274743174470988
2025-07-22,8. Risk Parity,JNJ,0.19875165380271162
2025-07-22,8. Risk Parity,JPM,0.10482909525486904
2025-07-22,8. Risk Parity,META,0.0658796739391992
2025-07-22,8. Risk Parity,MSFT,0.16738018858316064
2025-07-22,8. Risk Parity,NVDA,0.07312781943433158
2025-07-22,8. Risk Parity,TSLA,0.04001496069144453
2025-07-22,8. Risk Parity,V,0.09420840500826907
2025-07-22,9. Max Diversification,AAPL,0.15341236716524226
2025-07-22,9. Max Diversification,AMZN,0.17080960252279104
2025-07-22,9. Max Diversification,CASH,-0.00029382962424323914
2025-07-22,9. Max Diversification,JNJ,0.21254280339253234
2025-07-22,9. Max Diversification,META,0.014865573375313095
2025-07-22,9. Max Diversification,MSFT,0.26912537540244647
2025-07-22,9. Max Diversification,NVDA,0.07297507931828581
2025-07-22,9. Max Diversification,TSLA,0.04587984371315196
2025-07-22,9. Max Diversification,V,0.060683184734480373
2025-07-23,1. Buy & Hold,AAPL,0.10014998488209963
2025-07-23,1. Buy & Hold,AMZN,0.0997043944675694
2025-07-23,1. Buy & Hold,CASH,-1.944287310417902e-05
2025-07-23,1. Buy & Hold,GOOGL,0.10152010188849389
2025-07-23,1. Buy & Hold,JNJ,0.1020188733492585
2025-07-23,1. Buy & Hold,JPM,0.1006225227444907
2025-07-23,1. Buy & Hold,META,0.10006516333179058
2025-07-23,1. Buy & Hold,MSFT,0.09795165264982489
2025-07-23,1. Buy & Hold,NVDA,0.09782731913262425
2025-07-23,1. Buy & Hold,TSLA,0.09963284376020033
2025-07-23,1. Buy & Hold,V,0.1005265866667521
2025-07-23,10. Max Decorrelation,AAPL,0.12834163223342182
2025-07-23,10. Max Decorrelation,AMZN,0.17297936359200494
2025-07-23,10. Max Decorrelation,CASH,-0.00035644664078792815
2025-07-23,10. Max Decorrelation,JNJ,0.22297417646847734
2025-07-23,10. Max Decorrelation,META,0.018063922206076142
2025-07-23,10. Max Decorrelation,MSFT,0.14469309740707934
2025-07-23,10. Max Decorrelation,NVDA,0.09099916641267634
2025-07-23,10. Max Decorrelation,TSLA,0.14729389881444632
2025-07-23,10. Max Decorrelation,V,0.07501118950660561
2025-07-23,11. Sharpe Maximization,AAPL,3.6761448621753987e-06
2025-07-23,11. Sharpe Maximization,AMZN,0.000996851385079605
2025-07-23,11. Sharpe Maximization,CASH,-0.0003666564718760364
2025-07-23,11. Sharpe Maximization,JNJ,0.30760885242495856
2025-07-23,11. Sharpe Maximization,JPM,0.1478427122752083
2025-07-23,11. Sharpe Maximization,MSFT,0.29535539566114494
2025-07-23,11. Sharpe Maximization,NVDA,0.24854710371358957
2025-07-23,11. Sharpe Maximization,TSLA,1.0557702601884785e-05
2025-07-23,12. CVaR Minimization,AAPL,4.547099377797379e-06
2025-07-23,12. CVaR Minimization,AMZN,0.25398659296610704
2025-07-23,12. CVaR Minimization,CASH,-5.450465446037774e-05
2025-07-23,12. CVaR Minimization,JNJ,0.22248248006572943
2025-07-23,12. CVaR Minimization,JPM,0.11661945160264543
2025-07-23,12. CVaR Minimization,MSFT,0.29512571393965686
2025-07-23,12. CVaR Minimization,NVDA,0.11183571898094379
2025-07-23,2. Equal Weight,AAPL,0.10014998488209961
2025-07-23,2. Equal Weight,AMZN,0.09970439446756937
2025-07-23,2. Equal Weight,CASH,-1.9442873104178987e-05
2025-07-23,2. Equal Weight,GOOGL,0.10152010188849388
2025-07-23,2. Equal Weight,JNJ,0.10201887334925847
2025-07-23,2. Equal Weight,JPM,0.10062252274449068
2025-07-23,2. Equal Weight,META,0.10006516333179055
2025-07-23,2. Equal Weight,MSFT,0.09795165264982487
2025-07-23,2. Equal Weight,NVDA,0.09782731913262427
2025-07-23,2. Equal Weight,TSLA,0.09963284376020035
2025-07-23,2. Equal Weight,V,0.10052658666675209
2025-07-23,3. Quintile Momentum,CASH,1.0
2025-07-23,4. Quintile Low Vol,CASH,1.0
2025-07-23,5. Mean Reversion,AAPL,0.14796159604198725
2025-07-23,5. Mean Reversion,AMZN,0.09639616443529207
2025-07-23,5. Mean Reversion,CASH,-0.0006053569649081043
2025-07-23,5. Mean Reversion,GOOGL,0.0587708264511249
2025-07-23,5. Mean Reversion,JNJ,0.07407256058255807
2025-07-23,5. Mean Reversion,JPM,0.1433713661565751
2025-07-23,5. Mean Reversion,META,0.16226780035230573
2025-07-23,5. Mean Reversion,MSFT,0.04801482352697783
2025-07-23,5. Mean Reversion,TSLA,0.09172360154377153
2025-07-23,5. Mean Reversion,V,0.17802661787431548
2025-07-23,6. GMVP,AAPL,0.23014704829628216
2025-07-23,6. GMVP,AMZN,0.09284685479651586
2025-07-23,6. GMVP,CASH,-0.00039351257308569527
2025-07-23,6. GMVP,GOOGL,0.0200571394614792
2025-07-23,6. GMVP,JNJ,0.16411157039675367
2025-07-23,6. GMVP,MSFT,0.49323089962205463
2025-07-23,7. Inverse Volatility,AAPL,0.13439760736198517
2025-07-23,7. Inverse Volatility,AMZN,0.09974637002054464
2025-07-23,7. Inverse Volatility,CASH,-0.00016184354469565225
2025-07-23,7. Inverse Volatility,GOOGL,0.08801458232322454
2025-07-23,7. Inverse Volatility,JNJ,0.08957079710266136
2025-07-23,7. Inverse Volatility,JPM,0.11463357583950806
2025-07-23,7. Inverse Volatility,META,0.0985260320337485
2025-07-23,7. Inverse Volatility,MSFT,0.1718745619515408
2025-07-23,7. Inverse Volatility,NVDA,0.07901864498298782
2025-07-23,7. Inverse Volatility,TSLA,0.038283669191706414
2025-07-23,7. Inverse Volatility,V,0.08609600273678819
2025-07-23,8. Risk Parity,AAPL,0.09928200048972077
2025-07-23,8. Risk Parity,AMZN,0.08283517679266986
2025-07-23,8. Risk Parity,CASH,-9.233578579692905e-05
2025-07-23,8. Risk Parity,GOOGL,0.07184436259581232
2025-07-23,8. Risk Parity,JNJ,0.19880525632582255
2025-07-23,8. Risk Parity,JPM,0.1060363416437332
2025-07-23,8. Risk Parity,META,0.06625579128266595
2025-07-23,8. Risk Parity,MSFT,0.16646435664935577
2025-07-23,8. Risk Parity,NVDA,0.07427231210552936
2025-07-23,8. Risk Parity,TSLA,0.03980267363138539
2025-07-23,8. Risk Parity,V,0.09449406426910176
2025-07-23,9. Max Diversification,AAPL,0.1525144783149954
2025-07-23,9. Max Diversification,AMZN,0.17062098593748082
2025-07-23,9. Max Diversification,CASH,-0.0002924509149261338
2025-07-23,9. Max Diversification,JNJ,0.21301938611619053
2025-07-23,9. Max Diversification,META,0.014979926466374293
2025-07-23,9. Max Diversification,MSFT,0.26818066603662727
2025-07-23,9. Max Diversification,NVDA,0.0742633452494059
2025-07-23,9. Max Diversification,TSLA,0.04572644024791637
2025-07-23,9. Max Diversification,V,0.06098722254593564
2025-07-24,1. Buy & Hold,AAPL,0.10026072374457382
2025-07-24,1. Buy & Hold,AMZN,0.10172256894179207
2025-07-24,1. Buy & Hold,CASH,-1.9499883955989685e-05
2025-07-24,1. Buy & Hold,GOOGL,0.10285613770967801
2025-07-24,1. Buy & Hold,JNJ,0.10259634954537361
2025-07-24,1. Buy & Hold,JPM,0.10084615691681614
2025-07-24,1. Buy & Hold,META,0.10053015873963612
2025-07-24,1. Buy & Hold,MSFT,0.09921180005208258
2025-07-24,1. Buy & Hold,NVDA,0.09981470909319629
2025-07-24,1. Buy & Hold,TSLA,0.09173412107901223
2025-07-24,1. Buy & Hold,V,0.10044677406179517
2025-07-24,10. Max Decorrelation,AAPL,0.1288751033862974
2025-07-24,10. Max Decorrelation,AMZN,0.17701857296936468
2025-07-24,10. Max Decorrelation,CASH,-0.0003585812960051441
2025-07-24,10. Max Decorrelation,JNJ,0.22491968945529212
2025-07-24,10. Max Decorrelation,META,0.018203170425812657
2025-07-24,10. Max Decorrelation,MSFT,0.14700120549444384
2025-07-24,10. Max Decorrelation,NVDA,0.09313079887088901
2025-07-24,10. Max Decorrelation,TSLA,0.1360299871611789
2025-07-24,10. Max Decorrelation,V,0.07518005353272643
2025-07-24,11. Sharpe Maximization,AAPL,3.64039425663922e-06
2025-07-24,11. Sharpe Maximization,AMZN,0.0010060262025114528
2025-07-24,11. Sharpe Maximization,CASH,-0.0003637531783736232
2025-07-24,11. Sharpe Maximization,JNJ,0.3060032727936176
2025-07-24,11. Sharpe Maximization,JPM,0.14656825892784214
2025-07-24,11. Sharpe Maximization,MSFT,0.29591864319071925
2025-07-24,11. Sharpe Maximization,NVDA,0.25085280192245557
2025-07-24,11. Sharpe Maximization,TSLA,9.615539553289495e-06
2025-07-24,12. CVaR Minimization,AAPL,4.494914859993271e-06
2025-07-24,12. CVaR Minimization,AMZN,0.25587089515589745
2025-07-24,12. CVaR Minimization,CASH,-5.39774361996592e-05
2025-07-24,12. CVaR Minimization,JNJ,0.2209297898221104
2025-07-24,12. CVaR Minimization,JPM,0.11540967627609519
2025-07-24,12. CVaR Minimization,MSFT,0.29516556444640685
2025-07-24,12. CVaR Minimization,NVDA,0.11267355682082973
2025-07-24,2. Equal Weight,AAPL,0.10026072374457383
2025-07-24,2. Equal Weight,AMZN,0.10172256894179206
2025-07-24,2. Equal Weight,CASH,-1.9499883955989654e-05
2025-07-24,2. Equal Weight,GOOGL,0.102856137709678
2025-07-24,2. Equal Weight,JNJ,0.10259634954537361
2025-07-24,2. Equal Weight,JPM,0.10084615691681614
2025-07-24,2. Equal Weight,META,0.10053015873963611
2025-07-24,2. Equal Weight,MSFT,0.09921180005208258
2025-07-24,2. Equal Weight,NVDA,0.09981470909319633
2025-07-24,2. Equal Weight,TSLA,0.09173412107901226
2025-07-24,2. Equal Weight,V,0.10044677406179517
2025-07-24,3. Quintile Momentum,CASH,1.0
2025-07-24,4. Quintile Low Vol,CASH,1.0
2025-07-24,5. Mean Reversion,AAPL,0.1484840674752963
2025-07-24,5. Mean Reversion,AMZN,0.0985856432195928
2025-07-24,5. Mean Reversion,CASH,-0.0006086029175110333
2025-07-24,5. Mean Reversion,GOOGL,0.05968852770209165
2025-07-24,5. Mean Reversion,JNJ,0.07467231998127857
2025-07-24,5. Mean Reversion,JPM,0.14403813049754577
2025-07-24,5. Mean Reversion,META,0.16341680303333406
2025-07-24,5. Mean Reversion,MSFT,0.04875035692602874
2025-07-24,5. Mean Reversion,TSLA,0.08465651345357968
2025-07-24,5. Mean Reversion,V,0.17831624062876353
2025-07-24,6. GMVP,AAPL,0.22819465485828172
2025-07-24,6. GMVP,AMZN,0.09381889784462578
2025-07-24,6. GMVP,CASH,-0.0003908861738143274
2025-07-24,6. GMVP,GOOGL,0.02012645435055507
2025-07-24,6. GMVP,JNJ,0.16345970006224986
2025-07-24,6. GMVP,MSFT,0.49479117905810194
2025-07-24,7. Inverse Volatility,AAPL,0.13384245531375022
2025-07-24,7. Inverse Volatility,AMZN,0.10123309848001989
2025-07-24,7. Inverse Volatility,CASH,-0.00016146908252943936
2025-07-24,7. Inverse Volatility,GOOGL,0.08870645227425521
2025-07-24,7. Inverse Volatility,JNJ,0.089606648751411
2025-07-24,7. Inverse Volatility,JPM,0.11428741285989702
2025-07-24,7. Inverse Volatility,META,0.09846612860265719
2025-07-24,7. Inverse Volatility,MSFT,0.17317515158842167
2025-07-24,7. Inverse Volatility,NVDA,0.08020221855065605
2025-07-24,7. Inverse Volatility,TSLA,0.03506423299666464
2025-07-24,7. Inverse Volatility,V,0.08557766966479641
2025-07-24,8. Risk Parity,AAPL,0.0989149582611203
2025-07-24,8. Risk Parity,AMZN,0.08410645497006261
2025-07-24,8. Risk Parity,CASH,-9.216226511346187e-05
2025-07-24,8. Risk Parity,GOOGL,0.07244065506420379
2025-07-24,8. Risk Parity,JNJ,0.19897144486329893
2025-07-24,8. Risk Parity,JPM,0.10576217957372573
2025-07-24,8. Risk Parity,META,0.06624434498504886
2025-07-24,8. Risk Parity,MSFT,0.16779705086232213
2025-07-24,8. Risk Parity,NVDA,0.07541762335392872
2025-07-24,8. Risk Parity,TSLA,0.036471374333420827
2025-07-24,8. Risk Parity,V,0.09396607599798162
2025-07-24,9. Max Diversification,AAPL,0.1517450134000384
2025-07-24,9. Max Diversification,AMZN,0.17300508731666692
2025-07-24,9. Max Diversification,CASH,-0.0002915063214665762
2025-07-24,9. Max Diversification,JNJ,0.2129089517930657
2025-07-24,9. Max Diversification,META,0.014957070778287552
2025-07-24,9. Max Diversification,MSFT,0.2699618739003429
2025-07-24,9. Max Diversification,NVDA,0.07530647323590123
2025-07-24,9. Max Diversification,TSLA,0.04184264972897041
2025-07-24,9. Max Diversification,V,0.06056438616819365
2025-07-25,1. Buy & Hold,AAPL,0.10000171810356914
2025-07-25,1. Buy & Hold,AMZN,0.10000171810356914
2025-07-25,1. Buy & Hold,CASH,-1.7181035691298526e-05
2025-07-25,1. Buy & Hold,GOOGL,0.10000171810356914
2025-07-25,1. Buy & Hold,JNJ,0.10000171810356914
2025-07-25,1. Buy & Hold,JPM,0.10000171810356914
2025-07-25,1. Buy & Hold,META,0.10000171810356914
2025-07-25,1. Buy & Hold,MSFT,0.10000171810356914
2025-07-25,1. Buy & Hold,NVDA,0.1000017181035691
2025-07-25,1. Buy & Hold,TSLA,0.1000017181035691
2025-07-25,1. Buy & Hold,V,0.10000171810356914
2025-07-25,10. Max Decorrelation,AAPL,0.11837220419266001
2025-07-25,10. Max Decorrelation,AMZN,0.1678857845453577
2025-07-25,10. Max Decorrelation,CASH,-0.00010653867797928566
2025-07-25,10. Max Decorrelation,JNJ,0.21818258985457437
2025-07-25,10. Max Decorrelation,META,0.0005430622929625768
2025-07-25,10. Max Decorrelation,MSFT,0.1653469080151947
2025-07-25,10. Max Decorrelation,NVDA,0.10111792234107198
2025-07-25,10. Max Decorrelation,TSLA,0.1615265075947526
2025-07-25,10. Max Decorrelation,V,0.06713155984140523
2025-07-25,11. Sharpe Maximization,AMZN,0.03611539383467532
2025-07-25,11. Sharpe Maximization,CASH,-0.0001685092197257345
2025-07-25,11. Sharpe Maximization,JNJ,0.30003033548299496
2025-07-25,11. Sharpe Maximization,JPM,0.18646410470046018
2025-07-25,11. Sharpe Maximization,MSFT,0.30004129046648
2025-07-25,11. Sharpe Maximization,NVDA,0.17751738473511522
2025-07-25,12. CVaR Minimization,AAPL,0.007929950513558905
2025-07-25,12. CVaR Minimization,AMZN,0.24566521321218848
2025-07-25,12. CVaR Minimization,CASH,-5.0806149983133045e-05
2025-07-25,12. CVaR Minimization,JNJ,0.20564030076586015
2025-07-25,12. CVaR Minimization,JPM,0.12520695687039232
2025-07-25,12. CVaR Minimization,MSFT,0.3000108518944654
2025-07-25,12. CVaR Minimization,NVDA,0.11559169675236271
2025-07-25,12. CVaR Minimization,TSLA,5.588712748421987e-06
2025-07-25,2. Equal Weight,AAPL,0.10000171810356914
2025-07-25,2. Equal Weight,AMZN,0.10000171810356914
2025-07-25,2. Equal Weight,CASH,-1.718103569140954e-05
2025-07-25,2. Equal Weight,GOOGL,0.10000171810356914
2025-07-25,2. Equal Weight,JNJ,0.10000171810356914
2025-07-25,2. Equal Weight,JPM,0.10000171810356914
2025-07-25,2. Equal Weight,META,0.10000171810356914
2025-07-25,2. Equal Weight,MSFT,0.10000171810356914
2025-07-25,2. Equal Weight,NVDA,0.10000171810356914
2025-07-25,2. Equal Weight,TSLA,0.10000171810356914
2025-07-25,2. Equal Weight,V,0.10000171810356914
2025-07-25,3. Quintile Momentum,CASH,1.0
2025-07-25,4. Quintile Low Vol,CASH,1.0
2025-07-25,5. Mean Reversion,AAPL,0.11898545052458245
2025-07-25,5. Mean Reversion,AMZN,0.1042368527416576
2025-07-25,5. Mean Reversion,CASH,-0.0005816726204892251
2025-07-25,5. Mean Reversion,JNJ,0.09692688763418368
2025-07-25,5. Mean Reversion,JPM,0.06280874313329024
2025-07-25,5. Mean Reversion,META,0.17212816383759263
2025-07-25,5. Mean Reversion,MSFT,0.09924059086077498
2025-07-25,5. Mean Reversion,NVDA,0.1065831086311688
2025-07-25,5. Mean Reversion,TSLA,0.15479618267236583
2025-07-25,5. Mean Reversion,V,0.084875692584873
2025-07-25,6. GMVP,AAPL,0.22822341032557195
2025-07-25,6. GMVP,AMZN,0.07327433713792683
2025-07-25,6. GMVP,CASH,-4.272962222577064e-05
2025-07-25,6. GMVP,GOOGL,0.02130153800922184
2025-07-25,6. GMVP,JNJ,0.16527226330563577
2025-07-25,6. GMVP,JPM,0.011949816032756501
2025-07-25,6. GMVP,MSFT,0.5000213648111129
2025-07-25,7. Inverse Volatility,AAPL,0.12992265996186936
2025-07-25,7. Inverse Volatility,AMZN,0.0931814397474327
2025-07-25,7. Inverse Volatility,CASH,-0.00012474155685872427
2025-07-25,7. Inverse Volatility,GOOGL,0.10060995519839605
2025-07-25,7. Inverse Volatility,JNJ,0.0762787352217671
2025-07-25,7. Inverse Volatility,JPM,0.1011458911750957
2025-07-25,7. Inverse Volatility,META,0.09862983908444038
2025-07-25,7. Inverse Volatility,MSFT,0.1632947662007863
2025-07-25,7. Inverse Volatility,NVDA,0.07317688249275511
2025-07-25,7. Inverse Volatility,TSLA,0.03423547507233453
2025-07-25,7. Inverse Volatility,V,0.12964909740198144
2025-07-25,8. Risk Parity,AAPL,0.0996660626870662
2025-07-25,8. Risk Parity,AMZN,0.08043801369894787
2025-07-25,8. Risk Parity,CASH,-3.584931434138502e-05
2025-07-25,8. Risk Parity,GOOGL,0.0706793674815924
2025-07-25,8. Risk Parity,JNJ,0.19552708466765611
2025-07-25,8. Risk Parity,JPM,0.10267834938032352
2025-07-25,8. Risk Parity,META,0.06394154873840713
2025-07-25,8. Risk Parity,MSFT,0.17933974342328296
2025-07-25,8. Risk Parity,NVDA,0.07347033456544966
2025-07-25,8. Risk Parity,TSLA,0.0416384498280776
2025-07-25,8. Risk Parity,V,0.09265689484353778
2025-07-25,9. Max Diversification,AAPL,0.14459984739039417
2025-07-25,9. Max Diversification,AMZN,0.16539481619007365
2025-07-25,9. Max Diversification,CASH,-7.522477903878227e-05
2025-07-25,9. Max Diversification,JNJ,0.20987741419598704
2025-07-25,9. Max Diversification,META,0.0004589735701766423
2025-07-25,9. Max Diversification,MSFT,0.29628926915866155
2025-07-25,9. Max Diversification,NVDA,0.0781718134285232
2025-07-25,9. Max Diversification,TSLA,0.04896183738273166
2025-07-25,9. Max Diversification,V,0.05632123518008596
2025-07-28,1. Buy & Hold,AAPL,0.09969138392157544
2025-07-28,1. Buy & Hold,AMZN,0.10019325085231759
2025-07-28,1. Buy & Hold,CASH,-1.7114115027935154e-05
2025-07-28,1. Buy & Hold,GOOGL,0.09930282161864797
2025-07-28,1. Buy & Hold,JNJ,0.09838111270765336
2025-07-28,1. Buy & Hold,JPM,0.09949879278288713
2025-07-28,1. Buy & Hold,META,0.10030407625333511
2025-07-28,1. Buy & Hold,MSFT,0.09937758028729923
2025-07-28,1. Buy & Hold,NVDA,0.10147814306869375
2025-07-28,1. Buy & Hold,TSLA,0.10261576571009326
2025-07-28,1. Buy & Hold,V,0.09917418691252483
2025-07-28,10. Max Decorrelation,AAPL,0.11794021116863734
2025-07-28,10. Max Decorrelation,AMZN,0.16811518152075602
2025-07-28,10. Max Decorrelation,CASH,-0.00010606556580958015
2025-07-28,10. Max Decorrelation,JNJ,0.21452917579820685
2025-07-28,10. Max Decorrelation,META,0.0005444058371911664
2025-07-28,10. Max Decorrelation,MSFT,0.16422491189089522
2025-07-28,10. Max Decorrelation,NVDA,0.10255461076424034
2025-07-28,10. Max Decorrelation,TSLA,0.16565800801932556
2025-07-28,10. Max Decorrelation,V,0.06653956056655713
2025-07-28,11. Sharpe Maximization,AMZN,0.03636573695098766
2025-07-28,11. Sharpe Maximization,CASH,-0.00016869328901297157
2025-07-28,11. Sharpe Maximization,JNJ,0.29664598025280203
2025-07-28,11. Sharpe Maximization,JPM,0.1864552523351966
2025-07-28,11. Sharpe Maximization,MSFT,0.29966154384204174
2025-07-28,11. Sharpe Maximization,NVDA,0.18104017990798502
2025-07-28,12. CVaR Minimization,AAPL,0.007934555383086394
2025-07-28,12. CVaR Minimization,AMZN,0.24704531673884667
2025-07-28,12. CVaR Minimization,CASH,-5.0795278747255696e-05
2025-07-28,12. CVaR Minimization,JNJ,0.20305535833049043
2025-07-28,12. CVaR Minimization,JPM,0.1250376392603085
2025-07-28,12. CVaR Minimization,MSFT,0.2992401584163863
2025-07-28,12. CVaR Minimization,NVDA,0.117731762061468
2025-07-28,12. CVaR Minimization,TSLA,5.755994523215227e-06
2025-07-28,2. Equal Weight,AAPL,0.09969138392157546
2025-07-28,2. Equal Weight,AMZN,0.10019325085231762
2025-07-28,2. Equal Weight,CASH,-1.7114115028045742e-05
2025-07-28,2. Equal Weight,GOOGL,0.099302821618648
2025-07-28,2. Equal Weight,JNJ,0.09838111270765337
2025-07-28,2. Equal Weight,JPM,0.09949879278288716
2025-07-28,2. Equal Weight,META,0.10030407625333512
2025-07-28,2. Equal Weight,MSFT,0.09937758028729926
2025-07-28,2. Equal Weight,NVDA,0.10147814306869384
2025-07-28,2. Equal Weight,TSLA,0.10261576571009334
2025-07-28,2. Equal Weight,V,0.09917418691252484
2025-07-28,3. Quintile Momentum,CASH,1.0
2025-07-28,4. Quintile Low Vol,CASH,1.0
2025-07-28,5. Mean Reversion,AAPL,0.11828917403915606
2025-07-28,5. Mean Reversion,AMZN,0.10414856081809391
2025-07-28,5. Mean Reversion,CASH,-0.0005778095361244202
2025-07-28,5. Mean Reversion,JNJ,0.09509321108436
2025-07-28,5. Mean Reversion,JPM,0.062320571791347486
2025-07-28,5. Mean Reversion,META,0.17217259833876025
2025-07-28,5. Mean Reversion,MSFT,0.09834930027368113
2025-07-28,5. Mean Reversion,NVDA,0.10785850824365796
2025-07-28,5. Mean Reversion,TSLA,0.15840462285342474
2025-07-28,5. Mean Reversion,V,0.08394126209364287
2025-07-28,6. GMVP,AAPL,0.22902117371647937
2025-07-28,6. GMVP,AMZN,0.07390063781054003
2025-07-28,6. GMVP,CASH,-4.2844930415694655e-05
2025-07-28,6. GMVP,GOOGL,0.021292682126419302
2025-07-28,6. GMVP,JNJ,0.1636701668506791
2025-07-28,6. GMVP,JPM,0.011968420828904097
2025-07-28,6. GMVP,MSFT,0.5001897635973939
2025-07-28,7. Inverse Volatility,AAPL,0.12984287733755906
2025-07-28,7. Inverse Volatility,AMZN,0.0935930255639639
2025-07-28,7. Inverse Volatility,CASH,-0.0001245659460592175
2025-07-28,7. Inverse Volatility,GOOGL,0.10015627108817261
2025-07-28,7. Inverse Volatility,JNJ,0.07522995743949877
2025-07-28,7. Inverse Volatility,JPM,0.10088849865515416
2025-07-28,7. Inverse Volatility,META,0.09917506864643881
2025-07-28,7. Inverse Volatility,MSFT,0.16268079491676696
2025-07-28,7. Inverse Volatility,NVDA,0.07444268307480831
2025-07-28,7. Inverse Volatility,TSLA,0.035218110476517066
2025-07-28,7. Inverse Volatility,V,0.12889727874717954
2025-07-28,8. Risk Parity,AAPL,0.09974114223233935
2025-07-28,8. Risk Parity,AMZN,0.08090385509465253
2025-07-28,8. Risk Parity,CASH,-3.584782680253331e-05
2025-07-28,8. Risk Parity,GOOGL,0.07045691994000726
2025-07-28,8. Risk Parity,JNJ,0.1931025753446308
2025-07-28,8. Risk Parity,JPM,0.10255718710846899
2025-07-28,8. Risk Parity,META,0.06438299040590605
2025-07-28,8. Risk Parity,MSFT,0.17890989995280546
2025-07-28,8. Risk Parity,NVDA,0.07484347432616292
2025-07-28,8. Risk Parity,TSLA,0.042892173447944375
2025-07-28,8. Risk Parity,V,0.09224562997388476
2025-07-28,9. Max Diversification,AAPL,0.14464475570486784
2025-07-28,9. Max Diversification,AMZN,0.1662790729017576
2025-07-28,9. Max Diversification,CASH,-7.518837896929267e-05
2025-07-28,9. Max Diversification,JNJ,0.20718326259379471
2025-07-28,9. Max Diversification,META,0.0004619377907782407
2025-07-28,9. Max Diversification,MSFT,0.2954483531563163
2025-07-28,9. Max Diversification,NVDA,0.07959759228624738
2025-07-28,9. Max Diversification,TSLA,0.050413753096125696
2025-07-28,9. Max Diversification,V,0.056046442596328794
2025-07-29,1. Buy & Hold,AAPL,0.09893419674344249
2025-07-29,1. Buy & Hold,AMZN,0.09997033205367359
2025-07-29,1. Buy & Hold,CASH,-1.720761392827352e-05
2025-07-29,1. Buy & Hold,GOOGL,0.10148886232434165
2025-07-29,1. Buy & Hold,JNJ,0.10004334573221545
2025-07-29,1. Buy & Hold,JPM,0.0996264878314303
2025-07-29,1. Buy & Hold,META,0.0983744333652344
2025-07-29,1. Buy & Hold,MSFT,0.09993415375930212
2025-07-29,1. Buy & Hold,NVDA,0.10131672948024484
2025-07-29,1. Buy & Hold,TSLA,0.10178523320183396
2025-07-29,1. Buy & Hold,V,0.09854343312220953
2025-07-29,10. Max Decorrelation,AAPL,0.11688820503608117
2025-07-29,10. Max Decorrelation,AMZN,0.16751726817267748
2025-07-29,10. Max Decorrelation,CASH,-0.00010650269595820067
2025-07-29,10. Max Decorrelation,JNJ,0.2178626705043821
2025-07-29,10. Max Decorrelation,META,0.0005332199817992133
2025-07-29,10. Max Decorrelation,MSFT,0.1649242584855542
2025-07-29,10. Max Decorrelation,NVDA,0.10225482805291113
2025-07-29,10. Max Decorrelation,TSLA,0.16409792975399698
2025-07-29,10. Max Decorrelation,V,0.06602812270855607
2025-07-29,11. Sharpe Maximization,AMZN,0.0360483548901437
2025-07-29,11. Sharpe Maximization,CASH,-0.00016850950503807037
2025-07-29,11. Sharpe Maximization,JNJ,0.2996921277338045
2025-07-29,11. Sharpe Maximization,JPM,0.18547783617822028
2025-07-29,11. Sharpe Maximization,MSFT,0.2993759604611046
2025-07-29,11. Sharpe Maximization,NVDA,0.17957423024176494
2025-07-29,12. CVaR Minimization,AAPL,0.007839251029345044
2025-07-29,12. CVaR Minimization,AMZN,0.2453988147690101
2025-07-29,12. CVaR Minimization,CASH,-5.084552355626937e-05
2025-07-29,12. CVaR Minimization,JNJ,0.20556733242970202
2025-07-29,12. CVaR Minimization,JPM,0.12464100525119803
2025-07-29,12. CVaR Minimization,MSFT,0.29957706795697336
2025-07-29,12. CVaR Minimization,NVDA,0.11702144687076729
2025-07-29,12. CVaR Minimization,TSLA,5.684002059427649e-06
2025-07-29,2. Equal Weight,AAPL,0.09893419674344249
2025-07-29,2. Equal Weight,AMZN,0.09997033205367357
2025-07-29,2. Equal Weight,CASH,-1.720761392838471e-05
2025-07-29,2. Equal Weight,GOOGL,0.10148886232434165
2025-07-29,2. Equal Weight,JNJ,0.10004334573221546
2025-07-29,2. Equal Weight,JPM,0.09962648783143029
2025-07-29,2. Equal Weight,META,0.0983744333652344
2025-07-29,2. Equal Weight,MSFT,0.09993415375930212
2025-07-29,2. Equal Weight,NVDA,0.1013167294802449
2025-07-29,2. Equal Weight,TSLA,0.10178523320183401
2025-07-29,2. Equal Weight,V,0.09854343312220955
2025-07-29,3. Quintile Momentum,CASH,1.0
2025-07-29,4. Quintile Low Vol,CASH,1.0
2025-07-29,5. Mean Reversion,AAPL,0.1178853289346329
2025-07-29,5. Mean Reversion,AMZN,0.10435467094489964
2025-07-29,5. Mean Reversion,CASH,-0.0005834140252183091
2025-07-29,5. Mean Reversion,JNJ,0.09710731433657353
2025-07-29,5. Mean Reversion,JPM,0.0626634629261499
2025-07-29,5. Mean Reversion,META,0.16957180697284893
2025-07-29,5. Mean Reversion,MSFT,0.09931680702162245
2025-07-29,5. Mean Reversion,NVDA,0.10814065938263544
2025-07-29,5. Mean Reversion,TSLA,0.1577845555611571
2025-07-29,5. Mean Reversion,V,0.08375880794469837
2025-07-29,6. GMVP,AAPL,0.22634311850347963
2025-07-29,6. GMVP,AMZN,0.07343172077552022
2025-07-29,6. GMVP,CASH,-4.290110721393794e-05
2025-07-29,6. GMVP,GOOGL,0.021671552186950282
2025-07-29,6. GMVP,JNJ,0.1657482128206505
2025-07-29,6. GMVP,JPM,0.011934293440475224
2025-07-29,6. GMVP,MSFT,0.5009140033801379
2025-07-29,7. Inverse Volatility,AAPL,0.12883217510692277
2025-07-29,7. Inverse Volatility,AMZN,0.09336703227311488
2025-07-29,7. Inverse Volatility,CASH,-0.00012522266401590953
2025-07-29,7. Inverse Volatility,GOOGL,0.10234163322348847
2025-07-29,7. Inverse Volatility,JNJ,0.07648648347618037
2025-07-29,7. Inverse Volatility,JPM,0.10099876634668076
2025-07-29,7. Inverse Volatility,META,0.097248647953452
2025-07-29,7. Inverse Volatility,MSFT,0.16356079324085537
2025-07-29,7. Inverse Volatility,NVDA,0.07431013828028916
2025-07-29,7. Inverse Volatility,TSLA,0.034926425323662406
2025-07-29,7. Inverse Volatility,V,0.12805312743936964
2025-07-29,8. Risk Parity,AAPL,0.09871526523156705
2025-07-29,8. Risk Parity,AMZN,0.08050503725653967
2025-07-29,8. Risk Parity,CASH,-3.594597035332943e-05
2025-07-29,8. Risk Parity,GOOGL,0.07181276048975173
2025-07-29,8. Risk Parity,JNJ,0.1958329270386173
2025-07-29,8. Risk Parity,JPM,0.10241045169610825
2025-07-29,8. Risk Parity,META,0.06297323121749686
2025-07-29,8. Risk Parity,MSFT,0.1794242197114475
2025-07-29,8. Risk Parity,NVDA,0.07452187316459667
2025-07-29,8. Risk Parity,TSLA,0.042429695160787526
2025-07-29,8. Risk Parity,V,0.09141048500344073
2025-07-29,9. Max Diversification,AAPL,0.14314728884434005
2025-07-29,9. Max Diversification,AMZN,0.16544813988520693
2025-07-29,9. Max Diversification,CASH,-7.538909958393336e-05
2025-07-29,9. Max Diversification,JNJ,0.21009841330633378
2025-07-29,9. Max Diversification,META,0.00045179225522868754
2025-07-29,9. Max Diversification,MSFT,0.2962775347624939
2025-07-29,9. Max Diversification,NVDA,0.07925017127667916
2025-07-29,9. Max Diversification,TSLA,0.04986678203322097
2025-07-29,9. Max Diversification,V,0.05553524851068302
2025-07-30,1. Buy & Hold,AAPL,0.0978740823733208
2025-07-30,1. Buy & Hold,AMZN,0.09959458794759991
2025-07-30,1. Buy & Hold,CASH,-1.720400599902117e-05
2025-07-30,1. Buy & Hold,GOOGL,0.10187189837610545
2025-07-30,1. Buy & Hold,JNJ,0.09951663516771776
2025-07-30,1. Buy & Hold,JPM,0.10047409660887012
2025-07-30,1. Buy & Hold,META,0.09768078609548836
2025-07-30,1. Buy & Hold,MSFT,0.10004380090870886
2025-07-30,1. Buy & Hold,NVDA,0.10346556798974108
2025-07-30,1. Buy & Hold,TSLA,0.10107955184476178
2025-07-30,1. Buy & Hold,V,0.09841619669368472
2025-07-30,10. Max Decorrelation,AAPL,0.11585654482052507
2025-07-30,10. Max Decorrelation,AMZN,0.16720636213409565
2025-07-30,10. Max Decorrelation,CASH,-0.00010668371849174176
2025-07-30,10. Max Decorrelation,JNJ,0.21712953905365143
2025-07-30,10. Max Decorrelation,META,0.0005304713453726925
2025-07-30,10. Max Decorrelation,MSFT,0.16542052536789795
2025-07-30,10. Max Decorrelation,NVDA,0.10462298779453716
2025-07-30,10. Max Decorrelation,TSLA,0.1632714483810146
2025-07-30,10. Max Decorrelation,V,0.06606880482139725
2025-07-30,11. Sharpe Maximization,AMZN,0.03576972097822448
2025-07-30,11. Sharpe Maximization,CASH,-0.00016780265677918883
2025-07-30,11. Sharpe Maximization,JNJ,0.2969260555900731
2025-07-30,11. Sharpe Maximization,JPM,0.18631027566928085
2025-07-30,11. Sharpe Maximization,MSFT,0.29850984992193486
2025-07-30,11. Sharpe Maximization,NVDA,0.18265190049726598
2025-07-30,12. CVaR Minimization,AAPL,0.007741452413533542
2025-07-30,12. CVaR Minimization,AMZN,0.24404149168095401
2025-07-30,12. CVaR Minimization,CASH,-5.07444162532006e-05
2025-07-30,12. CVaR Minimization,JNJ,0.20412123242225613
2025-07-30,12. CVaR Minimization,JPM,0.12547778345105537
2025-07-30,12. CVaR Minimization,MSFT,0.299372163235
2025-07-30,12. CVaR Minimization,NVDA,0.11929074559191713
2025-07-30,12. CVaR Minimization,TSLA,5.634551645231965e-06
2025-07-30,2. Equal Weight,AAPL,0.0978740823733208
2025-07-30,2. Equal Weight,AMZN,0.09959458794759991
2025-07-30,2. Equal Weight,CASH,-1.7204005999132333e-05
2025-07-30,2. Equal Weight,GOOGL,0.10187189837610545
2025-07-30,2. Equal Weight,JNJ,0.09951663516771776
2025-07-30,2. Equal Weight,JPM,0.10047409660887012
2025-07-30,2. Equal Weight,META,0.09768078609548836
2025-07-30,2. Equal Weight,MSFT,0.10004380090870886
2025-07-30,2. Equal Weight,NVDA,0.10346556798974114
2025-07-30,2. Equal Weight,TSLA,0.10107955184476185
2025-07-30,2. Equal Weight,V,0.09841619669368475
2025-07-30,3. Quintile Momentum,CASH,1.0
2025-07-30,4. Quintile Low Vol,CASH,1.0
2025-07-30,5. Mean Reversion,AAPL,0.11681238796051645
2025-07-30,5. Mean Reversion,AMZN,0.10413203813567572
2025-07-30,5. Mean Reversion,CASH,-0.0005842432025897079
2025-07-30,5. Mean Reversion,JNJ,0.09675363502721285
2025-07-30,5. Mean Reversion,JPM,0.06329968551122526
2025-07-30,5. Mean Reversion,META,0.168650806151755
2025-07-30,5. Mean Reversion,MSFT,0.0995879663993534
2025-07-30,5. Mean Reversion,NVDA,0.11061437468334992
2025-07-30,5. Mean Reversion,TSLA,0.1569462321204222
2025-07-30,5. Mean Reversion,V,0.08378711721307894
2025-07-30,6. GMVP,AAPL,0.2245557453411189
2025-07-30,6. GMVP,AMZN,0.07336415413017998
2025-07-30,6. GMVP,CASH,-4.30143175743668e-05
2025-07-30,6. GMVP,GOOGL,0.021815322507947835
2025-07-30,6. GMVP,JNJ,0.16534533065531123
2025-07-30,6. GMVP,JPM,0.012070120518411437
2025-07-30,6. GMVP,MSFT,0.5028923411646049
2025-07-30,7. Inverse Volatility,AAPL,0.12748053132372747
2025-07-30,7. Inverse Volatility,AMZN,0.09303715331421877
2025-07-30,7. Inverse Volatility,CASH,-0.00012522473606044364
2025-07-30,7. Inverse Volatility,GOOGL,0.10275113148485757
2025-07-30,7. Inverse Volatility,JNJ,0.07610101072282607
2025-07-30,7. Inverse Volatility,JPM,0.10188109718044822
2025-07-30,7. Inverse Volatility,META,0.09658478749872217
2025-07-30,7. Inverse Volatility,MSFT,0.1637772998155391
2025-07-30,7. Inverse Volatility,NVDA,0.07590336117647392
2025-07-30,7. Inverse Volatility,TSLA,0.03469212676197133
2025-07-30,7. Inverse Volatility,V,0.12791672545727586
2025-07-30,8. Risk Parity,AAPL,0.09768952515579968
2025-07-30,8. Risk Parity,AMZN,0.0802287582553946
2025-07-30,8. Risk Parity,CASH,-3.595022013799621e-05
2025-07-30,8. Risk Parity,GOOGL,0.07210743499181325
2025-07-30,8. Risk Parity,JNJ,0.1948657896857635
2025-07-30,8. Risk Parity,JPM,0.10331561899532674
2025-07-30,8. Risk Parity,META,0.06254970858340292
2025-07-30,8. Risk Parity,MSFT,0.17967999254095868
2025-07-30,8. Risk Parity,NVDA,0.0761273754217057
2025-07-30,8. Risk Parity,TSLA,0.04214934730996169
2025-07-30,8. Risk Parity,V,0.09132239928001126
2025-07-30,9. Max Diversification,AAPL,0.14185123702098665
2025-07-30,9. Max Diversification,AMZN,0.16510309798199202
2025-07-30,9. Max Diversification,CASH,-7.549987230761772e-05
2025-07-30,9. Max Diversification,JNJ,0.20934325745398866
2025-07-30,9. Max Diversification,META,0.0004493600022626452
2025-07-30,9. Max Diversification,MSFT,0.2971007140023071
2025-07-30,9. Max Diversification,NVDA,0.08106691057485226
2025-07-30,9. Max Diversification,TSLA,0.0496042176471269
2025-07-30,9. Max Diversification,V,0.05555668677746726
2025-07-31,1. Buy & Hold,AAPL,0.09668208878773268
2025-07-31,1. Buy & Hold,AMZN,0.10077044097900668
2025-07-31,1. Buy & Hold,CASH,-1.7115653792858462e-05
2025-07-31,1. Buy & Hold,GOOGL,0.09896108033745236
2025-07-31,1. Buy & Hold,JNJ,0.09751390770786986
2025-07-31,1. Buy & Hold,JPM,0.09882718445160855
2025-07-31,1. Buy & Hold,META,0.1081144322837897
2025-07-31,1. Buy & Hold,MSFT,0.10345893860314488
2025-07-31,1. Buy & Hold,NVDA,0.1021303548087126
2025-07-31,1. Buy & Hold,TSLA,0.09716578001608181
2025-07-31,1. Buy & Hold,V,0.09639290767839358
2025-07-31,10. Max Decorrelation,AAPL,0.11526771602138951
2025-07-31,10. Max Decorrelation,AMZN,0.1703958495772784
2025-07-31,10. Max Decorrelation,CASH,-0.00010689831183288175
2025-07-31,10. Max Decorrelation,JNJ,0.21428836025886933
2025-07-31,10. Max Decorrelation,META,0.0005913508831897641
2025-07-31,10. Max Decorrelation,MSFT,0.17229632937345626
2025-07-31,10. Max Decorrelation,NVDA,0.10401474457702507
2025-07-31,10. Max Decorrelation,TSLA,0.15807714121543692
2025-07-31,10. Max Decorrelation,V,0.06517540640518753
2025-07-31,11. Sharpe Maximization,AMZN,0.036220040089291444
2025-07-31,11. Sharpe Maximization,CASH,-0.00016707008547585023
2025-07-31,11. Sharpe Maximization,JNJ,0.29117570821596833
2025-07-31,11. Sharpe Maximization,JPM,0.1833982027379126
2025-07-31,11. Sharpe Maximization,MSFT,0.30893880031066356
2025-07-31,11. Sharpe Maximization,NVDA,0.18043431873163993
2025-07-31,12. CVaR Minimization,AAPL,0.00760683526853311
2025-07-31,12. CVaR Minimization,AMZN,0.24562034236356153
2025-07-31,12. CVaR Minimization,CASH,-5.021753724165845e-05
2025-07-31,12. CVaR Minimization,JNJ,0.19895840948197155
2025-07-31,12. CVaR Minimization,JPM,0.12277003863698044
2025-07-31,12. CVaR Minimization,MSFT,0.3079587104612833
2025-07-31,12. CVaR Minimization,NVDA,0.117130228098244
2025-07-31,12. CVaR Minimization,TSLA,5.3878145542314555e-06
2025-07-31,2. Equal Weight,AAPL,0.09668208878773268
2025-07-31,2. Equal Weight,AMZN,0.1007704409790067
2025-07-31,2. Equal Weight,CASH,-1.7115653792969054e-05
2025-07-31,2. Equal Weight,GOOGL,0.09896108033745238
2025-07-31,2. Equal Weight,JNJ,0.09751390770786987
2025-07-31,2. Equal Weight,JPM,0.09882718445160855
2025-07-31,2. Equal Weight,META,0.1081144322837897
2025-07-31,2. Equal Weight,MSFT,0.10345893860314488
2025-07-31,2. Equal Weight,NVDA,0.10213035480871265
2025-07-31,2. Equal Weight,TSLA,0.09716578001608187
2025-07-31,2. Equal Weight,V,0.09639290767839356
2025-07-31,3. Quintile Momentum,CASH,1.0
2025-07-31,4. Quintile Low Vol,CASH,1.0
2025-07-31,5. Mean Reversion,AAPL,0.11435914706680819
2025-07-31,5. Mean Reversion,AMZN,0.10442042890929694
2025-07-31,5. Mean Reversion,CASH,-0.0005760514315454959
2025-07-31,5. Mean Reversion,JNJ,0.09395974978208353
2025-07-31,5. Mean Reversion,JPM,0.06170602191275588
2025-07-31,5. Mean Reversion,META,0.1849978289305082
2025-07-31,5. Mean Reversion,MSFT,0.102067712939459
2025-07-31,5. Mean Reversion,NVDA,0.10821170679343516
2025-07-31,5. Mean Reversion,TSLA,0.14952183270741184
2025-07-31,5. Mean Reversion,V,0.0813316223897869
2025-07-31,6. GMVP,AAPL,0.21937492396321548
2025-07-31,6. GMVP,AMZN,0.07341179198820175
2025-07-31,6. GMVP,CASH,-4.232153741100902e-05
2025-07-31,6. GMVP,GOOGL,0.020958305041614455
2025-07-31,6. GMVP,JNJ,0.16023128031027611
2025-07-31,6. GMVP,JPM,0.011741360158824606
2025-07-31,6. GMVP,MSFT,0.5143246600752787
2025-07-31,7. Inverse Volatility,AAPL,0.12538081896071002
2025-07-31,7. Inverse Volatility,AMZN,0.09372657554062334
2025-07-31,7. Inverse Volatility,CASH,-0.00012404034025764908
2025-07-31,7. Inverse Volatility,GOOGL,0.09938150229900033
2025-07-31,7. Inverse Volatility,JNJ,0.07424551395076516
2025-07-31,7. Inverse Volatility,JPM,0.09977571346976054
2025-07-31,7. Inverse Volatility,META,0.10643688865037101
2025-07-31,7. Inverse Volatility,MSFT,0.16863218139853278
2025-07-31,7. Inverse Volatility,NVDA,0.07459829790441527
2025-07-31,7. Inverse Volatility,TSLA,0.033203959409886255
2025-07-31,7. Inverse Volatility,V,0.12474258875619296
2025-07-31,8. Risk Parity,AAPL,0.09646069846072333
2025-07-31,8. Risk Parity,AMZN,0.0811430957381511
2025-07-31,8. Risk Parity,CASH,-3.5751111152430735e-05
2025-07-31,8. Risk Parity,GOOGL,0.07001871849505974
2025-07-31,8. Risk Parity,JNJ,0.1908668742140473
2025-07-31,8. Risk Parity,JPM,0.10158097500763909
2025-07-31,8. Risk Parity,META,0.06920283704391461
2025-07-31,8. Risk Parity,MSFT,0.1857383736845422
2025-07-31,8. Risk Parity,NVDA,0.07511452652324878
2025-07-31,8. Risk Parity,TSLA,0.04050092758589332
2025-07-31,8. Risk Parity,V,0.08940872435793286
2025-07-31,9. Max Diversification,AAPL,0.139831389864231
2025-07-31,9. Max Diversification,AMZN,0.16670394137439615
2025-07-31,9. Max Diversification,CASH,-7.495547326388846e-05
2025-07-31,9. Max Diversification,JNJ,0.2047024687465709
2025-07-31,9. Max Diversification,META,0.00049632044422795
2025-07-31,9. Max Diversification,MSFT,0.3066018397392411
2025-07-31,9. Max Diversification,NVDA,0.0798538468719227
2025-07-31,9. Max Diversification,TSLA,0.04758410045313106
2025-07-31,9. Max Diversification,V,0.0543010299077784
2025-08-01,1. Buy & Hold,AAPL,0.1000040525300236
2025-08-01,1. Buy & Hold,AMZN,0.1000040525300236
2025-08-01,1. Buy & Hold,CASH,-4.052530023584796e-05
2025-08-01,1. Buy & Hold,GOOGL,0.1000040525300236
2025-08-01,1. Buy & Hold,JNJ,0.1000040525300236
2025-08-01,1. Buy & Hold,JPM,0.1000040525300236
2025-08-01,1. Buy & Hold,META,0.1000040525300236
2025-08-01,1. Buy & Hold,MSFT,0.1000040525300236
2025-08-01,1. Buy & Hold,NVDA,0.10000405253002356
2025-08-01,1. Buy & Hold,TSLA,0.10000405253002356
2025-08-01,1. Buy & Hold,V,0.1000040525300236
2025-08-01,10. Max Decorrelation,AAPL,0.09212410254296204
2025-08-01,10. Max Decorrelation,AMZN,0.044087558918714784
2025-08-01,10. Max Decorrelation,CASH,-0.00043409751864855275
2025-08-01,10. Max Decorrelation,GOOGL,0.08854323732868506
2025-08-01,10. Max Decorrelation,JNJ,0.21420111746850676
2025-08-01,10. Max Decorrelation,JPM,0.02298993596905927
2025-08-01,10. Max Decorrelation,META,0.09130783043380195
2025-08-01,10. Max Decorrelation,MSFT,0.16805582042629408
2025-08-01,10. Max Decorrelation,NVDA,0.10819739534023946
2025-08-01,10. Max Decorrelation,TSLA,0.12450718848822577
2025-08-01,10. Max Decorrelation,V,0.04641991060215952
2025-08-01,11. Sharpe Maximization,AAPL,1.0741442295419277e-06
2025-08-01,11. Sharpe Maximization,AMZN,0.04169715537226091
2025-08-01,11. Sharpe Maximization,CASH,-6.170071490364321e-05
2025-08-01,11. Sharpe Maximization,GOOGL,8.577021065494278e-06
2025-08-01,11. Sharpe Maximization,JNJ,0.300030917715208
2025-08-01,11. Sharpe Maximization,JPM,0.1606823271243803
2025-08-01,11. Sharpe Maximization,META,2.8375933372504935e-06
2025-08-01,11. Sharpe Maximization,MSFT,0.3000238255485639
2025-08-01,11. Sharpe Maximization,NVDA,0.1976083793147529
2025-08-01,11. Sharpe Maximization,V,6.606881105384946e-06
2025-08-01,12. CVaR Minimization,AAPL,0.008733821450155516
2025-08-01,12. CVaR Minimization,AMZN,0.24557410767879675
2025-08-01,12. CVaR Minimization,CASH,-0.00011467086690148594
2025-08-01,12. CVaR Minimization,JNJ,0.2468341994075033
2025-08-01,12. CVaR Minimization,JPM,0.10750289794735057
2025-08-01,12. CVaR Minimization,MSFT,0.3000323221020549
2025-08-01,12. CVaR Minimization,NVDA,0.0914312253841281
2025-08-01,12. CVaR Minimization,V,6.0968969123794655e-06
2025-08-01,2. Equal Weight,AAPL,0.10000405253002359
2025-08-01,2. Equal Weight,AMZN,0.10000405253002359
2025-08-01,2. Equal Weight,CASH,-4.052530023584792e-05
2025-08-01,2. Equal Weight,GOOGL,0.10000405253002359
2025-08-01,2. Equal Weight,JNJ,0.10000405253002359
2025-08-01,2. Equal Weight,JPM,0.10000405253002359
2025-08-01,2. Equal Weight,META,0.10000405253002359
2025-08-01,2. Equal Weight,MSFT,0.10000405253002359
2025-08-01,2. Equal Weight,NVDA,0.10000405253002359
2025-08-01,2. Equal Weight,TSLA,0.1000040525300236
2025-08-01,2. Equal Weight,V,0.10000405253002359
2025-08-01,3. Quintile Momentum,CASH,1.0
2025-08-01,4. Quintile Low Vol,CASH,1.0
2025-08-01,5. Mean Reversion,AAPL,0.2613758696752187
2025-08-01,5. Mean Reversion,AMZN,0.15568999023643695
2025-08-01,5. Mean Reversion,CASH,-0.0009280289968302289
2025-08-01,5. Mean Reversion,GOOGL,0.015305361125458657
2025-08-01,5. Mean Reversion,JNJ,0.00080398961294403
2025-08-01,5. Mean Reversion,JPM,0.10542751215633236
2025-08-01,5. Mean Reversion,META,0.009159064777267
2025-08-01,5. Mean Reversion,NVDA,0.06193920826477731
2025-08-01,5. Mean Reversion,TSLA,0.18694438358990442
2025-08-01,5. Mean Reversion,V,0.20428264955849065
2025-08-01,6. GMVP,AAPL,0.210599480758435
2025-08-01,6. GMVP,AMZN,0.013147384498462499
2025-08-01,6. GMVP,CASH,-0.0003367940445348112
2025-08-01,6. GMVP,GOOGL,0.08636362887444299
2025-08-01,6. GMVP,JNJ,0.17381476413638405
2025-08-01,6. GMVP,JPM,0.0849084817070254
2025-08-01,6. GMVP,MSFT,0.41924675341057344
2025-08-01,6. GMVP,NVDA,0.01179621957634272
2025-08-01,6. GMVP,V,0.0004600810828686879
2025-08-01,7. Inverse Volatility,AAPL,0.15944396181859052
2025-08-01,7. Inverse Volatility,AMZN,0.06670980131591558
2025-08-01,7. Inverse Volatility,CASH,-0.00027157418300722164
2025-08-01,7. Inverse Volatility,GOOGL,0.11863801243228957
2025-08-01,7. Inverse Volatility,JNJ,0.08688057254256029
2025-08-01,7. Inverse Volatility,JPM,0.11277234117079347
2025-08-01,7. Inverse Volatility,META,0.051006669337218986
2025-08-01,7. Inverse Volatility,MSFT,0.1258393374610007
2025-08-01,7. Inverse Volatility,NVDA,0.09004812275691422
2025-08-01,7. Inverse Volatility,TSLA,0.04422647873674231
2025-08-01,7. Inverse Volatility,V,0.14470627661098143
2025-08-01,8. Risk Parity,AAPL,0.12923655758978475
2025-08-01,8. Risk Parity,AMZN,0.09131444329661696
2025-08-01,8. Risk Parity,CASH,-0.00016127097456267628
2025-08-01,8. Risk Parity,GOOGL,0.08468464556815093
2025-08-01,8. Risk Parity,JNJ,0.15398395150506203
2025-08-01,8. Risk Parity,JPM,0.10471419315219607
2025-08-01,8. Risk Parity,META,0.06091455918687402
2025-08-01,8. Risk Parity,MSFT,0.17432950834547525
2025-08-01,8. Risk Parity,NVDA,0.08294722564501998
2025-08-01,8. Risk Parity,TSLA,0.03677138204893141
2025-08-01,8. Risk Parity,V,0.08126480463645135
2025-08-01,9. Max Diversification,AAPL,0.12294430310668582
2025-08-01,9. Max Diversification,AMZN,0.048289295232482043
2025-08-01,9. Max Diversification,CASH,-0.00040691685362087847
2025-08-01,9. Max Diversification,GOOGL,0.0815401679835658
2025-08-01,9. Max Diversification,JNJ,0.2241811061814132
2025-08-01,9. Max Diversification,JPM,0.0300722950970302
2025-08-01,9. Max Diversification,META,0.054978285754696384
2025-08-01,9. Max Diversification,MSFT,0.2603522449187476
2025-08-01,9. Max Diversification,NVDA,0.09225233291079815
2025-08-01,9. Max Diversification,TSLA,0.0421797817651782
2025-08-01,9. Max Diversification,V,0.04361710390302355
2025-08-04,1. Buy & Hold,AAPL,0.09866653797153721
2025-08-04,1. Buy & Hold,AMZN,0.09677839269094721
2025-08-04,1. Buy & Hold,CASH,-3.9792566084404464e-05
2025-08-04,1. Buy & Hold,GOOGL,0.10126434790933272
2025-08-04,1. Buy & Hold,JNJ,0.10037306396201096
2025-08-04,1. Buy & Hold,JPM,0.09985527936836554
2025-08-04,1. Buy & Hold,META,0.10164710078855979
2025-08-04,1. Buy & Hold,MSFT,0.10035611949864229
2025-08-04,1. Buy & Hold,NVDA,0.10174568244857267
2025-08-04,1. Buy & Hold,TSLA,0.10034715831346673
2025-08-04,1. Buy & Hold,V,0.09900610961464947
2025-08-04,10. Max Decorrelation,AAPL,0.0906051406101141
2025-08-04,10. Max Decorrelation,AMZN,0.04253085728949726
2025-08-04,10. Max Decorrelation,CASH,-0.0004249034788274305
2025-08-04,10. Max Decorrelation,GOOGL,0.08937615060298196
2025-08-04,10. Max Decorrelation,JNJ,0.21431303787582942
2025-08-04,10. Max Decorrelation,JPM,0.022883290370833333
2025-08-04,10. Max Decorrelation,META,0.09251511615711476
2025-08-04,10. Max Decorrelation,MSFT,0.16811524470519817
2025-08-04,10. Max Decorrelation,NVDA,0.10973431927571366
2025-08-04,10. Max Decorrelation,TSLA,0.1245400923795095
2025-08-04,10. Max Decorrelation,V,0.045811654212035244
2025-08-04,11. Sharpe Maximization,AAPL,1.0555326174182165e-06
2025-08-04,11. Sharpe Maximization,AMZN,0.04019055481607316
2025-08-04,11. Sharpe Maximization,CASH,-6.0342412501104325e-05
2025-08-04,11. Sharpe Maximization,GOOGL,8.650320840033064e-06
2025-08-04,11. Sharpe Maximization,JNJ,0.2999316940626031
2025-08-04,11. Sharpe Maximization,JPM,0.15980056574602963
2025-08-04,11. Sharpe Maximization,META,2.8726606166363173e-06
2025-08-04,11. Sharpe Maximization,MSFT,0.2998739725154432
2025-08-04,11. Sharpe Maximization,NVDA,0.20024446200976245
2025-08-04,11. Sharpe Maximization,V,6.514748515526345e-06
2025-08-04,12. CVaR Minimization,AAPL,0.00865714789336169
2025-08-04,12. CVaR Minimization,AMZN,0.23876002595089182
2025-08-04,12. CVaR Minimization,CASH,-0.00011312199045150452
2025-08-04,12. CVaR Minimization,JNJ,0.2488989996988888
2025-08-04,12. CVaR Minimization,JPM,0.10784297015074688
2025-08-04,12. CVaR Minimization,MSFT,0.30249105802899334
2025-08-04,12. CVaR Minimization,NVDA,0.09345685609592687
2025-08-04,12. CVaR Minimization,V,6.064171642126658e-06
2025-08-04,2. Equal Weight,AAPL,0.09866653797153718
2025-08-04,2. Equal Weight,AMZN,0.0967783926909472
2025-08-04,2. Equal Weight,CASH,-3.9792566084404424e-05
2025-08-04,2. Equal Weight,GOOGL,0.10126434790933271
2025-08-04,2. Equal Weight,JNJ,0.10037306396201093
2025-08-04,2. Equal Weight,JPM,0.09985527936836552
2025-08-04,2. Equal Weight,META,0.10164710078855976
2025-08-04,2. Equal Weight,MSFT,0.10035611949864226
2025-08-04,2. Equal Weight,NVDA,0.10174568244857267
2025-08-04,2. Equal Weight,TSLA,0.10034715831346676
2025-08-04,2. Equal Weight,V,0.09900610961464944
2025-08-04,3. Quintile Momentum,CASH,1.0
2025-08-04,4. Quintile Low Vol,CASH,1.0
2025-08-04,5. Mean Reversion,AAPL,0.26012489572991
2025-08-04,5. Mean Reversion,AMZN,0.1519797181708817
2025-08-04,5. Mean Reversion,CASH,-0.0009191817422148489
2025-08-04,5. Mean Reversion,GOOGL,0.01563315701834517
2025-08-04,5. Mean Reversion,JNJ,0.0008139807942252538
2025-08-04,5. Mean Reversion,JPM,0.10618704315321581
2025-08-04,5. Mean Reversion,META,0.009390585366087022
2025-08-04,5. Mean Reversion,NVDA,0.06356648208333068
2025-08-04,5. Mean Reversion,TSLA,0.1892186932466316
2025-08-04,5. Mean Reversion,V,0.20400462617958764
2025-08-04,6. GMVP,AAPL,0.20777332256946163
2025-08-04,6. GMVP,AMZN,0.012722731677523367
2025-08-04,6. GMVP,CASH,-0.00033068942491749963
2025-08-04,6. GMVP,GOOGL,0.08744803431545944
2025-08-04,6. GMVP,JNJ,0.17444818036539056
2025-08-04,6. GMVP,JPM,0.08477830024665844
2025-08-04,6. GMVP,MSFT,0.4207035405572763
2025-08-04,6. GMVP,NVDA,0.01200111053833821
2025-08-04,6. GMVP,V,0.00045546915480943693
2025-08-04,7. Inverse Volatility,AAPL,0.15748065676920114
2025-08-04,7. Inverse Volatility,AMZN,0.0646274920037115
2025-08-04,7. Inverse Volatility,CASH,-0.0002669506832848735
2025-08-04,7. Inverse Volatility,GOOGL,0.12026234920060759
2025-08-04,7. Inverse Volatility,JNJ,0.08729494710910195
2025-08-04,7. Inverse Volatility,JPM,0.11272568368779896
2025-08-04,7. Inverse Volatility,META,0.05190046060388574
2025-08-04,7. Inverse Volatility,MSFT,0.12641817994565707
2025-08-04,7. Inverse Volatility,NVDA,0.09171490129304297
2025-08-04,7. Inverse Volatility,TSLA,0.044425946729958435
2025-08-04,7. Inverse Volatility,V,0.14341633334031964
2025-08-04,8. Risk Parity,AAPL,0.12761232392756555
2025-08-04,8. Risk Parity,AMZN,0.08844132228659858
2025-08-04,8. Risk Parity,CASH,-0.00015848452459371777
2025-08-04,8. Risk Parity,GOOGL,0.08582199205984364
2025-08-04,8. Risk Parity,JNJ,0.15467851289847642
2025-08-04,8. Risk Parity,JPM,0.10464390264909772
2025-08-04,8. Risk Parity,META,0.06196599792497844
2025-08-04,8. Risk Parity,MSFT,0.17508627843642272
2025-08-04,8. Risk Parity,NVDA,0.08446080183129656
2025-08-04,8. Risk Parity,TSLA,0.0369277101074987
2025-08-04,8. Risk Parity,V,0.08051964240281538
2025-08-04,9. Max Diversification,AAPL,0.12108788907878618
2025-08-04,9. Max Diversification,AMZN,0.046650003520130066
2025-08-04,9. Max Diversification,CASH,-0.00039886083239826676
2025-08-04,9. Max Diversification,GOOGL,0.08242341056067962
2025-08-04,9. Max Diversification,JNJ,0.22461491859437785
2025-08-04,9. Max Diversification,JPM,0.029975056768646525
2025-08-04,9. Max Diversification,META,0.0557838647321547
2025-08-04,9. Max Diversification,MSFT,0.2608120156560467
2025-08-04,9. Max Diversification,NVDA,0.09369485759818859
2025-08-04,9. Max Diversification,TSLA,0.04225049637787395
2025-08-04,9. Max Diversification,V,0.04310634794551395
2025-08-05,1. Buy & Hold,AAPL,0.09908115203201728
2025-08-05,1. Buy & Hold,AMZN,0.09835733123948505
2025-08-05,1. Buy & Hold,CASH,-4.004445865360302e-05
2025-08-05,1. Buy & Hold,GOOGL,0.10171204630487762
2025-08-05,1. Buy & Hold,JNJ,0.10083127330122739
2025-08-05,1. Buy & Hold,JPM,0.09950046609903178
2025-08-05,1. Buy & Hold,META,0.1005895857214778
2025-08-05,1. Buy & Hold,MSFT,0.09950378048054338
2025-08-05,1. Buy & Hold,NVDA,0.10139997944894026
2025-08-05,1. Buy & Hold,TSLA,0.10080604433266814
2025-08-05,1. Buy & Hold,V,0.09825838549838496
2025-08-05,10. Max Decorrelation,AAPL,0.09100185223663676
2025-08-05,10. Max Decorrelation,AMZN,0.043232336111575724
2025-08-05,10. Max Decorrelation,CASH,-0.00042766824377183445
2025-08-05,10. Max Decorrelation,GOOGL,0.08978704999749518
2025-08-05,10. Max Decorrelation,JNJ,0.21532918569417261
2025-08-05,10. Max Decorrelation,JPM,0.022805982734050673
2025-08-05,10. Max Decorrelation,META,0.0915686807986671
2025-08-05,10. Max Decorrelation,MSFT,0.16671668035414658
2025-08-05,10. Max Decorrelation,NVDA,0.10938067203608834
2025-08-05,10. Max Decorrelation,TSLA,0.12513157585495405
2025-08-05,10. Max Decorrelation,V,0.0454736524259847
2025-08-05,11. Sharpe Maximization,AAPL,1.0618482216274664e-06
2025-08-05,11. Sharpe Maximization,AMZN,0.04091871257747708
2025-08-05,11. Sharpe Maximization,CASH,-6.0832095689983264e-05
2025-08-05,11. Sharpe Maximization,GOOGL,8.703975608372905e-06
2025-08-05,11. Sharpe Maximization,JNJ,0.3018353201665816
2025-08-05,11. Sharpe Maximization,JPM,0.159515182405649
2025-08-05,11. Sharpe Maximization,META,2.8478163037095456e-06
2025-08-05,11. Sharpe Maximization,MSFT,0.29785447028832307
2025-08-05,11. Sharpe Maximization,NVDA,0.1999180560023863
2025-08-05,11. Sharpe Maximization,V,6.477015139298959e-06
2025-08-05,12. CVaR Minimization,AAPL,0.008677929136716011
2025-08-05,12. CVaR Minimization,AMZN,0.24222003006670795
2025-08-05,12. CVaR Minimization,CASH,-0.0001136338245518449
2025-08-05,12. CVaR Minimization,JNJ,0.2495866351938676
2025-08-05,12. CVaR Minimization,JPM,0.10726697402872579
2025-08-05,12. CVaR Minimization,MSFT,0.29938384879270946
2025-08-05,12. CVaR Minimization,NVDA,0.09297220903058787
2025-08-05,12. CVaR Minimization,V,6.007575237126381e-06
2025-08-05,2. Equal Weight,AAPL,0.09908115203201728
2025-08-05,2. Equal Weight,AMZN,0.09835733123948505
2025-08-05,2. Equal Weight,CASH,-4.004445865360298e-05
2025-08-05,2. Equal Weight,GOOGL,0.10171204630487762
2025-08-05,2. Equal Weight,JNJ,0.10083127330122738
2025-08-05,2. Equal Weight,JPM,0.09950046609903178
2025-08-05,2. Equal Weight,META,0.10058958572147778
2025-08-05,2. Equal Weight,MSFT,0.09950378048054338
2025-08-05,2. Equal Weight,NVDA,0.10139997944894028
2025-08-05,2. Equal Weight,TSLA,0.10080604433266817
2025-08-05,2. Equal Weight,V,0.09825838549838496
2025-08-05,3. Quintile Momentum,CASH,1.0
2025-08-05,4. Quintile Low Vol,CASH,1.0
2025-08-05,5. Mean Reversion,AAPL,0.2606255191101475
2025-08-05,5. Mean Reversion,AMZN,0.15410893767525247
2025-08-05,5. Mean Reversion,CASH,-0.0009229023049483398
2025-08-05,5. Mean Reversion,GOOGL,0.015666658319943683
2025-08-05,5. Mean Reversion,JNJ,0.0008158420547222532
2025-08-05,5. Mean Reversion,JPM,0.10556974496489015
2025-08-05,5. Mean Reversion,META,0.009271810546977323
2025-08-05,5. Mean Reversion,NVDA,0.06320681629452166
2025-08-05,5. Mean Reversion,TSLA,0.18965285907630097
2025-08-05,5. Mean Reversion,V,0.20200471426219238
2025-08-05,6. GMVP,AAPL,0.20899272186631915
2025-08-05,6. GMVP,AMZN,0.01295176390216456
2025-08-05,6. GMVP,CASH,-0.0003333350695356308
2025-08-05,6. GMVP,GOOGL,0.08798043254176488
2025-08-05,6. GMVP,JNJ,0.17553540816698746
2025-08-05,6. GMVP,JPM,0.08461726983620887
2025-08-05,6. GMVP,MSFT,0.4178227739440375
2025-08-05,6. GMVP,NVDA,0.011980185245730328
2025-08-05,6. GMVP,V,0.00045277956632310196
2025-08-05,7. Inverse Volatility,AAPL,0.15823120393266119
2025-08-05,7. Inverse Volatility,AMZN,0.06571876469247881
2025-08-05,7. Inverse Volatility,CASH,-0.000268791341672296
2025-08-05,7. Inverse Volatility,GOOGL,0.12086185678049333
2025-08-05,7. Inverse Volatility,JNJ,0.08774268775119508
2025-08-05,7. Inverse Volatility,JPM,0.11238820102397162
2025-08-05,7. Inverse Volatility,META,0.05138933444300918
2025-08-05,7. Inverse Volatility,MSFT,0.12541486422997755
2025-08-05,7. Inverse Volatility,NVDA,0.0914545965803124
2025-08-05,7. Inverse Volatility,TSLA,0.04465416201907263
2025-08-05,7. Inverse Volatility,V,0.1424131198885005
2025-08-05,8. Risk Parity,AAPL,0.12816985541791143
2025-08-05,8. Risk Parity,AMZN,0.08989916906469447
2025-08-05,8. Risk Parity,CASH,-0.00015951424084165682
2025-08-05,8. Risk Parity,GOOGL,0.08621573430276558
2025-08-05,8. Risk Parity,JNJ,0.15541043539946894
2025-08-05,8. Risk Parity,JPM,0.10428939098526904
2025-08-05,8. Risk Parity,META,0.0613315005982602
2025-08-05,8. Risk Parity,MSFT,0.1736280757398868
2025-08-05,8. Risk Parity,NVDA,0.08418780705926499
2025-08-05,8. Risk Parity,TSLA,0.037102740745385165
2025-08-05,8. Risk Parity,V,0.079924804927935
2025-08-05,9. Max Diversification,AAPL,0.1216813501107968
2025-08-05,9. Max Diversification,AMZN,0.04744409491717834
2025-08-05,9. Max Diversification,CASH,-0.0004016650330868944
2025-08-05,9. Max Diversification,GOOGL,0.08284542996962292
2025-08-05,9. Max Diversification,JNJ,0.2257973402758913
2025-08-05,9. Max Diversification,JPM,0.029889334972310458
2025-08-05,9. Max Diversification,META,0.05524192150209766
2025-08-05,9. Max Diversification,MSFT,0.2587768790501656
2025-08-05,9. Max Diversification,NVDA,0.09344149692948601
2025-08-05,9. Max Diversification,TSLA,0.04247324709824865
2025-08-05,9. Max Diversification,V,0.042810570207289074
2025-08-06,1. Buy & Hold,AAPL,0.10256506452192088
2025-08-06,1. Buy & Hold,AMZN,0.10076363718042987
2025-08-06,1. Buy & Hold,CASH,-3.944451775565803e-05
2025-08-06,1. Buy & Hold,GOOGL,0.10091902202788866
2025-08-06,1. Buy & Hold,JNJ,0.09923337618023949
2025-08-06,1. Buy & Hold,JPM,0.09800303547862121
2025-08-06,1. Buy & Hold,META,0.1001895970841186
2025-08-06,1. Buy & Hold,MSFT,0.09749115825610163
2025-08-06,1. Buy & Hold,NVDA,0.10053077740090662
2025-08-06,1. Buy & Hold,TSLA,0.10289489948891763
2025-08-06,1. Buy & Hold,V,0.09744887689861113
2025-08-06,10. Max Decorrelation,AAPL,0.0944517197300649
2025-08-06,10. Max Decorrelation,AMZN,0.04440757220842096
2025-08-06,10. Max Decorrelation,CASH,-0.00042237913337732336
2025-08-06,10. Max Decorrelation,GOOGL,0.08932346712587634
2025-08-06,10. Max Decorrelation,JNJ,0.21247930724292466
2025-08-06,10. Max Decorrelation,JPM,0.022522387757041688
2025-08-06,10. Max Decorrelation,META,0.09144664902973465
2025-08-06,10. Max Decorrelation,MSFT,0.16377813849112802
2025-08-06,10. Max Decorrelation,NVDA,0.1087309015660695
2025-08-06,10. Max Decorrelation,TSLA,0.12806351437842461
2025-08-06,10. Max Decorrelation,V,0.045218721603691864
2025-08-06,11. Sharpe Maximization,AAPL,1.114702106093384e-06
2025-08-06,11. Sharpe Maximization,AMZN,0.04251155860153319
2025-08-06,11. Sharpe Maximization,CASH,-6.076660452127679e-05
2025-08-06,11. Sharpe Maximization,GOOGL,8.758026892318618e-06
2025-08-06,11. Sharpe Maximization,JNJ,0.30124548203452906
2025-08-06,11. Sharpe Maximization,JPM,0.15933251257235317
2025-08-06,11. Sharpe Maximization,META,2.8765342554147943e-06
2025-08-06,11. Sharpe Maximization,MSFT,0.2959495874362741
2025-08-06,11. Sharpe Maximization,NVDA,0.2010023623614921
2025-08-06,11. Sharpe Maximization,V,6.514335085765347e-06
2025-08-06,12. CVaR Minimization,AAPL,0.009039009998491748
2025-08-06,12. CVaR Minimization,AMZN,0.2496913573179452
2025-08-06,12. CVaR Minimization,CASH,-0.00011262847534353685
2025-08-06,12. CVaR Minimization,JNJ,0.247161145561305
2025-08-06,12. CVaR Minimization,JPM,0.10631065627370888
2025-08-06,12. CVaR Minimization,MSFT,0.2951551554352391
2025-08-06,12. CVaR Minimization,NVDA,0.09274930870087779
2025-08-06,12. CVaR Minimization,V,5.995187775565762e-06
2025-08-06,2. Equal Weight,AAPL,0.10256506452192088
2025-08-06,2. Equal Weight,AMZN,0.10076363718042987
2025-08-06,2. Equal Weight,CASH,-3.9444517755658e-05
2025-08-06,2. Equal Weight,GOOGL,0.10091902202788866
2025-08-06,2. Equal Weight,JNJ,0.09923337618023947
2025-08-06,2. Equal Weight,JPM,0.09800303547862121
2025-08-06,2. Equal Weight,META,0.1001895970841186
2025-08-06,2. Equal Weight,MSFT,0.09749115825610162
2025-08-06,2. Equal Weight,NVDA,0.10053077740090666
2025-08-06,2. Equal Weight,TSLA,0.10289489948891765
2025-08-06,2. Equal Weight,V,0.09744887689861115
2025-08-06,3. Quintile Momentum,CASH,1.0
2025-08-06,4. Quintile Low Vol,CASH,1.0
2025-08-06,5. Mean Reversion,AAPL,0.2663507275280629
2025-08-06,5. Mean Reversion,AMZN,0.15586674493062969
2025-08-06,5. Mean Reversion,CASH,-0.0008974876776171455
2025-08-06,5. Mean Reversion,GOOGL,0.015346366060886546
2025-08-06,5. Mean Reversion,JNJ,0.0007926786195251698
2025-08-06,5. Mean Reversion,JPM,0.10265554776230262
2025-08-06,5. Mean Reversion,META,0.009117225564926345
2025-08-06,5. Mean Reversion,NVDA,0.06186622683720674
2025-08-06,5. Mean Reversion,TSLA,0.1911151907875222
2025-08-06,5. Mean Reversion,V,0.19778677958655494
2025-08-06,6. GMVP,AAPL,0.21756587470788785
2025-08-06,6. GMVP,AMZN,0.01334372930340922
2025-08-06,6. GMVP,CASH,-0.00033019951886199535
2025-08-06,6. GMVP,GOOGL,0.08778856280273194
2025-08-06,6. GMVP,JNJ,0.1737314539810144
2025-08-06,6. GMVP,JPM,0.0838155551706295
2025-08-06,6. GMVP,MSFT,0.41168871428279924
2025-08-06,6. GMVP,NVDA,0.011944718311565664
2025-08-06,6. GMVP,V,0.00045159095882435957
2025-08-06,7. Inverse Volatility,AAPL,0.16389684016553757
2025-08-06,7. Inverse Volatility,AMZN,0.06736844587909212
2025-08-06,7. Inverse Volatility,CASH,-0.0002649290225001158
2025-08-06,7. Inverse Volatility,GOOGL,0.11999411350974097
2025-08-06,7. Inverse Volatility,JNJ,0.0864059178338944
2025-08-06,7. Inverse Volatility,JPM,0.11076566777263515
2025-08-06,7. Inverse Volatility,META,0.05121682374361494
2025-08-06,7. Inverse Volatility,MSFT,0.12295457678311612
2025-08-06,7. Inverse Volatility,NVDA,0.09072704175451396
2025-08-06,7. Inverse Volatility,TSLA,0.04560781391824039
2025-08-06,7. Inverse Volatility,V,0.1413276876621147
2025-08-06,8. Risk Parity,AAPL,0.13299086346179953
2025-08-06,8. Risk Parity,AMZN,0.09231670136459738
2025-08-06,8. Risk Parity,CASH,-0.00015749660133920036
2025-08-06,8. Risk Parity,GOOGL,0.08574615886441529
2025-08-06,8. Risk Parity,JNJ,0.15330989790335128
2025-08-06,8. Risk Parity,JPM,0.10296320316833013
2025-08-06,8. Risk Parity,META,0.06123231832007104
2025-08-06,8. Risk Parity,MSFT,0.17051912765671096
2025-08-06,8. Risk Parity,NVDA,0.08366385511030311
2025-08-06,8. Risk Parity,TSLA,0.037961272949552295
2025-08-06,8. Risk Parity,V,0.07945409780220816
2025-08-06,9. Max Diversification,AAPL,0.12658731474995788
2025-08-06,9. Max Diversification,AMZN,0.04884690177639076
2025-08-06,9. Max Diversification,CASH,-0.0003976179733404274
2025-08-06,9. Max Diversification,GOOGL,0.0826089220941771
2025-08-06,9. Max Diversification,JNJ,0.2233259013746337
2025-08-06,9. Max Diversification,JPM,0.029586147779491458
2025-08-06,9. Max Diversification,META,0.055296309164001814
2025-08-06,9. Max Diversification,MSFT,0.2548055464412173
2025-08-06,9. Max Diversification,NVDA,0.09310193746960922
2025-08-06,9. Max Diversification,TSLA,0.04356929132467084
2025-08-06,9. Max Diversification,V,0.042669345799190184
2025-08-07,1. Buy & Hold,AAPL,0.10580921732899623
2025-08-07,1. Buy & Hold,AMZN,0.10111928443032862
2025-08-07,1. Buy & Hold,CASH,-3.9438268211889924e-05
2025-08-07,1. Buy & Hold,GOOGL,0.10112429983034894
2025-08-07,1. Buy & Hold,JNJ,0.0997643715883937
2025-08-07,1. Buy & Hold,JPM,0.09650432655894552
2025-08-07,1. Buy & Hold,META,0.09885535760200187
2025-08-07,1. Buy & Hold,MSFT,0.09671438596838305
2025-08-07,1. Buy & Hold,NVDA,0.1012711477527662
2025-08-07,1. Buy & Hold,TSLA,0.1036375400452414
2025-08-07,1. Buy & Hold,V,0.09523950716280631
2025-08-07,10. Max Decorrelation,AAPL,0.0972160676332624
2025-08-07,10. Max Decorrelation,AMZN,0.04446223796663521
2025-08-07,10. Max Decorrelation,CASH,-0.0004213449335248904
2025-08-07,10. Max Decorrelation,GOOGL,0.08930015286081297
2025-08-07,10. Max Decorrelation,JNJ,0.21312700474216092
2025-08-07,10. Max Decorrelation,JPM,0.022127167534496457
2025-08-07,10. Max Decorrelation,META,0.09002217738498859
2025-08-07,10. Max Decorrelation,MSFT,0.16210108256832817
2025-08-07,10. Max Decorrelation,NVDA,0.10928078753271211
2025-08-07,10. Max Decorrelation,TSLA,0.12869237041898338
2025-08-07,10. Max Decorrelation,V,0.0440922962911447
2025-08-07,11. Sharpe Maximization,AAPL,1.1517483432422832e-06
2025-08-07,11. Sharpe Maximization,AMZN,0.042727935578771706
2025-08-07,11. Sharpe Maximization,CASH,-6.0851443570394354e-05
2025-08-07,11. Sharpe Maximization,GOOGL,8.789486409297351e-06
2025-08-07,11. Sharpe Maximization,JNJ,0.30332833153920435
2025-08-07,11. Sharpe Maximization,JPM,0.15713987085826964
2025-08-07,11. Sharpe Maximization,META,2.8426399928257736e-06
2025-08-07,11. Sharpe Maximization,MSFT,0.2940480595592587
2025-08-07,11. Sharpe Maximization,NVDA,0.20279749349277557
2025-08-07,11. Sharpe Maximization,V,6.376540544991509e-06
2025-08-07,12. CVaR Minimization,AAPL,0.009332425827555987
2025-08-07,12. CVaR Minimization,AMZN,0.250774456676095
2025-08-07,12. CVaR Minimization,CASH,-0.000112701326125558
2025-08-07,12. CVaR Minimization,JNJ,0.24868382525988478
2025-08-07,12. CVaR Minimization,JPM,0.10476921547858951
2025-08-07,12. CVaR Minimization,MSFT,0.2930392930358826
2025-08-07,12. CVaR Minimization,NVDA,0.0935076210647861
2025-08-07,12. CVaR Minimization,V,5.863983331554225e-06
2025-08-07,2. Equal Weight,AAPL,0.10580921732899623
2025-08-07,2. Equal Weight,AMZN,0.10111928443032862
2025-08-07,2. Equal Weight,CASH,-3.943826821188989e-05
2025-08-07,2. Equal Weight,GOOGL,0.10112429983034896
2025-08-07,2. Equal Weight,JNJ,0.0997643715883937
2025-08-07,2. Equal Weight,JPM,0.0965043265589455
2025-08-07,2. Equal Weight,META,0.09885535760200187
2025-08-07,2. Equal Weight,MSFT,0.09671438596838304
2025-08-07,2. Equal Weight,NVDA,0.10127114775276623
2025-08-07,2. Equal Weight,TSLA,0.10363754004524145
2025-08-07,2. Equal Weight,V,0.09523950716280633
2025-08-07,3. Quintile Momentum,CASH,1.0
2025-08-07,4. Quintile Low Vol,CASH,1.0
2025-08-07,5. Mean Reversion,AAPL,0.2734982334400937
2025-08-07,5. Mean Reversion,AMZN,0.1556898183073906
2025-08-07,5. Mean Reversion,CASH,-0.0008931744139646003
2025-08-07,5. Mean Reversion,GOOGL,0.015306103351132387
2025-08-07,5. Mean Reversion,JNJ,0.0007932159565324667
2025-08-07,5. Mean Reversion,JPM,0.10061582104076394
2025-08-07,5. Mean Reversion,META,0.008953995561735113
2025-08-07,5. Mean Reversion,NVDA,0.062032161523820024
2025-08-07,5. Mean Reversion,TSLA,0.19159979972559504
2025-08-07,5. Mean Reversion,V,0.19240402550690142
2025-08-07,6. GMVP,AAPL,0.22365292983179663
2025-08-07,6. GMVP,AMZN,0.01334341967494391
2025-08-07,6. GMVP,CASH,-0.00032897840589364027
2025-08-07,6. GMVP,GOOGL,0.08765570839453425
2025-08-07,6. GMVP,JNJ,0.1740427466517793
2025-08-07,6. GMVP,JPM,0.08224161939172146
2025-08-07,6. GMVP,MSFT,0.4069626764127445
2025-08-07,6. GMVP,NVDA,0.0119900880890612
2025-08-07,6. GMVP,V,0.00043978995931253935
2025-08-07,7. Inverse Volatility,AAPL,0.16898530122218378
2025-08-07,7. Inverse Volatility,AMZN,0.06756798786372964
2025-08-07,7. Inverse Volatility,CASH,-0.0002647372344031207
2025-08-07,7. Inverse Volatility,GOOGL,0.1201701881428245
2025-08-07,7. Inverse Volatility,JNJ,0.08681914344232752
2025-08-07,7. Inverse Volatility,JPM,0.10901009853081077
2025-08-07,7. Inverse Volatility,META,0.05050618071578896
2025-08-07,7. Inverse Volatility,MSFT,0.12190593594626327
2025-08-07,7. Inverse Volatility,NVDA,0.0913435206855037
2025-08-07,7. Inverse Volatility,TSLA,0.04591100608215853
2025-08-07,7. Inverse Volatility,V,0.1380453746028124
2025-08-07,8. Risk Parity,AAPL,0.13707850603578697
2025-08-07,8. Risk Parity,AMZN,0.09256225847971934
2025-08-07,8. Risk Parity,CASH,-0.00015733519560039006
2025-08-07,8. Risk Parity,GOOGL,0.0858461219821608
2025-08-07,8. Risk Parity,JNJ,0.15399669869814434
2025-08-07,8. Risk Parity,JPM,0.10130078583682546
2025-08-07,8. Risk Parity,META,0.060364526235785976
2025-08-07,8. Risk Parity,MSFT,0.1690139156524198
2025-08-07,8. Risk Parity,NVDA,0.08420697687399119
2025-08-07,8. Risk Parity,TSLA,0.038202125616686095
2025-08-07,8. Risk Parity,V,0.07758541978408053
2025-08-07,9. Max Diversification,AAPL,0.1302847120451632
2025-08-07,9. Max Diversification,AMZN,0.04890422722653866
2025-08-07,9. Max Diversification,CASH,-0.00039662165139925365
2025-08-07,9. Max Diversification,GOOGL,0.0825826234830587
2025-08-07,9. Max Diversification,JNJ,0.22399381419133588
2025-08-07,9. Max Diversification,JPM,0.029065306349308692
2025-08-07,9. Max Diversification,META,0.05443183201918531
2025-08-07,9. Max Diversification,MSFT,0.2521819227143944
2025-08-07,9. Max Diversification,NVDA,0.09356741591812105
2025-08-07,9. Max Diversification,TSLA,0.04378072713726395
2025-08-07,9. Max Diversification,V,0.04160404056702933
2025-08-08,1. Buy & Hold,AAPL,0.10000369265040344
2025-08-08,1. Buy & Hold,AMZN,0.10000369265040344
2025-08-08,1. Buy & Hold,CASH,-3.6926504034285756e-05
2025-08-08,1. Buy & Hold,GOOGL,0.10000369265040344
2025-08-08,1. Buy & Hold,JNJ,0.10000369265040344
2025-08-08,1. Buy & Hold,JPM,0.10000369265040343
2025-08-08,1. Buy & Hold,META,0.10000369265040344
2025-08-08,1. Buy & Hold,MSFT,0.10000369265040344
2025-08-08,1. Buy & Hold,NVDA,0.10000369265040342
2025-08-08,1. Buy & Hold,TSLA,0.10000369265040342
2025-08-08,1. Buy & Hold,V,0.10000369265040344
2025-08-08,10. Max Decorrelation,AAPL,0.07691799557603107
2025-08-08,10. Max Decorrelation,AMZN,0.13446463393873873
2025-08-08,10. Max Decorrelation,CASH,-0.00035787526646016156
2025-08-08,10. Max Decorrelation,GOOGL,0.018205624065974292
2025-08-08,10. Max Decorrelation,JNJ,0.2624871150626104
2025-08-08,10. Max Decorrelation,META,0.0680151491111111
2025-08-08,10. Max Decorrelation,MSFT,0.14694202156940694
2025-08-08,10. Max Decorrelation,NVDA,0.09888446233679857
2025-08-08,10. Max Decorrelation,TSLA,0.14466707698542905
2025-08-08,10. Max Decorrelation,V,0.049773796620360085
2025-08-08,11. Sharpe Maximization,AAPL,0.1333048646351844
2025-08-08,11. Sharpe Maximization,AMZN,2.425465405320284e-05
2025-08-08,11. Sharpe Maximization,CASH,-0.0004484498248226426
2025-08-08,11. Sharpe Maximization,GOOGL,0.018679121004999587
2025-08-08,11. Sharpe Maximization,JNJ,0.30014962837355885
2025-08-08,11. Sharpe Maximization,JPM,3.1604677845202477e-06
2025-08-08,11. Sharpe Maximization,META,0.010999555062801864
2025-08-08,11. Sharpe Maximization,MSFT,0.30011293404278
2025-08-08,11. Sharpe Maximization,NVDA,0.23715004537090537
2025-08-08,11. Sharpe Maximization,V,2.488621275473583e-05
2025-08-08,12. CVaR Minimization,AAPL,0.03881155385481481
2025-08-08,12. CVaR Minimization,CASH,-0.0007536391780433738
2025-08-08,12. CVaR Minimization,GOOGL,0.14497936151656954
2025-08-08,12. CVaR Minimization,JNJ,0.30022389970157676
2025-08-08,12. CVaR Minimization,JPM,0.16448650509542212
2025-08-08,12. CVaR Minimization,MSFT,0.30022378510902736
2025-08-08,12. CVaR Minimization,TSLA,1.1007047965948055e-06
2025-08-08,12. CVaR Minimization,V,0.05202743319583612
2025-08-08,2. Equal Weight,AAPL,0.10000369265040344
2025-08-08,2. Equal Weight,AMZN,0.10000369265040344
2025-08-08,2. Equal Weight,CASH,-3.692650403439681e-05
2025-08-08,2. Equal Weight,GOOGL,0.10000369265040344
2025-08-08,2. Equal Weight,JNJ,0.10000369265040344
2025-08-08,2. Equal Weight,JPM,0.10000369265040344
2025-08-08,2. Equal Weight,META,0.10000369265040344
2025-08-08,2. Equal Weight,MSFT,0.10000369265040344
2025-08-08,2. Equal Weight,NVDA,0.10000369265040344
2025-08-08,2. Equal Weight,TSLA,0.10000369265040344
2025-08-08,2. Equal Weight,V,0.10000369265040344
2025-08-08,3. Quintile Momentum,CASH,1.0
2025-08-08,4. Quintile Low Vol,CASH,1.0
2025-08-08,5. Mean Reversion,AAPL,0.007453296619712854
2025-08-08,5. Mean Reversion,AMZN,0.18278835175637
2025-08-08,5. Mean Reversion,CASH,-0.0010483845985529141
2025-08-08,5. Mean Reversion,GOOGL,0.020314036713504156
2025-08-08,5. Mean Reversion,JNJ,0.02382214953142545
2025-08-08,5. Mean Reversion,JPM,0.25026193671042485
2025-08-08,5. Mean Reversion,META,0.04756547746060903
2025-08-08,5. Mean Reversion,MSFT,0.08972809514030108
2025-08-08,5. Mean Reversion,TSLA,0.04980516576934573
2025-08-08,5. Mean Reversion,V,0.32930987489685953
2025-08-08,6. GMVP,AAPL,0.17711697843549018
2025-08-08,6. GMVP,CASH,-0.0002193128689898669
2025-08-08,6. GMVP,GOOGL,0.06398218493670997
2025-08-08,6. GMVP,JNJ,0.24315026041600632
2025-08-08,6. GMVP,JPM,0.09511813924688084
2025-08-08,6. GMVP,MSFT,0.4123281847013019
2025-08-08,6. GMVP,V,0.008523565132600703
2025-08-08,7. Inverse Volatility,AAPL,0.08803436427921428
2025-08-08,7. Inverse Volatility,AMZN,0.06988336821550976
2025-08-08,7. Inverse Volatility,CASH,-0.00017559972146047987
2025-08-08,7. Inverse Volatility,GOOGL,0.12354747340262248
2025-08-08,7. Inverse Volatility,JNJ,0.09378321013536578
2025-08-08,7. Inverse Volatility,JPM,0.15238746542080905
2025-08-08,7. Inverse Volatility,META,0.054207841674420575
2025-08-08,7. Inverse Volatility,MSFT,0.12884112215628776
2025-08-08,7. Inverse Volatility,NVDA,0.09288651020196287
2025-08-08,7. Inverse Volatility,TSLA,0.05623318489592818
2025-08-08,7. Inverse Volatility,V,0.14037105933933977
2025-08-08,8. Risk Parity,AAPL,0.1101939102221767
2025-08-08,8. Risk Parity,AMZN,0.07398536888358048
2025-08-08,8. Risk Parity,CASH,-0.00013740402529258176
2025-08-08,8. Risk Parity,GOOGL,0.08888224111818266
2025-08-08,8. Risk Parity,JNJ,0.18731564885349378
2025-08-08,8. Risk Parity,JPM,0.10509835487216365
2025-08-08,8. Risk Parity,META,0.0647775070302131
2025-08-08,8. Risk Parity,MSFT,0.1536884493764655
2025-08-08,8. Risk Parity,NVDA,0.08250062656568397
2025-08-08,8. Risk Parity,TSLA,0.042801430204169474
2025-08-08,8. Risk Parity,V,0.0908938668991631
2025-08-08,9. Max Diversification,AAPL,0.08662448517504585
2025-08-08,9. Max Diversification,AMZN,0.11173609510327945
2025-08-08,9. Max Diversification,CASH,-0.0003883550352605882
2025-08-08,9. Max Diversification,GOOGL,0.018660625007142616
2025-08-08,9. Max Diversification,JNJ,0.3107501544190141
2025-08-08,9. Max Diversification,META,0.045357355960303
2025-08-08,9. Max Diversification,MSFT,0.22680744466148126
2025-08-08,9. Max Diversification,NVDA,0.09120679193104056
2025-08-08,9. Max Diversification,TSLA,0.056960889942957844
2025-08-08,9. Max Diversification,V,0.052284512834995744
2025-08-11,1. Buy & Hold,AAPL,0.09900630258969867
2025-08-11,1. Buy & Hold,AMZN,0.09932811412883863
2025-08-11,1. Buy & Hold,CASH,-3.690741667632766e-05
2025-08-11,1. Buy & Hold,GOOGL,0.09974358118823962
2025-08-11,1. Buy & Hold,JNJ,0.10023456266261724
2025-08-11,1. Buy & Hold,JPM,0.10022891431327094
2025-08-11,1. Buy & Hold,META,0.09950635474901848
2025-08-11,1. Buy & Hold,MSFT,0.09990030526228631
2025-08-11,1. Buy & Hold,NVDA,0.09960186771401848
2025-08-11,1. Buy & Hold,TSLA,0.10279607695239451
2025-08-11,1. Buy & Hold,V,0.09969082785629343
2025-08-11,10. Max Decorrelation,AAPL,0.0760079878294889
2025-08-11,10. Max Decorrelation,AMZN,0.13330569363692996
2025-08-11,10. Max Decorrelation,CASH,-0.00035701923153544043
2025-08-11,10. Max Decorrelation,GOOGL,0.01812420487832485
2025-08-11,10. Max Decorrelation,JNJ,0.2625995180596845
2025-08-11,10. Max Decorrelation,META,0.06754993050990127
2025-08-11,10. Max Decorrelation,MSFT,0.14651472048559672
2025-08-11,10. Max Decorrelation,NVDA,0.09830236672264818
2025-08-11,10. Max Decorrelation,TSLA,0.14842760595815085
2025-08-11,10. Max Decorrelation,V,0.04952499115081036
2025-08-11,11. Sharpe Maximization,AAPL,0.1322402268879575
2025-08-11,11. Sharpe Maximization,AMZN,2.4139152588689345e-05
2025-08-11,11. Sharpe Maximization,CASH,-0.00044911762164443815
2025-08-11,11. Sharpe Maximization,GOOGL,0.018667928895812667
2025-08-11,11. Sharpe Maximization,JNJ,0.3014463677772055
2025-08-11,11. Sharpe Maximization,JPM,3.17394311875586e-06
2025-08-11,11. Sharpe Maximization,META,0.010966819117484225
2025-08-11,11. Sharpe Maximization,MSFT,0.3004043889568517
2025-08-11,11. Sharpe Maximization,NVDA,0.23667121474329972
2025-08-11,11. Sharpe Maximization,V,2.485814732577472e-05
2025-08-11,12. CVaR Minimization,AAPL,0.0384311282445858
2025-08-11,12. CVaR Minimization,CASH,-0.0007533802319898642
2025-08-11,12. CVaR Minimization,GOOGL,0.144627341063935
2025-08-11,12. CVaR Minimization,JNJ,0.30096917908429377
2025-08-11,12. CVaR Minimization,JPM,0.1648855363135435
2025-08-11,12. CVaR Minimization,MSFT,0.2999654070424283
2025-08-11,12. CVaR Minimization,TSLA,1.1316357575348824e-06
2025-08-11,12. CVaR Minimization,V,0.05187365684744591
2025-08-11,2. Equal Weight,AAPL,0.09900630258969867
2025-08-11,2. Equal Weight,AMZN,0.09932811412883862
2025-08-11,2. Equal Weight,CASH,-3.6907416676438664e-05
2025-08-11,2. Equal Weight,GOOGL,0.09974358118823963
2025-08-11,2. Equal Weight,JNJ,0.10023456266261724
2025-08-11,2. Equal Weight,JPM,0.10022891431327095
2025-08-11,2. Equal Weight,META,0.09950635474901848
2025-08-11,2. Equal Weight,MSFT,0.09990030526228631
2025-08-11,2. Equal Weight,NVDA,0.09960186771401851
2025-08-11,2. Equal Weight,TSLA,0.10279607695239457
2025-08-11,2. Equal Weight,V,0.09969082785629342
2025-08-11,3. Quintile Momentum,CASH,1.0
2025-08-11,4. Quintile Low Vol,CASH,1.0
2025-08-11,5. Mean Reversion,AAPL,0.007384216401967919
2025-08-11,5. Mean Reversion,AMZN,0.1816828253794695
2025-08-11,5. Mean Reversion,CASH,-0.0010485889864560289
2025-08-11,5. Mean Reversion,GOOGL,0.02027563004998937
2025-08-11,5. Mean Reversion,JNJ,0.023894151589018954
2025-08-11,5. Mean Reversion,JPM,0.25100420410978
2025-08-11,5. Mean Reversion,META,0.047362633869680044
2025-08-11,5. Mean Reversion,MSFT,0.08969917151330901
2025-08-11,5. Mean Reversion,TSLA,0.05123232899780917
2025-08-11,5. Mean Reversion,V,0.328513427075432
2025-08-11,6. GMVP,AAPL,0.17563329672882858
2025-08-11,6. GMVP,CASH,-0.000219553024497022
2025-08-11,6. GMVP,GOOGL,0.06391868630444163
2025-08-11,6. GMVP,JNJ,0.2441046517345518
2025-08-11,6. GMVP,JPM,0.09548610725726302
2025-08-11,6. GMVP,MSFT,0.4125662085642026
2025-08-11,6. GMVP,V,0.008510602435209264
2025-08-11,7. Inverse Volatility,AAPL,0.08722234717099792
2025-08-11,7. Inverse Volatility,AMZN,0.06946382817354664
2025-08-11,7. Inverse Volatility,CASH,-0.00017564185249969468
2025-08-11,7. Inverse Volatility,GOOGL,0.12331943332640022
2025-08-11,7. Inverse Volatility,JNJ,0.09407089784902145
2025-08-11,7. Inverse Volatility,JPM,0.15284631293355375
2025-08-11,7. Inverse Volatility,META,0.053979098574117805
2025-08-11,7. Inverse Volatility,MSFT,0.12880538172364428
2025-08-11,7. Inverse Volatility,NVDA,0.09258333566483798
2025-08-11,7. Inverse Volatility,TSLA,0.05784714337079684
2025-08-11,7. Inverse Volatility,V,0.14003786306558286
2025-08-11,8. Risk Parity,AAPL,0.10921093252867593
2025-08-11,8. Risk Parity,AMZN,0.07356372507048443
2025-08-11,8. Risk Parity,CASH,-0.00013747908284096646
2025-08-11,8. Risk Parity,GOOGL,0.08874535537422926
2025-08-11,8. Risk Parity,JNJ,0.18794779721981808
2025-08-11,8. Risk Parity,JPM,0.10544709586621387
2025-08-11,8. Risk Parity,META,0.06452391734826458
2025-08-11,8. Risk Parity,MSFT,0.15369287100742268
2025-08-11,8. Risk Parity,NVDA,0.08225653447229764
2025-08-11,8. Risk Parity,TSLA,0.04404336587954102
2025-08-11,8. Risk Parity,V,0.09070588431589333
2025-08-11,9. Max Diversification,AAPL,0.08579050132938612
2025-08-11,9. Max Diversification,AMZN,0.11102003933268904
2025-08-11,9. Max Diversification,CASH,-0.0003882899311097435
2025-08-11,9. Max Diversification,GOOGL,0.01861859220391633
2025-08-11,9. Max Diversification,JNJ,0.3115763964197775
2025-08-11,9. Max Diversification,META,0.0451475558691619
2025-08-11,9. Max Diversification,MSFT,0.22665213693734476
2025-08-11,9. Max Diversification,NVDA,0.09087205717130846
2025-08-11,9. Max Diversification,TSLA,0.058571858426346705
2025-08-11,9. Max Diversification,V,0.052139152241178884
2025-08-12,1. Buy & Hold,AAPL,0.09920790058602938
2025-08-12,1. Buy & Hold,AMZN,0.09853550447259031
2025-08-12,1. Buy & Hold,CASH,-3.65848021480208e-05
2025-08-12,1. Buy & Hold,GOOGL,0.1000227478903526
2025-08-12,1. Buy & Hold,JNJ,0.098763912642126
2025-08-12,1. Buy & Hold,JPM,0.10048164797997952
2025-08-12,1. Buy & Hold,META,0.10174425892520879
2025-08-12,1. Buy & Hold,MSFT,0.10044479431456141
2025-08-12,1. Buy & Hold,NVDA,0.09932775999200066
2025-08-12,1. Buy & Hold,TSLA,0.10244152395634046
2025-08-12,1. Buy & Hold,V,0.09906653404295886
2025-08-12,10. Max Decorrelation,AAPL,0.07642894800344555
2025-08-12,10. Max Decorrelation,AMZN,0.13270414324918972
2025-08-12,10. Max Decorrelation,CASH,-0.00035513534892883544
2025-08-12,10. Max Decorrelation,GOOGL,0.018238453757925314
2025-08-12,10. Max Decorrelation,JNJ,0.2596509647207414
2025-08-12,10. Max Decorrelation,META,0.0693105318798307
2025-08-12,10. Max Decorrelation,MSFT,0.14782813857602906
2025-08-12,10. Max Decorrelation,NVDA,0.09837446017750724
2025-08-12,10. Max Decorrelation,TSLA,0.14843263642483778
2025-08-12,10. Max Decorrelation,V,0.04938685855942213
2025-08-12,11. Sharpe Maximization,AAPL,0.13289024337165195
2025-08-12,11. Sharpe Maximization,AMZN,2.4015336056015267e-05
2025-08-12,11. Sharpe Maximization,CASH,-0.0004464709968389631
2025-08-12,11. Sharpe Maximization,GOOGL,0.018773967269110285
2025-08-12,11. Sharpe Maximization,JNJ,0.2978769757231565
2025-08-12,11. Sharpe Maximization,JPM,3.191089289486445e-06
2025-08-12,11. Sharpe Maximization,META,0.011245683855249535
2025-08-12,11. Sharpe Maximization,MSFT,0.30290956393149954
2025-08-12,11. Sharpe Maximization,NVDA,0.2366980569636182
2025-08-12,11. Sharpe Maximization,V,2.4773457207352295e-05
2025-08-12,12. CVaR Minimization,AAPL,0.03859430478459852
2025-08-12,12. CVaR Minimization,CASH,-0.0007484416606295459
2025-08-12,12. CVaR Minimization,GOOGL,0.14535196149619126
2025-08-12,12. CVaR Minimization,JNJ,0.29720730589356553
2025-08-12,12. CVaR Minimization,JPM,0.1656658353755483
2025-08-12,12. CVaR Minimization,MSFT,0.3022654177631115
2025-08-12,12. CVaR Minimization,TSLA,1.130219567709897e-06
2025-08-12,12. CVaR Minimization,V,0.05166248612804663
2025-08-12,2. Equal Weight,AAPL,0.09920790058602938
2025-08-12,2. Equal Weight,AMZN,0.09853550447259031
2025-08-12,2. Equal Weight,CASH,-3.658480214813083e-05
2025-08-12,2. Equal Weight,GOOGL,0.10002274789035262
2025-08-12,2. Equal Weight,JNJ,0.09876391264212601
2025-08-12,2. Equal Weight,JPM,0.10048164797997955
2025-08-12,2. Equal Weight,META,0.1017442589252088
2025-08-12,2. Equal Weight,MSFT,0.10044479431456141
2025-08-12,2. Equal Weight,NVDA,0.0993277599920007
2025-08-12,2. Equal Weight,TSLA,0.1024415239563405
2025-08-12,2. Equal Weight,V,0.09906653404295887
2025-08-12,3. Quintile Momentum,CASH,1.0
2025-08-12,4. Quintile Low Vol,CASH,1.0
2025-08-12,5. Mean Reversion,AAPL,0.0074123450878546045
2025-08-12,5. Mean Reversion,AMZN,0.18055196803326312
2025-08-12,5. Mean Reversion,CASH,-0.0010412623172557825
2025-08-12,5. Mean Reversion,GOOGL,0.02036835614626032
2025-08-12,5. Mean Reversion,JNJ,0.02358523449522352
2025-08-12,5. Mean Reversion,JPM,0.25208239472433736
2025-08-12,5. Mean Reversion,META,0.048513514638509385
2025-08-12,5. Mean Reversion,MSFT,0.09034764721945435
2025-08-12,5. Mean Reversion,TSLA,0.051145966048561586
2025-08-12,5. Mean Reversion,V,0.32703383592379154
2025-08-12,6. GMVP,AAPL,0.1760978118072274
2025-08-12,6. GMVP,CASH,-0.00021776605106213343
2025-08-12,6. GMVP,GOOGL,0.06413651441005261
2025-08-12,6. GMVP,JNJ,0.24066920933790167
2025-08-12,6. GMVP,JPM,0.09578502138137202
2025-08-12,6. GMVP,MSFT,0.4150667660722775
2025-08-12,6. GMVP,V,0.008462443042230823
2025-08-12,7. Inverse Volatility,AAPL,0.0874384288724948
2025-08-12,7. Inverse Volatility,AMZN,0.068939864728306
2025-08-12,7. Inverse Volatility,CASH,-0.00017418318616610492
2025-08-12,7. Inverse Volatility,GOOGL,0.12371902923809937
2025-08-12,7. Inverse Volatility,JNJ,0.09273148927624336
2025-08-12,7. Inverse Volatility,JPM,0.15329918595645683
2025-08-12,7. Inverse Volatility,META,0.05521739098865604
2025-08-12,7. Inverse Volatility,MSFT,0.12956442923657735
2025-08-12,7. Inverse Volatility,NVDA,0.09236919138152046
2025-08-12,7. Inverse Volatility,TSLA,0.057673003040086115
2025-08-12,7. Inverse Volatility,V,0.13922217046772573
2025-08-12,8. Risk Parity,AAPL,0.10957183394294057
2025-08-12,8. Risk Parity,AMZN,0.07306908433144779
2025-08-12,8. Risk Parity,CASH,-0.00013644985761480398
2025-08-12,8. Risk Parity,GOOGL,0.08910639122972606
2025-08-12,8. Risk Parity,JNJ,0.18542463158360437
2025-08-12,8. Risk Parity,JPM,0.10584680280709984
2025-08-12,8. Risk Parity,META,0.06605857791120594
2025-08-12,8. Risk Parity,MSFT,0.15472615729475106
2025-08-12,8. Risk Parity,NVDA,0.08213399841866413
2025-08-12,8. Risk Parity,TSLA,0.04394701569503389
2025-08-12,8. Risk Parity,V,0.0902519566431411
2025-08-12,9. Max Diversification,AAPL,0.086289214222187
2025-08-12,9. Max Diversification,AMZN,0.11054925559586908
2025-08-12,9. Max Diversification,CASH,-0.00038634658944882285
2025-08-12,9. Max Diversification,GOOGL,0.018741077455818864
2025-08-12,9. Max Diversification,JNJ,0.3081621022256318
2025-08-12,9. Max Diversification,META,0.046336927285099104
2025-08-12,9. Max Diversification,MSFT,0.22874643152301427
2025-08-12,9. Max Diversification,NVDA,0.09096355190787968
2025-08-12,9. Max Diversification,TSLA,0.05858984983300897
2025-08-12,9. Max Diversification,V,0.052007936540940054
2025-08-13,1. Buy & Hold,AAPL,0.10080520781466405
2025-08-13,1. Buy & Hold,AMZN,0.09991778939973504
2025-08-13,1. Buy & Hold,CASH,-3.658754666793139e-05
2025-08-13,1. Buy & Hold,GOOGL,0.09935137982091038
2025-08-13,1. Buy & Hold,JNJ,0.09970884323309388
2025-08-13,1. Buy & Hold,JPM,0.09969309606986938
2025-08-13,1. Buy & Hold,META,0.10047419694085924
2025-08-13,1. Buy & Hold,MSFT,0.09880861930988055
2025-08-13,1. Buy & Hold,NVDA,0.09848373570545076
2025-08-13,1. Buy & Hold,TSLA,0.10201036416674684
2025-08-13,1. Buy & Hold,V,0.10078335508545794
2025-08-13,10. Max Decorrelation,AAPL,0.07753730490244551
2025-08-13,10. Max Decorrelation,AMZN,0.13435401977853695
2025-08-13,10. Max Decorrelation,CASH,-0.00035460315138777286
2025-08-13,10. Max Decorrelation,GOOGL,0.018087529293770523
2025-08-13,10. Max Decorrelation,JNJ,0.261722729748113
2025-08-13,10. Max Decorrelation,META,0.06833763927426156
2025-08-13,10. Max Decorrelation,MSFT,0.14519130707672423
2025-08-13,10. Max Decorrelation,NVDA,0.0973850618190952
2025-08-13,10. Max Decorrelation,TSLA,0.14757533519848362
2025-08-13,10. Max Decorrelation,V,0.05016367605995715
2025-08-13,11. Sharpe Maximization,AAPL,0.13533050779640493
2025-08-13,11. Sharpe Maximization,AMZN,2.4406451751368436e-05
2025-08-13,11. Sharpe Maximization,CASH,-0.00044749865600851916
2025-08-13,11. Sharpe Maximization,GOOGL,0.018689474164845062
2025-08-13,11. Sharpe Maximization,JNJ,0.3013965187466149
2025-08-13,11. Sharpe Maximization,JPM,3.173095881489808e-06
2025-08-13,11. Sharpe Maximization,META,0.011130031813599858
2025-08-13,11. Sharpe Maximization,MSFT,0.29863883822550913
2025-08-13,11. Sharpe Maximization,NVDA,0.2352092894653589
2025-08-13,11. Sharpe Maximization,V,2.5258896042821814e-05
2025-08-13,12. CVaR Minimization,AAPL,0.039327355565606494
2025-08-13,12. CVaR Minimization,CASH,-0.0007506290101854747
2025-08-13,12. CVaR Minimization,GOOGL,0.144787420505229
2025-08-13,12. CVaR Minimization,JNJ,0.3009051942885048
2025-08-13,12. CVaR Minimization,JPM,0.16483373585449715
2025-08-13,12. CVaR Minimization,MSFT,0.2981883499830251
2025-08-13,12. CVaR Minimization,TSLA,1.1286671940582213e-06
2025-08-13,12. CVaR Minimization,V,0.052707444146128955
2025-08-13,2. Equal Weight,AAPL,0.10080520781466405
2025-08-13,2. Equal Weight,AMZN,0.09991778939973503
2025-08-13,2. Equal Weight,CASH,-3.658754666804143e-05
2025-08-13,2. Equal Weight,GOOGL,0.09935137982091038
2025-08-13,2. Equal Weight,JNJ,0.09970884323309388
2025-08-13,2. Equal Weight,JPM,0.0996930960698694
2025-08-13,2. Equal Weight,META,0.10047419694085925
2025-08-13,2. Equal Weight,MSFT,0.09880861930988055
2025-08-13,2. Equal Weight,NVDA,0.09848373570545078
2025-08-13,2. Equal Weight,TSLA,0.10201036416674687
2025-08-13,2. Equal Weight,V,0.10078335508545792
2025-08-13,3. Quintile Momentum,CASH,1.0
2025-08-13,4. Quintile Low Vol,CASH,1.0
2025-08-13,5. Mean Reversion,AAPL,0.007500652854408222
2025-08-13,5. Mean Reversion,AMZN,0.182330374986489
2025-08-13,5. Mean Reversion,CASH,-0.0010370494280887233
2025-08-13,5. Mean Reversion,GOOGL,0.02014827303522041
2025-08-13,5. Mean Reversion,JNJ,0.02371277145606178
2025-08-13,5. Mean Reversion,JPM,0.2490735301795912
2025-08-13,5. Mean Reversion,META,0.047710514025188
2025-08-13,5. Mean Reversion,MSFT,0.08850972069002114
2025-08-13,5. Mean Reversion,TSLA,0.050720833209654384
2025-08-13,5. Mean Reversion,V,0.3313303789914547
2025-08-13,6. GMVP,AAPL,0.17941010790292833
2025-08-13,6. GMVP,CASH,-0.00021836296990523124
2025-08-13,6. GMVP,GOOGL,0.06387585308480892
2025-08-13,6. GMVP,JNJ,0.2436195632836538
2025-08-13,6. GMVP,JPM,0.09528667505942645
2025-08-13,6. GMVP,MSFT,0.40939411577990414
2025-08-13,6. GMVP,V,0.008632047859183574
2025-08-13,7. Inverse Volatility,AAPL,0.08886277319835226
2025-08-13,7. Inverse Volatility,AMZN,0.06991998180057638
2025-08-13,7. Inverse Volatility,CASH,-0.0001742286678867121
2025-08-13,7. Inverse Volatility,GOOGL,0.12291147547888091
2025-08-13,7. Inverse Volatility,JNJ,0.09363612502225435
2025-08-13,7. Inverse Volatility,JPM,0.15212443915948398
2025-08-13,7. Inverse Volatility,META,0.054538265310321285
2025-08-13,7. Inverse Volatility,MSFT,0.12747763279251545
2025-08-13,7. Inverse Volatility,NVDA,0.09160133881333908
2025-08-13,7. Inverse Volatility,TSLA,0.05744095346372643
2025-08-13,7. Inverse Volatility,V,0.14166124362843655
2025-08-13,8. Risk Parity,AAPL,0.1112836252991781
2025-08-13,8. Risk Parity,AMZN,0.07405925898371343
2025-08-13,8. Risk Parity,CASH,-0.00013639589193987996
2025-08-13,8. Risk Parity,GOOGL,0.08846665395822718
2025-08-13,8. Risk Parity,JNJ,0.18711062119940042
2025-08-13,8. Risk Parity,JPM,0.10496673856362612
2025-08-13,8. Risk Parity,META,0.06520328487118796
2025-08-13,8. Risk Parity,MSFT,0.1521341671722733
2025-08-13,8. Risk Parity,NVDA,0.08139776168698486
2025-08-13,8. Risk Parity,TSLA,0.04374146060988276
2025-08-13,8. Risk Parity,V,0.09177282354746558
2025-08-13,9. Max Diversification,AAPL,0.08756120127817361
2025-08-13,9. Max Diversification,AMZN,0.11195007327582528
2025-08-13,9. Max Diversification,CASH,-0.00038585856821893327
2025-08-13,9. Max Diversification,GOOGL,0.01859037558810063
2025-08-13,9. Max Diversification,JNJ,0.31069417161605234
2025-08-13,9. Max Diversification,META,0.045697279831824957
2025-08-13,9. Max Diversification,MSFT,0.22471921635790923
2025-08-13,9. Max Diversification,NVDA,0.09006991846964757
2025-08-13,9. Max Diversification,TSLA,0.05826518628071052
2025-08-13,9. Max Diversification,V,0.05283843586997481
2025-08-14,1. Buy & Hold,AAPL,0.1000574165451242
2025-08-14,1. Buy & Hold,AMZN,0.10225299271369054
2025-08-14,1. Buy & Hold,CASH,-3.640193942452134e-05
2025-08-14,1. Buy & Hold,GOOGL,0.09932702556819609
2025-08-14,1. Buy & Hold,JNJ,0.09937365187076164
2025-08-14,1. Buy & Hold,JPM,0.1004266439381153
2025-08-14,1. Buy & Hold,META,0.1002271953868636
2025-08-14,1. Buy & Hold,MSFT,0.09866616670793878
2025-08-14,1. Buy & Hold,NVDA,0.09821615509158178
2025-08-14,1. Buy & Hold,TSLA,0.10035646510232683
2025-08-14,1. Buy & Hold,V,0.10113268901482585
2025-08-14,10. Max Decorrelation,AAPL,0.07705291209358232
2025-08-14,10. Max Decorrelation,AMZN,0.13765624376424407
2025-08-14,10. Max Decorrelation,CASH,-0.00035322046954310867
2025-08-14,10. Max Decorrelation,GOOGL,0.018104428252839883
2025-08-14,10. Max Decorrelation,JNJ,0.26115061492577346
2025-08-14,10. Max Decorrelation,META,0.06825006126308505
2025-08-14,10. Max Decorrelation,MSFT,0.14515302108475114
2025-08-14,10. Max Decorrelation,NVDA,0.09723504024746032
2025-08-14,10. Max Decorrelation,TSLA,0.1453539624170532
2025-08-14,10. Max Decorrelation,V,0.05039693642075372
2025-08-14,11. Sharpe Maximization,AAPL,0.13474643315308227
2025-08-14,11. Sharpe Maximization,AMZN,2.505492497596254e-05
2025-08-14,11. Sharpe Maximization,CASH,-0.00044662005322981357
2025-08-14,11. Sharpe Maximization,GOOGL,0.018743291530809787
2025-08-14,11. Sharpe Maximization,JNJ,0.30132214771481797
2025-08-14,11. Sharpe Maximization,JPM,3.2064340503138566e-06
2025-08-14,11. Sharpe Maximization,META,0.011137371089478144
2025-08-14,11. Sharpe Maximization,MSFT,0.29914032610646074
2025-08-14,11. Sharpe Maximization,NVDA,0.2353033634323161
2025-08-14,11. Sharpe Maximization,V,2.5425667238493547e-05
2025-08-14,12. CVaR Minimization,AAPL,0.039050040933151606
2025-08-14,12. CVaR Minimization,CASH,-0.0007470970315925186
2025-08-14,12. CVaR Minimization,GOOGL,0.14480541107070638
2025-08-14,12. CVaR Minimization,JNJ,0.30000444499736934
2025-08-14,12. CVaR Minimization,JPM,0.16610794309569216
2025-08-14,12. CVaR Minimization,MSFT,0.29786846641790105
2025-08-14,12. CVaR Minimization,TSLA,1.1107783138753042e-06
2025-08-14,12. CVaR Minimization,V,0.052909679738458316
2025-08-14,2. Equal Weight,AAPL,0.10005741654512422
2025-08-14,2. Equal Weight,AMZN,0.10225299271369055
2025-08-14,2. Equal Weight,CASH,-3.6401939424630825e-05
2025-08-14,2. Equal Weight,GOOGL,0.0993270255681961
2025-08-14,2. Equal Weight,JNJ,0.09937365187076164
2025-08-14,2. Equal Weight,JPM,0.10042664393811533
2025-08-14,2. Equal Weight,META,0.10022719538686362
2025-08-14,2. Equal Weight,MSFT,0.09866616670793878
2025-08-14,2. Equal Weight,NVDA,0.09821615509158182
2025-08-14,2. Equal Weight,TSLA,0.10035646510232688
2025-08-14,2. Equal Weight,V,0.10113268901482585
2025-08-14,3. Quintile Momentum,CASH,1.0
2025-08-14,4. Quintile Low Vol,CASH,1.0
2025-08-14,5. Mean Reversion,AAPL,0.007400312499664472
2025-08-14,5. Mean Reversion,AMZN,0.18547138425254933
2025-08-14,5. Mean Reversion,CASH,-0.0010255937535704788
2025-08-14,5. Mean Reversion,GOOGL,0.020022395341782493
2025-08-14,5. Mean Reversion,JNJ,0.023491165535218458
2025-08-14,5. Mean Reversion,JPM,0.2493998108054336
2025-08-14,5. Mean Reversion,META,0.04730747922139433
2025-08-14,5. Mean Reversion,MSFT,0.0878514780602928
2025-08-14,5. Mean Reversion,TSLA,0.04959890794178378
2025-08-14,5. Mean Reversion,V,0.3304826600954513
2025-08-14,6. GMVP,AAPL,0.17844030344013245
2025-08-14,6. GMVP,CASH,-0.0002176957523869414
2025-08-14,6. GMVP,GOOGL,0.06398968469872868
2025-08-14,6. GMVP,JNJ,0.2432929151055696
2025-08-14,6. GMVP,JPM,0.09618243519383804
2025-08-14,6. GMVP,MSFT,0.40963282524554717
2025-08-14,6. GMVP,V,0.00867953206857093
2025-08-14,7. Inverse Volatility,AAPL,0.08813806654123543
2025-08-14,7. Inverse Volatility,AMZN,0.07150095755878622
2025-08-14,7. Inverse Volatility,CASH,-0.0001732160736901677
2025-08-14,7. Inverse Volatility,GOOGL,0.12279008506148197
2025-08-14,7. Inverse Volatility,JNJ,0.09325204095704995
2025-08-14,7. Inverse Volatility,JPM,0.15312996982178806
2025-08-14,7. Inverse Volatility,META,0.05436378612997776
2025-08-14,7. Inverse Volatility,MSFT,0.127199310139923
2025-08-14,7. Inverse Volatility,NVDA,0.09128461256911566
2025-08-14,7. Inverse Volatility,TSLA,0.05646769217940094
2025-08-14,7. Inverse Volatility,V,0.1420466951149313
2025-08-14,8. Risk Parity,AAPL,0.11045414690130202
2025-08-14,8. Risk Parity,AMZN,0.07578740159041697
2025-08-14,8. Risk Parity,CASH,-0.0001356991001529162
2025-08-14,8. Risk Parity,GOOGL,0.08844180002917396
2025-08-14,8. Risk Parity,JNJ,0.18647493185118252
2025-08-14,8. Risk Parity,JPM,0.10573530290583312
2025-08-14,8. Risk Parity,META,0.0650406621724084
2025-08-14,8. Risk Parity,MSFT,0.15190939380409335
2025-08-14,8. Risk Parity,NVDA,0.08117369617532859
2025-08-14,8. Risk Parity,TSLA,0.043030736844047277
2025-08-14,8. Risk Parity,V,0.0920876268263665
2025-08-14,9. Max Diversification,AAPL,0.08695711239822614
2025-08-14,9. Max Diversification,AMZN,0.11462640586248649
2025-08-14,9. Max Diversification,CASH,-0.00038410190766088306
2025-08-14,9. Max Diversification,GOOGL,0.018595539113155136
2025-08-14,9. Max Diversification,JNJ,0.3098116614900296
2025-08-14,9. Max Diversification,META,0.045608781084705896
2025-08-14,9. Max Diversification,MSFT,0.22451259986948302
2025-08-14,9. Max Diversification,NVDA,0.08987217799726091
2025-08-14,9. Max Diversification,TSLA,0.05735050934244878
2025-08-14,9. Max Diversification,V,0.053049314749864754
2025-08-15,1. Buy & Hold,AAPL,0.10000123517262294
2025-08-15,1. Buy & Hold,AMZN,0.10000123517262294
2025-08-15,1. Buy & Hold,CASH,-1.235172622914166e-05
2025-08-15,1. Buy & Hold,GOOGL,0.10000123517262294
2025-08-15,1. Buy & Hold,JNJ,0.10000123517262294
2025-08-15,1. Buy & Hold,JPM,0.10000123517262291
2025-08-15,1. Buy & Hold,META,0.10000123517262294
2025-08-15,1. Buy & Hold,MSFT,0.10000123517262294
2025-08-15,1. Buy & Hold,NVDA,0.1000012351726229
2025-08-15,1. Buy & Hold,TSLA,0.1000012351726229
2025-08-15,1. Buy & Hold,V,0.10000123517262291
2025-08-15,10. Max Decorrelation,AAPL,0.06725164071131828
2025-08-15,10. Max Decorrelation,AMZN,0.15751289169759
2025-08-15,10. Max Decorrelation,CASH,-0.00011358386368979687
2025-08-15,10. Max Decorrelation,JNJ,0.26700032356213205
2025-08-15,10. Max Decorrelation,META,0.0483746607019558
2025-08-15,10. Max Decorrelation,MSFT,0.16589908050301033
2025-08-15,10. Max Decorrelation,NVDA,0.09848585356006498
2025-08-15,10. Max Decorrelation,TSLA,0.14890808923191645
2025-08-15,10. Max Decorrelation,V,0.04668104389570184
2025-08-15,11. Sharpe Maximization,AAPL,0.18670721374000254
2025-08-15,11. Sharpe Maximization,AMZN,1.3985246727832359e-06
2025-08-15,11. Sharpe Maximization,CASH,-0.0001647813831301048
2025-08-15,11. Sharpe Maximization,GOOGL,0.03784244101138246
2025-08-15,11. Sharpe Maximization,JNJ,0.30004688325708845
2025-08-15,11. Sharpe Maximization,META,0.012343915425097184
2025-08-15,11. Sharpe Maximization,MSFT,0.30004722877287915
2025-08-15,11. Sharpe Maximization,NVDA,0.16317208407352507
2025-08-15,11. Sharpe Maximization,V,3.6165784824309677e-06
2025-08-15,12. CVaR Minimization,AAPL,0.040911325355558505
2025-08-15,12. CVaR Minimization,CASH,-3.466862475279261e-05
2025-08-15,12. CVaR Minimization,GOOGL,0.13994720914864786
2025-08-15,12. CVaR Minimization,JNJ,0.30000496959304385
2025-08-15,12. CVaR Minimization,JPM,0.1738038070809343
2025-08-15,12. CVaR Minimization,MSFT,0.30000628656564515
2025-08-15,12. CVaR Minimization,V,0.0453610708809231
2025-08-15,2. Equal Weight,AAPL,0.10000123517262291
2025-08-15,2. Equal Weight,AMZN,0.10000123517262291
2025-08-15,2. Equal Weight,CASH,-1.2351726229141559e-05
2025-08-15,2. Equal Weight,GOOGL,0.10000123517262291
2025-08-15,2. Equal Weight,JNJ,0.10000123517262291
2025-08-15,2. Equal Weight,JPM,0.10000123517262291
2025-08-15,2. Equal Weight,META,0.10000123517262291
2025-08-15,2. Equal Weight,MSFT,0.10000123517262291
2025-08-15,2. Equal Weight,NVDA,0.10000123517262291
2025-08-15,2. Equal Weight,TSLA,0.10000123517262291
2025-08-15,2. Equal Weight,V,0.10000123517262291
2025-08-15,3. Quintile Momentum,CASH,1.0
2025-08-15,4. Quintile Low Vol,CASH,1.0
2025-08-15,5. Mean Reversion,AAPL,0.0004358556454083306
2025-08-15,5. Mean Reversion,AMZN,0.06950167601949248
2025-08-15,5. Mean Reversion,CASH,-0.0007789404634221178
2025-08-15,5. Mean Reversion,GOOGL,0.011644380246934354
2025-08-15,5. Mean Reversion,JPM,0.20340637397021522
2025-08-15,5. Mean Reversion,META,0.1318258010361314
2025-08-15,5. Mean Reversion,MSFT,0.23367525232168124
2025-08-15,5. Mean Reversion,NVDA,0.12490526641617103
2025-08-15,5. Mean Reversion,TSLA,0.04944180487277931
2025-08-15,5. Mean Reversion,V,0.17594252993460877
2025-08-15,6. GMVP,AAPL,0.1264197250456783
2025-08-15,6. GMVP,AMZN,0.040139699973797904
2025-08-15,6. GMVP,CASH,-0.0002633745195420389
2025-08-15,6. GMVP,GOOGL,0.0170705331036789
2025-08-15,6. GMVP,JNJ,0.29352413345949213
2025-08-15,6. GMVP,JPM,0.11082206154297607
2025-08-15,6. GMVP,MSFT,0.38698495645406217
2025-08-15,6. GMVP,NVDA,0.013725425185033445
2025-08-15,6. GMVP,V,0.011576839754823237
2025-08-15,7. Inverse Volatility,AAPL,0.08215956692565077
2025-08-15,7. Inverse Volatility,AMZN,0.06385297387651344
2025-08-15,7. Inverse Volatility,CASH,-0.00013265080048161413
2025-08-15,7. Inverse Volatility,GOOGL,0.11361268985449417
2025-08-15,7. Inverse Volatility,JNJ,0.14947047017263995
2025-08-15,7. Inverse Volatility,JPM,0.13760848927571898
2025-08-15,7. Inverse Volatility,META,0.050756859488100825
2025-08-15,7. Inverse Volatility,MSFT,0.11413882994389757
2025-08-15,7. Inverse Volatility,NVDA,0.09710664227490888
2025-08-15,7. Inverse Volatility,TSLA,0.05384564167695002
2025-08-15,7. Inverse Volatility,V,0.13758048731160716
2025-08-15,8. Risk Parity,AAPL,0.10003404875054
2025-08-15,8. Risk Parity,AMZN,0.10003404875054
2025-08-15,8. Risk Parity,CASH,-0.0003404875054001541
2025-08-15,8. Risk Parity,GOOGL,0.10003404875054
2025-08-15,8. Risk Parity,JNJ,0.10003404875054
2025-08-15,8. Risk Parity,JPM,0.10003404875054
2025-08-15,8. Risk Parity,META,0.10003404875054
2025-08-15,8. Risk Parity,MSFT,0.10003404875054
2025-08-15,8. Risk Parity,NVDA,0.10003404875054
2025-08-15,8. Risk Parity,TSLA,0.10003404875054
2025-08-15,8. Risk Parity,V,0.10003404875054
2025-08-15,9. Max Diversification,AAPL,0.06963216231265423
2025-08-15,9. Max Diversification,AMZN,0.13019767876956434
2025-08-15,9. Max Diversification,CASH,-0.00011677968638322703
2025-08-15,9. Max Diversification,JNJ,0.31980952926194967
2025-08-15,9. Max Diversification,META,0.03228262216794752
2025-08-15,9. Max Diversification,MSFT,0.2485035544193301
2025-08-15,9. Max Diversification,NVDA,0.09181808802862933
2025-08-15,9. Max Diversification,TSLA,0.059395014311690066
2025-08-15,9. Max Diversification,V,0.04847791234581438
2025-08-18,1. Buy & Hold,AAPL,0.09982604515666461
2025-08-18,1. Buy & Hold,AMZN,0.10032805701985412
2025-08-18,1. Buy & Hold,CASH,-1.236746920760704e-05
2025-08-18,1. Buy & Hold,GOOGL,0.09993226538429431
2025-08-18,1. Buy & Hold,JNJ,0.09990762026055867
2025-08-18,1. Buy & Hold,JPM,0.10048716894725532
2025-08-18,1. Buy & Hold,META,0.09785127251745407
2025-08-18,1. Buy & Hold,MSFT,0.09953774124138468
2025-08-18,1. Buy & Hold,NVDA,0.10099431039783023
2025-08-18,1. Buy & Hold,TSLA,0.10152206122553693
2025-08-18,1. Buy & Hold,V,0.09962582531837468
2025-08-18,10. Max Decorrelation,AAPL,0.06703961248721883
2025-08-18,10. Max Decorrelation,AMZN,0.15780590547276252
2025-08-18,10. Max Decorrelation,CASH,-0.00011356903295662653
2025-08-18,10. Max Decorrelation,JNJ,0.26637603330444043
2025-08-18,10. Max Decorrelation,META,0.04726820986298416
2025-08-18,10. Max Decorrelation,MSFT,0.16489842422560175
2025-08-18,10. Max Decorrelation,NVDA,0.09932429854117465
2025-08-18,10. Max Decorrelation,TSLA,0.1509605477254032
2025-08-18,10. Max Decorrelation,V,0.04644053741337099
2025-08-18,11. Sharpe Maximization,AAPL,0.1865050763904141
2025-08-18,11. Sharpe Maximization,AMZN,1.4040359489254438e-06
2025-08-18,11. Sharpe Maximization,CASH,-0.00016510201819391917
2025-08-18,11. Sharpe Maximization,GOOGL,0.03784169391711808
2025-08-18,11. Sharpe Maximization,JNJ,0.299966964075401
2025-08-18,11. Sharpe Maximization,META,0.012086626692003192
2025-08-18,11. Sharpe Maximization,MSFT,0.29885676744108397
2025-08-18,11. Sharpe Maximization,NVDA,0.16490296404907998
2025-08-18,11. Sharpe Maximization,V,3.605417144681534e-06
2025-08-18,12. CVaR Minimization,AAPL,0.04088729975584551
2025-08-18,12. CVaR Minimization,CASH,-3.475331000817073e-05
2025-08-18,12. CVaR Minimization,GOOGL,0.1400138475328423
2025-08-18,12. CVaR Minimization,JNJ,0.3000738004219507
2025-08-18,12. CVaR Minimization,JPM,0.1748521236653919
2025-08-18,12. CVaR Minimization,MSFT,0.2989641765100126
2025-08-18,12. CVaR Minimization,V,0.045243505423965207
2025-08-18,2. Equal Weight,AAPL,0.0998260451566646
2025-08-18,2. Equal Weight,AMZN,0.10032805701985409
2025-08-18,2. Equal Weight,CASH,-1.2367469207606938e-05
2025-08-18,2. Equal Weight,GOOGL,0.09993226538429428
2025-08-18,2. Equal Weight,JNJ,0.09990762026055863
2025-08-18,2. Equal Weight,JPM,0.1004871689472553
2025-08-18,2. Equal Weight,META,0.09785127251745405
2025-08-18,2. Equal Weight,MSFT,0.09953774124138466
2025-08-18,2. Equal Weight,NVDA,0.10099431039783024
2025-08-18,2. Equal Weight,TSLA,0.10152206122553695
2025-08-18,2. Equal Weight,V,0.09962582531837466
2025-08-18,3. Quintile Momentum,CASH,1.0
2025-08-18,4. Quintile Low Vol,CASH,1.0
2025-08-18,5. Mean Reversion,AAPL,0.0004356931869072749
2025-08-18,5. Mean Reversion,AMZN,0.06982515471685206
2025-08-18,5. Mean Reversion,CASH,-0.0007810107952846657
2025-08-18,5. Mean Reversion,GOOGL,0.011652425605304904
2025-08-18,5. Mean Reversion,JPM,0.2046771665469681
2025-08-18,5. Mean Reversion,META,0.12916984077031157
2025-08-18,5. Mean Reversion,MSFT,0.23291353613694465
2025-08-18,5. Mean Reversion,NVDA,0.126319932671589
2025-08-18,5. Mean Reversion,TSLA,0.05026306528092956
2025-08-18,5. Mean Reversion,V,0.1755241958794774
2025-08-18,6. GMVP,AAPL,0.1263928283243109
2025-08-18,6. GMVP,AMZN,0.0403329742084648
2025-08-18,6. GMVP,CASH,-0.00026411679963826246
2025-08-18,6. GMVP,GOOGL,0.017085061314563468
2025-08-18,6. GMVP,JNJ,0.2937014928854635
2025-08-18,6. GMVP,JPM,0.11153227493762037
2025-08-18,6. GMVP,MSFT,0.38578522339427274
2025-08-18,6. GMVP,NVDA,0.013883099618666218
2025-08-18,6. GMVP,V,0.011551162116276232
2025-08-18,7. Inverse Volatility,AAPL,0.08200239406995186
2025-08-18,7. Inverse Volatility,AMZN,0.06405131569164377
2025-08-18,7. Inverse Volatility,CASH,-0.00013279843119256527
2025-08-18,7. Inverse Volatility,GOOGL,0.11351600524737615
2025-08-18,7. Inverse Volatility,JNJ,0.14930643974780639
2025-08-18,7. Inverse Volatility,JPM,0.13825484591689854
2025-08-18,7. Inverse Volatility,META,0.04965760222989413
2025-08-18,7. Inverse Volatility,MSFT,0.1135914706010999
2025-08-18,7. Inverse Volatility,NVDA,0.0980551413812906
2025-08-18,7. Inverse Volatility,TSLA,0.05465570595312075
2025-08-18,7. Inverse Volatility,V,0.13704187759211037
2025-08-18,8. Risk Parity,AAPL,0.09985884301240142
2025-08-18,8. Risk Parity,AMZN,0.10036101981163183
2025-08-18,8. Risk Parity,CASH,-0.0003409216186964401
2025-08-18,8. Risk Parity,GOOGL,0.09996509813869606
2025-08-18,8. Risk Parity,JNJ,0.09994044491780288
2025-08-18,8. Risk Parity,JPM,0.10052018401527049
2025-08-18,8. Risk Parity,META,0.09788342156147013
2025-08-18,8. Risk Parity,MSFT,0.09957044437484526
2025-08-18,8. Risk Parity,NVDA,0.10102749208721269
2025-08-18,8. Risk Parity,TSLA,0.10155541630749933
2025-08-18,8. Risk Parity,V,0.09965855739186638
2025-08-18,9. Max Diversification,AAPL,0.06952468820029524
2025-08-18,9. Max Diversification,AMZN,0.13065046068968156
2025-08-18,9. Max Diversification,CASH,-0.00011695294216319768
2025-08-18,9. Max Diversification,JNJ,0.31957685383263273
2025-08-18,9. Max Diversification,META,0.031595161773016925
2025-08-18,9. Max Diversification,MSFT,0.24740341414201408
2025-08-18,9. Max Diversification,NVDA,0.09274926045655482
2025-08-18,9. Max Diversification,TSLA,0.06031088764260952
2025-08-18,9. Max Diversification,V,0.048306007403167026
2025-08-19,1. Buy & Hold,AAPL,0.10077659508976466
2025-08-19,1. Buy & Hold,AMZN,0.09990357663360785
2025-08-19,1. Buy & Hold,CASH,-1.2503103119214506e-05
2025-08-19,1. Buy & Hold,GOOGL,0.10007006691150248
2025-08-19,1. Buy & Hold,JNJ,0.10189156216237645
2025-08-19,1. Buy & Hold,JPM,0.10128604256935227
2025-08-19,1. Buy & Hold,META,0.09687596981623738
2025-08-19,1. Buy & Hold,MSFT,0.09920292840914954
2025-08-19,1. Buy & Hold,NVDA,0.0985285433432171
2025-08-19,1. Buy & Hold,TSLA,0.10084401753006836
2025-08-19,1. Buy & Hold,V,0.10063320063784305
2025-08-19,10. Max Decorrelation,AAPL,0.06759215009239354
2025-08-19,10. Max Decorrelation,AMZN,0.15693898434155334
2025-08-19,10. Max Decorrelation,CASH,-0.00011466895488170881
2025-08-19,10. Max Decorrelation,JNJ,0.27132118480610007
2025-08-19,10. Max Decorrelation,META,0.04673773820602598
2025-08-19,10. Max Decorrelation,MSFT,0.1641353659890729
2025-08-19,10. Max Decorrelation,NVDA,0.09677643324659752
2025-08-19,10. Max Decorrelation,TSLA,0.14976217081469942
2025-08-19,10. Max Decorrelation,V,0.04685064145843886
2025-08-19,11. Sharpe Maximization,AAPL,0.18778689046294222
2025-08-19,11. Sharpe Maximization,AMZN,1.3944266070838071e-06
2025-08-19,11. Sharpe Maximization,CASH,-0.00016647466735584125
2025-08-19,11. Sharpe Maximization,GOOGL,0.03779443214638581
2025-08-19,11. Sharpe Maximization,JNJ,0.30512081262410884
2025-08-19,11. Sharpe Maximization,META,0.011934754569145497
2025-08-19,11. Sharpe Maximization,MSFT,0.2970698686360101
2025-08-19,11. Sharpe Maximization,NVDA,0.16045468948575753
2025-08-19,11. Sharpe Maximization,V,3.632316398884129e-06
2025-08-19,12. CVaR Minimization,AAPL,0.040974129174776684
2025-08-19,12. CVaR Minimization,CASH,-3.487696108131656e-05
2025-08-19,12. CVaR Minimization,GOOGL,0.1391793918880344
2025-08-19,12. CVaR Minimization,JNJ,0.3037897887881961
2025-08-19,12. CVaR Minimization,JPM,0.17495058149783427
2025-08-19,12. CVaR Minimization,MSFT,0.29577492311216397
2025-08-19,12. CVaR Minimization,V,0.04536606250007595
2025-08-19,2. Equal Weight,AAPL,0.10077659508976465
2025-08-19,2. Equal Weight,AMZN,0.09990357663360784
2025-08-19,2. Equal Weight,CASH,-1.2503103119214406e-05
2025-08-19,2. Equal Weight,GOOGL,0.10007006691150248
2025-08-19,2. Equal Weight,JNJ,0.10189156216237642
2025-08-19,2. Equal Weight,JPM,0.10128604256935227
2025-08-19,2. Equal Weight,META,0.09687596981623738
2025-08-19,2. Equal Weight,MSFT,0.09920292840914953
2025-08-19,2. Equal Weight,NVDA,0.09852854334321712
2025-08-19,2. Equal Weight,TSLA,0.10084401753006837
2025-08-19,2. Equal Weight,V,0.10063320063784305
2025-08-19,3. Quintile Momentum,CASH,1.0
2025-08-19,4. Quintile Low Vol,CASH,1.0
2025-08-19,5. Mean Reversion,AAPL,0.0004408878708827413
2025-08-19,5. Mean Reversion,AMZN,0.06969507810008964
2025-08-19,5. Mean Reversion,CASH,-0.0007914538200040747
2025-08-19,5. Mean Reversion,GOOGL,0.01169624249675156
2025-08-19,5. Mean Reversion,JPM,0.20679496266239053
2025-08-19,5. Mean Reversion,META,0.1281864962529789
2025-08-19,5. Mean Reversion,MSFT,0.2326821176049159
2025-08-19,5. Mean Reversion,NVDA,0.12352890936444497
2025-08-19,5. Mean Reversion,TSLA,0.050046101265511934
2025-08-19,5. Mean Reversion,V,0.17772065820203783
2025-08-19,6. GMVP,AAPL,0.12680348927372076
2025-08-19,6. GMVP,AMZN,0.03991276734646358
2025-08-19,6. GMVP,CASH,-0.0002653541953964993
2025-08-19,6. GMVP,GOOGL,0.017002311014504827
2025-08-19,6. GMVP,JNJ,0.2976725016371775
2025-08-19,6. GMVP,JPM,0.11172040708446153
2025-08-19,6. GMVP,MSFT,0.38209843341351396
2025-08-19,6. GMVP,NVDA,0.013459984228135807
2025-08-19,6. GMVP,V,0.011595460197418568
2025-08-19,7. Inverse Volatility,AAPL,0.08257854943547445
2025-08-19,7. Inverse Volatility,AMZN,0.06362262637309538
2025-08-19,7. Inverse Volatility,CASH,-0.00013392289313522918
2025-08-19,7. Inverse Volatility,GOOGL,0.11339148943416354
2025-08-19,7. Inverse Volatility,JNJ,0.15189484986357943
2025-08-19,7. Inverse Volatility,JPM,0.1390094283494513
2025-08-19,7. Inverse Volatility,META,0.04904110347371314
2025-08-19,7. Inverse Volatility,MSFT,0.11292948204784184
2025-08-19,7. Inverse Volatility,NVDA,0.09542461737819334
2025-08-19,7. Inverse Volatility,TSLA,0.05415644194120196
2025-08-19,7. Inverse Volatility,V,0.13808533459642086
2025-08-19,8. Risk Parity,AAPL,0.10081006848815935
2025-08-19,8. Risk Parity,AMZN,0.0999367600550038
2025-08-19,8. Risk Parity,CASH,-0.00034466174457986517
2025-08-19,8. Risk Parity,GOOGL,0.10010330563339154
2025-08-19,8. Risk Parity,JNJ,0.10192540590208883
2025-08-19,8. Risk Parity,JPM,0.101319685183014
2025-08-19,8. Risk Parity,META,0.09690814760443954
2025-08-19,8. Risk Parity,MSFT,0.09923587910709288
2025-08-19,8. Risk Parity,NVDA,0.09856127004113384
2025-08-19,8. Risk Parity,TSLA,0.10087751332312928
2025-08-19,8. Risk Parity,V,0.10066662640712694
2025-08-19,9. Max Diversification,AAPL,0.06996783829903662
2025-08-19,9. Max Diversification,AMZN,0.12969199528594105
2025-08-19,9. Max Diversification,CASH,-0.00011786686122276399
2025-08-19,9. Max Diversification,JNJ,0.3249065858748146
2025-08-19,9. Max Diversification,META,0.03118270313521315
2025-08-19,9. Max Diversification,MSFT,0.24580232763940466
2025-08-19,9. Max Diversification,NVDA,0.09020263013729993
2025-08-19,9. Max Diversification,TSLA,0.05972126857897627
2025-08-19,9. Max Diversification,V,0.048642298495465724
2025-08-20,1. Buy & Hold,AAPL,0.0994270043966549
2025-08-20,1. Buy & Hold,AMZN,0.09869783163836474
2025-08-20,1. Buy & Hold,CASH,-1.2584002480563911e-05
2025-08-20,1. Buy & Hold,GOOGL,0.09959330738488226
2025-08-20,1. Buy & Hold,JNJ,0.10315068288919327
2025-08-20,1. Buy & Hold,JPM,0.10249554167354682
2025-08-20,1. Buy & Hold,META,0.09701493923868457
2025-08-20,1. Buy & Hold,MSFT,0.09905156239172311
2025-08-20,1. Buy & Hold,NVDA,0.09903055317176132
2025-08-20,1. Buy & Hold,TSLA,0.09982909878543376
2025-08-20,1. Buy & Hold,V,0.1017220624322358
2025-08-20,10. Max Decorrelation,AAPL,0.06669615488814938
2025-08-20,10. Max Decorrelation,AMZN,0.1550662463157213
2025-08-20,10. Max Decorrelation,CASH,-0.00011542681122182531
2025-08-20,10. Max Decorrelation,JNJ,0.2747118876905689
2025-08-20,10. Max Decorrelation,META,0.04681123574253935
2025-08-20,10. Max Decorrelation,MSFT,0.16390751547786206
2025-08-20,10. Max Decorrelation,NVDA,0.09728292414804748
2025-08-20,10. Max Decorrelation,TSLA,0.14827536418809956
2025-08-20,10. Max Decorrelation,V,0.0473640983602338
2025-08-20,11. Sharpe Maximization,AAPL,0.18500271157948003
2025-08-20,11. Sharpe Maximization,AMZN,1.3755943554747558e-06
2025-08-20,11. Sharpe Maximization,CASH,-0.0001673082232765813
2025-08-20,11. Sharpe Maximization,GOOGL,0.03755968477398956
2025-08-20,11. Sharpe Maximization,JNJ,0.308442254178679
2025-08-20,11. Sharpe Maximization,META,0.01193449905805323
2025-08-20,11. Sharpe Maximization,MSFT,0.296185362130004
2025-08-20,11. Sharpe Maximization,NVDA,0.16103775462818873
2025-08-20,11. Sharpe Maximization,V,3.666280526599887e-06
2025-08-20,12. CVaR Minimization,AAPL,0.04023746793960442
2025-08-20,12. CVaR Minimization,CASH,-3.4939433270363454e-05
2025-08-20,12. CVaR Minimization,GOOGL,0.13787233691612674
2025-08-20,12. CVaR Minimization,JNJ,0.306114073122918
2025-08-20,12. CVaR Minimization,JPM,0.17621667399576976
2025-08-20,12. CVaR Minimization,MSFT,0.2939506503320561
2025-08-20,12. CVaR Minimization,V,0.04564373712679545
2025-08-20,2. Equal Weight,AAPL,0.09942700439665489
2025-08-20,2. Equal Weight,AMZN,0.09869783163836472
2025-08-20,2. Equal Weight,CASH,-1.258400248056381e-05
2025-08-20,2. Equal Weight,GOOGL,0.09959330738488224
2025-08-20,2. Equal Weight,JNJ,0.10315068288919324
2025-08-20,2. Equal Weight,JPM,0.10249554167354682
2025-08-20,2. Equal Weight,META,0.09701493923868455
2025-08-20,2. Equal Weight,MSFT,0.0990515623917231
2025-08-20,2. Equal Weight,NVDA,0.09903055317176133
2025-08-20,2. Equal Weight,TSLA,0.09982909878543376
2025-08-20,2. Equal Weight,V,0.10172206243223582
2025-08-20,3. Quintile Momentum,CASH,1.0
2025-08-20,4. Quintile Low Vol,CASH,1.0
2025-08-20,5. Mean Reversion,AAPL,0.00043349274229168483
2025-08-20,5. Mean Reversion,AMZN,0.06861794214392221
2025-08-20,5. Mean Reversion,CASH,-0.0007938447322177953
2025-08-20,5. Mean Reversion,GOOGL,0.011600623561439335
2025-08-20,5. Mean Reversion,JPM,0.20854718554012044
2025-08-20,5. Mean Reversion,META,0.1279304228306787
2025-08-20,5. Mean Reversion,MSFT,0.23153084185899903
2025-08-20,5. Mean Reversion,NVDA,0.12373277562515742
2025-08-20,5. Mean Reversion,TSLA,0.049372630578991814
2025-08-20,5. Mean Reversion,V,0.1790279298506171
2025-08-20,6. GMVP,AAPL,0.12481066665976172
2025-08-20,6. GMVP,AMZN,0.03933817790345727
2025-08-20,6. GMVP,CASH,-0.00026644204928688917
2025-08-20,6. GMVP,GOOGL,0.016881449960065666
2025-08-20,6. GMVP,JNJ,0.30064115323587404
2025-08-20,6. GMVP,JPM,0.11278821053621178
2025-08-20,6. GMVP,MSFT,0.3806167701424558
2025-08-20,6. GMVP,NVDA,0.013496697631479046
2025-08-20,6. GMVP,V,0.011693315979981479
2025-08-20,7. Inverse Volatility,AAPL,0.0812731032922882
2025-08-20,7. Inverse Volatility,AMZN,0.06270080071231955
2025-08-20,7. Inverse Volatility,CASH,-0.00013445926226879142
2025-08-20,7. Inverse Volatility,GOOGL,0.11257484143351817
2025-08-20,7. Inverse Volatility,JNJ,0.1533952299530506
2025-08-20,7. Inverse Volatility,JPM,0.14032483772548215
2025-08-20,7. Inverse Volatility,META,0.0489911580691616
2025-08-20,7. Inverse Volatility,MSFT,0.11248098043065254
2025-08-20,7. Inverse Volatility,NVDA,0.09567588522105122
2025-08-20,7. Inverse Volatility,TSLA,0.05348008070855711
2025-08-20,7. Inverse Volatility,V,0.13923754171618752
2025-08-20,8. Risk Parity,AAPL,0.09946024327775853
2025-08-20,8. Risk Parity,AMZN,0.09873082675383583
2025-08-20,8. Risk Parity,CASH,-0.00034689256969041606
2025-08-20,8. Risk Parity,GOOGL,0.09962660186180002
2025-08-20,8. Risk Parity,JNJ,0.1031851666122534
2025-08-20,8. Risk Parity,JPM,0.10252980638004196
2025-08-20,8. Risk Parity,META,0.09704737175588851
2025-08-20,8. Risk Parity,MSFT,0.09908467576092744
2025-08-20,8. Risk Parity,NVDA,0.09906365951749184
2025-08-20,8. Risk Parity,TSLA,0.09986247208844487
2025-08-20,8. Risk Parity,V,0.10175606856124797
2025-08-20,9. Max Diversification,AAPL,0.06892286604835517
2025-08-20,9. Max Diversification,AMZN,0.12792633120525268
2025-08-20,9. Max Diversification,CASH,-0.00011844395454325523
2025-08-20,9. Max Diversification,JNJ,0.3284071467709752
2025-08-20,9. Max Diversification,META,0.031178592885362334
2025-08-20,9. Max Diversification,MSFT,0.245043409893777
2025-08-20,9. Max Diversification,NVDA,0.09052041617460607
2025-08-20,9. Max Diversification,TSLA,0.05902775062386899
2025-08-20,9. Max Diversification,V,0.04909170977995869
2025-08-21,1. Buy & Hold,AAPL,0.09935562346445789
2025-08-21,1. Buy & Hold,AMZN,0.0982900535039682
2025-08-21,1. Buy & Hold,CASH,-1.2637032229399743e-05
2025-08-21,1. Buy & Hold,GOOGL,0.10022876115431667
2025-08-21,1. Buy & Hold,JNJ,0.10363749473918969
2025-08-21,1. Buy & Hold,JPM,0.10265626868318033
2025-08-21,1. Buy & Hold,META,0.09630062791210635
2025-08-21,1. Buy & Hold,MSFT,0.09917787368143215
2025-08-21,1. Buy & Hold,NVDA,0.09920974332354114
2025-08-21,1. Buy & Hold,TSLA,0.09907674765711469
2025-08-21,1. Buy & Hold,V,0.10207944291292229
2025-08-21,10. Max Decorrelation,AAPL,0.06666848841124501
2025-08-21,10. Max Decorrelation,AMZN,0.15447241894249797
2025-08-21,10. Max Decorrelation,CASH,-0.00011594838641821677
2025-08-21,10. Max Decorrelation,JNJ,0.27609209049069156
2025-08-21,10. Max Decorrelation,META,0.04648066384910248
2025-08-21,10. Max Decorrelation,MSFT,0.1641663125504994
2025-08-21,10. Max Decorrelation,NVDA,0.09748851400416139
2025-08-21,10. Max Decorrelation,TSLA,0.14720254003541527
2025-08-21,10. Max Decorrelation,V,0.04754492010280514
2025-08-21,11. Sharpe Maximization,AAPL,0.18447456169777918
2025-08-21,11. Sharpe Maximization,AMZN,1.3669815102352266e-06
2025-08-21,11. Sharpe Maximization,CASH,-0.00016765398487115842
2025-08-21,11. Sharpe Maximization,GOOGL,0.03771850243748334
2025-08-21,11. Sharpe Maximization,JNJ,0.3092352276291603
2025-08-21,11. Sharpe Maximization,META,0.011821293294840088
2025-08-21,11. Sharpe Maximization,MSFT,0.2959288791931127
2025-08-21,11. Sharpe Maximization,NVDA,0.16098415145734818
2025-08-21,11. Sharpe Maximization,V,3.6712936370292586e-06
2025-08-21,12. CVaR Minimization,AAPL,0.04008404420631095
2025-08-21,12. CVaR Minimization,CASH,-3.4977997704519425e-05
2025-08-21,12. CVaR Minimization,GOOGL,0.13832227875055736
2025-08-21,12. CVaR Minimization,JNJ,0.3066061666695755
2025-08-21,12. CVaR Minimization,JPM,0.17594636151425883
2025-08-21,12. CVaR Minimization,MSFT,0.2934138965146202
2025-08-21,12. CVaR Minimization,V,0.045662230342381656
2025-08-21,2. Equal Weight,AAPL,0.09935562346445789
2025-08-21,2. Equal Weight,AMZN,0.0982900535039682
2025-08-21,2. Equal Weight,CASH,-1.2637032229399645e-05
2025-08-21,2. Equal Weight,GOOGL,0.10022876115431667
2025-08-21,2. Equal Weight,JNJ,0.10363749473918968
2025-08-21,2. Equal Weight,JPM,0.10265626868318034
2025-08-21,2. Equal Weight,META,0.09630062791210635
2025-08-21,2. Equal Weight,MSFT,0.09917787368143215
2025-08-21,2. Equal Weight,NVDA,0.09920974332354117
2025-08-21,2. Equal Weight,TSLA,0.09907674765711473
2025-08-21,2. Equal Weight,V,0.10207944291292229
2025-08-21,3. Quintile Momentum,CASH,1.0
2025-08-21,4. Quintile Low Vol,CASH,1.0
2025-08-21,5. Mean Reversion,AAPL,0.0004332040643405121
2025-08-21,5. Mean Reversion,AMZN,0.06833799665273967
2025-08-21,5. Mean Reversion,CASH,-0.0007972315161659169
2025-08-21,5. Mean Reversion,GOOGL,0.011675248563546426
2025-08-21,5. Mean Reversion,JPM,0.2088850827837349
2025-08-21,5. Mean Reversion,META,0.12699509051040705
2025-08-21,5. Mean Reversion,MSFT,0.23183815256357984
2025-08-21,5. Mean Reversion,NVDA,0.12396311194145032
2025-08-21,5. Mean Reversion,TSLA,0.04900308840093125
2025-08-21,5. Mean Reversion,V,0.17966625603543585
2025-08-21,6. GMVP,AAPL,0.12447198813132718
2025-08-21,6. GMVP,AMZN,0.03909741332223095
2025-08-21,6. GMVP,CASH,-0.0002670305120847387
2025-08-21,6. GMVP,GOOGL,0.016955233636518647
2025-08-21,6. GMVP,JNJ,0.30145677777542235
2025-08-21,6. GMVP,JPM,0.11273948105263885
2025-08-21,6. GMVP,MSFT,0.38034105581508293
2025-08-21,6. GMVP,NVDA,0.013494116799543428
2025-08-21,6. GMVP,V,0.01171096397932039
2025-08-21,7. Inverse Volatility,AAPL,0.08110232520352875
2025-08-21,7. Inverse Volatility,AMZN,0.06235530554069291
2025-08-21,7. Inverse Volatility,CASH,-0.0001348389576478091
2025-08-21,7. Inverse Volatility,GOOGL,0.11313628551718209
2025-08-21,7. Inverse Volatility,JNJ,0.15390581111267138
2025-08-21,7. Inverse Volatility,JPM,0.14035032186487967
2025-08-21,7. Inverse Volatility,META,0.048563119138030617
2025-08-21,7. Inverse Volatility,MSFT,0.11246850455274579
2025-08-21,7. Inverse Volatility,NVDA,0.0957163159983557
2025-08-21,7. Inverse Volatility,TSLA,0.05300355631367432
2025-08-21,7. Inverse Volatility,V,0.13953329371588646
2025-08-21,8. Risk Parity,AAPL,0.09938897849969326
2025-08-21,8. Risk Parity,AMZN,0.09832305081286319
2025-08-21,8. Risk Parity,CASH,-0.0003483548867500415
2025-08-21,8. Risk Parity,GOOGL,0.10026240931375978
2025-08-21,8. Risk Parity,JNJ,0.10367228725689721
2025-08-21,8. Risk Parity,JPM,0.10269073178994434
2025-08-21,8. Risk Parity,META,0.09633295734374991
2025-08-21,8. Risk Parity,MSFT,0.09921116904364581
2025-08-21,8. Risk Parity,NVDA,0.0992430493848275
2025-08-21,8. Risk Parity,TSLA,0.09911000906994549
2025-08-21,8. Risk Parity,V,0.10211371237142342
2025-08-21,9. Max Diversification,AAPL,0.06880831267694683
2025-08-21,9. Max Diversification,AMZN,0.12727742680633744
2025-08-21,9. Max Diversification,CASH,-0.00011883070627527737
2025-08-21,9. Max Diversification,JNJ,0.32964529372713974
2025-08-21,9. Max Diversification,META,0.030919787153289458
2025-08-21,9. Max Diversification,MSFT,0.2451240770916479
2025-08-21,9. Max Diversification,NVDA,0.09059852863633423
2025-08-21,9. Max Diversification,TSLA,0.05852754487806173
2025-08-21,9. Max Diversification,V,0.04921763870745415
2025-08-22,1. Buy & Hold,AAPL,0.10000281162417356
2025-08-22,1. Buy & Hold,AMZN,0.10000281162417356
2025-08-22,1. Buy & Hold,CASH,-2.811624173556501e-05
2025-08-22,1. Buy & Hold,GOOGL,0.10000281162417356
2025-08-22,1. Buy & Hold,JNJ,0.10000281162417356
2025-08-22,1. Buy & Hold,JPM,0.10000281162417353
2025-08-22,1. Buy & Hold,META,0.10000281162417356
2025-08-22,1. Buy & Hold,MSFT,0.10000281162417356
2025-08-22,1. Buy & Hold,NVDA,0.1000028116241735
2025-08-22,1. Buy & Hold,TSLA,0.1000028116241735
2025-08-22,1. Buy & Hold,V,0.10000281162417353
2025-08-22,10. Max Decorrelation,AAPL,0.05486333950175205
2025-08-22,10. Max Decorrelation,AMZN,0.15272660044465353
2025-08-22,10. Max Decorrelation,CASH,-9.400971327517701e-05
2025-08-22,10. Max Decorrelation,JNJ,0.2781654665448613
2025-08-22,10. Max Decorrelation,JPM,0.009053950038404066
2025-08-22,10. Max Decorrelation,META,0.06023121320763087
2025-08-22,10. Max Decorrelation,MSFT,0.14390163956349586
2025-08-22,10. Max Decorrelation,NVDA,0.09948187019013083
2025-08-22,10. Max Decorrelation,TSLA,0.14411409111583043
2025-08-22,10. Max Decorrelation,V,0.05755583910651629
2025-08-22,11. Sharpe Maximization,AAPL,0.16041707000444153
2025-08-22,11. Sharpe Maximization,AMZN,3.904065291375016e-06
2025-08-22,11. Sharpe Maximization,CASH,-9.875398770956435e-05
2025-08-22,11. Sharpe Maximization,GOOGL,0.04674995228181229
2025-08-22,11. Sharpe Maximization,JNJ,0.30002858011425154
2025-08-22,11. Sharpe Maximization,JPM,0.030178037271465594
2025-08-22,11. Sharpe Maximization,META,2.1350913795321254e-06
2025-08-22,11. Sharpe Maximization,MSFT,0.30003439035436613
2025-08-22,11. Sharpe Maximization,NVDA,0.16267951991290291
2025-08-22,11. Sharpe Maximization,V,5.164891798740421e-06
2025-08-22,12. CVaR Minimization,AAPL,0.034748361349200584
2025-08-22,12. CVaR Minimization,CASH,-3.6557378511178166e-05
2025-08-22,12. CVaR Minimization,GOOGL,0.13702648535283782
2025-08-22,12. CVaR Minimization,JNJ,0.3000079931765905
2025-08-22,12. CVaR Minimization,JPM,0.17547221411524597
2025-08-22,12. CVaR Minimization,MSFT,0.3000069632581822
2025-08-22,12. CVaR Minimization,TSLA,1.5349879136889368e-06
2025-08-22,12. CVaR Minimization,V,0.052772642232709194
2025-08-22,2. Equal Weight,AAPL,0.10000281162417357
2025-08-22,2. Equal Weight,AMZN,0.10000281162417357
2025-08-22,2. Equal Weight,CASH,-2.8116241735675968e-05
2025-08-22,2. Equal Weight,GOOGL,0.10000281162417357
2025-08-22,2. Equal Weight,JNJ,0.10000281162417357
2025-08-22,2. Equal Weight,JPM,0.10000281162417357
2025-08-22,2. Equal Weight,META,0.10000281162417357
2025-08-22,2. Equal Weight,MSFT,0.10000281162417357
2025-08-22,2. Equal Weight,NVDA,0.10000281162417357
2025-08-22,2. Equal Weight,TSLA,0.10000281162417357
2025-08-22,2. Equal Weight,V,0.10000281162417357
2025-08-22,3. Quintile Momentum,CASH,1.0
2025-08-22,4. Quintile Low Vol,CASH,1.0
2025-08-22,5. Mean Reversion,AAPL,0.13549012515752415
2025-08-22,5. Mean Reversion,AMZN,0.09159358870395368
2025-08-22,5. Mean Reversion,CASH,-0.0007385761880399336
2025-08-22,5. Mean Reversion,GOOGL,0.08731252051119627
2025-08-22,5. Mean Reversion,JPM,0.06899015905149836
2025-08-22,5. Mean Reversion,META,0.1442503747344286
2025-08-22,5. Mean Reversion,MSFT,0.1826928346413682
2025-08-22,5. Mean Reversion,NVDA,0.15911055317784606
2025-08-22,5. Mean Reversion,TSLA,0.09937963354543726
2025-08-22,5. Mean Reversion,V,0.03191878666478725
2025-08-22,6. GMVP,AAPL,0.1098811449759492
2025-08-22,6. GMVP,AMZN,0.04001521823129059
2025-08-22,6. GMVP,CASH,-0.0001130444685797479
2025-08-22,6. GMVP,GOOGL,0.007906939947096032
2025-08-22,6. GMVP,JNJ,0.31273867689587326
2025-08-22,6. GMVP,JPM,0.139105060160446
2025-08-22,6. GMVP,MSFT,0.36369256894694896
2025-08-22,6. GMVP,NVDA,0.002988796537515099
2025-08-22,6. GMVP,V,0.023784638773460716
2025-08-22,7. Inverse Volatility,AAPL,0.07862687285296542
2025-08-22,7. Inverse Volatility,AMZN,0.061559571564124616
2025-08-22,7. Inverse Volatility,CASH,-5.138087123799712e-05
2025-08-22,7. Inverse Volatility,GOOGL,0.10633538174308695
2025-08-22,7. Inverse Volatility,JNJ,0.16244012689740128
2025-08-22,7. Inverse Volatility,JPM,0.13963899454480053
2025-08-22,7. Inverse Volatility,META,0.04888516998459983
2025-08-22,7. Inverse Volatility,MSFT,0.11236595982340017
2025-08-22,7. Inverse Volatility,NVDA,0.09610429826210816
2025-08-22,7. Inverse Volatility,TSLA,0.06218084628181909
2025-08-22,7. Inverse Volatility,V,0.13191415891693203
2025-08-22,8. Risk Parity,AAPL,0.10000283472645032
2025-08-22,8. Risk Parity,AMZN,0.10000283472645032
2025-08-22,8. Risk Parity,CASH,-2.8347264503152713e-05
2025-08-22,8. Risk Parity,GOOGL,0.10000283472645032
2025-08-22,8. Risk Parity,JNJ,0.10000283472645032
2025-08-22,8. Risk Parity,JPM,0.10000283472645032
2025-08-22,8. Risk Parity,META,0.10000283472645032
2025-08-22,8. Risk Parity,MSFT,0.10000283472645032
2025-08-22,8. Risk Parity,NVDA,0.10000283472645032
2025-08-22,8. Risk Parity,TSLA,0.10000283472645032
2025-08-22,8. Risk Parity,V,0.10000283472645032
2025-08-22,9. Max Diversification,AAPL,0.05692922416574368
2025-08-22,9. Max Diversification,AMZN,0.12727672887127983
2025-08-22,9. Max Diversification,CASH,-0.00011014369425030479
2025-08-22,9. Max Diversification,JNJ,0.3408999953633477
2025-08-22,9. Max Diversification,JPM,0.01239391376689075
2025-08-22,9. Max Diversification,META,0.04031066211535546
2025-08-22,9. Max Diversification,MSFT,0.21242059256376536
2025-08-22,9. Max Diversification,NVDA,0.08935161271275585
2025-08-22,9. Max Diversification,TSLA,0.058922315196296
2025-08-22,9. Max Diversification,V,0.06160504293926206
2025-08-25,1. Buy & Hold,AAPL,0.09960053265610416
2025-08-25,1. Buy & Hold,AMZN,0.09947085707228498
2025-08-25,1. Buy & Hold,CASH,-2.8077104162554544e-05
2025-08-25,1. Buy & Hold,GOOGL,0.10102655997944537
2025-08-25,1. Buy & Hold,JNJ,0.09937345307067488
2025-08-25,1. Buy & Hold,JPM,0.09941188955169115
2025-08-25,1. Buy & Hold,META,0.09966647189175432
2025-08-25,1. Buy & Hold,MSFT,0.09927887397510719
2025-08-25,1. Buy & Hold,NVDA,0.10088474326090473
2025-08-25,1. Buy & Hold,TSLA,0.1017991433273211
2025-08-25,1. Buy & Hold,V,0.09951555231887475
2025-08-25,10. Max Decorrelation,AAPL,0.05469163481435816
2025-08-25,10. Max Decorrelation,AMZN,0.1520503939737018
2025-08-25,10. Max Decorrelation,CASH,-9.396302464827354e-05
2025-08-25,10. Max Decorrelation,JNJ,0.2766626921341929
2025-08-25,10. Max Decorrelation,JPM,0.009008519588061792
2025-08-25,10. Max Decorrelation,META,0.06008245928761858
2025-08-25,10. Max Decorrelation,MSFT,0.14298799940075557
2025-08-25,10. Max Decorrelation,NVDA,0.10044919002427717
2025-08-25,10. Max Decorrelation,TSLA,0.1468343196679626
2025-08-25,10. Max Decorrelation,V,0.057326754133719744
2025-08-25,11. Sharpe Maximization,AAPL,0.1602477765681589
2025-08-25,11. Sharpe Maximization,AMZN,3.894867642327645e-06
2025-08-25,11. Sharpe Maximization,CASH,-9.891033399336659e-05
2025-08-25,11. Sharpe Maximization,GOOGL,0.04736925002583273
2025-08-25,11. Sharpe Maximization,JNJ,0.2990286357657404
2025-08-25,11. Sharpe Maximization,JPM,0.030089092600687962
2025-08-25,11. Sharpe Maximization,META,2.1342501647490695e-06
2025-08-25,11. Sharpe Maximization,MSFT,0.2987498193871456
2025-08-25,11. Sharpe Maximization,NVDA,0.16460315182959828
2025-08-25,11. Sharpe Maximization,V,5.1550390223141765e-06
2025-08-25,12. CVaR Minimization,AAPL,0.03475073896125016
2025-08-25,12. CVaR Minimization,CASH,-3.6656445882576e-05
2025-08-25,12. CVaR Minimization,GOOGL,0.13899786761285776
2025-08-25,12. CVaR Minimization,JNJ,0.29934448481685094
2025-08-25,12. CVaR Minimization,JPM,0.17515185399900937
2025-08-25,12. CVaR Minimization,MSFT,0.2990585558009903
2025-08-25,12. CVaR Minimization,TSLA,1.568979024359698e-06
2025-08-25,12. CVaR Minimization,V,0.052731223817757085
2025-08-25,2. Equal Weight,AAPL,0.09960053265610413
2025-08-25,2. Equal Weight,AMZN,0.09947085707228494
2025-08-25,2. Equal Weight,CASH,-2.8077104162665336e-05
2025-08-25,2. Equal Weight,GOOGL,0.10102655997944535
2025-08-25,2. Equal Weight,JNJ,0.09937345307067487
2025-08-25,2. Equal Weight,JPM,0.09941188955169117
2025-08-25,2. Equal Weight,META,0.0996664718917543
2025-08-25,2. Equal Weight,MSFT,0.09927887397510717
2025-08-25,2. Equal Weight,NVDA,0.10088474326090476
2025-08-25,2. Equal Weight,TSLA,0.10179914332732112
2025-08-25,2. Equal Weight,V,0.09951555231887475
2025-08-25,3. Quintile Momentum,CASH,1.0
2025-08-25,4. Quintile Low Vol,CASH,1.0
2025-08-25,5. Mean Reversion,AAPL,0.1348533837788127
2025-08-25,5. Mean Reversion,AMZN,0.09104445042689961
2025-08-25,5. Mean Reversion,CASH,-0.0007370468599014441
2025-08-25,5. Mean Reversion,GOOGL,0.08814641100242311
2025-08-25,5. Mean Reversion,JPM,0.06853588390564233
2025-08-25,5. Mean Reversion,META,0.14366751448525603
2025-08-25,5. Mean Reversion,MSFT,0.18124703071351977
2025-08-25,5. Mean Reversion,NVDA,0.16040467518754403
2025-08-25,5. Mean Reversion,TSLA,0.10109601983356334
2025-08-25,5. Mean Reversion,V,0.03174167752624055
2025-08-25,6. GMVP,AAPL,0.11010928761018755
2025-08-25,6. GMVP,AMZN,0.040046094270372104
2025-08-25,6. GMVP,CASH,-0.00011357838455829112
2025-08-25,6. GMVP,GOOGL,0.00803679926759374
2025-08-25,6. GMVP,JNJ,0.31267351164490226
2025-08-25,6. GMVP,JPM,0.1391298678741461
2025-08-25,6. GMVP,MSFT,0.3632707126683306
2025-08-25,6. GMVP,NVDA,0.0030336184723829002
2025-08-25,6. GMVP,V,0.02381368657664304
2025-08-25,7. Inverse Volatility,AAPL,0.07839357326421686
2025-08-25,7. Inverse Volatility,AMZN,0.06129700353701538
2025-08-25,7. Inverse Volatility,CASH,-5.136372539863286e-05
2025-08-25,7. Inverse Volatility,GOOGL,0.10753780211408284
2025-08-25,7. Inverse Volatility,JNJ,0.16158888992708292
2025-08-25,7. Inverse Volatility,JPM,0.13896097031044297
2025-08-25,7. Inverse Volatility,META,0.048772386955428966
2025-08-25,7. Inverse Volatility,MSFT,0.11167074277538572
2025-08-25,7. Inverse Volatility,NVDA,0.0970545949137196
2025-08-25,7. Inverse Volatility,TSLA,0.06336486997617537
2025-08-25,7. Inverse Volatility,V,0.13141052995184802
2025-08-25,8. Risk Parity,AAPL,0.09960055563341909
2025-08-25,8. Risk Parity,AMZN,0.09947088001968442
2025-08-25,8. Risk Parity,CASH,-2.830780533928165e-05
2025-08-25,8. Risk Parity,GOOGL,0.10102658328573724
2025-08-25,8. Risk Parity,JNJ,0.09937347599560375
2025-08-25,8. Risk Parity,JPM,0.09941191248548714
2025-08-25,8. Risk Parity,META,0.09966649488428106
2025-08-25,8. Risk Parity,MSFT,0.09927889687821716
2025-08-25,8. Risk Parity,NVDA,0.10088476653448028
2025-08-25,8. Risk Parity,TSLA,0.10179916681184391
2025-08-25,8. Risk Parity,V,0.09951557527658521
2025-08-25,9. Max Diversification,AAPL,0.0568851861333117
2025-08-25,9. Max Diversification,AMZN,0.12701269238544402
2025-08-25,9. Max Diversification,CASH,-0.00011034919036634768
2025-08-25,9. Max Diversification,JNJ,0.33985967178182
2025-08-25,9. Max Diversification,JPM,0.012360870484773323
2025-08-25,9. Max Diversification,META,0.040306146002319604
2025-08-25,9. Max Diversification,MSFT,0.21157079401309017
2025-08-25,9. Max Diversification,NVDA,0.0904336679170543
2025-08-25,9. Max Diversification,TSLA,0.06017639730534455
2025-08-25,9. Max Diversification,V,0.06150486640982254
2025-08-26,1. Buy & Hold,AAPL,0.10017027411354164
2025-08-26,1. Buy & Hold,AMZN,0.09943666195911186
2025-08-26,1. Buy & Hold,CASH,-2.7972957150084715e-05
2025-08-26,1. Buy & Hold,GOOGL,0.10000008627598052
2025-08-26,1. Buy & Hold,JNJ,0.097939381690393
2025-08-26,1. Buy & Hold,JPM,0.10027572048967776
2025-08-26,1. Buy & Hold,META,0.09940222945292153
2025-08-26,1. Buy & Hold,MSFT,0.09847516361306663
2025-08-26,1. Buy & Hold,NVDA,0.10160613374790117
2025-08-26,1. Buy & Hold,TSLA,0.10290511284295892
2025-08-26,1. Buy & Hold,V,0.09981720877159708
2025-08-26,10. Max Decorrelation,AAPL,0.055141396583133
2025-08-26,10. Max Decorrelation,AMZN,0.15237646059530857
2025-08-26,10. Max Decorrelation,CASH,-9.3847500440328e-05
2025-08-26,10. Max Decorrelation,JNJ,0.2733488369237008
2025-08-26,10. Max Decorrelation,JPM,0.009109416191749013
2025-08-26,10. Max Decorrelation,META,0.06007231878994021
2025-08-26,10. Max Decorrelation,MSFT,0.14218347132746437
2025-08-26,10. Max Decorrelation,NVDA,0.10141928095588916
2025-08-26,10. Max Decorrelation,TSLA,0.14879901632925638
2025-08-26,10. Max Decorrelation,V,0.05764364980399887
2025-08-26,11. Sharpe Maximization,AAPL,0.16195146017216647
2025-08-26,11. Sharpe Maximization,AMZN,3.912542202164272e-06
2025-08-26,11. Sharpe Maximization,CASH,-9.902466677327545e-05
2025-08-26,11. Sharpe Maximization,GOOGL,0.04711692862290499
2025-08-26,11. Sharpe Maximization,JNJ,0.2961525051348323
2025-08-26,11. Sharpe Maximization,JPM,0.030498761777593086
2025-08-26,11. Sharpe Maximization,META,2.138986375292119e-06
2025-08-26,11. Sharpe Maximization,MSFT,0.2977783876797406
2025-08-26,11. Sharpe Maximization,NVDA,0.16658973383551176
2025-08-26,11. Sharpe Maximization,V,5.195915446497126e-06
2025-08-26,12. CVaR Minimization,AAPL,0.03517012479454494
2025-08-26,12. CVaR Minimization,CASH,-3.675099362332217e-05
2025-08-26,12. CVaR Minimization,GOOGL,0.13845403314007163
2025-08-26,12. CVaR Minimization,JNJ,0.29688680896089753
2025-08-26,12. CVaR Minimization,JPM,0.1777889909914319
2025-08-26,12. CVaR Minimization,MSFT,0.2985099172177466
2025-08-26,12. CVaR Minimization,TSLA,1.5960358106197002e-06
2025-08-26,12. CVaR Minimization,V,0.053224915232520036
2025-08-26,2. Equal Weight,AAPL,0.10017027411354164
2025-08-26,2. Equal Weight,AMZN,0.09943666195911186
2025-08-26,2. Equal Weight,CASH,-2.7972957150195097e-05
2025-08-26,2. Equal Weight,GOOGL,0.1000000862759805
2025-08-26,2. Equal Weight,JNJ,0.097939381690393
2025-08-26,2. Equal Weight,JPM,0.10027572048967778
2025-08-26,2. Equal Weight,META,0.09940222945292151
2025-08-26,2. Equal Weight,MSFT,0.09847516361306662
2025-08-26,2. Equal Weight,NVDA,0.10160613374790121
2025-08-26,2. Equal Weight,TSLA,0.10290511284295896
2025-08-26,2. Equal Weight,V,0.0998172087715971
2025-08-26,3. Quintile Momentum,CASH,1.0
2025-08-26,4. Quintile Low Vol,CASH,1.0
2025-08-26,5. Mean Reversion,AAPL,0.13549793801352783
2025-08-26,5. Mean Reversion,AMZN,0.0909280321429106
2025-08-26,5. Mean Reversion,CASH,-0.0007336261508848118
2025-08-26,5. Mean Reversion,GOOGL,0.08716920401502529
2025-08-26,5. Mean Reversion,JPM,0.06906676542687992
2025-08-26,5. Mean Reversion,META,0.14315260493260096
2025-08-26,5. Mean Reversion,MSFT,0.1796116098452723
2025-08-26,5. Mean Reversion,NVDA,0.16140058031886942
2025-08-26,5. Mean Reversion,TSLA,0.10209877333484056
2025-08-26,5. Mean Reversion,V,0.031808118120957955
2025-08-26,6. GMVP,AAPL,0.11136449793668808
2025-08-26,6. GMVP,AMZN,0.04025839453510484
2025-08-26,6. GMVP,CASH,-0.00011379609618551664
2025-08-26,6. GMVP,GOOGL,0.008000065451730548
2025-08-26,6. GMVP,JNJ,0.309901499375748
2025-08-26,6. GMVP,JPM,0.14113133335732114
2025-08-26,6. GMVP,MSFT,0.3623646830605304
2025-08-26,6. GMVP,NVDA,0.003072564459183754
2025-08-26,6. GMVP,V,0.02402075791987869
2025-08-26,7. Inverse Volatility,AAPL,0.078924251268416
2025-08-26,7. Inverse Volatility,AMZN,0.061339852951538834
2025-08-26,7. Inverse Volatility,CASH,-5.1226583399712356e-05
2025-08-26,7. Inverse Volatility,GOOGL,0.10655621226384729
2025-08-26,7. Inverse Volatility,JNJ,0.15942311222585273
2025-08-26,7. Inverse Volatility,JPM,0.14031467971160916
2025-08-26,7. Inverse Volatility,META,0.04869382155414283
2025-08-26,7. Inverse Volatility,MSFT,0.11088226328298756
2025-08-26,7. Inverse Volatility,NVDA,0.09785056624310663
2025-08-26,7. Inverse Volatility,TSLA,0.06412009938324954
2025-08-26,7. Inverse Volatility,V,0.1319463676986491
2025-08-26,8. Risk Parity,AAPL,0.10017029713657512
2025-08-26,8. Risk Parity,AMZN,0.09943668481353266
2025-08-26,8. Risk Parity,CASH,-2.820280255779108e-05
2025-08-26,8. Risk Parity,GOOGL,0.10000010925989818
2025-08-26,8. Risk Parity,JNJ,0.09793940420068044
2025-08-26,8. Risk Parity,JPM,0.10027574353694693
2025-08-26,8. Risk Parity,META,0.09940225229942838
2025-08-26,8. Risk Parity,MSFT,0.09847518624649763
2025-08-26,8. Risk Parity,NVDA,0.1016061571009512
2025-08-26,8. Risk Parity,TSLA,0.10290513649456497
2025-08-26,8. Risk Parity,V,0.0998172317134824
2025-08-26,9. Max Diversification,AAPL,0.057489279369671596
2025-08-26,9. Max Diversification,AMZN,0.12758754446742213
2025-08-26,9. Max Diversification,CASH,-0.00011047542935031935
2025-08-26,9. Max Diversification,JNJ,0.33658680804901436
2025-08-26,9. Max Diversification,JPM,0.012529017001059631
2025-08-26,9. Max Diversification,META,0.04039510990395937
2025-08-26,9. Max Diversification,MSFT,0.21088032603120938
2025-08-26,9. Max Diversification,NVDA,0.09152401402893022
2025-08-26,9. Max Diversification,TSLA,0.06112649492706924
2025-08-26,9. Max Diversification,V,0.06199182519662984
2025-08-27,1. Buy & Hold,AAPL,0.10064927864322142
2025-08-27,1. Buy & Hold,AMZN,0.0995788472345124
2025-08-27,1. Buy & Hold,CASH,-2.7962827971830106e-05
2025-08-27,1. Buy & Hold,GOOGL,0.10012795653576201
2025-08-27,1. Buy & Hold,JNJ,0.09807033559672351
2025-08-27,1. Buy & Hold,JPM,0.10047777953856686
2025-08-27,1. Buy & Hold,META,0.09848075446017103
2025-08-27,1. Buy & Hold,MSFT,0.09936107649361454
2025-08-27,1. Buy & Hold,NVDA,0.10147434904030954
2025-08-27,1. Buy & Hold,TSLA,0.10226234952074113
2025-08-27,1. Buy & Hold,V,0.09954523576434932
2025-08-27,10. Max Decorrelation,AAPL,0.055384603696249216
2025-08-27,10. Max Decorrelation,AMZN,0.15253795711944823
2025-08-27,10. Max Decorrelation,CASH,-9.377885102340418e-05
2025-08-27,10. Max Decorrelation,JNJ,0.2736131843625954
2025-08-27,10. Max Decorrelation,JPM,0.009124399018963615
2025-08-27,10. Max Decorrelation,META,0.0594934459433952
2025-08-27,10. Max Decorrelation,MSFT,0.14340958423634131
2025-08-27,10. Max Decorrelation,NVDA,0.10125031000472083
2025-08-27,10. Max Decorrelation,TSLA,0.14781494979833
2025-08-27,10. Max Decorrelation,V,0.05746534467097967
2025-08-27,11. Sharpe Maximization,AAPL,0.16211715166210913
2025-08-27,11. Sharpe Maximization,AMZN,3.90347933842056e-06
2025-08-27,11. Sharpe Maximization,CASH,-9.861850005094584e-05
2025-08-27,11. Sharpe Maximization,GOOGL,0.04700069103101276
2025-08-27,11. Sharpe Maximization,JNJ,0.2954391237256085
2025-08-27,11. Sharpe Maximization,JPM,0.030445894486762274
2025-08-27,11. Sharpe Maximization,META,2.111230019656305e-06
2025-08-27,11. Sharpe Maximization,MSFT,0.2993333067927024
2025-08-27,11. Sharpe Maximization,NVDA,0.16575127371896323
2025-08-27,11. Sharpe Maximization,V,5.162373534456446e-06
2025-08-27,12. CVaR Minimization,AAPL,0.035210108233071025
2025-08-27,12. CVaR Minimization,CASH,-3.660441264849971e-05
2025-08-27,12. CVaR Minimization,GOOGL,0.1381281628982364
2025-08-27,12. CVaR Minimization,JNJ,0.29620531812150386
2025-08-27,12. CVaR Minimization,JPM,0.17750097763625605
2025-08-27,12. CVaR Minimization,MSFT,0.300102758453024
2025-08-27,12. CVaR Minimization,TSLA,1.5803129215811e-06
2025-08-27,12. CVaR Minimization,V,0.052887334940286135
2025-08-27,2. Equal Weight,AAPL,0.10064927864322143
2025-08-27,2. Equal Weight,AMZN,0.09957884723451238
2025-08-27,2. Equal Weight,CASH,-2.7962827971940454e-05
2025-08-27,2. Equal Weight,GOOGL,0.100127956535762
2025-08-27,2. Equal Weight,JNJ,0.09807033559672351
2025-08-27,2. Equal Weight,JPM,0.10047777953856689
2025-08-27,2. Equal Weight,META,0.09848075446017103
2025-08-27,2. Equal Weight,MSFT,0.09936107649361454
2025-08-27,2. Equal Weight,NVDA,0.1014743490403096
2025-08-27,2. Equal Weight,TSLA,0.10226234952074119
2025-08-27,2. Equal Weight,V,0.09954523576434934
2025-08-27,3. Quintile Momentum,CASH,1.0
2025-08-27,4. Quintile Low Vol,CASH,1.0
2025-08-27,5. Mean Reversion,AAPL,0.13609362733038055
2025-08-27,5. Mean Reversion,AMZN,0.09102310553237758
2025-08-27,5. Mean Reversion,CASH,-0.000733079058785239
2025-08-27,5. Mean Reversion,GOOGL,0.0872471717237588
2025-08-27,5. Mean Reversion,JPM,0.06917937820318376
2025-08-27,5. Mean Reversion,META,0.14177112841059808
2025-08-27,5. Mean Reversion,MSFT,0.18115790154883
2025-08-27,5. Mean Reversion,NVDA,0.16112938097309198
2025-08-27,5. Mean Reversion,TSLA,0.10142210886639563
2025-08-27,5. Mean Reversion,V,0.031709276470168794
2025-08-27,6. GMVP,AAPL,0.11139690111976075
2025-08-27,6. GMVP,AMZN,0.04013576553623345
2025-08-27,6. GMVP,CASH,-0.00011324645507130673
2025-08-27,6. GMVP,GOOGL,0.007974492613979397
2025-08-27,6. GMVP,JNJ,0.30892888913139044
2025-08-27,6. GMVP,JPM,0.14078365116292846
2025-08-27,6. GMVP,MSFT,0.36399044430595656
2025-08-27,6. GMVP,NVDA,0.0030548640820698704
2025-08-27,6. GMVP,V,0.023848238502752393
2025-08-27,7. Inverse Volatility,AAPL,0.07924171386573933
2025-08-27,7. Inverse Volatility,AMZN,0.06138112912538831
2025-08-27,7. Inverse Volatility,CASH,-5.116932489213597e-05
2025-08-27,7. Inverse Volatility,GOOGL,0.10661181514852834
2025-08-27,7. Inverse Volatility,JNJ,0.15951560364437234
2025-08-27,7. Inverse Volatility,JPM,0.14049113859898132
2025-08-27,7. Inverse Volatility,META,0.048205954539489934
2025-08-27,7. Inverse Volatility,MSFT,0.11179522235525238
2025-08-27,7. Inverse Volatility,NVDA,0.097649781543753
2025-08-27,7. Inverse Volatility,TSLA,0.06367142727765866
2025-08-27,7. Inverse Volatility,V,0.13148738322572848
2025-08-27,8. Risk Parity,AAPL,0.10064930176797215
2025-08-27,8. Risk Parity,AMZN,0.09957887011332535
2025-08-27,8. Risk Parity,CASH,-2.819259014876728e-05
2025-08-27,8. Risk Parity,GOOGL,0.10012797954073598
2025-08-27,8. Risk Parity,JNJ,0.09807035812894724
2025-08-27,8. Risk Parity,JPM,0.10047780262391472
2025-08-27,8. Risk Parity,META,0.09848077708669085
2025-08-27,8. Risk Parity,MSFT,0.09936109932239341
2025-08-27,8. Risk Parity,NVDA,0.10147437235462499
2025-08-27,8. Risk Parity,TSLA,0.10226237301610423
2025-08-27,8. Risk Parity,V,0.09954525863543988
2025-08-27,9. Max Diversification,AAPL,0.057661208594598466
2025-08-27,9. Max Diversification,AMZN,0.12754220136500005
2025-08-27,9. Max Diversification,CASH,-0.00011023854710458123
2025-08-27,9. Max Diversification,JNJ,0.3364360039495246
2025-08-27,9. Max Diversification,JPM,0.012531882329177766
2025-08-27,9. Max Diversification,META,0.039949293925187916
2025-08-27,9. Max Diversification,MSFT,0.2123981419597572
2025-08-27,9. Max Diversification,NVDA,0.09124235345293197
2025-08-27,9. Max Diversification,TSLA,0.060636395746729424
2025-08-27,9. Max Diversification,V,0.06171270079839697
2025-08-28,1. Buy & Hold,AAPL,0.10125854277658577
2025-08-28,1. Buy & Hold,AMZN,0.10036463845022181
2025-08-28,1. Buy & Hold,CASH,-2.7881694642288463e-05
2025-08-28,1. Buy & Hold,GOOGL,0.10183919133780685
2025-08-28,1. Buy & Hold,JNJ,0.0970446088335375
2025-08-28,1. Buy & Hold,JPM,0.10078546224683244
2025-08-28,1. Buy & Hold,META,0.0986850839403514
2025-08-28,1. Buy & Hold,MSFT,0.09963976249131176
2025-08-28,1. Buy & Hold,NVDA,0.10038318799001718
2025-08-28,1. Buy & Hold,TSLA,0.10090981561223776
2025-08-28,1. Buy & Hold,V,0.09911758801573985
2025-08-28,10. Max Decorrelation,AAPL,0.055946984652567894
2025-08-28,10. Max Decorrelation,AMZN,0.15436832130312278
2025-08-28,10. Max Decorrelation,CASH,-9.388789641539873e-05
2025-08-28,10. Max Decorrelation,JNJ,0.2718550459773971
2025-08-28,10. Max Decorrelation,JPM,0.009189645486896186
2025-08-28,10. Max Decorrelation,META,0.05985988773159787
2025-08-28,10. Max Decorrelation,MSFT,0.1443980066019868
2025-08-28,10. Max Decorrelation,NVDA,0.1005698256365026
2025-08-28,10. Max Decorrelation,TSLA,0.14645447010094076
2025-08-28,10. Max Decorrelation,V,0.05745170040540353
2025-08-28,11. Sharpe Maximization,AAPL,0.16345068093151574
2025-08-28,11. Sharpe Maximization,AMZN,3.9427775763936015e-06
2025-08-28,11. Sharpe Maximization,CASH,-9.854469084706083e-05
2025-08-28,11. Sharpe Maximization,GOOGL,0.047907178673287976
2025-08-28,11. Sharpe Maximization,JNJ,0.2929803691303304
2025-08-28,11. Sharpe Maximization,JPM,0.030605069066895477
2025-08-28,11. Sharpe Maximization,META,2.1201786810732934e-06
2025-08-28,11. Sharpe Maximization,MSFT,0.30082103556782075
2025-08-28,11. Sharpe Maximization,NVDA,0.1643229970695873
2025-08-28,11. Sharpe Maximization,V,5.151295151770093e-06
2025-08-28,12. CVaR Minimization,AAPL,0.035400805477234155
2025-08-28,12. CVaR Minimization,CASH,-3.647508354892195e-05
2025-08-28,12. CVaR Minimization,GOOGL,0.14039983649890359
2025-08-28,12. CVaR Minimization,JNJ,0.29292158885107267
2025-08-28,12. CVaR Minimization,JPM,0.17793172516114897
2025-08-28,12. CVaR Minimization,MSFT,0.30075382543830775
2025-08-28,12. CVaR Minimization,TSLA,1.5584235927558801e-06
2025-08-28,12. CVaR Minimization,V,0.05262676877730965
2025-08-28,2. Equal Weight,AAPL,0.10125854277658577
2025-08-28,2. Equal Weight,AMZN,0.10036463845022178
2025-08-28,2. Equal Weight,CASH,-2.7881694642398486e-05
2025-08-28,2. Equal Weight,GOOGL,0.10183919133780683
2025-08-28,2. Equal Weight,JNJ,0.09704460883353748
2025-08-28,2. Equal Weight,JPM,0.10078546224683246
2025-08-28,2. Equal Weight,META,0.0986850839403514
2025-08-28,2. Equal Weight,MSFT,0.09963976249131176
2025-08-28,2. Equal Weight,NVDA,0.10038318799001722
2025-08-28,2. Equal Weight,TSLA,0.1009098156122378
2025-08-28,2. Equal Weight,V,0.09911758801573987
2025-08-28,3. Quintile Momentum,CASH,1.0
2025-08-28,4. Quintile Low Vol,CASH,1.0
2025-08-28,5. Mean Reversion,AAPL,0.13680265176656042
2025-08-28,5. Mean Reversion,AMZN,0.09166446298945667
2025-08-28,5. Mean Reversion,CASH,-0.0007303391957674051
2025-08-28,5. Mean Reversion,GOOGL,0.0886638664981617
2025-08-28,5. Mean Reversion,JPM,0.06933303905392318
2025-08-28,5. Mean Reversion,META,0.1419461650176606
2025-08-28,5. Mean Reversion,MSFT,0.18151369460189126
2025-08-28,5. Mean Reversion,NVDA,0.1592631012769912
2025-08-28,5. Mean Reversion,TSLA,0.09999677696479466
2025-08-28,5. Mean Reversion,V,0.031546581026327535
2025-08-28,6. GMVP,AAPL,0.112159464616118
2025-08-28,6. GMVP,AMZN,0.04048433337498675
2025-08-28,6. GMVP,CASH,-0.00011300678077185454
2025-08-28,6. GMVP,GOOGL,0.008117166619507411
2025-08-28,6. GMVP,JNJ,0.30593846725561
2025-08-28,6. GMVP,JPM,0.14132594518479133
2025-08-28,6. GMVP,MSFT,0.3652987528037789
2025-08-28,6. GMVP,NVDA,0.0030243943193939853
2025-08-28,6. GMVP,V,0.023764482606585462
2025-08-28,7. Inverse Volatility,AAPL,0.07976090354691563
2025-08-28,7. Inverse Volatility,AMZN,0.061896159331296656
2025-08-28,7. Inverse Volatility,CASH,-5.104614635565866e-05
2025-08-28,7. Inverse Volatility,GOOGL,0.10848760591406237
2025-08-28,7. Inverse Volatility,JNJ,0.15792544984589835
2025-08-28,7. Inverse Volatility,JPM,0.14099119575039692
2025-08-28,7. Inverse Volatility,META,0.048329915214671615
2025-08-28,7. Inverse Volatility,MSFT,0.11216434853390042
2025-08-28,7. Inverse Volatility,NVDA,0.09664762464350847
2025-08-28,7. Inverse Volatility,TSLA,0.06286044191752818
2025-08-28,7. Inverse Volatility,V,0.13098740144817697
2025-08-28,8. Risk Parity,AAPL,0.1012585659738165
2025-08-28,8. Risk Parity,AMZN,0.10036466144266873
2025-08-28,8. Risk Parity,CASH,-2.81107901522331e-05
2025-08-28,8. Risk Parity,GOOGL,0.1018392146680578
2025-08-28,8. Risk Parity,JNJ,0.09704463106540176
2025-08-28,8. Risk Parity,JPM,0.10078548533568556
2025-08-28,8. Risk Parity,META,0.09868510654803067
2025-08-28,8. Risk Parity,MSFT,0.0996397853176975
2025-08-28,8. Risk Parity,NVDA,0.10038321098671366
2025-08-28,8. Risk Parity,TSLA,0.1009098387295789
2025-08-28,8. Risk Parity,V,0.09911761072250112
2025-08-28,9. Max Diversification,AAPL,0.05821366411273709
2025-08-28,9. Max Diversification,AMZN,0.1289994108379546
2025-08-28,9. Max Diversification,CASH,-0.00011030412263659473
2025-08-28,9. Max Diversification,JNJ,0.3340845612832429
2025-08-28,9. Max Diversification,JPM,0.0126143349734198
2025-08-28,9. Max Diversification,META,0.040172554058348846
2025-08-28,9. Max Diversification,MSFT,0.21374073426561213
2025-08-28,9. Max Diversification,NVDA,0.09057771839585728
2025-08-28,9. Max Diversification,TSLA,0.06004422074369867
2025-08-28,9. Max Diversification,V,0.061663047860382715
2025-08-29,1. Buy & Hold,AAPL,0.10000186915490636
2025-08-29,1. Buy & Hold,AMZN,0.10000186915490636
2025-08-29,1. Buy & Hold,CASH,-1.8691549063426748e-05
2025-08-29,1. Buy & Hold,GOOGL,0.10000186915490636
2025-08-29,1. Buy & Hold,JNJ,0.10000186915490636
2025-08-29,1. Buy & Hold,JPM,0.10000186915490632
2025-08-29,1. Buy & Hold,META,0.10000186915490636
2025-08-29,1. Buy & Hold,MSFT,0.10000186915490636
2025-08-29,1. Buy & Hold,NVDA,0.1000018691549063
2025-08-29,1. Buy & Hold,TSLA,0.1000018691549063
2025-08-29,1. Buy & Hold,V,0.10000186915490632
2025-08-29,10. Max Decorrelation,AAPL,0.06354841264681377
2025-08-29,10. Max Decorrelation,AMZN,0.14292249276748217
2025-08-29,10. Max Decorrelation,CASH,-5.620156655692296e-05
2025-08-29,10. Max Decorrelation,JNJ,0.28355595430064157
2025-08-29,10. Max Decorrelation,JPM,0.011463269637563842
2025-08-29,10. Max Decorrelation,META,0.059659662557177445
2025-08-29,10. Max Decorrelation,MSFT,0.14819847091686805
2025-08-29,10. Max Decorrelation,NVDA,0.10290412549981352
2025-08-29,10. Max Decorrelation,TSLA,0.1368394963165812
2025-08-29,10. Max Decorrelation,V,0.0509643169236154
2025-08-29,11. Sharpe Maximization,AAPL,0.16293370634687043
2025-08-29,11. Sharpe Maximization,AMZN,1.3028934642379786e-06
2025-08-29,11. Sharpe Maximization,CASH,-6.0587975289854195e-05
2025-08-29,11. Sharpe Maximization,GOOGL,0.069048887703886
2025-08-29,11. Sharpe Maximization,JNJ,0.30001873882446445
2025-08-29,11. Sharpe Maximization,JPM,0.03436575474616586
2025-08-29,11. Sharpe Maximization,MSFT,0.3000181191695542
2025-08-29,11. Sharpe Maximization,NVDA,0.1336726547136295
2025-08-29,11. Sharpe Maximization,V,1.02743011612011e-06
2025-08-29,12. CVaR Minimization,AAPL,0.0392171546126881
2025-08-29,12. CVaR Minimization,AMZN,1.4654992869275622e-06
2025-08-29,12. CVaR Minimization,CASH,-4.000796536314773e-05
2025-08-29,12. CVaR Minimization,GOOGL,0.12798491937523712
2025-08-29,12. CVaR Minimization,JNJ,0.30000944895944626
2025-08-29,12. CVaR Minimization,JPM,0.18603995956838923
2025-08-29,12. CVaR Minimization,MSFT,0.30000948745230593
2025-08-29,12. CVaR Minimization,V,0.04677609531713928
2025-08-29,2. Equal Weight,AAPL,0.10000186915490634
2025-08-29,2. Equal Weight,AMZN,0.10000186915490634
2025-08-29,2. Equal Weight,CASH,-1.869154906353786e-05
2025-08-29,2. Equal Weight,GOOGL,0.10000186915490634
2025-08-29,2. Equal Weight,JNJ,0.10000186915490634
2025-08-29,2. Equal Weight,JPM,0.10000186915490634
2025-08-29,2. Equal Weight,META,0.10000186915490634
2025-08-29,2. Equal Weight,MSFT,0.10000186915490634
2025-08-29,2. Equal Weight,NVDA,0.10000186915490634
2025-08-29,2. Equal Weight,TSLA,0.10000186915490636
2025-08-29,2. Equal Weight,V,0.10000186915490634
2025-08-29,3. Quintile Momentum,CASH,-0.0011012113324657122
2025-08-29,3. Quintile Momentum,TSLA,0.5005506056662328
2025-08-29,3. Quintile Momentum,V,0.5005506056662329
2025-08-29,4. Quintile Low Vol,CASH,-0.0011012113324657122
2025-08-29,4. Quintile Low Vol,JPM,0.5005506056662329
2025-08-29,4. Quintile Low Vol,MSFT,0.5005506056662329
2025-08-29,5. Mean Reversion,AAPL,0.09979877796003131
2025-08-29,5. Mean Reversion,AMZN,0.11589079403397985
2025-08-29,5. Mean Reversion,CASH,-0.00039829525624408553
2025-08-29,5. Mean Reversion,GOOGL,0.04372019712297984
2025-08-29,5. Mean Reversion,JNJ,0.09628802751757402
2025-08-29,5. Mean Reversion,META,0.18804467539318123
2025-08-29,5. Mean Reversion,MSFT,0.1705175529643496
2025-08-29,5. Mean Reversion,NVDA,0.1407451377678211
2025-08-29,5. Mean Reversion,TSLA,0.09767832464337318
2025-08-29,5. Mean Reversion,V,0.04771480785295385
2025-08-29,6. GMVP,AAPL,0.11286145118770263
2025-08-29,6. GMVP,AMZN,0.032657550635758065
2025-08-29,6. GMVP,CASH,-4.276680157543102e-05
2025-08-29,6. GMVP,GOOGL,0.0018163725729999352
2025-08-29,6. GMVP,JNJ,0.31472329407467065
2025-08-29,6. GMVP,JPM,0.14063974759490716
2025-08-29,6. GMVP,MSFT,0.35804894370580986
2025-08-29,6. GMVP,NVDA,0.014664666068173382
2025-08-29,6. GMVP,V,0.024630740961553706
2025-08-29,7. Inverse Volatility,AAPL,0.0728679392384534
2025-08-29,7. Inverse Volatility,AMZN,0.055201593179726074
2025-08-29,7. Inverse Volatility,CASH,-0.00012011054850460027
2025-08-29,7. Inverse Volatility,GOOGL,0.10209086148894686
2025-08-29,7. Inverse Volatility,JNJ,0.16544552127111786
2025-08-29,7. Inverse Volatility,JPM,0.12638646723547312
2025-08-29,7. Inverse Volatility,META,0.07790131850990621
2025-08-29,7. Inverse Volatility,MSFT,0.13209108976785688
2025-08-29,7. Inverse Volatility,NVDA,0.08165496954326967
2025-08-29,7. Inverse Volatility,TSLA,0.05879160842438078
2025-08-29,7. Inverse Volatility,V,0.12768874188937365
2025-08-29,8. Risk Parity,AAPL,0.10000186914525426
2025-08-29,8. Risk Parity,AMZN,0.10000186914525426
2025-08-29,8. Risk Parity,CASH,-1.8691452542666377e-05
2025-08-29,8. Risk Parity,GOOGL,0.10000186914525426
2025-08-29,8. Risk Parity,JNJ,0.10000186914525426
2025-08-29,8. Risk Parity,JPM,0.10000186914525426
2025-08-29,8. Risk Parity,META,0.10000186914525426
2025-08-29,8. Risk Parity,MSFT,0.10000186914525426
2025-08-29,8. Risk Parity,NVDA,0.10000186914525426
2025-08-29,8. Risk Parity,TSLA,0.10000186914525426
2025-08-29,8. Risk Parity,V,0.10000186914525426
2025-08-29,9. Max Diversification,AAPL,0.06586524189586045
2025-08-29,9. Max Diversification,AMZN,0.11697568872946043
2025-08-29,9. Max Diversification,CASH,-5.337024307070296e-05
2025-08-29,9. Max Diversification,JNJ,0.3440025395167696
2025-08-29,9. Max Diversification,JPM,0.015394392253673828
2025-08-29,9. Max Diversification,META,0.03993531500119364
2025-08-29,9. Max Diversification,MSFT,0.21716365660245796
2025-08-29,9. Max Diversification,NVDA,0.09202840049244812
2025-08-29,9. Max Diversification,TSLA,0.054739522970501615
2025-08-29,9. Max Diversification,V,0.05394858323571962
2025-09-02,1. Buy & Hold,AAPL,0.09976011409724296
2025-09-02,1. Buy & Hold,AMZN,0.099199827582992
2025-09-02,1. Buy & Hold,CASH,-1.8842793434768943e-05
2025-09-02,1. Buy & Hold,GOOGL,0.10007239687915545
2025-09-02,1. Buy & Hold,JNJ,0.10131745998326604
2025-09-02,1. Buy & Hold,JPM,0.1002357829694659
2025-09-02,1. Buy & Hold,META,0.1003211129053324
2025-09-02,1. Buy & Hold,MSFT,0.10049867618251981
2025-09-02,1. Buy & Hold,NVDA,0.0988432081145267
2025-09-02,1. Buy & Hold,TSLA,0.09944926243589577
2025-09-02,1. Buy & Hold,V,0.10032100164303757
2025-09-02,10. Max Decorrelation,AAPL,0.06329365936050528
2025-09-02,10. Max Decorrelation,AMZN,0.14155006101069675
2025-09-02,10. Max Decorrelation,CASH,-5.656595089418911e-05
2025-09-02,10. Max Decorrelation,JNJ,0.2868280538138416
2025-09-02,10. Max Decorrelation,JPM,0.011471754816717073
2025-09-02,10. Max Decorrelation,META,0.059754648384166206
2025-09-02,10. Max Decorrelation,MSFT,0.14869714326290573
2025-09-02,10. Max Decorrelation,NVDA,0.10154959138791625
2025-09-02,10. Max Decorrelation,TSLA,0.13586625188048357
2025-09-02,10. Max Decorrelation,V,0.0510454020336617
2025-09-02,11. Sharpe Maximization,AAPL,0.16195300282473452
2025-09-02,11. Sharpe Maximization,AMZN,1.2877778583664202e-06
2025-09-02,11. Sharpe Maximization,CASH,-6.0857720341210865e-05
2025-09-02,11. Sharpe Maximization,GOOGL,0.06884812539948632
2025-09-02,11. Sharpe Maximization,JNJ,0.302868289990252
2025-09-02,11. Sharpe Maximization,JPM,0.03432178009425185
2025-09-02,11. Sharpe Maximization,MSFT,0.3004200790341099
2025-09-02,11. Sharpe Maximization,NVDA,0.13164686963482156
2025-09-02,11. Sharpe Maximization,V,1.0269877946093342e-06
2025-09-02,12. CVaR Minimization,AAPL,0.038888362893808995
2025-09-02,12. CVaR Minimization,AMZN,1.445050990448917e-06
2025-09-02,12. CVaR Minimization,CASH,-4.0090476528034396e-05
2025-09-02,12. CVaR Minimization,GOOGL,0.12730918687412612
2025-09-02,12. CVaR Minimization,JNJ,0.3021383617352891
2025-09-02,12. CVaR Minimization,JPM,0.18535984891448973
2025-09-02,12. CVaR Minimization,MSFT,0.2996967085367096
2025-09-02,12. CVaR Minimization,V,0.04664471766558942
2025-09-02,2. Equal Weight,AAPL,0.09976011409724293
2025-09-02,2. Equal Weight,AMZN,0.09919982758299198
2025-09-02,2. Equal Weight,CASH,-1.8842793434880955e-05
2025-09-02,2. Equal Weight,GOOGL,0.10007239687915546
2025-09-02,2. Equal Weight,JNJ,0.10131745998326605
2025-09-02,2. Equal Weight,JPM,0.10023578296946593
2025-09-02,2. Equal Weight,META,0.1003211129053324
2025-09-02,2. Equal Weight,MSFT,0.10049867618251981
2025-09-02,2. Equal Weight,NVDA,0.09884320811452674
2025-09-02,2. Equal Weight,TSLA,0.09944926243589582
2025-09-02,2. Equal Weight,V,0.1003210016430376
2025-09-02,3. Quintile Momentum,CASH,-0.0011114306442670137
2025-09-02,3. Quintile Momentum,TSLA,0.49837143607308176
2025-09-02,3. Quintile Momentum,V,0.5027399945711853
2025-09-02,4. Quintile Low Vol,CASH,-0.0011060861644130175
2025-09-02,4. Quintile Low Vol,JPM,0.49989749047626286
2025-09-02,4. Quintile Low Vol,MSFT,0.5012085956881501
2025-09-02,5. Mean Reversion,AAPL,0.0996020541932315
2025-09-02,5. Mean Reversion,AMZN,0.11501275077504337
2025-09-02,5. Mean Reversion,CASH,-0.00040169773086072276
2025-09-02,5. Mean Reversion,GOOGL,0.04377060486453634
2025-09-02,5. Mean Reversion,JNJ,0.09759840461855859
2025-09-02,5. Mean Reversion,META,0.18872938156351865
2025-09-02,5. Mean Reversion,MSFT,0.17144134592284296
2025-09-02,5. Mean Reversion,NVDA,0.1391766465615032
2025-09-02,5. Mean Reversion,TSLA,0.09718201586495681
2025-09-02,5. Mean Reversion,V,0.0478884933666693
2025-09-02,6. GMVP,AAPL,0.11195906173388918
2025-09-02,6. GMVP,AMZN,0.03221448620407914
2025-09-02,6. GMVP,CASH,-4.287178481380564e-05
2025-09-02,6. GMVP,GOOGL,0.001807490070826987
2025-09-02,6. GMVP,JNJ,0.31708074110032886
2025-09-02,6. GMVP,JPM,0.14018048179030115
2025-09-02,6. GMVP,MSFT,0.35781572341542167
2025-09-02,6. GMVP,NVDA,0.014413707134215524
2025-09-02,6. GMVP,V,0.02457118033575132
2025-09-02,7. Inverse Volatility,AAPL,0.0725491669297422
2025-09-02,7. Inverse Volatility,AMZN,0.05465143056829443
2025-09-02,7. Inverse Volatility,CASH,-0.00012084488287038804
2025-09-02,7. Inverse Volatility,GOOGL,0.10196242965036094
2025-09-02,7. Inverse Volatility,JNJ,0.16729320972365808
2025-09-02,7. Inverse Volatility,JPM,0.12643356008767143
2025-09-02,7. Inverse Volatility,META,0.07799668680616607
2025-09-02,7. Inverse Volatility,MSFT,0.1324868789662518
2025-09-02,7. Inverse Volatility,NVDA,0.08055054051814665
2025-09-02,7. Inverse Volatility,TSLA,0.05835202251126196
2025-09-02,7. Inverse Volatility,V,0.12784491912131687
2025-09-02,8. Risk Parity,AAPL,0.0997601140875363
2025-09-02,8. Risk Parity,AMZN,0.09919982757333984
2025-09-02,8. Risk Parity,CASH,-1.8842696132987335e-05
2025-09-02,8. Risk Parity,GOOGL,0.10007239686941842
2025-09-02,8. Risk Parity,JNJ,0.10131745997340787
2025-09-02,8. Risk Parity,JPM,0.10023578295971299
2025-09-02,8. Risk Parity,META,0.10032111289557115
2025-09-02,8. Risk Parity,MSFT,0.10049867617274129
2025-09-02,8. Risk Parity,NVDA,0.0988432081049093
2025-09-02,8. Risk Parity,TSLA,0.0994492624262194
2025-09-02,8. Risk Parity,V,0.10032100163327637
2025-09-02,9. Max Diversification,AAPL,0.06547857225186948
2025-09-02,9. Max Diversification,AMZN,0.11563585104972902
2025-09-02,9. Max Diversification,CASH,-5.361585836705963e-05
2025-09-02,9. Max Diversification,JNJ,0.34732169756451103
2025-09-02,9. Max Diversification,JPM,0.015376989161138905
2025-09-02,9. Max Diversification,META,0.03992412701042677
2025-09-02,9. Max Diversification,MSFT,0.21748707855978586
2025-09-02,9. Max Diversification,NVDA,0.09064725960344716
2025-09-02,9. Max Diversification,TSLA,0.054248601621056325
2025-09-02,9. Max Diversification,V,0.05393340957292137
2025-09-03,1. Buy & Hold,AAPL,0.1020288351294943
2025-09-03,1. Buy & Hold,AMZN,0.09801507950365664
2025-09-03,1. Buy & Hold,CASH,-1.8564204086276643e-05
2025-09-03,1. Buy & Hold,GOOGL,0.10760077130467197
2025-09-03,1. Buy & Hold,JNJ,0.09978585292870767
2025-09-03,1. Buy & Hold,JPM,0.09869119743006109
2025-09-03,1. Buy & Hold,META,0.09909871160837208
2025-09-03,1. Buy & Hold,MSFT,0.09905789469874704
2025-09-03,1. Buy & Hold,NVDA,0.09729058350794759
2025-09-03,1. Buy & Hold,TSLA,0.09938600554561089
2025-09-03,1. Buy & Hold,V,0.09906363254681708
2025-09-03,10. Max Decorrelation,AAPL,0.06538325484767143
2025-09-03,10. Max Decorrelation,AMZN,0.14126428640905328
2025-09-03,10. Max Decorrelation,CASH,-5.6289381809271004e-05
2025-09-03,10. Max Decorrelation,JNJ,0.2853294809440586
2025-09-03,10. Max Decorrelation,JPM,0.011408428567552854
2025-09-03,10. Max Decorrelation,META,0.05961941385835089
2025-09-03,10. Max Decorrelation,MSFT,0.1480374915347416
2025-09-03,10. Max Decorrelation,NVDA,0.10095840845472673
2025-09-03,10. Max Decorrelation,TSLA,0.1371436185562576
2025-09-03,10. Max Decorrelation,V,0.05091190620939627
2025-09-03,11. Sharpe Maximization,AAPL,0.16607100313412865
2025-09-03,11. Sharpe Maximization,AMZN,1.2757387462153914e-06
2025-09-03,11. Sharpe Maximization,CASH,-6.01153721831291e-05
2025-09-03,11. Sharpe Maximization,GOOGL,0.07422189106752179
2025-09-03,11. Sharpe Maximization,JNJ,0.2990730631499568
2025-09-03,11. Sharpe Maximization,JPM,0.033881626344951996
2025-09-03,11. Sharpe Maximization,MSFT,0.2968906507185329
2025-09-03,11. Sharpe Maximization,NVDA,0.12991919626041265
2025-09-03,11. Sharpe Maximization,V,1.0167788047490024e-06
2025-09-03,12. CVaR Minimization,AAPL,0.03984617149620122
2025-09-03,12. CVaR Minimization,AMZN,1.4304283176372623e-06
2025-09-03,12. CVaR Minimization,CASH,-3.957065265992178e-05
2025-09-03,12. CVaR Minimization,GOOGL,0.13713925149657477
2025-09-03,12. CVaR Minimization,JNJ,0.2981202647478595
2025-09-03,12. CVaR Minimization,JPM,0.18284043502308664
2025-09-03,12. CVaR Minimization,MSFT,0.29594545434276565
2025-09-03,12. CVaR Minimization,V,0.046145122786320186
2025-09-03,2. Equal Weight,AAPL,0.10202883512949427
2025-09-03,2. Equal Weight,AMZN,0.09801507950365662
2025-09-03,2. Equal Weight,CASH,-1.8564204086386998e-05
2025-09-03,2. Equal Weight,GOOGL,0.10760077130467197
2025-09-03,2. Equal Weight,JNJ,0.09978585292870769
2025-09-03,2. Equal Weight,JPM,0.0986911974300611
2025-09-03,2. Equal Weight,META,0.09909871160837205
2025-09-03,2. Equal Weight,MSFT,0.09905789469874703
2025-09-03,2. Equal Weight,NVDA,0.09729058350794763
2025-09-03,2. Equal Weight,TSLA,0.09938600554561093
2025-09-03,2. Equal Weight,V,0.0990636325468171
2025-09-03,3. Quintile Momentum,CASH,-0.0011022750432994623
2025-09-03,3. Quintile Momentum,TSLA,0.5013642615605929
2025-09-03,3. Quintile Momentum,V,0.49973801348270663
2025-09-03,4. Quintile Low Vol,CASH,-0.0011061842825950462
2025-09-03,4. Quintile Low Vol,JPM,0.4996248883768982
2025-09-03,4. Quintile Low Vol,MSFT,0.5014812959056969
2025-09-03,5. Mean Reversion,AAPL,0.10236783928477561
2025-09-03,5. Mean Reversion,AMZN,0.11419766392529841
2025-09-03,5. Mean Reversion,CASH,-0.00039770374039432903
2025-09-03,5. Mean Reversion,GOOGL,0.047294744187270955
2025-09-03,5. Mean Reversion,JNJ,0.0965954453031908
2025-09-03,5. Mean Reversion,META,0.18734600377592392
2025-09-03,5. Mean Reversion,MSFT,0.16981403054017735
2025-09-03,5. Mean Reversion,NVDA,0.1376637493075234
2025-09-03,5. Mean Reversion,TSLA,0.09759752918808366
2025-09-03,5. Mean Reversion,V,0.047520698228150096
2025-09-03,6. GMVP,AAPL,0.11569916726431796
2025-09-03,6. GMVP,AMZN,0.032161639534814906
2025-09-03,6. GMVP,CASH,-4.267834826384921e-05
2025-09-03,6. GMVP,GOOGL,0.0019637309933845356
2025-09-03,6. GMVP,JNJ,0.3155437167212676
2025-09-03,6. GMVP,JPM,0.13945952167737974
2025-09-03,6. GMVP,MSFT,0.35636345848214285
2025-09-03,6. GMVP,NVDA,0.014335229850915827
2025-09-03,6. GMVP,V,0.024516213824040536
2025-09-03,7. Inverse Volatility,AAPL,0.07431515767107023
2025-09-03,7. Inverse Volatility,AMZN,0.05408321448467461
2025-09-03,7. Inverse Volatility,CASH,-0.00011924448291992092
2025-09-03,7. Inverse Volatility,GOOGL,0.10980452581004067
2025-09-03,7. Inverse Volatility,JNJ,0.16502204950416374
2025-09-03,7. Inverse Volatility,JPM,0.12468005369892735
2025-09-03,7. Inverse Volatility,META,0.07716685565893293
2025-09-03,7. Inverse Volatility,MSFT,0.13079182643024875
2025-09-03,7. Inverse Volatility,NVDA,0.07940930901521222
2025-09-03,7. Inverse Volatility,TSLA,0.05840614813551699
2025-09-03,7. Inverse Volatility,V,0.1264401040741324
2025-09-03,8. Risk Parity,AAPL,0.10202883511971365
2025-09-03,8. Risk Parity,AMZN,0.09801507949426075
2025-09-03,8. Risk Parity,CASH,-1.8564108223121593e-05
2025-09-03,8. Risk Parity,GOOGL,0.10760077129435718
2025-09-03,8. Risk Parity,JNJ,0.09978585291914205
2025-09-03,8. Risk Parity,JPM,0.09869119742060041
2025-09-03,8. Risk Parity,META,0.09909871159887232
2025-09-03,8. Risk Parity,MSFT,0.09905789468925119
2025-09-03,8. Risk Parity,NVDA,0.09729058349862119
2025-09-03,8. Risk Parity,TSLA,0.09938600553608364
2025-09-03,8. Risk Parity,V,0.09906363253732069
2025-09-03,9. Max Diversification,AAPL,0.0677205422480523
2025-09-03,9. Max Diversification,AMZN,0.11553929544143828
2025-09-03,9. Max Diversification,CASH,-5.341700631753981e-05
2025-09-03,9. Max Diversification,JNJ,0.34591693957018715
2025-09-03,9. Max Diversification,JPM,0.015310246185289497
2025-09-03,9. Max Diversification,META,0.03988102668002519
2025-09-03,9. Max Diversification,MSFT,0.21677911888290932
2025-09-03,9. Max Diversification,NVDA,0.0902264539834239
2025-09-03,9. Max Diversification,TSLA,0.054823587603688016
2025-09-03,9. Max Diversification,V,0.053856174375149835
2025-09-04,1. Buy & Hold,AAPL,0.10143344026249161
2025-09-04,1. Buy & Hold,AMZN,0.10106608130405932
2025-09-04,1. Buy & Hold,CASH,-1.8355040926865625e-05
2025-09-04,1. Buy & Hold,GOOGL,0.10714485700150604
2025-09-04,1. Buy & Hold,JNJ,0.09908281588455956
2025-09-04,1. Buy & Hold,JPM,0.0989834242071129
2025-09-04,1. Buy & Hold,META,0.09952424911054683
2025-09-04,1. Buy & Hold,MSFT,0.09844958975624801
2025-09-04,1. Buy & Hold,NVDA,0.09678075408726232
2025-09-04,1. Buy & Hold,TSLA,0.09957216355426252
2025-09-04,1. Buy & Hold,V,0.09798097987287767
2025-09-04,10. Max Decorrelation,AAPL,0.06496544376760514
2025-09-04,10. Max Decorrelation,AMZN,0.14558028194684372
2025-09-04,10. Max Decorrelation,CASH,-5.562411930993341e-05
2025-09-04,10. Max Decorrelation,JNJ,0.28316114437878953
2025-09-04,10. Max Decorrelation,JPM,0.011435825729848767
2025-09-04,10. Max Decorrelation,META,0.0598420205853486
2025-09-04,10. Max Decorrelation,MSFT,0.14704632682850605
2025-09-04,10. Max Decorrelation,NVDA,0.10037333054244207
2025-09-04,10. Max Decorrelation,TSLA,0.137323845878764
2025-09-04,10. Max Decorrelation,V,0.05032740446116195
2025-09-04,11. Sharpe Maximization,AAPL,0.16606400595977686
2025-09-04,11. Sharpe Maximization,AMZN,1.3231154793176134e-06
2025-09-04,11. Sharpe Maximization,CASH,-5.978442234080651e-05
2025-09-04,11. Sharpe Maximization,GOOGL,0.07433809618365964
2025-09-04,11. Sharpe Maximization,JNJ,0.2986965040079596
2025-09-04,11. Sharpe Maximization,JPM,0.034179977929874886
2025-09-04,11. Sharpe Maximization,MSFT,0.29678695829110546
2025-09-04,11. Sharpe Maximization,NVDA,0.12999151124908148
2025-09-04,11. Sharpe Maximization,V,1.0115270195400037e-06
2025-09-04,12. CVaR Minimization,AAPL,0.03980046213849171
2025-09-04,12. CVaR Minimization,AMZN,1.4819103025091005e-06
2025-09-04,12. CVaR Minimization,CASH,-3.930931937674167e-05
2025-09-04,12. CVaR Minimization,GOOGL,0.13720217869028453
2025-09-04,12. CVaR Minimization,JNJ,0.29741587973471084
2025-09-04,12. CVaR Minimization,JPM,0.1842466452821557
2025-09-04,12. CVaR Minimization,MSFT,0.29551516922808835
2025-09-04,12. CVaR Minimization,V,0.04585604798614535
2025-09-04,2. Equal Weight,AAPL,0.10143344026249161
2025-09-04,2. Equal Weight,AMZN,0.10106608130405932
2025-09-04,2. Equal Weight,CASH,-1.835504092697474e-05
2025-09-04,2. Equal Weight,GOOGL,0.10714485700150606
2025-09-04,2. Equal Weight,JNJ,0.09908281588455957
2025-09-04,2. Equal Weight,JPM,0.09898342420711294
2025-09-04,2. Equal Weight,META,0.09952424911054683
2025-09-04,2. Equal Weight,MSFT,0.09844958975624803
2025-09-04,2. Equal Weight,NVDA,0.09678075408726236
2025-09-04,2. Equal Weight,TSLA,0.09957216355426259
2025-09-04,2. Equal Weight,V,0.09798097987287771
2025-09-04,3. Quintile Momentum,CASH,-0.0010947932690671157
2025-09-04,3. Quintile Momentum,TSLA,0.5045790350861803
2025-09-04,3. Quintile Momentum,V,0.4965157581828868
2025-09-04,4. Quintile Low Vol,CASH,-0.0010954601332215503
2025-09-04,4. Quintile Low Vol,JPM,0.5019011492200122
2025-09-04,4. Quintile Low Vol,MSFT,0.4991943109132093
2025-09-04,5. Mean Reversion,AAPL,0.10169067764936653
2025-09-04,5. Mean Reversion,AMZN,0.11766007690582
2025-09-04,5. Mean Reversion,CASH,-0.00039291451812280276
2025-09-04,5. Mean Reversion,GOOGL,0.0470574298550224
2025-09-04,5. Mean Reversion,JNJ,0.09583968845154214
2025-09-04,5. Mean Reversion,META,0.18800297114754608
2025-09-04,5. Mean Reversion,MSFT,0.16863890164203138
2025-09-04,5. Mean Reversion,NVDA,0.13683498998737073
2025-09-04,5. Mean Reversion,TSLA,0.09770367702366968
2025-09-04,5. Mean Reversion,V,0.046964501855753675
2025-09-04,6. GMVP,AAPL,0.11548867177016753
2025-09-04,6. GMVP,AMZN,0.03329673400303375
2025-09-04,6. GMVP,CASH,-4.236795989054609e-05
2025-09-04,6. GMVP,GOOGL,0.001963309942709312
2025-09-04,6. GMVP,JNJ,0.31458631747556975
2025-09-04,6. GMVP,JPM,0.14043752039590154
2025-09-04,6. GMVP,MSFT,0.355605859551922
2025-09-04,6. GMVP,NVDA,0.014317717217963728
2025-09-04,6. GMVP,V,0.024346237602623
2025-09-04,7. Inverse Volatility,AAPL,0.07404200694721935
2025-09-04,7. Inverse Volatility,AMZN,0.055887872567595365
2025-09-04,7. Inverse Volatility,CASH,-0.00011815711243684808
2025-09-04,7. Inverse Volatility,GOOGL,0.10957683121964819
2025-09-04,7. Inverse Volatility,JNJ,0.16421540455383488
2025-09-04,7. Inverse Volatility,JPM,0.12532092368942163
2025-09-04,7. Inverse Volatility,META,0.07766659346605423
2025-09-04,7. Inverse Volatility,MSFT,0.1302710678017904
2025-09-04,7. Inverse Volatility,NVDA,0.07916480783136247
2025-09-04,7. Inverse Volatility,TSLA,0.05864268203676524
2025-09-04,7. Inverse Volatility,V,0.12532996699874516
2025-09-04,8. Risk Parity,AAPL,0.10143344025287762
2025-09-04,8. Risk Parity,AMZN,0.10106608129448014
2025-09-04,8. Risk Parity,CASH,-1.8354946143821978e-05
2025-09-04,8. Risk Parity,GOOGL,0.1071448569913507
2025-09-04,8. Risk Parity,JNJ,0.09908281587516835
2025-09-04,8. Risk Parity,JPM,0.09898342419773114
2025-09-04,8. Risk Parity,META,0.0995242491011138
2025-09-04,8. Risk Parity,MSFT,0.09844958974691684
2025-09-04,8. Risk Parity,NVDA,0.09678075407808935
2025-09-04,8. Risk Parity,TSLA,0.09957216354482498
2025-09-04,8. Risk Parity,V,0.09798097986359094
2025-09-04,9. Max Diversification,AAPL,0.06741357118932863
2025-09-04,9. Max Diversification,AMZN,0.11929189164754923
2025-09-04,9. Max Diversification,CASH,-5.288435940744263e-05
2025-09-04,9. Max Diversification,JNJ,0.343929855140969
2025-09-04,9. Max Diversification,JPM,0.015375700452065356
2025-09-04,9. Max Diversification,META,0.04010475906624045
2025-09-04,9. Max Diversification,MSFT,0.21573019898194304
2025-09-04,9. Max Diversification,NVDA,0.08987124603485472
2025-09-04,9. Max Diversification,TSLA,0.05499824607461135
2025-09-04,9. Max Diversification,V,0.05333738382963283
2025-09-05,1. Buy & Hold,AAPL,0.10000359250933807
2025-09-05,1. Buy & Hold,AMZN,0.10000359250933807
2025-09-05,1. Buy & Hold,CASH,-3.5925093380644226e-05
2025-09-05,1. Buy & Hold,GOOGL,0.10000359250933807
2025-09-05,1. Buy & Hold,JNJ,0.10000359250933807
2025-09-05,1. Buy & Hold,JPM,0.10000359250933805
2025-09-05,1. Buy & Hold,META,0.10000359250933807
2025-09-05,1. Buy & Hold,MSFT,0.10000359250933807
2025-09-05,1. Buy & Hold,NVDA,0.10000359250933803
2025-09-05,1. Buy & Hold,TSLA,0.10000359250933803
2025-09-05,1. Buy & Hold,V,0.10000359250933805
2025-09-05,10. Max Decorrelation,AAPL,0.07488908408109936
2025-09-05,10. Max Decorrelation,AMZN,0.128827674855481
2025-09-05,10. Max Decorrelation,CASH,-0.0001796667077217606
2025-09-05,10. Max Decorrelation,GOOGL,0.03062958624946855
2025-09-05,10. Max Decorrelation,JNJ,0.27911723028208735
2025-09-05,10. Max Decorrelation,JPM,0.006890130618789423
2025-09-05,10. Max Decorrelation,META,0.02674136073812039
2025-09-05,10. Max Decorrelation,MSFT,0.17844401386722705
2025-09-05,10. Max Decorrelation,NVDA,0.08452464253651201
2025-09-05,10. Max Decorrelation,TSLA,0.13231877554138025
2025-09-05,10. Max Decorrelation,V,0.05779716793755625
2025-09-05,11. Sharpe Maximization,AAPL,0.21654874758593243
2025-09-05,11. Sharpe Maximization,AMZN,6.193120860600579e-06
2025-09-05,11. Sharpe Maximization,CASH,-0.0003855887996170103
2025-09-05,11. Sharpe Maximization,GOOGL,0.18033398507227344
2025-09-05,11. Sharpe Maximization,JNJ,0.25544305673497986
2025-09-05,11. Sharpe Maximization,JPM,0.04792014142594198
2025-09-05,11. Sharpe Maximization,META,2.5365665273243584e-06
2025-09-05,11. Sharpe Maximization,MSFT,0.3001236948642095
2025-09-05,11. Sharpe Maximization,V,7.233428891925035e-06
2025-09-05,12. CVaR Minimization,AAPL,0.04879413292359514
2025-09-05,12. CVaR Minimization,CASH,-6.771536150506099e-05
2025-09-05,12. CVaR Minimization,GOOGL,0.1456646378063417
2025-09-05,12. CVaR Minimization,JNJ,0.30001349189624404
2025-09-05,12. CVaR Minimization,JPM,0.1543652646186983
2025-09-05,12. CVaR Minimization,MSFT,0.30001575107578454
2025-09-05,12. CVaR Minimization,V,0.05121443704084136
2025-09-05,2. Equal Weight,AAPL,0.10000359250933806
2025-09-05,2. Equal Weight,AMZN,0.10000359250933806
2025-09-05,2. Equal Weight,CASH,-3.592509338064414e-05
2025-09-05,2. Equal Weight,GOOGL,0.10000359250933806
2025-09-05,2. Equal Weight,JNJ,0.10000359250933806
2025-09-05,2. Equal Weight,JPM,0.10000359250933806
2025-09-05,2. Equal Weight,META,0.10000359250933806
2025-09-05,2. Equal Weight,MSFT,0.10000359250933806
2025-09-05,2. Equal Weight,NVDA,0.10000359250933806
2025-09-05,2. Equal Weight,TSLA,0.10000359250933806
2025-09-05,2. Equal Weight,V,0.10000359250933805
2025-09-05,3. Quintile Momentum,CASH,-0.0011424468787277252
2025-09-05,3. Quintile Momentum,MSFT,0.5005712234393639
2025-09-05,3. Quintile Momentum,V,0.5005712234393639
2025-09-05,4. Quintile Low Vol,CASH,-2.9970459003604954e-05
2025-09-05,4. Quintile Low Vol,JPM,0.5000149852295017
2025-09-05,4. Quintile Low Vol,MSFT,0.5000149852295018
2025-09-05,5. Mean Reversion,AAPL,0.023858409583128244
2025-09-05,5. Mean Reversion,AMZN,0.0788833442178509
2025-09-05,5. Mean Reversion,CASH,-0.0006675134096116351
2025-09-05,5. Mean Reversion,JNJ,0.14020538568744878
2025-09-05,5. Mean Reversion,JPM,0.11511604938051632
2025-09-05,5. Mean Reversion,META,0.09597862456441078
2025-09-05,5. Mean Reversion,MSFT,0.1695936099348373
2025-09-05,5. Mean Reversion,NVDA,0.18713464115835268
2025-09-05,5. Mean Reversion,TSLA,0.05643768446816112
2025-09-05,5. Mean Reversion,V,0.1334597644149057
2025-09-05,6. GMVP,AAPL,0.10932569109390822
2025-09-05,6. GMVP,AMZN,0.019025289991521796
2025-09-05,6. GMVP,CASH,-7.82834894750377e-05
2025-09-05,6. GMVP,JNJ,0.3239958133836504
2025-09-05,6. GMVP,JPM,0.1497454971934585
2025-09-05,6. GMVP,MSFT,0.36593272197292376
2025-09-05,6. GMVP,NVDA,0.007965371014432277
2025-09-05,6. GMVP,V,0.024087898839580107
2025-09-05,7. Inverse Volatility,AAPL,0.07744748694567853
2025-09-05,7. Inverse Volatility,AMZN,0.07636747919502969
2025-09-05,7. Inverse Volatility,CASH,-0.0001780143194941073
2025-09-05,7. Inverse Volatility,GOOGL,0.055792370933471634
2025-09-05,7. Inverse Volatility,JNJ,0.19815621019410148
2025-09-05,7. Inverse Volatility,JPM,0.10903638384362668
2025-09-05,7. Inverse Volatility,META,0.09034283603440271
2025-09-05,7. Inverse Volatility,MSFT,0.13477857029502857
2025-09-05,7. Inverse Volatility,NVDA,0.08364745297726787
2025-09-05,7. Inverse Volatility,TSLA,0.05492380634579797
2025-09-05,7. Inverse Volatility,V,0.11968541755508906
2025-09-05,8. Risk Parity,AAPL,0.1000035925093398
2025-09-05,8. Risk Parity,AMZN,0.1000035925093398
2025-09-05,8. Risk Parity,CASH,-3.5925093398092394e-05
2025-09-05,8. Risk Parity,GOOGL,0.1000035925093398
2025-09-05,8. Risk Parity,JNJ,0.1000035925093398
2025-09-05,8. Risk Parity,JPM,0.10000359250933981
2025-09-05,8. Risk Parity,META,0.1000035925093398
2025-09-05,8. Risk Parity,MSFT,0.1000035925093398
2025-09-05,8. Risk Parity,NVDA,0.1000035925093398
2025-09-05,8. Risk Parity,TSLA,0.1000035925093398
2025-09-05,8. Risk Parity,V,0.1000035925093398
2025-09-05,9. Max Diversification,AAPL,0.07234260469966552
2025-09-05,9. Max Diversification,AMZN,0.09872499893085522
2025-09-05,9. Max Diversification,CASH,-0.00017293955766817885
2025-09-05,9. Max Diversification,GOOGL,0.02400726111845418
2025-09-05,9. Max Diversification,JNJ,0.3368014317291347
2025-09-05,9. Max Diversification,JPM,0.009074705001405484
2025-09-05,9. Max Diversification,META,0.018212701034836073
2025-09-05,9. Max Diversification,MSFT,0.25651585789221143
2025-09-05,9. Max Diversification,NVDA,0.07189240730048926
2025-09-05,9. Max Diversification,TSLA,0.052185313725846616
2025-09-05,9. Max Diversification,V,0.0604156581247698
2025-09-08,1. Buy & Hold,AAPL,0.09929360848145108
2025-09-08,1. Buy & Hold,AMZN,0.10156064567256137
2025-09-08,1. Buy & Hold,CASH,-3.5941449117165726e-05
2025-09-08,1. Buy & Hold,GOOGL,0.09964041017211833
2025-09-08,1. Buy & Hold,JNJ,0.09988090572591903
2025-09-08,1. Buy & Hold,JPM,0.09954952161081403
2025-09-08,1. Buy & Hold,META,0.10002917680517377
2025-09-08,1. Buy & Hold,MSFT,0.1006959036763214
2025-09-08,1. Buy & Hold,NVDA,0.100821863464093
2025-09-08,1. Buy & Hold,TSLA,0.09878296568119219
2025-09-08,1. Buy & Hold,V,0.09978094015947288
2025-09-08,10. Max Decorrelation,AAPL,0.07426982454483948
2025-09-08,10. Max Decorrelation,AMZN,0.13067942254764103
2025-09-08,10. Max Decorrelation,CASH,-0.00017953679750558322
2025-09-08,10. Max Decorrelation,GOOGL,0.03048240450649165
2025-09-08,10. Max Decorrelation,JNJ,0.2784464618474929
2025-09-08,10. Max Decorrelation,JPM,0.0068507673206497
2025-09-08,10. Max Decorrelation,META,0.026716698065854125
2025-09-08,10. Max Decorrelation,MSFT,0.17946773108988792
2025-09-08,10. Max Decorrelation,NVDA,0.08511589063503651
2025-09-08,10. Max Decorrelation,TSLA,0.13054977233746926
2025-09-08,10. Max Decorrelation,V,0.0576005639021429
2025-09-08,11. Sharpe Maximization,AAPL,0.21515025747546843
2025-09-08,11. Sharpe Maximization,AMZN,6.293611179924133e-06
2025-09-08,11. Sharpe Maximization,CASH,-0.0003860135855021213
2025-09-08,11. Sharpe Maximization,GOOGL,0.17979515585015085
2025-09-08,11. Sharpe Maximization,JNJ,0.255294509261968
2025-09-08,11. Sharpe Maximization,JPM,0.047733377860788614
2025-09-08,11. Sharpe Maximization,META,2.538854730348323e-06
2025-09-08,11. Sharpe Maximization,MSFT,0.30239665868412074
2025-09-08,11. Sharpe Maximization,V,7.22198709524835e-06
2025-09-08,12. CVaR Minimization,AAPL,0.04844681770585093
2025-09-08,12. CVaR Minimization,CASH,-6.774493603759277e-05
2025-09-08,12. CVaR Minimization,GOOGL,0.1451329410799276
2025-09-08,12. CVaR Minimization,JNJ,0.2996398796431438
2025-09-08,12. CVaR Minimization,JPM,0.1536615166319421
2025-09-08,12. CVaR Minimization,MSFT,0.30208712511833535
2025-09-08,12. CVaR Minimization,V,0.051099464756837805
2025-09-08,2. Equal Weight,AAPL,0.09929360848145108
2025-09-08,2. Equal Weight,AMZN,0.10156064567256139
2025-09-08,2. Equal Weight,CASH,-3.594144911716565e-05
2025-09-08,2. Equal Weight,GOOGL,0.09964041017211835
2025-09-08,2. Equal Weight,JNJ,0.09988090572591904
2025-09-08,2. Equal Weight,JPM,0.09954952161081407
2025-09-08,2. Equal Weight,META,0.1000291768051738
2025-09-08,2. Equal Weight,MSFT,0.10069590367632142
2025-09-08,2. Equal Weight,NVDA,0.10082186346409305
2025-09-08,2. Equal Weight,TSLA,0.09878296568119223
2025-09-08,2. Equal Weight,V,0.0997809401594729
2025-09-08,3. Quintile Momentum,CASH,-0.0011402869055478953
2025-09-08,3. Quintile Momentum,MSFT,0.5028547136311535
2025-09-08,3. Quintile Momentum,V,0.49828557327439443
2025-09-08,4. Quintile Low Vol,CASH,-2.9948429765290814e-05
2025-09-08,4. Quintile Low Vol,JPM,0.49715244590442
2025-09-08,4. Quintile Low Vol,MSFT,0.5028775025253454
2025-09-08,5. Mean Reversion,AAPL,0.023639201426687913
2025-09-08,5. Mean Reversion,AMZN,0.07994306309035783
2025-09-08,5. Mean Reversion,CASH,-0.0006664127407315095
2025-09-08,5. Mean Reversion,JNJ,0.13973885671545172
2025-09-08,5. Mean Reversion,JPM,0.11435234408305639
2025-09-08,5. Mean Reversion,META,0.09580126287081336
2025-09-08,5. Mean Reversion,MSFT,0.17040852043067672
2025-09-08,5. Mean Reversion,NVDA,0.1882690478610434
2025-09-08,5. Mean Reversion,TSLA,0.05563156340658927
2025-09-08,5. Mean Reversion,V,0.13288255285605488
2025-09-08,6. GMVP,AAPL,0.10844244187167464
2025-09-08,6. GMVP,AMZN,0.01930245290261358
2025-09-08,6. GMVP,CASH,-7.824186944052154e-05
2025-09-08,6. GMVP,JNJ,0.323279103668068
2025-09-08,6. GMVP,JPM,0.1489185203798561
2025-09-08,6. GMVP,MSFT,0.36810253892942757
2025-09-08,6. GMVP,NVDA,0.008022624999677404
2025-09-08,6. GMVP,V,0.024010559118123217
2025-09-08,7. Inverse Volatility,AAPL,0.07686673792095092
2025-09-08,7. Inverse Volatility,AMZN,0.07752534994595175
2025-09-08,7. Inverse Volatility,CASH,-0.00017802379085074383
2025-09-08,7. Inverse Volatility,GOOGL,0.055567409502282006
2025-09-08,7. Inverse Volatility,JNJ,0.1978335691847415
2025-09-08,7. Inverse Volatility,JPM,0.10849767804739827
2025-09-08,7. Inverse Volatility,META,0.09032963208454081
2025-09-08,7. Inverse Volatility,MSFT,0.13565708343395727
2025-09-08,7. Inverse Volatility,NVDA,0.08429799949869968
2025-09-08,7. Inverse Volatility,TSLA,0.054231612093194825
2025-09-08,7. Inverse Volatility,V,0.1193709520791339
2025-09-08,8. Risk Parity,AAPL,0.0992936084814528
2025-09-08,8. Risk Parity,AMZN,0.10156064567256312
2025-09-08,8. Risk Parity,CASH,-3.5941449134621835e-05
2025-09-08,8. Risk Parity,GOOGL,0.09964041017212005
2025-09-08,8. Risk Parity,JNJ,0.09988090572592073
2025-09-08,8. Risk Parity,JPM,0.09954952161081577
2025-09-08,8. Risk Parity,META,0.10002917680517548
2025-09-08,8. Risk Parity,MSFT,0.10069590367632314
2025-09-08,8. Risk Parity,NVDA,0.10082186346409477
2025-09-08,8. Risk Parity,TSLA,0.09878296568119392
2025-09-08,8. Risk Parity,V,0.09978094015947461
2025-09-08,9. Max Diversification,AAPL,0.0716799697230799
2025-09-08,9. Max Diversification,AMZN,0.10005411819180426
2025-09-08,9. Max Diversification,CASH,-0.00017265931004619613
2025-09-08,9. Max Diversification,GOOGL,0.023870444190946874
2025-09-08,9. Max Diversification,JNJ,0.335690289572971
2025-09-08,9. Max Diversification,JPM,0.009014757968797343
2025-09-08,9. Max Diversification,META,0.018179562654389782
2025-09-08,9. Max Diversification,MSFT,0.2577557724187595
2025-09-08,9. Max Diversification,NVDA,0.07233027628941047
2025-09-08,9. Max Diversification,TSLA,0.05144139495309046
2025-09-08,9. Max Diversification,V,0.06015607334679662
2025-09-09,1. Buy & Hold,AAPL,0.09714886979208737
2025-09-09,1. Buy & Hold,AMZN,0.10189012569835379
2025-09-09,1. Buy & Hold,CASH,-3.569480501292924e-05
2025-09-09,1. Buy & Hold,GOOGL,0.10132019932814672
2025-09-09,1. Buy & Hold,JNJ,0.09854394495827434
2025-09-09,1. Buy & Hold,JPM,0.10053378034058533
2025-09-09,1. Buy & Hold,META,0.10111223509029241
2025-09-09,1. Buy & Hold,MSFT,0.1000470433043727
2025-09-09,1. Buy & Hold,NVDA,0.10158752433930249
2025-09-09,1. Buy & Hold,TSLA,0.0982665103885818
2025-09-09,1. Buy & Hold,V,0.09958546156501595
2025-09-09,10. Max Decorrelation,AAPL,0.07305577161861083
2025-09-09,10. Max Decorrelation,AMZN,0.13180731921246702
2025-09-09,10. Max Decorrelation,CASH,-0.0001792621415309832
2025-09-09,10. Max Decorrelation,GOOGL,0.031162724945629043
2025-09-09,10. Max Decorrelation,JNJ,0.2761943891440612
2025-09-09,10. Max Decorrelation,JPM,0.00695565013602318
2025-09-09,10. Max Decorrelation,META,0.02715097774996078
2025-09-09,10. Max Decorrelation,MSFT,0.17926871382823698
2025-09-09,10. Max Decorrelation,NVDA,0.08622277184188278
2025-09-09,10. Max Decorrelation,TSLA,0.13056454743973528
2025-09-09,10. Max Decorrelation,V,0.057796396224924024
2025-09-09,11. Sharpe Maximization,AAPL,0.2118818101661738
2025-09-09,11. Sharpe Maximization,AMZN,6.35538550711162e-06
2025-09-09,11. Sharpe Maximization,CASH,-0.0003858756428992636
2025-09-09,11. Sharpe Maximization,GOOGL,0.1840237435682646
2025-09-09,11. Sharpe Maximization,JNJ,0.2535270437999742
2025-09-09,11. Sharpe Maximization,JPM,0.048521067866806475
2025-09-09,11. Sharpe Maximization,META,2.583153495922669e-06
2025-09-09,11. Sharpe Maximization,MSFT,0.3024160166527933
2025-09-09,11. Sharpe Maximization,V,7.255049883765506e-06
2025-09-09,12. CVaR Minimization,AAPL,0.047549555607846704
2025-09-09,12. CVaR Minimization,CASH,-6.749180084993278e-05
2025-09-09,12. CVaR Minimization,GOOGL,0.14804415784194808
2025-09-09,12. CVaR Minimization,JNJ,0.2965594960181003
2025-09-09,12. CVaR Minimization,JPM,0.15566920240329346
2025-09-09,12. CVaR Minimization,MSFT,0.30108520797568955
2025-09-09,12. CVaR Minimization,V,0.05115987195397193
2025-09-09,2. Equal Weight,AAPL,0.09714886979208737
2025-09-09,2. Equal Weight,AMZN,0.10189012569835378
2025-09-09,2. Equal Weight,CASH,-3.569480501292916e-05
2025-09-09,2. Equal Weight,GOOGL,0.10132019932814673
2025-09-09,2. Equal Weight,JNJ,0.09854394495827434
2025-09-09,2. Equal Weight,JPM,0.10053378034058535
2025-09-09,2. Equal Weight,META,0.10111223509029241
2025-09-09,2. Equal Weight,MSFT,0.1000470433043727
2025-09-09,2. Equal Weight,NVDA,0.10158752433930253
2025-09-09,2. Equal Weight,TSLA,0.09826651038858185
2025-09-09,2. Equal Weight,V,0.09958546156501596
2025-09-09,3. Quintile Momentum,CASH,-0.0011372480736212313
2025-09-09,3. Quintile Momentum,MSFT,0.5017260173996874
2025-09-09,3. Quintile Momentum,V,0.4994112306739337
2025-09-09,4. Quintile Low Vol,CASH,-2.969317030970254e-05
2025-09-09,4. Quintile Low Vol,JPM,0.5012282015812435
2025-09-09,4. Quintile Low Vol,MSFT,0.49880149158906617
2025-09-09,5. Mean Reversion,AAPL,0.023132499461866664
2025-09-09,5. Mean Reversion,AMZN,0.08021594983348798
2025-09-09,5. Mean Reversion,CASH,-0.0006619512749223861
2025-09-09,5. Mean Reversion,JNJ,0.13789164699993145
2025-09-09,5. Mean Reversion,JPM,0.11550245324012828
2025-09-09,5. Mean Reversion,META,0.09685488968620239
2025-09-09,5. Mean Reversion,MSFT,0.16933902749757657
2025-09-09,5. Mean Reversion,NVDA,0.18973082006624678
2025-09-09,5. Mean Reversion,TSLA,0.055350052768740575
2025-09-09,5. Mean Reversion,V,0.1326446117207418
2025-09-09,6. GMVP,AAPL,0.10690100877813008
2025-09-09,6. GMVP,AMZN,0.019511254905683107
2025-09-09,6. GMVP,CASH,-7.82915165497528e-05
2025-09-09,6. GMVP,JNJ,0.3213595141607064
2025-09-09,6. GMVP,JPM,0.15152615575750641
2025-09-09,6. GMVP,MSFT,0.36849137252876013
2025-09-09,6. GMVP,NVDA,0.008144570853416237
2025-09-09,6. GMVP,V,0.024144414532347353
2025-09-09,7. Inverse Volatility,AAPL,0.07534350698344595
2025-09-09,7. Inverse Volatility,AMZN,0.07791862891684759
2025-09-09,7. Inverse Volatility,CASH,-0.00017712440203965875
2025-09-09,7. Inverse Volatility,GOOGL,0.056607190613864045
2025-09-09,7. Inverse Volatility,JNJ,0.19554124701373782
2025-09-09,7. Inverse Volatility,JPM,0.10977013592856935
2025-09-09,7. Inverse Volatility,META,0.09147410712076876
2025-09-09,7. Inverse Volatility,MSFT,0.1350286271749948
2025-09-09,7. Inverse Volatility,NVDA,0.08509300229483453
2025-09-09,7. Inverse Volatility,TSLA,0.05404641723802536
2025-09-09,7. Inverse Volatility,V,0.11935426111695145
2025-09-09,8. Risk Parity,AAPL,0.09714886979208903
2025-09-09,8. Risk Parity,AMZN,0.10189012569835552
2025-09-09,8. Risk Parity,CASH,-3.569480503026556e-05
2025-09-09,8. Risk Parity,GOOGL,0.10132019932814847
2025-09-09,8. Risk Parity,JNJ,0.09854394495827602
2025-09-09,8. Risk Parity,JPM,0.10053378034058709
2025-09-09,8. Risk Parity,META,0.10111223509029413
2025-09-09,8. Risk Parity,MSFT,0.10004704330437439
2025-09-09,8. Risk Parity,NVDA,0.10158752433930426
2025-09-09,8. Risk Parity,TSLA,0.09826651038858353
2025-09-09,8. Risk Parity,V,0.09958546156501769
2025-09-09,9. Max Diversification,AAPL,0.0705923662844776
2025-09-09,9. Max Diversification,AMZN,0.10103807924549302
2025-09-09,9. Max Diversification,CASH,-0.0001726008379212568
2025-09-09,9. Max Diversification,GOOGL,0.024432308167240298
2025-09-09,9. Max Diversification,JNJ,0.3333724594428096
2025-09-09,9. Max Diversification,JPM,0.00916368971346439
2025-09-09,9. Max Diversification,META,0.018497111525969726
2025-09-09,9. Max Diversification,MSFT,0.2577770936242722
2025-09-09,9. Max Diversification,NVDA,0.07335829836607392
2025-09-09,9. Max Diversification,TSLA,0.051508591983072095
2025-09-09,9. Max Diversification,V,0.0604326024850485
2025-09-10,1. Buy & Hold,AAPL,0.09452836551929585
2025-09-10,1. Buy & Hold,AMZN,0.09904518743114096
2025-09-10,1. Buy & Hold,CASH,-3.588975278898674e-05
2025-09-10,1. Buy & Hold,GOOGL,0.10167800214940259
2025-09-10,1. Buy & Hold,JNJ,0.09842704655336189
2025-09-10,1. Buy & Hold,JPM,0.10199576604929005
2025-09-10,1. Buy & Hold,META,0.09984281255902751
2025-09-10,1. Buy & Hold,MSFT,0.10098903619834838
2025-09-10,1. Buy & Hold,NVDA,0.1060722784643769
2025-09-10,1. Buy & Hold,TSLA,0.09903669782374194
2025-09-10,1. Buy & Hold,V,0.09842069700480291
2025-09-10,10. Max Decorrelation,AAPL,0.07110417644578125
2025-09-10,10. Max Decorrelation,AMZN,0.12816132527172233
2025-09-10,10. Max Decorrelation,CASH,-0.00018028940924690045
2025-09-10,10. Max Decorrelation,GOOGL,0.031281140401541084
2025-09-10,10. Max Decorrelation,JNJ,0.2759405614004416
2025-09-10,10. Max Decorrelation,JPM,0.007058688910501046
2025-09-10,10. Max Decorrelation,META,0.02681728158213778
2025-09-10,10. Max Decorrelation,MSFT,0.18100503427011624
2025-09-10,10. Max Decorrelation,NVDA,0.09005331063876876
2025-09-10,10. Max Decorrelation,TSLA,0.13162308558037808
2025-09-10,10. Max Decorrelation,V,0.05713568490785887
2025-09-10,11. Sharpe Maximization,AAPL,0.20654148540436892
2025-09-10,11. Sharpe Maximization,AMZN,6.1891699003326515e-06
2025-09-10,11. Sharpe Maximization,CASH,-0.0003886888158286864
2025-09-10,11. Sharpe Maximization,GOOGL,0.18500951103381624
2025-09-10,11. Sharpe Maximization,JNJ,0.25368689169487196
2025-09-10,11. Sharpe Maximization,JPM,0.04931621148793281
2025-09-10,11. Sharpe Maximization,META,2.555362603574085e-06
2025-09-10,11. Sharpe Maximization,MSFT,0.30581866142651937
2025-09-10,11. Sharpe Maximization,V,7.183235815604813e-06
2025-09-10,12. CVaR Minimization,AAPL,0.04611071148122636
2025-09-10,12. CVaR Minimization,CASH,-6.763125307684223e-05
2025-09-10,12. CVaR Minimization,GOOGL,0.14806527152322624
2025-09-10,12. CVaR Minimization,JNJ,0.2952074472187779
2025-09-10,12. CVaR Minimization,JPM,0.15739966208741596
2025-09-10,12. CVaR Minimization,MSFT,0.30289377884086066
2025-09-10,12. CVaR Minimization,V,0.05039076010156987
2025-09-10,2. Equal Weight,AAPL,0.0945283655192958
2025-09-10,2. Equal Weight,AMZN,0.09904518743114094
2025-09-10,2. Equal Weight,CASH,-3.588975278898666e-05
2025-09-10,2. Equal Weight,GOOGL,0.10167800214940258
2025-09-10,2. Equal Weight,JNJ,0.09842704655336187
2025-09-10,2. Equal Weight,JPM,0.10199576604929007
2025-09-10,2. Equal Weight,META,0.0998428125590275
2025-09-10,2. Equal Weight,MSFT,0.10098903619834837
2025-09-10,2. Equal Weight,NVDA,0.10607227846437695
2025-09-10,2. Equal Weight,TSLA,0.09903669782374197
2025-09-10,2. Equal Weight,V,0.09842069700480292
2025-09-10,3. Quintile Momentum,CASH,-0.0011447451671154547
2025-09-10,3. Quintile Momentum,MSFT,0.5070195987197194
2025-09-10,3. Quintile Momentum,V,0.49412514644739597
2025-09-10,4. Quintile Low Vol,CASH,-2.950175326583599e-05
2025-09-10,4. Quintile Low Vol,JPM,0.5024946398636151
2025-09-10,4. Quintile Low Vol,MSFT,0.49753486188965074
2025-09-10,5. Mean Reversion,AAPL,0.022367926081444854
2025-09-10,5. Mean Reversion,AMZN,0.07748912778067166
2025-09-10,5. Mean Reversion,CASH,-0.0006614092097639418
2025-09-10,5. Mean Reversion,JNJ,0.13686778232011676
2025-09-10,5. Mean Reversion,JPM,0.11645016312473806
2025-09-10,5. Mean Reversion,META,0.09504152774371126
2025-09-10,5. Mean Reversion,MSFT,0.169865738806271
2025-09-10,5. Mean Reversion,NVDA,0.19686937691514295
2025-09-10,5. Mean Reversion,TSLA,0.055435429760205795
2025-09-10,5. Mean Reversion,V,0.13027433667746163
2025-09-10,6. GMVP,AAPL,0.10381602219195718
2025-09-10,6. GMVP,AMZN,0.018929740822308843
2025-09-10,6. GMVP,CASH,-7.856666950607838e-05
2025-09-10,6. GMVP,JNJ,0.32035673330771114
2025-09-10,6. GMVP,JPM,0.1534319910179138
2025-09-10,6. GMVP,MSFT,0.37124061041535716
2025-09-10,6. GMVP,NVDA,0.00848765877549708
2025-09-10,6. GMVP,V,0.02381581013876073
2025-09-10,7. Inverse Volatility,AAPL,0.07329194574473903
2025-09-10,7. Inverse Volatility,AMZN,0.07572313854517779
2025-09-10,7. Inverse Volatility,CASH,-0.00017804503777533697
2025-09-10,7. Inverse Volatility,GOOGL,0.05679218716016206
2025-09-10,7. Inverse Volatility,JNJ,0.195258034802867
2025-09-10,7. Inverse Volatility,JPM,0.11133721577597946
2025-09-10,7. Inverse Volatility,META,0.09030198541833832
2025-09-10,7. Inverse Volatility,MSFT,0.13626422336999966
2025-09-10,7. Inverse Volatility,NVDA,0.08882626311097004
2025-09-10,7. Inverse Volatility,TSLA,0.05445572584534138
2025-09-10,7. Inverse Volatility,V,0.1179273252642006
2025-09-10,8. Risk Parity,AAPL,0.09452836551929747
2025-09-10,8. Risk Parity,AMZN,0.09904518743114267
2025-09-10,8. Risk Parity,CASH,-3.588975280641775e-05
2025-09-10,8. Risk Parity,GOOGL,0.10167800214940435
2025-09-10,8. Risk Parity,JNJ,0.09842704655336358
2025-09-10,8. Risk Parity,JPM,0.10199576604929185
2025-09-10,8. Risk Parity,META,0.09984281255902923
2025-09-10,8. Risk Parity,MSFT,0.10098903619835012
2025-09-10,8. Risk Parity,NVDA,0.10607227846437879
2025-09-10,8. Risk Parity,TSLA,0.0990366978237437
2025-09-10,8. Risk Parity,V,0.09842069700480464
2025-09-10,9. Max Diversification,AAPL,0.06867253544797335
2025-09-10,9. Max Diversification,AMZN,0.09819453276141633
2025-09-10,9. Max Diversification,CASH,-0.00017350392304176407
2025-09-10,9. Max Diversification,GOOGL,0.024512997025115852
2025-09-10,9. Max Diversification,JNJ,0.33290105750389104
2025-09-10,9. Max Diversification,JPM,0.00929483002447025
2025-09-10,9. Max Diversification,META,0.018260722520744684
2025-09-10,9. Max Diversification,MSFT,0.26014485319272834
2025-09-10,9. Max Diversification,NVDA,0.07657935708034094
2025-09-10,9. Max Diversification,TSLA,0.051900464178183385
2025-09-10,9. Max Diversification,V,0.059712154188177775
2025-09-11,1. Buy & Hold,AAPL,0.09470851002024251
2025-09-11,1. Buy & Hold,AMZN,0.09767480698514294
2025-09-11,1. Buy & Hold,CASH,-3.5451673758694666e-05
2025-09-11,1. Buy & Hold,GOOGL,0.10094082301280148
2025-09-11,1. Buy & Hold,JNJ,0.09872446414696999
2025-09-11,1. Buy & Hold,JPM,0.10243364822290918
2025-09-11,1. Buy & Hold,META,0.09848246219274262
2025-09-11,1. Buy & Hold,MSFT,0.09988393321530202
2025-09-11,1. Buy & Hold,NVDA,0.10468299659927933
2025-09-11,1. Buy & Hold,TSLA,0.10374042574190583
2025-09-11,1. Buy & Hold,V,0.09876338153646272
2025-09-11,10. Max Decorrelation,AAPL,0.07110269534773296
2025-09-11,10. Max Decorrelation,AMZN,0.12614506681038767
2025-09-11,10. Max Decorrelation,CASH,-0.0001777463088754449
2025-09-11,10. Max Decorrelation,GOOGL,0.03099463401938458
2025-09-11,10. Max Decorrelation,JNJ,0.27624216749447844
2025-09-11,10. Max Decorrelation,JPM,0.0070753615407409655
2025-09-11,10. Max Decorrelation,META,0.026401034312536497
2025-09-11,10. Max Decorrelation,MSFT,0.17868008898833707
2025-09-11,10. Max Decorrelation,NVDA,0.08870294311219921
2025-09-11,10. Max Decorrelation,TSLA,0.13760938065811015
2025-09-11,10. Max Decorrelation,V,0.05722437402496803
2025-09-11,11. Sharpe Maximization,AAPL,0.20762259801527597
2025-09-11,11. Sharpe Maximization,AMZN,6.123814937056372e-06
2025-09-11,11. Sharpe Maximization,CASH,-0.0003852199681907182
2025-09-11,11. Sharpe Maximization,GOOGL,0.1842783699222196
2025-09-11,11. Sharpe Maximization,JNJ,0.2552988322133136
2025-09-11,11. Sharpe Maximization,JPM,0.04969248007953074
2025-09-11,11. Sharpe Maximization,META,2.528920027381512e-06
2025-09-11,11. Sharpe Maximization,MSFT,0.30347705480820425
2025-09-11,11. Sharpe Maximization,V,7.232194681934451e-06
2025-09-11,12. CVaR Minimization,AAPL,0.04631697537503129
2025-09-11,12. CVaR Minimization,CASH,-6.697692789333334e-05
2025-09-11,12. CVaR Minimization,GOOGL,0.1473684638650117
2025-09-11,12. CVaR Minimization,JNJ,0.29685827043265045
2025-09-11,12. CVaR Minimization,JPM,0.1584804895896599
2025-09-11,12. CVaR Minimization,MSFT,0.3003469828582229
2025-09-11,12. CVaR Minimization,V,0.05069579480731697
2025-09-11,2. Equal Weight,AAPL,0.09470851002024251
2025-09-11,2. Equal Weight,AMZN,0.09767480698514291
2025-09-11,2. Equal Weight,CASH,-3.545167375869459e-05
2025-09-11,2. Equal Weight,GOOGL,0.10094082301280148
2025-09-11,2. Equal Weight,JNJ,0.09872446414696999
2025-09-11,2. Equal Weight,JPM,0.10243364822290922
2025-09-11,2. Equal Weight,META,0.09848246219274262
2025-09-11,2. Equal Weight,MSFT,0.09988393321530202
2025-09-11,2. Equal Weight,NVDA,0.10468299659927939
2025-09-11,2. Equal Weight,TSLA,0.10374042574190588
2025-09-11,2. Equal Weight,V,0.09876338153646273
2025-09-11,3. Quintile Momentum,CASH,-0.0011351011560301295
2025-09-11,3. Quintile Momentum,MSFT,0.5033912072172885
2025-09-11,3. Quintile Momentum,V,0.4977438939387416
2025-09-11,4. Quintile Low Vol,CASH,-2.923774589143474e-05
2025-09-11,4. Quintile Low Vol,JPM,0.5063160721065229
2025-09-11,4. Quintile Low Vol,MSFT,0.49371316563936846
2025-09-11,5. Mean Reversion,AAPL,0.022472434743355075
2025-09-11,5. Mean Reversion,AMZN,0.0766280033397182
2025-09-11,5. Mean Reversion,CASH,-0.0006551399279643706
2025-09-11,5. Mean Reversion,JNJ,0.13766042797298317
2025-09-11,5. Mean Reversion,JPM,0.11727303134479349
2025-09-11,5. Mean Reversion,META,0.09400545454697666
2025-09-11,5. Mean Reversion,MSFT,0.16847084492915723
2025-09-11,5. Mean Reversion,NVDA,0.19482737026463104
2025-09-11,5. Mean Reversion,TSLA,0.05822866683835303
2025-09-11,5. Mean Reversion,V,0.13108890594799658
2025-09-11,6. GMVP,AAPL,0.10427737892553399
2025-09-11,6. GMVP,AMZN,0.018715124375140522
2025-09-11,6. GMVP,CASH,-7.780427980116257e-05
2025-09-11,6. GMVP,JNJ,0.32213881316173515
2025-09-11,6. GMVP,JPM,0.15448107520024026
2025-09-11,6. GMVP,MSFT,0.36810842088621704
2025-09-11,6. GMVP,NVDA,0.00839771296203164
2025-09-11,6. GMVP,V,0.02395927876890253
2025-09-11,7. Inverse Volatility,AAPL,0.07351524381957254
2025-09-11,7. Inverse Volatility,AMZN,0.07476048059294217
2025-09-11,7. Inverse Volatility,CASH,-0.00017607206032936606
2025-09-11,7. Inverse Volatility,GOOGL,0.05644464246160453
2025-09-11,7. Inverse Volatility,JNJ,0.1960710797110598
2025-09-11,7. Inverse Volatility,JPM,0.11194253770716828
2025-09-11,7. Inverse Volatility,META,0.08917306318818143
2025-09-11,7. Inverse Volatility,MSFT,0.13492659117183875
2025-09-11,7. Inverse Volatility,NVDA,0.08776269178102085
2025-09-11,7. Inverse Volatility,TSLA,0.057107049282378086
2025-09-11,7. Inverse Volatility,V,0.11847269234456287
2025-09-11,8. Risk Parity,AAPL,0.09470851002024415
2025-09-11,8. Risk Parity,AMZN,0.0976748069851446
2025-09-11,8. Risk Parity,CASH,-3.54516737759129e-05
2025-09-11,8. Risk Parity,GOOGL,0.10094082301280322
2025-09-11,8. Risk Parity,JNJ,0.09872446414697168
2025-09-11,8. Risk Parity,JPM,0.10243364822291097
2025-09-11,8. Risk Parity,META,0.0984824621927443
2025-09-11,8. Risk Parity,MSFT,0.09988393321530374
2025-09-11,8. Risk Parity,NVDA,0.1046829965992812
2025-09-11,8. Risk Parity,TSLA,0.10374042574190766
2025-09-11,8. Risk Parity,V,0.09876338153646444
2025-09-11,9. Max Diversification,AAPL,0.06892630951709697
2025-09-11,9. Max Diversification,AMZN,0.09700889989178849
2025-09-11,9. Max Diversification,CASH,-0.00017169223901286233
2025-09-11,9. Max Diversification,GOOGL,0.024378744610304023
2025-09-11,9. Max Diversification,JNJ,0.3345034446180334
2025-09-11,9. Max Diversification,JPM,0.009351408671569209
2025-09-11,9. Max Diversification,META,0.01804409632437127
2025-09-11,9. Max Diversification,MSFT,0.2577577513176013
2025-09-11,9. Max Diversification,NVDA,0.07571136084720141
2025-09-11,9. Max Diversification,TSLA,0.05446257924435702
2025-09-11,9. Max Diversification,V,0.06002709719668995
2025-09-12,1. Buy & Hold,AAPL,0.10000370117858558
2025-09-12,1. Buy & Hold,AMZN,0.10000370117858558
2025-09-12,1. Buy & Hold,CASH,-3.701178585562737e-05
2025-09-12,1. Buy & Hold,GOOGL,0.10000370117858558
2025-09-12,1. Buy & Hold,JNJ,0.10000370117858558
2025-09-12,1. Buy & Hold,JPM,0.10000370117858555
2025-09-12,1. Buy & Hold,META,0.10000370117858558
2025-09-12,1. Buy & Hold,MSFT,0.10000370117858558
2025-09-12,1. Buy & Hold,NVDA,0.10000370117858554
2025-09-12,1. Buy & Hold,TSLA,0.10000370117858554
2025-09-12,1. Buy & Hold,V,0.10000370117858555
2025-09-12,10. Max Decorrelation,AAPL,0.06045350042432798
2025-09-12,10. Max Decorrelation,AMZN,0.1194667243591673
2025-09-12,10. Max Decorrelation,CASH,-0.0005612793880617448
2025-09-12,10. Max Decorrelation,GOOGL,0.05357627174419517
2025-09-12,10. Max Decorrelation,JNJ,0.2899932252966658
2025-09-12,10. Max Decorrelation,JPM,0.043452586168498016
2025-09-12,10. Max Decorrelation,META,0.14093678141964008
2025-09-12,10. Max Decorrelation,MSFT,0.034742496261431215
2025-09-12,10. Max Decorrelation,NVDA,0.15024170277730858
2025-09-12,10. Max Decorrelation,TSLA,0.10639098498771739
2025-09-12,10. Max Decorrelation,V,0.0013070059491100852
2025-09-12,11. Sharpe Maximization,AAPL,0.16567054486077892
2025-09-12,11. Sharpe Maximization,CASH,-0.00044491098276540776
2025-09-12,11. Sharpe Maximization,GOOGL,0.19139462196692905
2025-09-12,11. Sharpe Maximization,JNJ,0.30011608770203585
2025-09-12,11. Sharpe Maximization,JPM,0.15852428985316974
2025-09-12,11. Sharpe Maximization,MSFT,0.14780515556709087
2025-09-12,11. Sharpe Maximization,NVDA,0.03693421103276099
2025-09-12,12. CVaR Minimization,AAPL,0.13391011777570602
2025-09-12,12. CVaR Minimization,CASH,-0.000364121170022032
2025-09-12,12. CVaR Minimization,GOOGL,0.18251779006046032
2025-09-12,12. CVaR Minimization,JNJ,0.3001035374891539
2025-09-12,12. CVaR Minimization,MSFT,0.29659339139353535
2025-09-12,12. CVaR Minimization,V,0.08723838045102006
2025-09-12,2. Equal Weight,AAPL,0.10000370117858556
2025-09-12,2. Equal Weight,AMZN,0.10000370117858556
2025-09-12,2. Equal Weight,CASH,-3.701178585562746e-05
2025-09-12,2. Equal Weight,GOOGL,0.10000370117858556
2025-09-12,2. Equal Weight,JNJ,0.10000370117858556
2025-09-12,2. Equal Weight,JPM,0.10000370117858556
2025-09-12,2. Equal Weight,META,0.10000370117858556
2025-09-12,2. Equal Weight,MSFT,0.10000370117858556
2025-09-12,2. Equal Weight,NVDA,0.10000370117858556
2025-09-12,2. Equal Weight,TSLA,0.10000370117858556
2025-09-12,2. Equal Weight,V,0.10000370117858556
2025-09-12,3. Quintile Momentum,CASH,-2.250961258383627e-05
2025-09-12,3. Quintile Momentum,MSFT,0.5000112548062918
2025-09-12,3. Quintile Momentum,V,0.5000112548062919
2025-09-12,4. Quintile Low Vol,CASH,-1.2129545173208256e-05
2025-09-12,4. Quintile Low Vol,JPM,0.5000060647725867
2025-09-12,4. Quintile Low Vol,MSFT,0.5000060647725867
2025-09-12,5. Mean Reversion,AAPL,0.11593561138586714
2025-09-12,5. Mean Reversion,AMZN,0.1432206011590216
2025-09-12,5. Mean Reversion,CASH,-0.0005362621479953002
2025-09-12,5. Mean Reversion,JNJ,0.07007085775763494
2025-09-12,5. Mean Reversion,JPM,0.08943469398550279
2025-09-12,5. Mean Reversion,META,0.11144524424907304
2025-09-12,5. Mean Reversion,MSFT,0.12340935801551671
2025-09-12,5. Mean Reversion,NVDA,0.14070680668183644
2025-09-12,5. Mean Reversion,TSLA,0.013787498960993065
2025-09-12,5. Mean Reversion,V,0.19252558995254945
2025-09-12,6. GMVP,AAPL,0.10570197222543917
2025-09-12,6. GMVP,AMZN,0.03787454410784119
2025-09-12,6. GMVP,CASH,-0.00021848882580468237
2025-09-12,6. GMVP,GOOGL,0.027515380042254824
2025-09-12,6. GMVP,JNJ,0.34936656676733285
2025-09-12,6. GMVP,JPM,0.11627818530095643
2025-09-12,6. GMVP,MSFT,0.3344733709654047
2025-09-12,6. GMVP,NVDA,0.029008469416575613
2025-09-12,7. Inverse Volatility,AAPL,0.08597920935120655
2025-09-12,7. Inverse Volatility,AMZN,0.06959347725134352
2025-09-12,7. Inverse Volatility,CASH,-0.00010220590414805188
2025-09-12,7. Inverse Volatility,GOOGL,0.05735453722092663
2025-09-12,7. Inverse Volatility,JNJ,0.18671031657986334
2025-09-12,7. Inverse Volatility,JPM,0.10984313507198361
2025-09-12,7. Inverse Volatility,META,0.10402886366361212
2025-09-12,7. Inverse Volatility,MSFT,0.13887513465316564
2025-09-12,7. Inverse Volatility,NVDA,0.07246164815602922
2025-09-12,7. Inverse Volatility,TSLA,0.0430469557658487
2025-09-12,7. Inverse Volatility,V,0.13220892819016875
2025-09-12,8. Risk Parity,AAPL,0.10000370117858555
2025-09-12,8. Risk Parity,AMZN,0.10000370117858555
2025-09-12,8. Risk Parity,CASH,-3.7011785855628044e-05
2025-09-12,8. Risk Parity,GOOGL,0.10000370117858555
2025-09-12,8. Risk Parity,JNJ,0.10000370117858555
2025-09-12,8. Risk Parity,JPM,0.10000370117858555
2025-09-12,8. Risk Parity,META,0.10000370117858555
2025-09-12,8. Risk Parity,MSFT,0.10000370117858555
2025-09-12,8. Risk Parity,NVDA,0.10000370117858555
2025-09-12,8. Risk Parity,TSLA,0.10000370117858555
2025-09-12,8. Risk Parity,V,0.10000370117858554
2025-09-12,9. Max Diversification,AAPL,0.06291688848536707
2025-09-12,9. Max Diversification,AMZN,0.10030928482462372
2025-09-12,9. Max Diversification,CASH,-0.0006038381733978253
2025-09-12,9. Max Diversification,GOOGL,0.04714215692695069
2025-09-12,9. Max Diversification,JNJ,0.38271269740987557
2025-09-12,9. Max Diversification,JPM,0.057939742150948666
2025-09-12,9. Max Diversification,META,0.10625136626042937
2025-09-12,9. Max Diversification,MSFT,0.05242201787530466
2025-09-12,9. Max Diversification,NVDA,0.1342683932422382
2025-09-12,9. Max Diversification,TSLA,0.05517213883291756
2025-09-12,9. Max Diversification,V,0.0014691521647423945
2025-09-15,1. Buy & Hold,AAPL,0.09982807846356938
2025-09-15,1. Buy & Hold,AMZN,0.10013811019530638
2025-09-15,1. Buy & Hold,CASH,-3.653626730083684e-05
2025-09-15,1. Buy & Hold,GOOGL,0.1031505680683584
2025-09-15,1. Buy & Hold,JNJ,0.09835296464549476
2025-09-15,1. Buy & Hold,JPM,0.09935896936591238
2025-09-15,1. Buy & Hold,META,0.09990911168016081
2025-09-15,1. Buy & Hold,MSFT,0.09977595755184406
2025-09-15,1. Buy & Hold,NVDA,0.09868001626326567
2025-09-15,1. Buy & Hold,TSLA,0.10223440058524513
2025-09-15,1. Buy & Hold,V,0.0986083594481439
2025-09-15,10. Max Decorrelation,AAPL,0.06053897684257131
2025-09-15,10. Max Decorrelation,AMZN,0.12000718797831156
2025-09-15,10. Max Decorrelation,CASH,-0.0005558277367902702
2025-09-15,10. Max Decorrelation,GOOGL,0.05543767716300399
2025-09-15,10. Max Decorrelation,JNJ,0.28611209661381687
2025-09-15,10. Max Decorrelation,JPM,0.043309544859467614
2025-09-15,10. Max Decorrelation,META,0.14125061881031606
2025-09-15,10. Max Decorrelation,MSFT,0.034773454435910955
2025-09-15,10. Max Decorrelation,NVDA,0.14872385078650074
2025-09-15,10. Max Decorrelation,TSLA,0.10910955812975505
2025-09-15,10. Max Decorrelation,V,0.0012928621171361702
2025-09-15,11. Sharpe Maximization,AAPL,0.1655557447555064
2025-09-15,11. Sharpe Maximization,CASH,-0.00043966265535239904
2025-09-15,11. Sharpe Maximization,GOOGL,0.1976276003616979
2025-09-15,11. Sharpe Maximization,JNJ,0.29547651954064436
2025-09-15,11. Sharpe Maximization,JPM,0.15767002531925334
2025-09-15,11. Sharpe Maximization,MSFT,0.14762561855104203
2025-09-15,11. Sharpe Maximization,NVDA,0.036484154127208394
2025-09-15,12. CVaR Minimization,AAPL,0.13385344716703576
2025-09-15,12. CVaR Minimization,CASH,-0.0003599229957553838
2025-09-15,12. CVaR Minimization,GOOGL,0.1885125560956384
2025-09-15,12. CVaR Minimization,JNJ,0.29554391808971503
2025-09-15,12. CVaR Minimization,MSFT,0.2963130855372725
2025-09-15,12. CVaR Minimization,V,0.0861360167347716
2025-09-15,2. Equal Weight,AAPL,0.09982807846356936
2025-09-15,2. Equal Weight,AMZN,0.10013811019530637
2025-09-15,2. Equal Weight,CASH,-3.6536267300836925e-05
2025-09-15,2. Equal Weight,GOOGL,0.10315056806835839
2025-09-15,2. Equal Weight,JNJ,0.09835296464549474
2025-09-15,2. Equal Weight,JPM,0.09935896936591236
2025-09-15,2. Equal Weight,META,0.0999091116801608
2025-09-15,2. Equal Weight,MSFT,0.09977595755184404
2025-09-15,2. Equal Weight,NVDA,0.09868001626326568
2025-09-15,2. Equal Weight,TSLA,0.10223440058524515
2025-09-15,2. Equal Weight,V,0.09860835944814393
2025-09-15,3. Quintile Momentum,CASH,-2.240220884640402e-05
2025-09-15,3. Quintile Momentum,MSFT,0.5029540351906397
2025-09-15,3. Quintile Momentum,V,0.4970683670182068
2025-09-15,4. Quintile Low Vol,CASH,-1.2026167181684244e-05
2025-09-15,4. Quintile Low Vol,JPM,0.49895900137360205
2025-09-15,4. Quintile Low Vol,MSFT,0.5010530247935797
2025-09-15,5. Mean Reversion,AAPL,0.11647337443276184
2025-09-15,5. Mean Reversion,AMZN,0.1443317817893859
2025-09-15,5. Mean Reversion,CASH,-0.0005327634736953957
2025-09-15,5. Mean Reversion,JNJ,0.06935567116344168
2025-09-15,5. Mean Reversion,JPM,0.08942731528692763
2025-09-15,5. Mean Reversion,META,0.1120530616960606
2025-09-15,5. Mean Reversion,MSFT,0.12391705603389265
2025-09-15,5. Mean Reversion,NVDA,0.13973378045013854
2025-09-15,5. Mean Reversion,TSLA,0.014185336332631193
2025-09-15,5. Mean Reversion,V,0.19105538628845528
2025-09-15,6. GMVP,AAPL,0.10625249374079367
2025-09-15,6. GMVP,AMZN,0.03819004187167504
2025-09-15,6. GMVP,CASH,-0.00021718647118725126
2025-09-15,6. GMVP,GOOGL,0.02857922641706751
2025-09-15,6. GMVP,JNJ,0.34599683558792066
2025-09-15,6. GMVP,JPM,0.11633453351518197
2025-09-15,6. GMVP,MSFT,0.33603984910892437
2025-09-15,6. GMVP,NVDA,0.028824206229624092
2025-09-15,7. Inverse Volatility,AAPL,0.08619885085963182
2025-09-15,7. Inverse Volatility,AMZN,0.0699879455299347
2025-09-15,7. Inverse Volatility,CASH,-0.0001013284759840248
2025-09-15,7. Inverse Volatility,GOOGL,0.05941481118542212
2025-09-15,7. Inverse Volatility,JNJ,0.18442130380899507
2025-09-15,7. Inverse Volatility,JPM,0.10960624893731923
2025-09-15,7. Inverse Volatility,META,0.10437927344096759
2025-09-15,7. Inverse Volatility,MSFT,0.13915721061979563
2025-09-15,7. Inverse Volatility,NVDA,0.07181129154344522
2025-09-15,7. Inverse Volatility,TSLA,0.04419720608498631
2025-09-15,7. Inverse Volatility,V,0.13092718646548634
2025-09-15,8. Risk Parity,AAPL,0.09982807846356936
2025-09-15,8. Risk Parity,AMZN,0.10013811019530637
2025-09-15,8. Risk Parity,CASH,-3.653626730083751e-05
2025-09-15,8. Risk Parity,GOOGL,0.10315056806835839
2025-09-15,8. Risk Parity,JNJ,0.09835296464549471
2025-09-15,8. Risk Parity,JPM,0.09935896936591236
2025-09-15,8. Risk Parity,META,0.0999091116801608
2025-09-15,8. Risk Parity,MSFT,0.09977595755184404
2025-09-15,8. Risk Parity,NVDA,0.09868001626326568
2025-09-15,8. Risk Parity,TSLA,0.10223440058524513
2025-09-15,8. Risk Parity,V,0.0986083594481439
2025-09-15,9. Max Diversification,AAPL,0.06318311176060303
2025-09-15,9. Max Diversification,AMZN,0.10104657272548154
2025-09-15,9. Max Diversification,CASH,-0.0005996555206061509
2025-09-15,9. Max Diversification,GOOGL,0.04891726145964442
2025-09-15,9. Max Diversification,JNJ,0.37865298883386644
2025-09-15,9. Max Diversification,JPM,0.05791148463223114
2025-09-15,9. Max Diversification,META,0.10678756492781359
2025-09-15,9. Max Diversification,MSFT,0.052616347996680704
2025-09-15,9. Max Diversification,NVDA,0.13328585642315594
2025-09-15,9. Max Diversification,TSLA,0.056741124444982416
2025-09-15,9. Max Diversification,V,0.0014573423161470004
2025-09-16,1. Buy & Hold,AAPL,0.10010361750242901
2025-09-16,1. Buy & Hold,AMZN,0.1009329841758642
2025-09-16,1. Buy & Hold,CASH,-3.641404364652045e-05
2025-09-16,1. Buy & Hold,GOOGL,0.10262163582981128
2025-09-16,1. Buy & Hold,JNJ,0.09750454213092972
2025-09-16,1. Buy & Hold,JPM,0.0991195545133961
2025-09-16,1. Buy & Hold,META,0.10143695353740308
2025-09-16,1. Buy & Hold,MSFT,0.09822269357122322
2025-09-16,1. Buy & Hold,NVDA,0.09676192062977616
2025-09-16,1. Buy & Hold,TSLA,0.10476995721952939
2025-09-16,1. Buy & Hold,V,0.09856255493328434
2025-09-16,10. Max Decorrelation,AAPL,0.06072440021590588
2025-09-16,10. Max Decorrelation,AMZN,0.12099629686282697
2025-09-16,10. Max Decorrelation,CASH,-0.0005541355902000102
2025-09-16,10. Max Decorrelation,GOOGL,0.05517005678175967
2025-09-16,10. Max Decorrelation,JNJ,0.283729640953178
2025-09-16,10. Max Decorrelation,JPM,0.04321823035258101
2025-09-16,10. Max Decorrelation,META,0.14345396479692848
2025-09-16,10. Max Decorrelation,MSFT,0.034242452984184636
2025-09-16,10. Max Decorrelation,NVDA,0.1458770546938427
2025-09-16,10. Max Decorrelation,TSLA,0.11184938623578895
2025-09-16,10. Max Decorrelation,V,0.0012926517132038394
2025-09-16,11. Sharpe Maximization,AAPL,0.16709734307012003
2025-09-16,11. Sharpe Maximization,CASH,-0.00044105478667808007
2025-09-16,11. Sharpe Maximization,GOOGL,0.1978987883737643
2025-09-16,11. Sharpe Maximization,JNJ,0.29484148873208826
2025-09-16,11. Sharpe Maximization,JPM,0.15831775747108048
2025-09-16,11. Sharpe Maximization,MSFT,0.1462769493145725
2025-09-16,11. Sharpe Maximization,NVDA,0.036008727825052426
2025-09-16,12. CVaR Minimization,AAPL,0.1352778400354769
2025-09-16,12. CVaR Minimization,CASH,-0.00036153834627198885
2025-09-16,12. CVaR Minimization,GOOGL,0.18901994438936764
2025-09-16,12. CVaR Minimization,JNJ,0.29529728782140896
2025-09-16,12. CVaR Minimization,MSFT,0.2939928753689235
2025-09-16,12. CVaR Minimization,V,0.08677268647522139
2025-09-16,2. Equal Weight,AAPL,0.100103617502429
2025-09-16,2. Equal Weight,AMZN,0.1009329841758642
2025-09-16,2. Equal Weight,CASH,-3.6414043646520535e-05
2025-09-16,2. Equal Weight,GOOGL,0.10262163582981126
2025-09-16,2. Equal Weight,JNJ,0.0975045421309297
2025-09-16,2. Equal Weight,JPM,0.09911955451339609
2025-09-16,2. Equal Weight,META,0.10143695353740308
2025-09-16,2. Equal Weight,MSFT,0.09822269357122321
2025-09-16,2. Equal Weight,NVDA,0.09676192062977618
2025-09-16,2. Equal Weight,TSLA,0.1047699572195294
2025-09-16,2. Equal Weight,V,0.09856255493328436
2025-09-16,3. Quintile Momentum,CASH,-2.250870023940971e-05
2025-09-16,3. Quintile Momentum,MSFT,0.4991477012777183
2025-09-16,3. Quintile Momentum,V,0.5008748074225212
2025-09-16,4. Quintile Low Vol,CASH,-1.2094818817384262e-05
2025-09-16,4. Quintile Low Vol,JPM,0.5022784239487672
2025-09-16,4. Quintile Low Vol,MSFT,0.49773367087005027
2025-09-16,5. Mean Reversion,AAPL,0.11703048225687314
2025-09-16,5. Mean Reversion,AMZN,0.14577094593705264
2025-09-16,5. Mean Reversion,CASH,-0.0005320524541482508
2025-09-16,5. Mean Reversion,JNJ,0.06889610135486358
2025-09-16,5. Mean Reversion,JPM,0.08939181036944803
2025-09-16,5. Mean Reversion,META,0.11399612893100175
2025-09-16,5. Mean Reversion,MSFT,0.12223407734229821
2025-09-16,5. Mean Reversion,NVDA,0.1372941247972072
2025-09-16,5. Mean Reversion,TSLA,0.01456648028023051
2025-09-16,5. Mean Reversion,V,0.19135190118517317
2025-09-16,6. GMVP,AAPL,0.10747065493188915
2025-09-16,6. GMVP,AMZN,0.03882733300719103
2025-09-16,6. GMVP,CASH,-0.0002183389436918501
2025-09-16,6. GMVP,GOOGL,0.028679493798745227
2025-09-16,6. GMVP,JNJ,0.34598974137118504
2025-09-16,6. GMVP,JPM,0.11706164415130571
2025-09-16,6. GMVP,MSFT,0.3336801865570686
2025-09-16,6. GMVP,NVDA,0.028509285126307096
2025-09-16,7. Inverse Volatility,AAPL,0.0866357275152422
2025-09-16,7. Inverse Volatility,AMZN,0.0707058679579302
2025-09-16,7. Inverse Volatility,CASH,-0.00010122195787940282
2025-09-16,7. Inverse Volatility,GOOGL,0.05924620276540266
2025-09-16,7. Inverse Volatility,JNJ,0.18325126025273086
2025-09-16,7. Inverse Volatility,JPM,0.10959382094316181
2025-09-16,7. Inverse Volatility,META,0.10621940384146861
2025-09-16,7. Inverse Volatility,MSFT,0.13730619750891584
2025-09-16,7. Inverse Volatility,NVDA,0.07057753653371275
2025-09-16,7. Inverse Volatility,TSLA,0.04539761297606574
2025-09-16,7. Inverse Volatility,V,0.1311675916632487
2025-09-16,8. Risk Parity,AAPL,0.100103617502429
2025-09-16,8. Risk Parity,AMZN,0.1009329841758642
2025-09-16,8. Risk Parity,CASH,-3.641404364652112e-05
2025-09-16,8. Risk Parity,GOOGL,0.10262163582981128
2025-09-16,8. Risk Parity,JNJ,0.09750454213092971
2025-09-16,8. Risk Parity,JPM,0.0991195545133961
2025-09-16,8. Risk Parity,META,0.10143695353740306
2025-09-16,8. Risk Parity,MSFT,0.09822269357122321
2025-09-16,8. Risk Parity,NVDA,0.09676192062977619
2025-09-16,8. Risk Parity,TSLA,0.1047699572195294
2025-09-16,8. Risk Parity,V,0.09856255493328435
2025-09-16,9. Max Diversification,AAPL,0.06355124242565165
2025-09-16,9. Max Diversification,AMZN,0.10216009412005941
2025-09-16,9. Max Diversification,CASH,-0.0005994770241019034
2025-09-16,9. Max Diversification,GOOGL,0.0488152388913041
2025-09-16,9. Max Diversification,JNJ,0.3765344830370611
2025-09-16,9. Max Diversification,JPM,0.057948598401591826
2025-09-16,9. Max Diversification,META,0.10875212640463322
2025-09-16,9. Max Diversification,MSFT,0.05195562941395554
2025-09-16,9. Max Diversification,NVDA,0.13109475266946619
2025-09-16,9. Max Diversification,TSLA,0.058326192053308634
2025-09-16,9. Max Diversification,V,0.0014611196070702566
2025-09-17,1. Buy & Hold,AAPL,0.10046348511205569
2025-09-17,1. Buy & Hold,AMZN,0.0998918025281411
2025-09-17,1. Buy & Hold,CASH,-3.641650247498029e-05
2025-09-17,1. Buy & Hold,GOOGL,0.10196251748782902
2025-09-17,1. Buy & Hold,JNJ,0.09792004723573043
2025-09-17,1. Buy & Hold,JPM,0.09994698292933207
2025-09-17,1. Buy & Hold,META,0.10101602006698183
2025-09-17,1. Buy & Hold,MSFT,0.09841843634166791
2025-09-17,1. Buy & Hold,NVDA,0.09422861447642088
2025-09-17,1. Buy & Hold,TSLA,0.105830716594153
2025-09-17,1. Buy & Hold,V,0.10035779373016297
2025-09-17,10. Max Decorrelation,AAPL,0.0611263629883452
2025-09-17,10. Max Decorrelation,AMZN,0.12010903269395852
2025-09-17,10. Max Decorrelation,CASH,-0.0005558431053398549
2025-09-17,10. Max Decorrelation,GOOGL,0.05498090724857435
2025-09-17,10. Max Decorrelation,JNJ,0.28579743709756644
2025-09-17,10. Max Decorrelation,JPM,0.04371033969317531
2025-09-17,10. Max Decorrelation,META,0.1432892027852945
2025-09-17,10. Max Decorrelation,MSFT,0.034414094236483256
2025-09-17,10. Max Decorrelation,NVDA,0.14248599052296207
2025-09-17,10. Max Decorrelation,TSLA,0.11332231291105133
2025-09-17,10. Max Decorrelation,V,0.0013201629279290016
2025-09-17,11. Sharpe Maximization,AAPL,0.16748761515326632
2025-09-17,11. Sharpe Maximization,CASH,-0.00044053107673738004
2025-09-17,11. Sharpe Maximization,GOOGL,0.19638098695671408
2025-09-17,11. Sharpe Maximization,JNJ,0.295726367627257
2025-09-17,11. Sharpe Maximization,JPM,0.15943903726577946
2025-09-17,11. Sharpe Maximization,MSFT,0.14638453647415542
2025-09-17,11. Sharpe Maximization,NVDA,0.03502198759956504
2025-09-17,12. CVaR Minimization,AAPL,0.13539898363952974
2025-09-17,12. CVaR Minimization,CASH,-0.00036059024016618267
2025-09-17,12. CVaR Minimization,GOOGL,0.1873007532394033
2025-09-17,12. CVaR Minimization,JNJ,0.295758000497335
2025-09-17,12. CVaR Minimization,MSFT,0.293786410602843
2025-09-17,12. CVaR Minimization,V,0.0881155329091899
2025-09-17,2. Equal Weight,AAPL,0.10046348511205568
2025-09-17,2. Equal Weight,AMZN,0.09989180252814109
2025-09-17,2. Equal Weight,CASH,-3.641650247498038e-05
2025-09-17,2. Equal Weight,GOOGL,0.101962517487829
2025-09-17,2. Equal Weight,JNJ,0.09792004723573042
2025-09-17,2. Equal Weight,JPM,0.09994698292933206
2025-09-17,2. Equal Weight,META,0.10101602006698182
2025-09-17,2. Equal Weight,MSFT,0.0984184363416679
2025-09-17,2. Equal Weight,NVDA,0.09422861447642089
2025-09-17,2. Equal Weight,TSLA,0.10583071659415301
2025-09-17,2. Equal Weight,V,0.10035779373016299
2025-09-17,3. Quintile Momentum,CASH,-2.2284748366436595e-05
2025-09-17,3. Quintile Momentum,MSFT,0.4951327909589118
2025-09-17,3. Quintile Momentum,V,0.5048894937894547
2025-09-17,4. Quintile Low Vol,CASH,-1.2033245337708069e-05
2025-09-17,4. Quintile Low Vol,JPM,0.5038589184708282
2025-09-17,4. Quintile Low Vol,MSFT,0.49615311477450963
2025-09-17,5. Mean Reversion,AAPL,0.11747873068404677
2025-09-17,5. Mean Reversion,AMZN,0.14430105000314772
2025-09-17,5. Mean Reversion,CASH,-0.0005322130975629041
2025-09-17,5. Mean Reversion,JNJ,0.06920591214876817
2025-09-17,5. Mean Reversion,JPM,0.09015916129106098
2025-09-17,5. Mean Reversion,META,0.11354968743092828
2025-09-17,5. Mean Reversion,MSFT,0.1225063788480813
2025-09-17,5. Mean Reversion,NVDA,0.13373099048275705
2025-09-17,5. Mean Reversion,TSLA,0.014717409654160235
2025-09-17,5. Mean Reversion,V,0.1948828925546124
2025-09-17,6. GMVP,AAPL,0.10762327172208197
2025-09-17,6. GMVP,AMZN,0.038343532753336615
2025-09-17,6. GMVP,CASH,-0.0002178804965442246
2025-09-17,6. GMVP,GOOGL,0.028433539490761623
2025-09-17,6. GMVP,JNJ,0.3467111561692208
2025-09-17,6. GMVP,JPM,0.11778304937245267
2025-09-17,6. GMVP,MSFT,0.33362060669558946
2025-09-17,6. GMVP,NVDA,0.02770272429310117
2025-09-17,7. Inverse Volatility,AAPL,0.08679692117147934
2025-09-17,7. Inverse Volatility,AMZN,0.06985556665289537
2025-09-17,7. Inverse Volatility,CASH,-0.00010105385452632108
2025-09-17,7. Inverse Volatility,GOOGL,0.05876394762713455
2025-09-17,7. Inverse Volatility,JNJ,0.18371413103880088
2025-09-17,7. Inverse Volatility,JPM,0.11031771094277905
2025-09-17,7. Inverse Volatility,META,0.10559582354816247
2025-09-17,7. Inverse Volatility,MSFT,0.13734206947900365
2025-09-17,7. Inverse Volatility,NVDA,0.06861098379367599
2025-09-17,7. Inverse Volatility,TSLA,0.04577799992931619
2025-09-17,7. Inverse Volatility,V,0.13332589967127895
2025-09-17,8. Risk Parity,AAPL,0.1004634851120557
2025-09-17,8. Risk Parity,AMZN,0.0998918025281411
2025-09-17,8. Risk Parity,CASH,-3.641650247498096e-05
2025-09-17,8. Risk Parity,GOOGL,0.101962517487829
2025-09-17,8. Risk Parity,JNJ,0.09792004723573042
2025-09-17,8. Risk Parity,JPM,0.09994698292933207
2025-09-17,8. Risk Parity,META,0.10101602006698181
2025-09-17,8. Risk Parity,MSFT,0.09841843634166791
2025-09-17,8. Risk Parity,NVDA,0.0942286144764209
2025-09-17,8. Risk Parity,TSLA,0.10583071659415302
2025-09-17,8. Risk Parity,V,0.10035779373016297
2025-09-17,9. Max Diversification,AAPL,0.06392119021381257
2025-09-17,9. Max Diversification,AMZN,0.10133054076028306
2025-09-17,9. Max Diversification,CASH,-0.0006008474285549296
2025-09-17,9. Max Diversification,GOOGL,0.048609300927756914
2025-09-17,9. Max Diversification,JNJ,0.3789778798518033
2025-09-17,9. Max Diversification,JPM,0.05856196263812559
2025-09-17,9. Max Diversification,META,0.10854108368368495
2025-09-17,9. Max Diversification,MSFT,0.05217465322599706
2025-09-17,9. Max Diversification,NVDA,0.1279457821473282
2025-09-17,9. Max Diversification,TSLA,0.05904742096123188
2025-09-17,9. Max Diversification,V,0.001491033018531383
2025-09-18,1. Buy & Hold,AAPL,0.1001774605479044
2025-09-18,1. Buy & Hold,AMZN,0.09990369466368672
2025-09-18,1. Buy & Hold,CASH,-3.6482266429226114e-05
2025-09-18,1. Buy & Hold,GOOGL,0.10317004037007486
2025-09-18,1. Buy & Hold,JNJ,0.09641395326735004
2025-09-18,1. Buy & Hold,JPM,0.10060282006926341
2025-09-18,1. Buy & Hold,META,0.10179007150354386
2025-09-18,1. Buy & Hold,MSFT,0.09829265891769134
2025-09-18,1. Buy & Hold,NVDA,0.09769711110754548
2025-09-18,1. Buy & Hold,TSLA,0.10377871065486795
2025-09-18,1. Buy & Hold,V,0.09820996116450127
2025-09-18,10. Max Decorrelation,AAPL,0.06092463049708283
2025-09-18,10. Max Decorrelation,AMZN,0.12006873594573611
2025-09-18,10. Max Decorrelation,CASH,-0.0005565938076352251
2025-09-18,10. Max Decorrelation,GOOGL,0.05560675115471453
2025-09-18,10. Max Decorrelation,JNJ,0.28127373206746115
2025-09-18,10. Max Decorrelation,JPM,0.043977163801451176
2025-09-18,10. Max Decorrelation,META,0.1443215556513365
2025-09-18,10. Max Decorrelation,MSFT,0.03435449236273778
2025-09-18,10. Max Decorrelation,NVDA,0.14766366784335272
2025-09-18,10. Max Decorrelation,TSLA,0.11107454252420734
2025-09-18,10. Max Decorrelation,V,0.0012913219595552324
2025-09-18,11. Sharpe Maximization,AAPL,0.16710304167934042
2025-09-18,11. Sharpe Maximization,CASH,-0.0004415704539540061
2025-09-18,11. Sharpe Maximization,GOOGL,0.19881647386809714
2025-09-18,11. Sharpe Maximization,JNJ,0.29133871696031316
2025-09-18,11. Sharpe Maximization,JPM,0.16057391920220662
2025-09-18,11. Sharpe Maximization,MSFT,0.14627823197440298
2025-09-18,11. Sharpe Maximization,NVDA,0.03633118676959373
2025-09-18,12. CVaR Minimization,AAPL,0.1356889907445432
2025-09-18,12. CVaR Minimization,CASH,-0.0003630487744669133
2025-09-18,12. CVaR Minimization,GOOGL,0.19046711517413184
2025-09-18,12. CVaR Minimization,JNJ,0.2926659564048522
2025-09-18,12. CVaR Minimization,MSFT,0.2948789389481865
2025-09-18,12. CVaR Minimization,V,0.0866611276043657
2025-09-18,2. Equal Weight,AAPL,0.10017746054790437
2025-09-18,2. Equal Weight,AMZN,0.0999036946636867
2025-09-18,2. Equal Weight,CASH,-3.6482266429226196e-05
2025-09-18,2. Equal Weight,GOOGL,0.10317004037007484
2025-09-18,2. Equal Weight,JNJ,0.09641395326735001
2025-09-18,2. Equal Weight,JPM,0.1006028200692634
2025-09-18,2. Equal Weight,META,0.10179007150354384
2025-09-18,2. Equal Weight,MSFT,0.09829265891769132
2025-09-18,2. Equal Weight,NVDA,0.09769711110754548
2025-09-18,2. Equal Weight,TSLA,0.10377871065486795
2025-09-18,2. Equal Weight,V,0.09820996116450126
2025-09-18,3. Quintile Momentum,CASH,-2.2583307405686363e-05
2025-09-18,3. Quintile Momentum,MSFT,0.5002217204529327
2025-09-18,3. Quintile Momentum,V,0.499800862854473
2025-09-18,4. Quintile Low Vol,CASH,-1.2022849140880228e-05
2025-09-18,4. Quintile Low Vol,JPM,0.505813556518249
2025-09-18,4. Quintile Low Vol,MSFT,0.4941984663308918
2025-09-18,5. Mean Reversion,AAPL,0.11709873463673495
2025-09-18,5. Mean Reversion,AMZN,0.14426213965083326
2025-09-18,5. Mean Reversion,CASH,-0.0005329669936549466
2025-09-18,5. Mean Reversion,JNJ,0.06811498286004027
2025-09-18,5. Mean Reversion,JPM,0.09071550183727133
2025-09-18,5. Mean Reversion,META,0.11437531074591703
2025-09-18,5. Mean Reversion,MSFT,0.12230226598885553
2025-09-18,5. Mean Reversion,NVDA,0.13859965714880462
2025-09-18,5. Mean Reversion,TSLA,0.014426437236047644
2025-09-18,5. Mean Reversion,V,0.19063793688915037
2025-09-18,6. GMVP,AAPL,0.10774049701496964
2025-09-18,6. GMVP,AMZN,0.038499476962196466
2025-09-18,6. GMVP,CASH,-0.00021913560141779926
2025-09-18,6. GMVP,GOOGL,0.028883843409663275
2025-09-18,6. GMVP,JNJ,0.3427260364135402
2025-09-18,6. GMVP,JPM,0.11902392451688262
2025-09-18,6. GMVP,MSFT,0.3345095308917677
2025-09-18,6. GMVP,NVDA,0.02883582639239792
2025-09-18,7. Inverse Volatility,AAPL,0.0867429576335507
2025-09-18,7. Inverse Volatility,AMZN,0.0700197969327122
2025-09-18,7. Inverse Volatility,CASH,-0.00010146227331722597
2025-09-18,7. Inverse Volatility,GOOGL,0.059592573519731636
2025-09-18,7. Inverse Volatility,JNJ,0.1812921362590103
2025-09-18,7. Inverse Volatility,JPM,0.11128940877464598
2025-09-18,7. Inverse Volatility,META,0.10664243050479266
2025-09-18,7. Inverse Volatility,MSFT,0.13747266028379976
2025-09-18,7. Inverse Volatility,NVDA,0.07129526545409162
2025-09-18,7. Inverse Volatility,TSLA,0.04499056791854939
2025-09-18,7. Inverse Volatility,V,0.13076366499243292
2025-09-18,8. Risk Parity,AAPL,0.10017746054790438
2025-09-18,8. Risk Parity,AMZN,0.09990369466368669
2025-09-18,8. Risk Parity,CASH,-3.648226642922678e-05
2025-09-18,8. Risk Parity,GOOGL,0.10317004037007485
2025-09-18,8. Risk Parity,JNJ,0.09641395326735001
2025-09-18,8. Risk Parity,JPM,0.1006028200692634
2025-09-18,8. Risk Parity,META,0.10179007150354383
2025-09-18,8. Risk Parity,MSFT,0.09829265891769132
2025-09-18,8. Risk Parity,NVDA,0.09769711110754549
2025-09-18,8. Risk Parity,TSLA,0.10377871065486795
2025-09-18,8. Risk Parity,V,0.09820996116450124
2025-09-18,9. Max Diversification,AAPL,0.06378654820377995
2025-09-18,9. Max Diversification,AMZN,0.10141788040463104
2025-09-18,9. Max Diversification,CASH,-0.0006023795980607558
2025-09-18,9. Max Diversification,GOOGL,0.04922150580213249
2025-09-18,9. Max Diversification,JNJ,0.3734260474260595
2025-09-18,9. Max Diversification,JPM,0.058990022119109115
2025-09-18,9. Max Diversification,META,0.10945403809586708
2025-09-18,9. Max Diversification,MSFT,0.052146679987117986
2025-09-18,9. Max Diversification,NVDA,0.1327539217620073
2025-09-18,9. Max Diversification,TSLA,0.05794552967622401
2025-09-18,9. Max Diversification,V,0.0014602061211321223
2025-09-19,1. Buy & Hold,AAPL,0.10000240204687755
2025-09-19,1. Buy & Hold,AMZN,0.10000240204687755
2025-09-19,1. Buy & Hold,CASH,-2.4020468775272042e-05
2025-09-19,1. Buy & Hold,GOOGL,0.10000240204687755
2025-09-19,1. Buy & Hold,JNJ,0.10000240204687755
2025-09-19,1. Buy & Hold,JPM,0.10000240204687753
2025-09-19,1. Buy & Hold,META,0.10000240204687755
2025-09-19,1. Buy & Hold,MSFT,0.10000240204687755
2025-09-19,1. Buy & Hold,NVDA,0.10000240204687752
2025-09-19,1. Buy & Hold,TSLA,0.10000240204687752
2025-09-19,1. Buy & Hold,V,0.10000240204687753
2025-09-19,10. Max Decorrelation,AAPL,0.0690427200946048
2025-09-19,10. Max Decorrelation,AMZN,0.11046844750435175
2025-09-19,10. Max Decorrelation,CASH,-0.00014837196128965043
2025-09-19,10. Max Decorrelation,GOOGL,0.046915245268112714
2025-09-19,10. Max Decorrelation,JNJ,0.29141309312635294
2025-09-19,10. Max Decorrelation,JPM,0.041330596815302816
2025-09-19,10. Max Decorrelation,META,0.1613131311261596
2025-09-19,10. Max Decorrelation,MSFT,0.003101930647684994
2025-09-19,10. Max Decorrelation,NVDA,0.18026885892235617
2025-09-19,10. Max Decorrelation,TSLA,0.09629434845636373
2025-09-19,11. Sharpe Maximization,AAPL,0.28644289800356215
2025-09-19,11. Sharpe Maximization,CASH,-0.0005515266857708204
2025-09-19,11. Sharpe Maximization,GOOGL,0.24753720786773661
2025-09-19,11. Sharpe Maximization,JNJ,0.21446046897113802
2025-09-19,11. Sharpe Maximization,JPM,0.020157592776590686
2025-09-19,11. Sharpe Maximization,META,1.2630248035945947e-05
2025-09-19,11. Sharpe Maximization,MSFT,0.23188320046626598
2025-09-19,11. Sharpe Maximization,NVDA,1.6992324426657894e-05
2025-09-19,11. Sharpe Maximization,TSLA,4.053602801475671e-05
2025-09-19,12. CVaR Minimization,AAPL,0.1645273901796911
2025-09-19,12. CVaR Minimization,CASH,-0.0001849064243603936
2025-09-19,12. CVaR Minimization,GOOGL,0.16588514059408618
2025-09-19,12. CVaR Minimization,JNJ,0.30005558221016715
2025-09-19,12. CVaR Minimization,MSFT,0.3000546537281218
2025-09-19,12. CVaR Minimization,NVDA,0.016446117699158217
2025-09-19,12. CVaR Minimization,TSLA,0.030944886901142336
2025-09-19,12. CVaR Minimization,V,0.022270230859682636
2025-09-19,2. Equal Weight,AAPL,0.10000240204687752
2025-09-19,2. Equal Weight,AMZN,0.10000240204687752
2025-09-19,2. Equal Weight,CASH,-2.402046877538294e-05
2025-09-19,2. Equal Weight,GOOGL,0.10000240204687752
2025-09-19,2. Equal Weight,JNJ,0.10000240204687755
2025-09-19,2. Equal Weight,JPM,0.10000240204687752
2025-09-19,2. Equal Weight,META,0.10000240204687752
2025-09-19,2. Equal Weight,MSFT,0.10000240204687752
2025-09-19,2. Equal Weight,NVDA,0.10000240204687752
2025-09-19,2. Equal Weight,TSLA,0.10000240204687752
2025-09-19,2. Equal Weight,V,0.1000024020468775
2025-09-19,3. Quintile Momentum,CASH,-1.5860504661907208e-05
2025-09-19,3. Quintile Momentum,MSFT,0.500007930252331
2025-09-19,3. Quintile Momentum,V,0.5000079302523309
2025-09-19,4. Quintile Low Vol,CASH,-1.2902388408801828e-05
2025-09-19,4. Quintile Low Vol,JPM,0.5000064511942044
2025-09-19,4. Quintile Low Vol,MSFT,0.5000064511942044
2025-09-19,5. Mean Reversion,AAPL,0.1278743433275592
2025-09-19,5. Mean Reversion,AMZN,0.1499358668803873
2025-09-19,5. Mean Reversion,CASH,-0.0004809794856920187
2025-09-19,5. Mean Reversion,GOOGL,0.07183452523228
2025-09-19,5. Mean Reversion,JNJ,0.16496963611183002
2025-09-19,5. Mean Reversion,META,0.10316387195559316
2025-09-19,5. Mean Reversion,MSFT,0.0773831679601427
2025-09-19,5. Mean Reversion,NVDA,0.10612065855137594
2025-09-19,5. Mean Reversion,TSLA,0.04796043859878615
2025-09-19,5. Mean Reversion,V,0.15123847086773748
2025-09-19,6. GMVP,AAPL,0.1070217760446077
2025-09-19,6. GMVP,AMZN,0.04508806524724707
2025-09-19,6. GMVP,CASH,-0.00019572905638960453
2025-09-19,6. GMVP,GOOGL,0.01453748304655992
2025-09-19,6. GMVP,JNJ,0.3494610254698086
2025-09-19,6. GMVP,JPM,0.10363222738121776
2025-09-19,6. GMVP,MSFT,0.27924443060388116
2025-09-19,6. GMVP,NVDA,0.06673942165028572
2025-09-19,6. GMVP,V,0.03447129961278158
2025-09-19,7. Inverse Volatility,AAPL,0.08540400132058835
2025-09-19,7. Inverse Volatility,AMZN,0.07893268618907061
2025-09-19,7. Inverse Volatility,CASH,-8.287669183977407e-05
2025-09-19,7. Inverse Volatility,GOOGL,0.058207990718716955
2025-09-19,7. Inverse Volatility,JNJ,0.1716844381338271
2025-09-19,7. Inverse Volatility,JPM,0.12265713522025842
2025-09-19,7. Inverse Volatility,META,0.11889799804879715
2025-09-19,7. Inverse Volatility,MSFT,0.1338323590531267
2025-09-19,7. Inverse Volatility,NVDA,0.07103871195686394
2025-09-19,7. Inverse Volatility,TSLA,0.04575734292573026
2025-09-19,7. Inverse Volatility,V,0.11367021312486039
2025-09-19,8. Risk Parity,AAPL,0.10000240204687753
2025-09-19,8. Risk Parity,AMZN,0.10000240204687753
2025-09-19,8. Risk Parity,CASH,-2.4020468775382987e-05
2025-09-19,8. Risk Parity,GOOGL,0.10000240204687753
2025-09-19,8. Risk Parity,JNJ,0.10000240204687753
2025-09-19,8. Risk Parity,JPM,0.10000240204687753
2025-09-19,8. Risk Parity,META,0.10000240204687753
2025-09-19,8. Risk Parity,MSFT,0.10000240204687753
2025-09-19,8. Risk Parity,NVDA,0.10000240204687753
2025-09-19,8. Risk Parity,TSLA,0.10000240204687753
2025-09-19,8. Risk Parity,V,0.10000240204687753
2025-09-19,9. Max Diversification,AAPL,0.07344035505250887
2025-09-19,9. Max Diversification,AMZN,0.09400083873657326
2025-09-19,9. Max Diversification,CASH,-0.00016006263420020083
2025-09-19,9. Max Diversification,GOOGL,0.04084714579827465
2025-09-19,9. Max Diversification,JNJ,0.3976666854825311
2025-09-19,9. Max Diversification,JPM,0.05838143223218186
2025-09-19,9. Max Diversification,META,0.12460788653890659
2025-09-19,9. Max Diversification,MSFT,0.004646681283189746
2025-09-19,9. Max Diversification,NVDA,0.15790005949309885
2025-09-19,9. Max Diversification,TSLA,0.04866896868889063
2025-09-22,1. Buy & Hold,AAPL,0.10387652872822846
2025-09-22,1. Buy & Hold,AMZN,0.09792854192715096
2025-09-22,1. Buy & Hold,CASH,-2.392017267645058e-05
2025-09-22,1. Buy & Hold,GOOGL,0.09872864947154877
2025-09-22,1. Buy & Hold,JNJ,0.0984657263203229
2025-09-22,1. Buy & Hold,JPM,0.09884455753218284
2025-09-22,1. Buy & Hold,META,0.09789349941850893
2025-09-22,1. Buy & Hold,MSFT,0.0989157316757609
2025-09-22,1. Buy & Hold,NVDA,0.10349676735663019
2025-09-22,1. Buy & Hold,TSLA,0.10148740048865063
2025-09-22,1. Buy & Hold,V,0.10038651725369191
2025-09-22,10. Max Decorrelation,AAPL,0.07178034814330901
2025-09-22,10. Max Decorrelation,AMZN,0.10827240357419354
2025-09-22,10. Max Decorrelation,CASH,-0.00014788200841937458
2025-09-22,10. Max Decorrelation,GOOGL,0.046358291974650585
2025-09-22,10. Max Decorrelation,JNJ,0.2871867431053709
2025-09-22,10. Max Decorrelation,JPM,0.0408878879024581
2025-09-22,10. Max Decorrelation,META,0.15804975017553186
2025-09-22,10. Max Decorrelation,MSFT,0.0030709142563849208
2025-09-22,10. Max Decorrelation,NVDA,0.1867315636557647
2025-09-22,10. Max Decorrelation,TSLA,0.09780997922075563
2025-09-22,11. Sharpe Maximization,AAPL,0.2969759612663888
2025-09-22,11. Sharpe Maximization,CASH,-0.0005481830512732816
2025-09-22,11. Sharpe Maximization,GOOGL,0.2439211695827794
2025-09-22,11. Sharpe Maximization,JNJ,0.2107648334676965
2025-09-22,11. Sharpe Maximization,JPM,0.019886448899943725
2025-09-22,11. Sharpe Maximization,META,1.234046551060755e-05
2025-09-22,11. Sharpe Maximization,MSFT,0.2289288165926694
2025-09-22,11. Sharpe Maximization,NVDA,1.7552758837820035e-05
2025-09-22,11. Sharpe Maximization,TSLA,4.1060017446916656e-05
2025-09-22,12. CVaR Minimization,AAPL,0.17132782202730962
2025-09-22,12. CVaR Minimization,CASH,-0.0001845939746554994
2025-09-22,12. CVaR Minimization,GOOGL,0.16418101584847086
2025-09-22,12. CVaR Minimization,JNJ,0.29618226947595033
2025-09-22,12. CVaR Minimization,MSFT,0.29753495285621
2025-09-22,12. CVaR Minimization,NVDA,0.017063276809869674
2025-09-22,12. CVaR Minimization,TSLA,0.03148279528090196
2025-09-22,12. CVaR Minimization,V,0.02241157424103785
2025-09-22,2. Equal Weight,AAPL,0.10387652872822846
2025-09-22,2. Equal Weight,AMZN,0.09792854192715095
2025-09-22,2. Equal Weight,CASH,-2.3920172676561016e-05
2025-09-22,2. Equal Weight,GOOGL,0.09872864947154877
2025-09-22,2. Equal Weight,JNJ,0.09846572632032288
2025-09-22,2. Equal Weight,JPM,0.09884455753218284
2025-09-22,2. Equal Weight,META,0.09789349941850893
2025-09-22,2. Equal Weight,MSFT,0.09891573167576088
2025-09-22,2. Equal Weight,NVDA,0.10349676735663021
2025-09-22,2. Equal Weight,TSLA,0.10148740048865065
2025-09-22,2. Equal Weight,V,0.10038651725369192
2025-09-22,3. Quintile Momentum,CASH,-1.5849955866099492e-05
2025-09-22,3. Quintile Momentum,MSFT,0.49631802961117744
2025-09-22,3. Quintile Momentum,V,0.5036978203446886
2025-09-22,4. Quintile Low Vol,CASH,-1.2994342879874488e-05
2025-09-22,4. Quintile Low Vol,JPM,0.4998265442882692
2025-09-22,4. Quintile Low Vol,MSFT,0.5001864500546107
2025-09-22,5. Mean Reversion,AAPL,0.13277760095662341
2025-09-22,5. Mean Reversion,AMZN,0.1467705075128259
2025-09-22,5. Mean Reversion,CASH,-0.000478788587520154
2025-09-22,5. Mean Reversion,GOOGL,0.0708925167969557
2025-09-22,5. Mean Reversion,JNJ,0.1623727245193318
2025-09-22,5. Mean Reversion,META,0.10094979935446344
2025-09-22,5. Mean Reversion,MSFT,0.07651310837522482
2025-09-22,5. Mean Reversion,NVDA,0.10978694348240511
2025-09-22,5. Mean Reversion,TSLA,0.04865407803852431
2025-09-22,5. Mean Reversion,V,0.15176150955116574
2025-09-22,6. GMVP,AAPL,0.11162696631274176
2025-09-22,6. GMVP,AMZN,0.0443353792792473
2025-09-22,6. GMVP,CASH,-0.00019571679978279364
2025-09-22,6. GMVP,GOOGL,0.014411591964894357
2025-09-22,6. GMVP,JNJ,0.34551219109845294
2025-09-22,6. GMVP,JPM,0.10285540869937068
2025-09-22,6. GMVP,MSFT,0.27735080312993715
2025-09-22,6. GMVP,NVDA,0.06935675473376021
2025-09-22,6. GMVP,V,0.03474662158137826
2025-09-22,7. Inverse Volatility,AAPL,0.08902336064456666
2025-09-22,7. Inverse Volatility,AMZN,0.0775665560218828
2025-09-22,7. Inverse Volatility,CASH,-8.281976785457548e-05
2025-09-22,7. Inverse Volatility,GOOGL,0.057667900768837196
2025-09-22,7. Inverse Volatility,JNJ,0.16963847450868108
2025-09-22,7. Inverse Volatility,JPM,0.12166171014370869
2025-09-22,7. Inverse Volatility,META,0.11679835708102572
2025-09-22,7. Inverse Volatility,MSFT,0.13284182678285722
2025-09-22,7. Inverse Volatility,NVDA,0.07377856461451736
2025-09-22,7. Inverse Volatility,TSLA,0.046599500790335625
2025-09-22,7. Inverse Volatility,V,0.11450656841144215
2025-09-22,8. Risk Parity,AAPL,0.10387652872822845
2025-09-22,8. Risk Parity,AMZN,0.09792854192715096
2025-09-22,8. Risk Parity,CASH,-2.3920172676561063e-05
2025-09-22,8. Risk Parity,GOOGL,0.09872864947154879
2025-09-22,8. Risk Parity,JNJ,0.0984657263203229
2025-09-22,8. Risk Parity,JPM,0.09884455753218285
2025-09-22,8. Risk Parity,META,0.09789349941850893
2025-09-22,8. Risk Parity,MSFT,0.0989157316757609
2025-09-22,8. Risk Parity,NVDA,0.10349676735663024
2025-09-22,8. Risk Parity,TSLA,0.1014874004886507
2025-09-22,8. Risk Parity,V,0.10038651725369194
2025-09-22,9. Max Diversification,AAPL,0.07650339099836119
2025-09-22,9. Max Diversification,AMZN,0.0923144117218724
2025-09-22,9. Max Diversification,CASH,-0.00015984965858998075
2025-09-22,9. Max Diversification,GOOGL,0.040442072303916325
2025-09-22,9. Max Diversification,JNJ,0.39267457990527654
2025-09-22,9. Max Diversification,JPM,0.05787033497502754
2025-09-22,9. Max Diversification,META,0.12232856274412811
2025-09-22,9. Max Diversification,MSFT,0.004609318754015631
2025-09-22,9. Max Diversification,NVDA,0.16388438220567852
2025-09-22,9. Max Diversification,TSLA,0.04953278665968868
2025-09-23,1. Buy & Hold,AAPL,0.10438976763031538
2025-09-23,1. Buy & Hold,AMZN,0.09603944606090421
2025-09-23,1. Buy & Hold,CASH,-2.4194249572779078e-05
2025-09-23,1. Buy & Hold,GOOGL,0.09951584971949363
2025-09-23,1. Buy & Hold,JNJ,0.1009488477780305
2025-09-23,1. Buy & Hold,JPM,0.1000731131084052
2025-09-23,1. Buy & Hold,META,0.097752173225228
2025-09-23,1. Buy & Hold,MSFT,0.09903393216349049
2025-09-23,1. Buy & Hold,NVDA,0.1017293280396788
2025-09-23,1. Buy & Hold,TSLA,0.10067387954023976
2025-09-23,1. Buy & Hold,V,0.0998678569837869
2025-09-23,10. Max Decorrelation,AAPL,0.0719775845404049
2025-09-23,10. Max Decorrelation,AMZN,0.10595204448571305
2025-09-23,10. Max Decorrelation,CASH,-0.0001492500177012897
2025-09-23,10. Max Decorrelation,GOOGL,0.046625949727658815
2025-09-23,10. Max Decorrelation,JNJ,0.2937865243410105
2025-09-23,10. Max Decorrelation,JPM,0.041305751800403225
2025-09-23,10. Max Decorrelation,META,0.15747716466055062
2025-09-23,10. Max Decorrelation,MSFT,0.0030678742289966744
2025-09-23,10. Max Decorrelation,NVDA,0.18314215912284343
2025-09-23,10. Max Decorrelation,TSLA,0.09681419711012011
2025-09-23,11. Sharpe Maximization,AAPL,0.29571058844713877
2025-09-23,11. Sharpe Maximization,CASH,-0.0005493871862513899
2025-09-23,11. Sharpe Maximization,GOOGL,0.24361477778006513
2025-09-23,11. Sharpe Maximization,JNJ,0.2141013981416399
2025-09-23,11. Sharpe Maximization,JPM,0.019949267931975725
2025-09-23,11. Sharpe Maximization,META,1.2209817892006603e-05
2025-09-23,11. Sharpe Maximization,MSFT,0.22710369210818326
2025-09-23,11. Sharpe Maximization,NVDA,1.7095029430635122e-05
2025-09-23,11. Sharpe Maximization,TSLA,4.0357929925922866e-05
2025-09-23,12. CVaR Minimization,AAPL,0.1705847142256453
2025-09-23,12. CVaR Minimization,CASH,-0.00018498524219888162
2025-09-23,12. CVaR Minimization,GOOGL,0.16396219113700378
2025-09-23,12. CVaR Minimization,JNJ,0.3008479452884515
2025-09-23,12. CVaR Minimization,MSFT,0.295140196911298
2025-09-23,12. CVaR Minimization,NVDA,0.016617035302562755
2025-09-23,12. CVaR Minimization,TSLA,0.030942092293205294
2025-09-23,12. CVaR Minimization,V,0.022089934208789033
2025-09-23,2. Equal Weight,AAPL,0.10438976763031536
2025-09-23,2. Equal Weight,AMZN,0.0960394460609042
2025-09-23,2. Equal Weight,CASH,-2.4194249572890778e-05
2025-09-23,2. Equal Weight,GOOGL,0.09951584971949361
2025-09-23,2. Equal Weight,JNJ,0.10094884777803048
2025-09-23,2. Equal Weight,JPM,0.10007311310840519
2025-09-23,2. Equal Weight,META,0.09775217322522797
2025-09-23,2. Equal Weight,MSFT,0.09903393216349048
2025-09-23,2. Equal Weight,NVDA,0.10172932803967881
2025-09-23,2. Equal Weight,TSLA,0.10067387954023976
2025-09-23,2. Equal Weight,V,0.0998678569837869
2025-09-23,3. Quintile Momentum,CASH,-1.6063845023069573e-05
2025-09-23,3. Quintile Momentum,MSFT,0.49791167517300533
2025-09-23,3. Quintile Momentum,V,0.5021043886720177
2025-09-23,4. Quintile Low Vol,CASH,-1.305433204684959e-05
2025-09-23,4. Quintile Low Vol,JPM,0.5026161648845399
2025-09-23,4. Quintile Low Vol,MSFT,0.49739688944750693
2025-09-23,5. Mean Reversion,AAPL,0.13351695301824376
2025-09-23,5. Mean Reversion,AMZN,0.14402909997591515
2025-09-23,5. Mean Reversion,CASH,-0.000484576923609652
2025-09-23,5. Mean Reversion,GOOGL,0.0715023880675089
2025-09-23,5. Mean Reversion,JNJ,0.1665714047014913
2025-09-23,5. Mean Reversion,META,0.10086700381089952
2025-09-23,5. Mean Reversion,MSFT,0.07665237114278235
2025-09-23,5. Mean Reversion,NVDA,0.10797946656754637
2025-09-23,5. Mean Reversion,TSLA,0.04829420444450941
2025-09-23,5. Mean Reversion,V,0.15107168519471278
2025-09-23,6. GMVP,AAPL,0.11120346679776291
2025-09-23,6. GMVP,AMZN,0.04310220501758221
2025-09-23,6. GMVP,CASH,-0.00019623869798011625
2025-09-23,6. GMVP,GOOGL,0.014400239620214047
2025-09-23,6. GMVP,JNJ,0.35114650908934336
2025-09-23,6. GMVP,JPM,0.10322870632409432
2025-09-23,6. GMVP,MSFT,0.27526867042727343
2025-09-23,6. GMVP,NVDA,0.06757979291329204
2025-09-23,6. GMVP,V,0.03426664850841772
2025-09-23,7. Inverse Volatility,AAPL,0.0891993995255471
2025-09-23,7. Inverse Volatility,AMZN,0.0758459351719424
2025-09-23,7. Inverse Volatility,CASH,-8.3521694715783e-05
2025-09-23,7. Inverse Volatility,GOOGL,0.05795629910279373
2025-09-23,7. Inverse Volatility,JNJ,0.1734035878709832
2025-09-23,7. Inverse Volatility,JPM,0.1228106439626199
2025-09-23,7. Inverse Volatility,META,0.11628581606118292
2025-09-23,7. Inverse Volatility,MSFT,0.1326083703012499
2025-09-23,7. Inverse Volatility,NVDA,0.07230478441902372
2025-09-23,7. Inverse Volatility,TSLA,0.04608964719155747
2025-09-23,7. Inverse Volatility,V,0.11357903808781547
2025-09-23,8. Risk Parity,AAPL,0.10438976763031536
2025-09-23,8. Risk Parity,AMZN,0.0960394460609042
2025-09-23,8. Risk Parity,CASH,-2.4194249572890826e-05
2025-09-23,8. Risk Parity,GOOGL,0.09951584971949362
2025-09-23,8. Risk Parity,JNJ,0.1009488477780305
2025-09-23,8. Risk Parity,JPM,0.1000731131084052
2025-09-23,8. Risk Parity,META,0.09775217322522799
2025-09-23,8. Risk Parity,MSFT,0.09903393216349049
2025-09-23,8. Risk Parity,NVDA,0.10172932803967884
2025-09-23,8. Risk Parity,TSLA,0.10067387954023978
2025-09-23,8. Risk Parity,V,0.09986785698378693
2025-09-23,9. Max Diversification,AAPL,0.07640972268935352
2025-09-23,9. Max Diversification,AMZN,0.08997819980255027
2025-09-23,9. Max Diversification,CASH,-0.00016068931305753808
2025-09-23,9. Max Diversification,GOOGL,0.040514445186022666
2025-09-23,9. Max Diversification,JNJ,0.4001073234413792
2025-09-23,9. Max Diversification,JPM,0.05823017295500354
2025-09-23,9. Max Diversification,META,0.12140256882129258
2025-09-23,9. Max Diversification,MSFT,0.004586515157918057
2025-09-23,9. Max Diversification,NVDA,0.16009744251280938
2025-09-23,9. Max Diversification,TSLA,0.048834289461934285
2025-09-24,1. Buy & Hold,AAPL,0.10337195341798744
2025-09-24,1. Buy & Hold,AMZN,0.09568488060529735
2025-09-24,1. Buy & Hold,CASH,-2.4159659153745316e-05
2025-09-24,1. Buy & Hold,GOOGL,0.09758874935569593
2025-09-24,1. Buy & Hold,JNJ,0.10086731751088619
2025-09-24,1. Buy & Hold,JPM,0.10014731988359965
2025-09-24,1. Buy & Hold,META,0.09829211196456258
2025-09-24,1. Buy & Hold,MSFT,0.09907100753743944
2025-09-24,1. Buy & Hold,NVDA,0.10075267786896805
2025-09-24,1. Buy & Hold,TSLA,0.1045289538915811
2025-09-24,1. Buy & Hold,V,0.09971918762313604
2025-09-24,10. Max Decorrelation,AAPL,0.07123179202594614
2025-09-24,10. Max Decorrelation,AMZN,0.10549571597539956
2025-09-24,10. Max Decorrelation,CASH,-0.00014894462922811598
2025-09-24,10. Max Decorrelation,GOOGL,0.045694822800834575
2025-09-24,10. Max Decorrelation,JNJ,0.29336803095415614
2025-09-24,10. Max Decorrelation,JPM,0.04131086245448271
2025-09-24,10. Max Decorrelation,META,0.15824924320743483
2025-09-24,10. Max Decorrelation,MSFT,0.0030671281185828255
2025-09-24,10. Max Decorrelation,NVDA,0.1812719312477067
2025-09-24,10. Max Decorrelation,TSLA,0.10045941784468453
2025-09-24,11. Sharpe Maximization,AAPL,0.295091200479621
2025-09-24,11. Sharpe Maximization,CASH,-0.0005528429348972134
2025-09-24,11. Sharpe Maximization,GOOGL,0.24074413593503802
2025-09-24,11. Sharpe Maximization,JNJ,0.2155823489641832
2025-09-24,11. Sharpe Maximization,JPM,0.020118401715327142
2025-09-24,11. Sharpe Maximization,META,1.2372174112247802e-05
2025-09-24,11. Sharpe Maximization,MSFT,0.2289450945698504
2025-09-24,11. Sharpe Maximization,NVDA,1.7061800763090718e-05
2025-09-24,11. Sharpe Maximization,TSLA,4.2227296001808026e-05
2025-09-24,12. CVaR Minimization,AAPL,0.16959615892846117
2025-09-24,12. CVaR Minimization,CASH,-0.0001854585400213308
2025-09-24,12. CVaR Minimization,GOOGL,0.1614292829102864
2025-09-24,12. CVaR Minimization,JNJ,0.30180557789406137
2025-09-24,12. CVaR Minimization,MSFT,0.2964299130590329
2025-09-24,12. CVaR Minimization,NVDA,0.016523234709438558
2025-09-24,12. CVaR Minimization,TSLA,0.03225526273941338
2025-09-24,12. CVaR Minimization,V,0.02214514513476274
2025-09-24,2. Equal Weight,AAPL,0.10337195341798745
2025-09-24,2. Equal Weight,AMZN,0.09568488060529737
2025-09-24,2. Equal Weight,CASH,-2.4159659153856863e-05
2025-09-24,2. Equal Weight,GOOGL,0.09758874935569593
2025-09-24,2. Equal Weight,JNJ,0.1008673175108862
2025-09-24,2. Equal Weight,JPM,0.10014731988359965
2025-09-24,2. Equal Weight,META,0.09829211196456258
2025-09-24,2. Equal Weight,MSFT,0.09907100753743946
2025-09-24,2. Equal Weight,NVDA,0.10075267786896809
2025-09-24,2. Equal Weight,TSLA,0.10452895389158114
2025-09-24,2. Equal Weight,V,0.09971918762313604
2025-09-24,3. Quintile Momentum,CASH,-1.6049883184088253e-05
2025-09-24,3. Quintile Momentum,MSFT,0.4983776867642295
2025-09-24,3. Quintile Momentum,V,0.5016383631189545
2025-09-24,4. Quintile Low Vol,CASH,-1.302838633878179e-05
2025-09-24,4. Quintile Low Vol,JPM,0.5027078880645063
2025-09-24,4. Quintile Low Vol,MSFT,0.49730514032183254
2025-09-24,5. Mean Reversion,AAPL,0.13250379140456423
2025-09-24,5. Mean Reversion,AMZN,0.1438106402250439
2025-09-24,5. Mean Reversion,CASH,-0.00048494052149598534
2025-09-24,5. Mean Reversion,GOOGL,0.07027083976902086
2025-09-24,5. Mean Reversion,JNJ,0.16680023307345143
2025-09-24,5. Mean Reversion,META,0.10164557240676916
2025-09-24,5. Mean Reversion,MSFT,0.07684847441151868
2025-09-24,5. Mean Reversion,NVDA,0.10717628513961773
2025-09-24,5. Mean Reversion,TSLA,0.05025299100388435
2025-09-24,5. Mean Reversion,V,0.15117611308762555
2025-09-24,6. GMVP,AAPL,0.11037592640409488
2025-09-24,6. GMVP,AMZN,0.043043185411048464
2025-09-24,6. GMVP,CASH,-0.00019641495103994632
2025-09-24,6. GMVP,GOOGL,0.0141543020210167
2025-09-24,6. GMVP,JNJ,0.35168083577433185
2025-09-24,6. GMVP,JPM,0.10354607673546208
2025-09-24,6. GMVP,MSFT,0.27601366537364624
2025-09-24,6. GMVP,NVDA,0.0670870231495035
2025-09-24,6. GMVP,V,0.03429540008193635
2025-09-24,7. Inverse Volatility,AAPL,0.08839398058582508
2025-09-24,7. Inverse Volatility,AMZN,0.07562091915871323
2025-09-24,7. Inverse Volatility,CASH,-8.346298502911121e-05
2025-09-24,7. Inverse Volatility,GOOGL,0.05687535367767648
2025-09-24,7. Inverse Volatility,JNJ,0.17338964307211815
2025-09-24,7. Inverse Volatility,JPM,0.1229911601757194
2025-09-24,7. Inverse Volatility,META,0.11701322759843674
2025-09-24,7. Inverse Volatility,MSFT,0.13275456465422017
2025-09-24,7. Inverse Volatility,NVDA,0.07166274279014195
2025-09-24,7. Inverse Volatility,TSLA,0.0478893730499147
2025-09-24,7. Inverse Volatility,V,0.11349249822226302
2025-09-24,8. Risk Parity,AAPL,0.10337195341798742
2025-09-24,8. Risk Parity,AMZN,0.09568488060529734
2025-09-24,8. Risk Parity,CASH,-2.4159659153856904e-05
2025-09-24,8. Risk Parity,GOOGL,0.09758874935569592
2025-09-24,8. Risk Parity,JNJ,0.10086731751088619
2025-09-24,8. Risk Parity,JPM,0.10014731988359964
2025-09-24,8. Risk Parity,META,0.09829211196456257
2025-09-24,8. Risk Parity,MSFT,0.09907100753743946
2025-09-24,8. Risk Parity,NVDA,0.10075267786896809
2025-09-24,8. Risk Parity,TSLA,0.10452895389158112
2025-09-24,8. Risk Parity,V,0.09971918762313606
2025-09-24,9. Max Diversification,AAPL,0.07575078605107487
2025-09-24,9. Max Diversification,AMZN,0.08974798376879764
2025-09-24,9. Max Diversification,CASH,-0.00016064209849451502
2025-09-24,9. Max Diversification,GOOGL,0.03977508538644211
2025-09-24,9. Max Diversification,JNJ,0.4002389343079127
2025-09-24,9. Max Diversification,JPM,0.05833963788210108
2025-09-24,9. Max Diversification,META,0.12221199946851494
2025-09-24,9. Max Diversification,MSFT,0.004593451313861531
2025-09-24,9. Max Diversification,NVDA,0.15874079256010426
2025-09-24,9. Max Diversification,TSLA,0.05076196207816761
2025-09-25,1. Buy & Hold,AAPL,0.10591325671665563
2025-09-25,1. Buy & Hold,AMZN,0.09539600258874859
2025-09-25,1. Buy & Hold,CASH,-2.431417173831428e-05
2025-09-25,1. Buy & Hold,GOOGL,0.09767638917807121
2025-09-25,1. Buy & Hold,JNJ,0.10210991587455005
2025-09-25,1. Buy & Hold,JPM,0.10079745715916048
2025-09-25,1. Buy & Hold,META,0.09739269739234244
2025-09-25,1. Buy & Hold,MSFT,0.09909483575969487
2025-09-25,1. Buy & Hold,NVDA,0.10180957192448668
2025-09-25,1. Buy & Hold,TSLA,0.10058844006795141
2025-09-25,1. Buy & Hold,V,0.09924574751007699
2025-09-25,10. Max Decorrelation,AAPL,0.07283567793277591
2025-09-25,10. Max Decorrelation,AMZN,0.10496496825470718
2025-09-25,10. Max Decorrelation,CASH,-0.00014959470514599126
2025-09-25,10. Max Decorrelation,GOOGL,0.04564356305055864
2025-09-25,10. Max Decorrelation,JNJ,0.29638275488807087
2025-09-25,10. Max Decorrelation,JPM,0.041495137138282255
2025-09-25,10. Max Decorrelation,META,0.15648476670712
2025-09-25,10. Max Decorrelation,MSFT,0.0030616747843196955
2025-09-25,10. Max Decorrelation,NVDA,0.1828038224246082
2025-09-25,10. Max Decorrelation,TSLA,0.0964772295247032
2025-09-25,11. Sharpe Maximization,AAPL,0.29926121577836223
2025-09-25,11. Sharpe Maximization,CASH,-0.0005507024625849608
2025-09-25,11. Sharpe Maximization,GOOGL,0.23850206260950782
2025-09-25,11. Sharpe Maximization,JNJ,0.21601167496054335
2025-09-25,11. Sharpe Maximization,JPM,0.020042426437476397
2025-09-25,11. Sharpe Maximization,META,1.213389767939034e-05
2025-09-25,11. Sharpe Maximization,MSFT,0.22666390303349127
2025-09-25,11. Sharpe Maximization,NVDA,1.706488859341011e-05
2025-09-25,11. Sharpe Maximization,TSLA,4.02208569310607e-05
2025-09-25,12. CVaR Minimization,AAPL,0.17256538924302753
2025-09-25,12. CVaR Minimization,CASH,-0.00018535555147544948
2025-09-25,12. CVaR Minimization,GOOGL,0.16045832194871573
2025-09-25,12. CVaR Minimization,JNJ,0.30341342538291205
2025-09-25,12. CVaR Minimization,MSFT,0.2944533864383419
2025-09-25,12. CVaR Minimization,NVDA,0.01658124627372616
2025-09-25,12. CVaR Minimization,TSLA,0.030824932708800774
2025-09-25,12. CVaR Minimization,V,0.021887783814730225
2025-09-25,2. Equal Weight,AAPL,0.10591325671665563
2025-09-25,2. Equal Weight,AMZN,0.09539600258874859
2025-09-25,2. Equal Weight,CASH,-2.4314171738426534e-05
2025-09-25,2. Equal Weight,GOOGL,0.09767638917807121
2025-09-25,2. Equal Weight,JNJ,0.10210991587455007
2025-09-25,2. Equal Weight,JPM,0.1007974571591605
2025-09-25,2. Equal Weight,META,0.09739269739234242
2025-09-25,2. Equal Weight,MSFT,0.09909483575969487
2025-09-25,2. Equal Weight,NVDA,0.10180957192448671
2025-09-25,2. Equal Weight,TSLA,0.10058844006795144
2025-09-25,2. Equal Weight,V,0.099245747510077
2025-09-25,3. Quintile Momentum,CASH,-1.6189147774633652e-05
2025-09-25,3. Quintile Momentum,MSFT,0.4996276525306432
2025-09-25,3. Quintile Momentum,V,0.5003885366171313
2025-09-25,4. Quintile Low Vol,CASH,-1.3067501611378814e-05
2025-09-25,4. Quintile Low Vol,JPM,0.504265436441878
2025-09-25,4. Quintile Low Vol,MSFT,0.49574763105973324
2025-09-25,5. Mean Reversion,AAPL,0.1354174976716898
2025-09-25,5. Mean Reversion,AMZN,0.14301340840227358
2025-09-25,5. Mean Reversion,CASH,-0.00048680612315830213
2025-09-25,5. Mean Reversion,GOOGL,0.07015584629410068
2025-09-25,5. Mean Reversion,JNJ,0.16842749146832894
2025-09-25,5. Mean Reversion,META,0.10046043944013036
2025-09-25,5. Mean Reversion,MSFT,0.07667231440463265
2025-09-25,5. Mean Reversion,NVDA,0.10802632288236998
2025-09-25,5. Mean Reversion,TSLA,0.04823610865458148
2025-09-25,5. Mean Reversion,V,0.15007737690505096
2025-09-25,6. GMVP,AAPL,0.11216885692525777
2025-09-25,6. GMVP,AMZN,0.042563917675329556
2025-09-25,6. GMVP,CASH,-0.00019606205637439682
2025-09-25,6. GMVP,GOOGL,0.014051692449638631
2025-09-25,6. GMVP,JNJ,0.3531152576866343
2025-09-25,6. GMVP,JPM,0.10336993108603154
2025-09-25,6. GMVP,MSFT,0.2738327325479059
2025-09-25,6. GMVP,NVDA,0.06723894152399967
2025-09-25,6. GMVP,V,0.03385473216157706
2025-09-25,7. Inverse Volatility,AAPL,0.09035936773763285
2025-09-25,7. Inverse Volatility,AMZN,0.07521971817104388
2025-09-25,7. Inverse Volatility,CASH,-8.380414174288522e-05
2025-09-25,7. Inverse Volatility,GOOGL,0.05679588186963088
2025-09-25,7. Inverse Volatility,JNJ,0.17512312256701743
2025-09-25,7. Inverse Volatility,JPM,0.1235057097535834
2025-09-25,7. Inverse Volatility,META,0.11567661697644722
2025-09-25,7. Inverse Volatility,MSFT,0.13248197627860706
2025-09-25,7. Inverse Volatility,NVDA,0.07224841639661218
2025-09-25,7. Inverse Volatility,TSLA,0.04597836389717816
2025-09-25,7. Inverse Volatility,V,0.11269463049398992
2025-09-25,8. Risk Parity,AAPL,0.10591325671665563
2025-09-25,8. Risk Parity,AMZN,0.09539600258874859
2025-09-25,8. Risk Parity,CASH,-2.431417173842658e-05
2025-09-25,8. Risk Parity,GOOGL,0.09767638917807123
2025-09-25,8. Risk Parity,JNJ,0.10210991587455007
2025-09-25,8. Risk Parity,JPM,0.10079745715916051
2025-09-25,8. Risk Parity,META,0.09739269739234244
2025-09-25,8. Risk Parity,MSFT,0.09909483575969488
2025-09-25,8. Risk Parity,NVDA,0.10180957192448672
2025-09-25,8. Risk Parity,TSLA,0.10058844006795145
2025-09-25,8. Risk Parity,V,0.09924574751007702
2025-09-25,9. Max Diversification,AAPL,0.07718316039556496
2025-09-25,9. Max Diversification,AMZN,0.08898142832659613
2025-09-25,9. Max Diversification,CASH,-0.00016077401606134076
2025-09-25,9. Max Diversification,GOOGL,0.03959029879713237
2025-09-25,9. Max Diversification,JNJ,0.40292535318491596
2025-09-25,9. Max Diversification,JPM,0.058393134517576856
2025-09-25,9. Max Diversification,META,0.12042298598189777
2025-09-25,9. Max Diversification,MSFT,0.004569107485906078
2025-09-25,9. Max Diversification,NVDA,0.15951751386883078
2025-09-25,9. Max Diversification,TSLA,0.0485777822713538
2025-09-26,1. Buy & Hold,AAPL,0.10000288291111285
2025-09-26,1. Buy & Hold,AMZN,0.10000288291111285
2025-09-26,1. Buy & Hold,CASH,-2.8829111128436515e-05
2025-09-26,1. Buy & Hold,GOOGL,0.10000288291111285
2025-09-26,1. Buy & Hold,JNJ,0.10000288291111285
2025-09-26,1. Buy & Hold,JPM,0.10000288291111284
2025-09-26,1. Buy & Hold,META,0.10000288291111285
2025-09-26,1. Buy & Hold,MSFT,0.10000288291111285
2025-09-26,1. Buy & Hold,NVDA,0.10000288291111283
2025-09-26,1. Buy & Hold,TSLA,0.10000288291111283
2025-09-26,1. Buy & Hold,V,0.10000288291111284
2025-09-26,10. Max Decorrelation,AAPL,0.04942220852564881
2025-09-26,10. Max Decorrelation,AMZN,0.10150368910543213
2025-09-26,10. Max Decorrelation,CASH,-0.00011624173957198398
2025-09-26,10. Max Decorrelation,GOOGL,0.050424346614759245
2025-09-26,10. Max Decorrelation,JNJ,0.31034925172615185
2025-09-26,10. Max Decorrelation,JPM,0.04473138530184151
2025-09-26,10. Max Decorrelation,META,0.17647266656291263
2025-09-26,10. Max Decorrelation,NVDA,0.193146488363997
2025-09-26,10. Max Decorrelation,TSLA,0.07406620553882882
2025-09-26,11. Sharpe Maximization,AAPL,0.3000600398503579
2025-09-26,11. Sharpe Maximization,CASH,-0.00018630404922613568
2025-09-26,11. Sharpe Maximization,GOOGL,0.2402051621854471
2025-09-26,11. Sharpe Maximization,JNJ,0.2977297182525989
2025-09-26,11. Sharpe Maximization,JPM,7.150821590644263e-06
2025-09-26,11. Sharpe Maximization,META,3.552232581554966e-06
2025-09-26,11. Sharpe Maximization,MSFT,0.16213509504802523
2025-09-26,11. Sharpe Maximization,NVDA,6.306044533702647e-06
2025-09-26,11. Sharpe Maximization,TSLA,3.927961409104606e-05
2025-09-26,12. CVaR Minimization,AAPL,0.055163636040287095
2025-09-26,12. CVaR Minimization,AMZN,0.03799611119219545
2025-09-26,12. CVaR Minimization,CASH,-0.0004575489886979295
2025-09-26,12. CVaR Minimization,GOOGL,0.3001365320056315
2025-09-26,12. CVaR Minimization,JNJ,0.3001366630768835
2025-09-26,12. CVaR Minimization,MSFT,0.253282844030386
2025-09-26,12. CVaR Minimization,NVDA,0.004382757718406692
2025-09-26,12. CVaR Minimization,V,0.049358863698651834
2025-09-26,2. Equal Weight,AAPL,0.10000288291111287
2025-09-26,2. Equal Weight,AMZN,0.10000288291111287
2025-09-26,2. Equal Weight,CASH,-2.882911112854756e-05
2025-09-26,2. Equal Weight,GOOGL,0.10000288291111287
2025-09-26,2. Equal Weight,JNJ,0.10000288291111287
2025-09-26,2. Equal Weight,JPM,0.10000288291111287
2025-09-26,2. Equal Weight,META,0.10000288291111287
2025-09-26,2. Equal Weight,MSFT,0.10000288291111287
2025-09-26,2. Equal Weight,NVDA,0.10000288291111287
2025-09-26,2. Equal Weight,TSLA,0.10000288291111287
2025-09-26,2. Equal Weight,V,0.10000288291111287
2025-09-26,3. Quintile Momentum,AMZN,0.5005550302269519
2025-09-26,3. Quintile Momentum,CASH,-0.0011100604539037444
2025-09-26,3. Quintile Momentum,V,0.5005550302269519
2025-09-26,4. Quintile Low Vol,CASH,-0.0011106298174370346
2025-09-26,4. Quintile Low Vol,MSFT,0.5005553149087185
2025-09-26,4. Quintile Low Vol,V,0.5005553149087185
2025-09-26,5. Mean Reversion,AAPL,0.02175698921491044
2025-09-26,5. Mean Reversion,AMZN,0.18216608362495104
2025-09-26,5. Mean Reversion,CASH,-0.0004077986314287405
2025-09-26,5. Mean Reversion,GOOGL,0.09945826539787153
2025-09-26,5. Mean Reversion,JNJ,0.10927320642596533
2025-09-26,5. Mean Reversion,META,0.1537649412119578
2025-09-26,5. Mean Reversion,MSFT,0.12129707941333265
2025-09-26,5. Mean Reversion,NVDA,0.1256641955182523
2025-09-26,5. Mean Reversion,TSLA,0.049939165518724404
2025-09-26,5. Mean Reversion,V,0.13708787230546318
2025-09-26,6. GMVP,AAPL,0.05766866884588662
2025-09-26,6. GMVP,AMZN,0.04519689491237535
2025-09-26,6. GMVP,CASH,-0.0002350470825386625
2025-09-26,6. GMVP,GOOGL,0.023482148279935063
2025-09-26,6. GMVP,JNJ,0.3628167633335901
2025-09-26,6. GMVP,JPM,0.11919346105581363
2025-09-26,6. GMVP,META,0.027034101437759795
2025-09-26,6. GMVP,MSFT,0.21957828859146356
2025-09-26,6. GMVP,NVDA,0.09205941203192014
2025-09-26,6. GMVP,V,0.053205308593794375
2025-09-26,7. Inverse Volatility,AAPL,0.07636214634125535
2025-09-26,7. Inverse Volatility,AMZN,0.0811377790380992
2025-09-26,7. Inverse Volatility,CASH,-7.942757162424177e-05
2025-09-26,7. Inverse Volatility,GOOGL,0.059167842690250036
2025-09-26,7. Inverse Volatility,JNJ,0.1602059643754343
2025-09-26,7. Inverse Volatility,JPM,0.13536275230844297
2025-09-26,7. Inverse Volatility,META,0.12042893836781131
2025-09-26,7. Inverse Volatility,MSFT,0.13731312242409183
2025-09-26,7. Inverse Volatility,NVDA,0.06615505459227891
2025-09-26,7. Inverse Volatility,TSLA,0.04515137989904377
2025-09-26,7. Inverse Volatility,V,0.11879444753491666
2025-09-26,8. Risk Parity,AAPL,0.10000288291111285
2025-09-26,8. Risk Parity,AMZN,0.10000288291111285
2025-09-26,8. Risk Parity,CASH,-2.8829111128547538e-05
2025-09-26,8. Risk Parity,GOOGL,0.10000288291111285
2025-09-26,8. Risk Parity,JNJ,0.10000288291111285
2025-09-26,8. Risk Parity,JPM,0.10000288291111285
2025-09-26,8. Risk Parity,META,0.10000288291111285
2025-09-26,8. Risk Parity,MSFT,0.10000288291111285
2025-09-26,8. Risk Parity,NVDA,0.10000288291111285
2025-09-26,8. Risk Parity,TSLA,0.10000288291111285
2025-09-26,8. Risk Parity,V,0.10000288291111285
2025-09-26,9. Max Diversification,AAPL,0.04800378896813437
2025-09-26,9. Max Diversification,AMZN,0.08518591507346625
2025-09-26,9. Max Diversification,CASH,-0.00010194702651186313
2025-09-26,9. Max Diversification,GOOGL,0.04542030375487068
2025-09-26,9. Max Diversification,JNJ,0.41341630900845683
2025-09-26,9. Max Diversification,JPM,0.06425270008764424
2025-09-26,9. Max Diversification,META,0.13783150421541293
2025-09-26,9. Max Diversification,NVDA,0.16750846449233542
2025-09-26,9. Max Diversification,TSLA,0.03848296142619112
2025-09-29,1. Buy & Hold,AAPL,0.09913314948430225
2025-09-29,1. Buy & Hold,AMZN,0.10061685535950464
2025-09-29,1. Buy & Hold,CASH,-2.869407479678345e-05
2025-09-29,1. Buy & Hold,GOOGL,0.09852919040609597
2025-09-29,1. Buy & Hold,JNJ,0.10059234235972009
2025-09-29,1. Buy & Hold,JPM,0.09941794532194038
2025-09-29,1. Buy & Hold,META,0.09948762696973848
2025-09-29,1. Buy & Hold,MSFT,0.10014553742909618
2025-09-29,1. Buy & Hold,NVDA,0.1015788920411393
2025-09-29,1. Buy & Hold,TSLA,0.10016955266673848
2025-09-29,1. Buy & Hold,V,0.100357602036521
2025-09-29,10. Max Decorrelation,AAPL,0.04883237470007406
2025-09-29,10. Max Decorrelation,AMZN,0.1017933385409275
2025-09-29,10. Max Decorrelation,CASH,-0.00011531940318768823
2025-09-29,10. Max Decorrelation,GOOGL,0.04951901362154216
2025-09-29,10. Max Decorrelation,JNJ,0.31115903452159127
2025-09-29,10. Max Decorrelation,JPM,0.04432450793937378
2025-09-29,10. Max Decorrelation,META,0.17499003242074976
2025-09-29,10. Max Decorrelation,NVDA,0.1955496664999293
2025-09-29,10. Max Decorrelation,TSLA,0.07394735115899985
2025-09-29,11. Sharpe Maximization,AAPL,0.29869362164696245
2025-09-29,11. Sharpe Maximization,CASH,-0.00018620642846032317
2025-09-29,11. Sharpe Maximization,GOOGL,0.23765454965128194
2025-09-29,11. Sharpe Maximization,JNJ,0.30073639512028916
2025-09-29,11. Sharpe Maximization,JPM,7.138707836671739e-06
2025-09-29,11. Sharpe Maximization,META,3.548700497470694e-06
2025-09-29,11. Sharpe Maximization,MSFT,0.1630450108770096
2025-09-29,11. Sharpe Maximization,NVDA,6.432197738294122e-06
2025-09-29,11. Sharpe Maximization,TSLA,3.9509526844751274e-05
2025-09-29,12. CVaR Minimization,AAPL,0.054809535696625854
2025-09-29,12. CVaR Minimization,AMZN,0.03831724046720334
2025-09-29,12. CVaR Minimization,CASH,-0.00045645233006008895
2025-09-29,12. CVaR Minimization,GOOGL,0.2963931135926639
2025-09-29,12. CVaR Minimization,JNJ,0.30259956925466447
2025-09-29,12. CVaR Minimization,MSFT,0.25422702204040637
2025-09-29,12. CVaR Minimization,NVDA,0.004462058598306737
2025-09-29,12. CVaR Minimization,V,0.04964777195735842
2025-09-29,2. Equal Weight,AAPL,0.09913314948430225
2025-09-29,2. Equal Weight,AMZN,0.10061685535950464
2025-09-29,2. Equal Weight,CASH,-2.8694074796893973e-05
2025-09-29,2. Equal Weight,GOOGL,0.09852919040609595
2025-09-29,2. Equal Weight,JNJ,0.10059234235972009
2025-09-29,2. Equal Weight,JPM,0.09941794532194038
2025-09-29,2. Equal Weight,META,0.09948762696973848
2025-09-29,2. Equal Weight,MSFT,0.10014553742909618
2025-09-29,2. Equal Weight,NVDA,0.10157889204113933
2025-09-29,2. Equal Weight,TSLA,0.1001695526667385
2025-09-29,2. Equal Weight,V,0.10035760203652101
2025-09-29,3. Quintile Momentum,AMZN,0.5011954618743272
2025-09-29,3. Quintile Momentum,CASH,-0.0010995239281076327
2025-09-29,3. Quintile Momentum,V,0.4999040620537806
2025-09-29,4. Quintile Low Vol,CASH,-0.0011026766831063553
2025-09-29,4. Quintile Low Vol,MSFT,0.5000219240723089
2025-09-29,4. Quintile Low Vol,V,0.5010807526107974
2025-09-29,5. Mean Reversion,AAPL,0.021523853300008427
2025-09-29,5. Mean Reversion,AMZN,0.18291132019996556
2025-09-29,5. Mean Reversion,CASH,-0.0004050620728053868
2025-09-29,5. Mean Reversion,GOOGL,0.09779307849937108
2025-09-29,5. Mean Reversion,JNJ,0.1096935093586306
2025-09-29,5. Mean Reversion,META,0.1526612174092361
2025-09-29,5. Mean Reversion,MSFT,0.12122278809640018
2025-09-29,5. Mean Reversion,NVDA,0.12738472377443213
2025-09-29,5. Mean Reversion,TSLA,0.049920547319936386
2025-09-29,5. Mean Reversion,V,0.13729402411482514
2025-09-29,6. GMVP,AAPL,0.05701398633587523
2025-09-29,6. GMVP,AMZN,0.04535257138989869
2025-09-29,6. GMVP,CASH,-0.00023331944538579962
2025-09-29,6. GMVP,GOOGL,0.023074129031042476
2025-09-29,6. GMVP,JNJ,0.36397775526321036
2025-09-29,6. GMVP,JPM,0.11817885841726067
2025-09-29,6. GMVP,META,0.02682276764380632
2025-09-29,6. GMVP,MSFT,0.21930249559325518
2025-09-29,6. GMVP,NVDA,0.09325974954258635
2025-09-29,6. GMVP,V,0.05325100622845062
2025-09-29,7. Inverse Volatility,AAPL,0.07568064152690493
2025-09-29,7. Inverse Volatility,AMZN,0.08161718836091128
2025-09-29,7. Inverse Volatility,CASH,-7.903738316147832e-05
2025-09-29,7. Inverse Volatility,GOOGL,0.058282533652932816
2025-09-29,7. Inverse Volatility,JNJ,0.16111329351344408
2025-09-29,7. Inverse Volatility,JPM,0.13454009608941941
2025-09-29,7. Inverse Volatility,META,0.11978093638611029
2025-09-29,7. Inverse Volatility,MSFT,0.13747743429003
2025-09-29,7. Inverse Volatility,NVDA,0.06718220869210925
2025-09-29,7. Inverse Volatility,TSLA,0.0452162494308653
2025-09-29,7. Inverse Volatility,V,0.11918845544043408
2025-09-29,8. Risk Parity,AAPL,0.09913314948430228
2025-09-29,8. Risk Parity,AMZN,0.10061685535950465
2025-09-29,8. Risk Parity,CASH,-2.8694074796893956e-05
2025-09-29,8. Risk Parity,GOOGL,0.09852919040609598
2025-09-29,8. Risk Parity,JNJ,0.10059234235972009
2025-09-29,8. Risk Parity,JPM,0.09941794532194041
2025-09-29,8. Risk Parity,META,0.09948762696973848
2025-09-29,8. Risk Parity,MSFT,0.10014553742909621
2025-09-29,8. Risk Parity,NVDA,0.10157889204113935
2025-09-29,8. Risk Parity,TSLA,0.10016955266673852
2025-09-29,8. Risk Parity,V,0.10035760203652103
2025-09-29,9. Max Diversification,AAPL,0.04742072555782677
2025-09-29,9. Max Diversification,AMZN,0.08541070479578668
2025-09-29,9. Max Diversification,CASH,-0.00010111645370193751
2025-09-29,9. Max Diversification,GOOGL,0.04459526215569208
2025-09-29,9. Max Diversification,JNJ,0.4144062522214096
2025-09-29,9. Max Diversification,JPM,0.063654621296182
2025-09-29,9. Max Diversification,META,0.13664424346227136
2025-09-29,9. Max Diversification,NVDA,0.16955632764413622
2025-09-29,9. Max Diversification,TSLA,0.03841297932039735
2025-09-30,1. Buy & Hold,AAPL,0.0988820134449324
2025-09-30,1. Buy & Hold,AMZN,0.0991095425484579
2025-09-30,1. Buy & Hold,CASH,-2.8598902745926928e-05
2025-09-30,1. Buy & Hold,GOOGL,0.09782012331576333
2025-09-30,1. Buy & Hold,JNJ,0.10235639257930057
2025-09-30,1. Buy & Hold,JPM,0.09900658913978065
2025-09-30,1. Buy & Hold,META,0.09795452452478616
2025-09-30,1. Buy & Hold,MSFT,0.10046315246097788
2025-09-30,1. Buy & Hold,NVDA,0.10387532597783376
2025-09-30,1. Buy & Hold,TSLA,0.10017745389940144
2025-09-30,1. Buy & Hold,V,0.10038348101151186
2025-09-30,10. Max Decorrelation,AAPL,0.048466394727455925
2025-09-30,10. Max Decorrelation,AMZN,0.09976967641285049
2025-09-30,10. Max Decorrelation,CASH,-0.00011436522919420873
2025-09-30,10. Max Decorrelation,GOOGL,0.048918119170241366
2025-09-30,10. Max Decorrelation,JNJ,0.31504089981074096
2025-09-30,10. Max Decorrelation,JPM,0.04392155550028264
2025-09-30,10. Max Decorrelation,META,0.17143646942640164
2025-09-30,10. Max Decorrelation,NVDA,0.1989759017194295
2025-09-30,10. Max Decorrelation,TSLA,0.07358534846179163
2025-09-30,11. Sharpe Maximization,AAPL,0.2969496621634872
2025-09-30,11. Sharpe Maximization,CASH,-0.0001849738367665957
2025-09-30,11. Sharpe Maximization,GOOGL,0.2351624165453326
2025-09-30,11. Sharpe Maximization,JNJ,0.3049962711199151
2025-09-30,11. Sharpe Maximization,JPM,7.085612758028609e-06
2025-09-30,11. Sharpe Maximization,META,3.4824369818141606e-06
2025-09-30,11. Sharpe Maximization,MSFT,0.16302011843118744
2025-09-30,11. Sharpe Maximization,NVDA,6.555816742507715e-06
2025-09-30,11. Sharpe Maximization,TSLA,3.93817103618795e-05
2025-09-30,12. CVaR Minimization,AAPL,0.054486402309603575
2025-09-30,12. CVaR Minimization,AMZN,0.03761599628598792
2025-09-30,12. CVaR Minimization,CASH,-0.00045340487561277784
2025-09-30,12. CVaR Minimization,GOOGL,0.2932682268853885
2025-09-30,12. CVaR Minimization,JNJ,0.3068682583254222
2025-09-30,12. CVaR Minimization,MSFT,0.25417364870894416
2025-09-30,12. CVaR Minimization,NVDA,0.004547553429252827
2025-09-30,12. CVaR Minimization,V,0.049493179262828146
2025-09-30,2. Equal Weight,AAPL,0.0988820134449324
2025-09-30,2. Equal Weight,AMZN,0.0991095425484579
2025-09-30,2. Equal Weight,CASH,-2.8598902746037086e-05
2025-09-30,2. Equal Weight,GOOGL,0.09782012331576333
2025-09-30,2. Equal Weight,JNJ,0.10235639257930058
2025-09-30,2. Equal Weight,JPM,0.09900658913978067
2025-09-30,2. Equal Weight,META,0.09795452452478616
2025-09-30,2. Equal Weight,MSFT,0.10046315246097788
2025-09-30,2. Equal Weight,NVDA,0.1038753259778338
2025-09-30,2. Equal Weight,TSLA,0.10017745389940147
2025-09-30,2. Equal Weight,V,0.10038348101151187
2025-09-30,3. Quintile Momentum,AMZN,0.49735554503564866
2025-09-30,3. Quintile Momentum,CASH,-0.0011040199783676021
2025-09-30,3. Quintile Momentum,V,0.5037484749427189
2025-09-30,4. Quintile Low Vol,CASH,-0.0010971336916585585
2025-09-30,4. Quintile Low Vol,MSFT,0.500747123471645
2025-09-30,4. Quintile Low Vol,V,0.5003500102200136
2025-09-30,5. Mean Reversion,AAPL,0.02148269534250877
2025-09-30,5. Mean Reversion,AMZN,0.1802833690071749
2025-09-30,5. Mean Reversion,CASH,-0.0004039699632564903
2025-09-30,5. Mean Reversion,GOOGL,0.0971497659644988
2025-09-30,5. Mean Reversion,JNJ,0.11168666688204719
2025-09-30,5. Mean Reversion,META,0.15040230755943546
2025-09-30,5. Mean Reversion,MSFT,0.12168297469108942
2025-09-30,5. Mean Reversion,NVDA,0.130345675497154
2025-09-30,5. Mean Reversion,TSLA,0.049955572753366005
2025-09-30,5. Mean Reversion,V,0.137414942265982
2025-09-30,6. GMVP,AAPL,0.05645690194987093
2025-09-30,6. GMVP,AMZN,0.04434900553005594
2025-09-30,6. GMVP,CASH,-0.00023085820721449103
2025-09-30,6. GMVP,GOOGL,0.022741852950123136
2025-09-30,6. GMVP,JNJ,0.3676733320943044
2025-09-30,6. GMVP,JPM,0.11683590975997381
2025-09-30,6. GMVP,META,0.02621780052470262
2025-09-30,6. GMVP,MSFT,0.21840169907215462
2025-09-30,6. GMVP,NVDA,0.09467611127812331
2025-09-30,6. GMVP,V,0.0528782450479059
2025-09-30,7. Inverse Volatility,AAPL,0.07544527792847203
2025-09-30,7. Inverse Volatility,AMZN,0.08034802801124337
2025-09-30,7. Inverse Volatility,CASH,-7.872969312352499e-05
2025-09-30,7. Inverse Volatility,GOOGL,0.05782965158898191
2025-09-30,7. Inverse Volatility,JNJ,0.1638439037370426
2025-09-30,7. Inverse Volatility,JPM,0.1339059608573799
2025-09-30,7. Inverse Volatility,META,0.11786693592806793
2025-09-30,7. Inverse Volatility,MSFT,0.13783372071210673
2025-09-30,7. Inverse Volatility,NVDA,0.06866130710514994
2025-09-30,7. Inverse Volatility,TSLA,0.04519367436845057
2025-09-30,7. Inverse Volatility,V,0.1191502694562286
2025-09-30,8. Risk Parity,AAPL,0.0988820134449324
2025-09-30,8. Risk Parity,AMZN,0.09910954254845791
2025-09-30,8. Risk Parity,CASH,-2.8598902746037066e-05
2025-09-30,8. Risk Parity,GOOGL,0.09782012331576334
2025-09-30,8. Risk Parity,JNJ,0.10235639257930057
2025-09-30,8. Risk Parity,JPM,0.09900658913978068
2025-09-30,8. Risk Parity,META,0.09795452452478616
2025-09-30,8. Risk Parity,MSFT,0.10046315246097791
2025-09-30,8. Risk Parity,NVDA,0.1038753259778338
2025-09-30,8. Risk Parity,TSLA,0.10017745389940147
2025-09-30,8. Risk Parity,V,0.1003834810115119
2025-09-30,9. Max Diversification,AAPL,0.04697112702687376
2025-09-30,9. Max Diversification,AMZN,0.08354518528792293
2025-09-30,9. Max Diversification,CASH,-0.00010007909373645972
2025-09-30,9. Max Diversification,GOOGL,0.04396594398201759
2025-09-30,9. Max Diversification,JNJ,0.4187364227344569
2025-09-30,9. Max Diversification,JPM,0.06294969694189105
2025-09-30,9. Max Diversification,META,0.13360144600516308
2025-09-30,9. Max Diversification,NVDA,0.1721818299572977
2025-09-30,9. Max Diversification,TSLA,0.03814842715811346
2025-10-01,1. Buy & Hold,AAPL,0.09880125413304894
2025-10-01,1. Buy & Hold,AMZN,0.09918725105757073
2025-10-01,1. Buy & Hold,CASH,-2.848381722038368e-05
2025-10-01,1. Buy & Hold,GOOGL,0.09814786381575331
2025-10-01,1. Buy & Hold,JNJ,0.10229087375930718
2025-10-01,1. Buy & Hold,JPM,0.0971326311940082
2025-10-01,1. Buy & Hold,META,0.09529662671570138
2025-10-01,1. Buy & Hold,MSFT,0.10039887749834263
2025-10-01,1. Buy & Hold,NVDA,0.10382328423764729
2025-10-01,1. Buy & Hold,TSLA,0.10308129267220324
2025-10-01,1. Buy & Hold,V,0.10186852873363743
2025-10-01,10. Max Decorrelation,AAPL,0.04859438483915233
2025-10-01,10. Max Decorrelation,AMZN,0.10019341133039593
2025-10-01,10. Max Decorrelation,CASH,-0.00011429916069939926
2025-10-01,10. Max Decorrelation,GOOGL,0.049251857435805145
2025-10-01,10. Max Decorrelation,JNJ,0.315928694988861
2025-10-01,10. Max Decorrelation,JPM,0.04323933281641317
2025-10-01,10. Max Decorrelation,META,0.16736184641653995
2025-10-01,10. Max Decorrelation,NVDA,0.1995643959731986
2025-10-01,10. Max Decorrelation,TSLA,0.07598037536033325
2025-10-01,11. Sharpe Maximization,AAPL,0.2966337199569758
2025-10-01,11. Sharpe Maximization,CASH,-0.00018418389397320537
2025-10-01,11. Sharpe Maximization,GOOGL,0.23589193140727396
2025-10-01,11. Sharpe Maximization,JNJ,0.30472562251093854
2025-10-01,11. Sharpe Maximization,JPM,6.949778997233831e-06
2025-10-01,11. Sharpe Maximization,META,3.3871062434562188e-06
2025-10-01,11. Sharpe Maximization,MSFT,0.16287550898356684
2025-10-01,11. Sharpe Maximization,NVDA,6.550910927272195e-06
2025-10-01,11. Sharpe Maximization,TSLA,4.051323905022354e-05
2025-10-01,12. CVaR Minimization,AAPL,0.05436903335869842
2025-10-01,12. CVaR Minimization,AMZN,0.037595102558950814
2025-10-01,12. CVaR Minimization,CASH,-0.0004509758936473216
2025-10-01,12. CVaR Minimization,GOOGL,0.29385696011514306
2025-10-01,12. CVaR Minimization,JNJ,0.3062613608558794
2025-10-01,12. CVaR Minimization,MSFT,0.2536710468904006
2025-10-01,12. CVaR Minimization,NVDA,0.004539191402922638
2025-10-01,12. CVaR Minimization,V,0.05015814387045408
2025-10-01,2. Equal Weight,AAPL,0.09880125413304895
2025-10-01,2. Equal Weight,AMZN,0.09918725105757074
2025-10-01,2. Equal Weight,CASH,-2.8483817220493396e-05
2025-10-01,2. Equal Weight,GOOGL,0.09814786381575331
2025-10-01,2. Equal Weight,JNJ,0.10229087375930719
2025-10-01,2. Equal Weight,JPM,0.09713263119400821
2025-10-01,2. Equal Weight,META,0.0952966267157014
2025-10-01,2. Equal Weight,MSFT,0.10039887749834261
2025-10-01,2. Equal Weight,NVDA,0.10382328423764732
2025-10-01,2. Equal Weight,TSLA,0.10308129267220327
2025-10-01,2. Equal Weight,V,0.10186852873363743
2025-10-01,3. Quintile Momentum,AMZN,0.4938702387654891
2025-10-01,3. Quintile Momentum,CASH,-0.0010910163548340898
2025-10-01,3. Quintile Momentum,V,0.507220777589345
2025-10-01,4. Quintile Low Vol,CASH,-0.0010850300640024887
2025-10-01,4. Quintile Low Vol,MSFT,0.4969056318621511
2025-10-01,4. Quintile Low Vol,V,0.5041793982018514
2025-10-01,5. Mean Reversion,AAPL,0.021472961584847048
2025-10-01,5. Mean Reversion,AMZN,0.18049038404120454
2025-10-01,5. Mean Reversion,CASH,-0.0004024907607119709
2025-10-01,5. Mean Reversion,GOOGL,0.09751073402077948
2025-10-01,5. Mean Reversion,JNJ,0.11165579510621387
2025-10-01,5. Mean Reversion,META,0.14637454151709495
2025-10-01,5. Mean Reversion,MSFT,0.12164937854952049
2025-10-01,5. Mean Reversion,NVDA,0.1303277841637461
2025-10-01,5. Mean Reversion,TSLA,0.051422339401313806
2025-10-01,5. Mean Reversion,V,0.1394985723759916
2025-10-01,6. GMVP,AAPL,0.05655201826874324
2025-10-01,6. GMVP,AMZN,0.04449489416850855
2025-10-01,6. GMVP,CASH,-0.0002305048395181787
2025-10-01,6. GMVP,GOOGL,0.02287517380798317
2025-10-01,6. GMVP,JNJ,0.3683578740756441
2025-10-01,6. GMVP,JPM,0.11491145107914237
2025-10-01,6. GMVP,META,0.025570262810405343
2025-10-01,6. GMVP,MSFT,0.21880839368025815
2025-10-01,6. GMVP,NVDA,0.0948655839532602
2025-10-01,6. GMVP,V,0.05379485299557316
2025-10-01,7. Inverse Volatility,AAPL,0.07558714237157246
2025-10-01,7. Inverse Volatility,AMZN,0.08062807897227527
2025-10-01,7. Inverse Volatility,CASH,-7.862453423387681e-05
2025-10-01,7. Inverse Volatility,GOOGL,0.05818002843435241
2025-10-01,7. Inverse Volatility,JNJ,0.16418100569356098
2025-10-01,7. Inverse Volatility,JPM,0.1317260509786748
2025-10-01,7. Inverse Volatility,META,0.11497825904819925
2025-10-01,7. Inverse Volatility,MSFT,0.13811735181017334
2025-10-01,7. Inverse Volatility,NVDA,0.06881215162931191
2025-10-01,7. Inverse Volatility,TSLA,0.04662922812122585
2025-10-01,7. Inverse Volatility,V,0.12123932747488772
2025-10-01,8. Risk Parity,AAPL,0.09880125413304897
2025-10-01,8. Risk Parity,AMZN,0.09918725105757077
2025-10-01,8. Risk Parity,CASH,-2.8483817220493382e-05
2025-10-01,8. Risk Parity,GOOGL,0.09814786381575334
2025-10-01,8. Risk Parity,JNJ,0.1022908737593072
2025-10-01,8. Risk Parity,JPM,0.09713263119400825
2025-10-01,8. Risk Parity,META,0.0952966267157014
2025-10-01,8. Risk Parity,MSFT,0.10039887749834266
2025-10-01,8. Risk Parity,NVDA,0.10382328423764733
2025-10-01,8. Risk Parity,TSLA,0.10308129267220328
2025-10-01,8. Risk Parity,V,0.10186852873363746
2025-10-01,9. Max Diversification,AAPL,0.04711605877223633
2025-10-01,9. Max Diversification,AMZN,0.08393722878556102
2025-10-01,9. Max Diversification,CASH,-0.00010006564545368014
2025-10-01,9. Max Diversification,GOOGL,0.04428553193767116
2025-10-01,9. Max Diversification,JNJ,0.4201027004777231
2025-10-01,9. Max Diversification,JPM,0.06199940415464857
2025-10-01,9. Max Diversification,META,0.13048392241564466
2025-10-01,9. Max Diversification,NVDA,0.1727676794512016
2025-10-01,9. Max Diversification,TSLA,0.03940753965076722
2025-10-02,1. Buy & Hold,AAPL,0.09981393020966814
2025-10-02,1. Buy & Hold,AMZN,0.10035232884997625
2025-10-02,1. Buy & Hold,CASH,-2.8587754673861634e-05
2025-10-02,1. Buy & Hold,GOOGL,0.09882376669381591
2025-10-02,1. Buy & Hold,JNJ,0.10262550651774577
2025-10-02,1. Buy & Hold,JPM,0.0964955998161483
2025-10-02,1. Buy & Hold,META,0.09693901766874286
2025-10-02,1. Buy & Hold,MSFT,0.09999549994553981
2025-10-02,1. Buy & Hold,NVDA,0.10512038751927599
2025-10-02,1. Buy & Hold,TSLA,0.09817490584121026
2025-10-02,1. Buy & Hold,V,0.10168764469255064
2025-10-02,10. Max Decorrelation,AAPL,0.04887132375727834
2025-10-02,10. Max Decorrelation,AMZN,0.100913688367312
2025-10-02,10. Max Decorrelation,CASH,-0.00011419950266913445
2025-10-02,10. Max Decorrelation,GOOGL,0.0493676529200167
2025-10-02,10. Max Decorrelation,JNJ,0.31553447282031916
2025-10-02,10. Max Decorrelation,JPM,0.04276226059249605
2025-10-02,10. Max Decorrelation,META,0.16947937747729452
2025-10-02,10. Max Decorrelation,NVDA,0.2011474666894734
2025-10-02,10. Max Decorrelation,TSLA,0.07203795687847889
2025-10-02,11. Sharpe Maximization,AAPL,0.2981817504920728
2025-10-02,11. Sharpe Maximization,CASH,-0.0001839354120443319
2025-10-02,11. Sharpe Maximization,GOOGL,0.23633360545308546
2025-10-02,11. Sharpe Maximization,JNJ,0.30420002191358836
2025-10-02,11. Sharpe Maximization,JPM,6.869817401031603e-06
2025-10-02,11. Sharpe Maximization,META,3.428323130048757e-06
2025-10-02,11. Sharpe Maximization,MSFT,0.16141326691951066
2025-10-02,11. Sharpe Maximization,NVDA,6.599723298333568e-06
2025-10-02,11. Sharpe Maximization,TSLA,3.83927699576275e-05
2025-10-02,12. CVaR Minimization,AAPL,0.054763579771720715
2025-10-02,12. CVaR Minimization,AMZN,0.03792402234805825
2025-10-02,12. CVaR Minimization,CASH,-0.0004512806400038
2025-10-02,12. CVaR Minimization,GOOGL,0.29500409979989733
2025-10-02,12. CVaR Minimization,JNJ,0.30635301001842336
2025-10-02,12. CVaR Minimization,MSFT,0.2519033937690779
2025-10-02,12. CVaR Minimization,NVDA,0.0045822861371210095
2025-10-02,12. CVaR Minimization,V,0.049920753254687006
2025-10-02,2. Equal Weight,AAPL,0.09981393020966813
2025-10-02,2. Equal Weight,AMZN,0.10035232884997625
2025-10-02,2. Equal Weight,CASH,-2.8587754673971748e-05
2025-10-02,2. Equal Weight,GOOGL,0.0988237666938159
2025-10-02,2. Equal Weight,JNJ,0.10262550651774577
2025-10-02,2. Equal Weight,JPM,0.09649559981614832
2025-10-02,2. Equal Weight,META,0.09693901766874286
2025-10-02,2. Equal Weight,MSFT,0.09999549994553981
2025-10-02,2. Equal Weight,NVDA,0.10512038751927602
2025-10-02,2. Equal Weight,TSLA,0.09817490584121027
2025-10-02,2. Equal Weight,V,0.10168764469255065
2025-10-02,3. Quintile Momentum,AMZN,0.4972366468061163
2025-10-02,3. Quintile Momentum,CASH,-0.001089661957618817
2025-10-02,3. Quintile Momentum,V,0.5038530151515026
2025-10-02,4. Quintile Low Vol,CASH,-0.001092151832392834
2025-10-02,4. Quintile Low Vol,MSFT,0.49634643685107593
2025-10-02,4. Quintile Low Vol,V,0.5047457149813168
2025-10-02,5. Mean Reversion,AAPL,0.021599258905515294
2025-10-02,5. Mean Reversion,AMZN,0.18182092984956158
2025-10-02,5. Mean Reversion,CASH,-0.00040221288182278774
2025-10-02,5. Mean Reversion,GOOGL,0.09775774637699153
2025-10-02,5. Mean Reversion,JNJ,0.11153672744653895
2025-10-02,5. Mean Reversion,META,0.14825346017749805
2025-10-02,5. Mean Reversion,MSFT,0.12063676914166335
2025-10-02,5. Mean Reversion,NVDA,0.13138549024760826
2025-10-02,5. Mean Reversion,TSLA,0.04876302867519911
2025-10-02,5. Mean Reversion,V,0.13864880206124672
2025-10-02,6. GMVP,AAPL,0.05699704957672394
2025-10-02,6. GMVP,AMZN,0.04491147791121002
2025-10-02,6. GMVP,CASH,-0.0002308008858794601
2025-10-02,6. GMVP,GOOGL,0.02297843894221452
2025-10-02,6. GMVP,JNJ,0.36869220041848294
2025-10-02,6. GMVP,JPM,0.11388885657523147
2025-10-02,6. GMVP,META,0.025949670369423954
2025-10-02,6. GMVP,MSFT,0.21741582104757162
2025-10-02,6. GMVP,NVDA,0.09582447356144473
2025-10-02,6. GMVP,V,0.05357281248357643
2025-10-02,7. Inverse Volatility,AAPL,0.07623631748341794
2025-10-02,7. Inverse Volatility,AMZN,0.08144101881541078
2025-10-02,7. Inverse Volatility,CASH,-7.878167787737735e-05
2025-10-02,7. Inverse Volatility,GOOGL,0.05848436309404758
2025-10-02,7. Inverse Volatility,JNJ,0.16444725215398384
2025-10-02,7. Inverse Volatility,JPM,0.1306469613170432
2025-10-02,7. Inverse Volatility,META,0.1167675314883534
2025-10-02,7. Inverse Volatility,MSFT,0.13733623135054662
2025-10-02,7. Inverse Volatility,NVDA,0.06955728341926949
2025-10-02,7. Inverse Volatility,TSLA,0.04433677988836727
2025-10-02,7. Inverse Volatility,V,0.12082504266743749
2025-10-02,8. Risk Parity,AAPL,0.09981393020966813
2025-10-02,8. Risk Parity,AMZN,0.10035232884997625
2025-10-02,8. Risk Parity,CASH,-2.8587754673971724e-05
2025-10-02,8. Risk Parity,GOOGL,0.09882376669381589
2025-10-02,8. Risk Parity,JNJ,0.10262550651774577
2025-10-02,8. Risk Parity,JPM,0.09649559981614833
2025-10-02,8. Risk Parity,META,0.09693901766874286
2025-10-02,8. Risk Parity,MSFT,0.09999549994553981
2025-10-02,8. Risk Parity,NVDA,0.10512038751927602
2025-10-02,8. Risk Parity,TSLA,0.09817490584121027
2025-10-02,8. Risk Parity,V,0.10168764469255064
2025-10-02,9. Max Diversification,AAPL,0.04734931876429702
2025-10-02,9. Max Diversification,AMZN,0.08447774435037807
2025-10-02,9. Max Diversification,CASH,-9.990401411229404e-05
2025-10-02,9. Max Diversification,GOOGL,0.04435662540123917
2025-10-02,9. Max Diversification,JNJ,0.41926632293010463
2025-10-02,9. Max Diversification,JPM,0.061269728160108124
2025-10-02,9. Max Diversification,META,0.13203655089819838
2025-10-02,9. Max Diversification,NVDA,0.1740086234899105
2025-10-02,9. Max Diversification,TSLA,0.0373349900198765
2025-10-03,1. Buy & Hold,AAPL,0.1000027802763615
2025-10-03,1. Buy & Hold,AMZN,0.1000027802763615
2025-10-03,1. Buy & Hold,CASH,-2.7802763614879614e-05
2025-10-03,1. Buy & Hold,GOOGL,0.1000027802763615
2025-10-03,1. Buy & Hold,JNJ,0.1000027802763615
2025-10-03,1. Buy & Hold,JPM,0.1000027802763615
2025-10-03,1. Buy & Hold,META,0.1000027802763615
2025-10-03,1. Buy & Hold,MSFT,0.1000027802763615
2025-10-03,1. Buy & Hold,NVDA,0.10000278027636147
2025-10-03,1. Buy & Hold,TSLA,0.10000278027636147
2025-10-03,1. Buy & Hold,V,0.10000278027636149
2025-10-03,10. Max Decorrelation,AAPL,0.043408835224410254
2025-10-03,10. Max Decorrelation,AMZN,0.10092938993132672
2025-10-03,10. Max Decorrelation,CASH,-0.0001299077687216352
2025-10-03,10. Max Decorrelation,GOOGL,0.07713323632069541
2025-10-03,10. Max Decorrelation,JNJ,0.2902374768046325
2025-10-03,10. Max Decorrelation,JPM,0.03810083310475389
2025-10-03,10. Max Decorrelation,META,0.1858775917874999
2025-10-03,10. Max Decorrelation,NVDA,0.18250296087731122
2025-10-03,10. Max Decorrelation,TSLA,0.08193958371809185
2025-10-03,11. Sharpe Maximization,AAPL,0.2894451774302635
2025-10-03,11. Sharpe Maximization,CASH,-7.378879489743653e-05
2025-10-03,11. Sharpe Maximization,GOOGL,0.21796454883510347
2025-10-03,11. Sharpe Maximization,JNJ,0.3000225633490634
2025-10-03,11. Sharpe Maximization,META,1.5988948066343926e-06
2025-10-03,11. Sharpe Maximization,MSFT,0.18460536356833757
2025-10-03,11. Sharpe Maximization,NVDA,3.580133878075602e-06
2025-10-03,11. Sharpe Maximization,TSLA,0.008030186708844703
2025-10-03,12. CVaR Minimization,AAPL,0.05418022378565956
2025-10-03,12. CVaR Minimization,AMZN,0.03701770039667489
2025-10-03,12. CVaR Minimization,CASH,-2.603198768469999e-05
2025-10-03,12. CVaR Minimization,GOOGL,0.3000078095963054
2025-10-03,12. CVaR Minimization,JNJ,0.3000078095963054
2025-10-03,12. CVaR Minimization,MSFT,0.250580412542426
2025-10-03,12. CVaR Minimization,NVDA,0.00403863449937723
2025-10-03,12. CVaR Minimization,V,0.05419344157093618
2025-10-03,2. Equal Weight,AAPL,0.10000278027636149
2025-10-03,2. Equal Weight,AMZN,0.10000278027636149
2025-10-03,2. Equal Weight,CASH,-2.7802763614879624e-05
2025-10-03,2. Equal Weight,GOOGL,0.10000278027636149
2025-10-03,2. Equal Weight,JNJ,0.10000278027636149
2025-10-03,2. Equal Weight,JPM,0.1000027802763615
2025-10-03,2. Equal Weight,META,0.10000278027636149
2025-10-03,2. Equal Weight,MSFT,0.10000278027636149
2025-10-03,2. Equal Weight,NVDA,0.10000278027636149
2025-10-03,2. Equal Weight,TSLA,0.10000278027636149
2025-10-03,2. Equal Weight,V,0.10000278027636149
2025-10-03,3. Quintile Momentum,AMZN,0.5000103211570024
2025-10-03,3. Quintile Momentum,CASH,-2.064231400490409e-05
2025-10-03,3. Quintile Momentum,V,0.5000103211570024
2025-10-03,4. Quintile Low Vol,CASH,-1.377811004943567e-05
2025-10-03,4. Quintile Low Vol,MSFT,0.5000068890550248
2025-10-03,4. Quintile Low Vol,V,0.5000068890550248
2025-10-03,5. Mean Reversion,AAPL,0.0560039834779086
2025-10-03,5. Mean Reversion,AMZN,0.1480663006002519
2025-10-03,5. Mean Reversion,CASH,-0.0006857943852282746
2025-10-03,5. Mean Reversion,GOOGL,0.1618572733627412
2025-10-03,5. Mean Reversion,JPM,0.12412876251289666
2025-10-03,5. Mean Reversion,META,0.18908500945518794
2025-10-03,5. Mean Reversion,MSFT,0.10035527776561388
2025-10-03,5. Mean Reversion,NVDA,0.05670235701228819
2025-10-03,5. Mean Reversion,TSLA,0.0948424870473947
2025-10-03,5. Mean Reversion,V,0.06964434315094516
2025-10-03,6. GMVP,AAPL,0.07357472025196468
2025-10-03,6. GMVP,AMZN,0.04006452026927805
2025-10-03,6. GMVP,CASH,-0.0001644180357596057
2025-10-03,6. GMVP,GOOGL,0.03187145153328301
2025-10-03,6. GMVP,JNJ,0.3356268836201703
2025-10-03,6. GMVP,JPM,0.13888434591572504
2025-10-03,6. GMVP,META,0.041475928024255364
2025-10-03,6. GMVP,MSFT,0.19940000908649075
2025-10-03,6. GMVP,NVDA,0.07883367876644211
2025-10-03,6. GMVP,V,0.06043288056815026
2025-10-03,7. Inverse Volatility,AAPL,0.08380336799966896
2025-10-03,7. Inverse Volatility,AMZN,0.09813140188639227
2025-10-03,7. Inverse Volatility,CASH,-0.0001514182896960482
2025-10-03,7. Inverse Volatility,GOOGL,0.10188240155782216
2025-10-03,7. Inverse Volatility,JNJ,0.13771200812632542
2025-10-03,7. Inverse Volatility,JPM,0.1254065195534288
2025-10-03,7. Inverse Volatility,META,0.10497202626065588
2025-10-03,7. Inverse Volatility,MSFT,0.13301746067400574
2025-10-03,7. Inverse Volatility,NVDA,0.06779512935957228
2025-10-03,7. Inverse Volatility,TSLA,0.04216864080881269
2025-10-03,7. Inverse Volatility,V,0.10526246206301168
2025-10-03,8. Risk Parity,AAPL,0.08157229023614701
2025-10-03,8. Risk Parity,AMZN,0.07172941796828589
2025-10-03,8. Risk Parity,CASH,-0.0003066606960325775
2025-10-03,8. Risk Parity,GOOGL,0.07902660794760434
2025-10-03,8. Risk Parity,JNJ,0.21673060738786612
2025-10-03,8. Risk Parity,JPM,0.10709975246713845
2025-10-03,8. Risk Parity,META,0.08125089779518672
2025-10-03,8. Risk Parity,MSFT,0.1163025895073161
2025-10-03,8. Risk Parity,NVDA,0.09604153626502694
2025-10-03,8. Risk Parity,TSLA,0.04583242733828158
2025-10-03,8. Risk Parity,V,0.1047205337831794
2025-10-03,9. Max Diversification,AAPL,0.04344585014763426
2025-10-03,9. Max Diversification,AMZN,0.08777830897708545
2025-10-03,9. Max Diversification,CASH,-0.00012426799377948176
2025-10-03,9. Max Diversification,GOOGL,0.0716715833111913
2025-10-03,9. Max Diversification,JNJ,0.387928798524019
2025-10-03,9. Max Diversification,JPM,0.05479021407481687
2025-10-03,9. Max Diversification,META,0.1467139162070395
2025-10-03,9. Max Diversification,NVDA,0.16436683565292887
2025-10-03,9. Max Diversification,TSLA,0.043428761099064205
2025-10-06,1. Buy & Hold,AAPL,0.09862665077213194
2025-10-06,1. Buy & Hold,AMZN,0.09976543772078804
2025-10-06,1. Buy & Hold,CASH,-2.7562245650068112e-05
2025-10-06,1. Buy & Hold,GOOGL,0.10119032655381412
2025-10-06,1. Buy & Hold,JNJ,0.09888541098655342
2025-10-06,1. Buy & Hold,JPM,0.09886586689723965
2025-10-06,1. Buy & Hold,META,0.09984922411752654
2025-10-06,1. Buy & Hold,MSFT,0.1012877125099303
2025-10-06,1. Buy & Hold,NVDA,0.09803860587315179
2025-10-06,1. Buy & Hold,TSLA,0.10453934994325319
2025-10-06,1. Buy & Hold,V,0.09897897687126113
2025-10-06,10. Max Decorrelation,AAPL,0.04297258324699837
2025-10-06,10. Max Decorrelation,AMZN,0.10106872896586387
2025-10-06,10. Max Decorrelation,CASH,-0.0001292685487713365
2025-10-06,10. Max Decorrelation,GOOGL,0.07834289115598124
2025-10-06,10. Max Decorrelation,JNJ,0.2880744598704317
2025-10-06,10. Max Decorrelation,JPM,0.037809409466881466
2025-10-06,10. Max Decorrelation,META,0.18629052869159124
2025-10-06,10. Max Decorrelation,NVDA,0.17959162708890516
2025-10-06,10. Max Decorrelation,TSLA,0.08597904006211825
2025-10-06,11. Sharpe Maximization,AAPL,0.2860371134706407
2025-10-06,11. Sharpe Maximization,CASH,-7.329779452639562e-05
2025-10-06,11. Sharpe Maximization,GOOGL,0.220997135095575
2025-10-06,11. Sharpe Maximization,JNJ,0.2972678373318278
2025-10-06,11. Sharpe Maximization,META,1.5996551547255037e-06
2025-10-06,11. Sharpe Maximization,MSFT,0.18735395331633936
2025-10-06,11. Sharpe Maximization,NVDA,3.516885082361361e-06
2025-10-06,11. Sharpe Maximization,TSLA,0.00841137938485045
2025-10-06,12. CVaR Minimization,AAPL,0.05332997377649908
2025-10-06,12. CVaR Minimization,AMZN,0.03685749699472587
2025-10-06,12. CVaR Minimization,CASH,-2.5756231900539464e-05
2025-10-06,12. CVaR Minimization,GOOGL,0.30297573509731857
2025-10-06,12. CVaR Minimization,JNJ,0.2960745468898007
2025-10-06,12. CVaR Minimization,MSFT,0.25330290662619165
2025-10-06,12. CVaR Minimization,NVDA,0.003951554426323603
2025-10-06,12. CVaR Minimization,V,0.053533542421041184
2025-10-06,2. Equal Weight,AAPL,0.09862665077213192
2025-10-06,2. Equal Weight,AMZN,0.09976543772078804
2025-10-06,2. Equal Weight,CASH,-2.7562245650068126e-05
2025-10-06,2. Equal Weight,GOOGL,0.1011903265538141
2025-10-06,2. Equal Weight,JNJ,0.0988854109865534
2025-10-06,2. Equal Weight,JPM,0.09886586689723967
2025-10-06,2. Equal Weight,META,0.09984922411752653
2025-10-06,2. Equal Weight,MSFT,0.1012877125099303
2025-10-06,2. Equal Weight,NVDA,0.0980386058731518
2025-10-06,2. Equal Weight,TSLA,0.10453934994325323
2025-10-06,2. Equal Weight,V,0.09897897687126114
2025-10-06,3. Quintile Momentum,AMZN,0.5019889110061779
2025-10-06,3. Quintile Momentum,CASH,-2.059359315243118e-05
2025-10-06,3. Quintile Momentum,V,0.49803168258697433
2025-10-06,4. Quintile Low Vol,CASH,-1.3641105668560164e-05
2025-10-06,4. Quintile Low Vol,MSFT,0.5057710520870696
2025-10-06,4. Quintile Low Vol,V,0.494242589018599
2025-10-06,5. Mean Reversion,AAPL,0.05507527236627571
2025-10-06,5. Mean Reversion,AMZN,0.14729221309414428
2025-10-06,5. Mean Reversion,CASH,-0.0006779163069712802
2025-10-06,5. Mean Reversion,GOOGL,0.16331070998700423
2025-10-06,5. Mean Reversion,JPM,0.1223664199027717
2025-10-06,5. Mean Reversion,META,0.18825444679972883
2025-10-06,5. Mean Reversion,MSFT,0.10135389189702003
2025-10-06,5. Mean Reversion,NVDA,0.05542959283004358
2025-10-06,5. Mean Reversion,TSLA,0.0988612684815983
2025-10-06,5. Mean Reversion,V,0.0687341009483847
2025-10-06,6. GMVP,AAPL,0.07298010297917945
2025-10-06,6. GMVP,AMZN,0.040199590240047996
2025-10-06,6. GMVP,CASH,-0.00016393426158999372
2025-10-06,6. GMVP,GOOGL,0.03243563522365401
2025-10-06,6. GMVP,JNJ,0.33378785475660805
2025-10-06,6. GMVP,JPM,0.13809604590981286
2025-10-06,6. GMVP,META,0.041650706612913695
2025-10-06,6. GMVP,MSFT,0.20312505873608325
2025-10-06,6. GMVP,NVDA,0.07773032566485322
2025-10-06,6. GMVP,V,0.060158614138437566
2025-10-06,7. Inverse Volatility,AAPL,0.08282306601435979
2025-10-06,7. Inverse Volatility,AMZN,0.0981033100106295
2025-10-06,7. Inverse Volatility,CASH,-0.000150422425739704
2025-10-06,7. Inverse Volatility,GOOGL,0.1033079434705951
2025-10-06,7. Inverse Volatility,JNJ,0.13645818149851227
2025-10-06,7. Inverse Volatility,JPM,0.12424017056228123
2025-10-06,7. Inverse Volatility,META,0.10503010996252773
2025-10-06,7. Inverse Volatility,MSFT,0.13500845308032675
2025-10-06,7. Inverse Volatility,NVDA,0.0666025973302779
2025-10-06,7. Inverse Volatility,TSLA,0.04417381859755951
2025-10-06,7. Inverse Volatility,V,0.10440277189867
2025-10-06,8. Risk Parity,AAPL,0.0807323897948021
2025-10-06,8. Risk Parity,AMZN,0.07181055554040155
2025-10-06,8. Risk Parity,CASH,-0.0003050757520991213
2025-10-06,8. Risk Parity,GOOGL,0.08024596534119333
2025-10-06,8. Risk Parity,JNJ,0.2150618306513234
2025-10-06,8. Risk Parity,JPM,0.10625410394024551
2025-10-06,8. Risk Parity,META,0.08141112014666564
2025-10-06,8. Risk Parity,MSFT,0.1182107614722835
2025-10-06,8. Risk Parity,NVDA,0.09448591921946616
2025-10-06,8. Risk Parity,TSLA,0.048079896165961804
2025-10-06,8. Risk Parity,V,0.10401253347975613
2025-10-06,9. Max Diversification,AAPL,0.04312376772376518
2025-10-06,9. Max Diversification,AMZN,0.08813358481440677
2025-10-06,9. Max Diversification,CASH,-0.00012398584498688004
2025-10-06,9. Max Diversification,GOOGL,0.07298945300919167
2025-10-06,9. Max Diversification,JNJ,0.3860631564631769
2025-10-06,9. Max Diversification,JPM,0.054515938007610946
2025-10-06,9. Max Diversification,META,0.14743144332811112
2025-10-06,9. Max Diversification,NVDA,0.16217557040458236
2025-10-06,9. Max Diversification,TSLA,0.04569107209414175
2025-10-07,1. Buy & Hold,AAPL,0.09923332738279647
2025-10-07,1. Buy & Hold,AMZN,0.10086151544667324
2025-10-07,1. Buy & Hold,CASH,-2.7754493911056652e-05
2025-10-07,1. Buy & Hold,GOOGL,0.0999959834066242
2025-10-07,1. Buy & Hold,JNJ,0.09996146183694268
2025-10-07,1. Buy & Hold,JPM,0.0990756844490935
2025-10-07,1. Buy & Hold,META,0.10018320465264026
2025-10-07,1. Buy & Hold,MSFT,0.10110850220028278
2025-10-07,1. Buy & Hold,NVDA,0.09845639000267199
2025-10-07,1. Buy & Hold,TSLA,0.10058630435073092
2025-10-07,1. Buy & Hold,V,0.10056538076545497
2025-10-07,10. Max Decorrelation,AAPL,0.043159171841448955
2025-10-07,10. Max Decorrelation,AMZN,0.10199539245677813
2025-10-07,10. Max Decorrelation,CASH,-0.00012993613946048774
2025-10-07,10. Max Decorrelation,GOOGL,0.07727900567821695
2025-10-07,10. Max Decorrelation,JNJ,0.29068559083805867
2025-10-07,10. Max Decorrelation,JPM,0.03782151918816512
2025-10-07,10. Max Decorrelation,META,0.18657754442811375
2025-10-07,10. Max Decorrelation,NVDA,0.18003263529541735
2025-10-07,10. Max Decorrelation,TSLA,0.08257907641326163
2025-10-07,11. Sharpe Maximization,AAPL,0.28729789705514047
2025-10-07,11. Sharpe Maximization,CASH,-7.368115287619662e-05
2025-10-07,11. Sharpe Maximization,GOOGL,0.2180102906389313
2025-10-07,11. Sharpe Maximization,JNJ,0.2999819273638169
2025-10-07,11. Sharpe Maximization,META,1.6022245682160619e-06
2025-10-07,11. Sharpe Maximization,MSFT,0.18669838752752538
2025-10-07,11. Sharpe Maximization,NVDA,3.525751914249461e-06
2025-10-07,11. Sharpe Maximization,TSLA,0.008079287641734089
2025-10-07,12. CVaR Minimization,AAPL,0.053614843115898675
2025-10-07,12. CVaR Minimization,AMZN,0.037232450125465076
2025-10-07,12. CVaR Minimization,CASH,-2.5915013596898457e-05
2025-10-07,12. CVaR Minimization,GOOGL,0.299158816922062
2025-10-07,12. CVaR Minimization,JNJ,0.29905553845434374
2025-10-07,12. CVaR Minimization,MSFT,0.25265127132588233
2025-10-07,12. CVaR Minimization,NVDA,0.003965200478226637
2025-10-07,12. CVaR Minimization,V,0.054347794591718464
2025-10-07,2. Equal Weight,AAPL,0.09923332738279647
2025-10-07,2. Equal Weight,AMZN,0.10086151544667324
2025-10-07,2. Equal Weight,CASH,-2.7754493911056672e-05
2025-10-07,2. Equal Weight,GOOGL,0.0999959834066242
2025-10-07,2. Equal Weight,JNJ,0.0999614618369427
2025-10-07,2. Equal Weight,JPM,0.09907568444909352
2025-10-07,2. Equal Weight,META,0.10018320465264026
2025-10-07,2. Equal Weight,MSFT,0.1011085022002828
2025-10-07,2. Equal Weight,NVDA,0.09845639000267202
2025-10-07,2. Equal Weight,TSLA,0.10058630435073097
2025-10-07,2. Equal Weight,V,0.100565380765455
2025-10-07,3. Quintile Momentum,AMZN,0.5007453377754219
2025-10-07,3. Quintile Momentum,CASH,-2.0461065993388654e-05
2025-10-07,3. Quintile Momentum,V,0.49927512329057155
2025-10-07,4. Quintile Low Vol,CASH,-1.3640407497183745e-05
2025-10-07,4. Quintile Low Vol,MSFT,0.5013533724574128
2025-10-07,4. Quintile Low Vol,V,0.49866026795008433
2025-10-07,5. Mean Reversion,AAPL,0.05550651050847
2025-10-07,5. Mean Reversion,AMZN,0.14915889863039075
2025-10-07,5. Mean Reversion,CASH,-0.0006837837849916049
2025-10-07,5. Mean Reversion,GOOGL,0.16165242679745498
2025-10-07,5. Mean Reversion,JPM,0.12283070938139794
2025-10-07,5. Mean Reversion,META,0.18919927694777108
2025-10-07,5. Mean Reversion,MSFT,0.10134337123461824
2025-10-07,5. Mean Reversion,NVDA,0.05575867859021222
2025-10-07,5. Mean Reversion,TSLA,0.09528164334313431
2025-10-07,5. Mean Reversion,V,0.06995226835154213
2025-10-07,6. GMVP,AAPL,0.07302684459714688
2025-10-07,6. GMVP,AMZN,0.04041864949460144
2025-10-07,6. GMVP,CASH,-0.00016417356830046348
2025-10-07,6. GMVP,GOOGL,0.03187724360331594
2025-10-07,6. GMVP,JNJ,0.33557198846347436
2025-10-07,6. GMVP,JPM,0.13763115085950361
2025-10-07,6. GMVP,META,0.04156113451795741
2025-10-07,6. GMVP,MSFT,0.20165510134126105
2025-10-07,6. GMVP,NVDA,0.07763401793583909
2025-10-07,6. GMVP,V,0.06078804275520079
2025-10-07,7. Inverse Volatility,AAPL,0.08312350189249779
2025-10-07,7. Inverse Volatility,AMZN,0.09893234348662494
2025-10-07,7. Inverse Volatility,CASH,-0.00015109168361377863
2025-10-07,7. Inverse Volatility,GOOGL,0.10183252997601382
2025-10-07,7. Inverse Volatility,JNJ,0.13759707891624912
2025-10-07,7. Inverse Volatility,JPM,0.1241915365955928
2025-10-07,7. Inverse Volatility,META,0.10511708392722975
2025-10-07,7. Inverse Volatility,MSFT,0.1344315277116461
2025-10-07,7. Inverse Volatility,NVDA,0.06671864322807292
2025-10-07,7. Inverse Volatility,TSLA,0.042396817659423484
2025-10-07,7. Inverse Volatility,V,0.1058100282902629
2025-10-07,8. Risk Parity,AAPL,0.08096853210007902
2025-10-07,8. Risk Parity,AMZN,0.0723667139092213
2025-10-07,8. Risk Parity,CASH,-0.00030621861865176553
2025-10-07,8. Risk Parity,GOOGL,0.07904455397179332
2025-10-07,8. Risk Parity,JNJ,0.2167049855857794
2025-10-07,8. Risk Parity,JPM,0.106138172244138
2025-10-07,8. Risk Parity,META,0.08142150852907637
2025-10-07,8. Risk Parity,MSFT,0.11762323445054337
2025-10-07,8. Risk Parity,NVDA,0.09458430183305684
2025-10-07,8. Risk Parity,TSLA,0.04611346607842745
2025-10-07,8. Risk Parity,V,0.10534074991653679
2025-10-07,9. Max Diversification,AAPL,0.043209952124660514
2025-10-07,9. Max Diversification,AMZN,0.08873411670635697
2025-10-07,9. Max Diversification,CASH,-0.0001243353548371187
2025-10-07,9. Max Diversification,GOOGL,0.07183026783518759
2025-10-07,9. Max Diversification,JNJ,0.3886534715725818
2025-10-07,9. Max Diversification,JPM,0.05440615192350982
2025-10-07,9. Max Diversification,META,0.1473140470999993
2025-10-07,9. Max Diversification,NVDA,0.16219446650446717
2025-10-07,9. Max Diversification,TSLA,0.043781861588073824
2025-10-08,1. Buy & Hold,AAPL,0.09935213874240055
2025-10-08,1. Buy & Hold,AMZN,0.10192073405822367
2025-10-08,1. Buy & Hold,CASH,-2.7617590851355537e-05
2025-10-08,1. Buy & Hold,GOOGL,0.09904117818469045
2025-10-08,1. Buy & Hold,JNJ,0.09988966285151242
2025-10-08,1. Buy & Hold,JPM,0.09741427837677567
2025-10-08,1. Buy & Hold,META,0.10035448751097897
2025-10-08,1. Buy & Hold,MSFT,0.10077681918846099
2025-10-08,1. Buy & Hold,NVDA,0.10012562995284238
2025-10-08,1. Buy & Hold,TSLA,0.1013843472634935
2025-10-08,1. Buy & Hold,V,0.09976834146147276
2025-10-08,10. Max Decorrelation,AAPL,0.04305717560215638
2025-10-08,10. Max Decorrelation,AMZN,0.1026999840254588
2025-10-08,10. Max Decorrelation,CASH,-0.00012883539904486518
2025-10-08,10. Max Decorrelation,GOOGL,0.07626890947157021
2025-10-08,10. Max Decorrelation,JNJ,0.2894437805849367
2025-10-08,10. Max Decorrelation,JPM,0.037055038998138785
2025-10-08,10. Max Decorrelation,META,0.18623187661610874
2025-10-08,10. Max Decorrelation,NVDA,0.18243382389000962
2025-10-08,10. Max Decorrelation,TSLA,0.0829382462106658
2025-10-08,11. Sharpe Maximization,AAPL,0.288363098488769
2025-10-08,11. Sharpe Maximization,CASH,-7.350154380488202e-05
2025-10-08,11. Sharpe Maximization,GOOGL,0.21647004417707585
2025-10-08,11. Sharpe Maximization,JNJ,0.300518082738239
2025-10-08,11. Sharpe Maximization,META,1.6089881077294234e-06
2025-10-08,11. Sharpe Maximization,MSFT,0.1865525141920989
2025-10-08,11. Sharpe Maximization,NVDA,3.594518090261085e-06
2025-10-08,11. Sharpe Maximization,TSLA,0.008163806405210583
2025-10-08,12. CVaR Minimization,AAPL,0.053884243197280655
2025-10-08,12. CVaR Minimization,AMZN,0.03776728378205533
2025-10-08,12. CVaR Minimization,CASH,-2.5885764820598638e-05
2025-10-08,12. CVaR Minimization,GOOGL,0.29743504030195034
2025-10-08,12. CVaR Minimization,JNJ,0.2999831629686776
2025-10-08,12. CVaR Minimization,MSFT,0.25278513926350965
2025-10-08,12. CVaR Minimization,NVDA,0.004047842303845277
2025-10-08,12. CVaR Minimization,V,0.054123173947501685
2025-10-08,2. Equal Weight,AAPL,0.09935213874240054
2025-10-08,2. Equal Weight,AMZN,0.10192073405822366
2025-10-08,2. Equal Weight,CASH,-2.7617590851355547e-05
2025-10-08,2. Equal Weight,GOOGL,0.09904117818469044
2025-10-08,2. Equal Weight,JNJ,0.09988966285151242
2025-10-08,2. Equal Weight,JPM,0.09741427837677567
2025-10-08,2. Equal Weight,META,0.10035448751097895
2025-10-08,2. Equal Weight,MSFT,0.10077681918846096
2025-10-08,2. Equal Weight,NVDA,0.1001256299528424
2025-10-08,2. Equal Weight,TSLA,0.10138434726349355
2025-10-08,2. Equal Weight,V,0.09976834146147276
2025-10-08,3. Quintile Momentum,AMZN,0.5053461929861133
2025-10-08,3. Quintile Momentum,CASH,-2.0333669716729048e-05
2025-10-08,3. Quintile Momentum,V,0.49467414068360344
2025-10-08,4. Quintile Low Vol,CASH,-1.3649517544711581e-05
2025-10-08,4. Quintile Low Vol,MSFT,0.502521199797677
2025-10-08,4. Quintile Low Vol,V,0.4974924497198678
2025-10-08,5. Mean Reversion,AAPL,0.0556190833496327
2025-10-08,5. Mean Reversion,AMZN,0.15085039661468772
2025-10-08,5. Mean Reversion,CASH,-0.0006809755377448027
2025-10-08,5. Mean Reversion,GOOGL,0.16024175977400557
2025-10-08,5. Mean Reversion,JPM,0.12087117144096433
2025-10-08,5. Mean Reversion,META,0.18968001910406496
2025-10-08,5. Mean Reversion,MSFT,0.10109473813035799
2025-10-08,5. Mean Reversion,NVDA,0.05675107091926532
2025-10-08,5. Mean Reversion,TSLA,0.09611729299371073
2025-10-08,5. Mean Reversion,V,0.0694554432110555
2025-10-08,6. GMVP,AAPL,0.07326789807921466
2025-10-08,6. GMVP,AMZN,0.040928929176904855
2025-10-08,6. GMVP,CASH,-0.00016370699875027463
2025-10-08,6. GMVP,GOOGL,0.03163920291190753
2025-10-08,6. GMVP,JNJ,0.3360355155029012
2025-10-08,6. GMVP,JPM,0.13560753076529722
2025-10-08,6. GMVP,META,0.04171966400744625
2025-10-08,6. GMVP,MSFT,0.20141588223445922
2025-10-08,6. GMVP,NVDA,0.07911611397439473
2025-10-08,6. GMVP,V,0.06043297034622448
2025-10-08,7. Inverse Volatility,AAPL,0.08336030942081496
2025-10-08,7. Inverse Volatility,AMZN,0.10013621472526182
2025-10-08,7. Inverse Volatility,CASH,-0.00015059441279430375
2025-10-08,7. Inverse Volatility,GOOGL,0.10102656714581715
2025-10-08,7. Inverse Volatility,JNJ,0.13772506404677778
2025-10-08,7. Inverse Volatility,JPM,0.12231039172175319
2025-10-08,7. Inverse Volatility,META,0.1054704993785166
2025-10-08,7. Inverse Volatility,MSFT,0.13421155985343478
2025-10-08,7. Inverse Volatility,NVDA,0.06796172283334301
2025-10-08,7. Inverse Volatility,TSLA,0.042803682779779376
2025-10-08,7. Inverse Volatility,V,0.10514458250729557
2025-10-08,8. Risk Parity,AAPL,0.08114206520597822
2025-10-08,8. Risk Parity,AMZN,0.07319577786428016
2025-10-08,8. Risk Parity,CASH,-0.00030499603696703396
2025-10-08,8. Risk Parity,GOOGL,0.07836376974858013
2025-10-08,8. Risk Parity,JNJ,0.21675392781447755
2025-10-08,8. Risk Parity,JPM,0.10445693186838376
2025-10-08,8. Risk Parity,META,0.08163777253898495
2025-10-08,8. Risk Parity,MSFT,0.11734814041756966
2025-10-08,8. Risk Parity,NVDA,0.09627877159953688
2025-10-08,8. Risk Parity,TSLA,0.04652323959282918
2025-10-08,8. Risk Parity,V,0.10460459938634674
2025-10-08,9. Max Diversification,AAPL,0.04315569969056571
2025-10-08,9. Max Diversification,AMZN,0.08944630295338377
2025-10-08,9. Max Diversification,CASH,-0.000123418944334943
2025-10-08,9. Max Diversification,GOOGL,0.07097010348946901
2025-10-08,9. Max Diversification,JNJ,0.38742283115409704
2025-10-08,9. Max Diversification,JPM,0.05336275668395229
2025-10-08,9. Max Diversification,META,0.14720438563168214
2025-10-08,9. Max Diversification,NVDA,0.16454022909672122
2025-10-08,9. Max Diversification,TSLA,0.044021110244463715
2025-10-09,1. Buy & Hold,AAPL,0.09769193748013107
2025-10-09,1. Buy & Hold,AMZN,0.102942567599226
2025-10-09,1. Buy & Hold,CASH,-2.758581901207513e-05
2025-10-09,1. Buy & Hold,GOOGL,0.09767760642139695
2025-10-09,1. Buy & Hold,JNJ,0.10050587168364662
2025-10-09,1. Buy & Hold,JPM,0.09778227322513358
2025-10-09,1. Buy & Hold,META,0.10242719340889397
2025-10-09,1. Buy & Hold,MSFT,0.10019099843967981
2025-10-09,1. Buy & Hold,NVDA,0.10184025743326108
2025-10-09,1. Buy & Hold,TSLA,0.10054056296058766
2025-10-09,1. Buy & Hold,V,0.09842831716705545
2025-10-09,10. Max Decorrelation,AAPL,0.042023925686785216
2025-10-09,10. Max Decorrelation,AMZN,0.10296091860947845
2025-10-09,10. Max Decorrelation,CASH,-0.000127733519126048
2025-10-09,10. Max Decorrelation,GOOGL,0.07466143393340083
2025-10-09,10. Max Decorrelation,JNJ,0.2890711090192632
2025-10-09,10. Max Decorrelation,JPM,0.036919377152738374
2025-10-09,10. Max Decorrelation,META,0.18866966323510648
2025-10-09,10. Max Decorrelation,NVDA,0.184182840915667
2025-10-09,10. Max Decorrelation,TSLA,0.08163846496668649
2025-10-09,11. Sharpe Maximization,AAPL,0.2855712468816801
2025-10-09,11. Sharpe Maximization,CASH,-7.394177031120599e-05
2025-10-09,11. Sharpe Maximization,GOOGL,0.21501576743053247
2025-10-09,11. Sharpe Maximization,JNJ,0.3045333000870626
2025-10-09,11. Sharpe Maximization,META,1.6539584746441386e-06
2025-10-09,11. Sharpe Maximization,MSFT,0.18679379968496124
2025-10-09,11. Sharpe Maximization,NVDA,3.682206943954963e-06
2025-10-09,11. Sharpe Maximization,TSLA,0.00815373124767295
2025-10-09,12. CVaR Minimization,AAPL,0.05324436167160732
2025-10-09,12. CVaR Minimization,AMZN,0.03833350582070076
2025-10-09,12. CVaR Minimization,CASH,-2.598312766938271e-05
2025-10-09,12. CVaR Minimization,GOOGL,0.2947824854556043
2025-10-09,12. CVaR Minimization,JNJ,0.3033179430090674
2025-10-09,12. CVaR Minimization,MSFT,0.2525514881170036
2025-10-09,12. CVaR Minimization,NVDA,0.00413740606497123
2025-10-09,12. CVaR Minimization,V,0.05365879298871458
2025-10-09,2. Equal Weight,AAPL,0.09769193748013105
2025-10-09,2. Equal Weight,AMZN,0.10294256759922599
2025-10-09,2. Equal Weight,CASH,-2.7585819012075144e-05
2025-10-09,2. Equal Weight,GOOGL,0.09767760642139695
2025-10-09,2. Equal Weight,JNJ,0.10050587168364661
2025-10-09,2. Equal Weight,JPM,0.09778227322513358
2025-10-09,2. Equal Weight,META,0.10242719340889395
2025-10-09,2. Equal Weight,MSFT,0.1001909984396798
2025-10-09,2. Equal Weight,NVDA,0.1018402574332611
2025-10-09,2. Equal Weight,TSLA,0.10054056296058769
2025-10-09,2. Equal Weight,V,0.09842831716705545
2025-10-09,3. Quintile Momentum,AMZN,0.51121919543902
2025-10-09,3. Quintile Momentum,CASH,-2.0342370360943255e-05
2025-10-09,3. Quintile Momentum,V,0.488801146931341
2025-10-09,4. Quintile Low Vol,CASH,-1.3766012141626875e-05
2025-10-09,4. Quintile Low Vol,MSFT,0.5044442800747584
2025-10-09,4. Quintile Low Vol,V,0.4955694859373832
2025-10-09,5. Mean Reversion,AAPL,0.054613041536511454
2025-10-09,5. Mean Reversion,AMZN,0.1521492950585417
2025-10-09,5. Mean Reversion,CASH,-0.0006792390365422593
2025-10-09,5. Mean Reversion,GOOGL,0.1578141538963139
2025-10-09,5. Mean Reversion,JPM,0.12115777180823785
2025-10-09,5. Mean Reversion,META,0.1933263693185303
2025-10-09,5. Mean Reversion,MSFT,0.1003662376364043
2025-10-09,5. Mean Reversion,NVDA,0.05764203742246052
2025-10-09,5. Mean Reversion,TSLA,0.09518378466526681
2025-10-09,5. Mean Reversion,V,0.06842654769427528
2025-10-09,6. GMVP,AAPL,0.07193065290852034
2025-10-09,6. GMVP,AMZN,0.04127447930523308
2025-10-09,6. GMVP,CASH,-0.00016326237323826008
2025-10-09,6. GMVP,GOOGL,0.03115469557308666
2025-10-09,6. GMVP,JNJ,0.3375785434460577
2025-10-09,6. GMVP,JPM,0.135906455897545
2025-10-09,6. GMVP,META,0.042514594877005964
2025-10-09,6. GMVP,MSFT,0.1999311841943063
2025-10-09,6. GMVP,NVDA,0.08034483104850405
2025-10-09,6. GMVP,V,0.059527825122979126
2025-10-09,7. Inverse Volatility,AAPL,0.08194066938133206
2025-10-09,7. Inverse Volatility,AMZN,0.10110725296441554
2025-10-09,7. Inverse Volatility,CASH,-0.00015037222909876813
2025-10-09,7. Inverse Volatility,GOOGL,0.0996032464261133
2025-10-09,7. Inverse Volatility,JNJ,0.13852959272022972
2025-10-09,7. Inverse Volatility,JPM,0.12273249301214412
2025-10-09,7. Inverse Volatility,META,0.10761384896657879
2025-10-09,7. Inverse Volatility,MSFT,0.1333879717712647
2025-10-09,7. Inverse Volatility,NVDA,0.06910306234053296
2025-10-09,7. Inverse Volatility,TSLA,0.04243363410011397
2025-10-09,7. Inverse Volatility,V,0.10369860054637349
2025-10-09,8. Risk Parity,AAPL,0.079715078405773
2025-10-09,8. Risk Parity,AMZN,0.0738637584051717
2025-10-09,8. Risk Parity,CASH,-0.00030437375749101477
2025-10-09,8. Risk Parity,GOOGL,0.07721602642032985
2025-10-09,8. Risk Parity,JNJ,0.2178967645195175
2025-10-09,8. Risk Parity,JPM,0.10475811988810019
2025-10-09,8. Risk Parity,META,0.0832496737625088
2025-10-09,8. Risk Parity,MSFT,0.11656205298856186
2025-10-09,8. Risk Parity,NVDA,0.09784027974187343
2025-10-09,8. Risk Parity,TSLA,0.046094941717989106
2025-10-09,8. Risk Parity,V,0.10310767790766556
2025-10-09,9. Max Diversification,AAPL,0.042127785809629004
2025-10-09,9. Max Diversification,AMZN,0.08968995728918928
2025-10-09,9. Max Diversification,CASH,-0.00012238575957943635
2025-10-09,9. Max Diversification,GOOGL,0.06948700900135238
2025-10-09,9. Max Diversification,JNJ,0.38699474414611756
2025-10-09,9. Max Diversification,JPM,0.053177110795819896
2025-10-09,9. Max Diversification,META,0.14915856398145247
2025-10-09,9. Max Diversification,NVDA,0.16614806727512163
2025-10-09,9. Max Diversification,TSLA,0.04333914746089705
2025-10-10,1. Buy & Hold,AAPL,0.10000329559376339
2025-10-10,1. Buy & Hold,AMZN,0.10000329559376339
2025-10-10,1. Buy & Hold,CASH,-3.295593763389247e-05
2025-10-10,1. Buy & Hold,GOOGL,0.10000329559376339
2025-10-10,1. Buy & Hold,JNJ,0.10000329559376339
2025-10-10,1. Buy & Hold,JPM,0.1000032955937634
2025-10-10,1. Buy & Hold,META,0.1000032955937634
2025-10-10,1. Buy & Hold,MSFT,0.10000329559376339
2025-10-10,1. Buy & Hold,NVDA,0.10000329559376336
2025-10-10,1. Buy & Hold,TSLA,0.10000329559376336
2025-10-10,1. Buy & Hold,V,0.10000329559376339
2025-10-10,10. Max Decorrelation,AAPL,0.06343819981363455
2025-10-10,10. Max Decorrelation,AMZN,0.07585285202113361
2025-10-10,10. Max Decorrelation,CASH,-0.00010337418197815877
2025-10-10,10. Max Decorrelation,GOOGL,0.08416275979197496
2025-10-10,10. Max Decorrelation,JNJ,0.2816547911938013
2025-10-10,10. Max Decorrelation,JPM,0.05206273552253204
2025-10-10,10. Max Decorrelation,META,0.18081070886615394
2025-10-10,10. Max Decorrelation,NVDA,0.17246067159472114
2025-10-10,10. Max Decorrelation,TSLA,0.08268513800436605
2025-10-10,10. Max Decorrelation,V,0.006975517373660572
2025-10-10,11. Sharpe Maximization,AAPL,0.278742806643794
2025-10-10,11. Sharpe Maximization,CASH,-7.43250746198864e-05
2025-10-10,11. Sharpe Maximization,GOOGL,0.19042870213039084
2025-10-10,11. Sharpe Maximization,JNJ,0.30002499730636345
2025-10-10,11. Sharpe Maximization,META,6.2434385237847145e-06
2025-10-10,11. Sharpe Maximization,MSFT,0.2230395000552371
2025-10-10,11. Sharpe Maximization,NVDA,5.4053999912899026e-06
2025-10-10,11. Sharpe Maximization,TSLA,0.007826236578433824
2025-10-10,12. CVaR Minimization,AAPL,0.031732437534160766
2025-10-10,12. CVaR Minimization,AMZN,0.04041911974439291
2025-10-10,12. CVaR Minimization,CASH,-0.0001768667969304297
2025-10-10,12. CVaR Minimization,GOOGL,0.30005219167249364
2025-10-10,12. CVaR Minimization,JNJ,0.3000528103355883
2025-10-10,12. CVaR Minimization,MSFT,0.1974061268015252
2025-10-10,12. CVaR Minimization,NVDA,0.01736202929573736
2025-10-10,12. CVaR Minimization,TSLA,0.006625416608347256
2025-10-10,12. CVaR Minimization,V,0.10652591627762753
2025-10-10,2. Equal Weight,AAPL,0.10000329559376336
2025-10-10,2. Equal Weight,AMZN,0.10000329559376336
2025-10-10,2. Equal Weight,CASH,-3.2955937633892565e-05
2025-10-10,2. Equal Weight,GOOGL,0.10000329559376336
2025-10-10,2. Equal Weight,JNJ,0.10000329559376336
2025-10-10,2. Equal Weight,JPM,0.10000329559376338
2025-10-10,2. Equal Weight,META,0.10000329559376338
2025-10-10,2. Equal Weight,MSFT,0.10000329559376336
2025-10-10,2. Equal Weight,NVDA,0.10000329559376336
2025-10-10,2. Equal Weight,TSLA,0.10000329559376336
2025-10-10,2. Equal Weight,V,0.10000329559376336
2025-10-10,3. Quintile Momentum,AMZN,0.5005496851336179
2025-10-10,3. Quintile Momentum,CASH,-0.0010993702672356406
2025-10-10,3. Quintile Momentum,META,0.5005496851336177
2025-10-10,4. Quintile Low Vol,CASH,-0.001104153589121166
2025-10-10,4. Quintile Low Vol,JPM,0.5005520767945606
2025-10-10,4. Quintile Low Vol,V,0.5005520767945606
2025-10-10,5. Mean Reversion,AAPL,0.1287122941506273
2025-10-10,5. Mean Reversion,AMZN,0.10178040621931056
2025-10-10,5. Mean Reversion,CASH,-0.00033088464616653693
2025-10-10,5. Mean Reversion,GOOGL,0.12951200086059292
2025-10-10,5. Mean Reversion,JPM,0.16031846944004377
2025-10-10,5. Mean Reversion,META,0.12390343223295487
2025-10-10,5. Mean Reversion,MSFT,0.09369638428404838
2025-10-10,5. Mean Reversion,NVDA,0.07856693702245597
2025-10-10,5. Mean Reversion,TSLA,0.11224170317165712
2025-10-10,5. Mean Reversion,V,0.07159925726447569
2025-10-10,6. GMVP,AAPL,0.08504176538608187
2025-10-10,6. GMVP,AMZN,0.02993357962289843
2025-10-10,6. GMVP,CASH,-0.00018467592226631042
2025-10-10,6. GMVP,GOOGL,0.03230576169812925
2025-10-10,6. GMVP,JNJ,0.32172162897991463
2025-10-10,6. GMVP,JPM,0.19822304651302164
2025-10-10,6. GMVP,META,0.05223044301779181
2025-10-10,6. GMVP,MSFT,0.15194513931654685
2025-10-10,6. GMVP,NVDA,0.07399542565327175
2025-10-10,6. GMVP,V,0.054787885734610166
2025-10-10,7. Inverse Volatility,AAPL,0.08163201130515411
2025-10-10,7. Inverse Volatility,AMZN,0.08244612944035183
2025-10-10,7. Inverse Volatility,CASH,-0.0001489874643499573
2025-10-10,7. Inverse Volatility,GOOGL,0.09020803307200631
2025-10-10,7. Inverse Volatility,JNJ,0.1468417100060357
2025-10-10,7. Inverse Volatility,JPM,0.17638992635554104
2025-10-10,7. Inverse Volatility,META,0.08651759238876738
2025-10-10,7. Inverse Volatility,MSFT,0.12060066011782927
2025-10-10,7. Inverse Volatility,NVDA,0.06178948031891013
2025-10-10,7. Inverse Volatility,TSLA,0.0371160512994683
2025-10-10,7. Inverse Volatility,V,0.11660739316028589
2025-10-10,8. Risk Parity,AAPL,0.10003269446389307
2025-10-10,8. Risk Parity,AMZN,0.10003269446389307
2025-10-10,8. Risk Parity,CASH,-0.0003269446389308502
2025-10-10,8. Risk Parity,GOOGL,0.10003269446389307
2025-10-10,8. Risk Parity,JNJ,0.10003269446389307
2025-10-10,8. Risk Parity,JPM,0.10003269446389307
2025-10-10,8. Risk Parity,META,0.10003269446389307
2025-10-10,8. Risk Parity,MSFT,0.10003269446389307
2025-10-10,8. Risk Parity,NVDA,0.10003269446389307
2025-10-10,8. Risk Parity,TSLA,0.10003269446389307
2025-10-10,8. Risk Parity,V,0.10003269446389307
2025-10-10,9. Max Diversification,AAPL,0.06266281460811318
2025-10-10,9. Max Diversification,AMZN,0.06517699801166259
2025-10-10,9. Max Diversification,CASH,-0.0001319278534704327
2025-10-10,9. Max Diversification,GOOGL,0.0762929156113501
2025-10-10,9. Max Diversification,JNJ,0.370405439069937
2025-10-10,9. Max Diversification,JPM,0.08144537569933383
2025-10-10,9. Max Diversification,META,0.13894787162724523
2025-10-10,9. Max Diversification,NVDA,0.15094660621114872
2025-10-10,9. Max Diversification,TSLA,0.043951532308027653
2025-10-10,9. Max Diversification,V,0.010302373399090235
2025-10-13,1. Buy & Hold,AAPL,0.09913864496342047
2025-10-13,1. Buy & Hold,AMZN,0.09986086865114044
2025-10-13,1. Buy & Hold,CASH,-3.235570753123146e-05
2025-10-13,1. Buy & Hold,GOOGL,0.10132779682453019
2025-10-13,1. Buy & Hold,JNJ,0.09827458792483483
2025-10-13,1. Buy & Hold,JPM,0.1004921643248876
2025-10-13,1. Buy & Hold,META,0.09962966602443533
2025-10-13,1. Buy & Hold,MSFT,0.09877567392437232
2025-10-13,1. Buy & Hold,NVDA,0.10094791462938146
2025-10-13,1. Buy & Hold,TSLA,0.1035031099657221
2025-10-13,1. Buy & Hold,V,0.09808192847480651
2025-10-13,10. Max Decorrelation,AAPL,0.06291744908645093
2025-10-13,10. Max Decorrelation,AMZN,0.07577824297867945
2025-10-13,10. Max Decorrelation,CASH,-0.0001015361996209515
2025-10-13,10. Max Decorrelation,GOOGL,0.08531508840416496
2025-10-13,10. Max Decorrelation,JNJ,0.27690809509140474
2025-10-13,10. Max Decorrelation,JPM,0.052340330480272874
2025-10-13,10. Max Decorrelation,META,0.18021465324557223
2025-10-13,10. Max Decorrelation,NVDA,0.17416653108180863
2025-10-13,10. Max Decorrelation,TSLA,0.08561663053733906
2025-10-13,10. Max Decorrelation,V,0.006844515293928271
2025-10-13,11. Sharpe Maximization,AAPL,0.278431277177811
2025-10-13,11. Sharpe Maximization,CASH,-7.352554753090618e-05
2025-10-13,11. Sharpe Maximization,GOOGL,0.19441616836912737
2025-10-13,11. Sharpe Maximization,JNJ,0.2970776940803377
2025-10-13,11. Sharpe Maximization,META,6.267349105475437e-06
2025-10-13,11. Sharpe Maximization,MSFT,0.22197453592006744
2025-10-13,11. Sharpe Maximization,NVDA,5.497896510471951e-06
2025-10-13,11. Sharpe Maximization,TSLA,0.008161645805030496
2025-10-13,12. CVaR Minimization,AAPL,0.03163572708905274
2025-10-13,12. CVaR Minimization,AMZN,0.040589490377831106
2025-10-13,12. CVaR Minimization,CASH,-0.00017462614222575593
2025-10-13,12. CVaR Minimization,GOOGL,0.30574320310491304
2025-10-13,12. CVaR Minimization,JNJ,0.2965311611383741
2025-10-13,12. CVaR Minimization,MSFT,0.19608394547543853
2025-10-13,12. CVaR Minimization,NVDA,0.017625004818217545
2025-10-13,12. CVaR Minimization,TSLA,0.006896011852272115
2025-10-13,12. CVaR Minimization,V,0.10506926221197634
2025-10-13,2. Equal Weight,AAPL,0.09913864496342047
2025-10-13,2. Equal Weight,AMZN,0.09986086865114044
2025-10-13,2. Equal Weight,CASH,-3.2355707531231565e-05
2025-10-13,2. Equal Weight,GOOGL,0.10132779682453019
2025-10-13,2. Equal Weight,JNJ,0.09827458792483483
2025-10-13,2. Equal Weight,JPM,0.1004921643248876
2025-10-13,2. Equal Weight,META,0.09962966602443533
2025-10-13,2. Equal Weight,MSFT,0.09877567392437232
2025-10-13,2. Equal Weight,NVDA,0.10094791462938149
2025-10-13,2. Equal Weight,TSLA,0.10350310996572211
2025-10-13,2. Equal Weight,V,0.09808192847480651
2025-10-13,3. Quintile Momentum,AMZN,0.5011211701706616
2025-10-13,3. Quintile Momentum,CASH,-0.0010821208038209846
2025-10-13,3. Quintile Momentum,META,0.49996095063315943
2025-10-13,4. Quintile Low Vol,CASH,-0.0010918503075604906
2025-10-13,4. Quintile Low Vol,JPM,0.5066214092031249
2025-10-13,4. Quintile Low Vol,V,0.49447044110443544
2025-10-13,5. Mean Reversion,AAPL,0.12722680511059875
2025-10-13,5. Mean Reversion,AMZN,0.10133865385009234
2025-10-13,5. Mean Reversion,CASH,-0.0003239095614247918
2025-10-13,5. Mean Reversion,GOOGL,0.1308441241406415
2025-10-13,5. Mean Reversion,JPM,0.1606317420980441
2025-10-13,5. Mean Reversion,META,0.12308003837142135
2025-10-13,5. Mean Reversion,MSFT,0.09227593298763354
2025-10-13,5. Mean Reversion,NVDA,0.07907747355954471
2025-10-13,5. Mean Reversion,TSLA,0.11583058746482933
2025-10-13,5. Mean Reversion,V,0.0700185519786193
2025-10-13,6. GMVP,AAPL,0.0849309890576461
2025-10-13,6. GMVP,AMZN,0.030112369484471564
2025-10-13,6. GMVP,CASH,-0.00018265549984239064
2025-10-13,6. GMVP,GOOGL,0.03297611742661209
2025-10-13,6. GMVP,JNJ,0.3185021925535818
2025-10-13,6. GMVP,JPM,0.20066761191237756
2025-10-13,6. GMVP,META,0.05242076082238874
2025-10-13,6. GMVP,MSFT,0.15119162993585256
2025-10-13,6. GMVP,NVDA,0.07524768795323075
2025-10-13,6. GMVP,V,0.05413329635368119
2025-10-13,7. Inverse Volatility,AAPL,0.08120745145916801
2025-10-13,7. Inverse Volatility,AMZN,0.08261483062763536
2025-10-13,7. Inverse Volatility,CASH,-0.00014678229557346802
2025-10-13,7. Inverse Volatility,GOOGL,0.09172045886390945
2025-10-13,7. Inverse Volatility,JNJ,0.14480483739317015
2025-10-13,7. Inverse Volatility,JPM,0.17786823036730723
2025-10-13,7. Inverse Volatility,META,0.08649390508639615
2025-10-13,7. Inverse Volatility,MSFT,0.11953417594404456
2025-10-13,7. Inverse Volatility,NVDA,0.06258990607776971
2025-10-13,7. Inverse Volatility,TSLA,0.03854850777802506
2025-10-13,7. Inverse Volatility,V,0.11476447869814779
2025-10-13,8. Risk Parity,AAPL,0.09916725867593783
2025-10-13,8. Risk Parity,AMZN,0.09988969081416649
2025-10-13,8. Risk Parity,CASH,-0.00032098824174476925
2025-10-13,8. Risk Parity,GOOGL,0.10135704237705337
2025-10-13,8. Risk Parity,JNJ,0.09830295225044852
2025-10-13,8. Risk Parity,JPM,0.10052116869448836
2025-10-13,8. Risk Parity,META,0.09965842145702042
2025-10-13,8. Risk Parity,MSFT,0.09880418287502848
2025-10-13,8. Risk Parity,NVDA,0.10097705053909156
2025-10-13,8. Risk Parity,TSLA,0.10353298336407557
2025-10-13,8. Risk Parity,V,0.0981102371944341
2025-10-13,9. Max Diversification,AAPL,0.062331680406442574
2025-10-13,9. Max Diversification,AMZN,0.06530488235958704
2025-10-13,9. Max Diversification,CASH,-0.0001299642772564172
2025-10-13,9. Max Diversification,GOOGL,0.07756553112251832
2025-10-13,9. Max Diversification,JNJ,0.36523681362210797
2025-10-13,9. Max Diversification,JPM,0.0821210681057276
2025-10-13,9. Max Diversification,META,0.13889817251975145
2025-10-13,9. Max Diversification,NVDA,0.1528891490157323
2025-10-13,9. Max Diversification,TSLA,0.04564396656274321
2025-10-13,9. Max Diversification,V,0.010138699266755695
2025-10-14,1. Buy & Hold,AAPL,0.10005126824609481
2025-10-14,1. Buy & Hold,AMZN,0.09905090551737604
2025-10-14,1. Buy & Hold,CASH,-3.263906193038531e-05
2025-10-14,1. Buy & Hold,GOOGL,0.10275942723579762
2025-10-14,1. Buy & Hold,JNJ,0.09910926024939123
2025-10-14,1. Buy & Hold,JPM,0.0994334542239192
2025-10-14,1. Buy & Hold,META,0.0995121744081197
2025-10-14,1. Buy & Hold,MSFT,0.0995476590926144
2025-10-14,1. Buy & Hold,NVDA,0.0973492376749772
2025-10-14,1. Buy & Hold,TSLA,0.10281429068714774
2025-10-14,1. Buy & Hold,V,0.10040496172649242
2025-10-14,10. Max Decorrelation,AAPL,0.06374265450012905
2025-10-14,10. Max Decorrelation,AMZN,0.07545483286952924
2025-10-14,10. Max Decorrelation,CASH,-0.00010282224713065493
2025-10-14,10. Max Decorrelation,GOOGL,0.08685570297281252
2025-10-14,10. Max Decorrelation,JNJ,0.2803419401441853
2025-10-14,10. Max Decorrelation,JPM,0.05198956776163971
2025-10-14,10. Max Decorrelation,META,0.1806995460243989
2025-10-14,10. Max Decorrelation,NVDA,0.16860844559736818
2025-10-14,10. Max Decorrelation,TSLA,0.08537636021840361
2025-10-14,10. Max Decorrelation,V,0.007033772158664353
2025-10-14,11. Sharpe Maximization,AAPL,0.27834652916636965
2025-10-14,11. Sharpe Maximization,CASH,-7.347053558696866e-05
2025-10-14,11. Sharpe Maximization,GOOGL,0.1953051187831791
2025-10-14,11. Sharpe Maximization,JNJ,0.2967776684767383
2025-10-14,11. Sharpe Maximization,META,6.200969557805e-06
2025-10-14,11. Sharpe Maximization,MSFT,0.22160133802986992
2025-10-14,11. Sharpe Maximization,NVDA,5.2519421671822584e-06
2025-10-14,11. Sharpe Maximization,TSLA,0.008030932935320896
2025-10-14,12. CVaR Minimization,AAPL,0.03160628672226605
2025-10-14,12. CVaR Minimization,AMZN,0.03985591141995374
2025-10-14,12. CVaR Minimization,CASH,-0.0001743861793625129
2025-10-14,12. CVaR Minimization,GOOGL,0.30694878730103475
2025-10-14,12. CVaR Minimization,JNJ,0.29604612235330546
2025-10-14,12. CVaR Minimization,MSFT,0.1956316523287907
2025-10-14,12. CVaR Minimization,NVDA,0.016825984454211077
2025-10-14,12. CVaR Minimization,TSLA,0.006781318139253027
2025-10-14,12. CVaR Minimization,V,0.10647751258034067
2025-10-14,2. Equal Weight,AAPL,0.10005126824609481
2025-10-14,2. Equal Weight,AMZN,0.09905090551737604
2025-10-14,2. Equal Weight,CASH,-3.263906193038542e-05
2025-10-14,2. Equal Weight,GOOGL,0.10275942723579762
2025-10-14,2. Equal Weight,JNJ,0.09910926024939123
2025-10-14,2. Equal Weight,JPM,0.0994334542239192
2025-10-14,2. Equal Weight,META,0.0995121744081197
2025-10-14,2. Equal Weight,MSFT,0.0995476590926144
2025-10-14,2. Equal Weight,NVDA,0.09734923767497723
2025-10-14,2. Equal Weight,TSLA,0.10281429068714779
2025-10-14,2. Equal Weight,V,0.10040496172649242
2025-10-14,3. Quintile Momentum,AMZN,0.49938556493875874
2025-10-14,3. Quintile Momentum,CASH,-0.0010967121060645397
2025-10-14,3. Quintile Momentum,META,0.5017111471673058
2025-10-14,4. Quintile Low Vol,CASH,-0.0010944466668179568
2025-10-14,4. Quintile Low Vol,JPM,0.49811383043170937
2025-10-14,4. Quintile Low Vol,V,0.5029806162351086
2025-10-14,5. Mean Reversion,AAPL,0.12850757456436426
2025-10-14,5. Mean Reversion,AMZN,0.10060248944114712
2025-10-14,5. Mean Reversion,CASH,-0.00032702505038224795
2025-10-14,5. Mean Reversion,GOOGL,0.1328060272420796
2025-10-14,5. Mean Reversion,JPM,0.15907509168124823
2025-10-14,5. Mean Reversion,META,0.12303980960048862
2025-10-14,5. Mean Reversion,MSFT,0.09307648658091454
2025-10-14,5. Mean Reversion,NVDA,0.07632353462259354
2025-10-14,5. Mean Reversion,TSLA,0.11515792460523579
2025-10-14,5. Mean Reversion,V,0.07173808671231059
2025-10-14,6. GMVP,AAPL,0.08560048093929334
2025-10-14,6. GMVP,AMZN,0.029828982884560606
2025-10-14,6. GMVP,CASH,-0.00018401360107307113
2025-10-14,6. GMVP,GOOGL,0.03339819527035527
2025-10-14,6. GMVP,JNJ,0.3207863152992305
2025-10-14,6. GMVP,JPM,0.19829328737038956
2025-10-14,6. GMVP,META,0.05229031583363872
2025-10-14,6. GMVP,MSFT,0.15217356078481653
2025-10-14,6. GMVP,NVDA,0.07247008442109648
2025-10-14,6. GMVP,V,0.05534279079769204
2025-10-14,7. Inverse Volatility,AAPL,0.08180851936908244
2025-10-14,7. Inverse Volatility,AMZN,0.08179827768036449
2025-10-14,7. Inverse Volatility,CASH,-0.00014780307672327873
2025-10-14,7. Inverse Volatility,GOOGL,0.09285008928501715
2025-10-14,7. Inverse Volatility,JNJ,0.1457736758892055
2025-10-14,7. Inverse Volatility,JPM,0.17567976544470235
2025-10-14,7. Inverse Volatility,META,0.08623748426810446
2025-10-14,7. Inverse Volatility,MSFT,0.12025307046420744
2025-10-14,7. Inverse Volatility,NVDA,0.06025076076225563
2025-10-14,7. Inverse Volatility,TSLA,0.038223520762046416
2025-10-14,7. Inverse Volatility,V,0.11727263915173756
2025-10-14,8. Risk Parity,AAPL,0.10008039832720675
2025-10-14,8. Risk Parity,AMZN,0.0990797443413361
2025-10-14,8. Risk Parity,CASH,-0.0003238001076734868
2025-10-14,8. Risk Parity,GOOGL,0.10278934580157761
2025-10-14,8. Risk Parity,JNJ,0.09913811606342156
2025-10-14,8. Risk Parity,JPM,0.09946240442752537
2025-10-14,8. Risk Parity,META,0.09954114753122897
2025-10-14,8. Risk Parity,MSFT,0.0995766425471443
2025-10-14,8. Risk Parity,NVDA,0.09737758105571961
2025-10-14,8. Risk Parity,TSLA,0.1028442252265063
2025-10-14,8. Risk Parity,V,0.10043419478600688
2025-10-14,9. Max Diversification,AAPL,0.06305061821187703
2025-10-14,9. Max Diversification,AMZN,0.06492465590974232
2025-10-14,9. Max Diversification,CASH,-0.00013140492953469366
2025-10-14,9. Max Diversification,GOOGL,0.0788429272359912
2025-10-14,9. Max Diversification,JNJ,0.36918873659896195
2025-10-14,9. Max Diversification,JPM,0.08144338404135114
2025-10-14,9. Max Diversification,META,0.1390544743575184
2025-10-14,9. Max Diversification,NVDA,0.14777901280876923
2025-10-14,9. Max Diversification,TSLA,0.04544481684441732
2025-10-14,9. Max Diversification,V,0.010402777611874548
2025-10-15,1. Buy & Hold,AAPL,0.1001141922649342
2025-10-15,1. Buy & Hold,AMZN,0.09811590190542607
2025-10-15,1. Buy & Hold,CASH,-3.2453944092482606e-05
2025-10-15,1. Buy & Hold,GOOGL,0.10449946810215194
2025-10-15,1. Buy & Hold,JNJ,0.09871238061944015
2025-10-15,1. Buy & Hold,JPM,0.10005103860987695
2025-10-15,1. Buy & Hold,META,0.10019046878152475
2025-10-15,1. Buy & Hold,MSFT,0.0989560751406235
2025-10-15,1. Buy & Hold,NVDA,0.09668957095604233
2025-10-15,1. Buy & Hold,TSLA,0.10363873435085195
2025-10-15,1. Buy & Hold,V,0.09906462321322063
2025-10-15,10. Max Decorrelation,AAPL,0.06373944538145399
2025-10-15,10. Max Decorrelation,AMZN,0.0746918294584344
2025-10-15,10. Max Decorrelation,CASH,-0.00010216967021314616
2025-10-15,10. Max Decorrelation,GOOGL,0.08826648453301195
2025-10-15,10. Max Decorrelation,JNJ,0.2790297764161478
2025-10-15,10. Max Decorrelation,JPM,0.05227696506234865
2025-10-15,10. Max Decorrelation,META,0.18180772792380712
2025-10-15,10. Max Decorrelation,NVDA,0.16735222393957963
2025-10-15,10. Max Decorrelation,TSLA,0.08600255194650204
2025-10-15,10. Max Decorrelation,V,0.006935165008927459
2025-10-15,11. Sharpe Maximization,AAPL,0.2782317629480319
2025-10-15,11. Sharpe Maximization,CASH,-7.297781711682172e-05
2025-10-15,11. Sharpe Maximization,GOOGL,0.1984055783547121
2025-10-15,11. Sharpe Maximization,JNJ,0.2952816489920564
2025-10-15,11. Sharpe Maximization,META,6.236740003316183e-06
2025-10-15,11. Sharpe Maximization,MSFT,0.22005520012058943
2025-10-15,11. Sharpe Maximization,NVDA,5.210925461132505e-06
2025-10-15,11. Sharpe Maximization,TSLA,0.008086907282161868
2025-10-15,12. CVaR Minimization,AAPL,0.03159415568916052
2025-10-15,12. CVaR Minimization,AMZN,0.0394397291540736
2025-10-15,12. CVaR Minimization,CASH,-0.0001732216243714101
2025-10-15,12. CVaR Minimization,GOOGL,0.3118304745265439
2025-10-15,12. CVaR Minimization,JNJ,0.29456218788653393
2025-10-15,12. CVaR Minimization,MSFT,0.19427224620713343
2025-10-15,12. CVaR Minimization,NVDA,0.01669505254140518
2025-10-15,12. CVaR Minimization,TSLA,0.0068287775412758005
2025-10-15,12. CVaR Minimization,V,0.10494978249720506
2025-10-15,2. Equal Weight,AAPL,0.10011419226493419
2025-10-15,2. Equal Weight,AMZN,0.09811590190542606
2025-10-15,2. Equal Weight,CASH,-3.245394409248271e-05
2025-10-15,2. Equal Weight,GOOGL,0.10449946810215192
2025-10-15,2. Equal Weight,JNJ,0.09871238061944014
2025-10-15,2. Equal Weight,JPM,0.10005103860987694
2025-10-15,2. Equal Weight,META,0.10019046878152474
2025-10-15,2. Equal Weight,MSFT,0.09895607514062349
2025-10-15,2. Equal Weight,NVDA,0.09668957095604234
2025-10-15,2. Equal Weight,TSLA,0.10363873435085197
2025-10-15,2. Equal Weight,V,0.09906462321322061
2025-10-15,3. Quintile Momentum,AMZN,0.49530952613302487
2025-10-15,3. Quintile Momentum,CASH,-0.0010918983223613887
2025-10-15,3. Quintile Momentum,META,0.5057823721893365
2025-10-15,4. Quintile Low Vol,CASH,-0.0010921869797515084
2025-10-15,4. Quintile Low Vol,JPM,0.5030257898072515
2025-10-15,4. Quintile Low Vol,V,0.49806639717249995
2025-10-15,5. Mean Reversion,AAPL,0.12831841522998758
2025-10-15,5. Mean Reversion,AMZN,0.09944361158177607
2025-10-15,5. Mean Reversion,CASH,-0.00032448755674863595
2025-10-15,5. Mean Reversion,GOOGL,0.13477129492214346
2025-10-15,5. Mean Reversion,JPM,0.1597270488723155
2025-10-15,5. Mean Reversion,META,0.12361838169128768
2025-10-15,5. Mean Reversion,MSFT,0.0923290999533679
2025-10-15,5. Mean Reversion,NVDA,0.07564718363176472
2025-10-15,5. Mean Reversion,TSLA,0.11583762833174621
2025-10-15,5. Mean Reversion,V,0.07063182334235939
2025-10-15,6. GMVP,AAPL,0.08578229534151105
2025-10-15,6. GMVP,AMZN,0.02959155609801838
2025-10-15,6. GMVP,CASH,-0.00018324331849297552
2025-10-15,6. GMVP,GOOGL,0.03401447819670636
2025-10-15,6. GMVP,JNJ,0.31997911485313046
2025-10-15,6. GMVP,JPM,0.1998230096226929
2025-10-15,6. GMVP,META,0.05272539791984367
2025-10-15,6. GMVP,MSFT,0.15149525179031298
2025-10-15,6. GMVP,NVDA,0.0720865521125569
2025-10-15,6. GMVP,V,0.05468558738372024
2025-10-15,7. Inverse Volatility,AAPL,0.08189553786938143
2025-10-15,7. Inverse Volatility,AMZN,0.08106133781423377
2025-10-15,7. Inverse Volatility,CASH,-0.00014702864245430552
2025-10-15,7. Inverse Volatility,GOOGL,0.09446335978096775
2025-10-15,7. Inverse Volatility,JNJ,0.145253014369949
2025-10-15,7. Inverse Volatility,JPM,0.17684772403717677
2025-10-15,7. Inverse Volatility,META,0.086863020841102
2025-10-15,7. Inverse Volatility,MSFT,0.11959037877288671
2025-10-15,7. Inverse Volatility,NVDA,0.059868485305063744
2025-10-15,7. Inverse Volatility,TSLA,0.03854676727011968
2025-10-15,7. Inverse Volatility,V,0.11575740258157358
2025-10-15,8. Risk Parity,AAPL,0.10014317529863102
2025-10-15,8. Risk Parity,AMZN,0.09814430643456211
2025-10-15,8. Risk Parity,CASH,-0.0003219630901474156
2025-10-15,8. Risk Parity,GOOGL,0.10452972067211014
2025-10-15,8. Risk Parity,JNJ,0.09874095782901515
2025-10-15,8. Risk Parity,JPM,0.10008000336060636
2025-10-15,8. Risk Parity,META,0.10021947389725411
2025-10-15,8. Risk Parity,MSFT,0.09898472289970163
2025-10-15,8. Risk Parity,NVDA,0.0967175625627242
2025-10-15,8. Risk Parity,TSLA,0.10366873773860381
2025-10-15,8. Risk Parity,V,0.0990933023969387
2025-10-15,9. Max Diversification,AAPL,0.06309266891070349
2025-10-15,9. Max Diversification,AMZN,0.06431423482436284
2025-10-15,9. Max Diversification,CASH,-0.0001306646090137002
2025-10-15,9. Max Diversification,GOOGL,0.08018103267848357
2025-10-15,9. Max Diversification,JNJ,0.3677243037293728
2025-10-15,9. Max Diversification,JPM,0.08195234509328493
2025-10-15,9. Max Diversification,META,0.14000761598696462
2025-10-15,9. Max Diversification,NVDA,0.14678319593599615
2025-10-15,9. Max Diversification,TSLA,0.04581096863493245
2025-10-15,9. Max Diversification,V,0.010264297513611013
2025-10-16,1. Buy & Hold,AAPL,0.10010154132116945
2025-10-16,1. Buy & Hold,AMZN,0.09834838762308447
2025-10-16,1. Buy & Hold,CASH,-3.2697691917261e-05
2025-10-16,1. Buy & Hold,GOOGL,0.10546466533898727
2025-10-16,1. Buy & Hold,JNJ,0.0999479929393633
2025-10-16,1. Buy & Hold,JPM,0.09844473895752431
2025-10-16,1. Buy & Hold,META,0.10017204564522787
2025-10-16,1. Buy & Hold,MSFT,0.09934587954039137
2025-10-16,1. Buy & Hold,NVDA,0.09848835177764713
2025-10-16,1. Buy & Hold,TSLA,0.10288139864200063
2025-10-16,1. Buy & Hold,V,0.09683769590652147
2025-10-16,10. Max Decorrelation,AAPL,0.06335554043939785
2025-10-16,10. Max Decorrelation,AMZN,0.07442727931771186
2025-10-16,10. Max Decorrelation,CASH,-0.0001023299609156624
2025-10-16,10. Max Decorrelation,GOOGL,0.08855639560950167
2025-10-16,10. Max Decorrelation,JNJ,0.2808563229289229
2025-10-16,10. Max Decorrelation,JPM,0.05113431941027704
2025-10-16,10. Max Decorrelation,META,0.18070229834222223
2025-10-16,10. Max Decorrelation,NVDA,0.16946028297909738
2025-10-16,10. Max Decorrelation,TSLA,0.08487060540142256
2025-10-16,10. Max Decorrelation,V,0.0067392855323623905
2025-10-16,11. Sharpe Maximization,AAPL,0.2764547183151577
2025-10-16,11. Sharpe Maximization,CASH,-7.306555117250455e-05
2025-10-16,11. Sharpe Maximization,GOOGL,0.1989843678374578
2025-10-16,11. Sharpe Maximization,JNJ,0.2971057734901448
2025-10-16,11. Sharpe Maximization,META,6.1965499636804436e-06
2025-10-16,11. Sharpe Maximization,MSFT,0.21953876426269295
2025-10-16,11. Sharpe Maximization,NVDA,5.274633387108096e-06
2025-10-16,11. Sharpe Maximization,TSLA,0.007977547615506467
2025-10-16,12. CVaR Minimization,AAPL,0.03142292408805319
2025-10-16,12. CVaR Minimization,AMZN,0.03932389186692032
2025-10-16,12. CVaR Minimization,CASH,-0.00017359869101888828
2025-10-16,12. CVaR Minimization,GOOGL,0.3130445736246646
2025-10-16,12. CVaR Minimization,JNJ,0.2966703705487927
2025-10-16,12. CVaR Minimization,MSFT,0.19400498279316686
2025-10-16,12. CVaR Minimization,NVDA,0.016915613441487495
2025-10-16,12. CVaR Minimization,TSLA,0.006742988974986524
2025-10-16,12. CVaR Minimization,V,0.10204744223879171
2025-10-16,2. Equal Weight,AAPL,0.10010154132116945
2025-10-16,2. Equal Weight,AMZN,0.09834838762308447
2025-10-16,2. Equal Weight,CASH,-3.26976919172611e-05
2025-10-16,2. Equal Weight,GOOGL,0.10546466533898727
2025-10-16,2. Equal Weight,JNJ,0.0999479929393633
2025-10-16,2. Equal Weight,JPM,0.09844473895752431
2025-10-16,2. Equal Weight,META,0.10017204564522787
2025-10-16,2. Equal Weight,MSFT,0.09934587954039137
2025-10-16,2. Equal Weight,NVDA,0.09848835177764716
2025-10-16,2. Equal Weight,TSLA,0.10288139864200067
2025-10-16,2. Equal Weight,V,0.09683769590652147
2025-10-16,3. Quintile Momentum,AMZN,0.49595128859224175
2025-10-16,3. Quintile Momentum,CASH,-0.0010989205907408802
2025-10-16,3. Quintile Momentum,META,0.5051476319984991
2025-10-16,4. Quintile Low Vol,CASH,-0.001122023084757999
2025-10-16,4. Quintile Low Vol,JPM,0.5046802918850384
2025-10-16,4. Quintile Low Vol,V,0.49644173119971957
2025-10-16,5. Mean Reversion,AAPL,0.1285320892721825
2025-10-16,5. Mean Reversion,AMZN,0.09985784635030445
2025-10-16,5. Mean Reversion,CASH,-0.00032751042159323183
2025-10-16,5. Mean Reversion,GOOGL,0.13625980498182844
2025-10-16,5. Mean Reversion,JPM,0.15744426321702368
2025-10-16,5. Mean Reversion,META,0.12381710652993026
2025-10-16,5. Mean Reversion,MSFT,0.09285888448607602
2025-10-16,5. Mean Reversion,NVDA,0.07719256336404424
2025-10-16,5. Mean Reversion,TSLA,0.11519718828973267
2025-10-16,5. Mean Reversion,V,0.06916776393047089
2025-10-16,6. GMVP,AAPL,0.0856115276232421
2025-10-16,6. GMVP,AMZN,0.029606366724104705
2025-10-16,6. GMVP,CASH,-0.00018427534326132544
2025-10-16,6. GMVP,GOOGL,0.034264640439094746
2025-10-16,6. GMVP,JNJ,0.3233802937647244
2025-10-16,6. GMVP,JPM,0.1962482863025299
2025-10-16,6. GMVP,META,0.05261741001629101
2025-10-16,6. GMVP,MSFT,0.15180842883926562
2025-10-16,6. GMVP,NVDA,0.07329071474538333
2025-10-16,6. GMVP,V,0.0533566068886255
2025-10-16,7. Inverse Volatility,AAPL,0.08199037646697732
2025-10-16,7. Inverse Volatility,AMZN,0.08135778850390317
2025-10-16,7. Inverse Volatility,CASH,-0.00014832319954025203
2025-10-16,7. Inverse Volatility,GOOGL,0.09545832534516588
2025-10-16,7. Inverse Volatility,JNJ,0.1472601130722734
2025-10-16,7. Inverse Volatility,JPM,0.17423199500843065
2025-10-16,7. Inverse Volatility,META,0.08695860956997215
2025-10-16,7. Inverse Volatility,MSFT,0.12021569259378424
2025-10-16,7. Inverse Volatility,NVDA,0.06106059485946498
2025-10-16,7. Inverse Volatility,TSLA,0.03831424260590481
2025-10-16,7. Inverse Volatility,V,0.11330058517366372
2025-10-16,8. Risk Parity,AAPL,0.10013073840768494
2025-10-16,8. Risk Parity,AMZN,0.09837707335903009
2025-10-16,8. Risk Parity,CASH,-0.00032438192382285014
2025-10-16,8. Risk Parity,GOOGL,0.10549542671306389
2025-10-16,8. Risk Parity,JNJ,0.09997714523970135
2025-10-16,8. Risk Parity,JPM,0.09847345279671599
2025-10-16,8. Risk Parity,META,0.10020126329607056
2025-10-16,8. Risk Parity,MSFT,0.09937485621948755
2025-10-16,8. Risk Parity,NVDA,0.09851707833759486
2025-10-16,8. Risk Parity,TSLA,0.10291140654255183
2025-10-16,8. Risk Parity,V,0.09686594101192171
2025-10-16,9. Max Diversification,AAPL,0.06268908603873051
2025-10-16,9. Max Diversification,AMZN,0.06406235108037585
2025-10-16,9. Max Diversification,CASH,-0.00013082041104271
2025-10-16,9. Max Diversification,GOOGL,0.08041414831886182
2025-10-16,9. Max Diversification,JNJ,0.3699923189863529
2025-10-16,9. Max Diversification,JPM,0.08013093646170712
2025-10-16,9. Max Diversification,META,0.13910403153783382
2025-10-16,9. Max Diversification,NVDA,0.1485762860337206
2025-10-16,9. Max Diversification,TSLA,0.045191021261975536
2025-10-16,9. Max Diversification,V,0.009970639393249324
2025-10-17,1. Buy & Hold,AAPL,0.10000237372067221
2025-10-17,1. Buy & Hold,AMZN,0.10000237372067221
2025-10-17,1. Buy & Hold,CASH,-2.3737206722006222e-05
2025-10-17,1. Buy & Hold,GOOGL,0.10000237372067221
2025-10-17,1. Buy & Hold,JNJ,0.10000237372067221
2025-10-17,1. Buy & Hold,JPM,0.10000237372067222
2025-10-17,1. Buy & Hold,META,0.10000237372067222
2025-10-17,1. Buy & Hold,MSFT,0.10000237372067221
2025-10-17,1. Buy & Hold,NVDA,0.1000023737206722
2025-10-17,1. Buy & Hold,TSLA,0.1000023737206722
2025-10-17,1. Buy & Hold,V,0.10000237372067221
2025-10-17,10. Max Decorrelation,AAPL,0.028470748648334876
2025-10-17,10. Max Decorrelation,AMZN,0.03559913176271339
2025-10-17,10. Max Decorrelation,CASH,-0.00029478271449351687
2025-10-17,10. Max Decorrelation,GOOGL,0.09488358042122973
2025-10-17,10. Max Decorrelation,JNJ,0.2969731204466156
2025-10-17,10. Max Decorrelation,META,0.21320439735270502
2025-10-17,10. Max Decorrelation,NVDA,0.15846079840171207
2025-10-17,10. Max Decorrelation,TSLA,0.08905842708135538
2025-10-17,10. Max Decorrelation,V,0.08364457859982746
2025-10-17,11. Sharpe Maximization,AAPL,0.30007350815853545
2025-10-17,11. Sharpe Maximization,CASH,-0.0002462619258735555
2025-10-17,11. Sharpe Maximization,GOOGL,0.2876087873906767
2025-10-17,11. Sharpe Maximization,JNJ,0.3000730186545523
2025-10-17,11. Sharpe Maximization,MSFT,0.10367119939512284
2025-10-17,11. Sharpe Maximization,TSLA,0.00881714126130364
2025-10-17,12. CVaR Minimization,CASH,-0.00023462687543360683
2025-10-17,12. CVaR Minimization,GOOGL,0.300069838313875
2025-10-17,12. CVaR Minimization,JNJ,0.3000702246166771
2025-10-17,12. CVaR Minimization,JPM,0.023420786440053985
2025-10-17,12. CVaR Minimization,MSFT,0.19752028373487165
2025-10-17,12. CVaR Minimization,V,0.17915247570790252
2025-10-17,2. Equal Weight,AAPL,0.10000237372067224
2025-10-17,2. Equal Weight,AMZN,0.10000237372067224
2025-10-17,2. Equal Weight,CASH,-2.373720672222825e-05
2025-10-17,2. Equal Weight,GOOGL,0.10000237372067224
2025-10-17,2. Equal Weight,JNJ,0.10000237372067224
2025-10-17,2. Equal Weight,JPM,0.10000237372067224
2025-10-17,2. Equal Weight,META,0.10000237372067224
2025-10-17,2. Equal Weight,MSFT,0.10000237372067224
2025-10-17,2. Equal Weight,NVDA,0.10000237372067224
2025-10-17,2. Equal Weight,TSLA,0.10000237372067224
2025-10-17,2. Equal Weight,V,0.10000237372067222
2025-10-17,3. Quintile Momentum,AMZN,0.5005593922643274
2025-10-17,3. Quintile Momentum,CASH,-0.0011187845286548524
2025-10-17,3. Quintile Momentum,V,0.5005593922643273
2025-10-17,4. Quintile Low Vol,CASH,-0.00221487347371261
2025-10-17,4. Quintile Low Vol,JNJ,0.5011074367368563
2025-10-17,4. Quintile Low Vol,MSFT,0.5011074367368563
2025-10-17,5. Mean Reversion,AAPL,0.12257444489060411
2025-10-17,5. Mean Reversion,AMZN,0.12281643401927984
2025-10-17,5. Mean Reversion,CASH,-0.0002990626091211955
2025-10-17,5. Mean Reversion,GOOGL,0.07661271589647148
2025-10-17,5. Mean Reversion,JPM,0.1407432957381158
2025-10-17,5. Mean Reversion,META,0.09456519735027683
2025-10-17,5. Mean Reversion,MSFT,0.11106221191353842
2025-10-17,5. Mean Reversion,NVDA,0.11437498532720039
2025-10-17,5. Mean Reversion,TSLA,0.09337454377662587
2025-10-17,5. Mean Reversion,V,0.1241752336970085
2025-10-17,6. GMVP,AAPL,0.04024687217601318
2025-10-17,6. GMVP,AMZN,0.013595075833939088
2025-10-17,6. GMVP,CASH,-0.00047672767019505975
2025-10-17,6. GMVP,GOOGL,0.030423691012198915
2025-10-17,6. GMVP,JNJ,0.5002383638350976
2025-10-17,6. GMVP,JPM,0.07840337326166615
2025-10-17,6. GMVP,META,0.060272730323548226
2025-10-17,6. GMVP,MSFT,0.13975414132347946
2025-10-17,6. GMVP,NVDA,0.05138940706654954
2025-10-17,6. GMVP,V,0.08615307283770297
2025-10-17,7. Inverse Volatility,AAPL,0.08138678433112957
2025-10-17,7. Inverse Volatility,AMZN,0.08288847981866404
2025-10-17,7. Inverse Volatility,CASH,-0.0001390258131798115
2025-10-17,7. Inverse Volatility,GOOGL,0.09699898545789316
2025-10-17,7. Inverse Volatility,JNJ,0.18691731558463504
2025-10-17,7. Inverse Volatility,JPM,0.11935722548531762
2025-10-17,7. Inverse Volatility,META,0.08861373529156422
2025-10-17,7. Inverse Volatility,MSFT,0.13695935620648778
2025-10-17,7. Inverse Volatility,NVDA,0.059921199847471095
2025-10-17,7. Inverse Volatility,TSLA,0.04003529658204619
2025-10-17,7. Inverse Volatility,V,0.10706064720797104
2025-10-17,8. Risk Parity,AAPL,0.10000237441304294
2025-10-17,8. Risk Parity,AMZN,0.10000237441304294
2025-10-17,8. Risk Parity,CASH,-2.3744130429148213e-05
2025-10-17,8. Risk Parity,GOOGL,0.10000237441304294
2025-10-17,8. Risk Parity,JNJ,0.10000237441304294
2025-10-17,8. Risk Parity,JPM,0.10000237441304291
2025-10-17,8. Risk Parity,META,0.10000237441304294
2025-10-17,8. Risk Parity,MSFT,0.10000237441304294
2025-10-17,8. Risk Parity,NVDA,0.10000237441304294
2025-10-17,8. Risk Parity,TSLA,0.10000237441304294
2025-10-17,8. Risk Parity,V,0.10000237441304294
2025-10-17,9. Max Diversification,AAPL,0.024183248643975145
2025-10-17,9. Max Diversification,AMZN,0.025699998381112105
2025-10-17,9. Max Diversification,CASH,-0.00044713869122734226
2025-10-17,9. Max Diversification,GOOGL,0.0737463521098491
2025-10-17,9. Max Diversification,JNJ,0.47681795661311954
2025-10-17,9. Max Diversification,META,0.14233847017022583
2025-10-17,9. Max Diversification,NVDA,0.11348591330896224
2025-10-17,9. Max Diversification,TSLA,0.040919083511118844
2025-10-17,9. Max Diversification,V,0.10325611595286467
2025-10-20,1. Buy & Hold,AAPL,0.10253791742891677
2025-10-20,1. Buy & Hold,AMZN,0.1002402679567814
2025-10-20,1. Buy & Hold,CASH,-2.3415578738928097e-05
2025-10-20,1. Buy & Hold,GOOGL,0.09991309730347812
2025-10-20,1. Buy & Hold,JNJ,0.09890266080546073
2025-10-20,1. Buy & Hold,JPM,0.10023868940391867
2025-10-20,1. Buy & Hold,META,0.10074647415097371
2025-10-20,1. Buy & Hold,MSFT,0.09926395879492897
2025-10-20,1. Buy & Hold,NVDA,0.09833511109634453
2025-10-20,1. Buy & Hold,TSLA,0.10047074067096119
2025-10-20,1. Buy & Hold,V,0.09937449796697478
2025-10-20,10. Max Decorrelation,AAPL,0.029301135616320105
2025-10-20,10. Max Decorrelation,AMZN,0.03581646317132995
2025-10-20,10. Max Decorrelation,CASH,-0.0002918694767603289
2025-10-20,10. Max Decorrelation,GOOGL,0.09515126345952267
2025-10-20,10. Max Decorrelation,JNJ,0.2947991254249866
2025-10-20,10. Max Decorrelation,META,0.21558924246073893
2025-10-20,10. Max Decorrelation,NVDA,0.15639811892383865
2025-10-20,10. Max Decorrelation,TSLA,0.08980813901587321
2025-10-20,10. Max Decorrelation,V,0.0834283814041501
2025-10-20,11. Sharpe Maximization,AAPL,0.3066603925573428
2025-10-20,11. Sharpe Maximization,CASH,-0.0002421187391844793
2025-10-20,11. Sharpe Maximization,GOOGL,0.28639808676025086
2025-10-20,11. Sharpe Maximization,JNJ,0.29578793944818516
2025-10-20,11. Sharpe Maximization,MSFT,0.10256407169925935
2025-10-20,11. Sharpe Maximization,TSLA,0.008829028968026809
2025-10-20,12. CVaR Minimization,CASH,-0.00023286653089942772
2025-10-20,12. CVaR Minimization,GOOGL,0.3016396927706196
2025-10-20,12. CVaR Minimization,JNJ,0.29858954862741577
2025-10-20,12. CVaR Minimization,JPM,0.02362003718419751
2025-10-20,12. CVaR Minimization,MSFT,0.1972636276655644
2025-10-20,12. CVaR Minimization,V,0.17911892945180238
2025-10-20,2. Equal Weight,AAPL,0.10253791742891681
2025-10-20,2. Equal Weight,AMZN,0.10024026795678143
2025-10-20,2. Equal Weight,CASH,-2.341557873914712e-05
2025-10-20,2. Equal Weight,GOOGL,0.09991309730347817
2025-10-20,2. Equal Weight,JNJ,0.09890266080546077
2025-10-20,2. Equal Weight,JPM,0.1002386894039187
2025-10-20,2. Equal Weight,META,0.10074647415097372
2025-10-20,2. Equal Weight,MSFT,0.09926395879492901
2025-10-20,2. Equal Weight,NVDA,0.0983351110963446
2025-10-20,2. Equal Weight,TSLA,0.10047074067096126
2025-10-20,2. Equal Weight,V,0.09937449796697481
2025-10-20,3. Quintile Momentum,AMZN,0.5027238836744529
2025-10-20,3. Quintile Momentum,CASH,-0.0011057672673414896
2025-10-20,3. Quintile Momentum,V,0.4983818835928886
2025-10-20,4. Quintile Low Vol,CASH,-0.0022051075570838794
2025-10-20,4. Quintile Low Vol,JNJ,0.500188942063498
2025-10-20,4. Quintile Low Vol,MSFT,0.502016165493586
2025-10-20,5. Mean Reversion,AAPL,0.1255187961240287
2025-10-20,5. Mean Reversion,AMZN,0.12294844487908613
2025-10-20,5. Mean Reversion,CASH,-0.0002946266641219139
2025-10-20,5. Mean Reversion,GOOGL,0.07644474178408668
2025-10-20,5. Mean Reversion,JPM,0.1408923567567003
2025-10-20,5. Mean Reversion,META,0.09514490278783126
2025-10-20,5. Mean Reversion,MSFT,0.11009871435715655
2025-10-20,5. Mean Reversion,NVDA,0.11232178631247532
2025-10-20,5. Mean Reversion,TSLA,0.0936898264138293
2025-10-20,5. Mean Reversion,V,0.1232350572489276
2025-10-20,6. GMVP,AAPL,0.041527488340881186
2025-10-20,6. GMVP,AMZN,0.013713328872525495
2025-10-20,6. GMVP,CASH,-0.0004732329665925008
2025-10-20,6. GMVP,GOOGL,0.03058816061567679
2025-10-20,6. GMVP,JNJ,0.4978563019799537
2025-10-20,6. GMVP,JPM,0.07908409808962007
2025-10-20,6. GMVP,META,0.06110401662648216
2025-10-20,6. GMVP,MSFT,0.1395967526487801
2025-10-20,6. GMVP,NVDA,0.050851206042462696
2025-10-20,6. GMVP,V,0.08615187975021041
2025-10-20,7. Inverse Volatility,AAPL,0.08357009561192001
2025-10-20,7. Inverse Volatility,AMZN,0.08320490147518081
2025-10-20,7. Inverse Volatility,CASH,-0.00013733889667957128
2025-10-20,7. Inverse Volatility,GOOGL,0.0970514729838329
2025-10-20,7. Inverse Volatility,JNJ,0.1851271127928061
2025-10-20,7. Inverse Volatility,JPM,0.11981097755178627
2025-10-20,7. Inverse Volatility,META,0.08940121406915748
2025-10-20,7. Inverse Volatility,MSFT,0.13614315614848585
2025-10-20,7. Inverse Volatility,NVDA,0.05900674127307339
2025-10-20,7. Inverse Volatility,TSLA,0.040280529518270686
2025-10-20,7. Inverse Volatility,V,0.10654113747216619
2025-10-20,8. Risk Parity,AAPL,0.10253791812922328
2025-10-20,8. Risk Parity,AMZN,0.10024026864139557
2025-10-20,8. Risk Parity,CASH,-2.342240863089854e-05
2025-10-20,8. Risk Parity,GOOGL,0.09991309798585783
2025-10-20,8. Risk Parity,JNJ,0.09890266148093942
2025-10-20,8. Risk Parity,JPM,0.10023869008852204
2025-10-20,8. Risk Parity,META,0.10074647483904511
2025-10-20,8. Risk Parity,MSFT,0.09926395947287522
2025-10-20,8. Risk Parity,NVDA,0.09833511176794701
2025-10-20,8. Risk Parity,TSLA,0.10047074135714947
2025-10-20,8. Risk Parity,V,0.09937449864567598
2025-10-20,9. Max Diversification,AAPL,0.024944044441891543
2025-10-20,9. Max Diversification,AMZN,0.025914513061526978
2025-10-20,9. Max Diversification,CASH,-0.00044370628688062894
2025-10-20,9. Max Diversification,GOOGL,0.07411919653245862
2025-10-20,9. Max Diversification,JNJ,0.47438212460977447
2025-10-20,9. Max Diversification,META,0.1442513504593057
2025-10-20,9. Max Diversification,NVDA,0.11225826035751534
2025-10-20,9. Max Diversification,TSLA,0.041355496556430095
2025-10-20,9. Max Diversification,V,0.1032187202679779
2025-10-21,1. Buy & Hold,AAPL,0.10305805429585316
2025-10-21,1. Buy & Hold,AMZN,0.10312327574055591
2025-10-21,1. Buy & Hold,CASH,-2.348688913121727e-05
2025-10-21,1. Buy & Hold,GOOGL,0.09783840882155022
2025-10-21,1. Buy & Hold,JNJ,0.09826159888554682
2025-10-21,1. Buy & Hold,JPM,0.09879152245192159
2025-10-21,1. Buy & Hold,META,0.10120511077463515
2025-10-21,1. Buy & Hold,MSFT,0.0997338764735178
2025-10-21,1. Buy & Hold,NVDA,0.09783531052120685
2025-10-21,1. Buy & Hold,TSLA,0.09968883367609095
2025-10-21,1. Buy & Hold,V,0.10048749524825282
2025-10-21,10. Max Decorrelation,AAPL,0.02951726817827544
2025-10-21,10. Max Decorrelation,AMZN,0.03693103176920616
2025-10-21,10. Max Decorrelation,CASH,-0.00029342934438319676
2025-10-21,10. Max Decorrelation,GOOGL,0.0933890119012973
2025-10-21,10. Max Decorrelation,JNJ,0.2935596112588286
2025-10-21,10. Max Decorrelation,META,0.2170670666195674
2025-10-21,10. Max Decorrelation,NVDA,0.1559598477453383
2025-10-21,10. Max Decorrelation,TSLA,0.0893134509919043
2025-10-21,10. Max Decorrelation,V,0.08455614087996585
2025-10-21,11. Sharpe Maximization,AAPL,0.31004291567567155
2025-10-21,11. Sharpe Maximization,CASH,-0.00024429562192594104
2025-10-21,11. Sharpe Maximization,GOOGL,0.28211342266487327
2025-10-21,11. Sharpe Maximization,JNJ,0.2956126343362546
2025-10-21,11. Sharpe Maximization,MSFT,0.10366043822772986
2025-10-21,11. Sharpe Maximization,TSLA,0.008812244362803454
2025-10-21,12. CVaR Minimization,CASH,-0.00023489124598827628
2025-10-21,12. CVaR Minimization,GOOGL,0.29703977365639983
2025-10-21,12. CVaR Minimization,JNJ,0.2983249729739949
2025-10-21,12. CVaR Minimization,JPM,0.02341014115405435
2025-10-21,12. CVaR Minimization,MSFT,0.19931375922891917
2025-10-21,12. CVaR Minimization,V,0.18214519339929244
2025-10-21,2. Equal Weight,AAPL,0.10305805429585319
2025-10-21,2. Equal Weight,AMZN,0.10312327574055594
2025-10-21,2. Equal Weight,CASH,-2.3486889131436956e-05
2025-10-21,2. Equal Weight,GOOGL,0.09783840882155025
2025-10-21,2. Equal Weight,JNJ,0.09826159888554685
2025-10-21,2. Equal Weight,JPM,0.09879152245192159
2025-10-21,2. Equal Weight,META,0.10120511077463516
2025-10-21,2. Equal Weight,MSFT,0.09973387647351782
2025-10-21,2. Equal Weight,NVDA,0.09783531052120689
2025-10-21,2. Equal Weight,TSLA,0.09968883367609101
2025-10-21,2. Equal Weight,V,0.10048749524825283
2025-10-21,3. Quintile Momentum,AMZN,0.5070233075013812
2025-10-21,3. Quintile Momentum,CASH,-0.0010873472384475666
2025-10-21,3. Quintile Momentum,V,0.49406403973706636
2025-10-21,4. Quintile Low Vol,CASH,-0.0022137540117275795
2025-10-21,4. Quintile Low Vol,JNJ,0.4973806887035507
2025-10-21,4. Quintile Low Vol,MSFT,0.5048330653081768
2025-10-21,5. Mean Reversion,AAPL,0.12595586323145325
2025-10-21,5. Mean Reversion,AMZN,0.1262843979796096
2025-10-21,5. Mean Reversion,CASH,-0.0002950562559117143
2025-10-21,5. Mean Reversion,GOOGL,0.07473890899462783
2025-10-21,5. Mean Reversion,JPM,0.13863851872064892
2025-10-21,5. Mean Reversion,META,0.09542678502974924
2025-10-21,5. Mean Reversion,MSFT,0.11044486607889778
2025-10-21,5. Mean Reversion,NVDA,0.11157404899842678
2025-10-21,5. Mean Reversion,TSLA,0.09281357956089642
2025-10-21,5. Mean Reversion,V,0.124418087661602
2025-10-21,6. GMVP,AAPL,0.04185343988019907
2025-10-21,6. GMVP,AMZN,0.014146708967985706
2025-10-21,6. GMVP,CASH,-0.0004759854081341139
2025-10-21,6. GMVP,GOOGL,0.030035742146981008
2025-10-21,6. GMVP,JNJ,0.49599569427600176
2025-10-21,6. GMVP,JPM,0.07815765333007181
2025-10-21,6. GMVP,META,0.06155174849906591
2025-10-21,6. GMVP,MSFT,0.14064505602891464
2025-10-21,6. GMVP,NVDA,0.0507325064434492
2025-10-21,6. GMVP,V,0.08735743583546511
2025-10-21,7. Inverse Volatility,AAPL,0.08403578379315782
2025-10-21,7. Inverse Volatility,AMZN,0.08564052116400953
2025-10-21,7. Inverse Volatility,CASH,-0.00013782565507048137
2025-10-21,7. Inverse Volatility,GOOGL,0.09508346497308082
2025-10-21,7. Inverse Volatility,JNJ,0.18401862809431355
2025-10-21,7. Inverse Volatility,JPM,0.11813996011783243
2025-10-21,7. Inverse Volatility,META,0.08985286200553473
2025-10-21,7. Inverse Volatility,MSFT,0.1368556816852915
2025-10-21,7. Inverse Volatility,NVDA,0.05873602547216076
2025-10-21,7. Inverse Volatility,TSLA,0.039986923498682415
2025-10-21,7. Inverse Volatility,V,0.10778797485100688
2025-10-21,8. Risk Parity,AAPL,0.10305805500185558
2025-10-21,8. Risk Parity,AMZN,0.10312327644700515
2025-10-21,8. Risk Parity,CASH,-2.3493739823601114e-05
2025-10-21,8. Risk Parity,GOOGL,0.09783840949179534
2025-10-21,8. Risk Parity,JNJ,0.098261599558691
2025-10-21,8. Risk Parity,JPM,0.09879152312869599
2025-10-21,8. Risk Parity,META,0.10120511146794392
2025-10-21,8. Risk Parity,MSFT,0.09973387715674785
2025-10-21,8. Risk Parity,NVDA,0.09783531119143071
2025-10-21,8. Risk Parity,TSLA,0.09968883435901246
2025-10-21,8. Risk Parity,V,0.10048749593664556
2025-10-21,9. Max Diversification,AAPL,0.02514155270284327
2025-10-21,9. Max Diversification,AMZN,0.02673531537755498
2025-10-21,9. Max Diversification,CASH,-0.00044631754686871
2025-10-21,9. Max Diversification,GOOGL,0.0727855954325579
2025-10-21,9. Max Diversification,JNJ,0.4726416005532645
2025-10-21,9. Max Diversification,META,0.14531828167050984
2025-10-21,9. Max Diversification,NVDA,0.11200388844870447
2025-10-21,9. Max Diversification,TSLA,0.041149818920124794
2025-10-21,9. Max Diversification,V,0.1046702644413091
2025-10-22,1. Buy & Hold,AAPL,0.10185377289643877
2025-10-22,1. Buy & Hold,AMZN,0.10171765539454879
2025-10-22,1. Buy & Hold,CASH,-2.3600430457915505e-05
2025-10-22,1. Buy & Hold,GOOGL,0.09879418710125763
2025-10-22,1. Buy & Hold,JNJ,0.09928206864592781
2025-10-22,1. Buy & Hold,JPM,0.09827337296265577
2025-10-22,1. Buy & Hold,META,0.10171377691625394
2025-10-22,1. Buy & Hold,MSFT,0.10077356577870628
2025-10-22,1. Buy & Hold,NVDA,0.09783072945002709
2025-10-22,1. Buy & Hold,TSLA,0.09934919963074007
2025-10-22,1. Buy & Hold,V,0.10043527165390181
2025-10-22,10. Max Decorrelation,AAPL,0.02906055688594118
2025-10-22,10. Max Decorrelation,AMZN,0.03628805334694832
2025-10-22,10. Max Decorrelation,CASH,-0.0002937179978570257
2025-10-22,10. Max Decorrelation,GOOGL,0.09393996213363069
2025-10-22,10. Max Decorrelation,JNJ,0.2954716954457616
2025-10-22,10. Max Decorrelation,META,0.21732208511654683
2025-10-22,10. Max Decorrelation,NVDA,0.15535493579315507
2025-10-22,10. Max Decorrelation,TSLA,0.08866808267037951
2025-10-22,10. Max Decorrelation,V,0.08418834660549385
2025-10-22,11. Sharpe Maximization,AAPL,0.30542655873371244
2025-10-22,11. Sharpe Maximization,CASH,-0.0002446808131327412
2025-10-22,11. Sharpe Maximization,GOOGL,0.2839458761017792
2025-10-22,11. Sharpe Maximization,JNJ,0.2977143628777522
2025-10-22,11. Sharpe Maximization,MSFT,0.10440150790699573
2025-10-22,11. Sharpe Maximization,TSLA,0.008753751099953983
2025-10-22,12. CVaR Minimization,CASH,-0.00023418626680313264
2025-10-22,12. CVaR Minimization,GOOGL,0.297602641503533
2025-10-22,12. CVaR Minimization,JNJ,0.29907269635490147
2025-10-22,12. CVaR Minimization,JPM,0.023105766574691235
2025-10-22,12. CVaR Minimization,MSFT,0.19982111223814622
2025-10-22,12. CVaR Minimization,V,0.18063092998278432
2025-10-22,2. Equal Weight,AAPL,0.10185377289643878
2025-10-22,2. Equal Weight,AMZN,0.10171765539454881
2025-10-22,2. Equal Weight,CASH,-2.360043045813625e-05
2025-10-22,2. Equal Weight,GOOGL,0.09879418710125765
2025-10-22,2. Equal Weight,JNJ,0.09928206864592783
2025-10-22,2. Equal Weight,JPM,0.09827337296265577
2025-10-22,2. Equal Weight,META,0.10171377691625394
2025-10-22,2. Equal Weight,MSFT,0.10077356577870629
2025-10-22,2. Equal Weight,NVDA,0.09783072945002712
2025-10-22,2. Equal Weight,TSLA,0.09934919963074013
2025-10-22,2. Equal Weight,V,0.10043527165390181
2025-10-22,3. Quintile Momentum,AMZN,0.5037255552885336
2025-10-22,3. Quintile Momentum,CASH,-0.001100497604867252
2025-10-22,3. Quintile Momentum,V,0.4973749423163336
2025-10-22,4. Quintile Low Vol,CASH,-0.002201521673593364
2025-10-22,4. Quintile Low Vol,JNJ,0.4973648483234065
2025-10-22,4. Quintile Low Vol,MSFT,0.5048366733501868
2025-10-22,5. Mean Reversion,AAPL,0.12472682128885884
2025-10-22,5. Mean Reversion,AMZN,0.12480604554177548
2025-10-22,5. Mean Reversion,CASH,-0.00029706093071133936
2025-10-22,5. Mean Reversion,GOOGL,0.0756162348250645
2025-10-22,5. Mean Reversion,JPM,0.13818037823500648
2025-10-22,5. Mean Reversion,META,0.09609347805312397
2025-10-22,5. Mean Reversion,MSFT,0.11181388641144725
2025-10-22,5. Mean Reversion,NVDA,0.1117864440623828
2025-10-22,5. Mean Reversion,TSLA,0.0926777889130637
2025-10-22,5. Mean Reversion,V,0.12459598359998834
2025-10-22,6. GMVP,AAPL,0.04111446590781249
2025-10-22,6. GMVP,AMZN,0.0138695820208755
2025-10-22,6. GMVP,CASH,-0.00047539693651773185
2025-10-22,6. GMVP,GOOGL,0.030145930353987826
2025-10-22,6. GMVP,JNJ,0.4981191180106257
2025-10-22,6. GMVP,JPM,0.07727802394400073
2025-10-22,6. GMVP,META,0.06148738794277612
2025-10-22,6. GMVP,MSFT,0.1412526843285575
2025-10-22,6. GMVP,NVDA,0.05042365193014426
2025-10-22,6. GMVP,V,0.08678455249773764
2025-10-22,7. Inverse Volatility,AAPL,0.0829083979046597
2025-10-22,7. Inverse Volatility,AMZN,0.08432532593778184
2025-10-22,7. Inverse Volatility,CASH,-0.0001382495027354269
2025-10-22,7. Inverse Volatility,GOOGL,0.09584425737620883
2025-10-22,7. Inverse Volatility,JNJ,0.18560422821110503
2025-10-22,7. Inverse Volatility,JPM,0.11731460694383519
2025-10-22,7. Inverse Volatility,META,0.0901463895418374
2025-10-22,7. Inverse Volatility,MSFT,0.13804028413660557
2025-10-22,7. Inverse Volatility,NVDA,0.058630460525861176
2025-10-22,7. Inverse Volatility,TSLA,0.03978093034045623
2025-10-22,7. Inverse Volatility,V,0.10754336858438451
2025-10-22,8. Risk Parity,AAPL,0.10185377359756431
2025-10-22,8. Risk Parity,AMZN,0.10171765609473737
2025-10-22,8. Risk Parity,CASH,-2.360731426899208e-05
2025-10-22,8. Risk Parity,GOOGL,0.0987941877813221
2025-10-22,8. Risk Parity,JNJ,0.09928206932935067
2025-10-22,8. Risk Parity,JPM,0.0982733736391351
2025-10-22,8. Risk Parity,META,0.10171377761641581
2025-10-22,8. Risk Parity,MSFT,0.10077356647239608
2025-10-22,8. Risk Parity,NVDA,0.09783073012345944
2025-10-22,8. Risk Parity,TSLA,0.09934920031462506
2025-10-22,8. Risk Parity,V,0.10043527234526291
2025-10-22,9. Max Diversification,AAPL,0.02471209955946945
2025-10-22,9. Max Diversification,AMZN,0.026226921717384638
2025-10-22,9. Max Diversification,CASH,-0.0004460265954388351
2025-10-22,9. Max Diversification,GOOGL,0.07309536139737244
2025-10-22,9. Max Diversification,JNJ,0.4749427939328745
2025-10-22,9. Max Diversification,META,0.1452512765430478
2025-10-22,9. Max Diversification,NVDA,0.11138716018840496
2025-10-22,9. Max Diversification,TSLA,0.040785721899696634
2025-10-22,9. Max Diversification,V,0.10404469135718851
2025-10-23,1. Buy & Hold,AAPL,0.10169866183063166
2025-10-23,1. Buy & Hold,AMZN,0.10257747237560866
2025-10-23,1. Buy & Hold,CASH,-2.346190923093547e-05
2025-10-23,1. Buy & Hold,GOOGL,0.09875672586415482
2025-10-23,1. Buy & Hold,JNJ,0.09845890820429874
2025-10-23,1. Buy & Hold,JPM,0.09783939973421697
2025-10-23,1. Buy & Hold,META,0.10119811890262197
2025-10-23,1. Buy & Hold,MSFT,0.1001859308973972
2025-10-23,1. Buy & Hold,NVDA,0.09827073083686867
2025-10-23,1. Buy & Hold,TSLA,0.10101827623750571
2025-10-23,1. Buy & Hold,V,0.10001923702592651
2025-10-23,10. Max Decorrelation,AAPL,0.029059406193312775
2025-10-23,10. Max Decorrelation,AMZN,0.03664915866673669
2025-10-23,10. Max Decorrelation,CASH,-0.0002924278092666627
2025-10-23,10. Max Decorrelation,GOOGL,0.09404384074969546
2025-10-23,10. Max Decorrelation,JNJ,0.2934571989659705
2025-10-23,10. Max Decorrelation,META,0.21654153324074
2025-10-23,10. Max Decorrelation,NVDA,0.15628548167810294
2025-10-23,10. Max Decorrelation,TSLA,0.09029164885218091
2025-10-23,10. Max Decorrelation,V,0.08396415946252733
2025-10-23,11. Sharpe Maximization,AAPL,0.3060329986384721
2025-10-23,11. Sharpe Maximization,CASH,-0.00024409938332120744
2025-10-23,11. Sharpe Maximization,GOOGL,0.28483555367745106
2025-10-23,11. Sharpe Maximization,JNJ,0.2962834045683598
2025-10-23,11. Sharpe Maximization,MSFT,0.10415742256966942
2025-10-23,11. Sharpe Maximization,TSLA,0.008932090524629614
2025-10-23,12. CVaR Minimization,CASH,-0.0002338891572671998
2025-10-23,12. CVaR Minimization,GOOGL,0.29886655136480983
2025-10-23,12. CVaR Minimization,JNJ,0.2979656521731132
2025-10-23,12. CVaR Minimization,JPM,0.023110191194089375
2025-10-23,12. CVaR Minimization,MSFT,0.1995752691094522
2025-10-23,12. CVaR Minimization,V,0.18071518067147554
2025-10-23,2. Equal Weight,AAPL,0.10169866183063167
2025-10-23,2. Equal Weight,AMZN,0.10257747237560867
2025-10-23,2. Equal Weight,CASH,-2.346190923115492e-05
2025-10-23,2. Equal Weight,GOOGL,0.09875672586415483
2025-10-23,2. Equal Weight,JNJ,0.09845890820429876
2025-10-23,2. Equal Weight,JPM,0.09783939973421697
2025-10-23,2. Equal Weight,META,0.10119811890262197
2025-10-23,2. Equal Weight,MSFT,0.10018593089739722
2025-10-23,2. Equal Weight,NVDA,0.09827073083686871
2025-10-23,2. Equal Weight,TSLA,0.10101827623750577
2025-10-23,2. Equal Weight,V,0.10001923702592651
2025-10-23,3. Quintile Momentum,AMZN,0.5068663234878106
2025-10-23,3. Quintile Momentum,CASH,-0.0010916321769539484
2025-10-23,3. Quintile Momentum,V,0.4942253086891433
2025-10-23,4. Quintile Low Vol,CASH,-0.0022041494150651436
2025-10-23,4. Quintile Low Vol,JNJ,0.49674548201430085
2025-10-23,4. Quintile Low Vol,MSFT,0.5054586674007642
2025-10-23,5. Mean Reversion,AAPL,0.12445817269306583
2025-10-23,5. Mean Reversion,AMZN,0.1257814866904494
2025-10-23,5. Mean Reversion,CASH,-0.0002951307162499933
2025-10-23,5. Mean Reversion,GOOGL,0.07553979260002859
2025-10-23,5. Mean Reversion,JPM,0.13748323508985713
2025-10-23,5. Mean Reversion,META,0.09554589212037112
2025-10-23,5. Mean Reversion,MSFT,0.11109162085811987
2025-10-23,5. Mean Reversion,NVDA,0.11221824800802387
2025-10-23,5. Mean Reversion,TSLA,0.09417523079040417
2025-10-23,5. Mean Reversion,V,0.12400145186592992
2025-10-23,6. GMVP,AAPL,0.04128691425253821
2025-10-23,6. GMVP,AMZN,0.014066909073885001
2025-10-23,6. GMVP,CASH,-0.00047531274491136337
2025-10-23,6. GMVP,GOOGL,0.030307048028906505
2025-10-23,6. GMVP,JNJ,0.4968177038342316
2025-10-23,6. GMVP,JPM,0.07737730159907352
2025-10-23,6. GMVP,META,0.06152595414765616
2025-10-23,6. GMVP,MSFT,0.14123309503058423
2025-10-23,6. GMVP,NVDA,0.05094045797964184
2025-10-23,6. GMVP,V,0.08691992879839426
2025-10-23,7. Inverse Volatility,AAPL,0.08297142432176473
2025-10-23,7. Inverse Volatility,AMZN,0.08523257035395493
2025-10-23,7. Inverse Volatility,CASH,-0.00013775231580315993
2025-10-23,7. Inverse Volatility,GOOGL,0.0960269848190161
2025-10-23,7. Inverse Volatility,JNJ,0.18448623526199964
2025-10-23,7. Inverse Volatility,JPM,0.11706360979734198
2025-10-23,7. Inverse Volatility,META,0.0898944544061459
2025-10-23,7. Inverse Volatility,MSFT,0.1375491342777031
2025-10-23,7. Inverse Volatility,NVDA,0.059028820379403
2025-10-23,7. Inverse Volatility,TSLA,0.04054174345871332
2025-10-23,7. Inverse Volatility,V,0.10734277523976056
2025-10-23,8. Risk Parity,AAPL,0.10169866252658055
2025-10-23,8. Risk Parity,AMZN,0.10257747307757148
2025-10-23,8. Risk Parity,CASH,-2.3468752636972127e-05
2025-10-23,8. Risk Parity,GOOGL,0.09875672653997135
2025-10-23,8. Risk Parity,JNJ,0.09845890887807723
2025-10-23,8. Risk Parity,JPM,0.097839400403756
2025-10-23,8. Risk Parity,META,0.10119811959514552
2025-10-23,8. Risk Parity,MSFT,0.10018593158299413
2025-10-23,8. Risk Parity,NVDA,0.09827073150935943
2025-10-23,8. Risk Parity,TSLA,0.10101827692879861
2025-10-23,8. Risk Parity,V,0.10001923771038271
2025-10-23,9. Max Diversification,AAPL,0.024767593087118563
2025-10-23,9. Max Diversification,AMZN,0.02654844041948742
2025-10-23,9. Max Diversification,CASH,-0.0004450821965916147
2025-10-23,9. Max Diversification,GOOGL,0.07334341879200126
2025-10-23,9. Max Diversification,JNJ,0.4727826626611031
2025-10-23,9. Max Diversification,META,0.14506032893505544
2025-10-23,9. Max Diversification,NVDA,0.11231042413464232
2025-10-23,9. Max Diversification,TSLA,0.041627446931477206
2025-10-23,9. Max Diversification,V,0.10400476723570624
2025-10-24,1. Buy & Hold,AAPL,0.10000188316120356
2025-10-24,1. Buy & Hold,AMZN,0.10000188316120356
2025-10-24,1. Buy & Hold,CASH,-1.8831612035571136e-05
2025-10-24,1. Buy & Hold,GOOGL,0.10000188316120356
2025-10-24,1. Buy & Hold,JNJ,0.10000188316120356
2025-10-24,1. Buy & Hold,JPM,0.10000188316120356
2025-10-24,1. Buy & Hold,META,0.10000188316120356
2025-10-24,1. Buy & Hold,MSFT,0.10000188316120356
2025-10-24,1. Buy & Hold,NVDA,0.10000188316120355
2025-10-24,1. Buy & Hold,TSLA,0.10000188316120355
2025-10-24,1. Buy & Hold,V,0.10000188316120356
2025-10-24,10. Max Decorrelation,AAPL,0.021922726670754608
2025-10-24,10. Max Decorrelation,AMZN,0.07913135687142887
2025-10-24,10. Max Decorrelation,CASH,-0.00013822769351924774
2025-10-24,10. Max Decorrelation,GOOGL,0.09483758582647663
2025-10-24,10. Max Decorrelation,JNJ,0.30437892867726324
2025-10-24,10. Max Decorrelation,META,0.2100249790572939
2025-10-24,10. Max Decorrelation,NVDA,0.14941757715896972
2025-10-24,10. Max Decorrelation,TSLA,0.05059043476586293
2025-10-24,10. Max Decorrelation,V,0.0898346386654694
2025-10-24,11. Sharpe Maximization,AAPL,0.3000424571199883
2025-10-24,11. Sharpe Maximization,CASH,-0.00013918176818039673
2025-10-24,11. Sharpe Maximization,GOOGL,0.23472210872499288
2025-10-24,11. Sharpe Maximization,JNJ,0.30004253872833897
2025-10-24,11. Sharpe Maximization,MSFT,0.14679431744288815
2025-10-24,11. Sharpe Maximization,TSLA,0.018535015820789636
2025-10-24,12. CVaR Minimization,AAPL,1.4101763187163685e-06
2025-10-24,12. CVaR Minimization,AMZN,0.010028286515228912
2025-10-24,12. CVaR Minimization,CASH,-0.0001687504436618234
2025-10-24,12. CVaR Minimization,GOOGL,0.27354771503942
2025-10-24,12. CVaR Minimization,JNJ,0.3000497590689635
2025-10-24,12. CVaR Minimization,META,3.634248680484534e-06
2025-10-24,12. CVaR Minimization,MSFT,0.17735790693364953
2025-10-24,12. CVaR Minimization,NVDA,0.0224860190201446
2025-10-24,12. CVaR Minimization,TSLA,4.50564745255788e-06
2025-10-24,12. CVaR Minimization,V,0.21668951379380347
2025-10-24,2. Equal Weight,AAPL,0.10000188316120356
2025-10-24,2. Equal Weight,AMZN,0.10000188316120356
2025-10-24,2. Equal Weight,CASH,-1.8831612035571186e-05
2025-10-24,2. Equal Weight,GOOGL,0.10000188316120356
2025-10-24,2. Equal Weight,JNJ,0.10000188316120356
2025-10-24,2. Equal Weight,JPM,0.10000188316120356
2025-10-24,2. Equal Weight,META,0.10000188316120356
2025-10-24,2. Equal Weight,MSFT,0.10000188316120356
2025-10-24,2. Equal Weight,NVDA,0.10000188316120356
2025-10-24,2. Equal Weight,TSLA,0.10000188316120356
2025-10-24,2. Equal Weight,V,0.10000188316120356
2025-10-24,3. Quintile Momentum,AMZN,0.5000097711079798
2025-10-24,3. Quintile Momentum,CASH,-1.954221595963052e-05
2025-10-24,3. Quintile Momentum,V,0.5000097711079798
2025-10-24,4. Quintile Low Vol,CASH,-1.8719231772474156e-05
2025-10-24,4. Quintile Low Vol,JNJ,0.5000093596158862
2025-10-24,4. Quintile Low Vol,MSFT,0.5000093596158862
2025-10-24,5. Mean Reversion,AAPL,0.055371444805478544
2025-10-24,5. Mean Reversion,AMZN,0.11204738637173094
2025-10-24,5. Mean Reversion,CASH,-0.0006527879056642818
2025-10-24,5. Mean Reversion,GOOGL,0.01780342135387978
2025-10-24,5. Mean Reversion,JNJ,0.17435839638410286
2025-10-24,5. Mean Reversion,JPM,0.16960285066412958
2025-10-24,5. Mean Reversion,META,0.05267447000131238
2025-10-24,5. Mean Reversion,NVDA,0.1473316974654116
2025-10-24,5. Mean Reversion,TSLA,0.12279340890059996
2025-10-24,5. Mean Reversion,V,0.1486697119590186
2025-10-24,6. GMVP,AAPL,0.017946483490312224
2025-10-24,6. GMVP,AMZN,0.038015875684018485
2025-10-24,6. GMVP,CASH,-0.00010654343867509225
2025-10-24,6. GMVP,GOOGL,0.027483098216419477
2025-10-24,6. GMVP,JNJ,0.5000532717193376
2025-10-24,6. GMVP,JPM,0.06719974842946186
2025-10-24,6. GMVP,META,0.05321076262743908
2025-10-24,6. GMVP,MSFT,0.14112097601336007
2025-10-24,6. GMVP,NVDA,0.05321909454530044
2025-10-24,6. GMVP,V,0.10185723271302602
2025-10-24,7. Inverse Volatility,AAPL,0.0910491664299672
2025-10-24,7. Inverse Volatility,AMZN,0.07740574465862053
2025-10-24,7. Inverse Volatility,CASH,-9.54802359566165e-05
2025-10-24,7. Inverse Volatility,GOOGL,0.08705896902850307
2025-10-24,7. Inverse Volatility,JNJ,0.17974812506487298
2025-10-24,7. Inverse Volatility,JPM,0.09928500959485968
2025-10-24,7. Inverse Volatility,META,0.08702186553940391
2025-10-24,7. Inverse Volatility,MSFT,0.15663648044176304
2025-10-24,7. Inverse Volatility,NVDA,0.06534278094874484
2025-10-24,7. Inverse Volatility,TSLA,0.04192664745519749
2025-10-24,7. Inverse Volatility,V,0.114620691074024
2025-10-24,8. Risk Parity,AAPL,0.10000188316151755
2025-10-24,8. Risk Parity,AMZN,0.10000188316151755
2025-10-24,8. Risk Parity,CASH,-1.8831615175584396e-05
2025-10-24,8. Risk Parity,GOOGL,0.10000188316151755
2025-10-24,8. Risk Parity,JNJ,0.10000188316151755
2025-10-24,8. Risk Parity,JPM,0.10000188316151755
2025-10-24,8. Risk Parity,META,0.10000188316151755
2025-10-24,8. Risk Parity,MSFT,0.10000188316151755
2025-10-24,8. Risk Parity,NVDA,0.10000188316151755
2025-10-24,8. Risk Parity,TSLA,0.10000188316151755
2025-10-24,8. Risk Parity,V,0.10000188316151755
2025-10-24,9. Max Diversification,AAPL,0.016986897754960806
2025-10-24,9. Max Diversification,AMZN,0.053974881071013
2025-10-24,9. Max Diversification,CASH,-0.00010617501082783417
2025-10-24,9. Max Diversification,GOOGL,0.07066101649614889
2025-10-24,9. Max Diversification,JNJ,0.48837829762039137
2025-10-24,9. Max Diversification,META,0.13514113290303306
2025-10-24,9. Max Diversification,NVDA,0.10607141157837664
2025-10-24,9. Max Diversification,TSLA,0.02408207313410409
2025-10-24,9. Max Diversification,V,0.10481046445279991
2025-10-27,1. Buy & Hold,AAPL,0.10040012086856459
2025-10-27,1. Buy & Hold,AMZN,0.09937123897696447
2025-10-27,1. Buy & Hold,CASH,-1.848530181000214e-05
2025-10-27,1. Buy & Hold,GOOGL,0.10169403926062126
2025-10-27,1. Buy & Hold,JNJ,0.09811130897019338
2025-10-27,1. Buy & Hold,JPM,0.0993750346797955
2025-10-27,1. Buy & Hold,META,0.09981938671108172
2025-10-27,1. Buy & Hold,MSFT,0.09964577845392886
2025-10-27,1. Buy & Hold,NVDA,0.10091918306340618
2025-10-27,1. Buy & Hold,TSLA,0.10239519373582781
2025-10-27,1. Buy & Hold,V,0.09828720058142634
2025-10-27,10. Max Decorrelation,AAPL,0.022096229195621823
2025-10-27,10. Max Decorrelation,AMZN,0.07894028292492761
2025-10-27,10. Max Decorrelation,CASH,-0.00013621710571780455
2025-10-27,10. Max Decorrelation,GOOGL,0.09682006035908934
2025-10-27,10. Max Decorrelation,JNJ,0.2997940542279122
2025-10-27,10. Max Decorrelation,META,0.21046273436576549
2025-10-27,10. Max Decorrelation,NVDA,0.15137870212782664
2025-10-27,10. Max Decorrelation,TSLA,0.05200407128478006
2025-10-27,10. Max Decorrelation,V,0.08864008261979461
2025-10-27,11. Sharpe Maximization,AAPL,0.301412850151672
2025-10-27,11. Sharpe Maximization,CASH,-0.0001367018493636668
2025-10-27,11. Sharpe Maximization,GOOGL,0.23883298720275464
2025-10-27,11. Sharpe Maximization,JNJ,0.2945416505105791
2025-10-27,11. Sharpe Maximization,MSFT,0.14635681940452144
2025-10-27,11. Sharpe Maximization,TSLA,0.01898966694354132
2025-10-27,12. CVaR Minimization,AAPL,1.4232564717224911e-06
2025-10-27,12. CVaR Minimization,AMZN,0.010017583074633607
2025-10-27,12. CVaR Minimization,CASH,-0.00016652048358851485
2025-10-27,12. CVaR Minimization,GOOGL,0.2796430972312298
2025-10-27,12. CVaR Minimization,JNJ,0.29592923179427844
2025-10-27,12. CVaR Minimization,META,3.646742118962044e-06
2025-10-27,12. CVaR Minimization,MSFT,0.17765808381252482
2025-10-27,12. CVaR Minimization,NVDA,0.022811918659271534
2025-10-27,12. CVaR Minimization,TSLA,4.637802960786516e-06
2025-10-27,12. CVaR Minimization,V,0.21409689811009883
2025-10-27,2. Equal Weight,AAPL,0.10040012086856459
2025-10-27,2. Equal Weight,AMZN,0.09937123897696447
2025-10-27,2. Equal Weight,CASH,-1.8485301810002188e-05
2025-10-27,2. Equal Weight,GOOGL,0.10169403926062126
2025-10-27,2. Equal Weight,JNJ,0.09811130897019338
2025-10-27,2. Equal Weight,JPM,0.0993750346797955
2025-10-27,2. Equal Weight,META,0.09981938671108172
2025-10-27,2. Equal Weight,MSFT,0.09964577845392886
2025-10-27,2. Equal Weight,NVDA,0.10091918306340619
2025-10-27,2. Equal Weight,TSLA,0.10239519373582782
2025-10-27,2. Equal Weight,V,0.09828720058142634
2025-10-27,3. Quintile Momentum,AMZN,0.5027519595898723
2025-10-27,3. Quintile Momentum,CASH,-1.9410450274324227e-05
2025-10-27,3. Quintile Momentum,V,0.4972674508604019
2025-10-27,4. Quintile Low Vol,CASH,-1.858374026606778e-05
2025-10-27,4. Quintile Low Vol,JNJ,0.4961295371166995
2025-10-27,4. Quintile Low Vol,MSFT,0.5038890466235665
2025-10-27,5. Mean Reversion,AAPL,0.05575292932981471
2025-10-27,5. Mean Reversion,AMZN,0.11166319103651957
2025-10-27,5. Mean Reversion,CASH,-0.0006426387728636893
2025-10-27,5. Mean Reversion,GOOGL,0.018157103431301964
2025-10-27,5. Mean Reversion,JNJ,0.1715574314560894
2025-10-27,5. Mean Reversion,JPM,0.16902776156550436
2025-10-27,5. Mean Reversion,META,0.0527305949146499
2025-10-27,5. Mean Reversion,NVDA,0.14911369024019683
2025-10-27,5. Mean Reversion,TSLA,0.12609626634821886
2025-10-27,5. Mean Reversion,V,0.14654367045056815
2025-10-27,6. GMVP,AAPL,0.018226354830826172
2025-10-27,6. GMVP,AMZN,0.038213069566973505
2025-10-27,6. GMVP,CASH,-0.00010579378535189027
2025-10-27,6. GMVP,GOOGL,0.02827140610757321
2025-10-27,6. GMVP,JNJ,0.49627404755157245
2025-10-27,6. GMVP,JPM,0.06755090346667357
2025-10-27,6. GMVP,META,0.053727991045019984
2025-10-27,6. GMVP,MSFT,0.1422448976814212
2025-10-27,6. GMVP,NVDA,0.05432846430243187
2025-10-27,6. GMVP,V,0.10126865923285987
2025-10-27,7. Inverse Volatility,AAPL,0.09175586919562616
2025-10-27,7. Inverse Volatility,AMZN,0.0772071535935961
2025-10-27,7. Inverse Volatility,CASH,-9.407719351634294e-05
2025-10-27,7. Inverse Volatility,GOOGL,0.08886539209427366
2025-10-27,7. Inverse Volatility,JNJ,0.17701378268998924
2025-10-27,7. Inverse Volatility,JPM,0.09903406808180529
2025-10-27,7. Inverse Volatility,META,0.08719005073546009
2025-10-27,7. Inverse Volatility,MSFT,0.15666625582079563
2025-10-27,7. Inverse Volatility,NVDA,0.06619039669951234
2025-10-27,7. Inverse Volatility,TSLA,0.04309167270345786
2025-10-27,7. Inverse Volatility,V,0.11307943557899977
2025-10-27,8. Risk Parity,AAPL,0.10040012086887405
2025-10-27,8. Risk Parity,AMZN,0.09937123897727074
2025-10-27,8. Risk Parity,CASH,-1.8485304892270007e-05
2025-10-27,8. Risk Parity,GOOGL,0.10169403926093469
2025-10-27,8. Risk Parity,JNJ,0.09811130897049576
2025-10-27,8. Risk Parity,JPM,0.0993750346801018
2025-10-27,8. Risk Parity,META,0.09981938671138936
2025-10-27,8. Risk Parity,MSFT,0.09964577845423597
2025-10-27,8. Risk Parity,NVDA,0.10091918306371724
2025-10-27,8. Risk Parity,TSLA,0.1023951937361434
2025-10-27,8. Risk Parity,V,0.09828720058172928
2025-10-27,9. Max Diversification,AAPL,0.017206000967065708
2025-10-27,9. Max Diversification,AMZN,0.05411080978903049
2025-10-27,9. Max Diversification,CASH,-0.00010514803820438978
2025-10-27,9. Max Diversification,GOOGL,0.07249482620099579
2025-10-27,9. Max Diversification,JNJ,0.4834004621004816
2025-10-27,9. Max Diversification,META,0.13609246712266443
2025-10-27,9. Max Diversification,NVDA,0.10799501503113852
2025-10-27,9. Max Diversification,TSLA,0.024877405063708107
2025-10-27,9. Max Diversification,V,0.10392816176311978
2025-10-28,1. Buy & Hold,AAPL,0.09970184518055046
2025-10-28,1. Buy & Hold,AMZN,0.09960099855549419
2025-10-28,1. Buy & Hold,CASH,-1.8343772127208003e-05
2025-10-28,1. Buy & Hold,GOOGL,0.10024084204992333
2025-10-28,1. Buy & Hold,JNJ,0.09563599678605304
2025-10-28,1. Buy & Hold,JPM,0.09900650285256432
2025-10-28,1. Buy & Hold,META,0.09913693208988993
2025-10-28,1. Buy & Hold,MSFT,0.10084555657906132
2025-10-28,1. Buy & Hold,NVDA,0.10513579447423331
2025-10-28,1. Buy & Hold,TSLA,0.10343717820608175
2025-10-28,1. Buy & Hold,V,0.0972766969982756
2025-10-28,10. Max Decorrelation,AAPL,0.02203982370974166
2025-10-28,10. Max Decorrelation,AMZN,0.07947355797624106
2025-10-28,10. Max Decorrelation,CASH,-0.0001357734143684234
2025-10-28,10. Max Decorrelation,GOOGL,0.09585958569668038
2025-10-28,10. Max Decorrelation,JNJ,0.29352582962635754
2025-10-28,10. Max Decorrelation,META,0.2099504338640781
2025-10-28,10. Max Decorrelation,NVDA,0.15840272269481465
2025-10-28,10. Max Decorrelation,TSLA,0.05276615239181047
2025-10-28,10. Max Decorrelation,V,0.08811766745464465
2025-10-28,11. Sharpe Maximization,AAPL,0.30264071727552944
2025-10-28,11. Sharpe Maximization,CASH,-0.00013716178386429637
2025-10-28,11. Sharpe Maximization,GOOGL,0.2380346347232928
2025-10-28,11. Sharpe Maximization,JNJ,0.2902990860857141
2025-10-28,11. Sharpe Maximization,MSFT,0.14976400984717617
2025-10-28,11. Sharpe Maximization,TSLA,0.019395950799664635
2025-10-28,12. CVaR Minimization,AAPL,1.4284230541692365e-06
2025-10-28,12. CVaR Minimization,AMZN,0.010147771133755904
2025-10-28,12. CVaR Minimization,CASH,-0.00016700692817364247
2025-10-28,12. CVaR Minimization,GOOGL,0.2785851967208521
2025-10-28,12. CVaR Minimization,JNJ,0.2915378246696782
2025-10-28,12. CVaR Minimization,META,3.6604152349930734e-06
2025-10-28,12. CVaR Minimization,MSFT,0.1817136533355315
2025-10-28,12. CVaR Minimization,NVDA,0.024018363449950262
2025-10-28,12. CVaR Minimization,TSLA,4.7349359565014145e-06
2025-10-28,12. CVaR Minimization,V,0.21415437384415997
2025-10-28,2. Equal Weight,AAPL,0.09970184518055046
2025-10-28,2. Equal Weight,AMZN,0.09960099855549419
2025-10-28,2. Equal Weight,CASH,-1.834377212720805e-05
2025-10-28,2. Equal Weight,GOOGL,0.10024084204992333
2025-10-28,2. Equal Weight,JNJ,0.09563599678605304
2025-10-28,2. Equal Weight,JPM,0.09900650285256432
2025-10-28,2. Equal Weight,META,0.09913693208988993
2025-10-28,2. Equal Weight,MSFT,0.10084555657906132
2025-10-28,2. Equal Weight,NVDA,0.10513579447423332
2025-10-28,2. Equal Weight,TSLA,0.10343717820608177
2025-10-28,2. Equal Weight,V,0.0972766969982756
2025-10-28,3. Quintile Momentum,AMZN,0.5059126905233355
2025-10-28,3. Quintile Momentum,CASH,-1.9338221258333788e-05
2025-10-28,3. Quintile Momentum,V,0.49410664769792273
2025-10-28,4. Quintile Low Vol,CASH,-1.8561176154785854e-05
2025-10-28,4. Quintile Low Vol,JNJ,0.4867519126587727
2025-10-28,4. Quintile Low Vol,MSFT,0.5132666485173821
2025-10-28,5. Mean Reversion,AAPL,0.055348179319554304
2025-10-28,5. Mean Reversion,AMZN,0.11188702098941322
2025-10-28,5. Mean Reversion,CASH,-0.0006375227895719174
2025-10-28,5. Mean Reversion,GOOGL,0.017892147277324175
2025-10-28,5. Mean Reversion,JNJ,0.16717777566732897
2025-10-28,5. Mean Reversion,JPM,0.1683492383047641
2025-10-28,5. Mean Reversion,META,0.05235400827468268
2025-10-28,5. Mean Reversion,NVDA,0.1552962901917578
2025-10-28,5. Mean Reversion,TSLA,0.12734034091406557
2025-10-28,5. Mean Reversion,V,0.14499252185068115
2025-10-28,6. GMVP,AAPL,0.018294219684752817
2025-10-28,6. GMVP,AMZN,0.03871328471937165
2025-10-28,6. GMVP,CASH,-0.0001061127003665607
2025-10-28,6. GMVP,GOOGL,0.028167073461128476
2025-10-28,6. GMVP,JNJ,0.4889551133330497
2025-10-28,6. GMVP,JPM,0.06802408332147758
2025-10-28,6. GMVP,META,0.05393445427043983
2025-10-28,6. GMVP,MSFT,0.14550558690591966
2025-10-28,6. GMVP,NVDA,0.057207031489541864
2025-10-28,6. GMVP,V,0.10130526551468498
2025-10-28,7. Inverse Volatility,AAPL,0.09141300938824781
2025-10-28,7. Inverse Volatility,AMZN,0.07763645953783213
2025-10-28,7. Inverse Volatility,CASH,-9.365945944629735e-05
2025-10-28,7. Inverse Volatility,GOOGL,0.0878793958418162
2025-10-28,7. Inverse Volatility,JNJ,0.17310698576370145
2025-10-28,7. Inverse Volatility,JPM,0.09898656165423829
2025-10-28,7. Inverse Volatility,META,0.08687457656654589
2025-10-28,7. Inverse Volatility,MSFT,0.15906642479503635
2025-10-28,7. Inverse Volatility,NVDA,0.06917944144804523
2025-10-28,7. Inverse Volatility,TSLA,0.04367125147440165
2025-10-28,7. Inverse Volatility,V,0.11227955298958124
2025-10-28,8. Risk Parity,AAPL,0.09970184518085543
2025-10-28,8. Risk Parity,AMZN,0.09960099855579883
2025-10-28,8. Risk Parity,CASH,-1.8343775185876563e-05
2025-10-28,8. Risk Parity,GOOGL,0.1002408420502299
2025-10-28,8. Risk Parity,JNJ,0.09563599678634555
2025-10-28,8. Risk Parity,JPM,0.09900650285286715
2025-10-28,8. Risk Parity,META,0.09913693209019314
2025-10-28,8. Risk Parity,MSFT,0.10084555657936975
2025-10-28,8. Risk Parity,NVDA,0.10513579447455489
2025-10-28,8. Risk Parity,TSLA,0.10343717820639813
2025-10-28,8. Risk Parity,V,0.09727669699857312
2025-10-28,9. Max Diversification,AAPL,0.01726693360785153
2025-10-28,9. Max Diversification,AMZN,0.05480918409319408
2025-10-28,9. Max Diversification,CASH,-0.00010544587410261049
2025-10-28,9. Max Diversification,GOOGL,0.07221418885445917
2025-10-28,9. Max Diversification,JNJ,0.4761849836508357
2025-10-28,9. Max Diversification,META,0.13659065287499508
2025-10-28,9. Max Diversification,NVDA,0.11369644870694502
2025-10-28,9. Max Diversification,TSLA,0.02539618522054152
2025-10-28,9. Max Diversification,V,0.1039468688652805
2025-10-29,1. Buy & Hold,AAPL,0.09946666972570156
2025-10-29,1. Buy & Hold,AMZN,0.09956208920255427
2025-10-29,1. Buy & Hold,CASH,-1.825300454405286e-05
2025-10-29,1. Buy & Hold,GOOGL,0.10239256613912777
2025-10-29,1. Buy & Hold,JNJ,0.09499477912787156
2025-10-29,1. Buy & Hold,JPM,0.09856499831947425
2025-10-29,1. Buy & Hold,META,0.0986765820931336
2025-10-29,1. Buy & Hold,MSFT,0.1002502974601223
2025-10-29,1. Buy & Hold,NVDA,0.10774315838538501
2025-10-29,1. Buy & Hold,TSLA,0.10313990061840789
2025-10-29,1. Buy & Hold,V,0.09522721193276587
2025-10-29,10. Max Decorrelation,AAPL,0.02196691107376874
2025-10-29,10. Max Decorrelation,AMZN,0.07936690762680125
2025-10-29,10. Max Decorrelation,CASH,-0.00013497301483954844
2025-10-29,10. Max Decorrelation,GOOGL,0.09782407786686674
2025-10-29,10. Max Decorrelation,JNJ,0.2912803358935508
2025-10-29,10. Max Decorrelation,META,0.20877663506263053
2025-10-29,10. Max Decorrelation,NVDA,0.16217661728639388
2025-10-29,10. Max Decorrelation,TSLA,0.052564430754988255
2025-10-29,10. Max Decorrelation,V,0.08617905744983932
2025-10-29,11. Sharpe Maximization,AAPL,0.3014715692138653
2025-10-29,11. Sharpe Maximization,CASH,-0.00013627728170863176
2025-10-29,11. Sharpe Maximization,GOOGL,0.24277753426367804
2025-10-29,11. Sharpe Maximization,JNJ,0.2879178824330948
2025-10-29,11. Sharpe Maximization,MSFT,0.1486555008900468
2025-10-29,11. Sharpe Maximization,TSLA,0.01931104342314775
2025-10-29,12. CVaR Minimization,AAPL,1.4264327303428372e-06
2025-10-29,12. CVaR Minimization,AMZN,0.010153623031826054
2025-10-29,12. CVaR Minimization,CASH,-0.00016634136692120427
2025-10-29,12. CVaR Minimization,GOOGL,0.28484055251653667
2025-10-29,12. CVaR Minimization,JNJ,0.28986335889147724
2025-10-29,12. CVaR Minimization,META,3.6469435445575405e-06
2025-10-29,12. CVaR Minimization,MSFT,0.18081586175784137
2025-10-29,12. CVaR Minimization,NVDA,0.024637836947655183
2025-10-29,12. CVaR Minimization,TSLA,4.7258966122657235e-06
2025-10-29,12. CVaR Minimization,V,0.20984530894869752
2025-10-29,2. Equal Weight,AAPL,0.09946666972570156
2025-10-29,2. Equal Weight,AMZN,0.09956208920255427
2025-10-29,2. Equal Weight,CASH,-1.8253004544052908e-05
2025-10-29,2. Equal Weight,GOOGL,0.10239256613912777
2025-10-29,2. Equal Weight,JNJ,0.09499477912787156
2025-10-29,2. Equal Weight,JPM,0.09856499831947425
2025-10-29,2. Equal Weight,META,0.0986765820931336
2025-10-29,2. Equal Weight,MSFT,0.1002502974601223
2025-10-29,2. Equal Weight,NVDA,0.10774315838538502
2025-10-29,2. Equal Weight,TSLA,0.1031399006184079
2025-10-29,2. Equal Weight,V,0.09522721193276587
2025-10-29,3. Quintile Momentum,AMZN,0.511137033653306
2025-10-29,3. Quintile Momentum,CASH,-1.9448840108977936e-05
2025-10-29,3. Quintile Momentum,V,0.488882415186803
2025-10-29,4. Quintile Low Vol,CASH,-1.8586298603749045e-05
2025-10-29,4. Quintile Low Vol,JNJ,0.4865502699956114
2025-10-29,4. Quintile Low Vol,MSFT,0.5134683163029925
2025-10-29,5. Mean Reversion,AAPL,0.055298980326330065
2025-10-29,5. Mean Reversion,AMZN,0.1120080978494554
2025-10-29,5. Mean Reversion,CASH,-0.0006353028910539066
2025-10-29,5. Mean Reversion,GOOGL,0.018303139421915627
2025-10-29,5. Mean Reversion,JNJ,0.16630154865389482
2025-10-29,5. Mean Reversion,JPM,0.1678454437351572
2025-10-29,5. Mean Reversion,META,0.05218767665496833
2025-10-29,5. Mean Reversion,NVDA,0.1593821147887551
2025-10-29,5. Mean Reversion,TSLA,0.12716144514291258
2025-10-29,5. Mean Reversion,V,0.14214685631766483
2025-10-29,6. GMVP,AAPL,0.018340196392239577
2025-10-29,6. GMVP,AMZN,0.03888714332182168
2025-10-29,6. GMVP,CASH,-0.00010610327573904333
2025-10-29,6. GMVP,GOOGL,0.028912201230763396
2025-10-29,6. GMVP,JNJ,0.48804857731742535
2025-10-29,6. GMVP,JPM,0.06805145367502767
2025-10-29,6. GMVP,META,0.0539461707033268
2025-10-29,6. GMVP,MSFT,0.14535309448280398
2025-10-29,6. GMVP,NVDA,0.05891206206292758
2025-10-29,6. GMVP,V,0.09965520408940301
2025-10-29,7. Inverse Volatility,AAPL,0.09138737382662132
2025-10-29,7. Inverse Volatility,AMZN,0.07776780479195879
2025-10-29,7. Inverse Volatility,CASH,-9.339017114745816e-05
2025-10-29,7. Inverse Volatility,GOOGL,0.08995278064567683
2025-10-29,7. Inverse Volatility,JNJ,0.1723045524450308
2025-10-29,7. Inverse Volatility,JPM,0.09875044166773915
2025-10-29,7. Inverse Volatility,META,0.08665131009358853
2025-10-29,7. Inverse Volatility,MSFT,0.1584569279305332
2025-10-29,7. Inverse Volatility,NVDA,0.07104278233582842
2025-10-29,7. Inverse Volatility,TSLA,0.043636457965155855
2025-10-29,7. Inverse Volatility,V,0.1101429584690145
2025-10-29,8. Risk Parity,AAPL,0.0994666697260043
2025-10-29,8. Risk Parity,AMZN,0.09956208920285728
2025-10-29,8. Risk Parity,CASH,-1.825300758758642e-05
2025-10-29,8. Risk Parity,GOOGL,0.1023925661394394
2025-10-29,8. Risk Parity,JNJ,0.09499477912816068
2025-10-29,8. Risk Parity,JPM,0.09856499831977424
2025-10-29,8. Risk Parity,META,0.09867658209343393
2025-10-29,8. Risk Parity,MSFT,0.10025029746042742
2025-10-29,8. Risk Parity,NVDA,0.10774315838571294
2025-10-29,8. Risk Parity,TSLA,0.1031399006187218
2025-10-29,8. Risk Parity,V,0.09522721193305571
2025-10-29,9. Max Diversification,AAPL,0.017256953371937164
2025-10-29,9. Max Diversification,AMZN,0.05488556898204576
2025-10-29,9. Max Diversification,CASH,-0.00010511140260716448
2025-10-29,9. Max Diversification,GOOGL,0.07389597496481358
2025-10-29,9. Max Diversification,JNJ,0.47383656297591775
2025-10-29,9. Max Diversification,META,0.13619906589077152
2025-10-29,9. Max Diversification,NVDA,0.11672409789775884
2025-10-29,9. Max Diversification,TSLA,0.025368398722998717
2025-10-29,9. Max Diversification,V,0.10193848859636387
2025-10-30,1. Buy & Hold,AAPL,0.10187681261211913
2025-10-30,1. Buy & Hold,AMZN,0.09806207168142393
2025-10-30,1. Buy & Hold,CASH,-1.857818299990383e-05
2025-10-30,1. Buy & Hold,GOOGL,0.10683947875292993
2025-10-30,1. Buy & Hold,JNJ,0.0979565890554284
2025-10-30,1. Buy & Hold,JPM,0.10161144222989672
2025-10-30,1. Buy & Hold,META,0.08905049964366778
2025-10-30,1. Buy & Hold,MSFT,0.09906118664843194
2025-10-30,1. Buy & Hold,NVDA,0.10746448457021715
2025-10-30,1. Buy & Hold,TSLA,0.10010732024240648
2025-10-30,1. Buy & Hold,V,0.09798869274647849
2025-10-30,10. Max Decorrelation,AAPL,0.02266162452409756
2025-10-30,10. Max Decorrelation,AMZN,0.07873553778301251
2025-10-30,10. Max Decorrelation,CASH,-0.00013836941326960195
2025-10-30,10. Max Decorrelation,GOOGL,0.1028095296129219
2025-10-30,10. Max Decorrelation,JNJ,0.3025306355672218
2025-10-30,10. Max Decorrelation,META,0.18977038212804867
2025-10-30,10. Max Decorrelation,NVDA,0.1629250156801191
2025-10-30,10. Max Decorrelation,TSLA,0.051387249076409784
2025-10-30,10. Max Decorrelation,V,0.0893183950414382
2025-10-30,11. Sharpe Maximization,AAPL,0.3013946457884962
2025-10-30,11. Sharpe Maximization,CASH,-0.0001353891110460216
2025-10-30,11. Sharpe Maximization,GOOGL,0.2472653316056273
2025-10-30,11. Sharpe Maximization,JNJ,0.28979704737641415
2025-10-30,11. Sharpe Maximization,MSFT,0.14338054956783625
2025-10-30,11. Sharpe Maximization,TSLA,0.018295162348899233
2025-10-30,12. CVaR Minimization,AAPL,1.425183268416937e-06
2025-10-30,12. CVaR Minimization,AMZN,0.009755504791896233
2025-10-30,12. CVaR Minimization,CASH,-0.00016515464348767966
2025-10-30,12. CVaR Minimization,GOOGL,0.2899257577933812
2025-10-30,12. CVaR Minimization,JNJ,0.29157406090906757
2025-10-30,12. CVaR Minimization,META,3.2105020456705355e-06
2025-10-30,12. CVaR Minimization,MSFT,0.17429142871237346
2025-10-30,12. CVaR Minimization,NVDA,0.023971735809229573
2025-10-30,12. CVaR Minimization,TSLA,4.474504941367363e-06
2025-10-30,12. CVaR Minimization,V,0.21063755643728413
2025-10-30,2. Equal Weight,AAPL,0.10187681261211913
2025-10-30,2. Equal Weight,AMZN,0.09806207168142393
2025-10-30,2. Equal Weight,CASH,-1.8578182999903877e-05
2025-10-30,2. Equal Weight,GOOGL,0.10683947875292993
2025-10-30,2. Equal Weight,JNJ,0.0979565890554284
2025-10-30,2. Equal Weight,JPM,0.10161144222989672
2025-10-30,2. Equal Weight,META,0.08905049964366778
2025-10-30,2. Equal Weight,MSFT,0.09906118664843194
2025-10-30,2. Equal Weight,NVDA,0.10746448457021715
2025-10-30,2. Equal Weight,TSLA,0.1001073202424065
2025-10-30,2. Equal Weight,V,0.09798869274647849
2025-10-30,3. Quintile Momentum,AMZN,0.5001969803490839
2025-10-30,3. Quintile Momentum,CASH,-1.966795631959317e-05
2025-10-30,3. Quintile Momentum,V,0.49982268760723575
2025-10-30,4. Quintile Low Vol,CASH,-1.8747205250637408e-05
2025-10-30,4. Quintile Low Vol,JNJ,0.4972060268051726
2025-10-30,4. Quintile Low Vol,MSFT,0.5028127204000781
2025-10-30,5. Mean Reversion,AAPL,0.05631852675855117
2025-10-30,5. Mean Reversion,AMZN,0.10969652638835461
2025-10-30,5. Mean Reversion,CASH,-0.0006429631707532348
2025-10-30,5. Mean Reversion,GOOGL,0.018990015180677364
2025-10-30,5. Mean Reversion,JNJ,0.17051657514462065
2025-10-30,5. Mean Reversion,JPM,0.1720544240389921
2025-10-30,5. Mean Reversion,META,0.046830265075063784
2025-10-30,5. Mean Reversion,NVDA,0.158070647964127
2025-10-30,5. Mean Reversion,TSLA,0.12272441569094482
2025-10-30,5. Mean Reversion,V,0.14544156692942192
2025-10-30,6. GMVP,AAPL,0.01852189196262674
2025-10-30,6. GMVP,AMZN,0.03776562677314943
2025-10-30,6. GMVP,CASH,-0.00010648324071508181
2025-10-30,6. GMVP,GOOGL,0.029745966496844384
2025-10-30,6. GMVP,JNJ,0.49622719479846655
2025-10-30,6. GMVP,JPM,0.06917368260242296
2025-10-30,6. GMVP,META,0.04800278977063013
2025-10-30,6. GMVP,MSFT,0.14162037222976442
2025-10-30,6. GMVP,NVDA,0.05793794342781367
2025-10-30,6. GMVP,V,0.10111101517899686
2025-10-30,7. Inverse Volatility,AAPL,0.09315768314312259
2025-10-30,7. Inverse Volatility,AMZN,0.07623275462053583
2025-10-30,7. Inverse Volatility,CASH,-9.460296674925542e-05
2025-10-30,7. Inverse Volatility,GOOGL,0.09341414353937601
2025-10-30,7. Inverse Volatility,JNJ,0.17683384052103898
2025-10-30,7. Inverse Volatility,JPM,0.10131964365910347
2025-10-30,7. Inverse Volatility,META,0.07782732540043051
2025-10-30,7. Inverse Volatility,MSFT,0.15583456685927036
2025-10-30,7. Inverse Volatility,NVDA,0.07052286217679873
2025-10-30,7. Inverse Volatility,TSLA,0.04215249918186468
2025-10-30,7. Inverse Volatility,V,0.1127992838652081
2025-10-30,8. Risk Parity,AAPL,0.10187681261243473
2025-10-30,8. Risk Parity,AMZN,0.09806207168172767
2025-10-30,8. Risk Parity,CASH,-1.8578186097659137e-05
2025-10-30,8. Risk Parity,GOOGL,0.10683947875326089
2025-10-30,8. Risk Parity,JNJ,0.09795658905573183
2025-10-30,8. Risk Parity,JPM,0.10161144223021149
2025-10-30,8. Risk Parity,META,0.08905049964394361
2025-10-30,8. Risk Parity,MSFT,0.0990611866487388
2025-10-30,8. Risk Parity,NVDA,0.10746448457055005
2025-10-30,8. Risk Parity,TSLA,0.1001073202427166
2025-10-30,8. Risk Parity,V,0.09798869274678201
2025-10-30,9. Max Diversification,AAPL,0.01756629359251838
2025-10-30,9. Max Diversification,AMZN,0.053725872052597205
2025-10-30,9. Max Diversification,CASH,-0.00010632538056861525
2025-10-30,9. Max Diversification,GOOGL,0.07663062304795666
2025-10-30,9. Max Diversification,JNJ,0.4856022901268592
2025-10-30,9. Max Diversification,META,0.12215595161387013
2025-10-30,9. Max Diversification,NVDA,0.11570550544105583
2025-10-30,9. Max Diversification,TSLA,0.02447092704762631
2025-10-30,9. Max Diversification,V,0.10424886245808497
2025-10-31,1. Buy & Hold,AAPL,0.10000551363509239
2025-10-31,1. Buy & Hold,AMZN,0.10000551363509239
2025-10-31,1. Buy & Hold,CASH,-5.513635092372237e-05
2025-10-31,1. Buy & Hold,GOOGL,0.10000551363509239
2025-10-31,1. Buy & Hold,JNJ,0.10000551363509239
2025-10-31,1. Buy & Hold,JPM,0.1000055136350924
2025-10-31,1. Buy & Hold,META,0.10000551363509239
2025-10-31,1. Buy & Hold,MSFT,0.10000551363509239
2025-10-31,1. Buy & Hold,NVDA,0.10000551363509237
2025-10-31,1. Buy & Hold,TSLA,0.10000551363509237
2025-10-31,1. Buy & Hold,V,0.1000055136350924
2025-10-31,10. Max Decorrelation,AAPL,0.019488595523604556
2025-10-31,10. Max Decorrelation,AMZN,0.0904696803632752
2025-10-31,10. Max Decorrelation,CASH,-0.0002231496738294453
2025-10-31,10. Max Decorrelation,GOOGL,0.12649684721142
2025-10-31,10. Max Decorrelation,JNJ,0.28759529845317966
2025-10-31,10. Max Decorrelation,JPM,0.0012118787441052499
2025-10-31,10. Max Decorrelation,META,0.12136574444356163
2025-10-31,10. Max Decorrelation,NVDA,0.1937746050601347
2025-10-31,10. Max Decorrelation,TSLA,0.03171452361738843
2025-10-31,10. Max Decorrelation,V,0.12810597625716016
2025-10-31,11. Sharpe Maximization,AAPL,0.30002451698103294
2025-10-31,11. Sharpe Maximization,CASH,-0.00015052311491983895
2025-10-31,11. Sharpe Maximization,GOOGL,0.2911771620746437
2025-10-31,11. Sharpe Maximization,JNJ,0.23087745230540468
2025-10-31,11. Sharpe Maximization,JPM,1.533224703075025e-05
2025-10-31,11. Sharpe Maximization,META,3.000727275253491e-05
2025-10-31,11. Sharpe Maximization,MSFT,0.16695395514127812
2025-10-31,11. Sharpe Maximization,NVDA,3.7613873908235e-05
2025-10-31,11. Sharpe Maximization,TSLA,0.011034483218868968
2025-10-31,12. CVaR Minimization,AMZN,0.05892075662998376
2025-10-31,12. CVaR Minimization,CASH,-0.00039578577147124936
2025-10-31,12. CVaR Minimization,GOOGL,0.28396040408910606
2025-10-31,12. CVaR Minimization,JNJ,0.3001192654651063
2025-10-31,12. CVaR Minimization,NVDA,0.07566673507708598
2025-10-31,12. CVaR Minimization,TSLA,1.1056940750034197e-06
2025-10-31,12. CVaR Minimization,V,0.2817270223665992
2025-10-31,2. Equal Weight,AAPL,0.10000551363509239
2025-10-31,2. Equal Weight,AMZN,0.10000551363509239
2025-10-31,2. Equal Weight,CASH,-5.513635092372237e-05
2025-10-31,2. Equal Weight,GOOGL,0.10000551363509239
2025-10-31,2. Equal Weight,JNJ,0.10000551363509239
2025-10-31,2. Equal Weight,JPM,0.1000055136350924
2025-10-31,2. Equal Weight,META,0.10000551363509239
2025-10-31,2. Equal Weight,MSFT,0.10000551363509239
2025-10-31,2. Equal Weight,NVDA,0.10000551363509239
2025-10-31,2. Equal Weight,TSLA,0.10000551363509239
2025-10-31,2. Equal Weight,V,0.1000055136350924
2025-10-31,3. Quintile Momentum,CASH,-0.0022509765158242887
2025-10-31,3. Quintile Momentum,META,0.5011254882579121
2025-10-31,3. Quintile Momentum,MSFT,0.5011254882579121
2025-10-31,4. Quintile Low Vol,CASH,-8.863517794533509e-06
2025-10-31,4. Quintile Low Vol,JNJ,0.5000044317588973
2025-10-31,4. Quintile Low Vol,MSFT,0.5000044317588973
2025-10-31,5. Mean Reversion,AAPL,0.032237727519652856
2025-10-31,5. Mean Reversion,AMZN,0.04094605449437739
2025-10-31,5. Mean Reversion,CASH,-0.0008261973540679557
2025-10-31,5. Mean Reversion,JNJ,0.21681786686474708
2025-10-31,5. Mean Reversion,JPM,0.05254169275924329
2025-10-31,5. Mean Reversion,META,0.2141909189126146
2025-10-31,5. Mean Reversion,MSFT,0.13678904881164783
2025-10-31,5. Mean Reversion,NVDA,0.028533123472338207
2025-10-31,5. Mean Reversion,TSLA,0.11763316568096346
2025-10-31,5. Mean Reversion,V,0.16113659883848327
2025-10-31,6. GMVP,AAPL,0.0132264571844289
2025-10-31,6. GMVP,AMZN,0.08125815069308645
2025-10-31,6. GMVP,CASH,-0.0001519184819851022
2025-10-31,6. GMVP,GOOGL,0.030122989790570345
2025-10-31,6. GMVP,JNJ,0.5000759592409926
2025-10-31,6. GMVP,JPM,0.08121087232098326
2025-10-31,6. GMVP,META,0.007151427050259977
2025-10-31,6. GMVP,MSFT,0.15303217694208465
2025-10-31,6. GMVP,NVDA,0.0470539313125973
2025-10-31,6. GMVP,V,0.08701995394698159
2025-10-31,7. Inverse Volatility,AAPL,0.10275020413017903
2025-10-31,7. Inverse Volatility,AMZN,0.055762146520179315
2025-10-31,7. Inverse Volatility,CASH,-0.00018895569037378362
2025-10-31,7. Inverse Volatility,GOOGL,0.08732703782622675
2025-10-31,7. Inverse Volatility,JNJ,0.20975265772440752
2025-10-31,7. Inverse Volatility,JPM,0.1164502528675227
2025-10-31,7. Inverse Volatility,META,0.05311796850785446
2025-10-31,7. Inverse Volatility,MSFT,0.12786972779524247
2025-10-31,7. Inverse Volatility,NVDA,0.06510663206654864
2025-10-31,7. Inverse Volatility,TSLA,0.04908265597917212
2025-10-31,7. Inverse Volatility,V,0.13296967227304088
2025-10-31,8. Risk Parity,AAPL,0.10000551363509247
2025-10-31,8. Risk Parity,AMZN,0.10000551363509247
2025-10-31,8. Risk Parity,CASH,-5.51363509245747e-05
2025-10-31,8. Risk Parity,GOOGL,0.10000551363509247
2025-10-31,8. Risk Parity,JNJ,0.10000551363509247
2025-10-31,8. Risk Parity,JPM,0.10000551363509247
2025-10-31,8. Risk Parity,META,0.10000551363509247
2025-10-31,8. Risk Parity,MSFT,0.10000551363509247
2025-10-31,8. Risk Parity,NVDA,0.10000551363509247
2025-10-31,8. Risk Parity,TSLA,0.10000551363509247
2025-10-31,8. Risk Parity,V,0.10000551363509247
2025-10-31,9. Max Diversification,AAPL,0.015190666160010056
2025-10-31,9. Max Diversification,AMZN,0.06944963438100528
2025-10-31,9. Max Diversification,CASH,-0.00017881021471627
2025-10-31,9. Max Diversification,GOOGL,0.08990395404135755
2025-10-31,9. Max Diversification,JNJ,0.45761011557455494
2025-10-31,9. Max Diversification,JPM,0.001406035335501148
2025-10-31,9. Max Diversification,META,0.07817772323943507
2025-10-31,9. Max Diversification,NVDA,0.1252757502108108
2025-10-31,9. Max Diversification,TSLA,0.014361494513893692
2025-10-31,9. Max Diversification,V,0.14880343675814767
2025-11-03,1. Buy & Hold,AAPL,0.099091017224891
2025-11-03,1. Buy & Hold,AMZN,0.10356482629300896
2025-11-03,1. Buy & Hold,CASH,-5.4900192408435606e-05
2025-11-03,1. Buy & Hold,GOOGL,0.10047311586921918
2025-11-03,1. Buy & Hold,JNJ,0.09820111291109955
2025-11-03,1. Buy & Hold,JPM,0.09901066594473194
2025-11-03,1. Buy & Hold,META,0.0979430227983899
2025-11-03,1. Buy & Hold,MSFT,0.09942717526592067
2025-11-03,1. Buy & Hold,NVDA,0.10173601411193253
2025-11-03,1. Buy & Hold,TSLA,0.10215297090999069
2025-11-03,1. Buy & Hold,V,0.09845497886322423
2025-11-03,10. Max Decorrelation,AAPL,0.019349510282256004
2025-11-03,10. Max Decorrelation,AMZN,0.09387943908120674
2025-11-03,10. Max Decorrelation,CASH,-0.00022264410301057824
2025-11-03,10. Max Decorrelation,GOOGL,0.12734582791028545
2025-11-03,10. Max Decorrelation,JNJ,0.28297843522422667
2025-11-03,10. Max Decorrelation,JPM,0.0012022541886681695
2025-11-03,10. Max Decorrelation,META,0.11910356931005077
2025-11-03,10. Max Decorrelation,NVDA,0.1975271183430721
2025-11-03,10. Max Decorrelation,TSLA,0.03246118300395943
2025-11-03,10. Max Decorrelation,V,0.12637530675928516
2025-11-03,11. Sharpe Maximization,AAPL,0.29915842662608055
2025-11-03,11. Sharpe Maximization,CASH,-0.00015082495238839537
2025-11-03,11. Sharpe Maximization,GOOGL,0.2943861597298282
2025-11-03,11. Sharpe Maximization,JNJ,0.2281435208631734
2025-11-03,11. Sharpe Maximization,JPM,1.527559016579117e-05
2025-11-03,11. Sharpe Maximization,META,2.9574011525666406e-05
2025-11-03,11. Sharpe Maximization,MSFT,0.1670367462654355
2025-11-03,11. Sharpe Maximization,NVDA,3.8506406514329774e-05
2025-11-03,11. Sharpe Maximization,TSLA,0.01134261545966514
2025-11-03,12. CVaR Minimization,AMZN,0.06132734901053401
2025-11-03,12. CVaR Minimization,CASH,-0.00039608971382668274
2025-11-03,12. CVaR Minimization,GOOGL,0.2867353592177277
2025-11-03,12. CVaR Minimization,JNJ,0.2961991992780008
2025-11-03,12. CVaR Minimization,NVDA,0.07736656397335614
2025-11-03,12. CVaR Minimization,TSLA,1.1351665355255657e-06
2025-11-03,12. CVaR Minimization,V,0.27876598754354504
2025-11-03,2. Equal Weight,AAPL,0.09909101722489097
2025-11-03,2. Equal Weight,AMZN,0.10356482629300894
2025-11-03,2. Equal Weight,CASH,-5.490019240843559e-05
2025-11-03,2. Equal Weight,GOOGL,0.10047311586921916
2025-11-03,2. Equal Weight,JNJ,0.09820111291109952
2025-11-03,2. Equal Weight,JPM,0.09901066594473192
2025-11-03,2. Equal Weight,META,0.09794302279838987
2025-11-03,2. Equal Weight,MSFT,0.09942717526592064
2025-11-03,2. Equal Weight,NVDA,0.10173601411193252
2025-11-03,2. Equal Weight,TSLA,0.10215297090999068
2025-11-03,2. Equal Weight,V,0.0984549788632242
2025-11-03,3. Quintile Momentum,CASH,-0.0022713706583487514
2025-11-03,3. Quintile Momentum,META,0.49736732632035047
2025-11-03,3. Quintile Momentum,MSFT,0.5049040443379984
2025-11-03,4. Quintile Low Vol,CASH,-8.931961219779243e-06
2025-11-03,4. Quintile Low Vol,JNJ,0.4969024978431733
2025-11-03,4. Quintile Low Vol,MSFT,0.5031064341180466
2025-11-03,5. Mean Reversion,AAPL,0.0321990996388913
2025-11-03,5. Mean Reversion,AMZN,0.042743429262318625
2025-11-03,5. Mean Reversion,CASH,-0.0008292559803854142
2025-11-03,5. Mean Reversion,JNJ,0.21461323356096196
2025-11-03,5. Mean Reversion,JPM,0.05243618212072672
2025-11-03,5. Mean Reversion,META,0.2114557886424135
2025-11-03,5. Mean Reversion,MSFT,0.1370886349280919
2025-11-03,5. Mean Reversion,NVDA,0.02925964518098314
2025-11-03,5. Mean Reversion,TSLA,0.12112277366876005
2025-11-03,5. Mean Reversion,V,0.15991046897723835
2025-11-03,6. GMVP,AAPL,0.013217668164373225
2025-11-03,6. GMVP,AMZN,0.08487039876415702
2025-11-03,6. GMVP,CASH,-0.00015256237147935102
2025-11-03,6. GMVP,GOOGL,0.03052284229563826
2025-11-03,6. GMVP,JNJ,0.4952556214450857
2025-11-03,6. GMVP,JPM,0.0810910986505113
2025-11-03,6. GMVP,META,0.007063878874498469
2025-11-03,6. GMVP,MSFT,0.1534492905729073
2025-11-03,6. GMVP,NVDA,0.048277820992595206
2025-11-03,6. GMVP,V,0.08640394261171289
2025-11-03,7. Inverse Volatility,AAPL,0.10234329086130221
2025-11-03,7. Inverse Volatility,AMZN,0.05804892238077315
2025-11-03,7. Inverse Volatility,CASH,-0.00018913075843465378
2025-11-03,7. Inverse Volatility,GOOGL,0.08819439742632107
2025-11-03,7. Inverse Volatility,JNJ,0.20704573064920667
2025-11-03,7. Inverse Volatility,JPM,0.11589503076529825
2025-11-03,7. Inverse Volatility,META,0.05229466173853243
2025-11-03,7. Inverse Volatility,MSFT,0.12779540525366295
2025-11-03,7. Inverse Volatility,NVDA,0.0665797785327935
2025-11-03,7. Inverse Volatility,TSLA,0.050398946073268974
2025-11-03,7. Inverse Volatility,V,0.13159296707727522
2025-11-03,8. Risk Parity,AAPL,0.09909101722489105
2025-11-03,8. Risk Parity,AMZN,0.103564826293009
2025-11-03,8. Risk Parity,CASH,-5.490019240928427e-05
2025-11-03,8. Risk Parity,GOOGL,0.10047311586921924
2025-11-03,8. Risk Parity,JNJ,0.0982011129110996
2025-11-03,8. Risk Parity,JPM,0.09901066594473198
2025-11-03,8. Risk Parity,META,0.09794302279838996
2025-11-03,8. Risk Parity,MSFT,0.09942717526592071
2025-11-03,8. Risk Parity,NVDA,0.1017360141119326
2025-11-03,8. Risk Parity,TSLA,0.10215297090999075
2025-11-03,8. Risk Parity,V,0.09845497886322427
2025-11-03,9. Max Diversification,AAPL,0.015157248764879446
2025-11-03,9. Max Diversification,AMZN,0.07242550248828214
2025-11-03,9. Max Diversification,CASH,-0.00017929219670315068
2025-11-03,9. Max Diversification,GOOGL,0.09095737866259278
2025-11-03,9. Max Diversification,JNJ,0.45250282820368926
2025-11-03,9. Max Diversification,JPM,0.0014018046265464523
2025-11-03,9. Max Diversification,META,0.07710202669806224
2025-11-03,9. Max Diversification,NVDA,0.12833673992348515
2025-11-03,9. Max Diversification,TSLA,0.014772701095658354
2025-11-03,9. Max Diversification,V,0.14752306173350735
2025-11-04,1. Buy & Hold,AAPL,0.10085296593234507
2025-11-04,1. Buy & Hold,AMZN,0.10308487952664881
2025-11-04,1. Buy & Hold,CASH,-5.567152929874563e-05
2025-11-04,1. Buy & Hold,GOOGL,0.0996654859426055
2025-11-04,1. Buy & Hold,JNJ,0.0999015992528478
2025-11-04,1. Buy & Hold,JPM,0.1003692905879221
2025-11-04,1. Buy & Hold,META,0.09770092938826654
2025-11-04,1. Buy & Hold,MSFT,0.10029759048435775
2025-11-04,1. Buy & Hold,NVDA,0.09908125657411561
2025-11-04,1. Buy & Hold,TSLA,0.09825585273601341
2025-11-04,1. Buy & Hold,V,0.10084582110417614
2025-11-04,10. Max Decorrelation,AAPL,0.0196900109448279
2025-11-04,10. Max Decorrelation,AMZN,0.09342750785884411
2025-11-04,10. Max Decorrelation,CASH,-0.000225731451150249
2025-11-04,10. Max Decorrelation,GOOGL,0.12629938351248451
2025-11-04,10. Max Decorrelation,JNJ,0.28782662372761747
2025-11-04,10. Max Decorrelation,JPM,0.00121853150829646
2025-11-04,10. Max Decorrelation,META,0.1187877236332086
2025-11-04,10. Max Decorrelation,NVDA,0.19233800493742806
2025-11-04,10. Max Decorrelation,TSLA,0.03121715797347345
2025-11-04,10. Max Decorrelation,V,0.1294207873549698
2025-11-04,11. Sharpe Maximization,AAPL,0.30208221985009537
2025-11-04,11. Sharpe Maximization,CASH,-0.00015174067706247302
2025-11-04,11. Sharpe Maximization,GOOGL,0.2897222448990852
2025-11-04,11. Sharpe Maximization,JNJ,0.2302680621541233
2025-11-04,11. Sharpe Maximization,JPM,1.536336705341894e-05
2025-11-04,11. Sharpe Maximization,META,2.9268803230419973e-05
2025-11-04,11. Sharpe Maximization,MSFT,0.1671733155392146
2025-11-04,11. Sharpe Maximization,NVDA,3.7206542512230265e-05
2025-11-04,11. Sharpe Maximization,TSLA,0.010824059521747979
2025-11-04,12. CVaR Minimization,AMZN,0.06060165727802765
2025-11-04,12. CVaR Minimization,CASH,-0.0003987497940319299
2025-11-04,12. CVaR Minimization,GOOGL,0.28237340593385096
2025-11-04,12. CVaR Minimization,JNJ,0.2991489849412834
2025-11-04,12. CVaR Minimization,NVDA,0.07480277665110599
2025-11-04,12. CVaR Minimization,TSLA,1.0839634277236676e-06
2025-11-04,12. CVaR Minimization,V,0.2834703433047569
2025-11-04,2. Equal Weight,AAPL,0.10085296593234507
2025-11-04,2. Equal Weight,AMZN,0.10308487952664881
2025-11-04,2. Equal Weight,CASH,-5.567152929874563e-05
2025-11-04,2. Equal Weight,GOOGL,0.0996654859426055
2025-11-04,2. Equal Weight,JNJ,0.0999015992528478
2025-11-04,2. Equal Weight,JPM,0.1003692905879221
2025-11-04,2. Equal Weight,META,0.09770092938826654
2025-11-04,2. Equal Weight,MSFT,0.10029759048435775
2025-11-04,2. Equal Weight,NVDA,0.09908125657411562
2025-11-04,2. Equal Weight,TSLA,0.09825585273601342
2025-11-04,2. Equal Weight,V,0.10084582110417614
2025-11-04,3. Quintile Momentum,CASH,-0.0022960302980168513
2025-11-04,3. Quintile Momentum,META,0.4945756854408979
2025-11-04,3. Quintile Momentum,MSFT,0.5077203448571189
2025-11-04,4. Quintile Low Vol,CASH,-8.941140332936736e-06
2025-11-04,4. Quintile Low Vol,JNJ,0.4990154686350364
2025-11-04,4. Quintile Low Vol,MSFT,0.5009934725052965
2025-11-04,5. Mean Reversion,AAPL,0.03264188509563203
2025-11-04,5. Mean Reversion,AMZN,0.04237689814740318
2025-11-04,5. Mean Reversion,CASH,-0.0008375775205886338
2025-11-04,5. Mean Reversion,JNJ,0.21746513796248845
2025-11-04,5. Mean Reversion,JPM,0.052945255918427775
2025-11-04,5. Mean Reversion,META,0.21009798432213397
2025-11-04,5. Mean Reversion,MSFT,0.13774123297053165
2025-11-04,5. Mean Reversion,NVDA,0.028383304623931314
2025-11-04,5. Mean Reversion,TSLA,0.11604070283733182
2025-11-04,5. Mean Reversion,V,0.16314517564270858
2025-11-04,6. GMVP,AAPL,0.013300439319940058
2025-11-04,6. GMVP,AMZN,0.08352099952334291
2025-11-04,6. GMVP,CASH,-0.00015295492648517142
2025-11-04,6. GMVP,GOOGL,0.029934819533758563
2025-11-04,6. GMVP,JNJ,0.49812942689495887
2025-11-04,6. GMVP,JPM,0.08127347160686561
2025-11-04,6. GMVP,META,0.006966669194225489
2025-11-04,6. GMVP,MSFT,0.15304073302428675
2025-11-04,6. GMVP,NVDA,0.04648589544197578
2025-11-04,6. GMVP,V,0.08750050038713103
2025-11-04,7. Inverse Volatility,AAPL,0.10348629551926877
2025-11-04,7. Inverse Volatility,AMZN,0.05740449804992816
2025-11-04,7. Inverse Volatility,CASH,-0.000190541914436758
2025-11-04,7. Inverse Volatility,GOOGL,0.08691705252427052
2025-11-04,7. Inverse Volatility,JNJ,0.20926248862562466
2025-11-04,7. Inverse Volatility,JPM,0.1167220115179302
2025-11-04,7. Inverse Volatility,META,0.0518264694919211
2025-11-04,7. Inverse Volatility,MSFT,0.1280765773773128
2025-11-04,7. Inverse Volatility,NVDA,0.0644211107576956
2025-11-04,7. Inverse Volatility,TSLA,0.04816127296423648
2025-11-04,7. Inverse Volatility,V,0.13391276508624844
2025-11-04,8. Risk Parity,AAPL,0.10085296593234516
2025-11-04,8. Risk Parity,AMZN,0.10308487952664888
2025-11-04,8. Risk Parity,CASH,-5.5671529299606236e-05
2025-11-04,8. Risk Parity,GOOGL,0.09966548594260559
2025-11-04,8. Risk Parity,JNJ,0.09990159925284788
2025-11-04,8. Risk Parity,JPM,0.10036929058792216
2025-11-04,8. Risk Parity,META,0.09770092938826662
2025-11-04,8. Risk Parity,MSFT,0.10029759048435784
2025-11-04,8. Risk Parity,NVDA,0.09908125657411569
2025-11-04,8. Risk Parity,TSLA,0.09825585273601349
2025-11-04,8. Risk Parity,V,0.10084582110417621
2025-11-04,9. Max Diversification,AAPL,0.015326609805454822
2025-11-04,9. Max Diversification,AMZN,0.07162185058778207
2025-11-04,9. Max Diversification,CASH,-0.00018063088422860698
2025-11-04,9. Max Diversification,GOOGL,0.08964048304827145
2025-11-04,9. Max Diversification,JNJ,0.45734997899693786
2025-11-04,9. Max Diversification,JPM,0.0014118146904779877
2025-11-04,9. Max Diversification,META,0.07641213251872642
2025-11-04,9. Max Diversification,NVDA,0.12417641707916215
2025-11-04,9. Max Diversification,TSLA,0.014116878361031602
2025-11-04,9. Max Diversification,V,0.15012446579638442
2025-11-05,1. Buy & Hold,AAPL,0.10036503830640618
2025-11-05,1. Buy & Hold,AMZN,0.10291013280433936
2025-11-05,1. Buy & Hold,CASH,-5.538168120536657e-05
2025-11-05,1. Buy & Hold,GOOGL,0.10156505868705218
2025-11-05,1. Buy & Hold,JNJ,0.09892408093594994
2025-11-05,1. Buy & Hold,JPM,0.10063129585816721
2025-11-05,1. Buy & Hold,META,0.09852932706974796
2025-11-05,1. Buy & Hold,MSFT,0.09838448577723494
2025-11-05,1. Buy & Hold,NVDA,0.09683905467222452
2025-11-05,1. Buy & Hold,TSLA,0.10166277812295582
2025-11-05,1. Buy & Hold,V,0.10024412944712724
2025-11-05,10. Max Decorrelation,AAPL,0.019667393406345615
2025-11-05,10. Max Decorrelation,AMZN,0.09361490540716297
2025-11-05,10. Max Decorrelation,CASH,-0.0002253886928269069
2025-11-05,10. Max Decorrelation,GOOGL,0.12918373397139613
2025-11-05,10. Max Decorrelation,JNJ,0.28606690305132243
2025-11-05,10. Max Decorrelation,JPM,0.0012262415894882385
2025-11-05,10. Max Decorrelation,META,0.12023902585645287
2025-11-05,10. Max Decorrelation,NVDA,0.18868232100367174
2025-11-05,10. Max Decorrelation,TSLA,0.032419325427079614
2025-11-05,10. Max Decorrelation,V,0.1291255389799074
2025-11-05,11. Sharpe Maximization,AAPL,0.3009234152462538
2025-11-05,11. Sharpe Maximization,CASH,-0.0001511026355318013
2025-11-05,11. Sharpe Maximization,GOOGL,0.2955414602901811
2025-11-05,11. Sharpe Maximization,JNJ,0.22824450341983818
2025-11-05,11. Sharpe Maximization,JPM,1.5418980362893585e-05
2025-11-05,11. Sharpe Maximization,META,2.954668925403055e-05
2025-11-05,11. Sharpe Maximization,MSFT,0.164149707864743
2025-11-05,11. Sharpe Maximization,NVDA,3.640117376257725e-05
2025-11-05,11. Sharpe Maximization,TSLA,0.011210648971136218
2025-11-05,12. CVaR Minimization,AMZN,0.06056130162157007
2025-11-05,12. CVaR Minimization,CASH,-0.0003970827165194235
2025-11-05,12. CVaR Minimization,GOOGL,0.28805197429121976
2025-11-05,12. CVaR Minimization,JNJ,0.29652727450181654
2025-11-05,12. CVaR Minimization,NVDA,0.07318537176192115
2025-11-05,12. CVaR Minimization,TSLA,1.122705118628965e-06
2025-11-05,12. CVaR Minimization,V,0.28206954673412254
2025-11-05,2. Equal Weight,AAPL,0.10036503830640618
2025-11-05,2. Equal Weight,AMZN,0.10291013280433936
2025-11-05,2. Equal Weight,CASH,-5.538168120536657e-05
2025-11-05,2. Equal Weight,GOOGL,0.10156505868705218
2025-11-05,2. Equal Weight,JNJ,0.09892408093594994
2025-11-05,2. Equal Weight,JPM,0.10063129585816721
2025-11-05,2. Equal Weight,META,0.09852932706974796
2025-11-05,2. Equal Weight,MSFT,0.09838448577723494
2025-11-05,2. Equal Weight,NVDA,0.09683905467222455
2025-11-05,2. Equal Weight,TSLA,0.10166277812295584
2025-11-05,2. Equal Weight,V,0.10024412944712724
2025-11-05,3. Quintile Momentum,CASH,-0.002296659612916083
2025-11-05,3. Quintile Momentum,META,0.5015169528643353
2025-11-05,3. Quintile Momentum,MSFT,0.5007797067485809
2025-11-05,4. Quintile Low Vol,CASH,-9.024898060492178e-06
2025-11-05,4. Quintile Low Vol,JNJ,0.5013719138687839
2025-11-05,4. Quintile Low Vol,MSFT,0.4986371110292766
2025-11-05,5. Mean Reversion,AAPL,0.032505191462544075
2025-11-05,5. Mean Reversion,AMZN,0.0423327081331907
2025-11-05,5. Mean Reversion,CASH,-0.0008337612627281079
2025-11-05,5. Mean Reversion,JNJ,0.21547800452079285
2025-11-05,5. Mean Reversion,JPM,0.05311815469081249
2025-11-05,5. Mean Reversion,META,0.21201784907634277
2025-11-05,5. Mean Reversion,MSFT,0.135202213933589
2025-11-05,5. Mean Reversion,NVDA,0.027759121039846853
2025-11-05,5. Mean Reversion,TSLA,0.12014276194689007
2025-11-05,5. Mean Reversion,V,0.16227775645871934
2025-11-05,6. GMVP,AAPL,0.01335266913987046
2025-11-05,6. GMVP,AMZN,0.084113784940162
2025-11-05,6. GMVP,CASH,-0.00015349872596197284
2025-11-05,6. GMVP,GOOGL,0.03077403909977701
2025-11-05,6. GMVP,JNJ,0.4975996928625043
2025-11-05,6. GMVP,JPM,0.08220331725972477
2025-11-05,6. GMVP,META,0.007087618489138841
2025-11-05,6. GMVP,MSFT,0.15144379332568408
2025-11-05,6. GMVP,NVDA,0.045834084205964964
2025-11-05,6. GMVP,V,0.08774449940313553
2025-11-05,7. Inverse Volatility,AAPL,0.10332388071055823
2025-11-05,7. Inverse Volatility,AMZN,0.05749541104832845
2025-11-05,7. Inverse Volatility,CASH,-0.00019017244785885111
2025-11-05,7. Inverse Volatility,GOOGL,0.08886456392027162
2025-11-05,7. Inverse Volatility,JNJ,0.20789548509480144
2025-11-05,7. Inverse Volatility,JPM,0.11741107448091122
2025-11-05,7. Inverse Volatility,META,0.05243756724513446
2025-11-05,7. Inverse Volatility,MSFT,0.12604624782505275
2025-11-05,7. Inverse Volatility,NVDA,0.06317006629480398
2025-11-05,7. Inverse Volatility,TSLA,0.049994886886856715
2025-11-05,7. Inverse Volatility,V,0.1335509889411401
2025-11-05,8. Risk Parity,AAPL,0.10036503830640628
2025-11-05,8. Risk Parity,AMZN,0.10291013280433944
2025-11-05,8. Risk Parity,CASH,-5.53816812062227e-05
2025-11-05,8. Risk Parity,GOOGL,0.10156505868705228
2025-11-05,8. Risk Parity,JNJ,0.09892408093595002
2025-11-05,8. Risk Parity,JPM,0.1006312958581673
2025-11-05,8. Risk Parity,META,0.09852932706974807
2025-11-05,8. Risk Parity,MSFT,0.09838448577723502
2025-11-05,8. Risk Parity,NVDA,0.09683905467222463
2025-11-05,8. Risk Parity,TSLA,0.10166277812295593
2025-11-05,8. Risk Parity,V,0.10024412944712734
2025-11-05,9. Max Diversification,AAPL,0.015337212201953427
2025-11-05,9. Max Diversification,AMZN,0.07189774255074623
2025-11-05,9. Max Diversification,CASH,-0.0001806889262551464
2025-11-05,9. Max Diversification,GOOGL,0.09185657936650041
2025-11-05,9. Max Diversification,JNJ,0.45539136604114194
2025-11-05,9. Max Diversification,JPM,0.0014233655578017319
2025-11-05,9. Max Diversification,META,0.07748822045307696
2025-11-05,9. Max Diversification,NVDA,0.12204070440447848
2025-11-05,9. Max Diversification,TSLA,0.014687529851708125
2025-11-05,9. Max Diversification,V,0.1500579684988479
2025-11-06,1. Buy & Hold,AAPL,0.10169554863037107
2025-11-06,1. Buy & Hold,AMZN,0.10142927525400465
2025-11-06,1. Buy & Hold,CASH,-5.61928252318869e-05
2025-11-06,1. Buy & Hold,GOOGL,0.10321210932022862
2025-11-06,1. Buy & Hold,JNJ,0.10089641617104432
2025-11-06,1. Buy & Hold,JPM,0.10267520268499636
2025-11-06,1. Buy & Hold,META,0.09729842899753545
2025-11-06,1. Buy & Hold,MSFT,0.09784533455366555
2025-11-06,1. Buy & Hold,NVDA,0.09466857249292898
2025-11-06,1. Buy & Hold,TSLA,0.09954424227750887
2025-11-06,1. Buy & Hold,V,0.10079106244294797
2025-11-06,10. Max Decorrelation,AAPL,0.01990758263673737
2025-11-06,10. Max Decorrelation,AMZN,0.09217272340490254
2025-11-06,10. Max Decorrelation,CASH,-0.00022845417043666866
2025-11-06,10. Max Decorrelation,GOOGL,0.13114338719119892
2025-11-06,10. Max Decorrelation,JNJ,0.29146980060898764
2025-11-06,10. Max Decorrelation,JPM,0.0012498582995945037
2025-11-06,10. Max Decorrelation,META,0.11861455768173372
2025-11-06,10. Max Decorrelation,NVDA,0.1842632514366274
2025-11-06,10. Max Decorrelation,TSLA,0.03171103221491984
2025-11-06,10. Max Decorrelation,V,0.12969626069573487
2025-11-06,11. Sharpe Maximization,AAPL,0.30123863627259834
2025-11-06,11. Sharpe Maximization,CASH,-0.00015146837762973638
2025-11-06,11. Sharpe Maximization,GOOGL,0.2967153037809297
2025-11-06,11. Sharpe Maximization,JNJ,0.2299901549551081
2025-11-06,11. Sharpe Maximization,JPM,1.5542588923871724e-05
2025-11-06,11. Sharpe Maximization,META,2.8825997057074178e-05
2025-11-06,11. Sharpe Maximization,MSFT,0.16128308370900585
2025-11-06,11. Sharpe Maximization,NVDA,3.515651978247201e-05
2025-11-06,11. Sharpe Maximization,TSLA,0.010844764554224307
2025-11-06,12. CVaR Minimization,AMZN,0.05912198570548158
2025-11-06,12. CVaR Minimization,CASH,-0.0003990656476954433
2025-11-06,12. CVaR Minimization,GOOGL,0.2899384506461472
2025-11-06,12. CVaR Minimization,JNJ,0.2995621851409516
2025-11-06,12. CVaR Minimization,NVDA,0.07086441367251217
2025-11-06,12. CVaR Minimization,TSLA,1.0888511198080473e-06
2025-11-06,12. CVaR Minimization,V,0.28091045479445653
2025-11-06,2. Equal Weight,AAPL,0.10169554863037107
2025-11-06,2. Equal Weight,AMZN,0.10142927525400465
2025-11-06,2. Equal Weight,CASH,-5.61928252318869e-05
2025-11-06,2. Equal Weight,GOOGL,0.10321210932022862
2025-11-06,2. Equal Weight,JNJ,0.10089641617104432
2025-11-06,2. Equal Weight,JPM,0.10267520268499636
2025-11-06,2. Equal Weight,META,0.09729842899753545
2025-11-06,2. Equal Weight,MSFT,0.09784533455366555
2025-11-06,2. Equal Weight,NVDA,0.09466857249292901
2025-11-06,2. Equal Weight,TSLA,0.09954424227750888
2025-11-06,2. Equal Weight,V,0.10079106244294797
2025-11-06,3. Quintile Momentum,CASH,-0.0023515632250278753
2025-11-06,3. Quintile Momentum,META,0.4997711975531837
2025-11-06,3. Quintile Momentum,MSFT,0.5025803656718442
2025-11-06,4. Quintile Low Vol,CASH,-9.091046871391113e-06
2025-11-06,4. Quintile Low Vol,JNJ,0.507680610929368
2025-11-06,4. Quintile Low Vol,MSFT,0.4923284801175034
2025-11-06,5. Mean Reversion,AAPL,0.03295078051602837
2025-11-06,5. Mean Reversion,AMZN,0.041742141401629726
2025-11-06,5. Mean Reversion,CASH,-0.000846349876189579
2025-11-06,5. Mean Reversion,JNJ,0.2198721131133003
2025-11-06,5. Mean Reversion,JPM,0.05422118088777575
2025-11-06,5. Mean Reversion,META,0.20946247201641147
2025-11-06,5. Mean Reversion,MSFT,0.1345212191578065
2025-11-06,5. Mean Reversion,NVDA,0.027149040581401482
2025-11-06,5. Mean Reversion,TSLA,0.11769154722644509
2025-11-06,5. Mean Reversion,V,0.1632358549753911
2025-11-06,6. GMVP,AAPL,0.013401202785765834
2025-11-06,6. GMVP,AMZN,0.08211614662211571
2025-11-06,6. GMVP,CASH,-0.00015426795048927876
2025-11-06,6. GMVP,GOOGL,0.030976121082601584
2025-11-06,6. GMVP,JNJ,0.5027013158684285
2025-11-06,6. GMVP,JPM,0.08307647278756501
2025-11-06,6. GMVP,META,0.006932611223512547
2025-11-06,6. GMVP,MSFT,0.14918363459428102
2025-11-06,6. GMVP,NVDA,0.04438130289069159
2025-11-06,6. GMVP,V,0.08738546009552739
2025-11-06,7. Inverse Volatility,AAPL,0.10412762497288382
2025-11-06,7. Inverse Volatility,AMZN,0.05636170615158576
2025-11-06,7. Inverse Volatility,CASH,-0.0001919146346979183
2025-11-06,7. Inverse Volatility,GOOGL,0.08981744743094469
2025-11-06,7. Inverse Volatility,JNJ,0.21089415272468798
2025-11-06,7. Inverse Volatility,JPM,0.11914815743136638
2025-11-06,7. Inverse Volatility,META,0.05150253560713012
2025-11-06,7. Inverse Volatility,MSFT,0.12467781684208197
2025-11-06,7. Inverse Volatility,NVDA,0.06142036377942197
2025-11-06,7. Inverse Volatility,TSLA,0.048688402619253786
2025-11-06,7. Inverse Volatility,V,0.13355370707534153
2025-11-06,8. Risk Parity,AAPL,0.10169554863037117
2025-11-06,8. Risk Parity,AMZN,0.1014292752540047
2025-11-06,8. Risk Parity,CASH,-5.619282523275556e-05
2025-11-06,8. Risk Parity,GOOGL,0.10321210932022871
2025-11-06,8. Risk Parity,JNJ,0.10089641617104439
2025-11-06,8. Risk Parity,JPM,0.10267520268499643
2025-11-06,8. Risk Parity,META,0.09729842899753553
2025-11-06,8. Risk Parity,MSFT,0.09784533455366562
2025-11-06,8. Risk Parity,NVDA,0.09466857249292907
2025-11-06,8. Risk Parity,TSLA,0.09954424227750895
2025-11-06,8. Risk Parity,V,0.10079106244294804
2025-11-06,9. Max Diversification,AAPL,0.015439046048496014
2025-11-06,9. Max Diversification,AMZN,0.0704003771039479
2025-11-06,9. Max Diversification,CASH,-0.00018213810627415564
2025-11-06,9. Max Diversification,GOOGL,0.09273659499409316
2025-11-06,9. Max Diversification,JNJ,0.4614376807857251
2025-11-06,9. Max Diversification,JPM,0.0014427912621576726
2025-11-06,9. Max Diversification,META,0.07602046922790055
2025-11-06,9. Max Diversification,NVDA,0.11852624887785702
2025-11-06,9. Max Diversification,TSLA,0.014287540721962998
2025-11-06,9. Max Diversification,V,0.14989138908413369
2025-11-07,1. Buy & Hold,AAPL,0.10000245130096445
2025-11-07,1. Buy & Hold,AMZN,0.10000245130096445
2025-11-07,1. Buy & Hold,CASH,-2.4513009644460788e-05
2025-11-07,1. Buy & Hold,GOOGL,0.10000245130096445
2025-11-07,1. Buy & Hold,JNJ,0.10000245130096445
2025-11-07,1. Buy & Hold,JPM,0.10000245130096447
2025-11-07,1. Buy & Hold,META,0.10000245130096445
2025-11-07,1. Buy & Hold,MSFT,0.10000245130096445
2025-11-07,1. Buy & Hold,NVDA,0.10000245130096444
2025-11-07,1. Buy & Hold,TSLA,0.10000245130096444
2025-11-07,1. Buy & Hold,V,0.10000245130096447
2025-11-07,10. Max Decorrelation,AMZN,0.09133814045908356
2025-11-07,10. Max Decorrelation,CASH,-0.00012942261224491072
2025-11-07,10. Max Decorrelation,GOOGL,0.13455295058336034
2025-11-07,10. Max Decorrelation,JNJ,0.29697377978902556
2025-11-07,10. Max Decorrelation,JPM,0.013023688682078068
2025-11-07,10. Max Decorrelation,META,0.14581938390793506
2025-11-07,10. Max Decorrelation,NVDA,0.1943573546514518
2025-11-07,10. Max Decorrelation,TSLA,0.0013419965141436424
2025-11-07,10. Max Decorrelation,V,0.12272212802516687
2025-11-07,11. Sharpe Maximization,AAPL,0.3001050407843953
2025-11-07,11. Sharpe Maximization,AMZN,9.555851785461193e-06
2025-11-07,11. Sharpe Maximization,CASH,-0.0003646570706735218
2025-11-07,11. Sharpe Maximization,GOOGL,0.3001205117264099
2025-11-07,11. Sharpe Maximization,JNJ,0.23199631451727132
2025-11-07,11. Sharpe Maximization,JPM,0.15788969974574102
2025-11-07,11. Sharpe Maximization,NVDA,6.0900728680310545e-06
2025-11-07,11. Sharpe Maximization,TSLA,0.010232488879566338
2025-11-07,11. Sharpe Maximization,V,4.955492636189522e-06
2025-11-07,12. CVaR Minimization,AMZN,0.05620547827551231
2025-11-07,12. CVaR Minimization,CASH,-1.5874277145408935e-05
2025-11-07,12. CVaR Minimization,GOOGL,0.2832986296666603
2025-11-07,12. CVaR Minimization,JNJ,0.3000045196504225
2025-11-07,12. CVaR Minimization,NVDA,0.0745988076930332
2025-11-07,12. CVaR Minimization,V,0.28590837085526366
2025-11-07,2. Equal Weight,AAPL,0.10000245130096444
2025-11-07,2. Equal Weight,AMZN,0.10000245130096444
2025-11-07,2. Equal Weight,CASH,-2.45130096444608e-05
2025-11-07,2. Equal Weight,GOOGL,0.10000245130096444
2025-11-07,2. Equal Weight,JNJ,0.10000245130096444
2025-11-07,2. Equal Weight,JPM,0.10000245130096444
2025-11-07,2. Equal Weight,META,0.10000245130096444
2025-11-07,2. Equal Weight,MSFT,0.10000245130096444
2025-11-07,2. Equal Weight,NVDA,0.10000245130096444
2025-11-07,2. Equal Weight,TSLA,0.10000245130096444
2025-11-07,2. Equal Weight,V,0.10000245130096445
2025-11-07,3. Quintile Momentum,CASH,-4.735686373358429e-06
2025-11-07,3. Quintile Momentum,META,0.5000023678431867
2025-11-07,3. Quintile Momentum,MSFT,0.5000023678431867
2025-11-07,4. Quintile Low Vol,CASH,-1.599790913611342e-05
2025-11-07,4. Quintile Low Vol,JNJ,0.500007998954568
2025-11-07,4. Quintile Low Vol,MSFT,0.5000079989545682
2025-11-07,5. Mean Reversion,AAPL,0.07010812811519479
2025-11-07,5. Mean Reversion,AMZN,0.07293171044801032
2025-11-07,5. Mean Reversion,CASH,-0.00046469632965899814
2025-11-07,5. Mean Reversion,GOOGL,0.05805179116756719
2025-11-07,5. Mean Reversion,JNJ,0.1338473970968561
2025-11-07,5. Mean Reversion,META,0.15902666795909978
2025-11-07,5. Mean Reversion,MSFT,0.14827604273444348
2025-11-07,5. Mean Reversion,NVDA,0.10000275922051778
2025-11-07,5. Mean Reversion,TSLA,0.1076327023297636
2025-11-07,5. Mean Reversion,V,0.15058749725820594
2025-11-07,6. GMVP,AAPL,0.004767888239075224
2025-11-07,6. GMVP,AMZN,0.030967515913665894
2025-11-07,6. GMVP,CASH,-0.0002322431135897573
2025-11-07,6. GMVP,GOOGL,0.04855129504892762
2025-11-07,6. GMVP,JNJ,0.5001161215567947
2025-11-07,6. GMVP,JPM,0.09051363864089766
2025-11-07,6. GMVP,META,0.04736278880404871
2025-11-07,6. GMVP,MSFT,0.10601695087376319
2025-11-07,6. GMVP,NVDA,0.06341284952610111
2025-11-07,6. GMVP,V,0.1085231945103155
2025-11-07,7. Inverse Volatility,AAPL,0.10617184740314914
2025-11-07,7. Inverse Volatility,AMZN,0.051898541515427825
2025-11-07,7. Inverse Volatility,CASH,-3.210338441086496e-05
2025-11-07,7. Inverse Volatility,GOOGL,0.08407658974792431
2025-11-07,7. Inverse Volatility,JNJ,0.21561762937938408
2025-11-07,7. Inverse Volatility,JPM,0.11931059474016326
2025-11-07,7. Inverse Volatility,META,0.05357668333942543
2025-11-07,7. Inverse Volatility,MSFT,0.12958970965850602
2025-11-07,7. Inverse Volatility,NVDA,0.058032959142892554
2025-11-07,7. Inverse Volatility,TSLA,0.04651562259536483
2025-11-07,7. Inverse Volatility,V,0.13524192586217346
2025-11-07,8. Risk Parity,AAPL,0.10000245130096444
2025-11-07,8. Risk Parity,AMZN,0.10000245130096444
2025-11-07,8. Risk Parity,CASH,-2.451300964446098e-05
2025-11-07,8. Risk Parity,GOOGL,0.10000245130096444
2025-11-07,8. Risk Parity,JNJ,0.10000245130096444
2025-11-07,8. Risk Parity,JPM,0.10000245130096444
2025-11-07,8. Risk Parity,META,0.10000245130096444
2025-11-07,8. Risk Parity,MSFT,0.10000245130096444
2025-11-07,8. Risk Parity,NVDA,0.10000245130096444
2025-11-07,8. Risk Parity,TSLA,0.10000245130096444
2025-11-07,8. Risk Parity,V,0.10000245130096444
2025-11-07,9. Max Diversification,AMZN,0.05512156886975347
2025-11-07,9. Max Diversification,CASH,-0.00011106004281705967
2025-11-07,9. Max Diversification,GOOGL,0.0938124266169393
2025-11-07,9. Max Diversification,JNJ,0.4790536965089816
2025-11-07,9. Max Diversification,JPM,0.015413469512657214
2025-11-07,9. Max Diversification,META,0.09282143476669852
2025-11-07,9. Max Diversification,NVDA,0.11783286134445364
2025-11-07,9. Max Diversification,TSLA,0.0005653627656543274
2025-11-07,9. Max Diversification,V,0.1454902316504418
2025-11-10,1. Buy & Hold,AAPL,0.09834991507021483
2025-11-10,1. Buy & Hold,AMZN,0.09959933101677015
2025-11-10,1. Buy & Hold,CASH,-2.4022034771484355e-05
2025-11-10,1. Buy & Hold,GOOGL,0.10196051747941018
2025-11-10,1. Buy & Hold,JNJ,0.09896598213685266
2025-11-10,1. Buy & Hold,JPM,0.09883535640880438
2025-11-10,1. Buy & Hold,META,0.0995836575112302
2025-11-10,1. Buy & Hold,MSFT,0.09981027387215903
2025-11-10,1. Buy & Hold,NVDA,0.10367684201783017
2025-11-10,1. Buy & Hold,TSLA,0.10158388773284509
2025-11-10,1. Buy & Hold,V,0.0976582587886547
2025-11-10,10. Max Decorrelation,AMZN,0.09072371689339898
2025-11-10,10. Max Decorrelation,CASH,-0.00012648709253812524
2025-11-10,10. Max Decorrelation,GOOGL,0.136816193844085
2025-11-10,10. Max Decorrelation,JNJ,0.2931003204100782
2025-11-10,10. Max Decorrelation,JPM,0.012836853553963475
2025-11-10,10. Max Decorrelation,META,0.14481567726370984
2025-11-10,10. Max Decorrelation,NVDA,0.2009532281703767
2025-11-10,10. Max Decorrelation,TSLA,0.0013595289663986033
2025-11-10,10. Max Decorrelation,V,0.11952096799052729
2025-11-10,11. Sharpe Maximization,AAPL,0.29608167525266826
2025-11-10,11. Sharpe Maximization,AMZN,9.547508999029569e-06
2025-11-10,11. Sharpe Maximization,CASH,-0.0003584864044555378
2025-11-10,11. Sharpe Maximization,GOOGL,0.3069671903716718
2025-11-10,11. Sharpe Maximization,JNJ,0.23031979994456625
2025-11-10,11. Sharpe Maximization,JPM,0.15654182098957822
2025-11-10,11. Sharpe Maximization,NVDA,6.33386057433211e-06
2025-11-10,11. Sharpe Maximization,TSLA,0.010427263802507586
2025-11-10,11. Sharpe Maximization,V,4.8546738901584615e-06
2025-11-10,12. CVaR Minimization,AMZN,0.056077025350028446
2025-11-10,12. CVaR Minimization,CASH,-1.5583595189203946e-05
2025-11-10,12. CVaR Minimization,GOOGL,0.28935194348194504
2025-11-10,12. CVaR Minimization,JNJ,0.2974155254109396
2025-11-10,12. CVaR Minimization,NVDA,0.07747534972790203
2025-11-10,12. CVaR Minimization,V,0.27969567221433295
2025-11-10,2. Equal Weight,AAPL,0.09834991507021483
2025-11-10,2. Equal Weight,AMZN,0.09959933101677015
2025-11-10,2. Equal Weight,CASH,-2.4022034771484372e-05
2025-11-10,2. Equal Weight,GOOGL,0.10196051747941018
2025-11-10,2. Equal Weight,JNJ,0.09896598213685266
2025-11-10,2. Equal Weight,JPM,0.09883535640880436
2025-11-10,2. Equal Weight,META,0.0995836575112302
2025-11-10,2. Equal Weight,MSFT,0.09981027387215903
2025-11-10,2. Equal Weight,NVDA,0.10367684201783019
2025-11-10,2. Equal Weight,TSLA,0.1015838877328451
2025-11-10,2. Equal Weight,V,0.0976582587886547
2025-11-10,3. Quintile Momentum,CASH,-4.655054374760603e-06
2025-11-10,3. Quintile Momentum,META,0.4994340619479192
2025-11-10,3. Quintile Momentum,MSFT,0.5005705931064557
2025-11-10,4. Quintile Low Vol,CASH,-1.577438437062155e-05
2025-11-10,4. Quintile Low Vol,JNJ,0.4978841298822316
2025-11-10,4. Quintile Low Vol,MSFT,0.502131644502139
2025-11-10,5. Mean Reversion,AAPL,0.06900467416131995
2025-11-10,5. Mean Reversion,AMZN,0.0726957412286644
2025-11-10,5. Mean Reversion,CASH,-0.0004557526387432352
2025-11-10,5. Mean Reversion,GOOGL,0.059235738046036865
2025-11-10,5. Mean Reversion,JNJ,0.13256595889450573
2025-11-10,5. Mean Reversion,META,0.15848719572120595
2025-11-10,5. Mean Reversion,MSFT,0.14810931820725368
2025-11-10,5. Mean Reversion,NVDA,0.10375998297169994
2025-11-10,5. Mean Reversion,TSLA,0.1094221446586847
2025-11-10,5. Mean Reversion,V,0.14717499874937193
2025-11-10,6. GMVP,AAPL,0.004717897792827683
2025-11-10,6. GMVP,AMZN,0.031032106923556207
2025-11-10,6. GMVP,CASH,-0.00022898926248138174
2025-11-10,6. GMVP,GOOGL,0.049805960730869105
2025-11-10,6. GMVP,JNJ,0.49797239183318587
2025-11-10,6. GMVP,JPM,0.09000669785895941
2025-11-10,6. GMVP,META,0.04745410770821004
2025-11-10,6. GMVP,MSFT,0.10646308063926425
2025-11-10,6. GMVP,NVDA,0.06614659627258887
2025-11-10,6. GMVP,V,0.1066301495030199
2025-11-10,7. Inverse Volatility,AAPL,0.10491252434673558
2025-11-10,7. Inverse Volatility,AMZN,0.05193445136323061
2025-11-10,7. Inverse Volatility,CASH,-3.160957040403921e-05
2025-11-10,7. Inverse Volatility,GOOGL,0.08612933465137443
2025-11-10,7. Inverse Volatility,JNJ,0.21439476626206222
2025-11-10,7. Inverse Volatility,JPM,0.11847734593097058
2025-11-10,7. Inverse Volatility,META,0.05360531737484205
2025-11-10,7. Inverse Volatility,MSFT,0.12995402570715442
2025-11-10,7. Inverse Volatility,NVDA,0.060450576893194705
2025-11-10,7. Inverse Volatility,TSLA,0.04747529165940918
2025-11-10,7. Inverse Volatility,V,0.13269797538143027
2025-11-10,8. Risk Parity,AAPL,0.09834991507021483
2025-11-10,8. Risk Parity,AMZN,0.09959933101677015
2025-11-10,8. Risk Parity,CASH,-2.402203477148455e-05
2025-11-10,8. Risk Parity,GOOGL,0.10196051747941019
2025-11-10,8. Risk Parity,JNJ,0.09896598213685269
2025-11-10,8. Risk Parity,JPM,0.09883535640880436
2025-11-10,8. Risk Parity,META,0.0995836575112302
2025-11-10,8. Risk Parity,MSFT,0.09981027387215906
2025-11-10,8. Risk Parity,NVDA,0.1036768420178302
2025-11-10,8. Risk Parity,TSLA,0.10158388773284512
2025-11-10,8. Risk Parity,V,0.09765825878865468
2025-11-10,9. Max Diversification,AMZN,0.05506394617035771
2025-11-10,9. Max Diversification,CASH,-0.00010916187285710733
2025-11-10,9. Max Diversification,GOOGL,0.0959360297434423
2025-11-10,9. Max Diversification,JNJ,0.47550980360789075
2025-11-10,9. Max Diversification,JPM,0.015279251554240552
2025-11-10,9. Max Diversification,META,0.09270980994893549
2025-11-10,9. Max Diversification,NVDA,0.1225286150367907
2025-11-10,9. Max Diversification,TSLA,0.0005760250538504237
2025-11-10,9. Max Diversification,V,0.14250567274154166
2025-11-11,1. Buy & Hold,AAPL,0.10028270824520072
2025-11-11,1. Buy & Hold,AMZN,0.09968946050522273
2025-11-11,1. Buy & Hold,CASH,-2.3976207005362323e-05
2025-11-11,1. Buy & Hold,GOOGL,0.1021904669609613
2025-11-11,1. Buy & Hold,JNJ,0.10161870905892408
2025-11-11,1. Buy & Hold,JPM,0.09825145759004733
2025-11-11,1. Buy & Hold,META,0.09865738182908253
2025-11-11,1. Buy & Hold,MSFT,0.10014749283634207
2025-11-11,1. Buy & Hold,NVDA,0.10041705104709046
2025-11-11,1. Buy & Hold,TSLA,0.10011255382591953
2025-11-11,1. Buy & Hold,V,0.09865669430821453
2025-11-11,10. Max Decorrelation,AMZN,0.09065094919604098
2025-11-11,10. Max Decorrelation,CASH,-0.0001260304813837453
2025-11-11,10. Max Decorrelation,GOOGL,0.1368908921830014
2025-11-11,10. Max Decorrelation,JNJ,0.3004434390878863
2025-11-11,10. Max Decorrelation,JPM,0.012739252710579203
2025-11-11,10. Max Decorrelation,META,0.14322399699194413
2025-11-11,10. Max Decorrelation,NVDA,0.19430294682196164
2025-11-11,10. Max Decorrelation,TSLA,0.0013375526079912046
2025-11-11,10. Max Decorrelation,V,0.12053700088197888
2025-11-11,11. Sharpe Maximization,AAPL,0.2984357207638637
2025-11-11,11. Sharpe Maximization,AMZN,9.446482200403746e-06
2025-11-11,11. Sharpe Maximization,CASH,-0.00035369635800191
2025-11-11,11. Sharpe Maximization,GOOGL,0.3041287813724067
2025-11-11,11. Sharpe Maximization,JNJ,0.23377938886983093
2025-11-11,11. Sharpe Maximization,JPM,0.15383114076107374
2025-11-11,11. Sharpe Maximization,NVDA,6.064310255687722e-06
2025-11-11,11. Sharpe Maximization,TSLA,0.0101583057733298
2025-11-11,11. Sharpe Maximization,V,4.848025040936021e-06
2025-11-11,12. CVaR Minimization,AMZN,0.055621670380916324
2025-11-11,12. CVaR Minimization,CASH,-1.5413617629253276e-05
2025-11-11,12. CVaR Minimization,GOOGL,0.2873895623986538
2025-11-11,12. CVaR Minimization,JNJ,0.3026339209039736
2025-11-11,12. CVaR Minimization,NVDA,0.07436275704205315
2025-11-11,12. CVaR Minimization,V,0.28000743543077444
2025-11-11,2. Equal Weight,AAPL,0.10028270824520072
2025-11-11,2. Equal Weight,AMZN,0.09968946050522273
2025-11-11,2. Equal Weight,CASH,-2.397620700536234e-05
2025-11-11,2. Equal Weight,GOOGL,0.1021904669609613
2025-11-11,2. Equal Weight,JNJ,0.10161870905892408
2025-11-11,2. Equal Weight,JPM,0.09825145759004732
2025-11-11,2. Equal Weight,META,0.09865738182908253
2025-11-11,2. Equal Weight,MSFT,0.10014749283634207
2025-11-11,2. Equal Weight,NVDA,0.10041705104709048
2025-11-11,2. Equal Weight,TSLA,0.10011255382591955
2025-11-11,2. Equal Weight,V,0.09865669430821453
2025-11-11,3. Quintile Momentum,CASH,-4.659940333139933e-06
2025-11-11,3. Quintile Momentum,META,0.49625464029808053
2025-11-11,3. Quintile Momentum,MSFT,0.5037500196422526
2025-11-11,4. Quintile Low Vol,CASH,-1.5510974375829064e-05
2025-11-11,4. Quintile Low Vol,JNJ,0.5036536561106799
2025-11-11,4. Quintile Low Vol,MSFT,0.49636185486369594
2025-11-11,5. Mean Reversion,AAPL,0.07030499219757218
2025-11-11,5. Mean Reversion,AMZN,0.0727038456743143
2025-11-11,5. Mean Reversion,CASH,-0.00045452258732794025
2025-11-11,5. Mean Reversion,GOOGL,0.05932226801579431
2025-11-11,5. Mean Reversion,JNJ,0.1360114097624395
2025-11-11,5. Mean Reversion,META,0.1568885626065839
2025-11-11,5. Mean Reversion,MSFT,0.1484919145887906
2025-11-11,5. Mean Reversion,NVDA,0.10041791157574889
2025-11-11,5. Mean Reversion,TSLA,0.10775179734615378
2025-11-11,5. Mean Reversion,V,0.14856182081993047
2025-11-11,6. GMVP,AAPL,0.004753673593407745
2025-11-11,6. GMVP,AMZN,0.030692541536755182
2025-11-11,6. GMVP,CASH,-0.00022584712767767583
2025-11-11,6. GMVP,GOOGL,0.049327424379882176
2025-11-11,6. GMVP,JNJ,0.5052679662652051
2025-11-11,6. GMVP,JPM,0.08841587778730181
2025-11-11,6. GMVP,META,0.04645624351852544
2025-11-11,6. GMVP,MSFT,0.10555835845713159
2025-11-11,6. GMVP,NVDA,0.06330849210137032
2025-11-11,6. GMVP,V,0.10644526948809822
2025-11-11,7. Inverse Volatility,AAPL,0.10633006779419064
2025-11-11,7. Inverse Volatility,AMZN,0.051668405753958306
2025-11-11,7. Inverse Volatility,CASH,-3.1359271912756745e-05
2025-11-11,7. Inverse Volatility,GOOGL,0.08580372337006405
2025-11-11,7. Inverse Volatility,JNJ,0.21881576220335117
2025-11-11,7. Inverse Volatility,JPM,0.11706812836582932
2025-11-11,7. Inverse Volatility,META,0.05278688973672321
2025-11-11,7. Inverse Volatility,MSFT,0.1296078363668402
2025-11-11,7. Inverse Volatility,NVDA,0.058197300727188886
2025-11-11,7. Inverse Volatility,TSLA,0.04650589866007226
2025-11-11,7. Inverse Volatility,V,0.1332473462936947
2025-11-11,8. Risk Parity,AAPL,0.1002827082452007
2025-11-11,8. Risk Parity,AMZN,0.09968946050522273
2025-11-11,8. Risk Parity,CASH,-2.397620700536252e-05
2025-11-11,8. Risk Parity,GOOGL,0.10219046696096132
2025-11-11,8. Risk Parity,JNJ,0.10161870905892408
2025-11-11,8. Risk Parity,JPM,0.09825145759004732
2025-11-11,8. Risk Parity,META,0.09865738182908251
2025-11-11,8. Risk Parity,MSFT,0.10014749283634208
2025-11-11,8. Risk Parity,NVDA,0.10041705104709049
2025-11-11,8. Risk Parity,TSLA,0.10011255382591956
2025-11-11,8. Risk Parity,V,0.0986566943082145
2025-11-11,9. Max Diversification,AMZN,0.05458670506018719
2025-11-11,9. Max Diversification,CASH,-0.00010791166426790106
2025-11-11,9. Max Diversification,GOOGL,0.09523285806098479
2025-11-11,9. Max Diversification,JNJ,0.4835862387609082
2025-11-11,9. Max Diversification,JPM,0.015043728067240088
2025-11-11,9. Max Diversification,META,0.09096910623823679
2025-11-11,9. Max Diversification,NVDA,0.11754115442845248
2025-11-11,9. Max Diversification,TSLA,0.000562253034086861
2025-11-11,9. Max Diversification,V,0.14258586004819832
2025-11-12,1. Buy & Hold,AAPL,0.10028908924402616
2025-11-12,1. Buy & Hold,AMZN,0.09837085545157039
2025-11-12,1. Buy & Hold,CASH,-2.413380225237275e-05
2025-11-12,1. Buy & Hold,GOOGL,0.10123789384725289
2025-11-12,1. Buy & Hold,JNJ,0.10258216668632653
2025-11-12,1. Buy & Hold,JPM,0.1003981750783746
2025-11-12,1. Buy & Hold,META,0.09644424785263445
2025-11-12,1. Buy & Hold,MSFT,0.10129326211641822
2025-11-12,1. Buy & Hold,NVDA,0.10141199108919206
2025-11-12,1. Buy & Hold,TSLA,0.09870300935382592
2025-11-12,1. Buy & Hold,V,0.09929344308263113
2025-11-12,10. Max Decorrelation,AMZN,0.08944095070138869
2025-11-12,10. Max Decorrelation,CASH,-0.00012684335306647134
2025-11-12,10. Max Decorrelation,GOOGL,0.135598261155648
2025-11-12,10. Max Decorrelation,JNJ,0.30325485846368133
2025-11-12,10. Max Decorrelation,JPM,0.013016002345805001
2025-11-12,10. Max Decorrelation,META,0.1399939870812495
2025-11-12,10. Max Decorrelation,NVDA,0.19620410164783
2025-11-12,10. Max Decorrelation,TSLA,0.0013185590227815568
2025-11-12,10. Max Decorrelation,V,0.12130012293468248
2025-11-12,11. Sharpe Maximization,AAPL,0.2976759207401489
2025-11-12,11. Sharpe Maximization,AMZN,9.297208727440533e-06
2025-11-12,11. Sharpe Maximization,CASH,-0.0003550921949675081
2025-11-12,11. Sharpe Maximization,GOOGL,0.30050763308331424
2025-11-12,11. Sharpe Maximization,JNJ,0.23538006668958952
2025-11-12,11. Sharpe Maximization,JPM,0.15678205249387203
2025-11-12,11. Sharpe Maximization,NVDA,6.10841488321094e-06
2025-11-12,11. Sharpe Maximization,TSLA,0.009989146981444189
2025-11-12,11. Sharpe Maximization,V,4.866582987922767e-06
2025-11-12,12. CVaR Minimization,AMZN,0.05477648010103176
2025-11-12,12. CVaR Minimization,CASH,-1.5483985048951008e-05
2025-11-12,12. CVaR Minimization,GOOGL,0.2841427640456741
2025-11-12,12. CVaR Minimization,JNJ,0.30489386857748924
2025-11-12,12. CVaR Minimization,NVDA,0.07494975565015567
2025-11-12,12. CVaR Minimization,V,0.2812525487819399
2025-11-12,2. Equal Weight,AAPL,0.10028908924402617
2025-11-12,2. Equal Weight,AMZN,0.09837085545157039
2025-11-12,2. Equal Weight,CASH,-2.4133802252372767e-05
2025-11-12,2. Equal Weight,GOOGL,0.1012378938472529
2025-11-12,2. Equal Weight,JNJ,0.10258216668632654
2025-11-12,2. Equal Weight,JPM,0.1003981750783746
2025-11-12,2. Equal Weight,META,0.09644424785263445
2025-11-12,2. Equal Weight,MSFT,0.10129326211641823
2025-11-12,2. Equal Weight,NVDA,0.10141199108919209
2025-11-12,2. Equal Weight,TSLA,0.09870300935382594
2025-11-12,2. Equal Weight,V,0.09929344308263115
2025-11-12,3. Quintile Momentum,CASH,-4.715889480707241e-06
2025-11-12,3. Quintile Momentum,META,0.48774105979256366
2025-11-12,3. Quintile Momentum,MSFT,0.5122636560969172
2025-11-12,4. Quintile Low Vol,CASH,-1.5451400734039158e-05
2025-11-12,4. Quintile Low Vol,JNJ,0.503168784619675
2025-11-12,4. Quintile Low Vol,MSFT,0.496846666781059
2025-11-12,5. Mean Reversion,AAPL,0.07042266723402024
2025-11-12,5. Mean Reversion,AMZN,0.07185769101189968
2025-11-12,5. Mean Reversion,CASH,-0.00045824677015456186
2025-11-12,5. Mean Reversion,GOOGL,0.05886391408553063
2025-11-12,5. Mean Reversion,JNJ,0.137522009126107
2025-11-12,5. Mean Reversion,META,0.1536160878371302
2025-11-12,5. Mean Reversion,MSFT,0.15043259779382437
2025-11-12,5. Mean Reversion,NVDA,0.1015761395840793
2025-11-12,5. Mean Reversion,TSLA,0.10640573821931112
2025-11-12,5. Mean Reversion,V,0.14976140187825204
2025-11-12,6. GMVP,AAPL,0.004719358730022356
2025-11-12,6. GMVP,AMZN,0.030066027733706573
2025-11-12,6. GMVP,CASH,-0.00022567624185607454
2025-11-12,6. GMVP,GOOGL,0.048511774000161635
2025-11-12,6. GMVP,JNJ,0.506344338532942
2025-11-12,6. GMVP,JPM,0.08968980479621759
2025-11-12,6. GMVP,META,0.04508341784140531
2025-11-12,6. GMVP,MSFT,0.10598858722994375
2025-11-12,6. GMVP,NVDA,0.0634701924119849
2025-11-12,6. GMVP,V,0.10635217496547186
2025-11-12,7. Inverse Volatility,AAPL,0.10588825988907008
2025-11-12,7. Inverse Volatility,AMZN,0.0507699050462921
2025-11-12,7. Inverse Volatility,CASH,-3.1432239755637164e-05
2025-11-12,7. Inverse Volatility,GOOGL,0.0846453176667206
2025-11-12,7. Inverse Volatility,JNJ,0.21995856841883857
2025-11-12,7. Inverse Volatility,JPM,0.11912134247706246
2025-11-12,7. Inverse Volatility,META,0.05138506443359816
2025-11-12,7. Inverse Volatility,MSFT,0.1305376603062479
2025-11-12,7. Inverse Volatility,NVDA,0.05852599091369807
2025-11-12,7. Inverse Volatility,TSLA,0.04565769494596245
2025-11-12,7. Inverse Volatility,V,0.1335416281422653
2025-11-12,8. Risk Parity,AAPL,0.10028908924402614
2025-11-12,8. Risk Parity,AMZN,0.09837085545157036
2025-11-12,8. Risk Parity,CASH,-2.4133802252372943e-05
2025-11-12,8. Risk Parity,GOOGL,0.10123789384725289
2025-11-12,8. Risk Parity,JNJ,0.10258216668632653
2025-11-12,8. Risk Parity,JPM,0.10039817507837459
2025-11-12,8. Risk Parity,META,0.09644424785263443
2025-11-12,8. Risk Parity,MSFT,0.10129326211641822
2025-11-12,8. Risk Parity,NVDA,0.10141199108919206
2025-11-12,8. Risk Parity,TSLA,0.09870300935382594
2025-11-12,8. Risk Parity,V,0.09929344308263112
2025-11-12,9. Max Diversification,AMZN,0.05368539886341371
2025-11-12,9. Max Diversification,CASH,-0.00010825943648035752
2025-11-12,9. Max Diversification,GOOGL,0.09403112615444616
2025-11-12,9. Max Diversification,JNJ,0.48654636183072436
2025-11-12,9. Max Diversification,JPM,0.015321256824571526
2025-11-12,9. Max Diversification,META,0.0886324539407232
2025-11-12,9. Max Diversification,NVDA,0.11831066608912699
2025-11-12,9. Max Diversification,TSLA,0.0005524917061581404
2025-11-12,9. Max Diversification,V,0.14302849599702278
2025-11-13,1. Buy & Hold,AAPL,0.10225902134431868
2025-11-13,1. Buy & Hold,AMZN,0.09776990724814613
2025-11-13,1. Buy & Hold,CASH,-2.465473202903101e-05
2025-11-13,1. Buy & Hold,GOOGL,0.10048682899573937
2025-11-13,1. Buy & Hold,JNJ,0.10526003915490449
2025-11-13,1. Buy & Hold,JPM,0.09906651413396218
2025-11-13,1. Buy & Hold,META,0.09866837048496523
2025-11-13,1. Buy & Hold,MSFT,0.10189046097664779
2025-11-13,1. Buy & Hold,NVDA,0.09989101316480851
2025-11-13,1. Buy & Hold,TSLA,0.0941339222893056
2025-11-13,1. Buy & Hold,V,0.10059857693923117
2025-11-13,10. Max Decorrelation,AMZN,0.0881883666689257
2025-11-13,10. Max Decorrelation,CASH,-0.00012855186683265106
2025-11-13,10. Max Decorrelation,GOOGL,0.13352306648030332
2025-11-13,10. Max Decorrelation,JNJ,0.3086992427478283
2025-11-13,10. Max Decorrelation,JPM,0.012741331591935743
2025-11-13,10. Max Decorrelation,META,0.1420846445627833
2025-11-13,10. Max Decorrelation,NVDA,0.19172613956415369
2025-11-13,10. Max Decorrelation,TSLA,0.0012475313639589722
2025-11-13,10. Max Decorrelation,V,0.12191822888694372
2025-11-13,11. Sharpe Maximization,AAPL,0.30134953757822175
2025-11-13,11. Sharpe Maximization,AMZN,9.174242496593038e-06
2025-11-13,11. Sharpe Maximization,CASH,-0.000360159224261922
2025-11-13,11. Sharpe Maximization,GOOGL,0.29614228774337464
2025-11-13,11. Sharpe Maximization,JNJ,0.23979505343805882
2025-11-13,11. Sharpe Maximization,JPM,0.15359472038208716
2025-11-13,11. Sharpe Maximization,NVDA,5.9737152089855035e-06
2025-11-13,11. Sharpe Maximization,TSLA,0.009458516881538741
2025-11-13,11. Sharpe Maximization,V,4.895243275282805e-06
2025-11-13,12. CVaR Minimization,AMZN,0.05400500741465796
2025-11-13,12. CVaR Minimization,CASH,-1.5691282220113828e-05
2025-11-13,12. CVaR Minimization,GOOGL,0.27977170823849234
2025-11-13,12. CVaR Minimization,JNJ,0.31034267832620444
2025-11-13,12. CVaR Minimization,NVDA,0.07323327957659544
2025-11-13,12. CVaR Minimization,V,0.28266295005758285
2025-11-13,2. Equal Weight,AAPL,0.10225902134431868
2025-11-13,2. Equal Weight,AMZN,0.09776990724814613
2025-11-13,2. Equal Weight,CASH,-2.4654732029031025e-05
2025-11-13,2. Equal Weight,GOOGL,0.10048682899573937
2025-11-13,2. Equal Weight,JNJ,0.10526003915490449
2025-11-13,2. Equal Weight,JPM,0.09906651413396217
2025-11-13,2. Equal Weight,META,0.09866837048496523
2025-11-13,2. Equal Weight,MSFT,0.10189046097664779
2025-11-13,2. Equal Weight,NVDA,0.09989101316480853
2025-11-13,2. Equal Weight,TSLA,0.09413392228930562
2025-11-13,2. Equal Weight,V,0.10059857693923117
2025-11-13,3. Quintile Momentum,CASH,-4.749910652401917e-06
2025-11-13,3. Quintile Momentum,META,0.49196955542590737
2025-11-13,3. Quintile Momentum,MSFT,0.508035194484745
2025-11-13,4. Quintile Low Vol,CASH,-1.5535360322782878e-05
2025-11-13,4. Quintile Low Vol,JNJ,0.5081410585091188
2025-11-13,4. Quintile Low Vol,MSFT,0.4918744768512039
2025-11-13,5. Mean Reversion,AAPL,0.07151726327633312
2025-11-13,5. Mean Reversion,AMZN,0.07113158494627062
2025-11-13,5. Mean Reversion,CASH,-0.00046625598753187463
2025-11-13,5. Mean Reversion,GOOGL,0.05819231698443736
2025-11-13,5. Mean Reversion,JNJ,0.14054465722700613
2025-11-13,5. Mean Reversion,META,0.1565268331549375
2025-11-13,5. Mean Reversion,MSFT,0.15071115474073088
2025-11-13,5. Mean Reversion,NVDA,0.09965045465302153
2025-11-13,5. Mean Reversion,TSLA,0.10107209844175948
2025-11-13,5. Mean Reversion,V,0.15111989256303543
2025-11-13,6. GMVP,AAPL,0.004747103699664784
2025-11-13,6. GMVP,AMZN,0.029478989515219066
2025-11-13,6. GMVP,CASH,-0.00022743545161716744
2025-11-13,6. GMVP,GOOGL,0.0475018999251714
2025-11-13,6. GMVP,JNJ,0.5125490132663607
2025-11-13,6. GMVP,JPM,0.08730556466174659
2025-11-13,6. GMVP,META,0.04550050767558703
2025-11-13,6. GMVP,MSFT,0.10517435481536624
2025-11-13,6. GMVP,NVDA,0.06167436791496511
2025-11-13,6. GMVP,V,0.10629563397753626
2025-11-13,7. Inverse Volatility,AAPL,0.10732191900875024
2025-11-13,7. Inverse Volatility,AMZN,0.050157719197350376
2025-11-13,7. Inverse Volatility,CASH,-3.191850478331997e-05
2025-11-13,7. Inverse Volatility,GOOGL,0.08351445529865936
2025-11-13,7. Inverse Volatility,JNJ,0.22434955759233471
2025-11-13,7. Inverse Volatility,JPM,0.11683778515626468
2025-11-13,7. Inverse Volatility,META,0.052255403354873435
2025-11-13,7. Inverse Volatility,MSFT,0.13052132301448088
2025-11-13,7. Inverse Volatility,NVDA,0.05730315810515093
2025-11-13,7. Inverse Volatility,TSLA,0.04328350447648024
2025-11-13,7. Inverse Volatility,V,0.13448709330043834
2025-11-13,8. Risk Parity,AAPL,0.10225902134431866
2025-11-13,8. Risk Parity,AMZN,0.0977699072481461
2025-11-13,8. Risk Parity,CASH,-2.4654732029031208e-05
2025-11-13,8. Risk Parity,GOOGL,0.10048682899573937
2025-11-13,8. Risk Parity,JNJ,0.1052600391549045
2025-11-13,8. Risk Parity,JPM,0.09906651413396216
2025-11-13,8. Risk Parity,META,0.09866837048496521
2025-11-13,8. Risk Parity,MSFT,0.10189046097664779
2025-11-13,8. Risk Parity,NVDA,0.09989101316480853
2025-11-13,8. Risk Parity,TSLA,0.0941339222893056
2025-11-13,8. Risk Parity,V,0.10059857693923116
2025-11-13,9. Max Diversification,AMZN,0.052641822624621894
2025-11-13,9. Max Diversification,CASH,-0.00010911294485839081
2025-11-13,9. Max Diversification,GOOGL,0.09208176939761127
2025-11-13,9. Max Diversification,JNJ,0.49255175092189624
2025-11-13,9. Max Diversification,JPM,0.014915280794355605
2025-11-13,9. Max Diversification,META,0.0894603055904449
2025-11-13,9. Max Diversification,NVDA,0.11497329720608045
2025-11-13,9. Max Diversification,TSLA,0.0005198493461003844
2025-11-13,9. Max Diversification,V,0.1429650290944442
2025-11-14,1. Buy & Hold,AAPL,0.10000297925963621
2025-11-14,1. Buy & Hold,AMZN,0.10000297925963621
2025-11-14,1. Buy & Hold,CASH,-2.9792596362239985e-05
2025-11-14,1. Buy & Hold,GOOGL,0.10000297925963621
2025-11-14,1. Buy & Hold,JNJ,0.10000297925963621
2025-11-14,1. Buy & Hold,JPM,0.10000297925963622
2025-11-14,1. Buy & Hold,META,0.10000297925963621
2025-11-14,1. Buy & Hold,MSFT,0.10000297925963621
2025-11-14,1. Buy & Hold,NVDA,0.1000029792596362
2025-11-14,1. Buy & Hold,TSLA,0.1000029792596362
2025-11-14,1. Buy & Hold,V,0.10000297925963622
2025-11-14,10. Max Decorrelation,AAPL,0.0006873313136314833
2025-11-14,10. Max Decorrelation,AMZN,0.09253610744894541
2025-11-14,10. Max Decorrelation,CASH,-0.00011650864618372364
2025-11-14,10. Max Decorrelation,GOOGL,0.10586456799576792
2025-11-14,10. Max Decorrelation,JNJ,0.2890329716787055
2025-11-14,10. Max Decorrelation,JPM,0.025319919222694838
2025-11-14,10. Max Decorrelation,META,0.15721647726398955
2025-11-14,10. Max Decorrelation,NVDA,0.19087823140458304
2025-11-14,10. Max Decorrelation,V,0.13858090231786602
2025-11-14,11. Sharpe Maximization,AAPL,0.2999628602881205
2025-11-14,11. Sharpe Maximization,CASH,-0.00013881378714387704
2025-11-14,11. Sharpe Maximization,GOOGL,0.2999645875188762
2025-11-14,11. Sharpe Maximization,JNJ,0.2999608146322361
2025-11-14,11. Sharpe Maximization,JPM,0.10023444709668597
2025-11-14,11. Sharpe Maximization,TSLA,1.6104251225066758e-05
2025-11-14,12. CVaR Minimization,AAPL,3.841313142907414e-06
2025-11-14,12. CVaR Minimization,AMZN,9.287526730287846e-06
2025-11-14,12. CVaR Minimization,CASH,-0.0005323600967694679
2025-11-14,12. CVaR Minimization,GOOGL,0.2052275274943369
2025-11-14,12. CVaR Minimization,JNJ,0.3001585665866148
2025-11-14,12. CVaR Minimization,META,0.11227148519871094
2025-11-14,12. CVaR Minimization,MSFT,0.13247075883282883
2025-11-14,12. CVaR Minimization,TSLA,1.8725025461068697e-06
2025-11-14,12. CVaR Minimization,V,0.2503889262048678
2025-11-14,2. Equal Weight,AAPL,0.10000297925963623
2025-11-14,2. Equal Weight,AMZN,0.10000297925963623
2025-11-14,2. Equal Weight,CASH,-2.9792596362462057e-05
2025-11-14,2. Equal Weight,GOOGL,0.10000297925963623
2025-11-14,2. Equal Weight,JNJ,0.10000297925963623
2025-11-14,2. Equal Weight,JPM,0.10000297925963623
2025-11-14,2. Equal Weight,META,0.10000297925963623
2025-11-14,2. Equal Weight,MSFT,0.10000297925963623
2025-11-14,2. Equal Weight,NVDA,0.10000297925963623
2025-11-14,2. Equal Weight,TSLA,0.10000297925963623
2025-11-14,2. Equal Weight,V,0.10000297925963623
2025-11-14,3. Quintile Momentum,CASH,-0.0011269728453419108
2025-11-14,3. Quintile Momentum,META,0.500563486422671
2025-11-14,3. Quintile Momentum,V,0.500563486422671
2025-11-14,4. Quintile Low Vol,CASH,-1.2432981001636919e-05
2025-11-14,4. Quintile Low Vol,JNJ,0.5000062164905008
2025-11-14,4. Quintile Low Vol,MSFT,0.5000062164905009
2025-11-14,5. Mean Reversion,AAPL,0.052337211522365805
2025-11-14,5. Mean Reversion,AMZN,0.11024224915164756
2025-11-14,5. Mean Reversion,CASH,-0.000493308226957285
2025-11-14,5. Mean Reversion,GOOGL,0.08848916842119228
2025-11-14,5. Mean Reversion,JPM,0.10704012191478916
2025-11-14,5. Mean Reversion,META,0.1524194895509746
2025-11-14,5. Mean Reversion,MSFT,0.09695407756240805
2025-11-14,5. Mean Reversion,NVDA,0.11236710376532912
2025-11-14,5. Mean Reversion,TSLA,0.13680182225564244
2025-11-14,5. Mean Reversion,V,0.14384206408260822
2025-11-14,6. GMVP,AAPL,0.010293487004931552
2025-11-14,6. GMVP,AMZN,0.030707602189486226
2025-11-14,6. GMVP,CASH,-0.0001985040428275622
2025-11-14,6. GMVP,GOOGL,0.022475792328266162
2025-11-14,6. GMVP,JNJ,0.499796388570832
2025-11-14,6. GMVP,JPM,0.10515872007406588
2025-11-14,6. GMVP,META,0.07406168624572979
2025-11-14,6. GMVP,MSFT,0.05914437417725486
2025-11-14,6. GMVP,NVDA,0.05924617340182952
2025-11-14,6. GMVP,V,0.1393142800504315
2025-11-14,7. Inverse Volatility,AAPL,0.12860842559049637
2025-11-14,7. Inverse Volatility,AMZN,0.05646131646679401
2025-11-14,7. Inverse Volatility,CASH,-0.0001653303943404941
2025-11-14,7. Inverse Volatility,GOOGL,0.07945679143029015
2025-11-14,7. Inverse Volatility,JNJ,0.16138149056037152
2025-11-14,7. Inverse Volatility,JPM,0.12287006804298287
2025-11-14,7. Inverse Volatility,META,0.05664944256897196
2025-11-14,7. Inverse Volatility,MSFT,0.12552981840161057
2025-11-14,7. Inverse Volatility,NVDA,0.05903035590795559
2025-11-14,7. Inverse Volatility,TSLA,0.04797306003986289
2025-11-14,7. Inverse Volatility,V,0.16220456138500455
2025-11-14,8. Risk Parity,AAPL,0.10000297925963625
2025-11-14,8. Risk Parity,AMZN,0.10000297925963625
2025-11-14,8. Risk Parity,CASH,-2.9792596362462155e-05
2025-11-14,8. Risk Parity,GOOGL,0.10000297925963625
2025-11-14,8. Risk Parity,JNJ,0.10000297925963625
2025-11-14,8. Risk Parity,JPM,0.10000297925963625
2025-11-14,8. Risk Parity,META,0.10000297925963625
2025-11-14,8. Risk Parity,MSFT,0.10000297925963625
2025-11-14,8. Risk Parity,NVDA,0.10000297925963625
2025-11-14,8. Risk Parity,TSLA,0.10000297925963625
2025-11-14,8. Risk Parity,V,0.10000297925963625
2025-11-14,9. Max Diversification,AAPL,0.0006381194446739063
2025-11-14,9. Max Diversification,AMZN,0.05780436749427537
2025-11-14,9. Max Diversification,CASH,-0.00015363358574442516
2025-11-14,9. Max Diversification,GOOGL,0.07162794017560392
2025-11-14,9. Max Diversification,JNJ,0.4514593279617399
2025-11-14,9. Max Diversification,JPM,0.029275446024249304
2025-11-14,9. Max Diversification,META,0.10513271946065549
2025-11-14,9. Max Diversification,NVDA,0.11056210520734085
2025-11-14,9. Max Diversification,V,0.17365360779251493
2025-11-17,1. Buy & Hold,AAPL,0.09842918398403812
2025-11-17,1. Buy & Hold,AMZN,0.09947341979573594
2025-11-17,1. Buy & Hold,CASH,-2.9866443149430785e-05
2025-11-17,1. Buy & Hold,GOOGL,0.10337360820740878
2025-11-17,1. Buy & Hold,JNJ,0.10211843968630904
2025-11-17,1. Buy & Hold,JPM,0.09918102067733141
2025-11-17,1. Buy & Hold,META,0.099025396191891
2025-11-17,1. Buy & Hold,MSFT,0.09972226867303406
2025-11-17,1. Buy & Hold,NVDA,0.09836887928582319
2025-11-17,1. Buy & Hold,TSLA,0.1013839004138695
2025-11-17,1. Buy & Hold,V,0.09895374952770838
2025-11-17,10. Max Decorrelation,AAPL,0.000674582954688788
2025-11-17,10. Max Decorrelation,AMZN,0.09178329066740654
2025-11-17,10. Max Decorrelation,CASH,-0.00011646397129161836
2025-11-17,10. Max Decorrelation,GOOGL,0.10912032569163296
2025-11-17,10. Max Decorrelation,JNJ,0.29430450298547817
2025-11-17,10. Max Decorrelation,JPM,0.025040110307453137
2025-11-17,10. Max Decorrelation,META,0.15523512583849272
2025-11-17,10. Max Decorrelation,NVDA,0.1872231183217889
2025-11-17,10. Max Decorrelation,V,0.13673540720435032
2025-11-17,11. Sharpe Maximization,AAPL,0.2920555488555776
2025-11-17,11. Sharpe Maximization,CASH,-0.00013765588555321714
2025-11-17,11. Sharpe Maximization,GOOGL,0.3067282334720434
2025-11-17,11. Sharpe Maximization,JNJ,0.3030001098383017
2025-11-17,11. Sharpe Maximization,JPM,0.098337613306977
2025-11-17,11. Sharpe Maximization,TSLA,1.6150412653369255e-05
2025-11-17,12. CVaR Minimization,AAPL,3.746508965979287e-06
2025-11-17,12. CVaR Minimization,AMZN,9.15440885328446e-06
2025-11-17,12. CVaR Minimization,CASH,-0.0005288308293414136
2025-11-17,12. CVaR Minimization,GOOGL,0.2102173067748643
2025-11-17,12. CVaR Minimization,JNJ,0.3037232878634732
2025-11-17,12. CVaR Minimization,META,0.11016388314810203
2025-11-17,12. CVaR Minimization,MSFT,0.13089870608331217
2025-11-17,12. CVaR Minimization,TSLA,1.88111173018177e-06
2025-11-17,12. CVaR Minimization,V,0.24551077212022818
2025-11-17,2. Equal Weight,AAPL,0.09842918398403815
2025-11-17,2. Equal Weight,AMZN,0.09947341979573596
2025-11-17,2. Equal Weight,CASH,-2.9866443149653405e-05
2025-11-17,2. Equal Weight,GOOGL,0.10337360820740879
2025-11-17,2. Equal Weight,JNJ,0.10211843968630907
2025-11-17,2. Equal Weight,JPM,0.09918102067733141
2025-11-17,2. Equal Weight,META,0.09902539619189102
2025-11-17,2. Equal Weight,MSFT,0.09972226867303408
2025-11-17,2. Equal Weight,NVDA,0.09836887928582322
2025-11-17,2. Equal Weight,TSLA,0.10138390041386952
2025-11-17,2. Equal Weight,V,0.09895374952770838
2025-11-17,3. Quintile Momentum,CASH,-0.001141348647001215
2025-11-17,3. Quintile Momentum,META,0.5007518258224253
2025-11-17,3. Quintile Momentum,V,0.5003895228245759
2025-11-17,4. Quintile Low Vol,CASH,-1.2350500533985753e-05
2025-11-17,4. Quintile Low Vol,JNJ,0.5059420457361165
2025-11-17,4. Quintile Low Vol,MSFT,0.49407030476441743
2025-11-17,5. Mean Reversion,AAPL,0.05164392009432927
2025-11-17,5. Mean Reversion,AMZN,0.10993597934936611
2025-11-17,5. Mean Reversion,CASH,-0.0004957824903296182
2025-11-17,5. Mean Reversion,GOOGL,0.09170320722563588
2025-11-17,5. Mean Reversion,JPM,0.10642898102112114
2025-11-17,5. Mean Reversion,META,0.15131146189737202
2025-11-17,5. Mean Reversion,MSFT,0.09692659683366103
2025-11-17,5. Mean Reversion,NVDA,0.11081068674566212
2025-11-17,5. Mean Reversion,TSLA,0.1390418742720985
2025-11-17,5. Mean Reversion,V,0.14269307505108353
2025-11-17,6. GMVP,AAPL,0.010062854757204604
2025-11-17,6. GMVP,AMZN,0.030338056350833996
2025-11-17,6. GMVP,CASH,-0.00019764791892011767
2025-11-17,6. GMVP,GOOGL,0.02307594446581383
2025-11-17,6. GMVP,JNJ,0.5069114290929974
2025-11-17,6. GMVP,JPM,0.10358781295415755
2025-11-17,6. GMVP,META,0.07284084640819627
2025-11-17,6. GMVP,MSFT,0.05857878909393982
2025-11-17,6. GMVP,NVDA,0.0578832393703952
2025-11-17,6. GMVP,V,0.1369186754253814
2025-11-17,7. Inverse Volatility,AAPL,0.12660362478278495
2025-11-17,7. Inverse Volatility,AMZN,0.056170835359585086
2025-11-17,7. Inverse Volatility,CASH,-0.00016576530078209626
2025-11-17,7. Inverse Volatility,GOOGL,0.08214734523777349
2025-11-17,7. Inverse Volatility,JNJ,0.16482030998364164
2025-11-17,7. Inverse Volatility,JPM,0.12187861374832569
2025-11-17,7. Inverse Volatility,META,0.05610415984192386
2025-11-17,7. Inverse Volatility,MSFT,0.12519641252754832
2025-11-17,7. Inverse Volatility,NVDA,0.058074564136177745
2025-11-17,7. Inverse Volatility,TSLA,0.04864287667178385
2025-11-17,7. Inverse Volatility,V,0.16052702301123742
2025-11-17,8. Risk Parity,AAPL,0.09842918398403815
2025-11-17,8. Risk Parity,AMZN,0.09947341979573598
2025-11-17,8. Risk Parity,CASH,-2.98664431496535e-05
2025-11-17,8. Risk Parity,GOOGL,0.10337360820740879
2025-11-17,8. Risk Parity,JNJ,0.10211843968630907
2025-11-17,8. Risk Parity,JPM,0.09918102067733142
2025-11-17,8. Risk Parity,META,0.09902539619189103
2025-11-17,8. Risk Parity,MSFT,0.09972226867303409
2025-11-17,8. Risk Parity,NVDA,0.09836887928582323
2025-11-17,8. Risk Parity,TSLA,0.10138390041386952
2025-11-17,8. Risk Parity,V,0.0989537495277084
2025-11-17,9. Max Diversification,AAPL,0.0006238653910519994
2025-11-17,9. Max Diversification,AMZN,0.057112705378465814
2025-11-17,9. Max Diversification,CASH,-0.0001529816314541484
2025-11-17,9. Max Diversification,GOOGL,0.07354568006473028
2025-11-17,9. Max Diversification,JNJ,0.4579181228061834
2025-11-17,9. Max Diversification,JPM,0.02884012406858248
2025-11-17,9. Max Diversification,META,0.10340689973664931
2025-11-17,9. Max Diversification,NVDA,0.10802618861730069
2025-11-17,9. Max Diversification,V,0.17067939554362638
2025-11-18,1. Buy & Hold,AAPL,0.09984370128928241
2025-11-18,1. Buy & Hold,AMZN,0.09643848263802865
2025-11-18,1. Buy & Hold,CASH,-3.029791682903168e-05
2025-11-18,1. Buy & Hold,GOOGL,0.10459475590484393
2025-11-18,1. Buy & Hold,JNJ,0.10381172607482027
2025-11-18,1. Buy & Hold,JPM,0.10029229844822067
2025-11-18,1. Buy & Hold,META,0.09973512521873619
2025-11-18,1. Buy & Hold,MSFT,0.0984319788248056
2025-11-18,1. Buy & Hold,NVDA,0.0969877435714702
2025-11-18,1. Buy & Hold,TSLA,0.10091946810063201
2025-11-18,1. Buy & Hold,V,0.09897501784598907
2025-11-18,10. Max Decorrelation,AAPL,0.0006827952301446683
2025-11-18,10. Max Decorrelation,AMZN,0.0887902485356354
2025-11-18,10. Max Decorrelation,CASH,-0.00011789060242532136
2025-11-18,10. Max Decorrelation,GOOGL,0.11017021997017765
2025-11-18,10. Max Decorrelation,JNJ,0.2985365271496
2025-11-18,10. Max Decorrelation,JPM,0.025265830391043027
2025-11-18,10. Max Decorrelation,META,0.15600907947528878
2025-11-18,10. Max Decorrelation,NVDA,0.18419461704920773
2025-11-18,10. Max Decorrelation,V,0.1364685728013282
2025-11-18,11. Sharpe Maximization,AAPL,0.2921783837943644
2025-11-18,11. Sharpe Maximization,CASH,-0.00013772408057757118
2025-11-18,11. Sharpe Maximization,GOOGL,0.3060834315026505
2025-11-18,11. Sharpe Maximization,JNJ,0.30378817191110213
2025-11-18,11. Sharpe Maximization,JPM,0.09807188153777872
2025-11-18,11. Sharpe Maximization,TSLA,1.5855334681938457e-05
2025-11-18,12. CVaR Minimization,AAPL,3.7752057876317445e-06
2025-11-18,12. CVaR Minimization,AMZN,8.816387922066438e-06
2025-11-18,12. CVaR Minimization,CASH,-0.0005329213211972847
2025-11-18,12. CVaR Minimization,GOOGL,0.2112933210798719
2025-11-18,12. CVaR Minimization,JNJ,0.3067166841413617
2025-11-18,12. CVaR Minimization,META,0.11021935132271388
2025-11-18,12. CVaR Minimization,MSFT,0.12835018109281868
2025-11-18,12. CVaR Minimization,TSLA,1.8601056651086446e-06
2025-11-18,12. CVaR Minimization,V,0.24393883875628283
2025-11-18,2. Equal Weight,AAPL,0.09984370128928245
2025-11-18,2. Equal Weight,AMZN,0.09643848263802869
2025-11-18,2. Equal Weight,CASH,-3.029791682925752e-05
2025-11-18,2. Equal Weight,GOOGL,0.10459475590484398
2025-11-18,2. Equal Weight,JNJ,0.10381172607482031
2025-11-18,2. Equal Weight,JPM,0.1002922984482207
2025-11-18,2. Equal Weight,META,0.09973512521873623
2025-11-18,2. Equal Weight,MSFT,0.09843197882480564
2025-11-18,2. Equal Weight,NVDA,0.09698774357147026
2025-11-18,2. Equal Weight,TSLA,0.10091946810063208
2025-11-18,2. Equal Weight,V,0.0989750178459891
2025-11-18,3. Quintile Momentum,CASH,-0.001153592207631059
2025-11-18,3. Quintile Momentum,META,0.5024916058235223
2025-11-18,3. Quintile Momentum,V,0.49866198638410886
2025-11-18,4. Quintile Low Vol,CASH,-1.2503961819969686e-05
2025-11-18,4. Quintile Low Vol,JNJ,0.5133065782403574
2025-11-18,4. Quintile Low Vol,MSFT,0.4867059257214625
2025-11-18,5. Mean Reversion,AAPL,0.052526604854697484
2025-11-18,5. Mean Reversion,AMZN,0.10686771205145888
2025-11-18,5. Mean Reversion,CASH,-0.0005042939885463278
2025-11-18,5. Mean Reversion,GOOGL,0.09303537286269072
2025-11-18,5. Mean Reversion,JPM,0.10791014034802335
2025-11-18,5. Mean Reversion,META,0.15280470193438897
2025-11-18,5. Mean Reversion,MSFT,0.09592910060997721
2025-11-18,5. Mean Reversion,NVDA,0.10954791613968315
2025-11-18,5. Mean Reversion,TSLA,0.1387761750317031
2025-11-18,5. Mean Reversion,V,0.1431065701559236
2025-11-18,6. GMVP,AAPL,0.010126097547907222
2025-11-18,6. GMVP,AMZN,0.029177977714292713
2025-11-18,6. GMVP,CASH,-0.0001989049654924958
2025-11-18,6. GMVP,GOOGL,0.023162414823827235
2025-11-18,6. GMVP,JNJ,0.5112089394508837
2025-11-18,6. GMVP,JPM,0.10391345617811165
2025-11-18,6. GMVP,META,0.07277808888619408
2025-11-18,6. GMVP,MSFT,0.057359924454857845
2025-11-18,6. GMVP,NVDA,0.05661559485528944
2025-11-18,6. GMVP,V,0.13585641105412855
2025-11-18,7. Inverse Volatility,AAPL,0.12804520946174194
2025-11-18,7. Inverse Volatility,AMZN,0.05429684682188792
2025-11-18,7. Inverse Volatility,CASH,-0.00016766534135428116
2025-11-18,7. Inverse Volatility,GOOGL,0.08287321272631316
2025-11-18,7. Inverse Volatility,JNJ,0.16706034557641575
2025-11-18,7. Inverse Volatility,JPM,0.12288161883011985
2025-11-18,7. Inverse Volatility,META,0.05634002287236156
2025-11-18,7. Inverse Volatility,MSFT,0.12321295051143195
2025-11-18,7. Inverse Volatility,NVDA,0.05709071711120313
2025-11-18,7. Inverse Volatility,TSLA,0.048277593691706804
2025-11-18,7. Inverse Volatility,V,0.1600891477381723
2025-11-18,8. Risk Parity,AAPL,0.09984370128928244
2025-11-18,8. Risk Parity,AMZN,0.09643848263802868
2025-11-18,8. Risk Parity,CASH,-3.0297916829257612e-05
2025-11-18,8. Risk Parity,GOOGL,0.10459475590484395
2025-11-18,8. Risk Parity,JNJ,0.10381172607482028
2025-11-18,8. Risk Parity,JPM,0.1002922984482207
2025-11-18,8. Risk Parity,META,0.09973512521873622
2025-11-18,8. Risk Parity,MSFT,0.09843197882480563
2025-11-18,8. Risk Parity,NVDA,0.09698774357147025
2025-11-18,8. Risk Parity,TSLA,0.10091946810063206
2025-11-18,8. Risk Parity,V,0.0989750178459891
2025-11-18,9. Max Diversification,AAPL,0.0006288626092498124
2025-11-18,9. Max Diversification,AMZN,0.05502298465266976
2025-11-18,9. Max Diversification,CASH,-0.0001542185602401309
2025-11-18,9. Max Diversification,GOOGL,0.07394784043148184
2025-11-18,9. Max Diversification,JNJ,0.462592050536997
2025-11-18,9. Max Diversification,JPM,0.02898039010986992
2025-11-18,9. Max Diversification,META,0.10349494978247531
2025-11-18,9. Max Diversification,NVDA,0.10584157101420759
2025-11-18,9. Max Diversification,V,0.16964556939869413
2025-11-19,1. Buy & Hold,AAPL,0.09946529143973425
2025-11-19,1. Buy & Hold,AMZN,0.09573250161854342
2025-11-19,1. Buy & Hold,CASH,-3.005721179875277e-05
2025-11-19,1. Buy & Hold,GOOGL,0.10687728947624844
2025-11-19,1. Buy & Hold,JNJ,0.1042794693832638
2025-11-19,1. Buy & Hold,JPM,0.10077821386501488
2025-11-19,1. Buy & Hold,META,0.09772272470255376
2025-11-19,1. Buy & Hold,MSFT,0.09633094241180795
2025-11-19,1. Buy & Hold,NVDA,0.09895475724786576
2025-11-19,1. Buy & Hold,TSLA,0.10080137242227136
2025-11-19,1. Buy & Hold,V,0.09908749464449515
2025-11-19,10. Max Decorrelation,AAPL,0.000677522421458588
2025-11-19,10. Max Decorrelation,AMZN,0.08779233844600773
2025-11-19,10. Max Decorrelation,CASH,-0.00011649235251890259
2025-11-19,10. Max Decorrelation,GOOGL,0.11213005706899301
2025-11-19,10. Max Decorrelation,JNJ,0.2986979095590805
2025-11-19,10. Max Decorrelation,JPM,0.02528802750563749
2025-11-19,10. Max Decorrelation,META,0.15225782120336614
2025-11-19,10. Max Decorrelation,NVDA,0.1871884562133049
2025-11-19,10. Max Decorrelation,V,0.13608435993467047
2025-11-19,11. Sharpe Maximization,AAPL,0.2889279864091612
2025-11-19,11. Sharpe Maximization,CASH,-0.00013562396771260243
2025-11-19,11. Sharpe Maximization,GOOGL,0.3104602359775176
2025-11-19,11. Sharpe Maximization,JNJ,0.30291020318948464
2025-11-19,11. Sharpe Maximization,JPM,0.09782147821036255
2025-11-19,11. Sharpe Maximization,TSLA,1.5720181186631313e-05
2025-11-19,12. CVaR Minimization,AAPL,3.755974607785982e-06
2025-11-19,12. CVaR Minimization,AMZN,8.740390983798168e-06
2025-11-19,12. CVaR Minimization,CASH,-0.0005279954118988188
2025-11-19,12. CVaR Minimization,GOOGL,0.21562167724579193
2025-11-19,12. CVaR Minimization,JNJ,0.30769534869781795
2025-11-19,12. CVaR Minimization,META,0.10785403841057142
2025-11-19,12. CVaR Minimization,MSFT,0.12544611298810618
2025-11-19,12. CVaR Minimization,TSLA,1.8554969205299118e-06
2025-11-19,12. CVaR Minimization,V,0.24389637264926214
2025-11-19,2. Equal Weight,AAPL,0.09946529143973429
2025-11-19,2. Equal Weight,AMZN,0.09573250161854346
2025-11-19,2. Equal Weight,CASH,-3.005721179897682e-05
2025-11-19,2. Equal Weight,GOOGL,0.10687728947624849
2025-11-19,2. Equal Weight,JNJ,0.10427946938326382
2025-11-19,2. Equal Weight,JPM,0.10077821386501491
2025-11-19,2. Equal Weight,META,0.0977227247025538
2025-11-19,2. Equal Weight,MSFT,0.09633094241180798
2025-11-19,2. Equal Weight,NVDA,0.09895475724786582
2025-11-19,2. Equal Weight,TSLA,0.1008013724222714
2025-11-19,2. Equal Weight,V,0.09908749464449516
2025-11-19,3. Quintile Momentum,CASH,-0.001155477371313741
2025-11-19,3. Quintile Momentum,META,0.49710650912435805
2025-11-19,3. Quintile Momentum,V,0.5040489682469557
2025-11-19,4. Quintile Low Vol,CASH,-1.2505616468375069e-05
2025-11-19,4. Quintile Low Vol,JNJ,0.519817354090468
2025-11-19,4. Quintile Low Vol,MSFT,0.48019515152600023
2025-11-19,5. Mean Reversion,AAPL,0.052397380857744494
2025-11-19,5. Mean Reversion,AMZN,0.10622699890207422
2025-11-19,5. Mean Reversion,CASH,-0.0005009554145101495
2025-11-19,5. Mean Reversion,GOOGL,0.09519255512412104
2025-11-19,5. Mean Reversion,JPM,0.1085777133601325
2025-11-19,5. Mean Reversion,META,0.14992135872563508
2025-11-19,5. Mean Reversion,MSFT,0.094006812450632
2025-11-19,5. Mean Reversion,NVDA,0.11191886678815753
2025-11-19,5. Mean Reversion,TSLA,0.1387988176907747
2025-11-19,5. Mean Reversion,V,0.14346045151523856
2025-11-19,6. GMVP,AAPL,0.010070884287670485
2025-11-19,6. GMVP,AMZN,0.028916041509961396
2025-11-19,6. GMVP,CASH,-0.0001969954338000908
2025-11-19,6. GMVP,GOOGL,0.023628381142853004
2025-11-19,6. GMVP,JNJ,0.5126553008032767
2025-11-19,6. GMVP,JPM,0.10424265747691548
2025-11-19,6. GMVP,META,0.07119060592060987
2025-11-19,6. GMVP,MSFT,0.05604189031527959
2025-11-19,6. GMVP,NVDA,0.05766741830586458
2025-11-19,6. GMVP,V,0.13578381567136885
2025-11-19,7. Inverse Volatility,AAPL,0.12758649684717435
2025-11-19,7. Inverse Volatility,AMZN,0.05391059682675059
2025-11-19,7. Inverse Volatility,CASH,-0.0001663679675484807
2025-11-19,7. Inverse Volatility,GOOGL,0.08469937131314327
2025-11-19,7. Inverse Volatility,JNJ,0.16784803720066974
2025-11-19,7. Inverse Volatility,JPM,0.12350271008661116
2025-11-19,7. Inverse Volatility,META,0.05521472839644819
2025-11-19,7. Inverse Volatility,MSFT,0.12060809047723377
2025-11-19,7. Inverse Volatility,NVDA,0.05826071516696441
2025-11-19,7. Inverse Volatility,TSLA,0.0482311479429381
2025-11-19,7. Inverse Volatility,V,0.160304473709615
2025-11-19,8. Risk Parity,AAPL,0.09946529143973426
2025-11-19,8. Risk Parity,AMZN,0.09573250161854345
2025-11-19,8. Risk Parity,CASH,-3.0057211798976907e-05
2025-11-19,8. Risk Parity,GOOGL,0.10687728947624846
2025-11-19,8. Risk Parity,JNJ,0.1042794693832638
2025-11-19,8. Risk Parity,JPM,0.1007782138650149
2025-11-19,8. Risk Parity,META,0.09772272470255379
2025-11-19,8. Risk Parity,MSFT,0.09633094241180795
2025-11-19,8. Risk Parity,NVDA,0.0989547572478658
2025-11-19,8. Risk Parity,TSLA,0.10080137242227138
2025-11-19,8. Risk Parity,V,0.09908749464449516
2025-11-19,9. Max Diversification,AAPL,0.00062417873957629
2025-11-19,9. Max Diversification,AMZN,0.05441961876406612
2025-11-19,9. Max Diversification,CASH,-0.0001524315543640535
2025-11-19,9. Max Diversification,GOOGL,0.07528411113494662
2025-11-19,9. Max Diversification,JNJ,0.46297002893911365
2025-11-19,9. Max Diversification,JPM,0.029013866685379704
2025-11-19,9. Max Diversification,META,0.1010343146197012
2025-11-19,9. Max Diversification,NVDA,0.107591611169188
2025-11-19,9. Max Diversification,V,0.16921470147791676
2025-11-20,1. Buy & Hold,AAPL,0.09992161109961102
2025-11-20,1. Buy & Hold,AMZN,0.09458844940768532
2025-11-20,1. Buy & Hold,CASH,-3.0457080539662792e-05
2025-11-20,1. Buy & Hold,GOOGL,0.10705640624354215
2025-11-20,1. Buy & Hold,JNJ,0.10595896022831797
2025-11-20,1. Buy & Hold,JPM,0.10047233498057861
2025-11-20,1. Buy & Hold,META,0.09882652672486872
2025-11-20,1. Buy & Hold,MSFT,0.09587112694560036
2025-11-20,1. Buy & Hold,NVDA,0.09711018370421876
2025-11-20,1. Buy & Hold,TSLA,0.09992756677292293
2025-11-20,1. Buy & Hold,V,0.10029729097319383
2025-11-20,10. Max Decorrelation,AAPL,0.0006780768783741983
2025-11-20,10. Max Decorrelation,AMZN,0.08641770146456705
2025-11-20,10. Max Decorrelation,CASH,-0.00011759920646784029
2025-11-20,10. Max Decorrelation,GOOGL,0.1118965426351319
2025-11-20,10. Max Decorrelation,JNJ,0.30236982865532736
2025-11-20,10. Max Decorrelation,JPM,0.025116677487104114
2025-11-20,10. Max Decorrelation,META,0.15339986271063355
2025-11-20,10. Max Decorrelation,NVDA,0.18300988825443618
2025-11-20,10. Max Decorrelation,V,0.13722902112089344
2025-11-20,11. Sharpe Maximization,AAPL,0.28840037729465823
2025-11-20,11. Sharpe Maximization,CASH,-0.0001365508383125395
2025-11-20,11. Sharpe Maximization,GOOGL,0.30899507520081254
2025-11-20,11. Sharpe Maximization,JNJ,0.30582368889854766
2025-11-20,11. Sharpe Maximization,JPM,0.09690192503081893
2025-11-20,11. Sharpe Maximization,TSLA,1.5484413475335726e-05
2025-11-20,12. CVaR Minimization,AAPL,3.7398942191597558e-06
2025-11-20,12. CVaR Minimization,AMZN,8.559696404888233e-06
2025-11-20,12. CVaR Minimization,CASH,-0.0005302962200798955
2025-11-20,12. CVaR Minimization,GOOGL,0.21407623201380033
2025-11-20,12. CVaR Minimization,JNJ,0.3098907472541958
2025-11-20,12. CVaR Minimization,META,0.10810933070174972
2025-11-20,12. CVaR Minimization,MSFT,0.12374510688284096
2025-11-20,12. CVaR Minimization,TSLA,1.8231731149489374e-06
2025-11-20,12. CVaR Minimization,V,0.2446946641533498
2025-11-20,2. Equal Weight,AAPL,0.09992161109961105
2025-11-20,2. Equal Weight,AMZN,0.09458844940768535
2025-11-20,2. Equal Weight,CASH,-3.0457080539889814e-05
2025-11-20,2. Equal Weight,GOOGL,0.10705640624354218
2025-11-20,2. Equal Weight,JNJ,0.105958960228318
2025-11-20,2. Equal Weight,JPM,0.10047233498057861
2025-11-20,2. Equal Weight,META,0.09882652672486876
2025-11-20,2. Equal Weight,MSFT,0.09587112694560039
2025-11-20,2. Equal Weight,NVDA,0.0971101837042188
2025-11-20,2. Equal Weight,TSLA,0.09992756677292297
2025-11-20,2. Equal Weight,V,0.10029729097319384
2025-11-20,3. Quintile Momentum,CASH,-0.0011572474378139723
2025-11-20,3. Quintile Momentum,META,0.49688126018021705
2025-11-20,3. Quintile Momentum,V,0.5042759872575969
2025-11-20,4. Quintile Low Vol,CASH,-1.2595409333349592e-05
2025-11-20,4. Quintile Low Vol,JNJ,0.5249975180037845
2025-11-20,4. Quintile Low Vol,MSFT,0.4750150774055489
2025-11-20,5. Mean Reversion,AAPL,0.052716785421822836
2025-11-20,5. Mean Reversion,AMZN,0.10511509402802181
2025-11-20,5. Mean Reversion,CASH,-0.0005083819560877878
2025-11-20,5. Mean Reversion,GOOGL,0.09549523159192881
2025-11-20,5. Mean Reversion,JPM,0.1084106634926087
2025-11-20,5. Mean Reversion,META,0.15184236067323204
2025-11-20,5. Mean Reversion,MSFT,0.09369853985307854
2025-11-20,5. Mean Reversion,NVDA,0.10999751521253652
2025-11-20,5. Mean Reversion,TSLA,0.13780218595409202
2025-11-20,5. Mean Reversion,V,0.14543000572876655
2025-11-20,6. GMVP,AAPL,0.010028859119377906
2025-11-20,6. GMVP,AMZN,0.028321326716612232
2025-11-20,6. GMVP,CASH,-0.00019787539554765558
2025-11-20,6. GMVP,GOOGL,0.02346157986072688
2025-11-20,6. GMVP,JNJ,0.5163692640776313
2025-11-20,6. GMVP,JPM,0.10301995814221203
2025-11-20,6. GMVP,META,0.07136687992946758
2025-11-20,6. GMVP,MSFT,0.05528799687257383
2025-11-20,6. GMVP,NVDA,0.05609894102544339
2025-11-20,6. GMVP,V,0.13624306965150243
2025-11-20,7. Inverse Volatility,AAPL,0.12779988824048633
2025-11-20,7. Inverse Volatility,AMZN,0.05311176459032032
2025-11-20,7. Inverse Volatility,CASH,-0.0001680920538658848
2025-11-20,7. Inverse Volatility,GOOGL,0.0845951196002094
2025-11-20,7. Inverse Volatility,JNJ,0.17005642106534888
2025-11-20,7. Inverse Volatility,JPM,0.12277055487876729
2025-11-20,7. Inverse Volatility,META,0.05567635529128962
2025-11-20,7. Inverse Volatility,MSFT,0.11968407221823554
2025-11-20,7. Inverse Volatility,NVDA,0.057008787192716424
2025-11-20,7. Inverse Volatility,TSLA,0.04767430368115716
2025-11-20,7. Inverse Volatility,V,0.1617908252953349
2025-11-20,8. Risk Parity,AAPL,0.09992161109961102
2025-11-20,8. Risk Parity,AMZN,0.09458844940768532
2025-11-20,8. Risk Parity,CASH,-3.0457080539889905e-05
2025-11-20,8. Risk Parity,GOOGL,0.10705640624354218
2025-11-20,8. Risk Parity,JNJ,0.10595896022831797
2025-11-20,8. Risk Parity,JPM,0.10047233498057863
2025-11-20,8. Risk Parity,META,0.09882652672486873
2025-11-20,8. Risk Parity,MSFT,0.09587112694560038
2025-11-20,8. Risk Parity,NVDA,0.0971101837042188
2025-11-20,8. Risk Parity,TSLA,0.09992756677292296
2025-11-20,8. Risk Parity,V,0.10029729097319384
2025-11-20,9. Max Diversification,AAPL,0.000622036964574078
2025-11-20,9. Max Diversification,AMZN,0.05334006573415226
2025-11-20,9. Max Diversification,CASH,-0.00015322647530298795
2025-11-20,9. Max Diversification,GOOGL,0.07480832138593714
2025-11-20,9. Max Diversification,JNJ,0.4666713138049043
2025-11-20,9. Max Diversification,JPM,0.02869490576705043
2025-11-20,9. Max Diversification,META,0.1013599103432356
2025-11-20,9. Max Diversification,NVDA,0.10474320586838193
2025-11-20,9. Max Diversification,V,0.1699134665829973
2025-11-21,1. Buy & Hold,AAPL,0.10000391582544396
2025-11-21,1. Buy & Hold,AMZN,0.10000391582544396
2025-11-21,1. Buy & Hold,CASH,-3.915825443957718e-05
2025-11-21,1. Buy & Hold,GOOGL,0.10000391582544396
2025-11-21,1. Buy & Hold,JNJ,0.10000391582544396
2025-11-21,1. Buy & Hold,JPM,0.10000391582544396
2025-11-21,1. Buy & Hold,META,0.10000391582544396
2025-11-21,1. Buy & Hold,MSFT,0.10000391582544396
2025-11-21,1. Buy & Hold,NVDA,0.10000391582544395
2025-11-21,1. Buy & Hold,TSLA,0.10000391582544395
2025-11-21,1. Buy & Hold,V,0.10000391582544398
2025-11-21,10. Max Decorrelation,AAPL,0.009882173011909105
2025-11-21,10. Max Decorrelation,AMZN,0.08036287253581924
2025-11-21,10. Max Decorrelation,CASH,-0.00013993574240074488
2025-11-21,10. Max Decorrelation,GOOGL,0.09555741890062212
2025-11-21,10. Max Decorrelation,JNJ,0.27558332301451666
2025-11-21,10. Max Decorrelation,JPM,0.03425094681437952
2025-11-21,10. Max Decorrelation,META,0.18843754517449673
2025-11-21,10. Max Decorrelation,NVDA,0.16947881344249655
2025-11-21,10. Max Decorrelation,V,0.14658684284816081
2025-11-21,11. Sharpe Maximization,AAPL,0.3000844934656323
2025-11-21,11. Sharpe Maximization,AMZN,9.935903465976417e-06
2025-11-21,11. Sharpe Maximization,CASH,-0.0002526250753076786
2025-11-21,11. Sharpe Maximization,GOOGL,0.30009220319422614
2025-11-21,11. Sharpe Maximization,JNJ,0.30008392051883714
2025-11-21,11. Sharpe Maximization,JPM,5.655774868001735e-06
2025-11-21,11. Sharpe Maximization,META,2.102821901192857e-06
2025-11-21,11. Sharpe Maximization,MSFT,0.09627764547966869
2025-11-21,11. Sharpe Maximization,NVDA,8.26849975186074e-06
2025-11-21,11. Sharpe Maximization,TSLA,0.0036817266863571384
2025-11-21,11. Sharpe Maximization,V,6.672730599300527e-06
2025-11-21,12. CVaR Minimization,AAPL,1.9215485658736904e-06
2025-11-21,12. CVaR Minimization,AMZN,8.524894684398394e-06
2025-11-21,12. CVaR Minimization,CASH,-5.129109747181968e-05
2025-11-21,12. CVaR Minimization,GOOGL,0.21608061222741962
2025-11-21,12. CVaR Minimization,JNJ,0.3000171073401991
2025-11-21,12. CVaR Minimization,JPM,1.3115035945655753e-06
2025-11-21,12. CVaR Minimization,META,0.12644067854488425
2025-11-21,12. CVaR Minimization,MSFT,0.11512256901659489
2025-11-21,12. CVaR Minimization,TSLA,7.5462651062830135e-06
2025-11-21,12. CVaR Minimization,V,0.2423710197564229
2025-11-21,2. Equal Weight,AAPL,0.10000391582544393
2025-11-21,2. Equal Weight,AMZN,0.10000391582544393
2025-11-21,2. Equal Weight,CASH,-3.915825443935515e-05
2025-11-21,2. Equal Weight,GOOGL,0.10000391582544392
2025-11-21,2. Equal Weight,JNJ,0.10000391582544393
2025-11-21,2. Equal Weight,JPM,0.10000391582544393
2025-11-21,2. Equal Weight,META,0.10000391582544393
2025-11-21,2. Equal Weight,MSFT,0.10000391582544393
2025-11-21,2. Equal Weight,NVDA,0.10000391582544393
2025-11-21,2. Equal Weight,TSLA,0.10000391582544393
2025-11-21,2. Equal Weight,V,0.10000391582544393
2025-11-21,3. Quintile Momentum,CASH,-0.0011144578478442502
2025-11-21,3. Quintile Momentum,META,0.5005572289239221
2025-11-21,3. Quintile Momentum,MSFT,0.5005572289239221
2025-11-21,4. Quintile Low Vol,CASH,-0.001096684178643319
2025-11-21,4. Quintile Low Vol,JNJ,0.5005483420893216
2025-11-21,4. Quintile Low Vol,V,0.5005483420893216
2025-11-21,5. Mean Reversion,AAPL,0.08504084229033128
2025-11-21,5. Mean Reversion,AMZN,0.13691130962142709
2025-11-21,5. Mean Reversion,CASH,-0.00023979734925629935
2025-11-21,5. Mean Reversion,GOOGL,0.0664498620784579
2025-11-21,5. Mean Reversion,JPM,0.1228106254499141
2025-11-21,5. Mean Reversion,META,0.12466522825328923
2025-11-21,5. Mean Reversion,MSFT,0.1226741808882882
2025-11-21,5. Mean Reversion,NVDA,0.10724267699544987
2025-11-21,5. Mean Reversion,TSLA,0.12224898849561629
2025-11-21,5. Mean Reversion,V,0.11219608327648231
2025-11-21,6. GMVP,AAPL,0.02144341972965889
2025-11-21,6. GMVP,AMZN,0.020857290711766723
2025-11-21,6. GMVP,CASH,-0.00014337122291024082
2025-11-21,6. GMVP,GOOGL,0.013787547203280869
2025-11-21,6. GMVP,JNJ,0.47851343813646946
2025-11-21,6. GMVP,JPM,0.11286988194623061
2025-11-21,6. GMVP,META,0.10190033243679192
2025-11-21,6. GMVP,MSFT,0.05641580606038734
2025-11-21,6. GMVP,NVDA,0.046475377313197064
2025-11-21,6. GMVP,V,0.1478802776851275
2025-11-21,7. Inverse Volatility,AAPL,0.158832833025592
2025-11-21,7. Inverse Volatility,AMZN,0.053480936681177774
2025-11-21,7. Inverse Volatility,CASH,-8.588142523695993e-05
2025-11-21,7. Inverse Volatility,GOOGL,0.07329060849040941
2025-11-21,7. Inverse Volatility,JNJ,0.15304926146967507
2025-11-21,7. Inverse Volatility,JPM,0.12511547919589847
2025-11-21,7. Inverse Volatility,META,0.05852318185434416
2025-11-21,7. Inverse Volatility,MSFT,0.11102460539826088
2025-11-21,7. Inverse Volatility,NVDA,0.053986809734367334
2025-11-21,7. Inverse Volatility,TSLA,0.04934909726715832
2025-11-21,7. Inverse Volatility,V,0.16343306830835364
2025-11-21,8. Risk Parity,AAPL,0.10000391582544395
2025-11-21,8. Risk Parity,AMZN,0.10000391582544395
2025-11-21,8. Risk Parity,CASH,-3.915825443935511e-05
2025-11-21,8. Risk Parity,GOOGL,0.10000391582544396
2025-11-21,8. Risk Parity,JNJ,0.10000391582544395
2025-11-21,8. Risk Parity,JPM,0.10000391582544395
2025-11-21,8. Risk Parity,META,0.10000391582544395
2025-11-21,8. Risk Parity,MSFT,0.10000391582544395
2025-11-21,8. Risk Parity,NVDA,0.10000391582544395
2025-11-21,8. Risk Parity,TSLA,0.10000391582544395
2025-11-21,8. Risk Parity,V,0.10000391582544395
2025-11-21,9. Max Diversification,AAPL,0.009398691198152453
2025-11-21,9. Max Diversification,AMZN,0.05012251756693684
2025-11-21,9. Max Diversification,CASH,-0.00013927402556381175
2025-11-21,9. Max Diversification,GOOGL,0.0651908773799785
2025-11-21,9. Max Diversification,JNJ,0.42403172534070355
2025-11-21,9. Max Diversification,JPM,0.0388492705159457
2025-11-21,9. Max Diversification,META,0.13167265408493484
2025-11-21,9. Max Diversification,NVDA,0.09759894253532601
2025-11-21,9. Max Diversification,V,0.18327459222500334
2025-11-24,1. Buy & Hold,AAPL,0.09921800172610681
2025-11-24,1. Buy & Hold,AMZN,0.10009782653115086
2025-11-24,1. Buy & Hold,CASH,-3.822675650913019e-05
2025-11-24,1. Buy & Hold,GOOGL,0.10378888942900137
2025-11-24,1. Buy & Hold,JNJ,0.0986544149063596
2025-11-24,1. Buy & Hold,JPM,0.09761846759221887
2025-11-24,1. Buy & Hold,META,0.10071353470840103
2025-11-24,1. Buy & Hold,MSFT,0.09801376574867549
2025-11-24,1. Buy & Hold,NVDA,0.0996279475009891
2025-11-24,1. Buy & Hold,TSLA,0.10428745431405373
2025-11-24,1. Buy & Hold,V,0.09801792429955244
2025-11-24,10. Max Decorrelation,AAPL,0.009835286849399315
2025-11-24,10. Max Decorrelation,AMZN,0.08069083345961973
2025-11-24,10. Max Decorrelation,CASH,-0.00013703575286401395
2025-11-24,10. Max Decorrelation,GOOGL,0.09948540612480514
2025-11-24,10. Max Decorrelation,JNJ,0.272717846972502
2025-11-24,10. Max Decorrelation,JPM,0.033538888754485546
2025-11-24,10. Max Decorrelation,META,0.19037038062101802
2025-11-24,10. Max Decorrelation,NVDA,0.16937164272751498
2025-11-24,10. Max Decorrelation,V,0.14412675024351937
2025-11-24,11. Sharpe Maximization,AAPL,0.29677719940797326
2025-11-24,11. Sharpe Maximization,AMZN,9.913534283799718e-06
2025-11-24,11. Sharpe Maximization,CASH,-0.0002458295521965986
2025-11-24,11. Sharpe Maximization,GOOGL,0.31045744485568494
2025-11-24,11. Sharpe Maximization,JNJ,0.29509085604439017
2025-11-24,11. Sharpe Maximization,JPM,5.503267223852862e-06
2025-11-24,11. Sharpe Maximization,META,2.1109931887455026e-06
2025-11-24,11. Sharpe Maximization,MSFT,0.09406088012490688
2025-11-24,11. Sharpe Maximization,NVDA,8.211157884384469e-06
2025-11-24,11. Sharpe Maximization,TSLA,0.003827190797188324
2025-11-24,11. Sharpe Maximization,V,6.519369472104715e-06
2025-11-24,12. CVaR Minimization,AAPL,1.910413236285927e-06
2025-11-24,12. CVaR Minimization,AMZN,8.550650335409656e-06
2025-11-24,12. CVaR Minimization,CASH,-5.017514092064472e-05
2025-11-24,12. CVaR Minimization,GOOGL,0.2247253904183091
2025-11-24,12. CVaR Minimization,JNJ,0.296584207272307
2025-11-24,12. CVaR Minimization,JPM,1.2828826985629173e-06
2025-11-24,12. CVaR Minimization,META,0.12760277917130078
2025-11-24,12. CVaR Minimization,MSFT,0.11306625950396944
2025-11-24,12. CVaR Minimization,TSLA,7.885869786329854e-06
2025-11-24,12. CVaR Minimization,V,0.23805190895897774
2025-11-24,2. Equal Weight,AAPL,0.09921800172610677
2025-11-24,2. Equal Weight,AMZN,0.10009782653115082
2025-11-24,2. Equal Weight,CASH,-3.822675650891344e-05
2025-11-24,2. Equal Weight,GOOGL,0.10378888942900132
2025-11-24,2. Equal Weight,JNJ,0.09865441490635955
2025-11-24,2. Equal Weight,JPM,0.09761846759221883
2025-11-24,2. Equal Weight,META,0.10071353470840098
2025-11-24,2. Equal Weight,MSFT,0.09801376574867543
2025-11-24,2. Equal Weight,NVDA,0.09962794750098908
2025-11-24,2. Equal Weight,TSLA,0.10428745431405372
2025-11-24,2. Equal Weight,V,0.09801792429955238
2025-11-24,3. Quintile Momentum,CASH,-0.0010949360950857777
2025-11-24,3. Quintile Momentum,META,0.5073475529578486
2025-11-24,3. Quintile Momentum,MSFT,0.49374738313723704
2025-11-24,4. Quintile Low Vol,CASH,-0.0010887445105172509
2025-11-24,4. Quintile Low Vol,JNJ,0.5021642837919649
2025-11-24,4. Quintile Low Vol,V,0.4989244607185524
2025-11-24,5. Mean Reversion,AAPL,0.08436409421876814
2025-11-24,5. Mean Reversion,AMZN,0.1370261928098973
2025-11-24,5. Mean Reversion,CASH,-0.00023406966265892515
2025-11-24,5. Mean Reversion,GOOGL,0.06895798582177558
2025-11-24,5. Mean Reversion,JPM,0.11986918375306657
2025-11-24,5. Mean Reversion,META,0.1255373029679686
2025-11-24,5. Mean Reversion,MSFT,0.12022086853943656
2025-11-24,5. Mean Reversion,NVDA,0.10682882424184584
2025-11-24,5. Mean Reversion,TSLA,0.12747263397624117
2025-11-24,5. Mean Reversion,V,0.10995698333365915
2025-11-24,6. GMVP,AAPL,0.021539500743912716
2025-11-24,6. GMVP,AMZN,0.02113652814464619
2025-11-24,6. GMVP,CASH,-0.00014170142968911512
2025-11-24,6. GMVP,GOOGL,0.014487351170840723
2025-11-24,6. GMVP,JNJ,0.4779272287563287
2025-11-24,6. GMVP,JPM,0.1115478404734578
2025-11-24,6. GMVP,META,0.10389976125491908
2025-11-24,6. GMVP,MSFT,0.05598078489040534
2025-11-24,6. GMVP,NVDA,0.046876504302383534
2025-11-24,6. GMVP,V,0.14674620169279498
2025-11-24,7. Inverse Volatility,AAPL,0.15863169105849884
2025-11-24,7. Inverse Volatility,AMZN,0.053886856323714434
2025-11-24,7. Inverse Volatility,CASH,-8.439555450187112e-05
2025-11-24,7. Inverse Volatility,GOOGL,0.07656995431955929
2025-11-24,7. Inverse Volatility,JNJ,0.15198718073942152
2025-11-24,7. Inverse Volatility,JPM,0.12294255237899417
2025-11-24,7. Inverse Volatility,META,0.05933008417797752
2025-11-24,7. Inverse Volatility,MSFT,0.10953817712320571
2025-11-24,7. Inverse Volatility,NVDA,0.054141220674817137
2025-11-24,7. Inverse Volatility,TSLA,0.05180485645317053
2025-11-24,7. Inverse Volatility,V,0.16125182230514262
2025-11-24,8. Risk Parity,AAPL,0.09921800172610677
2025-11-24,8. Risk Parity,AMZN,0.10009782653115083
2025-11-24,8. Risk Parity,CASH,-3.82267565089134e-05
2025-11-24,8. Risk Parity,GOOGL,0.10378888942900134
2025-11-24,8. Risk Parity,JNJ,0.09865441490635957
2025-11-24,8. Risk Parity,JPM,0.09761846759221884
2025-11-24,8. Risk Parity,META,0.10071353470840098
2025-11-24,8. Risk Parity,MSFT,0.09801376574867544
2025-11-24,8. Risk Parity,NVDA,0.09962794750098909
2025-11-24,8. Risk Parity,TSLA,0.10428745431405372
2025-11-24,8. Risk Parity,V,0.0980179242995524
2025-11-24,9. Max Diversification,AAPL,0.009393184208927867
2025-11-24,9. Max Diversification,AMZN,0.05053735483778771
2025-11-24,9. Max Diversification,CASH,-0.00013695763354736469
2025-11-24,9. Max Diversification,GOOGL,0.06815420772435628
2025-11-24,9. Max Diversification,JNJ,0.4213760607834462
2025-11-24,9. Max Diversification,JPM,0.03820056943922792
2025-11-24,9. Max Diversification,META,0.1335790685275824
2025-11-24,9. Max Diversification,NVDA,0.09794477615785316
2025-11-24,9. Max Diversification,V,0.18095173261533434
2025-11-25,1. Buy & Hold,AAPL,0.0986876797438882
2025-11-25,1. Buy & Hold,AMZN,0.10067129623478835
2025-11-25,1. Buy & Hold,CASH,-3.787828984585035e-05
2025-11-25,1. Buy & Hold,GOOGL,0.10441165939962901
2025-11-25,1. Buy & Hold,JNJ,0.09804924605907105
2025-11-25,1. Buy & Hold,JPM,0.09835156229186388
2025-11-25,1. Buy & Hold,META,0.10356718492314526
2025-11-25,1. Buy & Hold,MSFT,0.09773293037680471
2025-11-25,1. Buy & Hold,NVDA,0.09616186210908996
2025-11-25,1. Buy & Hold,TSLA,0.10373749570373468
2025-11-25,1. Buy & Hold,V,0.09866696144783081
2025-11-25,10. Max Decorrelation,AAPL,0.009782298890129786
2025-11-25,10. Max Decorrelation,AMZN,0.0811496496988378
2025-11-25,10. Max Decorrelation,CASH,-0.00013578076083735368
2025-11-25,10. Max Decorrelation,GOOGL,0.10007807551260695
2025-11-25,10. Max Decorrelation,JNJ,0.2710333468360199
2025-11-25,10. Max Decorrelation,JPM,0.03378931450582306
2025-11-25,10. Max Decorrelation,META,0.19575602898539157
2025-11-25,10. Max Decorrelation,NVDA,0.16347216565731287
2025-11-25,10. Max Decorrelation,V,0.14507490067471554
2025-11-25,11. Sharpe Maximization,AAPL,0.2957294776427747
2025-11-25,11. Sharpe Maximization,AMZN,9.988520090610786e-06
2025-11-25,11. Sharpe Maximization,CASH,-0.00024403303676434222
2025-11-25,11. Sharpe Maximization,GOOGL,0.3128901082414675
2025-11-25,11. Sharpe Maximization,JNJ,0.29381577349717314
2025-11-25,11. Sharpe Maximization,JPM,5.5547114066357605e-06
2025-11-25,11. Sharpe Maximization,META,2.1747672629519587e-06
2025-11-25,11. Sharpe Maximization,MSFT,0.09396248739131334
2025-11-25,11. Sharpe Maximization,NVDA,7.9399488700886e-06
2025-11-25,11. Sharpe Maximization,TSLA,0.0038139538052193167
2025-11-25,11. Sharpe Maximization,V,6.57451118598665e-06
2025-11-25,12. CVaR Minimization,AAPL,1.8918825979583533e-06
2025-11-25,12. CVaR Minimization,AMZN,8.561986953361178e-06
2025-11-25,12. CVaR Minimization,CASH,-4.9500081645060474e-05
2025-11-25,12. CVaR Minimization,GOOGL,0.22508402792859933
2025-11-25,12. CVaR Minimization,JNJ,0.2934743548951797
2025-11-25,12. CVaR Minimization,JPM,1.2868580003652764e-06
2025-11-25,12. CVaR Minimization,META,0.1306438192973426
2025-11-25,12. CVaR Minimization,MSFT,0.11224868756447161
2025-11-25,12. CVaR Minimization,TSLA,7.809939983935096e-06
2025-11-25,12. CVaR Minimization,V,0.2385790597285163
2025-11-25,2. Equal Weight,AAPL,0.09868767974388816
2025-11-25,2. Equal Weight,AMZN,0.10067129623478832
2025-11-25,2. Equal Weight,CASH,-3.7878289845635576e-05
2025-11-25,2. Equal Weight,GOOGL,0.10441165939962896
2025-11-25,2. Equal Weight,JNJ,0.098049246059071
2025-11-25,2. Equal Weight,JPM,0.09835156229186384
2025-11-25,2. Equal Weight,META,0.10356718492314522
2025-11-25,2. Equal Weight,MSFT,0.09773293037680468
2025-11-25,2. Equal Weight,NVDA,0.09616186210908995
2025-11-25,2. Equal Weight,TSLA,0.10373749570373467
2025-11-25,2. Equal Weight,V,0.09866696144783074
2025-11-25,3. Quintile Momentum,CASH,-0.0010710625587917841
2025-11-25,3. Quintile Momentum,META,0.5150424862039891
2025-11-25,3. Quintile Momentum,MSFT,0.4860285763548026
2025-11-25,4. Quintile Low Vol,CASH,-0.0010785682121690519
2025-11-25,4. Quintile Low Vol,JNJ,0.4989675233325841
2025-11-25,4. Quintile Low Vol,V,0.5021110448795849
2025-11-25,5. Mean Reversion,AAPL,0.08381242249610334
2025-11-25,5. Mean Reversion,AMZN,0.13764577567501746
2025-11-25,5. Mean Reversion,CASH,-0.00023165747861502768
2025-11-25,5. Mean Reversion,GOOGL,0.06928847200376327
2025-11-25,5. Mean Reversion,JPM,0.12062438395018303
2025-11-25,5. Mean Reversion,META,0.12893933039804695
2025-11-25,5. Mean Reversion,MSFT,0.11973248320019665
2025-11-25,5. Mean Reversion,NVDA,0.10298842418299015
2025-11-25,5. Mean Reversion,TSLA,0.12664817506902087
2025-11-25,5. Mean Reversion,V,0.1105521905032933
2025-11-25,6. GMVP,AAPL,0.02142170363598959
2025-11-25,6. GMVP,AMZN,0.021254973941382843
2025-11-25,6. GMVP,CASH,-0.00014039222478946372
2025-11-25,6. GMVP,GOOGL,0.01457246537689671
2025-11-25,6. GMVP,JNJ,0.4749363595507471
2025-11-25,6. GMVP,JPM,0.112371545927027
2025-11-25,6. GMVP,META,0.10683038522733514
2025-11-25,6. GMVP,MSFT,0.05581343351337746
2025-11-25,6. GMVP,NVDA,0.04524002233834934
2025-11-25,6. GMVP,V,0.1476995027136842
2025-11-25,7. Inverse Volatility,AAPL,0.1577537990431308
2025-11-25,7. Inverse Volatility,AMZN,0.05418527374192825
2025-11-25,7. Inverse Volatility,CASH,-8.361032163861974e-05
2025-11-25,7. Inverse Volatility,GOOGL,0.07701475382508845
2025-11-25,7. Inverse Volatility,JNJ,0.15102613316340574
2025-11-25,7. Inverse Volatility,JPM,0.1238422725111583
2025-11-25,7. Inverse Volatility,META,0.060999560820732796
2025-11-25,7. Inverse Volatility,MSFT,0.1092035521079389
2025-11-25,7. Inverse Volatility,NVDA,0.052247694933613996
2025-11-25,7. Inverse Volatility,TSLA,0.05152186536135675
2025-11-25,7. Inverse Volatility,V,0.1622887048132847
2025-11-25,8. Risk Parity,AAPL,0.09868767974388817
2025-11-25,8. Risk Parity,AMZN,0.10067129623478832
2025-11-25,8. Risk Parity,CASH,-3.7878289845635535e-05
2025-11-25,8. Risk Parity,GOOGL,0.104411659399629
2025-11-25,8. Risk Parity,JNJ,0.09804924605907102
2025-11-25,8. Risk Parity,JPM,0.09835156229186386
2025-11-25,8. Risk Parity,META,0.10356718492314522
2025-11-25,8. Risk Parity,MSFT,0.0977329303768047
2025-11-25,8. Risk Parity,NVDA,0.09616186210908995
2025-11-25,8. Risk Parity,TSLA,0.10373749570373467
2025-11-25,8. Risk Parity,V,0.09866696144783076
2025-11-25,9. Max Diversification,AAPL,0.009343658403034506
2025-11-25,9. Max Diversification,AMZN,0.050830592358535855
2025-11-25,9. Max Diversification,CASH,-0.00013571904872373503
2025-11-25,9. Max Diversification,GOOGL,0.06856815401553168
2025-11-25,9. Max Diversification,JNJ,0.41882176536552695
2025-11-25,9. Max Diversification,JPM,0.038490252916922395
2025-11-25,9. Max Diversification,META,0.13737395281693768
2025-11-25,9. Max Diversification,NVDA,0.09454413880910079
2025-11-25,9. Max Diversification,V,0.18216320104146863
2025-11-26,1. Buy & Hold,AAPL,0.100002173469657
2025-11-26,1. Buy & Hold,AMZN,0.100002173469657
2025-11-26,1. Buy & Hold,CASH,-2.1734696569912145e-05
2025-11-26,1. Buy & Hold,GOOGL,0.100002173469657
2025-11-26,1. Buy & Hold,JNJ,0.100002173469657
2025-11-26,1. Buy & Hold,JPM,0.100002173469657
2025-11-26,1. Buy & Hold,META,0.100002173469657
2025-11-26,1. Buy & Hold,MSFT,0.100002173469657
2025-11-26,1. Buy & Hold,NVDA,0.10000217346965698
2025-11-26,1. Buy & Hold,TSLA,0.10000217346965698
2025-11-26,1. Buy & Hold,V,0.10000217346965701
2025-11-26,10. Max Decorrelation,AAPL,0.024280312021930425
2025-11-26,10. Max Decorrelation,AMZN,0.07417235608666498
2025-11-26,10. Max Decorrelation,CASH,-0.00015743695515013585
2025-11-26,10. Max Decorrelation,GOOGL,0.06190769478798699
2025-11-26,10. Max Decorrelation,JNJ,0.27820982386677523
2025-11-26,10. Max Decorrelation,JPM,0.05033240351479822
2025-11-26,10. Max Decorrelation,META,0.17552969916869754
2025-11-26,10. Max Decorrelation,NVDA,0.1999908314669583
2025-11-26,10. Max Decorrelation,V,0.1357343160413384
2025-11-26,11. Sharpe Maximization,AAPL,0.30000801016268125
2025-11-26,11. Sharpe Maximization,AMZN,2.1867479780354487e-06
2025-11-26,11. Sharpe Maximization,CASH,-2.7902330525582986e-05
2025-11-26,11. Sharpe Maximization,GOOGL,0.3000118467908596
2025-11-26,11. Sharpe Maximization,JNJ,0.30000994409328696
2025-11-26,11. Sharpe Maximization,JPM,1.6776301077345335e-06
2025-11-26,11. Sharpe Maximization,META,1.916235622682525e-06
2025-11-26,11. Sharpe Maximization,MSFT,0.09950564812791317
2025-11-26,11. Sharpe Maximization,TSLA,0.00048357212401363593
2025-11-26,11. Sharpe Maximization,V,3.100418062537291e-06
2025-11-26,12. CVaR Minimization,CASH,-8.139054789202765e-05
2025-11-26,12. CVaR Minimization,GOOGL,0.22336009982190252
2025-11-26,12. CVaR Minimization,JNJ,0.3000150123640646
2025-11-26,12. CVaR Minimization,META,0.10422289007701513
2025-11-26,12. CVaR Minimization,MSFT,0.10326834969829472
2025-11-26,12. CVaR Minimization,V,0.2692147629949161
2025-11-26,2. Equal Weight,AAPL,0.10000217346965701
2025-11-26,2. Equal Weight,AMZN,0.10000217346965701
2025-11-26,2. Equal Weight,CASH,-2.1734696570134312e-05
2025-11-26,2. Equal Weight,GOOGL,0.10000217346965701
2025-11-26,2. Equal Weight,JNJ,0.10000217346965701
2025-11-26,2. Equal Weight,JPM,0.10000217346965701
2025-11-26,2. Equal Weight,META,0.10000217346965701
2025-11-26,2. Equal Weight,MSFT,0.10000217346965701
2025-11-26,2. Equal Weight,NVDA,0.100002173469657
2025-11-26,2. Equal Weight,TSLA,0.10000217346965701
2025-11-26,2. Equal Weight,V,0.10000217346965701
2025-11-26,3. Quintile Momentum,CASH,-2.0053143978645876e-05
2025-11-26,3. Quintile Momentum,META,0.5000100265719893
2025-11-26,3. Quintile Momentum,MSFT,0.5000100265719895
2025-11-26,4. Quintile Low Vol,CASH,-2.328280755767233e-06
2025-11-26,4. Quintile Low Vol,JNJ,0.5000011641403779
2025-11-26,4. Quintile Low Vol,V,0.5000011641403779
2025-11-26,5. Mean Reversion,AAPL,0.09447326263496802
2025-11-26,5. Mean Reversion,AMZN,0.13034356356445534
2025-11-26,5. Mean Reversion,CASH,-0.00014628837497582917
2025-11-26,5. Mean Reversion,GOOGL,0.07091596451899526
2025-11-26,5. Mean Reversion,JPM,0.12693233940050774
2025-11-26,5. Mean Reversion,META,0.0862102790938036
2025-11-26,5. Mean Reversion,MSFT,0.13519662876239277
2025-11-26,5. Mean Reversion,NVDA,0.1305422080416913
2025-11-26,5. Mean Reversion,TSLA,0.10850302954363279
2025-11-26,5. Mean Reversion,V,0.11702901281452899
2025-11-26,6. GMVP,AAPL,0.035792820275983864
2025-11-26,6. GMVP,AMZN,0.018090265567273885
2025-11-26,6. GMVP,CASH,-0.0001991781800028853
2025-11-26,6. GMVP,JNJ,0.49821255833144684
2025-11-26,6. GMVP,JPM,0.12057206225577252
2025-11-26,6. GMVP,META,0.06917851959952322
2025-11-26,6. GMVP,MSFT,0.10314147129159702
2025-11-26,6. GMVP,NVDA,0.045699676950966814
2025-11-26,6. GMVP,V,0.1095118039074386
2025-11-26,7. Inverse Volatility,AAPL,0.16884474818045936
2025-11-26,7. Inverse Volatility,AMZN,0.05130484716755057
2025-11-26,7. Inverse Volatility,CASH,-0.00010070381827219928
2025-11-26,7. Inverse Volatility,GOOGL,0.06447797319609827
2025-11-26,7. Inverse Volatility,JNJ,0.17750848766202593
2025-11-26,7. Inverse Volatility,JPM,0.1223282984843789
2025-11-26,7. Inverse Volatility,META,0.05206802514105161
2025-11-26,7. Inverse Volatility,MSFT,0.11339509085375686
2025-11-26,7. Inverse Volatility,NVDA,0.05747699530985886
2025-11-26,7. Inverse Volatility,TSLA,0.04557579676251133
2025-11-26,7. Inverse Volatility,V,0.14712044106058034
2025-11-26,8. Risk Parity,AAPL,0.10000217346965702
2025-11-26,8. Risk Parity,AMZN,0.10000217346965702
2025-11-26,8. Risk Parity,CASH,-2.173469657013427e-05
2025-11-26,8. Risk Parity,GOOGL,0.10000217346965704
2025-11-26,8. Risk Parity,JNJ,0.10000217346965702
2025-11-26,8. Risk Parity,JPM,0.10000217346965702
2025-11-26,8. Risk Parity,META,0.10000217346965704
2025-11-26,8. Risk Parity,MSFT,0.10000217346965702
2025-11-26,8. Risk Parity,NVDA,0.10000217346965702
2025-11-26,8. Risk Parity,TSLA,0.10000217346965702
2025-11-26,8. Risk Parity,V,0.10000217346965702
2025-11-26,9. Max Diversification,AAPL,0.02290655252645793
2025-11-26,9. Max Diversification,AMZN,0.04572463955775131
2025-11-26,9. Max Diversification,CASH,-0.0001508284086006163
2025-11-26,9. Max Diversification,GOOGL,0.03948808561198584
2025-11-26,9. Max Diversification,JNJ,0.43807348339402585
2025-11-26,9. Max Diversification,JPM,0.05718157316443272
2025-11-26,9. Max Diversification,META,0.11635428559852883
2025-11-26,9. Max Diversification,NVDA,0.1143783415189432
2025-11-26,9. Max Diversification,V,0.16604386334129828
