,ASSET_1,ASSET_2,ASSET_3,ASSET_4,ASSET_5,ASSET_6,ASSET_7,ASSET_8,ASSET_9,ASSET_10,ASSET_11,ASSET_12,ASSET_13,ASSET_14,ASSET_15,CASH
2020-12-18,0.0,0.0,0.0,0.0,0.0,0.0,0.0,0.0,0.0,0.0,0.0,0.0,0.0,0.0,0.0,1.0
2020-12-21,0.0,0.0,0.0,0.0,0.0,0.0,0.0,0.0,0.0,0.0,0.0,0.0,0.0,0.0,0.0,1.0
2020-12-22,0.0,0.0,0.0,0.0,0.0,0.0,0.0,0.0,0.0,0.0,0.0,0.0,0.0,0.0,0.0,1.0
2020-12-23,0.0,0.0,0.0,0.0,0.0,0.0,0.0,0.0,0.0,0.0,0.0,0.0,0.0,0.0,0.0,1.0
2020-12-24,0.0,0.0,0.0,0.0,0.0,0.0,0.0,0.0,0.0,0.0,0.0,0.0,0.0,0.0,0.0,1.0
2020-12-25,0.0,0.0,0.0,0.0,0.0,0.0,0.0,0.0,0.0,0.0,0.0,0.0,0.0,0.0,0.0,1.0
2020-12-28,0.0,0.0,0.0,0.0,0.0,0.0,0.0,0.0,0.0,0.0,0.0,0.0,0.0,0.0,0.0,1.0
2020-12-29,0.0,0.0,0.0,0.0,0.0,0.0,0.0,0.0,0.0,0.0,0.0,0.0,0.0,0.0,0.0,1.0
2020-12-30,0.0,0.0,0.0,0.0,0.0,0.0,0.0,0.0,0.0,0.0,0.0,0.0,0.0,0.0,0.0,1.0
2020-12-31,8.587505648235014e-13,1.4587438165560219e-12,3.526782691826254e-12,2.5316070860961803e-12,2.754339985750276e-12,5.023315952304712e-12,2.2810624519263426e-11,1.2142392087122192e-12,0.0,0.02104082588025982,0.2500875306294283,0.25008753063164263,7.574789096961348e-13,0.2290467047467914,0.25008753061383215,-0.00035012254289023366
2021-01-01,8.686385625266711e-13,1.4889579524845339e-12,3.5790712388861042e-12,2.567039841909652e-12,2.7708252928023504e-12,5.074977437966838e-12,2.331835761868323e-11,1.1976690376090583e-12,0.0,0.020900732400152108,0.2529871882597126,0.25666772878829447,7.536550503044862e-13,0.2202819304856346,0.2495142715773597,-0.00035185155277267613
2021-01-04,8.738603414362767e-13,1.4932165228798842e-12,3.5864857878934928e-12,2.5523697275931395e-12,2.721010737834147e-12,5.095962193669567e-12,2.299990723523475e-11,1.2317691711123814e-12,0.0,0.02066392512675067,0.2499034931187827,0.25567983187822746,7.487955694398328e-13,0.22426176949182838,0.24984184889049388,-0.00035086854738637776
2021-01-05,8.709358616792679e-13,1.5272952263256816e-12,3.601481813020362e-12,2.5843430951941098e-12,2.710914536988202e-12,5.138791748488181e-12,2.3183321543742735e-11,1.2033338952405844e-12,0.0,0.021158813131694834,0.24925842286533986,0.25190620648537243,7.563218606965345e-13,0.22550532263029233,0.2525232931904935,-0.0003520583447696938
2021-01-06,8.737614972818312e-13,1.5373628614682784e-12,3.663201721058003e-12,2.6051301232696507e-12,2.680491501235248e-12,5.236781165620937e-12,2.373452130398397e-11,1.2591226893375346e-12,0.0,0.021274390051555965,0.24126901055676947,0.254699619452589,7.503776088422156e-13,0.23382546900224455,0.2492840034120384,-0.0003524925175381185
2021-01-07,8.662936521133002e-13,1.5415967587880847e-12,3.612279402203752e-12,2.6475896353158924e-12,2.6332435337847015e-12,5.2788948185113395e-12,2.3246762155930294e-11,1.2630993928832102e-12,0.0,0.02156006417018339,0.23975558258016044,0.2565628063183265,7.565251814792712e-13,0.23770199877028342,0.24477462499100058,-0.00035507687180057895
2021-01-08,8.769906829238846e-13,1.5095055976590536e-12,3.612001210804566e-12,2.650658265366254e-12,2.6716119106376e-12,5.31662356578377e-12,2.2962840934809078e-11,1.2540810642403198e-12,0.0,0.021683683259462218,0.2391695268045248,0.25627032923709864,7.711645911918797e-13,0.23712859541283732,0.24610525460315558,-0.0003573893587039905
2021-01-11,9.115633929279436e-13,1.515382190285609e-12,3.605625709324804e-12,2.7243049433090035e-12,2.6990265984900207e-12,5.393876396532079e-12,2.3146018870225596e-11,1.2728849608912031e-12,0.0,0.022366328697300958,0.24707490905255403,0.2548671541688811,7.698667283869079e-13,0.2291210001102444,0.24693455177806986,-0.0003639438490889473
2021-01-12,9.166741098404686e-13,1.5181736408738767e-12,3.584972871781231e-12,2.71457605135801e-12,2.6676449944852872e-12,5.390406119086111e-12,2.330965459316163e-11,1.2397595962864433e-12,0.0,0.022618528340909706,0.24464905535086706,0.2570820542453696,8.0539822290639e-13,0.22799180135321384,0.2480211948201541,-0.0003626341526617133
2021-01-13,9.092707569268837e-13,1.519311407504808e-12,3.598986900838349e-12,2.717850187828623e-12,2.6319781847191695e-12,5.3994239679430176e-12,2.374718420816775e-11,1.246500380828549e-12,0.0,0.022516040455417084,0.24741430907249937,0.25808620258791787,7.913546234068386e-13,0.22914394136695687,0.243201665713777,-0.0003621592391299876
2021-01-14,9.074384893569062e-13,1.5283364207190987e-12,3.6251397255668238e-12,2.691694189468233e-12,2.6766027433705793e-12,5.461479862951522e-12,2.361917380798673e-11,1.2244511609633979e-12,0.0,0.022455133063436654,0.2489264766162302,0.25760886165195007,7.66797404471675e-13,0.22851467189178717,0.24285838803253582,-0.00036353129844101956
2021-01-15,9.051454517956844e-13,1.504735973299191e-12,3.659812681498134e-12,2.6106138929351584e-12,2.6965194206773258e-12,5.400454187610424e-12,2.3694963093876136e-11,1.2157028976756835e-12,0.0,0.022136923928759746,0.242498322433674,0.26162953703889386,7.590530699275683e-13,0.22757895710831005,0.24651664281434885,-0.00036038336643349936
2021-01-18,8.96122694393808e-13,1.5135134807779998e-12,3.6359058594669008e-12,2.6063006542451352e-12,2.6985950457425525e-12,5.2961707326529095e-12,2.344473882366572e-11,1.2389454645492241e-12,0.0,0.02211615258353937,0.24346797082246593,0.2603547579206927,7.772054268386192e-13,0.22678185010337568,0.2476395006569854,-0.00036023212916653813
2021-01-19,9.06478327514826e-13,1.5027304722502784e-12,3.699971525754312e-12,2.5626110187286635e-12,2.7543034811851147e-12,5.2754182051230106e-12,2.3388793419584636e-11,1.2068785168658215e-12,0.0,0.02178057823577504,0.2413149633127674,0.26002026780394843,7.911004453376613e-13,0.227887475461099,0.24935713563812545,-0.0003604204938035485
2021-01-20,8.950750519727492e-13,1.4860199450603994e-12,3.763536638455195e-12,2.535489418913728e-12,2.8036919150351483e-12,5.247873157461755e-12,2.33407765479319e-11,1.2226624250299735e-12,0.0,0.021699664353028676,0.23932550874276928,0.259270453938492,7.942663623967291e-13,0.2311500944421059,0.24891381545052738,-0.0003595369690125747
2021-01-21,8.943785581102918e-13,1.5007554267081744e-12,3.754352600712558e-12,2.5280089236953985e-12,2.7341557468580273e-12,5.038206291416285e-12,2.331252333778695e-11,1.2132183112574564e-12,0.0,0.021643717871783718,0.2375840126334803,0.26254340549445665,7.904954121631572e-13,0.22658731161048548,0.25199865041109865,-0.0003570980630709181
2021-01-22,8.902184503749844e-13,1.5048653265630478e-12,3.7254815597857806e-12,2.502840532292834e-12,2.730129133089652e-12,5.0266180455957054e-12,2.340631054652183e-11,1.2056907581165283e-12,0.0,0.02144783327528416,0.2400785985344599,0.260627306869089,7.852957153100054e-13,0.23014170293536484,0.248060655351607,-0.0003560970075823698
2021-01-25,8.822095123585762e-13,1.5109668367947796e-12,3.7271989962577185e-12,2.4893238290204842e-12,2.7400472969681616e-12,5.087646373949957e-12,2.353986860221859e-11,1.2180315456843708e-12,0.0,0.021459970019637554,0.24259452299486922,0.25993287613407323,7.782828685206508e-13,0.22906336936201369,0.24730730333072576,-0.0003580418832929233
2021-01-26,8.918740247909513e-13,1.558590051037658e-12,3.726457713514964e-12,2.496302732645948e-12,2.7588850457822817e-12,5.152711702371389e-12,2.3805592861736523e-11,1.2497819050684731e-12,0.0,0.020826147641957175,0.24252839343091212,0.2668206595431314,7.628727639802859e-13,0.21822719641755126,0.25195827046830716,-0.00036066754426202776
2021-01-27,9.035327431022311e-13,1.557998515486957e-12,3.7266357129856155e-12,2.4952726853455706e-12,2.7925907536745083e-12,5.16699666782887e-12,2.422592726838523e-11,1.2123620014843149e-12,0.0,0.020687417428727345,0.24418628261873068,0.2673239305304223,7.821259484083243e-13,0.21318121066327428,0.2549856295105163,-0.0003644707945342141
2021-01-28,8.979754395051561e-13,1.5692816335659953e-12,3.665325752194705e-12,2.476304610599482e-12,2.7006730162305185e-12,4.952335558705257e-12,2.422772525178964e-11,1.1987263165478964e-12,0.0,0.02002155450021541,0.24351208423710463,0.2727002220740049,7.791935754710964e-13,0.21189801880238845,0.25222837729297354,-0.0003602569491544918
2021-01-29,8.584675360840139e-13,1.458263040833074e-12,3.5256203276886313e-12,2.5307727139375976e-12,2.7534322048343504e-12,5.021660357723158e-12,2.2803106547725395e-11,1.2138390173100175e-12,0.0,0.021033891202519157,0.2500051062777539,0.2500051062799676,7.57229258272565e-13,0.2289712150728585,0.25000510626216293,-2.0425136184433314e-05
2021-02-01,8.489203481173275e-13,1.4658539106669273e-12,3.6220830169039592e-12,2.55422960898092e-12,2.761474469904732e-12,5.1094688872208344e-12,2.2952055210101442e-11,1.221955853744873e-12,0.0,0.021189673587814536,0.25516037192721397,0.24742182014201705,7.79135658818484e-13,0.22947521113702657,0.24677341588918272,-2.0492724570073984e-05
2021-02-02,8.708819292070613e-13,1.4854526192705509e-12,3.711487478202996e-12,2.5873746307991427e-12,2.8047420517709484e-12,5.226305873594828e-12,2.3421524061914827e-11,1.2069919189658004e-12,0.0,0.021851017777823386,0.25883589512106037,0.24930942201902065,7.732242623503673e-13,0.22871176383037864,0.24131272366204307,-2.0822452414025498e-05
2021-02-03,8.631011116675504e-13,1.4647065568855937e-12,3.643634931619361e-12,2.5649262111047994e-12,2.7949615518979943e-12,5.324447783456613e-12,2.2764361124119072e-11,1.2172631661141955e-12,0.0,0.021419951025872273,0.25768694211411936,0.2454863508501361,7.698096970780799e-13,0.23320744763586135,0.2422199604153318,-2.0652082728149948e-05
2021-02-04,8.763130817785523e-13,1.4736118133041218e-12,3.6229356409602716e-12,2.5857580963799864e-12,2.8658868460143225e-12,5.275519861856707e-12,2.2678672026298626e-11,1.2324313144293977e-12,0.0,0.02138313463855964,0.2586678908059874,0.24241495301185975,7.648263593743673e-13,0.23875191624958636,0.23880296905934956,-2.0863806718643533e-05
2021-02-05,8.639852082348918e-13,1.4657838649413564e-12,3.6555823882246335e-12,2.58282861781528e-12,2.8530130440424662e-12,5.284775822843186e-12,2.217132313704328e-11,1.2426107497923503e-12,0.0,0.021274922572154475,0.26322956021987914,0.23812775122479424,7.81035650192273e-13,0.23976181122675838,0.23762683614713243,-2.0881431619663776e-05
2021-02-08,8.625556697522497e-13,1.462085752141325e-12,3.6985185073083615e-12,2.5474041437123916e-12,2.8227647336925816e-12,5.3478844079462546e-12,2.1964621975792194e-11,1.2568679354124351e-12,0.0,0.021116651418473662,0.26581829578507044,0.23322466495117056,7.904820643418332e-13,0.24036813644265836,0.23949309802186786,-2.0846659994222282e-05
2021-02-09,8.629925446087964e-13,1.447098097364318e-12,3.743539067046961e-12,2.503852536327526e-12,2.8308934617842192e-12,5.449151179260294e-12,2.2171619479345624e-11,1.3004042819984658e-12,0.0,0.021046679025847583,0.2677790924843388,0.23466021809483786,7.739172391473551e-13,0.23790895910980636,0.23862603228586649,-2.098104178060594e-05
2021-02-10,8.454449178926395e-13,1.4462156331951887e-12,3.729508715384286e-12,2.4532677568206494e-12,2.841931603414626e-12,5.493787026214862e-12,2.221844970973494e-11,1.2932424962586563e-12,0.0,0.021250452481015144,0.2688870742921482,0.23121009279396498,7.770662066476508e-13,0.2429066140625977,0.23576671975007626,-2.0953420901254253e-05
2021-02-11,8.6908902696797e-13,1.4500539126181211e-12,3.760829984757388e-12,2.45399874036989e-12,2.8727275796928895e-12,5.414760741093234e-12,2.2234703025170303e-11,1.2836575579134552e-12,0.0,0.021756278622551056,0.2739474972210599,0.2238051182001714,8.116031069175896e-13,0.24625450874598487,0.23425771378469326,-2.1116615611929362e-05
2021-02-12,8.641223065389388e-13,1.4422382724597824e-12,3.7071236593838e-12,2.4420966077554293e-12,2.8313555366710075e-12,5.348727231017443e-12,2.1874161125977012e-11,1.2488089525783632e-12,0.0,0.021801606115407785,0.2743232090211137,0.22533899706816818,8.106280565956525e-13,0.24220136560294384,0.23635578280939523,-2.096065759800085e-05
2021-02-15,8.446624213631214e-13,1.4150953109719052e-12,3.6327107718616475e-12,2.4482788509682164e-12,2.835971552796321e-12,5.330037799359864e-12,2.1976359820795696e-11,1.22138213293174e-12,0.0,0.021551059278238326,0.2754315839601088,0.22276177894088636,7.97518819388036e-13,0.2422745561171167,0.23800177234915706,-2.0750686009305547e-05
2021-02-16,8.378642619715962e-13,1.411792166033669e-12,3.585134353954249e-12,2.3741759055160034e-12,2.838235798271819e-12,5.3630273812340985e-12,2.201932476814716e-11,1.1858080459119685e-12,0.0,0.020778228367922164,0.28112791422046335,0.21836801929682942,8.139329887428491e-13,0.24610873060237076,0.23363781783098383,-2.07103589989322e-05
2021-02-17,8.220502628889194e-13,1.4051346826483954e-12,3.5233072335956145e-12,2.3575314490372215e-12,2.7986007766945343e-12,5.198015622854533e-12,2.118377711159296e-11,1.180023215198787e-12,0.0,0.020434946136204092,0.28202661134917845,0.22091872716516525,8.036237984524885e-13,0.24265093647060132,0.23398931403803178,-2.0535198453027648e-05
2021-02-18,8.085920408371856e-13,1.4032806150550882e-12,3.531746579385647e-12,2.3675783608151916e-12,2.7232472324641302e-12,5.129487148251704e-12,2.0860949451047695e-11,1.177674593515363e-12,0.0,0.02083959511929884,0.27883879433766995,0.21834466248489579,8.171558108580579e-13,0.24317331654241453,0.23882408872317704,-2.0457246275794155e-05
2021-02-19,8.105688698332883e-13,1.3864933396069875e-12,3.480130147737292e-12,2.324984402379015e-12,2.744680550936339e-12,5.206914296696091e-12,2.137913338079116e-11,1.191642211855094e-12,0.0,0.020651481615674937,0.27361837490574514,0.22148147994064207,8.231896290209161e-13,0.24367017298818175,0.2405989379279881,-2.0447417579747523e-05
2021-02-22,8.140596257080791e-13,1.4063049195173687e-12,3.5333952823166116e-12,2.3426206942749626e-12,2.7766543257376367e-12,5.2485204488884e-12,2.1276257504279045e-11,1.2061596460741796e-12,0.0,0.021020775895921703,0.26873797608184496,0.22289656714795794,8.122769129363761e-13,0.24652441764001817,0.24084073210070153,-2.0468905860515937e-05
2021-02-23,8.101311490063053e-13,1.4270171735681284e-12,3.548057342985921e-12,2.391103784840388e-12,2.8058861030487224e-12,5.330725732231627e-12,2.1223299415603312e-11,1.2087639361461196e-12,0.0,0.02152715073728952,0.27898528628402086,0.2222250552071528,8.365072043930679e-13,0.2393326402725213,0.23795054507561927,-2.067761618525817e-05
2021-02-24,8.076096287824051e-13,1.4159662000946263e-12,3.50851903396805e-12,2.417050601008682e-12,2.815700928582262e-12,5.389554820226778e-12,2.15532216967964e-11,1.2208344522507378e-12,0.0,0.021638459051560425,0.2753433429569796,0.22761750830531594,8.33114221609706e-13,0.23675305463791596,0.2386684325567761,-2.079754850970105e-05
2021-02-25,8.024165856101579e-13,1.4131431699291617e-12,3.5295427777745337e-12,2.4322842556590336e-12,2.791476082957984e-12,5.368469059343981e-12,2.1917777759842517e-11,1.232385097810715e-12,0.0,0.02208907464255195,0.2811447248979427,0.2228511209734789,8.464313716478737e-13,0.23713469441839272,0.2368012244551753,-2.0839427875392044e-05
2021-02-26,8.584694460938318e-13,1.458266285331681e-12,3.5256281718634623e-12,2.5307783446697193e-12,2.7534383309629732e-12,5.021671530446857e-12,2.280315728250051e-11,1.2138417179880784e-12,0.0,0.021033938000955925,0.25000566251568657,0.2500056625179002,7.572309430367022e-13,0.22897172451235437,0.25000566250009554,-2.265008791495516e-05
2021-03-01,8.669300723465255e-13,1.4631056580704496e-12,3.5388356510186796e-12,2.553876498286875e-12,2.7578619857725586e-12,5.134122668307396e-12,2.3164793258112374e-11,1.2343953929348792e-12,0.0,0.02110398556264208,0.24993291813470195,0.2469023148982584,7.655599802701868e-13,0.22779104432797184,0.2542924802666796,-2.2743231733345345e-05
2021-03-02,8.662592234915073e-13,1.502645815411699e-12,3.5378457131623126e-12,2.5846690937609834e-12,2.8109654848564825e-12,5.14536430839978e-12,2.3656280821215513e-11,1.2245810393735187e-12,0.0,0.02131314766498495,0.24992487340203004,0.2480508404638836,7.840110570367447e-13,0.22757572590633077,0.2531583657098998,-2.2953189241695612e-05
2021-03-03,8.624553266029015e-13,1.4813673978225808e-12,3.599277985769454e-12,2.5621804570556933e-12,2.8331381944013403e-12,5.1480283954035655e-12,2.3292206706765625e-11,1.2218999905687337e-12,0.0,0.021207353528920392,0.25423805873481775,0.25182152769969807,7.950823186722314e-13,0.2252337358842975,0.2475222198936943,-2.289578322360504e-05
2021-03-04,8.539233597436736e-13,1.4782366403928978e-12,3.605775111546559e-12,2.4882768706828892e-12,2.821507955502187e-12,5.137937441618099e-12,2.31133037387529e-11,1.2393741427018565e-12,0.0,0.021554839969586872,0.2523768513178132,0.25482847199156394,8.147905703025248e-13,0.2297490494665616,0.24151358414640325,-2.2796933481955654e-05
2021-03-05,8.489359239693047e-13,1.4680282094280392e-12,3.6125117867417615e-12,2.4994213585480185e-12,2.783435170597469e-12,5.125378418626399e-12,2.240950748460396e-11,1.260577840468685e-12,0.0,0.021504528026158123,0.2503155678843721,0.258937611776279,7.71830522991605e-13,0.22897093472490854,0.2402940712713356,-2.271372383285631e-05
2021-03-08,8.518819231944413e-13,1.5053554872246456e-12,3.605978043800652e-12,2.541405721794215e-12,2.8175722453321263e-12,5.2495779016052885e-12,2.2384543734214672e-11,1.2574534158119888e-12,0.0,0.021820620007050318,0.2460249728126292,0.2586616870154555,7.833800188566273e-13,0.23436163807406374,0.23915396815488613,-2.2886105082049752e-05
2021-03-09,8.34288417705369e-13,1.524076084533027e-12,3.5838451762109823e-12,2.5003712333913754e-12,2.740207360403285e-12,5.342635507255537e-12,2.2585853582238084e-11,1.2625502769551141e-12,0.0,0.022197948909509917,0.254321151086131,0.25445225183612585,7.887116311775175e-13,0.22915425496145325,0.23989743659279436,-2.3043427177031693e-05
2021-03-10,8.271698361945737e-13,1.5242789605505757e-12,3.563585268083128e-12,2.5028549130333033e-12,2.7467993351727487e-12,5.456968444397357e-12,2.2354162283190114e-11,1.2382415860155483e-12,0.0,0.02179129470905044,0.2588824698735837,0.2517456842680662,7.76311632469276e-13,0.22586217653850554,0.24174127062302564,-2.289605322184743e-05
2021-03-11,8.224714617669961e-13,1.5080674243983909e-12,3.6126397857789705e-12,2.4680856419167274e-12,2.736765357177779e-12,5.4802879701998555e-12,2.1774051146767233e-11,1.241682221276612e-12,0.0,0.021982498635253638,0.253850103171758,0.25369731794526307,7.883156521936472e-13,0.22852736272310248,0.24196551294174434,-2.2795457553742685e-05
2021-03-12,8.188779215712331e-13,1.4960295481500988e-12,3.662188927595251e-12,2.4431313424203686e-12,2.6966859358069862e-12,5.5157166565256795e-12,2.1496642117668614e-11,1.2225297315022805e-12,0.0,0.02177557934131214,0.25302693969300893,0.25425905939877597,7.999862790922941e-13,0.23030020274359214,0.24066095983332222,-2.2741050163236593e-05
2021-03-15,8.093549057737558e-13,1.4890972010049483e-12,3.676421312979418e-12,2.422960371657274e-12,2.6554116141053875e-12,5.3930455409049745e-12,2.087494241301418e-11,1.2222491642936088e-12,0.0,0.021761439632242995,0.2501024710335949,0.2578279667009601,7.857071068605625e-13,0.23210209788704111,0.2382285389904484,-2.2514283616668313e-05
2021-03-16,8.006527188905658e-13,1.4905295968175453e-12,3.6743007796874215e-12,2.4208411084761523e-12,2.6449529059282742e-12,5.364051942655287e-12,2.1442883228202797e-11,1.2367464213235343e-12,0.0,0.021694991258230826,0.2529729810895914,0.25885182216043745,7.823773603292701e-13,0.22974158518110746,0.23676101678050449,-2.2396509728884404e-05
2021-03-17,7.779714187768063e-13,1.4962488136911715e-12,3.661247169180591e-12,2.4694023369817597e-12,2.650301724993522e-12,5.2918829063369046e-12,2.1467958109898895e-11,1.2206969653790172e-12,0.0,0.0218349683168548,0.2573989107688969,0.25590636515400994,7.844206770709731e-13,0.2244875169931512,0.24039466826440625,-2.242953713919248e-05
2021-03-18,7.819633323778874e-13,1.5041433427034321e-12,3.6623541130019985e-12,2.4819281701845065e-12,2.7028651992628155e-12,5.2744926880120765e-12,2.151668668275983e-11,1.2024252467651067e-12,0.0,0.021878675998434925,0.262133556499473,0.2549378887385996,7.816189164530033e-13,0.2229568824635332,0.23811542646439243,-2.2430204341615142e-05
2021-03-19,7.812240018625119e-13,1.4758768230138056e-12,3.699392686656241e-12,2.4540259574797386e-12,2.7167230299259267e-12,5.170042042161709e-12,2.1633753260860927e-11,1.2095946504429483e-12,0.0,0.021466389430482763,0.26228743394460374,0.2489990695243135,7.755213789183502e-13,0.22637504063738764,0.24089440871449685,-2.234229120054708e-05
2021-03-22,7.734522228873045e-13,1.446610753095198e-12,3.68779836712262e-12,2.430010989261855e-12,2.613821167989057e-12,5.169954735840615e-12,2.1412101900164992e-11,1.2180303671482284e-12,0.0,0.02020751142972131,0.26088801614224616,0.24777585025700463,7.451854085884705e-13,0.22017834970355715,0.2509723848936452,-2.211246567135112e-05
2021-03-23,7.772336820664821e-13,1.4687204859469978e-12,3.690660172932607e-12,2.3904460780299904e-12,2.629056707803907e-12,5.193269259631278e-12,2.1466301343034167e-11,1.2257788073590377e-12,0.0,0.020322850744930895,0.2576148623580876,0.2518341348274958,7.255671191006248e-13,0.21368790191206974,0.2565625306125708,-2.228049472188322e-05
2021-03-24,7.859954873481522e-13,1.4773801103270987e-12,3.658719766135037e-12,2.3865364611334468e-12,2.637875283605106e-12,5.12057101697465e-12,2.1392994452877094e-11,1.2453368377274072e-12,0.0,0.020326043284268444,0.2625270663864693,0.2453537608914128,7.389459371571835e-13,0.2119956680766286,0.25981988112672694,-2.2419804950396228e-05
2021-03-25,7.840755830220063e-13,1.4970144157162683e-12,3.6240138458429976e-12,2.4036757183928832e-12,2.6289496767330074e-12,5.110380620963131e-12,2.1341365987307393e-11,1.2305339711305316e-12,0.0,0.020309385920333017,0.2636001739615708,0.2457548787890141,7.494663161433711e-13,0.2156187522232722,0.2547392221307199,-2.2413064279491872e-05
2021-03-26,7.888859699325666e-13,1.4760401895413375e-12,3.639723871821674e-12,2.415992463248137e-12,2.5629357226404963e-12,5.106678357679423e-12,2.1166458762743825e-11,1.215044244323851e-12,0.0,0.02006718544907303,0.25969747889461353,0.2456393541853693,7.571766036798959e-13,0.214699492127179,0.2599188518613268,-2.2362556690522344e-05
2021-03-29,7.81906587081903e-13,1.4236259195535328e-12,3.5692005258472616e-12,2.3675114732418853e-12,2.542585532703886e-12,4.867462799339083e-12,2.159614892924807e-11,1.2075385915742013e-12,0.0,0.020158347644680396,0.26590887335702024,0.2458850321539383,7.594166005207758e-13,0.21232006647038368,0.25574973004312723,-2.2049708265109337e-05
2021-03-30,7.653590002644156e-13,1.388124248257297e-12,3.4836072008755646e-12,2.2920031722990054e-12,2.4979933788009784e-12,4.683268245462788e-12,2.129287922163618e-11,1.1869445072702788e-12,0.0,0.019665260529006915,0.2745592728673164,0.24739086664043608,7.306508141136168e-13,0.20972775466057902,0.24867852148394667,-2.1676219605895457e-05
2021-03-31,8.584648807957715e-13,1.4582585303436916e-12,3.525609422747198e-12,2.530764886115637e-12,2.753423688314095e-12,5.021644825445996e-12,2.2803036016437768e-11,1.2138352628378505e-12,0.0,0.02103382614351383,0.2500043329979369,0.25000433300015046,7.572269161199945e-13,0.22897050685204678,0.2500043329823459,-1.733201691617986e-05
2021-04-01,8.550958911456459e-13,1.4458793726503603e-12,3.5177008296549996e-12,2.5371654221528427e-12,2.7286683009846096e-12,5.0411665488012255e-12,2.237357012334809e-11,1.1994363092424734e-12,0.0,0.021318527700687435,0.24945066082739145,0.24674144822193914,7.467150257978334e-13,0.2283785401818322,0.25412821870237884,-1.739567467452195e-05
2021-04-02,8.481557147826214e-13,1.4145721149126083e-12,3.4159383033674106e-12,2.502573571089936e-12,2.6564596858278116e-12,4.924549627441798e-12,2.2396278641707337e-11,1.193416300158598e-12,0.0,0.020553227219078415,0.24618438853248792,0.24703623237034325,7.296267699092546e-13,0.23016633664158545,0.25607691629489077,-1.710109846737434e-05
2021-04-05,8.632003996485093e-13,1.4218053834424098e-12,3.444634078354438e-12,2.5484449541046802e-12,2.676510141118255e-12,4.9033342635425205e-12,2.2308797550001768e-11,1.2000698259122823e-12,0.0,0.020553573824959637,0.25112464995663236,0.23845453711053013,7.51009035831865e-13,0.23542524158258543,0.25445912920152364,-1.7131716349042895e-05
2021-04-06,8.653947305927008e-13,1.4182250301124423e-12,3.481574632129568e-12,2.5707451395156075e-12,2.6245130521099853e-12,4.928209548922884e-12,2.2193313095836005e-11,1.198618251146281e-12,0.0,0.021062030529662556,0.25476723527882184,0.23494565327857853,7.317875410123701e-13,0.23325474478085878,0.2559874202493804,-1.7084157314544855e-05
2021-04-07,8.732548644928657e-13,1.4460180243673187e-12,3.5353360183899794e-12,2.6172287498461244e-12,2.6531445340673446e-12,4.874033880972983e-12,2.228896815643837e-11,1.2251343600771532e-12,0.0,0.021376193190250015,0.2552477308928915,0.23250709579928305,7.354183931659488e-13,0.23624925519390333,0.25463692176687924,-1.7196883455714406e-05
2021-04-08,8.796033906742699e-13,1.445941078854839e-12,3.612316262959502e-12,2.633439227444929e-12,2.7259632170360728e-12,5.017564591072169e-12,2.248032817852737e-11,1.2193659805006998e-12,0.0,0.021092131438191473,0.2520169765496276,0.2402516475267453,7.441792465849821e-13,0.2402787028090152,0.24637789875471516,-1.735711905336152e-05
2021-04-09,8.742446415777868e-13,1.4666759519692059e-12,3.642857132075748e-12,2.6431116081067854e-12,2.7594819247232707e-12,5.1505868241413445e-12,2.2535562772079014e-11,1.2272585706128753e-12,0.0,0.02199623118924163,0.24480692776306098,0.2443804595059686,7.46859842469613e-13,0.24413190304805055,0.24470192384359782,-1.744539096626973e-05
2021-04-12,8.774035669858325e-13,1.483302975475158e-12,3.780853493621379e-12,2.6787155316439805e-12,2.742507299396324e-12,5.144224711503106e-12,2.2492841288357898e-11,1.2011516009946844e-12,0.0,0.02234276217848501,0.24080229264019198,0.24979370446497137,7.565780489630901e-13,0.24193853885024483,0.24514021487974935,-1.7513054800156556e-05
2021-04-13,8.900740808726621e-13,1.4933886873548623e-12,3.778972174428962e-12,2.669905520726858e-12,2.7435883962085986e-12,5.107882853380862e-12,2.1843552610951582e-11,1.2353482252820682e-12,0.0,0.022471932345509132,0.24048852178129793,0.24661360572372176,7.538777746711304e-13,0.2348249714806532,0.2556184668451441,-1.7498216842855074e-05
2021-04-14,8.5589691603302e-13,1.4378550269271588e-12,3.659478986979705e-12,2.636287353221531e-12,2.670144959159806e-12,4.891650376611655e-12,2.1616057397272447e-11,1.2146200983746212e-12,0.0,0.022112500769599922,0.24312264442127446,0.248862217204519,7.248968920499226e-13,0.23531666619956138,0.2506029928628805,-1.7021497542203558e-05
2021-04-15,8.619189495228054e-13,1.416531016171108e-12,3.661392514207297e-12,2.6179630874257485e-12,2.7035345606995906e-12,4.9709748507358666e-12,2.1063082775035187e-11,1.2172871882028456e-12,0.0,0.022105017215011416,0.24663057908540764,0.25099254846015173,7.311738104415661e-13,0.23478121130887625,0.24550770132350117,-1.7057432192033016e-05
2021-04-16,8.517977421041756e-13,1.4250875807884988e-12,3.658122480323868e-12,2.6109946696065314e-12,2.686802028819084e-12,4.946485825033618e-12,2.1339494922094896e-11,1.2103406023710373e-12,0.0,0.022339852568056918,0.24559702656638302,0.25091244059251355,7.51172987486145e-13,0.23450751267869793,0.24666020182798193,-1.703427311372497e-05
2021-04-19,8.44538779303523e-13,1.425720500990602e-12,3.692144079248719e-12,2.571413160244496e-12,2.700786191180706e-12,4.966681601628249e-12,2.141150020891003e-11,1.231618754780898e-12,0.0,0.022918496324020904,0.2423539742333999,0.2522314304773071,7.545321912880047e-13,0.23063379636245038,0.2518793785055675,-1.7075942344840972e-05
2021-04-20,8.632378858754077e-13,1.425765818687901e-12,3.713137193364976e-12,2.574576966602783e-12,2.6781534491725413e-12,4.852292988264321e-12,2.1214917864670033e-11,1.2077811563160381e-12,0.0,0.022887415064236864,0.24110725928431967,0.25613852332518827,7.40068792897082e-13,0.22753629582543342,0.2523475820145655,-1.7075553013651438e-05
2021-04-21,8.690193116633829e-13,1.4287578830336022e-12,3.712160805873619e-12,2.5693908739941612e-12,2.6834223020312607e-12,4.85096544532072e-12,2.086101051161999e-11,1.2051919636473027e-12,0.0,0.022853459141724892,0.23858263710388877,0.2663916373797758,7.37588553262667e-13,0.2211349074335099,0.2510543799782559,-1.7021076072736308e-05
2021-04-22,8.752286797222087e-13,1.4562354923497776e-12,3.696964050969592e-12,2.5285877522190426e-12,2.716388691358071e-12,4.7764031807519764e-12,2.0787970794065068e-11,1.2037069287206984e-12,0.0,0.02315520300581037,0.2365345343036098,0.26583544583864627,7.392980768239189e-13,0.22231327988153463,0.25217859254358266,-1.7055611964516573e-05
2021-04-23,8.762198883262122e-13,1.4643466404583117e-12,3.701802728915005e-12,2.5343993957783927e-12,2.656567031015456e-12,4.765938345827795e-12,2.0863793983964747e-11,1.2127618087447961e-12,0.0,0.022856080318903994,0.23370515660711585,0.26752587758585833,7.507203273076707e-13,0.22008821692158423,0.25584167003810954,-1.7001510398583487e-05
2021-04-26,8.821762672583851e-13,1.4707723476484523e-12,3.714339201806023e-12,2.5707002051840807e-12,2.6823770669422673e-12,4.933271642433926e-12,2.0743396045672383e-11,1.2287792857761509e-12,0.0,0.022680398709389028,0.23504491975722033,0.2697378805615061,7.938519450235682e-13,0.2206651210828652,0.2518887735973208,-1.709374732124647e-05
2021-04-27,8.898441223567228e-13,1.448707733076565e-12,3.733487292506495e-12,2.5870692578538e-12,2.725084585395484e-12,5.0260111189211706e-12,2.0731582377628614e-11,1.233877852057994e-12,0.0,0.022424991592666005,0.23773185921452247,0.26563630366898994,7.931535675249385e-13,0.21806688064413432,0.2561571593977152,-1.7194557196738715e-05
2021-04-28,9.08393508300463e-13,1.4350423921924628e-12,3.672773072538299e-12,2.593305040656714e-12,2.73617091227793e-12,5.059782605512829e-12,2.0687787310199283e-11,1.2352453190618442e-12,0.0,0.022878600344335413,0.23113856937190624,0.2650594813241458,7.993955193056016e-13,0.21530718100264654,0.26563342375571414,-1.7255837876140773e-05
2021-04-29,8.921232849783529e-13,1.417298104599997e-12,3.650763356263074e-12,2.545075317306187e-12,2.6430627534170337e-12,4.9723997499909866e-12,2.0727402484244687e-11,1.2148626172854725e-12,0.0,0.022935035165585003,0.22721086703947085,0.25971180584522346,7.921583804225379e-13,0.21579346180569517,0.27436587583545874,-1.7045730288416793e-05
2021-04-30,8.584702436854036e-13,1.4582676401858393e-12,3.525631447473711e-12,2.530780695979352e-12,2.7534408891427853e-12,5.021676196009397e-12,2.280317846858482e-11,1.2138428457508988e-12,0.0,0.02103395754328414,0.2500058947923392,0.2500058947945528,7.57231646569042e-13,0.2289719372466788,0.2500058947767481,-2.357919452578796e-05
2021-05-03,8.638861582155022e-13,1.4433719561700323e-12,3.4807718750138555e-12,2.478045578137497e-12,2.822338971665469e-12,4.901880114127103e-12,2.2439767782448152e-11,1.2085632439141222e-12,0.0,0.021130466486080874,0.25472448859314234,0.24960122910224933,7.357440388207988e-13,0.22561848049683006,0.24894866515568348,-2.3329874360687656e-05
2021-05-04,8.777483686794448e-13,1.4181162975417615e-12,3.5140838575766025e-12,2.4748633266575368e-12,2.8416127894467854e-12,4.8793914773679155e-12,2.2112441983933118e-11,1.2174776123195302e-12,0.0,0.021381148189299315,0.25386910809137325,0.24630662818272292,7.134201902166494e-13,0.22828505822752526,0.2501813026089675,-2.324533993729478e-05
2021-05-05,8.608828734583313e-13,1.3960626974558672e-12,3.460966597760376e-12,2.4081946874378677e-12,2.7850589309748512e-12,4.760176877784598e-12,2.1769140104169802e-11,1.1927038208905794e-12,0.0,0.0218331644640721,0.2564524101867224,0.24067035481970137,7.097704009355175e-13,0.22776224944318849,0.2533048251052107,-2.3004058238068612e-05
2021-05-06,8.588283215756644e-13,1.4191411136618357e-12,3.4592296232501396e-12,2.3842741436573013e-12,2.825012598011758e-12,4.865707332080472e-12,2.2654586414638688e-11,1.1789821935281134e-12,0.0,0.02181680080543484,0.2611784816194698,0.23604013161205598,6.980279945329578e-13,0.22583690650124336,0.2551508028528891,-2.3123431436901042e-05
2021-05-07,8.437384263793906e-13,1.4120988661584122e-12,3.4572605167541605e-12,2.3730643774210947e-12,2.8475074742887083e-12,4.835664863310064e-12,2.2028209091691853e-11,1.188070309997565e-12,0.0,0.021874276931422906,0.2648056936138029,0.23517603330177475,6.720657221829709e-13,0.219568661287492,0.2585981858606175,-2.2851034767782073e-05
2021-05-10,8.452978002301733e-13,1.4181540761422198e-12,3.4978124111497337e-12,2.4004786773285146e-12,2.8673354993715544e-12,4.8400604326634315e-12,2.201472112226562e-11,1.2069007576645938e-12,0.0,0.021867718209479005,0.2704517160759956,0.23554758955801983,6.645377777149685e-13,0.2173609387242945,0.25479496274726116,-2.2925354805484175e-05
2021-05-11,8.443686317929541e-13,1.4380263169230434e-12,3.4727314634689475e-12,2.4094290338536235e-12,2.8489942910817167e-12,4.8317238634162315e-12,2.160169570533092e-11,1.2051470553828171e-12,0.0,0.02208926983960823,0.27190765326530786,0.23120019562074362,6.784059570198792e-13,0.21859649959201571,0.2562293363293981,-2.295468640420543e-05
2021-05-12,8.457929328716844e-13,1.4330680849222732e-12,3.4872691952640015e-12,2.4270765411692692e-12,2.7938123174272793e-12,4.807545106152418e-12,2.156923225521891e-11,1.2119067811223066e-12,0.0,0.02186904446976285,0.270270413161042,0.22967986632742293,6.702832376564013e-13,0.21767969332101478,0.2605239735215538,-2.2990840042419267e-05
2021-05-13,8.320111574146247e-13,1.4300993082833775e-12,3.4014697480456803e-12,2.3962133997263077e-12,2.7651302545251712e-12,4.8800173561867824e-12,2.135529855357541e-11,1.1668249422956217e-12,0.0,0.021746048189245547,0.27128546933135805,0.22972597139452347,6.681763052943066e-13,0.22094577033952895,0.2563195798181321,-2.2839111683222023e-05
2021-05-14,8.351167375565052e-13,1.3999299405551098e-12,3.352656456086214e-12,2.33575625007066e-12,2.743307387293494e-12,4.854975321663968e-12,2.1291653768238626e-11,1.1626104290380387e-12,0.0,0.021585841310389,0.2635434817843081,0.23398006552592307,6.617311505713917e-13,0.21803344340473974,0.2628798956002892,-2.272766428678927e-05
2021-05-17,8.203306339678471e-13,1.375659670843616e-12,3.2931521199076536e-12,2.3200368081665624e-12,2.7413411703666815e-12,4.8720968415040065e-12,2.190124638196195e-11,1.1189809335058183e-12,0.0,0.021275400076657135,0.25953798258796673,0.23020757708019307,6.474705498929455e-13,0.22344759621951196,0.2655540298924992,-2.2585895918394006e-05
2021-05-18,8.221248894949552e-13,1.397254781476609e-12,3.2459341958651908e-12,2.2893135707930936e-12,2.6743828679589043e-12,4.838599351422568e-12,2.1995960956708872e-11,1.1230393557209397e-12,0.0,0.020855846491812373,0.26350489366989555,0.23166490498639564,6.573088983390484e-13,0.21624888240564208,0.2677480982553606,-2.262584815034461e-05
2021-05-19,8.159431518704645e-13,1.3968852878971952e-12,3.2770686622386957e-12,2.3004811455448902e-12,2.6569345570574297e-12,4.857793337904766e-12,2.162571382398003e-11,1.1458418918708987e-12,0.0,0.02130268934585936,0.2623109786855117,0.23055081848274536,6.511482569137946e-13,0.22060349603380752,0.2652547234650408,-2.2706051692685664e-05
2021-05-20,8.251828964192775e-13,1.398756868548815e-12,3.224027634644415e-12,2.297517337367399e-12,2.6328099457353354e-12,4.885881322339175e-12,2.1392679545966048e-11,1.167145625891152e-12,0.0,0.02135995827822342,0.2665512756914052,0.23559107529937312,6.545277489240272e-13,0.21871708942428345,0.2578034209244665,-2.2819656230264122e-05
2021-05-21,8.22526673272958e-13,1.3946222508491278e-12,3.238536236818059e-12,2.296130782484794e-12,2.6638263272402247e-12,4.864093945321919e-12,2.14500512943455e-11,1.1908571686693842e-12,0.0,0.021415592958133445,0.2648952638292959,0.23391334305351252,6.471000951443187e-13,0.21735314544387382,0.2624455447219327,-2.2890045316001293e-05
2021-05-24,8.215645744508961e-13,1.3768850451742683e-12,3.3036100638368058e-12,2.3068939454915994e-12,2.621036538080492e-12,4.8417191199737e-12,2.1505748511294234e-11,1.2209918156574904e-12,0.0,0.021765661798612217,0.2712257945671903,0.23172045745178374,6.447675670618968e-13,0.2135274028431933,0.2617835900540903,-2.290675351302744e-05
2021-05-25,8.165915702849111e-13,1.3782036468014648e-12,3.323597902850345e-12,2.274233511068671e-12,2.5440927072071963e-12,4.813446712242202e-12,2.1471310369709187e-11,1.2185524376700946e-12,0.0,0.021688815116770756,0.27637238169951933,0.23195302916369773,6.371047869332923e-13,0.2104516488598859,0.25955689657344494,-2.277145179579804e-05
2021-05-26,8.30230427482327e-13,1.3773648223434237e-12,3.327132223926669e-12,2.264604563619712e-12,2.581488745345827e-12,4.941102864963503e-12,2.1631911370184387e-11,1.2217129267937326e-12,0.0,0.02091724166271493,0.28012745713051435,0.23283419583822595,6.428931989459123e-13,0.2080548274500975,0.2580890726042276,-2.279472459891278e-05
2021-05-27,8.28213435611706e-13,1.3936778627517438e-12,3.318550429374612e-12,2.322285914033799e-12,2.5990787180807735e-12,4.868080615219277e-12,2.1629578660664747e-11,1.2124397258055872e-12,0.0,0.021473126917796834,0.28381037159003114,0.23534410992000057,6.459186965445057e-13,0.20318875254963506,0.2562064624437475,-2.282346002902875e-05
2021-05-28,8.484672121370424e-13,1.4014632010033699e-12,3.2808750442717424e-12,2.35435796634549e-12,2.637381986333753e-12,4.9570819856066176e-12,2.2203584292705436e-11,1.2436685929447684e-12,0.0,0.022235214425106953,0.28144260854192915,0.24130787176344273,6.639335096659502e-13,0.20192742671538683,0.2531100710403304,-2.3192525787098895e-05
2021-05-31,8.584737104927723e-13,1.458273529187861e-12,3.525645685224142e-12,2.530790916169545e-12,2.7534520085138228e-12,5.0216964753192145e-12,2.2803270555908436e-11,1.213847747678896e-12,0.0,0.02103404248586606,0.25000690440482687,0.25000690440704054,7.572347045390433e-13,0.22897286191658453,0.25000690438923573,-2.761764447644114e-05
2021-06-01,8.732900431522505e-13,1.4337580623141823e-12,3.4905326815785387e-12,2.4797036623215416e-12,2.7682903915370573e-12,5.0992460380117245e-12,2.3176000112183843e-11,1.22745855464235e-12,0.0,0.020790033232036497,0.24179774092311926,0.2570622888273525,7.589719712374387e-13,0.2255927365784512,0.25478464079653773,-2.7440398804415508e-05
2021-06-02,8.656090979553745e-13,1.4402730860669842e-12,3.4856120570537545e-12,2.499077168547058e-12,2.7675681068238537e-12,5.007101740512512e-12,2.3212819269610844e-11,1.2464422551548343e-12,0.0,0.021053822844020933,0.23786667064883818,0.25713088361606135,7.512130553572961e-13,0.22883718981184653,0.2551388789175113,-2.7445879554079508e-05
2021-06-03,8.853880995827849e-13,1.4797970940817529e-12,3.5688163841917405e-12,2.5477969095571506e-12,2.778689539459736e-12,5.088879916780106e-12,2.3423735355986595e-11,1.2607408781933156e-12,0.0,0.021075471992063347,0.23413187829808893,0.25843891732331226,7.66250984950269e-13,0.22692348196867743,0.2594581360251228,-2.788564906478925e-05
2021-06-04,8.97035575617483e-13,1.488117044485292e-12,3.615230200085207e-12,2.547383876287748e-12,2.8051277285570867e-12,5.018603347701201e-12,2.3114581770907328e-11,1.2063423417873082e-12,0.0,0.021482971790042302,0.2310069096555639,0.2561992342160999,7.528124110264776e-13,0.2275119337796894,0.263826699250338,-2.7748733178786715e-05
2021-06-07,8.825099498354617e-13,1.494738939396083e-12,3.6056306500666795e-12,2.5516181992508665e-12,2.8218633373737134e-12,5.008586626653313e-12,2.30925694287632e-11,1.203257485087384e-12,0.0,0.021634045799003156,0.23196163062428843,0.25085513894133876,7.482746093315152e-13,0.2313847534207595,0.2641921820590198,-2.775088581868917e-05
2021-06-08,8.861222649894417e-13,1.5182761639822261e-12,3.638521636131725e-12,2.549135373025633e-12,2.7987108267145866e-12,4.8350238612774165e-12,2.299506528143292e-11,1.1953925177701295e-12,0.0,0.021542027940078114,0.2303334465956645,0.2428859656155183,7.346249435451229e-13,0.2329834639943966,0.2722827822548604,-2.768644166877928e-05
2021-06-09,8.756668842641496e-13,1.5067711340738463e-12,3.6361207144771467e-12,2.4981408665063025e-12,2.780886919266621e-12,4.737655174710057e-12,2.3014038702534357e-11,1.1851487826729808e-12,0.0,0.02105411211013347,0.23049894050428416,0.24876549546032214,7.140242299201697e-13,0.22910517089987742,0.2706036605516153,-2.7379567180901576e-05
2021-06-10,8.816708723235481e-13,1.4974278382926559e-12,3.5231013243265023e-12,2.5358617333406417e-12,2.8052942643300552e-12,4.629820878759716e-12,2.2816259582258043e-11,1.2110317736903822e-12,0.0,0.02135405071473847,0.2297760952565623,0.24904960880337254,7.122216321528837e-13,0.2337660867336874,0.266081517020081,-2.7358569054238516e-05
2021-06-11,8.775164155820723e-13,1.5172045988780172e-12,3.5319065555182104e-12,2.583707300836591e-12,2.790864289289232e-12,4.6407497259102915e-12,2.2601969603509415e-11,1.2149390436189756e-12,0.0,0.021259840582975035,0.22515266157435013,0.2527794234989804,7.235267828926572e-13,0.22714473898515672,0.2736907684077696,-2.7433089714263924e-05
2021-06-14,9.049804304423057e-13,1.5293785403902295e-12,3.5340581631100046e-12,2.687715512036269e-12,2.7671392763545097e-12,4.677544768564651e-12,2.283115230508946e-11,1.2476590726802928e-12,0.0,0.021259540617957935,0.22341698126476578,0.25329264449755634,7.16341764888106e-13,0.22913800064553422,0.27292046700678296,-2.763407349323348e-05
2021-06-15,8.88817320214197e-13,1.542967569098956e-12,3.501913478449413e-12,2.6387804826531244e-12,2.751304785846218e-12,4.664518571855605e-12,2.221218284200971e-11,1.2490068235708198e-12,0.0,0.021746594013678452,0.22451987505779972,0.2507066697262656,7.045330892145735e-13,0.22791498229316512,0.2751394024920388,-2.7523623101626913e-05
2021-06-16,8.880530182072354e-13,1.538666367077132e-12,3.5021490121447124e-12,2.6191025407517107e-12,2.7384504844010306e-12,4.537627293424258e-12,2.249392314310263e-11,1.2537663388427826e-12,0.0,0.022379130231015176,0.2247606475260584,0.24624994247606571,7.149198004478453e-13,0.2295096550479033,0.27712812580232404,-2.7501123653104506e-05
2021-06-17,8.96237435402177e-13,1.566271693998878e-12,3.538870851963195e-12,2.6710663007117244e-12,2.710958677604193e-12,4.573014665212397e-12,2.332654327329847e-11,1.256873595732255e-12,0.0,0.022524712632219977,0.22333192480579847,0.2403051414399434,7.217380045613452e-13,0.2332215910243972,0.2806444911918101,-2.786113543075824e-05
2021-06-18,9.11446737812472e-13,1.5957748165883155e-12,3.643862028033798e-12,2.7144063140196332e-12,2.7418048550243357e-12,4.640867840496734e-12,2.3944688406174114e-11,1.305820163427883e-12,0.0,0.022979428894592646,0.22874393215144861,0.24069662305345055,7.355052409430217e-13,0.23124963009210237,0.2763587529153105,-2.8367149138826066e-05
2021-06-21,9.13694961984335e-13,1.5880384051613098e-12,3.648394261633535e-12,2.7113803269957327e-12,2.706903344774342e-12,4.63421875279693e-12,2.3526848258219742e-11,1.3304938962603637e-12,0.0,0.02289267012214246,0.22472384782109492,0.24284610444338248,7.307509013999561e-13,0.22892160843096393,0.28064410245298205,-2.8333312356286132e-05
2021-06-22,9.102078990100553e-13,1.5898534885311296e-12,3.5951687623015013e-12,2.6569947366528813e-12,2.6996391451114005e-12,4.597036094166619e-12,2.363261994727855e-11,1.3238101396584681e-12,0.0,0.022230342941903437,0.2307121619461308,0.24125732781837433,7.369142806098035e-13,0.22459558476048447,0.2812327942282522,-2.821173688745684e-05
2021-06-23,9.031417569391129e-13,1.6045231939529573e-12,3.598036131115859e-12,2.6703421963574837e-12,2.7353621230134084e-12,4.545864759947007e-12,2.3526085861203036e-11,1.3387844048846566e-12,0.0,0.022290475280982925,0.23405842501776242,0.24200569574745953,7.657840719601233e-13,0.21852959770833633,0.28314414214054323,-2.8335936772300134e-05
2021-06-24,8.771657153579027e-13,1.542568880940847e-12,3.5606518146892426e-12,2.638427090229305e-12,2.68909380859433e-12,4.478507440162812e-12,2.4180092964849144e-11,1.3159887667337093e-12,0.0,0.0217710249872585,0.23204125657517694,0.2378260512755019,7.50175069452085e-13,0.22277736009318413,0.28561225165263315,-2.7944625787234757e-05
2021-06-25,8.851001745877827e-13,1.5183016614106777e-12,3.5744417097967395e-12,2.741530619014793e-12,2.7026320545286585e-12,4.57766444260827e-12,2.4845680528715825e-11,1.3305574549872331e-12,0.0,0.021115953326764678,0.23649535187716586,0.23644818256523328,7.585776705350666e-13,0.21947296870271388,0.28649569891889676,-2.815543370880077e-05
2021-06-28,8.821331004218306e-13,1.5168856077734045e-12,3.5186605821841595e-12,2.7692069941858726e-12,2.673497044284897e-12,4.4635960729549e-12,2.4722291765820695e-11,1.3265835531250195e-12,0.0,0.021488604078089755,0.23479197561588983,0.23517854334749158,7.414224301338064e-13,0.2220172705492836,0.28655165291553325,-2.804654890221557e-05
2021-06-29,8.757134650412145e-13,1.482741459128787e-12,3.5618601788546395e-12,2.7213704260998396e-12,2.645779380591928e-12,4.469835743431464e-12,2.4246432929310065e-11,1.2944553417155372e-12,0.0,0.021662334024684156,0.23201200742353975,0.24604552730057144,7.263186099326035e-13,0.21764618242151965,0.28266189660719937,-2.79478195389176e-05
2021-06-30,8.584689355467279e-13,1.4582654180746902e-12,3.525626075109454e-12,2.5307768395706613e-12,2.7534366934440465e-12,5.021668543969158e-12,2.280314372105582e-11,1.2138409960947406e-12,0.0,0.021033925491697525,0.2500055138328563,0.2500055138350699,7.572304926979432e-13,0.22897158833878248,0.25000551381726527,-2.2055356593917228e-05
2021-07-01,8.639117476884634e-13,1.4660992722257285e-12,3.541521207172097e-12,2.5423537507995667e-12,2.7739171487613264e-12,5.041613608531046e-12,2.314730675719669e-11,1.2350157079309195e-12,0.0,0.021713302052342814,0.2490799939939201,0.24619761673916374,7.717547546311228e-13,0.22837061413234555,0.25466079029269334,-2.231725184905398e-05
2021-07-02,8.458866838711754e-13,1.48960944298735e-12,3.574158146599736e-12,2.5035222535507292e-12,2.7295460911727033e-12,5.1601386103704246e-12,2.2964124854576628e-11,1.2229640854969844e-12,0.0,0.021641374860884837,0.2487002414775798,0.24971624695045436,7.544938017733454e-13,0.22254810319239773,0.2574163883928405,-2.2354915401615e-05
2021-07-05,8.538241989646285e-13,1.465777351380278e-12,3.6156404696600907e-12,2.504497779328345e-12,2.7657051273726876e-12,5.155574572871591e-12,2.218351788675542e-11,1.2204192857369889e-12,0.0,0.02134401064834912,0.24717695088620661,0.24902071803361672,7.162778483012019e-13,0.2293780984316537,0.25310256962526295,-2.2347665570238183e-05
2021-07-06,8.599442886303749e-13,1.4680162029657015e-12,3.6736574558849854e-12,2.522362664445958e-12,2.764687436650394e-12,5.109367686002677e-12,2.2479503183383257e-11,1.1910878718694472e-12,0.0,0.021035292817595308,0.252860058376388,0.2503701033134649,7.263397727759624e-13,0.2303518855001455,0.2454050563316085,-2.2396379997048273e-05
2021-07-07,8.334116953558065e-13,1.4441889879935287e-12,3.5961612666824164e-12,2.498178208034528e-12,2.7148906550503524e-12,4.93115007184992e-12,2.1732282664055482e-11,1.1657298796063734e-12,0.0,0.0210924705749225,0.2489049705516904,0.24977470102005203,6.902606299992245e-13,0.23026146101004114,0.249988275772452,-2.1878968764239242e-05
2021-07-08,8.177697952762279e-13,1.4462357516470057e-12,3.5735014229552698e-12,2.4384986804221146e-12,2.714054325236235e-12,4.952803783618023e-12,2.142234649798862e-11,1.1776722760679528e-12,0.0,0.020477256815759595,0.2479368251057168,0.24836745112098824,6.774745500941678e-13,0.23225398487550963,0.2509862173443167,-2.1735301511201664e-05
2021-07-09,8.215518918199587e-13,1.4394847308977642e-12,3.5845286230633948e-12,2.417858961626542e-12,2.7724587341165423e-12,4.8849760692972975e-12,2.1958555562623858e-11,1.1744174529844072e-12,0.0,0.020845026328677036,0.24765423308618656,0.25114057989976774,6.898607957832135e-13,0.23296216365790495,0.24741965291544807,-2.1655927727908264e-05
2021-07-12,8.189125188074268e-13,1.4218058642690186e-12,3.5667957539216254e-12,2.329279539221794e-12,2.753487908652167e-12,4.785988854029178e-12,2.217571112291671e-11,1.170424349278215e-12,0.0,0.02074892600268714,0.24071796384066865,0.25491726157382927,7.054012572040097e-13,0.23182473125760114,0.2518125022356571,-2.1384950171096118e-05
2021-07-13,8.123563750794794e-13,1.4066464657778862e-12,3.5591413013639627e-12,2.3349113746550812e-12,2.7333789613264605e-12,4.8069261564709986e-12,2.2212311130730373e-11,1.1510481287998663e-12,0.0,0.020976708943191945,0.2408164278561476,0.25926653457441806,6.8874898222731e-13,0.23326843183821663,0.2456932209417537,-2.132419343346943e-05
2021-07-14,7.96902473187507e-13,1.3856982404589311e-12,3.492881902911795e-12,2.3005015746440387e-12,2.7031603659711485e-12,4.817466303344368e-12,2.1929825281285105e-11,1.1157466677588258e-12,0.0,0.020531655890514564,0.23858867705473183,0.2590561382046615,6.854569338481397e-13,0.23596050177514888,0.24588416388274156,-2.1136847026151525e-05
2021-07-15,7.950353932997235e-13,1.4245676609851533e-12,3.5208566091258387e-12,2.3102258247437024e-12,2.7510935930847036e-12,4.861792229442643e-12,2.218052956442717e-11,1.1621213670844747e-12,0.0,0.020555011548243483,0.24050351880880413,0.2653608650841573,6.714717719602391e-13,0.2289267988986463,0.24467506172318598,-2.1256102714924227e-05
2021-07-16,7.759422823827763e-13,1.4061216906285514e-12,3.509309768729618e-12,2.266888507157347e-12,2.68016665934294e-12,4.82439450086824e-12,2.224694196480942e-11,1.1245532932662296e-12,0.0,0.02063956234324666,0.24215916068498505,0.2685377288381538,6.915626287294687e-13,0.22554325605536082,0.24314135873857598,-2.106669984841848e-05
2021-07-19,7.57532568736883e-13,1.3782492476868408e-12,3.496701865057981e-12,2.187753190076414e-12,2.5997365149379892e-12,4.812698336109479e-12,2.2108788191769107e-11,1.096755675846197e-12,0.0,0.020341753776876588,0.24318173198813242,0.26361487937957667,6.902491765623897e-13,0.23178440395046032,0.2410978748827274,-2.064401690195794e-05
2021-07-20,7.537914803104922e-13,1.3808669627622845e-12,3.464293666796117e-12,2.2357272887956418e-12,2.591641289501308e-12,4.770627994336486e-12,2.174508808564725e-11,1.1080082156611622e-12,0.0,0.020080854260239863,0.24419463097822092,0.2555999505762787,6.889818578796954e-13,0.23251890842151643,0.24762618414950274,-2.0528424497704204e-05
2021-07-21,7.493637236688321e-13,1.3649717277395165e-12,3.4358646582739485e-12,2.204760690673837e-12,2.6377482531902894e-12,4.872929388174388e-12,2.1873743386583906e-11,1.1290032598712035e-12,0.0,0.020084782064824794,0.2432913468461594,0.2547019983743951,6.714572681087598e-13,0.23405559135831244,0.24788683478248116,-2.0553465112786702e-05
2021-07-22,7.576045627288496e-13,1.3716691992581855e-12,3.443496302472575e-12,2.191487888983861e-12,2.6507299478682892e-12,4.939066788688261e-12,2.1624544270981543e-11,1.1350676515571057e-12,0.0,0.019944096976523103,0.24199082743540912,0.256776931341701,6.60919034493263e-13,0.23655957635267572,0.24474919795782518,-2.0630102908848154e-05
2021-07-23,7.647656580949933e-13,1.4033482059225817e-12,3.4097008467168462e-12,2.2038188365128253e-12,2.6260999242029305e-12,5.002767295333662e-12,2.1246568900140883e-11,1.1423567404527817e-12,0.0,0.01987352253897931,0.2378799695014507,0.26026747396054767,6.510586691607733e-13,0.23888638745465499,0.24311326049363072,-2.0613987713782505e-05
2021-07-26,7.676882499565166e-13,1.4123853727614043e-12,3.398447438482439e-12,2.2201686253021215e-12,2.6883426575297247e-12,4.977881451171003e-12,2.1692143721016447e-11,1.1725620017155317e-12,0.0,0.019525152556825253,0.24028432444285402,0.25921116249547976,6.759260900896662e-13,0.24029959597451256,0.24070047554949867,-2.0711058175978902e-05
2021-07-27,7.634598305450888e-13,1.4357008638615174e-12,3.3958804621292463e-12,2.233442706555569e-12,2.7345122966389805e-12,4.974337686128601e-12,2.1799208374154855e-11,1.1788367066152026e-12,0.0,0.019815341991850557,0.24078623027496474,0.2609688338463583,6.753663094252908e-13,0.2351792002709541,0.24327121209308442,-2.0818516402974205e-05
2021-07-28,7.732827316065099e-13,1.4158960548873773e-12,3.351154983599047e-12,2.2004399560218286e-12,2.7453108597035603e-12,4.97901920744986e-12,2.1649194674447717e-11,1.158007370369101e-12,0.0,0.01924402503468853,0.2402256046529977,0.26358342850494904,6.575181366279311e-13,0.22757358268618605,0.2493940710264972,-2.071194424851614e-05
2021-07-29,7.616195053364725e-13,1.4188145058646102e-12,3.3144653011066245e-12,2.175984995629538e-12,2.734412623665557e-12,4.877223497248207e-12,2.1488612033401997e-11,1.141197370483579e-12,0.0,0.019168668175958636,0.2370303435542937,0.2605066703287352,6.377571265932606e-13,0.23206384858660462,0.2512509833801787,-2.0514064321173442e-05
2021-07-30,8.584604698354677e-13,1.458251037526415e-12,3.525591307477071e-12,2.530751882551134e-12,2.7534095406851585e-12,5.021619023253641e-12,2.2802918849982947e-11,1.2138290259150834e-12,0.0,0.02103371806760504,0.2500030484268224,0.25000304842903603,7.572230253401353e-13,0.2289693303568411,0.25000304841123155,-1.219373245833504e-05
2021-08-02,8.561363077667747e-13,1.435308243706191e-12,3.5031006931837485e-12,2.519019688405337e-12,2.7381837597639266e-12,4.980304998556507e-12,2.2440002736893736e-11,1.2518668823784194e-12,0.0,0.02063292206177045,0.2561469567014452,0.2480739771516017,7.582119704317082e-13,0.22849292430532403,0.24666539523775577,-1.2175498379432473e-05
2021-08-03,8.505956219733216e-13,1.4147273507392402e-12,3.4308306455642603e-12,2.4427701213853287e-12,2.6664595208521194e-12,4.800030168965746e-12,2.2096862451885616e-11,1.211658388330993e-12,0.0,0.020747688056006863,0.2571145007923294,0.24414191210125213,7.454812185559272e-13,0.2327102381218276,0.24529764381353428,-1.1982924609677894e-05
2021-08-04,8.478196484184198e-13,1.3941138093877202e-12,3.4450388403525406e-12,2.465805207991579e-12,2.645861336992635e-12,4.817825868003831e-12,2.198851722620406e-11,1.2085367478060696e-12,0.0,0.020678104830968873,0.2611801734575961,0.24157706424065492,7.462969309023156e-13,0.22955242031848724,0.24702421565690155,-1.1978544168496333e-05
2021-08-05,8.492687964718521e-13,1.386095064496374e-12,3.5079482791655604e-12,2.501668661387182e-12,2.636603934288235e-12,4.8675025542555545e-12,2.2235083514295714e-11,1.2243659581346768e-12,0.0,0.02108546965049525,0.2598183340825219,0.2410978032657398,7.840291660828721e-13,0.23176829640683558,0.24624211778277463,-1.2021228359893985e-05
2021-08-06,8.254592525708418e-13,1.3952949761425905e-12,3.4317711864505448e-12,2.4548957747548576e-12,2.6069757246375473e-12,4.920133061801871e-12,2.2305637424042415e-11,1.2128839031906026e-12,0.0,0.02074069719925299,0.25856387106665596,0.2396953136615704,7.917556722173125e-13,0.23420258981441794,0.24680945866765713,-1.1930449499281537e-05
2021-08-09,8.20042909090466e-13,1.4013842513534598e-12,3.417760803854983e-12,2.4170002562531737e-12,2.586330307872621e-12,4.91064885897065e-12,2.2512319779215807e-11,1.2061596487696322e-12,0.0,0.020698861612879125,0.2582962452907532,0.23976404841710114,8.022685953080936e-13,0.2378851965617262,0.24336753859625548,-1.1890518789161583e-05
2021-08-10,8.194987989978163e-13,1.3938622780203955e-12,3.4616060615903033e-12,2.4701248645614193e-12,2.5900921248525954e-12,4.921542966449637e-12,2.3080911606174857e-11,1.2213431358097296e-12,0.0,0.02042697072029275,0.2625637121316435,0.23730526265367682,7.906597040862701e-13,0.2376965570202536,0.24201944726365954,-1.1949830276019658e-05
2021-08-11,8.080219410333008e-13,1.3571761195338377e-12,3.455888916890894e-12,2.4724215767434893e-12,2.498933386624744e-12,4.92449148519693e-12,2.2559823667452885e-11,1.2216593615599556e-12,0.0,0.02019731180935273,0.2587255221733906,0.23934049163225407,7.644975504663517e-13,0.23754687014809853,0.24420160904917892,-1.180485233786882e-05
2021-08-12,8.145372144440138e-13,1.3909378438944485e-12,3.4407712644006e-12,2.5030010204332085e-12,2.4992090496128816e-12,5.0095036373700976e-12,2.2590357071674265e-11,1.2167508751974588e-12,0.0,0.020074176578617858,0.25320481981317927,0.23763369714596394,7.740556279984145e-13,0.24397277628238237,0.24512634784111767,-1.1817701500246843e-05
2021-08-13,8.284213674660372e-13,1.3780775914497225e-12,3.440031593201745e-12,2.5062439124127113e-12,2.5073357627621032e-12,5.038363731520811e-12,2.2908278277307556e-11,1.2148077666952925e-12,0.0,0.0201562468159826,0.250611313070007,0.23832818793358201,7.758710488558153e-13,0.24443251078774839,0.24648361029953347,-1.1868947450738259e-05
2021-08-16,8.360763383680504e-13,1.3837759806096674e-12,3.5172085812145026e-12,2.4939006956910765e-12,2.506839120589842e-12,5.263118098684447e-12,2.278372102471283e-11,1.2018970327956093e-12,0.0,0.01967782121508899,0.25185496041306943,0.2491345683817521,7.615374337248566e-13,0.23770391810107114,0.24164069953790576,-1.1967689635563466e-05
2021-08-17,8.40568875076005e-13,1.3952484245020739e-12,3.4871427569881838e-12,2.505898031939945e-12,2.541584105757846e-12,5.36784923496397e-12,2.264172749596603e-11,1.1593464818071965e-12,0.0,0.019492122838935977,0.25009560872615744,0.24765567954623158,7.743478741021932e-13,0.24255968448357873,0.2402088327375654,-1.1928373182942935e-05
2021-08-18,8.386791335530209e-13,1.3828403012047738e-12,3.4461604289997876e-12,2.5005289373781276e-12,2.512311263703588e-12,5.441376995223778e-12,2.1928546700698577e-11,1.1367282952128632e-12,0.0,0.019384740854260066,0.25211189449957133,0.2445365145867203,7.458508369959232e-13,0.24329371240491726,0.24068491459249788,-1.1776977899888985e-05
2021-08-19,8.2123800198932e-13,1.3793739438740947e-12,3.3787340075794386e-12,2.4754802533201253e-12,2.4788421920992523e-12,5.484879012282232e-12,2.191200965789987e-11,1.1134581965473152e-12,0.0,0.0189109795445121,0.25289824738153555,0.24065236210982563,7.394685372899487e-13,0.24500544068769356,0.2425447154822975,-1.1745245647749638e-05
2021-08-20,8.369768508053096e-13,1.3871580175197314e-12,3.4119797845346218e-12,2.4791543981149956e-12,2.50063493525627e-12,5.552158447714703e-12,2.2027888998673206e-11,1.0922208190114121e-12,0.0,0.019145551113505143,0.2517984357566956,0.23703267417607676,7.637645698906495e-13,0.24888514013087956,0.2431500174710539,-1.1818688262941639e-05
2021-08-23,8.434089280024929e-13,1.4012824435899333e-12,3.5246104656829156e-12,2.529535831196834e-12,2.5304675557344825e-12,5.693337118294998e-12,2.219539144037973e-11,1.1364483960454498e-12,0.0,0.0193659215813501,0.2539498866830348,0.2308588126240631,7.580324190629406e-13,0.24742736666584828,0.24841004884948756,-1.2036444396510028e-05
2021-08-24,8.533376974874038e-13,1.4028356774631104e-12,3.5664712961341522e-12,2.5823268086890522e-12,2.5849284490545187e-12,5.63825332321422e-12,2.2490941786150226e-11,1.1310005305960655e-12,0.0,0.01989869016407461,0.25405838411274184,0.23134377811644882,7.633627510376124e-13,0.24089955999248938,0.2538118009387921,-1.2213365560318461e-05
2021-08-25,8.591337041257575e-13,1.4299595176189612e-12,3.557485408257707e-12,2.588293892693664e-12,2.561761265792495e-12,5.618743881727075e-12,2.2343933961205678e-11,1.1579642884641237e-12,0.0,0.02012945165244037,0.25493629862106176,0.2285888240956108,7.685205775111823e-13,0.24590638671604764,0.250451364526328,-1.232565237453958e-05
2021-08-26,8.600151112142688e-13,1.4083899800671515e-12,3.515891648701718e-12,2.5871667737088243e-12,2.5247166411616873e-12,5.58532137468503e-12,2.2106685512540932e-11,1.152696168636062e-12,0.0,0.019434474806338968,0.25586018961305135,0.23113172196624107,7.515367556892618e-13,0.2432951855770963,0.2502906702683032,-1.2242271523344916e-05
2021-08-27,8.693523800371701e-13,1.3854282400138837e-12,3.4973615480138917e-12,2.5885480516044586e-12,2.5574650665196595e-12,5.789702170070516e-12,2.213676146288762e-11,1.1347785302107567e-12,0.0,0.01992279390343681,0.2574776059578784,0.2286430006799588,7.676958622535803e-13,0.24738044980269508,0.24658844184575876,-1.2292230455158581e-05
2021-08-30,8.676183916504432e-13,1.3916465185419928e-12,3.522430535622223e-12,2.5723660593975775e-12,2.5324267092715618e-12,5.848817503503863e-12,2.1657498401836186e-11,1.135686069650753e-12,0.0,0.020144308180664445,0.2550439563217499,0.23230444577233697,7.702553290215047e-13,0.24060868215670206,0.25191082876909865,-1.222124085087804e-05
2021-08-31,8.584635474280075e-13,1.458256265376353e-12,3.5256039467701858e-12,2.530760955331288e-12,2.7534194116960655e-12,5.021637025826602e-12,2.280300059875928e-11,1.2138333775087629e-12,0.0,0.021033793473772336,0.25000394469117443,0.25000394469338805,7.572257399950503e-13,0.22897015121502584,0.2500039446755835,-1.5778789866525193e-05
2021-09-01,8.67319814857728e-13,1.4643660968668306e-12,3.551091811704333e-12,2.550840475992941e-12,2.7476791405027607e-12,5.0981863767212324e-12,2.3123368466410776e-11,1.2500269797871696e-12,0.0,0.020973970331860225,0.25532745893868375,0.2479466988160371,7.725729847228235e-13,0.22862873304458498,0.24713903472869989,-1.5895901291381198e-05
2021-09-02,8.688541108659725e-13,1.4235184472504332e-12,3.4811133454432553e-12,2.5436375805937484e-12,2.7483369978244704e-12,5.0703311589034624e-12,2.2614608880097674e-11,1.2347063650795807e-12,0.0,0.021150196186477174,0.25510948626355534,0.2526417985173421,7.775418811648713e-13,0.22540215571589037,0.24571224212838227,-1.587885240994424e-05
2021-09-03,8.434894340822907e-13,1.3990294314564793e-12,3.4661962042880875e-12,2.5224336093804675e-12,2.750293061751094e-12,4.969759288548536e-12,2.2657276160515148e-11,1.211674148744305e-12,0.0,0.020806781468469763,0.2539343113738658,0.2548235630448206,7.626454212068833e-13,0.22272505855901553,0.24772590475745285,-1.561924420737597e-05
2021-09-06,8.41734408245173e-13,1.379224807897348e-12,3.543665865054041e-12,2.5069842711323938e-12,2.753634106618786e-12,5.039960127564869e-12,2.2456514724816795e-11,1.1936231685243014e-12,0.0,0.020216352322341615,0.2526136223231945,0.25574517886753007,7.586661112492969e-13,0.21636513148385947,0.25507531822196045,-1.5603259360015872e-05
2021-09-07,8.388257493937925e-13,1.3930458221869973e-12,3.5182645889588645e-12,2.4708957296501823e-12,2.7507113795958192e-12,5.004465151139549e-12,2.2005479757549034e-11,1.213322688703461e-12,0.0,0.019557082476058304,0.25697562509915456,0.25252563338054823,7.475078291468293e-13,0.2085576155206546,0.26239957454881496,-1.553106517325659e-05
2021-09-08,8.127672331441529e-13,1.3672630502499559e-12,3.4852081541906117e-12,2.43559251515863e-12,2.696478728814641e-12,4.802396135575839e-12,2.1352605397822264e-11,1.193531796726127e-12,0.0,0.019248662522359416,0.2549176634721134,0.25179748605232605,7.176937386808824e-13,0.2128334935563868,0.2612179255043148,-1.523114636383447e-05
2021-09-09,8.183617716740605e-13,1.3919183395842359e-12,3.5990763231526132e-12,2.4121301353605808e-12,2.7079623485990128e-12,4.688759107879184e-12,2.1559486730290228e-11,1.20822780728303e-12,0.0,0.019189524565281568,0.24822952365360104,0.2552114884301652,7.413443564586434e-13,0.21207327752307453,0.2653115189820531,-1.533319330280302e-05
2021-09-10,8.09352311677823e-13,1.4038011036667781e-12,3.5978379515728916e-12,2.4004749362163997e-12,2.6936240050052173e-12,4.683783732788684e-12,2.1758150582513237e-11,1.1905823095354464e-12,0.0,0.019256162197620434,0.24482362016413567,0.2640424667547048,7.333169231692439e-13,0.2103742549717647,0.26151888524012273,-1.538936761933453e-05
2021-09-13,8.208254679084448e-13,1.407789842658972e-12,3.5518013137702007e-12,2.4244125641669237e-12,2.6930210563729863e-12,4.68688706813173e-12,2.160073982913687e-11,1.1749135784294968e-12,0.0,0.019045304192161605,0.25139862517416744,0.2577554034366289,7.512452630646337e-13,0.2094437475106088,0.2623722633741037,-1.5343726782230327e-05
2021-09-14,8.241986621782477e-13,1.393628159495574e-12,3.5717647334455428e-12,2.340548469524248e-12,2.659811011052501e-12,4.6147352255657995e-12,2.1159717635283098e-11,1.1671952876431853e-12,0.0,0.019185989129024365,0.251508407811754,0.2539896066282411,7.535416941614704e-13,0.2092114487095996,0.26611983111218185,-1.5283429286259473e-05
2021-09-15,8.398822355763393e-13,1.410274392584591e-12,3.5784125850286006e-12,2.350173911067377e-12,2.673011633114095e-12,4.650075448326557e-12,2.1486326494036933e-11,1.1929397728898704e-12,0.0,0.01941842696557999,0.25508945802830174,0.2547807325825991,7.501684868101256e-13,0.20494810609900083,0.26577873399370694,-1.5457708119921232e-05
2021-09-16,8.454117992861786e-13,1.4032271686202119e-12,3.5769391448945966e-12,2.3679214926612148e-12,2.695881506518573e-12,4.5960244498526e-12,2.1824940023586797e-11,1.2147852900805376e-12,0.0,0.019215441587310717,0.2606297516236189,0.2547639568747188,7.227254670058689e-13,0.20021753319926858,0.26518880384050664,-1.5487164671562918e-05
2021-09-17,8.222473654024073e-13,1.3742051269804795e-12,3.5190096629810404e-12,2.3678853217305505e-12,2.6420907509245586e-12,4.582546571828865e-12,2.188026330542752e-11,1.2191441846750681e-12,0.0,0.018325581355040477,0.2582900889302929,0.2550453813873306,7.099626704462768e-13,0.2032259177923143,0.26512825763019154,-1.5227134287346036e-05
2021-09-20,8.228465328929985e-13,1.3829432930740955e-12,3.5155751280453234e-12,2.2897565255254828e-12,2.614250793844091e-12,4.632057561616978e-12,2.1545607169636503e-11,1.2099154274007636e-12,0.0,0.018750702839693982,0.264172251763485,0.2501620371637895,7.087527198554088e-13,0.1998544826524476,0.2670756793940512,-1.515385218913219e-05
2021-09-21,8.357320634825562e-13,1.4093935647499625e-12,3.5664534967717156e-12,2.3926030936677247e-12,2.6097721652613863e-12,4.580026036091969e-12,2.1666307441368335e-11,1.1960420592616043e-12,0.0,0.018663359216815095,0.2631110199011823,0.24886856169688795,7.231592433024857e-13,0.2002227915114113,0.2691495819983638,-1.5314363639998135e-05
2021-09-22,8.441968339889713e-13,1.4008317452329276e-12,3.562395637312407e-12,2.4068498059304466e-12,2.5527683586866236e-12,4.44802952931768e-12,2.1807480380755265e-11,1.206625893613631e-12,0.0,0.018745099747936124,0.26712302878748784,0.24853895500736634,7.283881189026185e-13,0.2067226196979735,0.25888563356170174,-1.5336841423295568e-05
2021-09-23,8.394936075847124e-13,1.4176397442211957e-12,3.5397052804191807e-12,2.42947020300936e-12,2.5096262523924365e-12,4.404845690606499e-12,2.161502342759776e-11,1.157909783240676e-12,0.0,0.018256742928456488,0.26819865479664723,0.2498913215528855,7.258580450308295e-13,0.20792081802922305,0.25574765167325525,-1.5189019107228156e-05
2021-09-24,8.533220672467757e-13,1.4249801157997997e-12,3.5600404192520444e-12,2.434531369532162e-12,2.54358057095748e-12,4.403853647929541e-12,2.2014372608809248e-11,1.1453287080257861e-12,0.0,0.018549571975625134,0.26924558544780625,0.24931091791833204,7.41171287283675e-13,0.2067377852327149,0.25617140223349,-1.5262847089640427e-05
2021-09-27,8.751237472951738e-13,1.4648325518097423e-12,3.664742562971518e-12,2.4563927192419378e-12,2.6133123191293498e-12,4.40384515088162e-12,2.201333838363424e-11,1.120883901863513e-12,0.0,0.01852833421108038,0.2720409331824686,0.24854824526352473,7.595958365978229e-13,0.2078986505785595,0.25299928224835044,-1.5445523355970132e-05
2021-09-28,8.595739244873729e-13,1.4120729536698e-12,3.552460788468992e-12,2.344852209081689e-12,2.5122887990309136e-12,4.318091352384244e-12,2.096510990437226e-11,1.0735977482898018e-12,0.0,0.017975203458302086,0.2747569371968919,0.25071480173784955,7.319372354828353e-13,0.20549521551450534,0.25107294709577715,-1.5105041096179987e-05
2021-09-29,8.58374601746437e-13,1.3966802736990218e-12,3.5673703304334895e-12,2.350403590566093e-12,2.5099564504988496e-12,4.3617515056560604e-12,2.0844958226433017e-11,1.0607983810682333e-12,0.0,0.01816476218973522,0.2707511143428489,0.25580689803889295,7.124818394167174e-13,0.20427566836301225,0.2510167236094829,-1.5166581634980823e-05
2021-09-30,8.584662448591672e-13,1.4582608474531357e-12,3.5256150247873855e-12,2.530768907391081e-12,2.753428063384701e-12,5.0216528046214356e-12,2.2803072249471224e-11,1.2138371915693425e-12,0.0,0.021033859565349665,0.25000473024395947,0.2500047302461731,7.572281193206632e-13,0.22897087067623353,0.25000473022836844,-1.892100100651416e-05
2021-10-01,8.716072856411866e-13,1.4595425999721777e-12,3.512280598705381e-12,2.5113265328908858e-12,2.7818949457697907e-12,4.965810672829164e-12,2.3359265213429458e-11,1.246484652225085e-12,0.0,0.021021142740512973,0.2540755002936409,0.25452666521645956,7.462691938885652e-13,0.22670409539389194,0.24369150068147113,-1.8904367430989586e-05
2021-10-04,8.745954081143781e-13,1.468793858664357e-12,3.4597842551630486e-12,2.4973404651291615e-12,2.7354971229038784e-12,4.907156203015408e-12,2.3526721248385163e-11,1.233239719422605e-12,0.0,0.02048667436570751,0.2548061561041819,0.2543053442310631,7.366583060357629e-13,0.22590868169723427,0.24451203596414905,-1.8892403775667183e-05
2021-10-05,8.785663820858671e-13,1.464732874717701e-12,3.570932840819899e-12,2.5099903474824246e-12,2.766294778071384e-12,5.032765039925234e-12,2.4955297409576454e-11,1.226680646450447e-12,0.0,0.020516887556508927,0.25577109904452316,0.2543941607403849,7.312694791069361e-13,0.228607141168195,0.24072983306755683,-1.9121620305215903e-05
2021-10-06,8.804654465337071e-13,1.455736655913729e-12,3.563303780146476e-12,2.47999450335053e-12,2.735753018592531e-12,5.0180686270446885e-12,2.440232270783255e-11,1.212494187638854e-12,0.0,0.020102470900924145,0.24544275222509576,0.25847190273312276,7.178510490362008e-13,0.2319669177783768,0.24403494561735528,-1.8989297340645928e-05
2021-10-07,8.791733123913925e-13,1.4553079884482705e-12,3.701611710125714e-12,2.557375494088065e-12,2.764589384461138e-12,5.089785399531017e-12,2.4460371683132256e-11,1.2333570051546511e-12,0.0,0.019684070574995365,0.2428570215084274,0.2614411603750004,7.114605211307884e-13,0.23427413455998375,0.2417628037587882,-1.9190820048293276e-05
2021-10-08,8.740640567080798e-13,1.470253003714144e-12,3.717619118498277e-12,2.5613791241194368e-12,2.7988654022179446e-12,5.130020886381001e-12,2.49817612134341e-11,1.227514756774665e-12,0.0,0.019322295432208675,0.2416225168436308,0.2662007681539023,7.290879724637557e-13,0.23883889509058615,0.2340347419837593,-1.9217547577872377e-05
2021-10-11,8.780624408837469e-13,1.4348521199399222e-12,3.732853693882224e-12,2.5365033589133047e-12,2.80725435543978e-12,5.014862125320766e-12,2.5238717402624574e-11,1.1955412493546288e-12,0.0,0.018921329887626386,0.2335109792395169,0.2652144400492382,7.482245917712633e-13,0.24912888441590553,0.23324347248443758,-1.9106120311483483e-05
2021-10-12,8.806781079527761e-13,1.4274887257916202e-12,3.725054464332541e-12,2.5078336793972218e-12,2.793141263992531e-12,5.012297249156305e-12,2.485833740916943e-11,1.185517044288228e-12,0.0,0.01902523827712138,0.22782599637167592,0.2630807303880531,7.677835434786877e-13,0.25259774049349387,0.23748925364941648,-1.8959222918805904e-05
2021-10-13,8.885824920884738e-13,1.4446880377447425e-12,3.798494917503429e-12,2.575252888870715e-12,2.751089319888569e-12,4.971559255818451e-12,2.5523070630190262e-11,1.1914263158172057e-12,0.0,0.018822894537091597,0.2278171453184885,0.259185048786047,8.031739651941084e-13,0.2547957915742213,0.23939824092038156,-1.912118017723373e-05
2021-10-14,8.955838086162932e-13,1.4621723292342773e-12,3.846369902736016e-12,2.6132135125620655e-12,2.736629703510423e-12,4.96472253131585e-12,2.5851908884433605e-11,1.185491425949734e-12,0.0,0.018987963770466833,0.23131194411828077,0.2520741041223506,8.153987621954291e-13,0.2543911002577604,0.2432540492475916,-1.916156082162202e-05
2021-10-15,8.951302267656421e-13,1.4744364103124468e-12,3.872395548663641e-12,2.6331321409147297e-12,2.7632357689755958e-12,4.945152507012267e-12,2.566604778208539e-11,1.1910394084006708e-12,0.0,0.01875449585214366,0.23107998123054455,0.2500405420735058,7.972013650793743e-13,0.25843719604341614,0.24170679329313183,-1.900853697962652e-05
2021-10-18,9.163121545253969e-13,1.4563490276747047e-12,3.865607714305158e-12,2.645477446763684e-12,2.813566566555285e-12,4.992194306726985e-12,2.5886921849203922e-11,1.17720484626408e-12,0.0,0.018932846936679088,0.22699592346783823,0.24892270433681915,8.078792823067645e-13,0.2549802762644,0.25018733405034616,-1.908510064413101e-05
2021-10-19,9.389000374500695e-13,1.451769347979511e-12,3.876427307421433e-12,2.609667371499324e-12,2.82320181341968e-12,5.107190299153421e-12,2.6079842863883348e-11,1.2004590639498194e-12,0.0,0.019420215822782857,0.22793092797199777,0.25227374181557755,8.172768193572921e-13,0.25239086694596263,0.24800357559585684,-1.9328197082335337e-05
2021-10-20,9.37726959236992e-13,1.4426621465283584e-12,3.880219656475238e-12,2.5926312185900134e-12,2.7992974415091325e-12,4.943455169196235e-12,2.5721472753375144e-11,1.1878710772635845e-12,0.0,0.019430047599986053,0.2312593930505158,0.25227045312603497,7.990410185452873e-13,0.2504167557960328,0.24664247573898648,-1.912535586052734e-05
2021-10-21,9.197622982298131e-13,1.4221768098767727e-12,3.83164007122093e-12,2.613203181860754e-12,2.7005481142190804e-12,4.9684817929815366e-12,2.5137058219381454e-11,1.1529206271623178e-12,0.0,0.019451743324532995,0.23357419763111645,0.2531026683012257,8.195954733803546e-13,0.25043213075440635,0.24345818307660969,-1.8923131456592246e-05
2021-10-22,9.095549877842964e-13,1.4195362905738014e-12,3.745313814056974e-12,2.5568135566675216e-12,2.6522661574173093e-12,4.766019802748016e-12,2.482820693734848e-11,1.106294531370258e-12,0.0,0.019436143004346578,0.22852324796110093,0.2566220134323442,7.874558030264895e-13,0.25230189781916285,0.2431353467376991,-1.8648997425029195e-05
2021-10-25,9.117118402068353e-13,1.4860774415342816e-12,3.813650174920967e-12,2.5791080098823045e-12,2.6564855849608992e-12,4.843036350059533e-12,2.525799825203996e-11,1.1290548836233756e-12,0.0,0.020002955193321455,0.23144416889062253,0.2530157993058,8.005006339639606e-13,0.246073887352225,0.2494821867097028,-1.8997495149367103e-05
2021-10-26,9.019652625711117e-13,1.4864151805655986e-12,3.862356915892981e-12,2.547552164647848e-12,2.687122297923627e-12,4.809816967803437e-12,2.582237483720493e-11,1.1218051166377374e-12,0.0,0.020192048764926706,0.22954246859560018,0.2491407139270678,7.929086407073999e-13,0.2456073727291578,0.2555363620836873,-1.8966144472161323e-05
2021-10-27,8.823402874423248e-13,1.4815247503249603e-12,3.8748261008935054e-12,2.544354712524196e-12,2.7204843941373665e-12,4.788847421722173e-12,2.5670963881256344e-11,1.1274259912452942e-12,0.0,0.020003560503852012,0.23070410803573513,0.24560052461193005,7.818894311994892e-13,0.24247103214926852,0.2612396696998223,-1.8895044480755723e-05
2021-10-28,8.497452489397933e-13,1.4775087542237e-12,3.850444141605232e-12,2.4787494439318856e-12,2.712685221127041e-12,4.7863728869190445e-12,2.570579957926619e-11,1.0779934508559499e-12,0.0,0.019646776696863474,0.23176758792946422,0.2470769259557652,7.649562975177791e-13,0.24382941247337198,0.2576980613185491,-1.876441771827919e-05
2021-10-29,8.584659681676867e-13,1.4582603774423985e-12,3.525613888449589e-12,2.530768091701239e-12,2.7534271759297873e-12,5.021651186097054e-12,2.2803064899833588e-11,1.213836800338573e-12,0.0,0.021033852785945373,0.25000464966516056,0.2500046496673741,7.572278752591516e-13,0.2289707968768389,0.2500046496495696,-1.8598685810861755e-05
2021-11-01,8.578204865100078e-13,1.4602383257757598e-12,3.532899146684108e-12,2.5582815084939727e-12,2.8104487903009552e-12,5.064869227027532e-12,2.3261129376288362e-11,1.2020743173392974e-12,0.0,0.020882540916695978,0.25231253722873204,0.24952186807527427,7.701227869625785e-13,0.22603472372406608,0.2512669963192314,-1.8666305517641216e-05
2021-11-02,8.59963003440289e-13,1.4240835553775734e-12,3.599695618726476e-12,2.5400762499282264e-12,2.730766542175415e-12,5.055724644851829e-12,2.3183283119534723e-11,1.196155455092415e-12,0.0,0.021046326415531103,0.2525955740214617,0.2504972452768014,7.659252144621735e-13,0.23250428453394803,0.24337515830605544,-1.8588595153348427e-05
2021-11-03,8.549902270854607e-13,1.4149539547309242e-12,3.6057515534012057e-12,2.4978606093138073e-12,2.654280029208293e-12,5.030671429799116e-12,2.311013750501947e-11,1.2129777524279228e-12,0.0,0.021276888981548593,0.26049116503964803,0.2472130479554576,7.435267833072459e-13,0.22922851625155935,0.24180883482465126,-1.845309399000364e-05
2021-11-04,8.603512301128322e-13,1.4078447093998754e-12,3.669943824536066e-12,2.4684522550359423e-12,2.6009488339412843e-12,5.107558076455491e-12,2.2425660812010937e-11,1.2108455329959227e-12,0.0,0.021298319176478668,0.25607701090354895,0.2472827188543133,7.438147282860132e-13,0.23019987269557404,0.24516054508720553,-1.846675761584291e-05
2021-11-05,8.505859290480427e-13,1.4297147708118033e-12,3.67416466873375e-12,2.485387454809996e-12,2.577400814749446e-12,5.184478505118702e-12,2.2317055820931948e-11,1.213965022991437e-12,0.0,0.020941720187098934,0.25860257426979855,0.24512896564002343,7.317899879961553e-13,0.22723456623069943,0.24811060812983293,-1.843449791802796e-05
2021-11-08,8.314580789688603e-13,1.4042839897521873e-12,3.613802532311029e-12,2.390471633745264e-12,2.489500698603114e-12,5.120890809131268e-12,2.173104750171538e-11,1.2118726767084885e-12,0.0,0.02082827397737512,0.2618650363456982,0.24078627488045215,7.280471601043087e-13,0.221155543786464,0.25538299504688317,-1.8124076394093282e-05
2021-11-09,8.472396858167746e-13,1.4048246133227413e-12,3.62994879234772e-12,2.42852425141715e-12,2.485921024307346e-12,5.0797052784230306e-12,2.199626685152941e-11,1.2137469437918152e-12,0.0,0.02056875635845498,0.2547148329426183,0.24187771963420907,7.400291387408642e-13,0.22037923268149973,0.26247758310728675,-1.8124763895129225e-05
2021-11-10,8.381222209430584e-13,1.384114423752052e-12,3.612505936538797e-12,2.416387164781677e-12,2.499065901704637e-12,5.009134988192819e-12,2.2313407916675293e-11,1.2426538482965414e-12,0.0,0.020886152138640958,0.24939229907376606,0.24532099142855066,7.50758159370636e-13,0.22300052943725587,0.26141807404962003,-1.804616789972317e-05
2021-11-11,8.151122677385914e-13,1.3758071234947952e-12,3.5899783933540447e-12,2.3905946396960963e-12,2.5042322523530096e-12,4.985271468290782e-12,2.2079212704843583e-11,1.2248288780432396e-12,0.0,0.02126498304878561,0.246908706708642,0.24338029285710175,7.453468179882302e-13,0.22456514874145234,0.26389891964328993,-1.8051038982138183e-05
2021-11-12,7.95848160374708e-13,1.3974155122010828e-12,3.665112909866548e-12,2.3744731818815965e-12,2.488013437061013e-12,4.9833819137747835e-12,2.197313980425833e-11,1.2354496737851554e-12,0.0,0.021011841162031523,0.2544705544601008,0.24091080207072246,7.65884633679336e-13,0.22729597902052007,0.256328966028717,-1.8142781770731088e-05
2021-11-15,7.832317719854076e-13,1.3654679294904508e-12,3.5680614594658673e-12,2.3296139524485044e-12,2.4482706302264643e-12,4.9200394861279285e-12,2.18412608656603e-11,1.215840099366288e-12,0.0,0.02040950614429989,0.26087831248077664,0.2386311059220327,7.806462824639359e-13,0.2280933227893701,0.25200549774284076,-1.774511857257985e-05
2021-11-16,7.889326780176187e-13,1.371032502931062e-12,3.516787949513614e-12,2.340591068442798e-12,2.495529305960964e-12,4.9044865793418556e-12,2.2063468214923506e-11,1.236192043491852e-12,0.0,0.020361328476760938,0.25778562730427573,0.23643581469110853,7.666489304828061e-13,0.22542698437620848,0.2600080651044907,-1.781999232805247e-05
2021-11-17,7.795783767599393e-13,1.3683836180767228e-12,3.486573478195079e-12,2.3647654954444906e-12,2.527350419644242e-12,4.943465850027064e-12,2.20866691647333e-11,1.2284013750574807e-12,0.0,0.020912813165585138,0.2538629076418711,0.23838264629186365,7.786336318061393e-13,0.2225069746518082,0.2643524170095979,-1.7758800289837375e-05
2021-11-18,7.737771852453113e-13,1.3720889164142377e-12,3.4186065454537965e-12,2.2961670990454508e-12,2.475552659435962e-12,4.885243479640463e-12,2.1785974734001627e-11,1.2040117466094608e-12,0.0,0.02076414610023212,0.2582295744689184,0.23682578793890416,7.75761016838308e-13,0.22163584515865897,0.26256214312482345,-1.7496830524478935e-05
2021-11-19,7.766206716555341e-13,1.3706176518622765e-12,3.389943222787788e-12,2.263831471866825e-12,2.4558023988048463e-12,4.880680243647826e-12,2.158647733724832e-11,1.2034663894067239e-12,0.0,0.02093103253372361,0.26232753473555076,0.23600573653923865,7.543717760014718e-13,0.21920420765228074,0.2615488929566967,-1.7404456172243224e-05
2021-11-22,7.601030147916965e-13,1.3843693598852368e-12,3.3817821790902597e-12,2.2648433474206463e-12,2.4868387498944113e-12,4.822596322079682e-12,2.1670464601834665e-11,1.1970302049065235e-12,0.0,0.020602879133068876,0.2684015735373032,0.23364712121226475,7.608342695406216e-13,0.2109503849475537,0.26641537261818127,-1.7331487100620043e-05
2021-11-23,7.728527611082922e-13,1.3951499956520935e-12,3.3965138443111722e-12,2.2908239546188917e-12,2.5735519851509274e-12,4.74615218824173e-12,2.20510595229418e-11,1.1897999933345136e-12,0.0,0.020667767819206134,0.26841972011941984,0.23525976756830086,7.510003440145135e-13,0.21643827270750896,0.25923191703632886,-1.744528993154202e-05
2021-11-24,7.802857669758916e-13,1.3968294974471164e-12,3.3688432066614788e-12,2.3066602414320365e-12,2.5365258832615435e-12,4.770591157595371e-12,2.1728599488145547e-11,1.2031979569408103e-12,0.0,0.020620655886664868,0.2709863678807874,0.23331113942798068,7.538657634003114e-13,0.21149482115257842,0.26360453585066074,-1.752023751752632e-05
2021-11-25,7.942539559714849e-13,1.4380821130755627e-12,3.376422913765297e-12,2.3305242982287823e-12,2.4849501341542946e-12,4.869054958570836e-12,2.198644393020477e-11,1.1966288087804162e-12,0.0,0.020569283308955223,0.2693779596451528,0.23553888805996054,7.409514492694659e-13,0.21576969834210769,0.2587617085212211,-1.7537916614864195e-05
2021-11-26,7.884606382600147e-13,1.428660470191374e-12,3.413331176609546e-12,2.3203712282169184e-12,2.451028724596497e-12,4.844750050773775e-12,2.203897580338111e-11,1.1799615782269835e-12,0.0,0.021304909323859565,0.26640469597228666,0.23495021681292963,7.3838267995393e-13,0.21476085233490472,0.26259690646257605,-1.758094576049386e-05
2021-11-29,7.974994536161583e-13,1.4278148820628459e-12,3.376323444690591e-12,2.3603414028067906e-12,2.4545508469018632e-12,4.965221267974164e-12,2.142789917163248e-11,1.1864030692873223e-12,0.0,0.02124618306709345,0.2661669001679837,0.23678153232741725,7.332116753341723e-13,0.21414956598006926,0.26167343954442107,-1.7621125713925746e-05
2021-11-30,8.584697986261101e-13,1.4582668841717892e-12,3.5256296196700645e-12,2.5307793839391534e-12,2.7534394616681977e-12,5.021673592606802e-12,2.2803166646664868e-11,1.2138422164547255e-12,0.0,0.02103394663858667,0.2500057651810362,0.2500057651832498,7.572312539951769e-13,0.2289718185400732,0.2500057651654451,-2.306074931336396e-05
2021-12-01,8.6392774053005e-13,1.4458184797885115e-12,3.519725268630054e-12,2.5090966933113154e-12,2.7047038371287253e-12,4.8303060503273115e-12,2.2646470854489252e-11,1.1889915072367952e-12,0.0,0.020672122453037112,0.2546250799764021,0.2576798667438796,7.529336548383398e-13,0.2248947499546807,0.24215101138436682,-2.283055282817059e-05
2021-12-02,8.800674025011161e-13,1.4928422869786693e-12,3.560348463150156e-12,2.475475781830363e-12,2.76572653241634e-12,4.961446766178927e-12,2.2480212417742914e-11,1.2091212642316642e-12,0.0,0.020947070019998376,0.2550048287921039,0.26589748937428126,7.584750214758076e-13,0.22199866396736978,0.23617509778774337,-2.314998208031448e-05
2021-12-03,8.793358297543433e-13,1.4832858014714588e-12,3.5190520737423923e-12,2.432165007070078e-12,2.7136605623145765e-12,4.832094364705067e-12,2.207164485594544e-11,1.1582631357804657e-12,0.0,0.020588747421818925,0.2543519641626199,0.26245409297773153,7.596234776603963e-13,0.22467201900375464,0.23795603031838272,-2.285392415683335e-05
2021-12-06,8.80601033281767e-13,1.4790659599511445e-12,3.4715655983725018e-12,2.445675285053671e-12,2.761046556643927e-12,4.839446267858566e-12,2.2578732447303506e-11,1.1300605026556484e-12,0.0,0.020804821950283724,0.25474801158782057,0.26754968083781583,7.574019722997051e-13,0.22053974120774,0.2363805253806597,-2.2781004663335318e-05
2021-12-07,8.691692140918388e-13,1.4644338248405743e-12,3.513543228933865e-12,2.4741245270712333e-12,2.777748791439876e-12,4.7405367263574664e-12,2.2507512484308833e-11,1.112355611265786e-12,0.0,0.020652984857780145,0.25072119053046166,0.2681745240724642,7.502913976380044e-13,0.2269272731002878,0.23354683849997934,-2.2811101182856014e-05
2021-12-08,8.620819033258701e-13,1.4399152877569816e-12,3.53060300346942e-12,2.471003844348455e-12,2.7438638903038634e-12,4.838194715329097e-12,2.283060490250163e-11,1.1178395632890903e-12,0.0,0.020977744168673873,0.24872109863893152,0.2649092848585761,7.652217613576609e-13,0.2298232298934711,0.23559156603210335,-2.292363235510322e-05
2021-12-09,8.591136021549504e-13,1.4554677942207435e-12,3.5180802704723353e-12,2.4796540410926103e-12,2.8052177532717053e-12,4.8199127679928825e-12,2.245241165534441e-11,1.1064442145581775e-12,0.0,0.0211627367311926,0.24941217171440686,0.2639227328237955,7.755422282910809e-13,0.22739153183414446,0.23813385115344196,-2.302429725326817e-05
2021-12-10,8.587377092741533e-13,1.451682106541216e-12,3.5168319207270398e-12,2.485274877697944e-12,2.8221414478212987e-12,4.866651171328526e-12,2.1477623002918465e-11,1.1011286409869877e-12,0.0,0.02180362880355723,0.24671756130854638,0.2664547702257699,8.013360800634738e-13,0.22348242011146757,0.24156478923338395,-2.31697221062508e-05
2021-12-13,8.41922006980788e-13,1.4268402730293163e-12,3.4443693724582632e-12,2.4348129196484757e-12,2.88050162828907e-12,4.860527560991922e-12,2.1536964859081353e-11,1.095611242787042e-12,0.0,0.02167746127971597,0.2480379663216741,0.2595245151696713,8.053214074129339e-13,0.22369410847059149,0.2470888336789506,-2.288495993028723e-05
2021-12-14,8.54643628532986e-13,1.438025099675759e-12,3.4967625086733914e-12,2.5224727870895955e-12,2.8707499839334986e-12,4.822860829824522e-12,2.197923672117497e-11,1.1097916578601553e-12,0.0,0.022421972328327468,0.25059305790209346,0.25621506800114063,8.504481165788612e-13,0.2239158527480372,0.24687736716308709,-2.3318182630737298e-05
2021-12-15,8.523899096373567e-13,1.4139484749150946e-12,3.449385106674236e-12,2.5038604442874e-12,2.8712497457650144e-12,4.740826091905093e-12,2.2143787537438472e-11,1.0625053210336934e-12,0.0,0.021849338666359443,0.2529204059750553,0.2535872491724067,8.298272689965389e-13,0.22377141142539247,0.2478946068494687,-2.3012128550495975e-05
2021-12-16,8.669810189353283e-13,1.4146252428876314e-12,3.469257548045216e-12,2.5314676178967062e-12,2.9016708233468737e-12,4.839666012029471e-12,2.1782113949554752e-11,1.0794814307465638e-12,0.0,0.02180756446856258,0.25269701272308503,0.2555254805054245,7.86224984239733e-13,0.22342276029004607,0.24657044232380995,-2.326035059953982e-05
2021-12-17,8.699505108203409e-13,1.4008858180139053e-12,3.455857795011986e-12,2.5723478828839853e-12,2.9323458550494216e-12,4.888503199377517e-12,2.1604242769970476e-11,1.0862614308714702e-12,0.0,0.021711957391578378,0.25403810140465904,0.25262675964746034,8.057956746480781e-13,0.22249662542307072,0.24914977461659993,-2.321852298447425e-05
2021-12-20,8.832509090608433e-13,1.4177007703220523e-12,3.4086447155673555e-12,2.5896160564804392e-12,2.9674719688852475e-12,4.952593808484662e-12,2.1315585212699392e-11,1.0779952320978174e-12,0.0,0.021493341098308253,0.25326054938962556,0.25981502022285063,8.066152562284262e-13,0.2199654431639888,0.24548889520507813,-2.3249119270710316e-05
2021-12-21,8.745128034065424e-13,1.380434534125018e-12,3.35555388073061e-12,2.5659505617773147e-12,2.9754583865221814e-12,4.930762184413335e-12,2.0839404726192737e-11,1.0819648874820221e-12,0.0,0.02081257703024101,0.24934365041914713,0.26274023665282425,7.98711669422585e-13,0.2172363871882372,0.2498900911029016,-2.2942432153753095e-05
2021-12-22,8.546761838146148e-13,1.3498575722795234e-12,3.266584204458475e-12,2.553205850306364e-12,2.9541230065957472e-12,4.982289797819594e-12,2.07172361793195e-11,1.0659909608887612e-12,0.0,0.02066223355208378,0.24040998918218198,0.272283338864489,7.987811601274235e-13,0.21612184756365524,0.2505453156725524,-2.2724873505158438e-05
2021-12-23,8.606396590944092e-13,1.348344286043022e-12,3.2453941233936497e-12,2.571684083957376e-12,2.9691102932430744e-12,4.932610130053507e-12,2.1123301500754867e-11,1.0709267913504477e-12,0.0,0.021119652984807457,0.2406291757246277,0.27389905161581624,8.106267112648955e-13,0.2134055898316168,0.25096925638733913,-2.272658313985313e-05
2021-12-24,8.439889781537025e-13,1.3079483403978889e-12,3.2585602190022704e-12,2.4784907886027654e-12,2.862692681317524e-12,4.913543705321812e-12,2.0892778170222515e-11,1.0339209662923229e-12,0.0,0.021163068357624774,0.23564547666272317,0.28012748240686086,7.702545663799862e-13,0.21174832561989218,0.2513379029907224,-2.2256076185488655e-05
2021-12-27,8.390734683987394e-13,1.2868416312505549e-12,3.2026381015772447e-12,2.4561372627856816e-12,2.850538778760286e-12,4.882240083422368e-12,2.089027316177381e-11,1.0048009327417421e-12,0.0,0.020565045146306568,0.23092987952943062,0.28098644046327304,7.610709287622253e-13,0.21874924817692942,0.24879132398173098,-2.193733584420775e-05
2021-12-28,8.476620107888953e-13,1.3007139911926824e-12,3.2115116863332194e-12,2.4784446758951245e-12,2.917845294167883e-12,4.9373352220524995e-12,2.0869925219059867e-11,1.0014154590087433e-12,0.0,0.020792933894213758,0.2377353380942904,0.27737531072047505,7.643771544155079e-13,0.2215258403837651,0.2425927218653477,-2.2144996421359573e-05
2021-12-29,8.409555840429347e-13,1.2917520299579715e-12,3.1839770229569954e-12,2.4840198324849732e-12,2.912378508560037e-12,4.902703396412947e-12,2.0993242643688514e-11,1.0260283963815262e-12,0.0,0.020176986268271163,0.24001572130519636,0.2766185752724203,7.666896797142245e-13,0.21999184271183556,0.24321901419333888,-2.2139789463981614e-05
2021-12-30,8.418409314191186e-13,1.2837345257344205e-12,3.152154164284729e-12,2.470513206113262e-12,2.9198942030289334e-12,4.939187223583185e-12,2.123057998698952e-11,1.0186623214698116e-12,0.0,0.020475822608094458,0.24452231123258042,0.2763260281952295,7.636904883475879e-13,0.22075568114937477,0.2379422838273593,-2.212705125865671e-05
2021-12-31,8.584635469580298e-13,1.4582562645780111e-12,3.5256039448400462e-12,2.5307609539457886e-12,2.753419410188669e-12,5.021637023077439e-12,2.280300058627546e-11,1.2138333768442331e-12,0.0,0.0210337934622571,0.2500039445543064,0.25000394455652003,7.572257395804968e-13,0.22897015108967303,0.2500039445387155,-1.5778242394315096e-05
2022-01-03,8.861689778331643e-13,1.4714097373230604e-12,3.592602467616058e-12,2.5577545782420386e-12,2.7926697385194834e-12,5.244919438566638e-12,2.3125118130934194e-11,1.2424542726028278e-12,0.0,0.02108904016834596,0.2510958939213764,0.24944925750241434,7.592693900335576e-13,0.22111279659024582,0.2572690736710843,-1.6061895139214255e-05
2022-01-04,8.814318591414829e-13,1.4378714558084989e-12,3.451968202267677e-12,2.4774600712391957e-12,2.709982552299706e-12,5.051525956726044e-12,2.2829399471632667e-11,1.2264464588191968e-12,0.0,0.02081379312596697,0.2511266232178295,0.2512802779030405,7.783271441793262e-13,0.2122779290666815,0.26451704543515275,-1.5668789515772376e-05
2022-01-05,8.713375829185847e-13,1.4176648254521122e-12,3.436178096085557e-12,2.4411116503718113e-12,2.7012751188107733e-12,4.926349531100051e-12,2.2574613371792514e-11,1.2388744280614595e-12,0.0,0.020695147372907917,0.25107196457073044,0.2542364985413607,7.498401476917094e-13,0.21287136342780463,0.2611405643178743,-1.5538271035353377e-05
2022-01-06,8.813082621471506e-13,1.4470336920221536e-12,3.425491335630303e-12,2.4367368708478346e-12,2.664071585113792e-12,4.940566927435387e-12,2.3210255649586177e-11,1.249191582843506e-12,0.0,0.020746854446890943,0.24750815441847088,0.25194811131614053,7.626516098284211e-13,0.2104503547162619,0.26936221332086263,-1.5688259644287034e-05
2022-01-07,8.817661391296941e-13,1.4500551453821312e-12,3.419461946422055e-12,2.4614789090039105e-12,2.6929226203586473e-12,4.968407196632148e-12,2.3419008278962824e-11,1.2471701011770456e-12,0.0,0.02066796075977836,0.2478824230920499,0.2511583932055782,7.576953690454242e-13,0.20813344796277394,0.2721734787863947,-1.5703847873124583e-05
2022-01-10,8.819336035960162e-13,1.4496152094779309e-12,3.332641324959777e-12,2.468008211065784e-12,2.650513006062644e-12,4.947076852721694e-12,2.2857944145217707e-11,1.2348744414808549e-12,0.0,0.019953782091049255,0.2473791756081314,0.25384527831493586,7.465315757353717e-13,0.21079854931590286,0.26803872628474124,-1.551165532989416e-05
2022-01-11,8.843364689427745e-13,1.40964986064522e-12,3.401876017020225e-12,2.497353415400308e-12,2.627756452239703e-12,4.7973279222365375e-12,2.282997677806815e-11,1.203488644991344e-12,0.0,0.019980686437713804,0.242396054496933,0.25736406809917756,7.53353512934141e-13,0.21349522587356168,0.2667793920635254,-1.5427011316702563e-05
2022-01-12,8.682603982505734e-13,1.4167080071486558e-12,3.37561501507021e-12,2.44577849387116e-12,2.6581970585258867e-12,4.903137273951256e-12,2.270998703655928e-11,1.2345072851958918e-12,0.0,0.019771022942278078,0.2388207795350007,0.2632634561843756,7.396775350729031e-13,0.2153796833757957,0.2627804067427017,-1.534882050361452e-05
2022-01-13,8.740699464296641e-13,1.4473944317508773e-12,3.39923242984618e-12,2.461623878751615e-12,2.72495660201495e-12,5.059737834048012e-12,2.3165481822416228e-11,1.2368613782983631e-12,0.0,0.020020134242957618,0.24279226742888801,0.261829434764833,7.576206079643199e-13,0.2181872991135286,0.25718638033625874,-1.5515927593213615e-05
2022-01-14,8.617991799115203e-13,1.4324037825313617e-12,3.3787162262859486e-12,2.5018299966355766e-12,2.718637070603295e-12,4.979333385951461e-12,2.3115015961358854e-11,1.2243999571202979e-12,0.0,0.0200983543678824,0.24630116323370105,0.26041374242431903,7.755243005656001e-13,0.2206992953448779,0.25250287507301117,-1.5430484779237447e-05
2022-01-17,8.735718527512348e-13,1.4270261306213127e-12,3.324773093454407e-12,2.5314595015636237e-12,2.76785226521837e-12,4.9427421735501835e-12,2.279951246293597e-11,1.2130162935042362e-12,0.0,0.0203571628589531,0.24688893416620097,0.2590972452993817,7.905426544200108e-13,0.21797088667321482,0.2557010893307808,-1.5318369201941092e-05
2022-01-18,8.984161454317127e-13,1.47807757090844e-12,3.4246504329808908e-12,2.6091076284548146e-12,2.841577026073481e-12,5.185796241874951e-12,2.3283340670811322e-11,1.2380449548898169e-12,0.0,0.021317210894252637,0.24484075779399236,0.2647284340332617,7.896039244765301e-13,0.22097098292804923,0.24815840818697016,-1.5793878274659023e-05
2022-01-19,8.871423752404153e-13,1.4445704217584509e-12,3.388440346903897e-12,2.5318321821752677e-12,2.812703503521689e-12,5.100808276019972e-12,2.349152224574707e-11,1.2488184068500085e-12,0.0,0.020975521573710163,0.2499341099506882,0.2549691529563678,7.617463645422622e-13,0.21822786062792757,0.25590896765041365,-1.5612800774936095e-05
2022-01-20,8.976719326385413e-13,1.4618407152095228e-12,3.3819394270935223e-12,2.5948606096187236e-12,2.8848760403611885e-12,5.224284951437478e-12,2.3617675155567713e-11,1.2536328631950262e-12,0.0,0.021298236163748818,0.24902316073076394,0.2534356914110916,7.667857273213662e-13,0.21935068368039323,0.2569080531988506,-1.5825226931986652e-05
2022-01-21,8.98244291081082e-13,1.4575617338993459e-12,3.358957426237014e-12,2.590770604284252e-12,2.839762689782526e-12,5.212443733841189e-12,2.358087490862118e-11,1.2225748861818533e-12,0.0,0.02093345482784656,0.24852186609922225,0.25752312177520337,7.765747077980552e-13,0.2187447815848078,0.25429253838663884,-1.576271565661756e-05
2022-01-24,9.071929360770444e-13,1.469027692947083e-12,3.3400656048027405e-12,2.56993889374971e-12,2.7713770188010472e-12,5.2287103678235786e-12,2.3582172493297518e-11,1.2437468805213393e-12,0.0,0.021393696584008495,0.2460317748013699,0.262811098346502,7.704035604075502e-13,0.22214682123415738,0.2476323843724753,-1.5775380395787214e-05
2022-01-25,8.926818666850735e-13,1.413391663438474e-12,3.270082074428349e-12,2.536187019782978e-12,2.704093042097685e-12,5.065257864104381e-12,2.3421862472430426e-11,1.2195916838653458e-12,0.0,0.02102384806857236,0.25194319284665706,0.2631357883063081,7.720859414199364e-13,0.2199201122689041,0.24399254403376733,-1.5485565504215282e-05
2022-01-26,8.91388307339619e-13,1.4341477434984384e-12,3.323825017283128e-12,2.5356557112119757e-12,2.724185970296584e-12,5.0443657633914566e-12,2.3921293535109662e-11,1.2607343751544276e-12,0.0,0.02162335949687474,0.25346161510524173,0.26016126005066664,7.647767609502645e-13,0.21957544042450478,0.24519414300385955,-1.581812304794585e-05
2022-01-27,8.82724758241723e-13,1.407794863354787e-12,3.3087468093246554e-12,2.5083195089711595e-12,2.702438992002989e-12,5.076737327945688e-12,2.3350740657524893e-11,1.258035100928983e-12,0.0,0.02134003424498523,0.25505278251282315,0.2619287625353988,7.461509024182523e-13,0.21712747522018488,0.2445666303935279,-1.568494816169404e-05
2022-01-28,8.824104581600951e-13,1.4193276052401308e-12,3.3263771641852894e-12,2.566972564270687e-12,2.658425923497737e-12,5.080786437803406e-12,2.3119819062429585e-11,1.2718828810998153e-12,0.0,0.021508009855123158,0.2530853895258343,0.259343083231488,7.290897820070926e-13,0.21584765263958333,0.2502315814960859,-1.571678916976638e-05
2022-01-31,8.584581731736083e-13,1.458247136229085e-12,3.5255818753699766e-12,2.530745111964103e-12,2.753402174416242e-12,5.021605588784276e-12,2.280285784473478e-11,1.2138257785263853e-12,0.0,0.02103366179554623,0.25000237958709576,0.2500023795893093,7.572209995214723e-13,0.22896871778917324,0.25000237957150495,-9.518373551673373e-06
2022-02-01,8.59082269112854e-13,1.47428885950766e-12,3.5632374913657064e-12,2.535554718571689e-12,2.700154613853624e-12,5.225791388267129e-12,2.3392308352479153e-11,1.2290342989732878e-12,0.0,0.021045387030284815,0.2483857282258827,0.25593901947935194,7.625400221067435e-13,0.22624878223472944,0.24839061915842384,-9.536170414750936e-06
2022-02-02,8.641360127789926e-13,1.491226874591799e-12,3.6053571904145025e-12,2.5458706424106485e-12,2.6796296193752637e-12,4.986002811208147e-12,2.3380635437618377e-11,1.2235179108245897e-12,0.0,0.020970179854868813,0.24198804482974764,0.25722125569811527,7.676634519642501e-13,0.2280770305624544,0.25175297886177633,-9.489848506451318e-06
2022-02-03,8.818819026175001e-13,1.5069778869228823e-12,3.655928270318199e-12,2.586330290050868e-12,2.723006685165122e-12,5.124993251636268e-12,2.3935524500060916e-11,1.2783539356693822e-12,0.0,0.021311122798074112,0.2303680068696564,0.26654158170317027,7.718623257821134e-13,0.22814567520085113,0.25364324125396737,-9.627868184221022e-06
2022-02-04,8.777735796156534e-13,1.5156913984327559e-12,3.592995815273311e-12,2.553448453727158e-12,2.7334595511655808e-12,5.164374360981202e-12,2.4136188406693814e-11,1.2637926170505632e-12,0.0,0.021139659804284373,0.23122623168102344,0.27318372900834065,7.440697515585359e-13,0.2272119910511947,0.24724801012672434,-9.621714149442414e-06
2022-02-07,8.687444879113922e-13,1.5388453474786477e-12,3.6338703812550376e-12,2.5807097603842066e-12,2.7792964603530245e-12,5.161099020052339e-12,2.412913235074663e-11,1.3102341822917604e-12,0.0,0.021501885499010588,0.2325664203637249,0.26618250733906357,7.215113143215865e-13,0.2261149277489908,0.25364393082790504,-9.671821418326e-06
2022-02-08,8.646092217440214e-13,1.5343076328809061e-12,3.551785427221769e-12,2.5969143057619117e-12,2.713752250576163e-12,5.113196796348504e-12,2.3837482611806206e-11,1.2914256323630499e-12,0.0,0.02101430733559522,0.22479186376070756,0.26312785020198404,7.08011152104418e-13,0.23720273245336623,0.2538727989388084,-9.5527326731295e-06
2022-02-09,8.654504949469881e-13,1.5253249806735683e-12,3.496789832506537e-12,2.579063823803999e-12,2.7310544903654586e-12,5.232796407182713e-12,2.4319994521740533e-11,1.3021709638880859e-12,0.0,0.02120989993359308,0.22405081784757555,0.2721536491773948,7.093317437700731e-13,0.2380681534354091,0.24452707680785452,-9.59724458904942e-06
2022-02-10,8.518146675235989e-13,1.5168467912251902e-12,3.4085075494044754e-12,2.521438971632576e-12,2.7192319117504603e-12,5.062917810731956e-12,2.4327526357746094e-11,1.2745969632336433e-12,0.0,0.020554859586515237,0.22234389015626968,0.27958130457524283,7.092752538851199e-13,0.23114050126560173,0.2463889060020631,-9.461628084740858e-06
2022-02-11,8.300333711146978e-13,1.503162934671696e-12,3.360519997234415e-12,2.3813441690245014e-12,2.625539456162615e-12,5.008876267956728e-12,2.3829301932174903e-11,1.2279065091616743e-12,0.0,0.019500131052159978,0.21705915085646482,0.28352566417604325,7.032382752816002e-13,0.2350048199139717,0.24491947948107154,-9.24552118123931e-06
2022-02-14,8.443282776922862e-13,1.544653199807723e-12,3.399514350740424e-12,2.394119736882313e-12,2.678558750651602e-12,5.140932962836545e-12,2.385523907333267e-11,1.2246421062442862e-12,0.0,0.019903808079475258,0.22156312721856666,0.27886235330764336,7.324747776210017e-13,0.23407546621938213,0.2456045576209729,-9.312487854849786e-06
2022-02-15,8.421387555631416e-13,1.5963836321189667e-12,3.428993848263395e-12,2.3851428192607686e-12,2.723172463933319e-12,5.223436039171511e-12,2.3941302404121197e-11,1.2468918886779854e-12,0.0,0.019874865711606068,0.21569605921627436,0.27435320101631194,7.604787498251621e-13,0.24260548636976587,0.2474797540124868,-9.366368593073184e-06
2022-02-16,8.576161892994167e-13,1.5980298450139614e-12,3.4291625450620938e-12,2.3931629850163373e-12,2.726493785237486e-12,5.223452076038902e-12,2.4378703392438288e-11,1.2530756903834338e-12,0.0,0.020251148952064358,0.2176836470034251,0.27065720757803924,7.44638040070081e-13,0.24399187232506306,0.2474255132130909,-9.389114287095834e-06
2022-02-17,8.527246999407083e-13,1.5873916089165814e-12,3.5020149640134053e-12,2.3414714346338997e-12,2.6435421580780604e-12,5.2122250337870765e-12,2.4100738369387793e-11,1.250723670110584e-12,0.0,0.020525135993285926,0.21104583213334865,0.26644991953930186,7.455967802895474e-13,0.2458921323305074,0.2560963059724154,-9.326011095913032e-06
2022-02-18,8.495439934173927e-13,1.5664630966202072e-12,3.424686913182523e-12,2.2970954334816194e-12,2.5916205393450636e-12,5.1902812741921276e-12,2.388257440122991e-11,1.2119901946010987e-12,0.0,0.020546788006590655,0.20962304756782224,0.26568651701313856,7.413651320484907e-13,0.25006675050619703,0.2540861031248285,-9.206260332734624e-06
2022-02-21,8.394050361797976e-13,1.5390779123355697e-12,3.405545345406415e-12,2.2144005548492876e-12,2.564601606568291e-12,5.134253595447722e-12,2.3251805809157612e-11,1.1863369033804008e-12,0.0,0.020454036196329715,0.2082809855867956,0.2649203243464136,7.366432198982975e-13,0.25369358339867026,0.25266019830181674,-9.12787089816498e-06
2022-02-22,8.195004339895223e-13,1.5487534505212223e-12,3.384903859326288e-12,2.1774579149948594e-12,2.500398760541809e-12,5.109043246435642e-12,2.298504781310104e-11,1.200813966134602e-12,0.0,0.01998996328368036,0.2092321120716828,0.26642650680668295,7.316269226215221e-13,0.2543247917624216,0.25003566014594175,-9.034110867111327e-06
2022-02-23,8.18992116168513e-13,1.5626359043640667e-12,3.398326698177757e-12,2.1672782658387754e-12,2.5345783118307993e-12,4.9408692782547745e-12,2.3558819702867445e-11,1.168713506444596e-12,0.0,0.01992594835557015,0.20820553069825815,0.2702677683513548,7.162689657177887e-13,0.2549050643615079,0.2467046950091644,-9.006816721914052e-06
2022-02-24,8.266837674404945e-13,1.5719391500299453e-12,3.4243308599823586e-12,2.1679728159559975e-12,2.535751362312568e-12,4.9924275130533755e-12,2.402001743830701e-11,1.1666690752308916e-12,0.0,0.020253243833416444,0.2095256286152514,0.27594381820471475,7.097727954503133e-13,0.24835949182588787,0.24592688180725183,-9.06432793800367e-06
2022-02-25,8.213114333383423e-13,1.5719028844192547e-12,3.4035189165714757e-12,2.1882190272505153e-12,2.5290506121794978e-12,5.006502048925619e-12,2.4093179003662165e-11,1.1709973344099974e-12,0.0,0.02043415758028417,0.20703956505569635,0.28275536098210846,7.075965400048766e-13,0.24269727023580848,0.2470827154010917,-9.069296481558563e-06
2022-02-28,8.584781701174248e-13,1.458281104670373e-12,3.525664000352748e-12,2.530804063197138e-12,2.7534663122278518e-12,5.021722562176766e-12,2.280338901501357e-11,1.21385405341112e-12,0.0,0.021034151754132827,0.250008203148097,0.25000820315031075,7.572386382443097e-13,0.22897405139158794,0.2500082031325059,-3.281261755725457e-05
2022-03-01,8.472157741891732e-13,1.4177468889187881e-12,3.521795146401768e-12,2.483769343013958e-12,2.769918431519828e-12,4.9675435741408846e-12,2.285343093938081e-11,1.2306832257096152e-12,0.0,0.02072811461956199,0.24825585200247177,0.2550129016786427,7.442021233319178e-13,0.22520227927127587,0.25083345927155876,-3.26068843472567e-05
2022-03-02,8.38629799285641e-13,1.4132923552776026e-12,3.4466990621210322e-12,2.5350846879917464e-12,2.712063696923755e-12,4.924466924246103e-12,2.2739761139431094e-11,1.2583336010609308e-12,0.0,0.021270987023777468,0.2501873382238899,0.2556776632624904,7.281554262785539e-13,0.22655730063810173,0.2463391577837462,-3.2446972602102894e-05
2022-03-03,8.474634268772301e-13,1.397459227811835e-12,3.4378082155754467e-12,2.515584620510167e-12,2.676045285378126e-12,4.964929219257695e-12,2.2875518451745114e-11,1.2783290778948437e-12,0.0,0.021597105780861034,0.26004117596699505,0.2534498833913444,7.51548539188097e-13,0.22523508166798828,0.23970914774905888,-3.239459699229273e-05
2022-03-04,8.452599105592198e-13,1.4127326869871429e-12,3.407873535970816e-12,2.4991937453505076e-12,2.6964178688334517e-12,4.967258091124531e-12,2.3066541416345106e-11,1.2832605290915702e-12,0.0,0.02146388966478528,0.2611660047876418,0.24963560214710756,7.690146482333586e-13,0.22277934128135832,0.24498755957939525,-3.239750123560851e-05
2022-03-07,8.418303794567376e-13,1.4130358815082981e-12,3.3835682688675848e-12,2.4656965861867925e-12,2.63468415198443e-12,4.89166351856228e-12,2.292703067659232e-11,1.2849806441980128e-12,0.0,0.021281329112168478,0.2570320722314242,0.24318578512295724,7.743146589753226e-13,0.22805204204203308,0.25048110245530436,-3.2331004504044936e-05
2022-03-08,8.429022589107363e-13,1.414532612786304e-12,3.4271790432882434e-12,2.4619390784713286e-12,2.641326544380514e-12,4.8459403975347704e-12,2.2387986208885982e-11,1.2659133980550964e-12,0.0,0.021191831954092924,0.2636924816697145,0.2422802504777704,7.863256913002715e-13,0.225106706379267,0.24776087960023785,-3.2150121156543994e-05
2022-03-09,8.392519736604002e-13,1.4156381126429941e-12,3.475583466692918e-12,2.482871938211041e-12,2.6941331865378914e-12,4.898351906373265e-12,2.2470922737997327e-11,1.3155703961145982e-12,0.0,0.02175950287875755,0.2642365728819218,0.24729895093092047,8.060544838426955e-13,0.22792756066590455,0.2388098240841082,-3.241148201090801e-05
2022-03-10,8.438952137509469e-13,1.4409911138608282e-12,3.5143079488132137e-12,2.509157165435347e-12,2.6522172751147513e-12,4.879811887830781e-12,2.2720611477217007e-11,1.330574896784997e-12,0.0,0.021832510447190437,0.26747394515411355,0.24877046606124328,7.966176368224144e-13,0.21981552179599848,0.24214013521946637,-3.2578718700312946e-05
2022-03-11,8.45447433450327e-13,1.4322956497150874e-12,3.4537459503776657e-12,2.5279916645530903e-12,2.6444687452271336e-12,4.916306340764256e-12,2.3300623215570946e-11,1.2907138979054445e-12,0.0,0.021771391825322447,0.27390537227195827,0.24202775867465323,8.241064580597222e-13,0.2204837440968311,0.24184431172063575,-3.257863063635081e-05
2022-03-14,8.556781059648064e-13,1.4459730085495648e-12,3.541921600852546e-12,2.5321758383268323e-12,2.693040855060789e-12,4.9612770021653774e-12,2.3387787240368942e-11,1.3570021375236698e-12,0.0,0.022291907274492907,0.2829360595905476,0.2396075728435822,8.616174154732508e-13,0.21343256447597375,0.24176492389362475,-3.30281198576093e-05
2022-03-15,8.4406567332573e-13,1.4410379367784357e-12,3.5175568952136935e-12,2.504103298826266e-12,2.667977431599063e-12,4.854324440437267e-12,2.2706605569206328e-11,1.3585242477893953e-12,0.0,0.0226339101130528,0.276804898341783,0.24023381308509328,8.496674834150164e-13,0.21611737923301289,0.24424271449017837,-3.271530386420395e-05
2022-03-16,8.465640787002736e-13,1.437508862706868e-12,3.5576727098275366e-12,2.5253280831446245e-12,2.648646978599291e-12,4.776966422716232e-12,2.2643823919196887e-11,1.3893038540483963e-12,0.0,0.02227035385773099,0.27190988501837304,0.24571100769311663,8.338291125098133e-13,0.2184124568743964,0.2417290368184983,-3.274030277489807e-05
2022-03-17,8.590712271946517e-13,1.4256334333212954e-12,3.6000097320954042e-12,2.5296451974653444e-12,2.6557454141471998e-12,4.654663079908525e-12,2.1963580791812534e-11,1.3845512986117354e-12,0.0,0.021876278803296668,0.26706044538661977,0.24799217268946772,8.419299190672816e-13,0.21783690478830095,0.24526691589608668,-3.271760368660591e-05
2022-03-18,8.452611518501383e-13,1.413380183748382e-12,3.645802254549145e-12,2.5190861915173086e-12,2.646717979363207e-12,4.7687890133266315e-12,2.1443927385426223e-11,1.3933959455649764e-12,0.0,0.021661863112593938,0.26948942737995996,0.24273185785337772,8.278797248863678e-13,0.21833938063998257,0.24781001727261376,-3.254629803209127e-05
2022-03-21,8.519138023670134e-13,1.4320122431551862e-12,3.6335506919891213e-12,2.5469218506926435e-12,2.6289207021410282e-12,4.8116384884682386e-12,2.14497513310429e-11,1.3986988635649908e-12,0.0,0.021071033313315727,0.26394749352098246,0.24257296186035274,8.014910454729989e-13,0.22112982958369554,0.2513111339678078,-3.245228570923854e-05
2022-03-22,8.47956112919251e-13,1.4048825093626875e-12,3.659457152452611e-12,2.58655605201788e-12,2.6136006668741097e-12,4.8064571003012715e-12,2.1345885948935226e-11,1.3986177355602601e-12,0.0,0.02090263581285687,0.2658277878968755,0.2503018944155187,7.760438399488036e-13,0.21909014135306565,0.2439097360863432,-3.219560409941348e-05
2022-03-23,8.594601638014021e-13,1.394537265930589e-12,3.597413244791477e-12,2.601929808218212e-12,2.665397046175795e-12,4.840994806012132e-12,2.1377438020180127e-11,1.404961783798224e-12,0.0,0.020594422178291237,0.26503631500113106,0.24810770921596584,7.593027656016071e-13,0.21754381700843317,0.24874987904800577,-3.214249132843918e-05
2022-03-24,8.534515231845936e-13,1.386436915856162e-12,3.5590639459640338e-12,2.5856296689567675e-12,2.6073680261283064e-12,4.763258567324989e-12,2.1173265271298656e-11,1.3934439176651793e-12,0.0,0.02030307232858587,0.260256175294708,0.25819262927200337,7.621666545192501e-13,0.21656934920619308,0.24471051539827637,-3.174153885081136e-05
2022-03-25,8.361843551924544e-13,1.3624340812000034e-12,3.513255007923102e-12,2.4894964005713328e-12,2.516936667016024e-12,4.649259491232381e-12,2.0895478032769236e-11,1.3667192123770878e-12,0.0,0.019522920948186598,0.2530387521577637,0.2606459116238358,7.519234681321916e-13,0.21661000650622106,0.25021363500577415,-3.12262801630812e-05
2022-03-28,8.21902615256059e-13,1.3466827947753118e-12,3.4660063921721484e-12,2.408101599110502e-12,2.481164247648211e-12,4.652617519937428e-12,2.0828449521142915e-11,1.3643707824991556e-12,0.0,0.019124316379443698,0.2555752064904288,0.25580128018887666,7.480487092593953e-13,0.21503185498198732,0.25449823124371534,-3.0889322569197104e-05
2022-03-29,8.169836342886122e-13,1.3090969795359495e-12,3.3703532255345476e-12,2.3878756094770014e-12,2.4422540478077875e-12,4.5566210817976445e-12,2.0800213587425904e-11,1.3477087958728016e-12,0.0,0.019069783833927444,0.250277454565287,0.2587036927702556,7.268731997937893e-13,0.21441426744737097,0.25756522054645004,-3.041920104896961e-05
2022-03-30,8.040706955782009e-13,1.3008915869984854e-12,3.4024491581679346e-12,2.4129288937190072e-12,2.4305435527413903e-12,4.50156676984549e-12,2.101245000196619e-11,1.3666999185715382e-12,0.0,0.018665334800608,0.25055013916634106,0.26079073921101403,7.212588371436347e-13,0.21653225507284557,0.25349185878362573,-3.032707238729497e-05
2022-03-31,8.584577745168356e-13,1.458246459038145e-12,3.5255802381357628e-12,2.5307439367190995e-12,2.7534008957722044e-12,5.021603256816173e-12,2.2802847255385174e-11,1.2138252148415342e-12,0.0,0.02103365202778818,0.25000226348925325,0.2500022634914668,7.57220647877922e-13,0.22896861145908878,0.2500022634736624,-9.053982181335908e-06
2022-04-01,8.397226970608332e-13,1.4413710627152747e-12,3.5146010911857017e-12,2.537847760218315e-12,2.7714508046593088e-12,5.017257082517449e-12,2.2843209970465365e-11,1.2120602778752628e-12,0.0,0.021080878366899928,0.24962555052477634,0.24823857871300753,7.563954712267363e-13,0.23041575196022324,0.2506482667722701,-9.026378111006035e-06
2022-04-04,8.400959084134034e-13,1.4564112274032038e-12,3.513787216357536e-12,2.5112537910894295e-12,2.7927077057825676e-12,4.914593505210927e-12,2.2442963509596766e-11,1.2142420254967678e-12,0.0,0.020613919805937436,0.24736897108134315,0.24500556760746353,7.478369689353065e-13,0.23372527496847026,0.2532952627285489,-8.996232197117245e-06
2022-04-05,8.423351556416725e-13,1.4525270838581613e-12,3.4726408925559837e-12,2.55964596875672e-12,2.8211175442940142e-12,4.884627053698816e-12,2.2729258285467804e-11,1.216728317967391e-12,0.0,0.02081750950522384,0.24516439033958515,0.24435472146641105,7.518190165003028e-13,0.23234403986089383,0.25732835883862415,-9.020051468590301e-06
2022-04-06,8.599929990327113e-13,1.4461602128541483e-12,3.4214835776255833e-12,2.509209555240897e-12,2.825428867677986e-12,4.8595202496912e-12,2.2870931861740847e-11,1.2232162070486018e-12,0.0,0.020302164802355423,0.24720923127370228,0.24578491850295286,7.488824742955958e-13,0.22614673214465236,0.2605660007899016,-9.047554329413213e-06
2022-04-07,8.728150945325717e-13,1.4544170009831963e-12,3.4000646697077342e-12,2.5178840170172637e-12,2.786811028308204e-12,4.9402101786735896e-12,2.2965560241153123e-11,1.196220122365339e-12,0.0,0.020511809728506518,0.24664911097495476,0.24541726727129864,7.351456356732917e-13,0.22921789680763582,0.25821298680028093,-9.071623545659666e-06
2022-04-08,8.625620990582187e-13,1.4617507587548022e-12,3.466531013091835e-12,2.5289948119057346e-12,2.8710155132833997e-12,5.011823754222526e-12,2.3277627038734648e-11,1.2047962678888118e-12,0.0,0.020613089399947677,0.24767325610046878,0.2498725421035462,7.296939754071841e-13,0.22678850982891505,0.2550617522075306,-9.149681823142186e-06
2022-04-11,8.741108733014107e-13,1.4610794565775045e-12,3.4578662421822497e-12,2.483977288625903e-12,2.876228379109797e-12,4.975892380068951e-12,2.3212876571739752e-11,1.1814400538807652e-12,0.0,0.020363454190303904,0.2432474282890839,0.25157115078454145,7.06119046425917e-13,0.22787075872336104,0.2569563025582785,-9.094586798281527e-06
2022-04-12,8.642946740090151e-13,1.4447228414672074e-12,3.4395791044073803e-12,2.4848875958516135e-12,2.8627608845109513e-12,4.989524016217365e-12,2.3699152918984947e-11,1.1697201708197009e-12,0.0,0.020568943557389033,0.249211813300907,0.25257067895466795,6.908433316686288e-13,0.22677071301929497,0.2508869171379005,-9.066011804859281e-06
2022-04-13,8.71835831197648e-13,1.4287594363342704e-12,3.4376661493547523e-12,2.462944700095248e-12,2.8750541039144064e-12,4.979887883494935e-12,2.3822349639716086e-11,1.1734076617363303e-12,0.0,0.02082907466143178,0.2497422060746312,0.249092285549741,7.201332690184494e-13,0.22942589411664835,0.25091962766237347,-9.088106597852624e-06
2022-04-14,8.899261880552328e-13,1.466035533570135e-12,3.4574634495578983e-12,2.490979091058004e-12,2.8615662170797227e-12,5.0073986627644905e-12,2.3935451903363008e-11,1.1852832964486572e-12,0.0,0.02116841300065594,0.2526004449817093,0.24585969803722088,7.136808327112811e-13,0.22888119368459256,0.2514994027293884,-9.152475574854e-06
2022-04-15,8.969223530165052e-13,1.445856930359993e-12,3.4372732424443754e-12,2.513273281521905e-12,2.84563595311795e-12,5.0273648456850164e-12,2.3845578351865517e-11,1.18739815396464e-12,0.0,0.0213492212936495,0.24584749719132448,0.24392955870335858,7.161694089062486e-13,0.23071829014793216,0.25816456456776277,-9.131945942904808e-06
2022-04-18,8.873532139463222e-13,1.4572763939936572e-12,3.3891173829979052e-12,2.5339295289961172e-12,2.8540924860115134e-12,4.934410843468368e-12,2.3780790735256714e-11,1.178463450183104e-12,0.0,0.02113170750053619,0.242980838967312,0.2478919394046331,7.101658680751651e-13,0.23263716142191507,0.2553674188817013,-9.066217823026043e-06
2022-04-19,8.954367445261253e-13,1.4378568548810596e-12,3.344842029204603e-12,2.5616155976680284e-12,2.8204444821254826e-12,5.003500731607918e-12,2.3913816403676285e-11,1.1684312890167284e-12,0.0,0.020992718404002738,0.24185922000579776,0.2511986454807806,7.25428816919719e-13,0.22831813570058673,0.25764028557032104,-9.005203360196876e-06
2022-04-20,9.054183519473407e-13,1.4591715936290342e-12,3.3761171498760424e-12,2.5144900796481986e-12,2.8263865095555085e-12,4.949238567512543e-12,2.3945235069292372e-11,1.1894966840910163e-12,0.0,0.021455237724489838,0.24421225650564898,0.24673059489404428,6.96288078972479e-13,0.2299117442743799,0.25769920498312104,-9.038423545834932e-06
2022-04-21,8.977681948344655e-13,1.4352242373594411e-12,3.3521634925616395e-12,2.511069339833328e-12,2.851810600903684e-12,4.965816520332275e-12,2.4488246367958503e-11,1.173199362951483e-12,0.0,0.021493370713223076,0.24722344763773746,0.24518348076267257,7.101755674998385e-13,0.23141519015334358,0.2546935544366363,-9.043745998456042e-06
2022-04-22,9.037413884461532e-13,1.441474739125752e-12,3.392865901302186e-12,2.494063777811984e-12,2.8704127759989875e-12,5.025471033795884e-12,2.4669156446907404e-11,1.2039183537795906e-12,0.0,0.021641838959831617,0.249840589470371,0.24815099453835968,7.202840927506606e-13,0.22531754789946185,0.25505813223482526,-9.103145570746347e-06
2022-04-25,8.949553655390409e-13,1.466537562975643e-12,3.405624027925302e-12,2.4996030337459467e-12,2.914667322054455e-12,5.075443690972998e-12,2.440360303795145e-11,1.2081961997730381e-12,0.0,0.021153280398916507,0.2481966004249547,0.24853970975409187,7.222138474082964e-13,0.2202726017037265,0.26184694872647185,-9.14105075224549e-06
2022-04-26,8.780688572364135e-13,1.4408436634476808e-12,3.3592481570581908e-12,2.432822981417813e-12,2.878624098929466e-12,4.961732946442908e-12,2.3680334699529643e-11,1.1964213429926291e-12,0.0,0.02101318890015795,0.2474612062978673,0.2420178365373456,6.896311947433745e-13,0.22227792403199684,0.2672388196420328,-8.975450918060902e-06
2022-04-27,8.872897209837497e-13,1.4302211843620797e-12,3.304239348529753e-12,2.3936379745882752e-12,2.808754754899286e-12,4.935706124820665e-12,2.410035787744545e-11,1.189461425413474e-12,0.0,0.021380977725210505,0.2449243984213629,0.2493985829607467,7.111021440814012e-13,0.22093809454211888,0.26336688394602326,-8.937637223050182e-06
2022-04-28,8.898086208005584e-13,1.419923725982337e-12,3.251015462370671e-12,2.4199783103657983e-12,2.8399596121402287e-12,4.927828836544326e-12,2.3605471437340374e-11,1.1646201135595226e-12,0.0,0.021141536097643267,0.24273360794354393,0.2528311509630478,7.178084507662346e-13,0.2257234524932223,0.25757915505216517,-8.90259085889864e-06
2022-04-29,8.58459444297018e-13,1.4582492954630811e-12,3.525587095717099e-12,2.5307488592513395e-12,2.75340625139293e-12,5.021613024301366e-12,2.2802891609043065e-11,1.2138275758444265e-12,0.0,0.021033692940196875,0.2500027497668984,0.25000274976911196,7.572221207424808e-13,0.22896905682432528,0.25000274975130754,-1.0999092762142356e-05
2022-05-02,8.339737156609796e-13,1.4258281815023292e-12,3.52339070797782e-12,2.511173298203074e-12,2.7518330118336165e-12,4.986360196792907e-12,2.279907717618359e-11,1.1904833905054648e-12,0.0,0.02119320505546449,0.25298041936215726,0.2565095681737693,7.546520141092044e-13,0.22835913675508185,0.24096857976846123,-1.0909155710952992e-05
2022-05-03,8.365720896921886e-13,1.43471862133267e-12,3.59268552155935e-12,2.514177378726716e-12,2.8014847652622855e-12,5.027741838574559e-12,2.293445532747161e-11,1.2046893729979885e-12,0.0,0.02122967659398376,0.24807957172198775,0.25760592751337985,7.546747201550316e-13,0.22814690414705105,0.24494891616142317,-1.0996178926726037e-05
2022-05-04,8.360122370798754e-13,1.4282817146520237e-12,3.6066293263849435e-12,2.5136569373439632e-12,2.772641746624096e-12,4.96438280347768e-12,2.2877416445582028e-11,1.2064039351740928e-12,0.0,0.02147945184793912,0.24428974734931422,0.25548110840086713,7.585848173592799e-13,0.23107684094813247,0.24768377011401901,-1.091870123581456e-05
2022-05-05,8.370424315350959e-13,1.4127829405659337e-12,3.5744887110185657e-12,2.5263642842296387e-12,2.789596103239359e-12,4.9041473984113814e-12,2.2937122267171014e-11,1.219670768100065e-12,0.0,0.021893445469980153,0.24331144337402102,0.26146042387982255,7.531237633832569e-13,0.22725640047579773,0.2460892233467132,-1.0936587289057077e-05
2022-05-06,8.482056477244097e-13,1.4273186417607191e-12,3.617169242113608e-12,2.5723949929452994e-12,2.823780703838295e-12,4.970511239829107e-12,2.2731242459915395e-11,1.244160754046345e-12,0.0,0.022766018975155233,0.24309302481852524,0.2571786554515264,7.723973644947481e-13,0.23203456108801046,0.24493882983924486,-1.109021346925884e-05
2022-05-09,8.334929129840743e-13,1.445314139540015e-12,3.661817261577059e-12,2.491871525391025e-12,2.8001381317658385e-12,5.062363317717757e-12,2.2522732982552923e-11,1.2321291721807478e-12,0.0,0.02231006789375692,0.2357560114073106,0.2610566448145555,7.454898782710613e-13,0.232480775805525,0.24840755549435006,-1.105545629329228e-05
2022-05-10,8.329230319530059e-13,1.4507443258357675e-12,3.758988551744187e-12,2.540431751309743e-12,2.816170113856963e-12,5.209014486361779e-12,2.3195672631454193e-11,1.2534098718138194e-12,0.0,0.022465439274460593,0.24004533922957833,0.26374543594110944,7.680360615847116e-13,0.2290727475777334,0.24468223718365492,-1.119924836216384e-05
2022-05-11,8.436886051861511e-13,1.45973125119709e-12,3.775560230382945e-12,2.516992530434643e-12,2.8487021808629772e-12,5.264524391425002e-12,2.3666249368325853e-11,1.2689335704292649e-12,0.0,0.0231377676931736,0.23764248317910638,0.26919511577658295,7.541290036072609e-13,0.22818486324853934,0.24185109246212405,-1.1322401924861854e-05
2022-05-12,8.501058271437579e-13,1.4591232203146412e-12,3.776044309443789e-12,2.4857908221040646e-12,2.8392721951790096e-12,5.21487132397612e-12,2.3797920639002444e-11,1.2516355969062443e-12,0.0,0.022546852716179074,0.23465678080102864,0.2769559514922977,7.487908095821235e-13,0.22285080708775717,0.24300093047658392,-1.1322616269950167e-05
2022-05-13,8.406718762941301e-13,1.4372181918155943e-12,3.7068174486551625e-12,2.5479243145522016e-12,2.8121326539521554e-12,5.053107896940346e-12,2.4120579301489317e-11,1.2543428177350042e-12,0.0,0.02207857672825632,0.2357080797271846,0.27405780983956907,7.189402468887593e-13,0.22866203316465547,0.23950474574553157,-1.1245247688879845e-05
2022-05-16,8.45021472004574e-13,1.443001393008545e-12,3.634584790597006e-12,2.555572388525739e-12,2.7655615097630737e-12,4.889326773266179e-12,2.377465229136549e-11,1.2505188557911514e-12,0.0,0.0217849105184738,0.23801976217074514,0.2722104868180946,7.02290921058324e-13,0.22962530960032737,0.23837067458815148,-1.1143737652895224e-05
2022-05-17,8.33704013069284e-13,1.4647825943379716e-12,3.689163887604343e-12,2.583690885824702e-12,2.825698312786054e-12,4.8996617521322656e-12,2.4141861129177047e-11,1.2360649958967459e-12,0.0,0.02269067510422766,0.23675490773741914,0.27167799128012565,7.011933038025437e-13,0.23271371877089017,0.23617396762365525,-1.1260558693665623e-05
2022-05-18,8.347149231079065e-13,1.473308040815177e-12,3.7004297861127394e-12,2.524519086554741e-12,2.8522920276841842e-12,4.94557305680963e-12,2.434915487481098e-11,1.2394155423317023e-12,0.0,0.022996482863881066,0.2435243124138242,0.2666577143555401,7.127254544346302e-13,0.23179328281048533,0.23503943480943276,-1.1227295795543503e-05
2022-05-19,8.215247026956227e-13,1.467185524126253e-12,3.656018349512115e-12,2.5080229627715206e-12,2.8108953230637037e-12,4.911391306771231e-12,2.418823224087838e-11,1.239740746691009e-12,0.0,0.02245707388469208,0.24470093147625746,0.26281011154431255,7.254564889834565e-13,0.23252618329132368,0.2375169101805231,-1.1210419437173676e-05
2022-05-20,8.332990598990816e-13,1.4640784797554019e-12,3.637152916643405e-12,2.5358290157262867e-12,2.8314158294611285e-12,4.905151885232519e-12,2.467102886604559e-11,1.2374842457791798e-12,0.0,0.022492488108598736,0.24130561306603374,0.26349714064303337,7.442187142929732e-13,0.23472958964684973,0.2379863878062686,-1.1219313643598327e-05
2022-05-23,8.286249349183133e-13,1.4630190892324377e-12,3.6518153700032946e-12,2.5433297528506773e-12,2.808796259665494e-12,4.9061379675640154e-12,2.4733520209168484e-11,1.2150807193961665e-12,0.0,0.021654856703134252,0.24226549778628315,0.2654253554336788,7.511499946083541e-13,0.2321737418408657,0.23849171943498815,-1.1171241851491682e-05
2022-05-24,8.464736858609755e-13,1.4958396091861998e-12,3.680007613652261e-12,2.567941795165338e-12,2.869735872604547e-12,4.850833652803459e-12,2.4826438259866097e-11,1.2482008925563412e-12,0.0,0.021958336244283137,0.23831271724731012,0.26740169347557435,7.495655305224172e-13,0.23552431543920327,0.23681419570977413,-1.125815927997123e-05
2022-05-25,8.333205379726288e-13,1.4559683407486008e-12,3.706740435416333e-12,2.5412861533984588e-12,2.8585566608889413e-12,4.822730838044706e-12,2.432847532498062e-11,1.2189365891721508e-12,0.0,0.021589220812379104,0.23837901736976486,0.26233700497640366,7.682247019301422e-13,0.23860128366176409,0.23910466258863974,-1.1189451485631146e-05
2022-05-26,8.294851640697609e-13,1.4731874511406441e-12,3.685370660031283e-12,2.531759749880384e-12,2.8548244431094117e-12,4.849893283796116e-12,2.445642624858471e-11,1.2067620367976465e-12,0.0,0.021733333806527817,0.240369382986514,0.2597718343303486,7.444962940728453e-13,0.23696138245374074,0.24117521472518516,-1.1148344948509209e-05
2022-05-27,8.407954202198998e-13,1.4504704461205262e-12,3.656266537763884e-12,2.512186961846013e-12,2.8924003350892236e-12,4.83209986041419e-12,2.4079840400995015e-11,1.212463633863685e-12,0.0,0.021254146319532832,0.23616503666506455,0.2665524323570058,7.472461599005087e-13,0.23671502742783035,0.23932446583107309,-1.1108642730358162e-05
2022-05-30,8.390868130582861e-13,1.447674324763743e-12,3.650478271127817e-12,2.503687820058257e-12,2.9092811228294738e-12,4.811113507627277e-12,2.3652544584179226e-11,1.1964365639628676e-12,0.0,0.021823368407396862,0.2383870802507309,0.2616465014842421,7.402505926152512e-13,0.23293693211521452,0.24521717106271484,-1.1053362049830261e-05
2022-05-31,8.584594477437689e-13,1.4582493013180135e-12,3.5255871098724807e-12,2.530748869412403e-12,2.7534062624479724e-12,5.021613044463355e-12,2.2802891700597645e-11,1.2138275807179955e-12,0.0,0.021033693024648043,0.25000275077067,0.2500027507728836,7.572221237827598e-13,0.22896905774364573,0.25000275075507916,-1.1003107848520161e-05
2022-06-01,8.525673363759845e-13,1.456765224316057e-12,3.4836421815776525e-12,2.5243605762940496e-12,2.765185761741915e-12,4.9491433144328755e-12,2.292663307083741e-11,1.2086117244907116e-12,0.0,0.02086355766552754,0.25030058059669946,0.24860173586620396,7.522444782781407e-13,0.22892939358621622,0.251315675605557,-1.0943361123320315e-05
2022-06-02,8.371638932229642e-13,1.4685803167576668e-12,3.3922595149031193e-12,2.488871449731758e-12,2.744828077249956e-12,4.944477330861844e-12,2.3269827906259743e-11,1.1695656027911468e-12,0.0,0.020052302832612647,0.24891228242487556,0.2482355530460372,7.68594023090261e-13,0.22806245424269883,0.25474827926862664,-1.0871855935189965e-05
2022-06-03,8.43257176260841e-13,1.4647153523355204e-12,3.3467046775835627e-12,2.501312300931492e-12,2.700118140550132e-12,5.036100459513964e-12,2.3263602403399778e-11,1.1916917565642159e-12,0.0,0.020176399872602686,0.2502647365801334,0.24855930484589736,7.643587375485205e-13,0.23018005400656336,0.25083039340932195,-1.0888755630641696e-05
2022-06-06,8.281061672376815e-13,1.4733686343701762e-12,3.35084937774827e-12,2.48685048814186e-12,2.736805483290464e-12,4.986310334218751e-12,2.3526132897211573e-11,1.1869864857857586e-12,0.0,0.020622883011652784,0.2526680643277024,0.24648744255194885,7.692464249276727e-13,0.22705933451665583,0.25317309010937683,-1.0814558681504506e-05
2022-06-07,7.956843505871576e-13,1.4334916896882741e-12,3.3290822912211296e-12,2.4379159572757767e-12,2.6975163422768888e-12,4.817867604630945e-12,2.3708178215845452e-11,1.186790031457355e-12,0.0,0.02015125086834471,0.25259865215750704,0.2504900698326566,7.691224898026845e-13,0.23212632576812894,0.24464433052424153,-1.062919205448877e-05
2022-06-08,7.987427293951025e-13,1.4328160611272868e-12,3.3842041429571294e-12,2.471556799765891e-12,2.724282424498675e-12,4.9253793810675235e-12,2.4387957887155358e-11,1.1749261184977742e-12,0.0,0.020651216981787138,0.2536843549379051,0.2500811177347856,7.922713886944913e-13,0.22940561265936213,0.24618844879905272,-1.0751154984765923e-05
2022-06-09,8.024124062707493e-13,1.4266498743888722e-12,3.4180795344996116e-12,2.4592841012462574e-12,2.775317994599242e-12,4.92543954347986e-12,2.4649595924799837e-11,1.1893437453386513e-12,0.0,0.020028004002322557,0.2556174169687676,0.2508359727151332,8.014553015474483e-13,0.22888268204213466,0.2446466892129605,-1.0764983766071346e-05
2022-06-10,8.144049707972804e-13,1.3998717473265452e-12,3.4317368418346985e-12,2.433622093719093e-12,2.7533836980834244e-12,4.886714227785603e-12,2.4290086028132182e-11,1.1944656041126684e-12,0.0,0.020099427218324178,0.2551051819275772,0.24576434921012216,8.057964979489632e-13,0.23701848479926793,0.2420232770961654,-1.0720293466840199e-05
2022-06-13,8.059774722339344e-13,1.3824674922614188e-12,3.390514608070166e-12,2.3411100476443232e-12,2.748368428420284e-12,4.801457520572378e-12,2.3604246541757848e-11,1.199216361834882e-12,0.0,0.01986250718335733,0.2594543779607808,0.23836141514929143,7.790534348256757e-13,0.236643719954971,0.24568862477667028,-1.0645066123146035e-05
2022-06-14,7.975693806364993e-13,1.394469776373406e-12,3.4273567374967197e-12,2.2963129406380167e-12,2.787847663105855e-12,4.877993938654855e-12,2.3614916105753e-11,1.2262396874659744e-12,0.0,0.019989069410757287,0.25879237833729785,0.23558105811007915,7.823158347186767e-13,0.2402657292451442,0.24538245578904208,-1.0690933525555161e-05
2022-06-15,7.863057806250416e-13,1.421991293208228e-12,3.4578719577569173e-12,2.302007309575567e-12,2.8362858529783913e-12,5.007756231075214e-12,2.2879990135155742e-11,1.2423941115416332e-12,0.0,0.020285594227745177,0.2611602775591977,0.2397955851208414,7.809877725031445e-13,0.23372770549987434,0.2450415988198874,-1.0761268261641504e-05
2022-06-16,7.865018568267129e-13,1.4315027361775091e-12,3.4020938434212847e-12,2.3209853799554063e-12,2.8042111997182664e-12,5.013721217534255e-12,2.2645059495785223e-11,1.2413871178633413e-12,0.0,0.01983318569042038,0.25743354261589874,0.2397570527991272,8.112455799909967e-13,0.22931396919226613,0.2536729702726904,-1.0720610859620654e-05
2022-06-17,8.063046525322708e-13,1.4388943639103553e-12,3.412110465084404e-12,2.3168629129518255e-12,2.819372476716004e-12,4.954169364453608e-12,2.2764215531587528e-11,1.2757333980839353e-12,0.0,0.019885220568135183,0.2519481448468887,0.24282325847022615,8.202803637975592e-13,0.23107153780539866,0.2542826224149222,-1.0784146178946484e-05
2022-06-20,7.926432710701316e-13,1.425684160405253e-12,3.3627454161693548e-12,2.292371165836565e-12,2.7868626626552293e-12,4.954773188227587e-12,2.2649431602749324e-11,1.2612831005000295e-12,0.0,0.019735379211464447,0.25368566733600906,0.2418966753076896,7.827621093393917e-13,0.23328568373113448,0.2514072230950047,-1.0628721610908864e-05
2022-06-21,7.930947287006485e-13,1.4313015257504031e-12,3.3539651773396013e-12,2.300974834570147e-12,2.770078968756768e-12,5.041768362602613e-12,2.2642557647640258e-11,1.2560263259312125e-12,0.0,0.019843769492680824,0.25479631949639686,0.24381556197984808,7.697363355737131e-13,0.2268063515421812,0.2547486353355636,-1.0637887030095074e-05
2022-06-22,8.060057299760248e-13,1.4196204675117127e-12,3.4192944572414616e-12,2.313795186591898e-12,2.7763115405828177e-12,5.027933471729741e-12,2.2272707116926907e-11,1.2766869695704698e-12,0.0,0.019652239325730195,0.2595372032740551,0.2366713038975171,7.510874925612033e-13,0.2273190304385883,0.25683088243704616,-1.0659413000270202e-05
2022-06-23,8.070394801602946e-13,1.4106791864237229e-12,3.501374692583115e-12,2.3003686958713532e-12,2.759756774340705e-12,4.960934166257229e-12,2.224051027231752e-11,1.2838387590272611e-12,0.0,0.019139981646228155,0.25772816678849014,0.23774581044343587,7.565878436749926e-13,0.2266835160424649,0.25871314736253304,-1.0622323173089619e-05
2022-06-24,8.003157165904607e-13,1.4319696192547777e-12,3.53664131850772e-12,2.2635004776273167e-12,2.7221397290159766e-12,4.8916489848996005e-12,2.2432206963502133e-11,1.259845041168175e-12,0.0,0.019266553805391714,0.25734624910637205,0.23869244424623987,7.421818205377884e-13,0.22906470264341283,0.25564066300166793,-1.0612843164875961e-05
2022-06-27,7.969463414182124e-13,1.433809788469641e-12,3.5367171467815867e-12,2.261718829031608e-12,2.6945356455828053e-12,4.867966182397283e-12,2.2410951549754426e-11,1.234128507884429e-12,0.0,0.01936516029386545,0.2518059839673166,0.24314496300017188,7.580960665183763e-13,0.2236956439697379,0.26199884729821576,-1.0598569302475585e-05
2022-06-28,7.914286920865907e-13,1.4318973521955414e-12,3.49834160793068e-12,2.2731173403327014e-12,2.6930353967390167e-12,4.79098431681262e-12,2.1939347154327783e-11,1.202095825932653e-12,0.0,0.019433219501836057,0.2531131087653862,0.24138365414639448,7.388232786492656e-13,0.21976617270631987,0.26631438223645404,-1.0537395749623104e-05
2022-06-29,7.934290876413684e-13,1.4442535429087222e-12,3.4825962994149963e-12,2.2983785135032922e-12,2.6974894028043718e-12,4.8906240219415695e-12,2.2330403108502323e-11,1.202412849534325e-12,0.0,0.019409528322182425,0.24913211385576528,0.23966602655206584,7.469382766770726e-13,0.22272820832110465,0.26907473342236937,-1.0610513374170486e-05
2022-06-30,8.584619551090925e-13,1.45825356053345e-12,3.5255974073127245e-12,2.5307562611558043e-12,2.7534143045231138e-12,5.0216277114560106e-12,2.2802958302671948e-11,1.2138311260330278e-12,0.0,0.02103375445929432,0.2500034809719972,0.2500034809742108,7.572243354568236e-13,0.22896972651032663,0.2500034809564063,-1.3923913157438877e-05
2022-07-01,8.563711851176921e-13,1.476906057422893e-12,3.490160796443697e-12,2.54517369540814e-12,2.7070934651413484e-12,5.045019648307724e-12,2.2909593932856942e-11,1.2452658393077285e-12,0.0,0.02088248604416313,0.25388584874734166,0.2519726016562336,7.613183757560168e-13,0.22549215470150932,0.24778085636219802,-1.3947552482644078e-05
2022-07-04,8.783835630873493e-13,1.4965195691933053e-12,3.5527951274762007e-12,2.577055936566441e-12,2.705270447473305e-12,5.176498993997534e-12,2.338697455112379e-11,1.3039230326315805e-12,0.0,0.021445919956005175,0.25199027740566793,0.2562024703939044,7.852949493130858e-13,0.22005319065468143,0.25032227849224,-1.4136944361638642e-05
2022-07-05,8.728864774376586e-13,1.4845284765483333e-12,3.564410506104084e-12,2.6079458385205317e-12,2.698651976300786e-12,5.185978456744652e-12,2.3404952473374995e-11,1.3029858999093714e-12,0.0,0.021799772224139945,0.25302771201257707,0.2577459398143981,7.737201378598665e-13,0.21808738474568565,0.2493533119809471,-1.4120819644128111e-05
2022-07-06,8.601328875474034e-13,1.4590312710586264e-12,3.541070575509804e-12,2.623486985748253e-12,2.677229207058338e-12,5.11836142824526e-12,2.3148831437461707e-11,1.2946822514932417e-12,0.0,0.022535331219888936,0.257390381980041,0.262250907163103,7.897522841455147e-13,0.21417337788310856,0.24366411804634466,-1.4116333998717311e-05
2022-07-07,8.579211279075644e-13,1.4905651821639999e-12,3.5484037276412e-12,2.6066572279840397e-12,2.6847421763020087e-12,5.144096566997834e-12,2.3421792152562842e-11,1.3098989912826355e-12,0.0,0.022962429098400624,0.2568292779654708,0.26372622356403186,8.059081970460794e-13,0.21343515681882344,0.24306113851272357,-1.4226001320262134e-05
2022-07-08,8.612265048323548e-13,1.4751140979900106e-12,3.5277591774912643e-12,2.618965698770094e-12,2.7472773247943407e-12,5.175799055796561e-12,2.3534457891395528e-11,1.3177318629480628e-12,0.0,0.022969740968551724,0.25633474246342774,0.2647810689006283,8.064343502477113e-13,0.21461900199510947,0.24130964424321377,-1.4198612995867037e-05
2022-07-11,8.580252708508507e-13,1.4506046987415947e-12,3.500767578273288e-12,2.6496162603264978e-12,2.746454074267914e-12,5.153054568829526e-12,2.4037668554717393e-11,1.2870646182321742e-12,0.0,0.02348550763197932,0.2555029260394827,0.26265410427550256,7.863703824273183e-13,0.2155248024814263,0.24284679473227222,-1.4135203132974953e-05
2022-07-12,8.442752840743333e-13,1.4402645756100475e-12,3.468245609316661e-12,2.6423550780885054e-12,2.6938630024183943e-12,5.206417536886101e-12,2.419904439236545e-11,1.2733389561662868e-12,0.0,0.0233071072607129,0.25090506291807885,0.25927312187612533,7.784114431049483e-13,0.22066265708811703,0.2458661020284618,-1.4051214042113826e-05
2022-07-13,8.414569870101881e-13,1.4282609892342094e-12,3.3852725760100918e-12,2.6094636575595408e-12,2.6930447872565318e-12,5.061369422168766e-12,2.4116617388120674e-11,1.2996344596117377e-12,0.0,0.023537197921054045,0.2488255234653486,0.26040836585134386,7.595985681084539e-13,0.2212425401364882,0.24600025156472802,-1.3878981157648187e-05
2022-07-14,8.438379652529913e-13,1.4474578297996904e-12,3.366076266628717e-12,2.6043215936764236e-12,2.696716696076317e-12,4.995723944989437e-12,2.419676884272248e-11,1.268349599449128e-12,0.0,0.023562369916674028,0.24681927739584988,0.2568472887533551,7.567991063092461e-13,0.22411867641000857,0.24866626496542932,-1.3877483493108547e-05
2022-07-15,8.284814344166792e-13,1.4184411509503467e-12,3.350779694022689e-12,2.552972934099498e-12,2.667648363655376e-12,4.946255677498332e-12,2.402062433982477e-11,1.2691192931020772e-12,0.0,0.022603946161824016,0.24178080787511733,0.2616597624792856,7.748052773344386e-13,0.22898872454601862,0.24498047253478075,-1.3713638855507142e-05
2022-07-18,8.068103154718947e-13,1.3717111638222911e-12,3.297194436713398e-12,2.5232367284250554e-12,2.6843992607126147e-12,4.9545654378607765e-12,2.3869947600489623e-11,1.2414842018203217e-12,0.0,0.022483652818506086,0.24225987091317458,0.26097315534897336,7.537893491300604e-13,0.22959010952984762,0.2447067922704468,-1.358092245176655e-05
2022-07-19,7.914296770627553e-13,1.3485577924539534e-12,3.2918610140364474e-12,2.4939123497944807e-12,2.711780718178412e-12,4.942017122899328e-12,2.3502831543627376e-11,1.2303271737249349e-12,0.0,0.022034201858083267,0.23658971058508696,0.2617545942532342,7.58306827722579e-13,0.2301012271781245,0.24953372156405457,-1.3455479654511838e-05
2022-07-20,7.961056494545075e-13,1.3866501868107718e-12,3.2961590066435118e-12,2.49247406365504e-12,2.6835339464950615e-12,4.96893881857748e-12,2.360581051275742e-11,1.2534811979980827e-12,0.0,0.021871598629198973,0.23775822262724414,0.2630796977491985,7.430818172811193e-13,0.22857913629174187,0.24872494657266303,-1.360191127276152e-05
2022-07-21,8.047359291966297e-13,1.3856710927702958e-12,3.3110567833280718e-12,2.4433019725223055e-12,2.7155022920273614e-12,5.039058144191713e-12,2.2911910336658266e-11,1.2378910341635927e-12,0.0,0.02203698839647648,0.23458569276035865,0.2611075982854567,7.33584555084329e-13,0.22851211402033741,0.2537711694399864,-1.356294319844412e-05
2022-07-22,7.975368753589636e-13,1.3974047440975245e-12,3.2778047882955522e-12,2.4157015513342023e-12,2.7382193902591943e-12,5.090800288182688e-12,2.3140281533190698e-11,1.2130211137564783e-12,0.0,0.02228672420195479,0.23441696423356537,0.2560302105024415,7.38494682526372e-13,0.22524260919171443,0.2620370293845898,-1.3537555075246964e-05
2022-07-25,8.128245785532663e-13,1.4123277671784419e-12,3.3411520489205597e-12,2.428602317770022e-12,2.7764490293932247e-12,5.211362347105201e-12,2.3325574277570593e-11,1.2143252448016885e-12,0.0,0.022364025254346644,0.23868070683007325,0.2613674986204712,7.486407736351733e-13,0.22411001725046656,0.2534913478931045,-1.3595889733471426e-05
2022-07-26,8.038382511515184e-13,1.398995484458465e-12,3.308716405526592e-12,2.4303694340354222e-12,2.8255082443844045e-12,5.186906458513115e-12,2.3112271755891283e-11,1.2023520024619712e-12,0.0,0.021940742339893623,0.23768027894497046,0.26174883327227166,7.468335493602945e-13,0.22461239545163,0.25403125604804383,-1.350609782539488e-05
2022-07-27,7.886628091426738e-13,1.404990266239028e-12,3.2777860577355803e-12,2.394802162466601e-12,2.7818584168553207e-12,5.205124032049227e-12,2.2996634136539363e-11,1.1713785056199292e-12,0.0,0.02140942770645755,0.23776743037816872,0.26231163891772363,7.570407053847722e-13,0.23148173393281732,0.24704324306437492,-1.3474040320457227e-05
2022-07-28,7.936678074996523e-13,1.4106911807113172e-12,3.3158659335614544e-12,2.4173657964015412e-12,2.789224621807384e-12,5.211871751535324e-12,2.280911231875686e-11,1.1961411089321227e-12,0.0,0.02186852715609458,0.2382594380510327,0.26126303831664227,7.480616749262314e-13,0.23467626596775473,0.24394629405088952,-1.3563583105808645e-05
2022-07-29,8.58458755016659e-13,1.4582481245951915e-12,3.5255842649276487e-12,2.5307468272444767e-12,2.7534040406084113e-12,5.021608992312143e-12,2.2802873299983255e-11,1.2138266012293612e-12,0.0,0.02103367605167463,0.2500025490329135,0.25000254903512714,7.572215127483134e-13,0.22896887297886268,0.2500025490173227,-1.0196156822720173e-05
2022-08-01,8.661411371407378e-13,1.4593180590400238e-12,3.5159372223011016e-12,2.5040618989181132e-12,2.717625323326779e-12,5.08180330142727e-12,2.2729793259164735e-11,1.1707547778498357e-12,0.0,0.02063293815662901,0.24635797327588466,0.25092304888755657,7.514649095453618e-13,0.2273449341026219,0.25475123782688874,-1.0132290377702178e-05
2022-08-02,8.605179340021829e-13,1.4870268133281483e-12,3.4909600287668972e-12,2.507057579872178e-12,2.70888925793057e-12,5.091012537623808e-12,2.287205399544166e-11,1.1782882479463275e-12,0.0,0.020280390381174268,0.256437580048196,0.24897441927106873,7.610060584449692e-13,0.22078901777856433,0.25352872365154044,-1.0131171500630414e-05
2022-08-03,8.673723761083551e-13,1.5078995753665368e-12,3.4196456585533486e-12,2.5351050177831824e-12,2.695884265464472e-12,5.159832221427165e-12,2.276307020413058e-11,1.1749232943851213e-12,0.0,0.020137475395715802,0.25687149728562914,0.2462794404079133,7.435512080408234e-13,0.22703007321414717,0.24969173578490927,-1.0222129181885054e-05
2022-08-04,8.734683529495095e-13,1.5326996856983083e-12,3.4267948565154963e-12,2.5332492643837083e-12,2.727202899864794e-12,5.280222768189425e-12,2.260335243545914e-11,1.1828947735903083e-12,0.0,0.020194508977271333,0.25933117815719864,0.2449253649734342,7.442843852989967e-13,0.22322074874307551,0.2523385084399321,-1.0309331816012335e-05
2022-08-05,8.810315086116754e-13,1.5137490406367672e-12,3.3995203690507327e-12,2.5447522064006344e-12,2.764061027630517e-12,5.173141013578369e-12,2.25263473599772e-11,1.1863292490695664e-12,0.0,0.01939808098859526,0.26116882334331026,0.2509523946406996,7.45089796135888e-13,0.21882426389891282,0.2496667309579973,-1.0293870249290364e-05
2022-08-08,9.001582245046056e-13,1.5352306146112293e-12,3.4400010239008043e-12,2.5679113860523706e-12,2.755632488007743e-12,5.1858919013155004e-12,2.2616918704072663e-11,1.201671005370157e-12,0.0,0.019836578826708827,0.25649163241203987,0.2532152916314201,7.586788963383392e-13,0.2224584092211476,0.24800843019409058,-1.0342326369138473e-05
2022-08-09,9.154005798470733e-13,1.49979946607377e-12,3.3649000070705488e-12,2.548453924693021e-12,2.7976428597527214e-12,5.078110204520834e-12,2.2307163484157503e-11,1.20766935934403e-12,0.0,0.01953505085643973,0.25624365314696446,0.251834032277668,7.646843274526127e-13,0.22542571402927433,0.246971783280737,-1.0233631567304692e-05
2022-08-10,9.261112781312e-13,1.5164998380211027e-12,3.4130357851338755e-12,2.5730317889371793e-12,2.8228966701272173e-12,5.202737050960523e-12,2.2970479435890218e-11,1.1926534096803676e-12,0.0,0.019503658695905167,0.25730056516461636,0.25588489914776463,7.80829095059741e-13,0.22705564807447554,0.24026555174225722,-1.0322866417217062e-05
2022-08-11,9.215461047878282e-13,1.5367714345209096e-12,3.326242509295333e-12,2.619322769373427e-12,2.853095534351527e-12,5.313632235843344e-12,2.3009659515106648e-11,1.162944440185232e-12,0.0,0.01997855493252399,0.2623308265226934,0.25417361633488694,7.855892592833053e-13,0.2258856254832672,0.23764174112100167,-1.0364435902026662e-05
2022-08-12,9.166710955835076e-13,1.496647382917089e-12,3.2475922949756395e-12,2.54967693712588e-12,2.7620235540048543e-12,5.248819238063955e-12,2.3042636176830004e-11,1.1436687606004553e-12,0.0,0.01995687906927507,0.26574235069400426,0.24791384703689853,7.682045104389161e-13,0.22485497535127114,0.24154216316829194,-1.021536091693877e-05
2022-08-15,9.163223810135304e-13,1.4832267871924695e-12,3.284804001261514e-12,2.5849815663750122e-12,2.7751200442116962e-12,5.235732541866125e-12,2.3462128295327883e-11,1.1577004430677352e-12,0.0,0.020068130622787415,0.26118399048354674,0.2520018945015326,7.684140441643984e-13,0.22416880226635266,0.24258744191929327,-1.0259835181072505e-05
2022-08-16,9.188457117590968e-13,1.5002549286739332e-12,3.3137954230275467e-12,2.586684422864852e-12,2.807820789224241e-12,5.275860404080719e-12,2.3386379131358608e-11,1.1586258481120078e-12,0.0,0.020278609312260047,0.2603215593787304,0.25101472144778175,7.971039035168997e-13,0.2286305743776451,0.23976481757384763,-1.0282132010338764e-05
2022-08-17,9.280192575252206e-13,1.5089522268558756e-12,3.3431857573539753e-12,2.6028084195044646e-12,2.8617172097960383e-12,5.324183009318157e-12,2.3477454219116987e-11,1.181335804322902e-12,0.0,0.020414791507914795,0.26291407914963916,0.2518410831657743,8.011448843717167e-13,0.227303885552281,0.23753648760670582,-1.032702434382188e-05
2022-08-18,9.17868304557474e-13,1.4854745733769793e-12,3.3065910837746663e-12,2.5938805199751154e-12,2.8612733478023462e-12,5.298358084802036e-12,2.2700502348043893e-11,1.206094854207578e-12,0.0,0.0205300055879747,0.27069882191000816,0.24739085094345084,8.266921833421883e-13,0.22305097937695667,0.23833965143357252,-1.0309293159636189e-05
2022-08-19,8.863248845036208e-13,1.4521544003985467e-12,3.245507775469856e-12,2.5309657534055256e-12,2.821164422140063e-12,5.185903385446371e-12,2.2034725963998713e-11,1.1695978069317888e-12,0.0,0.019867472026558464,0.2685774482712387,0.2468619122796582,7.846243505478886e-13,0.2225895587739203,0.2421136828743385,-1.007426582519136e-05
2022-08-22,8.925568952034761e-13,1.4677796796749672e-12,3.297256680284939e-12,2.534888809142306e-12,2.8408497190796775e-12,5.12291543273355e-12,2.2182139130795338e-11,1.1835513718003183e-12,0.0,0.020294788478147995,0.26651420174331564,0.24585616890280934,8.147475526597722e-13,0.2230921626374982,0.24425279719562698,-1.0118997734775286e-05
2022-08-23,8.88891626686173e-13,1.450554462022501e-12,3.3435795898742955e-12,2.511001375879439e-12,2.79253372602116e-12,5.076330776568308e-12,2.1511630393942433e-11,1.168786377114189e-12,0.0,0.020423214182360486,0.26276663028078395,0.24874750630927916,8.321132489135875e-13,0.22556286278153762,0.2425098682340226,-1.0081827559377752e-05
2022-08-24,9.006645015296986e-13,1.445194000239882e-12,3.3786578145602076e-12,2.5160068329680936e-12,2.8499037295537346e-12,5.306883045120276e-12,2.1918057403047207e-11,1.1495532631017827e-12,0.0,0.020710717050247296,0.26634388537689124,0.24868167704998914,8.459216371802107e-13,0.22316309646261043,0.24111082375155854,-1.019973160759251e-05
2022-08-25,9.011781765812601e-13,1.4225145368956759e-12,3.3798007205526733e-12,2.4630795356493e-12,2.8953144482361656e-12,5.2260658053391614e-12,2.1735478685940952e-11,1.1488169336577147e-12,0.0,0.020647963667484268,0.26742298495746986,0.2513996196166606,8.532400813043233e-13,0.22132336743002506,0.23921620593839224,-1.0141650057490882e-05
2022-08-26,9.242408852087857e-13,1.4410080323336939e-12,3.357481635174737e-12,2.474314845238857e-12,2.8934462276857575e-12,5.235089068700684e-12,2.1449601383636594e-11,1.1461375053558163e-12,0.0,0.0209081004129218,0.2575632334129171,0.25749167982059723,8.72734505366411e-13,0.22068753864657326,0.24335962102322523,-1.0173356028582042e-05
2022-08-29,9.071052367386123e-13,1.4191212963841499e-12,3.3761460935706548e-12,2.440894495966142e-12,2.7983490171396374e-12,5.176615807291524e-12,2.1205336829104654e-11,1.1535795833200895e-12,0.0,0.020558336560489825,0.25924279159099345,0.25538493157456527,8.524950133350664e-13,0.22304459664456153,0.24177940806183984,-1.0064471779512133e-05
2022-08-30,9.052538948033066e-13,1.4187762117362804e-12,3.3304064561013917e-12,2.4213082361893207e-12,2.7929986534229367e-12,5.153746624576046e-12,2.1528472289710893e-11,1.1549683756516553e-12,0.0,0.02052403545539644,0.26320551732439434,0.25664525958439494,8.512212320034982e-13,0.2226113578343513,0.2370238714227398,-1.0041660833971052e-05
2022-08-31,8.584592692070702e-13,1.4582489980410018e-12,3.5255863766442715e-12,2.530748343084049e-12,2.753405689812811e-12,5.0216120001015994e-12,2.280288695820356e-11,1.2138273282741908e-12,0.0,0.021033688650200156,0.25000269877675707,0.25000269877897063,7.572219663007278e-13,0.22896901012418067,0.2500026987611662,-1.0795132196617982e-05
2022-09-01,8.566987968488847e-13,1.4516868997951105e-12,3.525852757253621e-12,2.5164458658864305e-12,2.7726534580152815e-12,5.039856908997032e-12,2.3066927655042538e-11,1.1971381214778312e-12,0.0,0.02098547588207417,0.2521600414375784,0.24697184428111754,7.703825187528024e-13,0.23422724069100673,0.24566620101055203,-1.0803343526512639e-05
2022-09-02,8.496916638203839e-13,1.4387738987548672e-12,3.6133590231255636e-12,2.4953385898204025e-12,2.8193984535501237e-12,4.941079930643229e-12,2.268176160697554e-11,1.1815085024576292e-12,0.0,0.020829190591660097,0.24844976941346691,0.24276816687134103,7.835047830126423e-13,0.2386837746577538,0.2492798611911199,-1.0762766146140976e-05
2022-09-05,8.460683273678761e-13,1.4269600879542068e-12,3.5612173652553218e-12,2.4456338522122588e-12,2.806180408228794e-12,4.8227989395332655e-12,2.217614464053139e-11,1.190033405237998e-12,0.0,0.0207694445032859,0.25065267499280797,0.2396195064000287,7.583649196715398e-13,0.23922011588674633,0.24974892014131103,-1.0661964213306986e-05
2022-09-06,8.47390240919864e-13,1.424759158902009e-12,3.6015998128803773e-12,2.420326086623236e-12,2.782583814943024e-12,4.765359159488919e-12,2.2224993132099392e-11,1.1729603344452336e-12,0.0,0.020565419694770163,0.2498866896316839,0.23388839473287032,7.604553327214879e-13,0.24496117235162918,0.2507089928295166,-1.0669280470768706e-05
2022-09-07,8.679168042455862e-13,1.457789857931934e-12,3.666636211261297e-12,2.4456768913288433e-12,2.810169545075382e-12,4.858534065190961e-12,2.2321864713312445e-11,1.1527767951236754e-12,0.0,0.02040210898781785,0.2484070944922709,0.2361902972754028,7.666772502773229e-13,0.24102286316387025,0.25398840479163237,-1.0768751342257056e-05
2022-09-08,8.732770217741324e-13,1.436966558342318e-12,3.706347475164627e-12,2.3950873049703002e-12,2.8743287420503513e-12,4.819467229722326e-12,2.2304104227442532e-11,1.1188157322588274e-12,0.0,0.02041976466064065,0.24740515108466277,0.23333586351267194,7.519996715744809e-13,0.24535650577718535,0.2534934500505683,-1.0735126009286923e-05
2022-09-09,9.020203806689414e-13,1.4552138322195179e-12,3.7559142010861054e-12,2.4614484371162477e-12,2.868983732883641e-12,4.831032684158827e-12,2.3047900794125916e-11,1.1203700655582283e-12,0.0,0.021397462144751526,0.24626756485544157,0.23837003906771911,7.667955416153649e-13,0.23709654012591944,0.2568793209762844,-1.092721132570064e-05
2022-09-12,9.041143557346524e-13,1.457689179007067e-12,3.78553476306005e-12,2.446043232548851e-12,2.888619847026338e-12,4.779888739864873e-12,2.2569968043996406e-11,1.0978913830148895e-12,0.0,0.021696752009631216,0.23983848947157457,0.2390895858266968,7.620229677421003e-13,0.23628905728325567,0.26309701958035886,-1.0904212208993717e-05
2022-09-13,9.114472881523906e-13,1.4848007729915266e-12,3.833881506375003e-12,2.4720305158175987e-12,3.0061821554726815e-12,4.749965588472013e-12,2.3249050756214314e-11,1.1219578372280306e-12,0.0,0.022524713207138374,0.23559131115491946,0.23997625928617727,7.553051527277559e-13,0.24108025590518822,0.2608384965875942,-1.1036182602289364e-05
2022-09-14,9.165673757920114e-13,1.4842936474998648e-12,3.820054408954199e-12,2.4870367437724306e-12,3.0012695399410447e-12,4.6914607026250434e-12,2.416867394706823e-11,1.1161288890714242e-12,0.0,0.022269865694355646,0.23117369181657144,0.24376562339478106,7.609794404248328e-13,0.2432896323599278,0.25951223745755403,-1.1050765636549002e-05
2022-09-15,9.161458429960028e-13,1.4819938361816898e-12,3.825261934248288e-12,2.51656717158926e-12,3.020446440518195e-12,4.732525233959942e-12,2.4388902800032796e-11,1.1328088197736292e-12,0.0,0.022448519367742018,0.23620496949925962,0.24163352211773,7.514512669133434e-13,0.2386427639077715,0.2610812977787771,-1.1072714046446062e-05
2022-09-16,9.007305950679e-13,1.4900088437336171e-12,3.823638659395589e-12,2.551318561559777e-12,2.9982311009045855e-12,4.7241575063028765e-12,2.4779728656458737e-11,1.1560439891903927e-12,0.0,0.022533312355903612,0.2375640464149757,0.24340194112067068,7.487677757711615e-13,0.24447281913524893,0.25203895918240526,-1.1078252376858166e-05
2022-09-19,8.964737120420683e-13,1.4956833720755672e-12,3.839847112856991e-12,2.589183130630182e-12,3.0399245880685946e-12,4.7039987399384814e-12,2.5199729447600176e-11,1.1437167841024387e-12,0.0,0.023154858014176306,0.24212390990940086,0.24372907520085674,7.441049477409022e-13,0.2375757760745358,0.25342744849952165,-1.1067742143957002e-05
2022-09-20,8.869118866681766e-13,1.4835227858668455e-12,3.790199279770064e-12,2.575389353865677e-12,3.0388361437127502e-12,4.72054547383736e-12,2.4996491183702682e-11,1.1611210772294234e-12,0.0,0.02287466352459396,0.24304786122401692,0.2518454694081721,7.486349774982174e-13,0.23606156608643517,0.24618150380257195,-1.1064089191742706e-05
2022-09-21,8.830737258234394e-13,1.4837326377086647e-12,3.7660252213510195e-12,2.5206981000083987e-12,3.000989552495334e-12,4.798381805926935e-12,2.5426927717106037e-11,1.1441715868576412e-12,0.0,0.0224113237552747,0.2480826555153965,0.25239434741515815,7.596426012274072e-13,0.22825509047334167,0.24886761969818286,-1.1036901137452263e-05
2022-09-22,8.794478483988293e-13,1.4905324854435393e-12,3.788096093308205e-12,2.5126382216602194e-12,2.967410351403846e-12,4.82747781254967e-12,2.530810787507889e-11,1.1256881652574203e-12,0.0,0.021814879121020824,0.24511000910758665,0.25613083246102825,7.591961932382189e-13,0.22522383890965528,0.2517314305573011,-1.0990200250559153e-05
2022-09-23,8.683637856427914e-13,1.4848868538030284e-12,3.7629046331035e-12,2.523199936408935e-12,2.896994306451332e-12,4.752729587935711e-12,2.4634623252831528e-11,1.1164123765701324e-12,0.0,0.021545904606848607,0.24199085815345234,0.2587355943804508,7.699920139542823e-13,0.223868943193011,0.2538696351604016,-1.0935536974446114e-05
2022-09-26,8.642808957828993e-13,1.5139641996414587e-12,3.8717021424953164e-12,2.5525357253574877e-12,2.839591702999727e-12,4.745478701433432e-12,2.4979904582511e-11,1.116102403958306e-12,0.0,0.021868319197759025,0.24061364438026603,0.2603887718781608,7.623704293779048e-13,0.22444072498656084,0.2526995333287069,-1.099381469952768e-05
2022-09-27,8.788779061265856e-13,1.5552907452612916e-12,3.833928134739298e-12,2.5107355747327537e-12,2.847674188745725e-12,4.680420074263906e-12,2.5142914296490498e-11,1.134630529738705e-12,0.0,0.022067922948380635,0.24130330969892178,0.2532213768951185,7.673498076895317e-13,0.22610252150324447,0.2573159234980612,-1.10545870784733e-05
2022-09-28,8.862543746011831e-13,1.5720042610140042e-12,3.830268190076748e-12,2.4820884847876973e-12,2.852327985875581e-12,4.656514751920408e-12,2.56451160286988e-11,1.143634312814652e-12,0.0,0.022066517116612575,0.23221300005276982,0.26368858490638825,7.655979785147348e-13,0.22789634758707075,0.25414677055084073,-1.122025751603398e-05
2022-09-29,8.953421469599898e-13,1.5760034858957985e-12,3.800344022627602e-12,2.4737564436577414e-12,2.9138851617817433e-12,4.657760914125249e-12,2.5613758418526947e-11,1.1298038345557044e-12,0.0,0.022040724316392465,0.2337509312275936,0.26894763080683537,7.364373222512182e-13,0.22354591132894724,0.2517260322253392,-1.1229948905074149e-05
2022-09-30,8.584599225374546e-13,1.4582501078413297e-12,3.525589059791609e-12,2.53075026910995e-12,2.7534077852920756e-12,5.021615821799165e-12,2.2802904312339552e-11,1.213828252057419e-12,0.0,0.021033704657887866,0.25000288904129864,0.25000288904351226,7.572225425844678e-13,0.22896918438103453,0.2500028890257077,-1.1556190362963974e-05
2022-10-03,8.691298517871193e-13,1.4826700612321006e-12,3.561833312411202e-12,2.5719966906239526e-12,2.8224705149152023e-12,5.039946350111922e-12,2.2339224535842588e-11,1.209662818343047e-12,0.0,0.02107889289158167,0.24520544766977537,0.24337922431325562,7.481791992947337e-13,0.23259288874160144,0.2577551086753697,-1.1562332229064967e-05
2022-10-04,8.785557413440948e-13,1.5018296036446951e-12,3.5666409331347304e-12,2.526278775778824e-12,2.8132684366603015e-12,5.034828443974809e-12,2.2241267480295466e-11,1.2134647398145516e-12,0.0,0.021409639515681412,0.24469969206734613,0.23614931610335702,7.437034568421734e-13,0.23336852200309333,0.26438441536384005,-1.1585093837886822e-05
2022-10-05,8.762961300920146e-13,1.5139017355757645e-12,3.5880585283568652e-12,2.534862046120754e-12,2.8533726825000005e-12,5.006899293231941e-12,2.213436005660323e-11,1.216907491299769e-12,0.0,0.021644498988464298,0.24262188244569943,0.23779017665898014,7.447341439656658e-13,0.23502628538011028,0.2629287717984773,-1.1615312200828554e-05
2022-10-06,8.804852870845153e-13,1.527553786857589e-12,3.6248935607525276e-12,2.5552594265449175e-12,2.936131630964389e-12,4.983608370184671e-12,2.2296108900609622e-11,1.1995438184544699e-12,0.0,0.021445779681173203,0.2435321713749084,0.2382650043101758,7.546540744671558e-13,0.23460997192390673,0.2621587786930389,-1.1706023961281536e-05
2022-10-07,9.003376978552748e-13,1.5455736474369766e-12,3.6350720974982906e-12,2.570705535118541e-12,3.0216867585758774e-12,5.0133264124934e-12,2.2288274546770075e-11,1.1986671443511042e-12,0.0,0.021441719960302093,0.24066824344748158,0.23589262933891955,7.505229876863714e-13,0.23932738114793387,0.26268183348484664,-1.1807420407821181e-05
2022-10-10,8.985477168785879e-13,1.5654385091765803e-12,3.6859891099475315e-12,2.562524523988319e-12,2.9987816568273477e-12,4.958319596231853e-12,2.249975461726581e-11,1.1953905920811653e-12,0.0,0.021175754923166156,0.2377291406150007,0.23723247073234469,7.334339588078832e-13,0.24374606757926395,0.26012837082039103,-1.1804711264727827e-05
2022-10-11,8.8284631374639e-13,1.5194604884632073e-12,3.626427618408846e-12,2.512028834546488e-12,2.9490910190949193e-12,4.971319301704855e-12,2.2194740296008236e-11,1.1631533050365457e-12,0.0,0.02103294166746361,0.2388916238036108,0.23459988053341246,7.306031555895445e-13,0.24257846065693575,0.2629087058466151,-1.1612548587246173e-05
2022-10-12,8.575656414136416e-13,1.5138422437415301e-12,3.627000183644062e-12,2.4479161624288073e-12,2.887329799441067e-12,4.866607276432279e-12,2.1751421741100378e-11,1.1434170719780115e-12,0.0,0.021098970948255854,0.24061199762853117,0.2289489758850384,7.125292738092524e-13,0.24589693035988716,0.2634546145336926,-1.1489395212825444e-05
2022-10-13,8.61170282576943e-13,1.5263371431950237e-12,3.638431788956457e-12,2.4712730696936263e-12,2.885700182692785e-12,4.900762080992547e-12,2.138452637478131e-11,1.1363702717719352e-12,0.0,0.021053464246451842,0.23788003350633152,0.22773530289662366,6.962109594935577e-13,0.24929493084406898,0.2640477948439636,-1.152637694039661e-05
2022-10-14,8.525842297063288e-13,1.5229264097555553e-12,3.674647820421283e-12,2.4714142502297113e-12,2.8794546163425606e-12,4.927324439899304e-12,2.162140378815086e-11,1.1204134357254979e-12,0.0,0.020927101859033424,0.23936269339072755,0.22909083174400477,6.943151694859758e-13,0.24626434976891132,0.26436661919606397,-1.1595998505385784e-05
2022-10-17,8.591919650030193e-13,1.4907299047658908e-12,3.713971725277087e-12,2.4458045430309304e-12,2.8594403654298273e-12,4.822975336103474e-12,2.123974260634844e-11,1.1043175404977258e-12,0.0,0.02070831503369424,0.2360712822002279,0.23454518970027238,6.752522159452314e-13,0.24496727236900426,0.2637194475231862,-1.1506865596447019e-05
2022-10-18,8.41695399895071e-13,1.4855883861908162e-12,3.659906801472242e-12,2.3514731007101152e-12,2.852826106167749e-12,4.70534700666111e-12,2.072609710581266e-11,1.103750347478553e-12,0.0,0.020790982550597314,0.2382713000305694,0.22966291320328297,6.777864069882699e-13,0.23918255905311903,0.2721036305524926,-1.1385428465760637e-05
2022-10-19,8.474006251965637e-13,1.5211930538719152e-12,3.742995792088394e-12,2.391855956727431e-12,2.86787050315819e-12,4.7598774830749075e-12,2.0397176596826164e-11,1.1223336429266584e-12,0.0,0.021118873493013647,0.22990808209057917,0.227846452149349,6.780954898898493e-13,0.2437679618424235,0.27737016623398925,-1.1535847683426627e-05
2022-10-20,8.370968784445724e-13,1.514837476182102e-12,3.662614614752802e-12,2.383346804642454e-12,2.854246853325668e-12,4.733039746910953e-12,2.013546622640598e-11,1.1395022326591058e-12,0.0,0.020586975133185727,0.2284576335308725,0.22837064354353612,6.642346357719756e-13,0.24606739374987846,0.2765287656761953,-1.141167159242234e-05
2022-10-21,8.231099078904819e-13,1.5278989077695596e-12,3.666982593705388e-12,2.4115315857102393e-12,2.9033117838722854e-12,4.77186156945407e-12,2.0705574364562797e-11,1.1431449167496633e-12,0.0,0.020965004124198803,0.22942707207653015,0.2327252135807481,6.611754247578082e-13,0.24561769052342577,0.2712764923149607,-1.1472658478161174e-05
2022-10-24,8.271197414973552e-13,1.536935136750431e-12,3.723480077738656e-12,2.4399138553870134e-12,2.9010776071274924e-12,4.712606005904782e-12,2.088389838138737e-11,1.1643673095320542e-12,0.0,0.021378346640114725,0.22929599255445146,0.23156282414423524,6.545396756871475e-13,0.24609255119478216,0.271681785461355,-1.1500033782524434e-05
2022-10-25,8.276872653540357e-13,1.533027146138306e-12,3.713619380466172e-12,2.4153251169446627e-12,2.930877950492589e-12,4.711934051426586e-12,2.0811944378635652e-11,1.150809273700017e-12,0.0,0.021790208162061897,0.23112813160457793,0.22500645598932997,6.626874037744073e-13,0.250002982329301,0.27208370509621405,-1.1483220242703322e-05
2022-10-26,8.462305208305858e-13,1.5474916838149149e-12,3.683342496167807e-12,2.4431065981876244e-12,2.9610880211037272e-12,4.709810503565806e-12,2.1127558628753717e-11,1.1319299831736049e-12,0.0,0.021653523506196523,0.2291442345170002,0.22626136720704693,6.727542520848165e-13,0.2526471387799317,0.2703052995247882,-1.1563574086883884e-05
2022-10-27,8.386029917341712e-13,1.5232820564800797e-12,3.658988960743965e-12,2.4629244657462727e-12,2.9486768923431414e-12,4.742121101182396e-12,2.1454512449196665e-11,1.117947838055663e-12,0.0,0.022293511817084662,0.23357164657943857,0.2190128782679016,6.746712515386863e-13,0.25166794854312274,0.27346552686629033,-1.1512113259663505e-05
2022-10-28,8.26653692229048e-13,1.4994108976496478e-12,3.6061080556077497e-12,2.4292043477421732e-12,2.9565844537936252e-12,4.6370546545232415e-12,2.1123358139720577e-11,1.0819130600529943e-12,0.0,0.022573846887170058,0.2307128664538114,0.2163972882162798,6.753252759418345e-13,0.2566441893359634,0.273683235311117,-1.1426243177270872e-05
2022-10-31,8.584805381232846e-13,1.458285127158447e-12,3.5256737254608567e-12,2.530811044107149e-12,2.7534739073241385e-12,5.0217364139773926e-12,2.2803451915341958e-11,1.2138574016774029e-12,0.0,0.02103420977423904,0.25000889276480576,0.2500088927670193,7.572407269934417e-13,0.22897468298819032,0.25000889274921445,-3.557108439183827e-05
2022-11-01,8.594752250392153e-13,1.4637370138649458e-12,3.5294293923707693e-12,2.4490685727362395e-12,2.811587507524943e-12,5.061498386728546e-12,2.2942545335786986e-11,1.2148205710144481e-12,0.0,0.020875259757987114,0.2529479192648878,0.24493381836667155,7.610886003056564e-13,0.23174234833199517,0.24953627059860903,-3.561636124388325e-05
2022-11-02,8.640057210552471e-13,1.451643290718043e-12,3.498977187585603e-12,2.460253156942619e-12,2.8400729068387695e-12,4.94924887636656e-12,2.3148783888670887e-11,1.2078340428062756e-12,0.0,0.020482603074699703,0.24997042325782506,0.24944083900090358,7.631280548079694e-13,0.23061702214356908,0.24952478449950355,-3.567201768489911e-05
2022-11-03,8.665366151419041e-13,1.4557003793351366e-12,3.4904510006000708e-12,2.4871120675416718e-12,2.869031207398406e-12,4.967797751883622e-12,2.3130748477394144e-11,1.2172702359171463e-12,0.0,0.020789971854667674,0.25325562101528215,0.24482056459868617,7.475860770574693e-13,0.2273718062191851,0.2537976411290227,-3.5604858076041414e-05
2022-11-04,8.428169139678333e-13,1.443040442499193e-12,3.4599122807649505e-12,2.488560899829775e-12,2.8392068702121366e-12,4.821081626957322e-12,2.2545876222158504e-11,1.181955139396422e-12,0.0,0.02047353110208165,0.24539821366318998,0.24779114336476937,7.212026916398112e-13,0.23007949993454505,0.2562927586693915,-3.514677432113908e-05
2022-11-07,8.38036539855163e-13,1.4128303348542054e-12,3.424144148286058e-12,2.417877719095852e-12,2.8306366699207054e-12,4.7495618984017325e-12,2.2110329586132797e-11,1.1453834416325617e-12,0.0,0.0198658745679458,0.24638206953139616,0.24272820030795836,7.09206866185188e-13,0.22964241829947338,0.26141608371979397,-3.4646466205504404e-05
2022-11-08,8.425034908860948e-13,1.3890346961293263e-12,3.328723556790573e-12,2.465902586857174e-12,2.888321039867599e-12,4.727909737815278e-12,2.1580686516169623e-11,1.1530017282394015e-12,0.0,0.0196952992239652,0.2482462031935113,0.2424398100869621,6.897617277398464e-13,0.2267472203165298,0.2629058608434332,-3.439370346738287e-05
2022-11-09,8.508632814702783e-13,1.3998298576075957e-12,3.3795324195529115e-12,2.4683499926486246e-12,2.909615946356769e-12,4.546930661634773e-12,2.1562325447788676e-11,1.1716309078202015e-12,0.0,0.01965711297315179,0.2453690769842688,0.2478713633463923,7.001709087671167e-13,0.23140983049501726,0.2557271776459767,-3.4561483796038404e-05
2022-11-10,8.462343869101996e-13,1.3904141757166356e-12,3.356243020317964e-12,2.4414825651407948e-12,2.8863248054503824e-12,4.579038586678013e-12,2.0926765282853405e-11,1.1966499272430724e-12,0.0,0.019571982726771648,0.24806337440474235,0.24092695937141215,6.895227773168435e-13,0.23007674651503826,0.2613953557585853,-3.441881486229306e-05
2022-11-11,8.372824449100209e-13,1.3826189034019444e-12,3.301238661075135e-12,2.4304193048677734e-12,2.915575698001916e-12,4.5910857119383774e-12,2.0695239379803218e-11,1.1960848611638346e-12,0.0,0.01953071385492931,0.2500385713752834,0.2430009605348932,6.812378274871178e-13,0.2304902208262896,0.2569735962909824,-3.406292040869183e-05
2022-11-14,8.315688104209669e-13,1.3815245505114684e-12,3.3050178944118174e-12,2.3888610550936447e-12,2.9520107580442e-12,4.437314910687899e-12,2.14980680432177e-11,1.2241157413820725e-12,0.0,0.01957593264373493,0.25181713928772487,0.24112190228474892,6.85079877489176e-13,0.2304103802768886,0.25710876678580397,-3.4121317604891525e-05
2022-11-15,8.286656637775794e-13,1.3561115952057974e-12,3.28943416005849e-12,2.381105094023491e-12,2.941599411352603e-12,4.402666373358656e-12,2.17184097605683e-11,1.2118932644869535e-12,0.0,0.019871278376260383,0.25025751362486953,0.24081151872216225,6.805990904298692e-13,0.2344649683550987,0.2546286581531563,-3.393727035740497e-05
2022-11-16,8.462285998945079e-13,1.3668684180262803e-12,3.288302623827545e-12,2.421370961590082e-12,2.957313460441973e-12,4.478089717363902e-12,2.1109571004040638e-11,1.2230863186106573e-12,0.0,0.019723607339630307,0.25030936298288536,0.24069371656659042,6.863536226879932e-13,0.23075987120739955,0.2585476764694165,-3.423460429939637e-05
2022-11-17,8.500328864706944e-13,1.3594105980953988e-12,3.2896639857165645e-12,2.4316188737065778e-12,2.9771347194316905e-12,4.5480138614526374e-12,2.0796792967768354e-11,1.2008207008415772e-12,0.0,0.01977982103060869,0.25141943202483635,0.24637711917833283,6.81021256274274e-13,0.2307047445401583,0.25175282676654087,-3.3943578611455335e-05
2022-11-18,8.610981265135452e-13,1.345315609939064e-12,3.255905107540555e-12,2.4051642255083173e-12,2.933431397256043e-12,4.474518116928355e-12,2.05084767799133e-11,1.1695564555330918e-12,0.0,0.020240214905866707,0.25270116805000986,0.2485467362809496,6.90441703276177e-13,0.23682644836214214,0.2417191311765614,-3.369881317364445e-05
2022-11-21,8.601603756069892e-13,1.3486256411482233e-12,3.2740906982698187e-12,2.4226135219757945e-12,2.9489237263398012e-12,4.535544915772796e-12,2.0740366855403316e-11,1.1701434988864133e-12,0.0,0.020145846572111922,0.25319402251792045,0.25022595850873575,6.842045523356978e-13,0.23729737692685524,0.2391708465126814,-3.4051076289358304e-05
2022-11-22,8.476317268261307e-13,1.3161491207588167e-12,3.2008179436295805e-12,2.354488240312277e-12,2.904334721113072e-12,4.425725217111616e-12,2.071649700166339e-11,1.1613407238005233e-12,0.0,0.019635095077164932,0.2514132920937164,0.2498283284604155,6.769606608945409e-13,0.24104627675794416,0.23811059594739678,-3.358837424147896e-05
2022-11-23,8.430957228472576e-13,1.2996950981850365e-12,3.179650955804909e-12,2.3008232359878586e-12,2.848450269961056e-12,4.3845399248694426e-12,2.0527104024603144e-11,1.1537065336701222e-12,0.0,0.01893960232521515,0.24408558084620788,0.2473959563066911,6.593189784299286e-13,0.25242105514399643,0.23719092151538873,-3.311617469569385e-05
2022-11-24,8.366580318898141e-13,1.2840281513792462e-12,3.1415172507187535e-12,2.2859298547239562e-12,2.8329618119012383e-12,4.329403446595363e-12,2.0313764803864518e-11,1.1677982913763906e-12,0.0,0.01888727423722705,0.237204419471387,0.2479972762559524,6.728471133617862e-13,0.257027671074847,0.2389162400438491,-3.28811201273642e-05
2022-11-25,8.474858008586086e-13,1.2841292321652278e-12,3.161450685803852e-12,2.267161198616648e-12,2.8419475496754187e-12,4.401660642667278e-12,2.0145754936782032e-11,1.1532091818730159e-12,0.0,0.018816429026945376,0.23964798686052674,0.24605771590209197,6.930225953771619e-13,0.25095990616037533,0.2445508205120737,-3.2858498808735896e-05
2022-11-28,8.458745956790212e-13,1.2675835985022435e-12,3.186749766008743e-12,2.2728570843025386e-12,2.8190049987243648e-12,4.330498065514205e-12,2.025496125550407e-11,1.175656807545016e-12,0.0,0.018938821619419212,0.2428700236310822,0.2473409418077816,6.794991876784367e-13,0.24586708181626343,0.24501615926443743,-3.302817581657112e-05
2022-11-29,8.473671835445401e-13,1.282740979315992e-12,3.2235487782882005e-12,2.296352191012436e-12,2.818963747775921e-12,4.2684400878819846e-12,2.0438015014977686e-11,1.188533608563292e-12,0.0,0.018759873941924157,0.2410103659638959,0.24872683319376232,6.723557946618902e-13,0.24659480021046978,0.2449412568277705,-3.3130174858966346e-05
2022-11-30,8.584639706440625e-13,1.458256984285695e-12,3.525605684866344e-12,2.530762202977354e-12,2.7534207691110716e-12,5.0216395014557875e-12,2.2803011840466608e-11,1.2138339759194641e-12,0.0,0.021033803843273902,0.25000406794123387,0.2500040679434475,7.572261133016297e-13,0.2289702640955837,0.25000406792564295,-1.6271790104118918e-05
2022-12-01,8.646892844583177e-13,1.4773228249882272e-12,3.5533303283079296e-12,2.5559978170217905e-12,2.8191587527530085e-12,5.101671656242069e-12,2.3302737009366108e-11,1.2263019222849445e-12,0.0,0.020939494654323952,0.25190768821606346,0.23923839607917813,7.596877106912974e-13,0.2317778860315998,0.2561530215432602,-1.648656608620333e-05
2022-12-02,8.690259093744391e-13,1.4937906826184593e-12,3.4961813175325298e-12,2.573893475278798e-12,2.7828831249155413e-12,5.061400159817329e-12,2.3423886144723755e-11,1.2581800249245505e-12,0.0,0.021109414571822954,0.2538069632211656,0.2382232313217381,7.583954643299099e-13,0.23543755247697304,0.2514394464856548,-1.6608119071951708e-05
2022-12-05,8.683783501781999e-13,1.4785659523635237e-12,3.505274723761475e-12,2.586062061055184e-12,2.7094327797701007e-12,4.992660107265832e-12,2.3011229627951718e-11,1.2183697731591868e-12,0.0,0.02177628569357192,0.25476583401054,0.24444987455621267,7.648266661564541e-13,0.2308754209460215,0.2481490847588565,-1.6500006337316212e-05
2022-12-06,8.711864255895392e-13,1.4817211346210818e-12,3.475567348704898e-12,2.535608590668782e-12,2.8114234806484474e-12,4.9728057809351995e-12,2.286099109774112e-11,1.21774561045346e-12,0.0,0.021772852132907018,0.25954637400477926,0.24344816448834386,7.477513861602338e-13,0.2297479937329092,0.24550107418390252,-1.6458583816542216e-05
2022-12-07,8.889246698851074e-13,1.5095491352225814e-12,3.5035224187357166e-12,2.515662956831407e-12,2.7887627925322513e-12,5.008387618487205e-12,2.3125231517859914e-11,1.2197819364658166e-12,0.0,0.021725190286473704,0.2612908552409314,0.23533156738343863,7.385581019135181e-13,0.22875680888681357,0.252912145662436,-1.6567501391676112e-05
2022-12-08,8.661929748881738e-13,1.4850932529769557e-12,3.44899052310137e-12,2.5073159488047385e-12,2.780810237727673e-12,4.9151954005577e-12,2.256659661532276e-11,1.186768361177093e-12,0.0,0.021195379475216217,0.2589550287950417,0.23280094754195893,7.330244465851097e-13,0.22987076415902105,0.2571941456762362,-1.62656879639823e-05
2022-12-09,8.605923261626477e-13,1.4901981440019795e-12,3.409857788432167e-12,2.522209429927224e-12,2.7954736328401254e-12,4.94142536465786e-12,2.2426549690481593e-11,1.1667872237399013e-12,0.0,0.02102585667065827,0.26343098059245834,0.22988804845316682,7.376957884714245e-13,0.2317074696412528,0.253963782906755,-1.613830464199847e-05
2022-12-12,8.762024034936782e-13,1.4545138069522321e-12,3.38398951030467e-12,2.509990354635847e-12,2.783548623408326e-12,4.9913880078763615e-12,2.264499089605615e-11,1.180143450819218e-12,0.0,0.020837890806108143,0.2597635108462871,0.23280072404548324,7.339005264739537e-13,0.2264311785655946,0.26018292168642837,-1.6225990460039768e-05
2022-12-13,8.806514217774437e-13,1.4656653709719508e-12,3.363896479239869e-12,2.50800881870345e-12,2.8075472003799555e-12,4.911454556612242e-12,2.280445063232869e-11,1.1755070591330995e-12,0.0,0.020736229357440683,0.26316891115011287,0.23188188186820213,7.093240261251699e-13,0.2306452204581612,0.2535838501660938,-1.609304063705178e-05
2022-12-14,8.839118907757406e-13,1.4525939735361575e-12,3.3794071318727917e-12,2.5204407942524314e-12,2.799839715658451e-12,4.904420234502804e-12,2.2753966271949272e-11,1.1330103552385237e-12,0.0,0.020218446247313462,0.26185065145319103,0.22565407223189643,6.892318893229772e-13,0.23556518151963654,0.25672760898653735,-1.5960479091566633e-05
2022-12-15,8.827907259155051e-13,1.4535627319422588e-12,3.3664094725741508e-12,2.534013295151512e-12,2.7737517269776472e-12,4.96149555595719e-12,2.2652233883150794e-11,1.1251093387006497e-12,0.0,0.020013468012918218,0.2629950097988867,0.22340380993411424,6.942773466382226e-13,0.24057486014645613,0.25302878976342197,-1.5937696240793104e-05
2022-12-16,8.78360431019689e-13,1.4548571808183322e-12,3.338060282308004e-12,2.5380713197926717e-12,2.7821946847007515e-12,5.012041723447291e-12,2.2385669207971766e-11,1.1060935393883522e-12,0.0,0.019643247543682487,0.2644678503180602,0.21826471575964776,7.20192305195607e-13,0.2454102478630266,0.25222981262434874,-1.587414898126945e-05
2022-12-19,9.006017088447883e-13,1.4551005325933575e-12,3.4874471448499622e-12,2.5639301538740342e-12,2.825637187869731e-12,4.9766174048417e-12,2.2919232562932835e-11,1.107470890560776e-12,0.0,0.01981328268220035,0.2643422329106941,0.2190296345759111,7.355772205712369e-13,0.24384388177928504,0.25298710862222,-1.614061128225055e-05
2022-12-20,8.970393670047086e-13,1.4783019769552831e-12,3.47001762110068e-12,2.511396704671237e-12,2.7847796154332793e-12,4.928758216138466e-12,2.2583291378531588e-11,1.1104671637813835e-12,0.0,0.019893361166292305,0.2603987167150661,0.2217203548923434,7.262260878294151e-13,0.23718491595657074,0.2608186247154395,-1.597348620218499e-05
2022-12-21,8.786685537468344e-13,1.4624547935448298e-12,3.43536491608818e-12,2.5753597728396816e-12,2.8368337817845506e-12,5.007307546138413e-12,2.2412254428839344e-11,1.145080701317058e-12,0.0,0.020133605553608342,0.2603695215906791,0.22087421453050315,7.208817045301139e-13,0.23558747789242263,0.26305109808444144,-1.5917692128897544e-05
2022-12-22,8.795501825950018e-13,1.4584379668407993e-12,3.48297032963926e-12,2.481816945357835e-12,2.847710338920438e-12,5.041677269325259e-12,2.270706349257186e-11,1.1414436159604373e-12,0.0,0.020396592076073437,0.26607579507404905,0.21928308715897235,7.227233036443418e-13,0.24228247168883923,0.25197792939169367,-1.587543039112551e-05
2022-12-23,8.810458355255883e-13,1.4923637016304807e-12,3.5534092710273773e-12,2.517559397284197e-12,2.8559501148859773e-12,5.0266350881372725e-12,2.2716134267422882e-11,1.17636176642827e-12,0.0,0.02060295323780132,0.26507837606178425,0.22430964860658847,7.220626774128438e-13,0.24394252670767091,0.24608249893959266,-1.6003594379113286e-05
2022-12-26,8.671487691614559e-13,1.491716346214885e-12,3.5008796749051987e-12,2.577177761874686e-12,2.7832573245704554e-12,4.9730922712617865e-12,2.271285151053922e-11,1.1698765826684854e-12,0.0,0.020290936496369358,0.26075978906342556,0.22317406509415355,7.466330359328969e-13,0.2442468951582917,0.25154430593074273,-1.5991783805526752e-05
2022-12-27,8.814233889195106e-13,1.5261012923962717e-12,3.434684288597566e-12,2.598231225842331e-12,2.8606111560229764e-12,4.9946964559816125e-12,2.3527133336360877e-11,1.20858702208055e-12,0.0,0.020371580045028082,0.2595333765864187,0.22343898786522184,7.392291152867565e-13,0.24910561021217675,0.24756661959087367,-1.6174341489716473e-05
2022-12-28,8.751122606732737e-13,1.516201911295318e-12,3.3301283528127113e-12,2.6108188278734846e-12,2.841959480801405e-12,4.97890418732151e-12,2.2992338721738092e-11,1.2038878664948102e-12,0.0,0.020085361513452984,0.26459321819696696,0.22081375777831053,7.446283256753565e-13,0.2473227925512988,0.24720083420991132,-1.5964291034482187e-05
2022-12-29,8.612887417483554e-13,1.5219289340169377e-12,3.303868308523146e-12,2.585672948863903e-12,2.902467498932887e-12,4.965929133149045e-12,2.268476088164656e-11,1.1979915695901507e-12,0.0,0.020537332903192738,0.26168528999842544,0.222852768258159,7.625930049596116e-13,0.24515845422399632,0.24978211558917737,-1.59610137373519e-05
2022-12-30,8.584678847990713e-13,1.4582636331889392e-12,3.525621759818378e-12,2.530773741953819e-12,2.753433323296295e-12,5.021662397554028e-12,2.2803115810494547e-11,1.213839510379266e-12,0.0,0.021033899746621607,0.25000520783144276,0.2500052078336563,7.572295658639801e-13,0.2289713080824448,0.2500052078158517,-2.083135093956013e-05
2023-01-02,8.56200779363498e-13,1.4522656133965407e-12,3.3818681220354066e-12,2.5184961158692658e-12,2.6758526842818547e-12,5.02172219006904e-12,2.306663652023456e-11,1.1881480947860082e-12,0.0,0.020669638993218848,0.252949294636138,0.24839337352206065,7.739350989912658e-13,0.22885563279528154,0.24915271340533632,-2.0653392970555822e-05
2023-01-03,8.539928736056683e-13,1.4596145318191803e-12,3.30792150467449e-12,2.513055184442323e-12,2.665266747794291e-12,5.052811888617529e-12,2.2938003134135848e-11,1.1671230732174998e-12,0.0,0.02026205776734167,0.2443444060720786,0.250707606113544,7.795420996164523e-13,0.23014387001736455,0.25456264277314133,-2.0582784207447688e-05
2023-01-04,8.417955054978858e-13,1.4269313082589879e-12,3.2789956866432832e-12,2.483098079543634e-12,2.6170608417986357e-12,5.007712577576933e-12,2.2569395028143595e-11,1.127835203086668e-12,0.0,0.019749575684711612,0.24335527322621422,0.24601444785943538,7.886106126361033e-13,0.23504627594780636,0.2558548402715769,-2.0413029885956878e-05
2023-01-05,8.307305443247511e-13,1.4509297645424818e-12,3.3400718435496207e-12,2.4876468746937784e-12,2.663481876188697e-12,4.980614776076502e-12,2.2038464673006358e-11,1.117616080104465e-12,0.0,0.019327105273614555,0.24379499850009648,0.24660979447526787,7.829780503802538e-13,0.23359055223668923,0.2566979896985748,-2.0440223935390705e-05
2023-01-06,8.175385661680504e-13,1.4148905957541217e-12,3.3124412687865746e-12,2.491729196017513e-12,2.6633130589155688e-12,4.877232943290612e-12,2.143980071003777e-11,1.1015071515807989e-12,0.0,0.019318221215517135,0.24402285185300698,0.24772825161754874,7.806406937995126e-13,0.23170152179446987,0.25724937250472824,-2.021902417006927e-05
2023-01-09,8.283684614982783e-13,1.4204778471520628e-12,3.4002554834971528e-12,2.5740817787684694e-12,2.676053767327741e-12,5.020523786784106e-12,2.2335529067138368e-11,1.1220742785995963e-12,0.0,0.01971823559483159,0.24639226633129072,0.2497652958534756,8.013973983019707e-13,0.22917999681641596,0.2549647943988985,-2.058903509116166e-05
2023-01-10,8.337585506058589e-13,1.429177930730462e-12,3.434643195001156e-12,2.6463027435150172e-12,2.6966996579001276e-12,5.091734288809652e-12,2.2184663444466013e-11,1.141681687250322e-12,0.0,0.019869979917665682,0.24758349384085312,0.2558030511892062,7.882039869892574e-13,0.22112003386641368,0.2556441562648309,-2.0715119216316226e-05
2023-01-11,8.345984619128371e-13,1.4265488053008663e-12,3.468684753618923e-12,2.6507515849655096e-12,2.6694188960835477e-12,4.923829382633406e-12,2.2042098120191206e-11,1.1545955831693286e-12,0.0,0.01981609950449761,0.2484944422615605,0.2506453045964385,7.943775187577681e-13,0.22702163153348162,0.25404316257615805,-2.064051210123278e-05
2023-01-12,8.327654817333328e-13,1.4378332231652819e-12,3.4145623098045303e-12,2.6840060310875017e-12,2.707368710962244e-12,5.073377000310037e-12,2.2176390280557884e-11,1.171452492603739e-12,0.0,0.019880295345440432,0.2445024231889361,0.2520393362716899,7.971595321940655e-13,0.2302978206656232,0.2533009375867649,-2.08130987493877e-05
2023-01-13,8.298485456889541e-13,1.4268790600782574e-12,3.3879489143380075e-12,2.6751914085901653e-12,2.697395446929884e-12,5.101644527615917e-12,2.204912800737377e-11,1.1608788268043347e-12,0.0,0.019580557569603134,0.24210424293796132,0.25963644971573774,7.813022000325687e-13,0.22823086249565075,0.25046860700873397,-2.0719767797201644e-05
2023-01-16,8.20004842808256e-13,1.4085550946158497e-12,3.365903534691887e-12,2.597888457842273e-12,2.7055973231082623e-12,5.0946253716877716e-12,2.147597129298848e-11,1.1130500488537646e-12,0.0,0.01932548220950537,0.2498808459173081,0.25959406670387,7.495629578168195e-13,0.22329430305279765,0.24792581991559787,-2.051783841009239e-05
2023-01-17,8.222849105081427e-13,1.3903823945833842e-12,3.362476036870676e-12,2.5777091565079136e-12,2.6706533043755573e-12,5.114262057282222e-12,2.171223736007481e-11,1.1269679788823056e-12,0.0,0.01918857691768656,0.25294020729142425,0.2611284343409873,7.518672035579637e-13,0.22097259140230324,0.2457907116336194,-2.0521625549650693e-05
2023-01-18,8.147880055051463e-13,1.4107848562101584e-12,3.3405135044018564e-12,2.534747178780978e-12,2.6180213882065663e-12,5.032887711034244e-12,2.2134685306351496e-11,1.1098220284421475e-12,0.0,0.018894355671836092,0.2515896915924304,0.26210142925798446,7.372756006025903e-13,0.21632999626584526,0.25110484348355827,-2.031631138799575e-05
2023-01-19,8.407403152068355e-13,1.4538887150588415e-12,3.4443702721251555e-12,2.6052610598022077e-12,2.742415062461108e-12,5.148958713875484e-12,2.280936749025913e-11,1.1115143584991773e-12,0.0,0.018961415462448245,0.26259086059740344,0.25650220733206347,7.486839055877526e-13,0.20918153554524005,0.25278474712229076,-2.0766100351232472e-05
2023-01-20,8.460082750122218e-13,1.4904608646319136e-12,3.4972114574264314e-12,2.6088524726961234e-12,2.8086687636237827e-12,5.207292106923904e-12,2.3074851070179945e-11,1.1047627310786433e-12,0.0,0.018928544865875675,0.2657424681501207,0.25973368753894926,7.776476799492161e-13,0.2130345874004024,0.24258170142706326,-2.0989423827157457e-05
2023-01-23,8.516820042676504e-13,1.4748173529350713e-12,3.47552278104107e-12,2.5956620042780842e-12,2.7981009825360877e-12,5.137783178629449e-12,2.323968166875792e-11,1.0874593202357167e-12,0.0,0.019673119103522353,0.2611927694402071,0.25965781335659605,7.466163798581397e-13,0.21283831432718855,0.2466590574392313,-2.1073708152753322e-05
2023-01-24,8.658288337429343e-13,1.4903847042133525e-12,3.543254018319661e-12,2.6977072698821207e-12,2.884426599033984e-12,5.153785331837602e-12,2.3010374905121027e-11,1.091944960195645e-12,0.0,0.02000887993662933,0.2587653181221825,0.2619455051230656,7.652261672416293e-13,0.21459542486953398,0.24470614657034526,-2.1274663259573006e-05
2023-01-25,8.714943065121736e-13,1.4554939703315414e-12,3.5150067795794445e-12,2.6844980654966898e-12,2.8723116455115856e-12,5.143165863560384e-12,2.3099317949049093e-11,1.0866956012288474e-12,0.0,0.019797808148037103,0.2551213173963343,0.26431114599220296,7.533965740698253e-13,0.21700314217167962,0.24378776086274775,-2.1174612483192708e-05
2023-01-26,8.702850263807177e-13,1.4698517748468176e-12,3.4999944828949543e-12,2.713991809989235e-12,2.890295581743143e-12,5.122715208875958e-12,2.3350749582274445e-11,1.0992214853880484e-12,0.0,0.020171167681366443,0.2581376975090628,0.26028754208326177,7.88812569958169e-13,0.21228543325242777,0.24913940509064791,-2.1245658572539002e-05
2023-01-27,8.635355716369033e-13,1.4353123516893088e-12,3.4543121190871337e-12,2.6798208760454516e-12,2.9018610552359823e-12,5.016779253834217e-12,2.2997979759525124e-11,1.0505260502946452e-12,0.0,0.01960741869245679,0.256519223740776,0.2568610041049911,7.784436418072233e-13,0.21295705151123143,0.2540762930890282,-2.09911796621472e-05
2023-01-30,8.6849164965935e-13,1.4497182985520418e-12,3.4784065242298423e-12,2.720427190687333e-12,2.895556686764199e-12,5.103728467515704e-12,2.3424906269440795e-11,1.0704297185147654e-12,0.0,0.019626827229948605,0.25845106473192136,0.2518430638893416,8.031772586836085e-13,0.21370253168611017,0.2563975698561397,-2.1057435276268342e-05
2023-01-31,8.58462131410269e-13,1.4582538600130215e-12,3.5255981313599195e-12,2.530756780893812e-12,2.7534148699881043e-12,5.0216287427409376e-12,2.2802962985684812e-11,1.2138313753158928e-12,0.0,0.02103375877896817,0.25000353231487576,0.25000353231708927,7.572244909669664e-13,0.22896977353353126,0.2500035322992848,-1.4129284671475118e-05
2023-02-01,8.575787865101597e-13,1.4504004869466368e-12,3.523752805020679e-12,2.565960603585857e-12,2.7632754794242855e-12,5.076325950182909e-12,2.2714867536753154e-11,1.1938220164342429e-12,0.0,0.02066622133073434,0.2550239850020943,0.2520710104374253,7.603432270590138e-13,0.23296804200103402,0.23928479274960907,-1.40515618033659e-05
2023-02-02,8.653323284281326e-13,1.4361600443073134e-12,3.53588836318074e-12,2.5658651138032896e-12,2.7954538782979085e-12,5.109543588140895e-12,2.321125502196584e-11,1.1879791750140062e-12,0.0,0.02079534607156043,0.24920288300182142,0.24910354145422425,7.612314668525708e-13,0.23859915623897074,0.24231317065465727,-1.4097462702857368e-05
2023-02-03,8.585463095541181e-13,1.4387834459313955e-12,3.6247669118271636e-12,2.577638405846841e-12,2.793631732898803e-12,5.159056606408636e-12,2.3529938468047737e-11,1.1843403866986088e-12,0.0,0.020761200444585924,0.2529894371345538,0.25069974904167497,7.704024742598451e-13,0.23614541422387883,0.23941833920819333,-1.414009482406126e-05
2023-02-06,8.581674844617285e-13,1.4243111518721834e-12,3.602345714266916e-12,2.54493186515213e-12,2.7982038771150493e-12,5.07201973202111e-12,2.3272633522998218e-11,1.1866387769315766e-12,0.0,0.020406363047990157,0.2586647252007734,0.24976051633691934,7.495386483735726e-13,0.2356107647805035,0.23557163653833474,-1.400594602996459e-05
2023-02-07,8.604031190756797e-13,1.4216129889938603e-12,3.600068336005033e-12,2.5147832723479226e-12,2.8279529493812697e-12,4.990111942568292e-12,2.2894188062405015e-11,1.1912745245018464e-12,0.0,0.02026965881212308,0.2612847342381689,0.253981993766378,7.593743118816671e-13,0.23401254107739947,0.23046505437458445,-1.398230971373429e-05
2023-02-08,8.352085078214214e-13,1.4056680502691272e-12,3.614683681583586e-12,2.461199886080636e-12,2.8277766067452636e-12,4.88759796872613e-12,2.2733498580578034e-11,1.193101646988689e-12,0.0,0.0201535032020473,0.25736799643199104,0.25486990663854353,7.562028739245507e-13,0.23232281299756039,0.2352996399088583,-1.3859219715675601e-05
2023-02-09,8.53160495605495e-13,1.4170223325815363e-12,3.6662245545423415e-12,2.4965051768889435e-12,2.873721625578652e-12,5.122904701453898e-12,2.319716521702911e-11,1.1764654468449107e-12,0.0,0.019850309475998366,0.25994372124261766,0.2501357090137278,7.561756753915278e-13,0.22939315284220346,0.24069117367329468,-1.4066289401373107e-05
2023-02-10,8.42171170429481e-13,1.4030920124004346e-12,3.6151024056523145e-12,2.4251285568229554e-12,2.8547068635824655e-12,5.182237490384239e-12,2.302860716905708e-11,1.1545268621678942e-12,0.0,0.019323363145864653,0.2585495228271338,0.25145949047505695,7.501019354938378e-13,0.2298206952133164,0.24086081057760583,-1.3882280233179122e-05
2023-02-13,8.395024929031487e-13,1.3827464855231413e-12,3.593422324921324e-12,2.3827199051113886e-12,2.833028812852258e-12,5.163751419472879e-12,2.336781879251477e-11,1.1243561091483935e-12,0.0,0.019616000827297034,0.2597278165252925,0.2530521327187228,7.520900857891311e-13,0.2334787933978476,0.2341390261416114,-1.3769652210851857e-05
2023-02-14,8.275192383300217e-13,1.3810423102858248e-12,3.505577820336449e-12,2.4136686457525517e-12,2.8719152660883255e-12,5.129646671809325e-12,2.32270313106749e-11,1.122082001109436e-12,0.0,0.01963619467303518,0.2618358257399897,0.2520920274491723,7.638763430728149e-13,0.23518004629479808,0.23126965624723436,-1.375044547202044e-05
2023-02-15,8.293916841596529e-13,1.3481717996517724e-12,3.466489543448221e-12,2.415699564473099e-12,2.8179167135754704e-12,5.098084416808499e-12,2.3162107190131304e-11,1.0972897682060784e-12,0.0,0.01939323173998654,0.2569171895807981,0.2592815856596036,7.462028133409113e-13,0.2371239299123639,0.22729767026199926,-1.3607195732779904e-05
2023-02-16,8.25084472316128e-13,1.3565299425957178e-12,3.5088713650502553e-12,2.4539266500109794e-12,2.8864266594703766e-12,5.318437901343459e-12,2.3363485298834004e-11,1.0927686629207595e-12,0.0,0.019417057100320434,0.2621796426538518,0.2549886681770176,7.814474612854177e-13,0.2421443775077756,0.22128392874034583,-1.3674220898291153e-05
2023-02-17,8.271970494623067e-13,1.3805232189854931e-12,3.5867600079532143e-12,2.4408628014688156e-12,2.9388935596081554e-12,5.2347480028377894e-12,2.3556840053901356e-11,1.120554499529718e-12,0.0,0.019144684951657026,0.26532509851681507,0.25482015494046206,7.977116917303161e-13,0.24054921952095631,0.22017464097191658,-1.3798943691097851e-05
2023-02-20,8.037030001416532e-13,1.3698126021456381e-12,3.546749896977e-12,2.3849439878586482e-12,2.918184938212085e-12,5.25408200912614e-12,2.3269361971886077e-11,1.11435814034118e-12,0.0,0.01861338088222868,0.2716348613079806,0.2504756190800322,7.995055536444489e-13,0.2416933796221098,0.21759642434230048,-1.3665276112462645e-05
2023-02-21,8.05113809893962e-13,1.3678292490958936e-12,3.4788525747066184e-12,2.366659955981133e-12,2.8853481564928417e-12,5.203064434566051e-12,2.2773389003368393e-11,1.127889250698703e-12,0.0,0.018825919530768575,0.27620456806908417,0.2481123803644641,7.877251145419134e-13,0.2374112898657104,0.21945945066611502,-1.3608536938127565e-05
2023-02-22,8.046071023057001e-13,1.3630148214067186e-12,3.517929764541141e-12,2.3712719216255443e-12,2.8483752824509765e-12,5.144097213682984e-12,2.2923232394381526e-11,1.1415938488257783e-12,0.0,0.019331299180655133,0.2828114167800563,0.24934352156861356,7.742538577048201e-13,0.23119049250670484,0.2173368380921284,-1.3568169046527118e-05
2023-02-23,8.143975919359443e-13,1.39521902338459e-12,3.551713279234778e-12,2.415321687885171e-12,2.854459177503024e-12,5.211915425389312e-12,2.3298147686016492e-11,1.1153630481534428e-12,0.0,0.019719599580830097,0.2855741317032506,0.24561416503487477,7.452257356491705e-13,0.23088739553379017,0.21821834163529774,-1.363352944527702e-05
2023-02-24,8.102024641987825e-13,1.4017874122764217e-12,3.5828555800433115e-12,2.441963576777553e-12,2.78204645154544e-12,5.141363683061607e-12,2.3281197904345522e-11,1.128256338328198e-12,0.0,0.019933153201805907,0.28479767971238623,0.24512148099356965,7.383308061844381e-13,0.23495964126978403,0.21520171958412848,-1.3674802982346022e-05
2023-02-27,8.171922237850363e-13,1.4056078819813756e-12,3.5834360490766884e-12,2.425209232123989e-12,2.738175208553888e-12,5.102418227896223e-12,2.3195188676508594e-11,1.0912489030349473e-12,0.0,0.02023617848484685,0.28766478549265073,0.24328989899826287,7.396274449436486e-13,0.23280304514288946,0.21601977202340195,-1.3680183150026264e-05
2023-02-28,8.58475397025145e-13,1.458276394069435e-12,3.5256526116046577e-12,2.5307958880874454e-12,2.7534574178652e-12,5.021706340797407e-12,2.28033153545476e-11,1.2138501323687202e-12,0.0,0.021034083808731445,0.25000739556108764,0.25000739556330126,7.572361921802222e-13,0.2289733117499799,0.2500073955454965,-2.9582269519472355e-05
2023-03-01,8.626227579028036e-13,1.4670762090868986e-12,3.471032276342914e-12,2.5550262372928782e-12,2.791413741004322e-12,5.03874285959767e-12,2.3637873506761212e-11,1.20744796341002e-12,0.0,0.0209992484530841,0.2508301338564085,0.24975470789011162,7.419398683460688e-13,0.22774032360986937,0.25070528811297194,-2.9701964218750537e-05
2023-03-02,8.741870028275269e-13,1.5024883307834572e-12,3.5275406217561887e-12,2.53702129976841e-12,2.7730617753676334e-12,5.038108875465204e-12,2.4254262560981133e-11,1.207000014856411e-12,0.0,0.020878331112077823,0.2544283121715841,0.2531890800814355,7.409013796139496e-13,0.23107021899235616,0.2404638064913269,-2.97488912350782e-05
2023-03-03,8.728436281437715e-13,1.511808420498508e-12,3.487226875792224e-12,2.5065760533686298e-12,2.70369150037368e-12,5.128590154707027e-12,2.396223323344265e-11,1.2083155571104101e-12,0.0,0.021319870886915695,0.2532277631538783,0.2503327203182192,7.415332795387345e-13,0.23596636908599838,0.23918294469476686,-2.9668181901165084e-05
2023-03-06,8.562589166725405e-13,1.473285647480844e-12,3.4067834981979286e-12,2.506148777541752e-12,2.6663433332224516e-12,5.0381155631267616e-12,2.3495739997772008e-11,1.1978257554377231e-12,0.0,0.02102107893378856,0.25622657926153136,0.2543187615155671,7.135795100875213e-13,0.23507027898622745,0.23339266483636173,-2.9363574830310962e-05
2023-03-07,8.494215194942859e-13,1.46958451866486e-12,3.37993623362447e-12,2.4987811403132718e-12,2.673242586106665e-12,5.0292646862044665e-12,2.3162934990791944e-11,1.1806707235712671e-12,0.0,0.020630551978808018,0.2629461720405905,0.2495811024884558,6.949305845466727e-13,0.23518997304602568,0.23168139219073025,-2.9191785548837437e-05
2023-03-08,8.449718151803831e-13,1.4855225166208633e-12,3.3886166101168694e-12,2.4753638577273115e-12,2.6507275697754006e-12,4.980593187260516e-12,2.3360698128687383e-11,1.1717552956245966e-12,0.0,0.020550295340110426,0.25560405031718597,0.25797617266619943,6.810715676115043e-13,0.2337861425968217,0.2321124258892946,-2.9086850651398556e-05
2023-03-09,8.429538600405691e-13,1.4817068158955063e-12,3.405398408705136e-12,2.519769309100314e-12,2.6766485780093488e-12,5.0774375221996245e-12,2.304252126194719e-11,1.1776574567602269e-12,0.0,0.020674539234995282,0.2614623049888375,0.25718305038295286,6.766875233818419e-13,0.2362269984459951,0.22448219786739862,-2.9090961080076082e-05
2023-03-10,8.424023333214156e-13,1.4820842714494362e-12,3.377102618903197e-12,2.5545861472968886e-12,2.646609847561024e-12,5.077356094815534e-12,2.317432258766846e-11,1.2023830351604793e-12,0.0,0.02101349661082772,0.26492276969280903,0.2582079598413493,6.650361645423347e-13,0.23050482274783718,0.22538008241076946,-2.9131344614592545e-05
2023-03-13,8.370513678229293e-13,1.4940747578464645e-12,3.4002973368971263e-12,2.54625403420163e-12,2.6064794996529336e-12,5.105029555799572e-12,2.283173852169045e-11,1.1882332990715216e-12,0.0,0.020947859417123085,0.2696860603063975,0.25794847449994124,6.59278050911588e-13,0.2239065345200551,0.22754016091755808,-2.9089701743376172e-05
2023-03-14,8.371912193425211e-13,1.507256759024107e-12,3.413216294960319e-12,2.590481740444854e-12,2.6215595254558635e-12,5.140648715919854e-12,2.3159888489685104e-11,1.2332430515916767e-12,0.0,0.021083330904221202,0.2718256075458234,0.257687475063895,6.534396450183214e-13,0.22341831000526569,0.22601458128487983,-2.930484524215177e-05
2023-03-15,8.51969487152247e-13,1.507967474815945e-12,3.5020461726107056e-12,2.642863554616341e-12,2.6524303941050587e-12,5.200057622781942e-12,2.3251933225635482e-11,1.252334741659447e-12,0.0,0.021096600477920644,0.2681773956181151,0.26380065375558737,6.64880777124117e-13,0.221438678160291,0.22551630525851227,-2.9633311952841467e-05
2023-03-16,8.480810008522651e-13,1.5023119111310195e-12,3.502503983081528e-12,2.6444433203170307e-12,2.6411886914759188e-12,5.168690334612192e-12,2.3267117029005176e-11,1.2600554337254105e-12,0.0,0.021558289522774356,0.27142867109640634,0.2577227325268568,6.736199966066957e-13,0.22476538726288162,0.22455465308223554,-2.973353266274086e-05
2023-03-17,8.432517817685288e-13,1.5153263333085067e-12,3.532363598981696e-12,2.6329679553874644e-12,2.6171232818124987e-12,5.207779892857949e-12,2.3396271925207723e-11,1.2635690883717532e-12,0.0,0.0213760628998067,0.2718997501240918,0.2623464243050058,6.754403094412269e-13,0.21986555759114793,0.22454218690324795,-2.9981864984407962e-05
2023-03-20,8.320219771125797e-13,1.514543627511846e-12,3.533238923525853e-12,2.574720236515739e-12,2.632989469266702e-12,5.11762197726742e-12,2.3815161951282216e-11,1.2588544489011976e-12,0.0,0.020934594257099603,0.2726234725286208,0.2598517394223261,6.723391629596062e-13,0.22567360519317542,0.22094646735292658,-2.9878796099865366e-05
2023-03-21,8.304582775295177e-13,1.5325975409094086e-12,3.5350959791413705e-12,2.5213076391816317e-12,2.6429744471143265e-12,5.029712246498642e-12,2.421204306741313e-11,1.241383008285555e-12,0.0,0.021364352440713802,0.26852550241792933,0.25938485882251344,6.797920490806534e-13,0.22841918316952664,0.2223359029519393,-2.9799844847994766e-05
2023-03-22,8.274664101506041e-13,1.507387076229079e-12,3.4675937217036864e-12,2.4731849857308544e-12,2.6300955003402448e-12,4.976892760113079e-12,2.394055267385747e-11,1.2364682852593605e-12,0.0,0.021145121718517804,0.26544099471299587,0.2626994872083204,6.516985168208387e-13,0.23140001040886596,0.21934372543496056,-2.9339525372067575e-05
2023-03-23,8.347462207063833e-13,1.5393762764888331e-12,3.503294137009624e-12,2.4950881395128145e-12,2.649105681018489e-12,4.967320247567552e-12,2.4034963447209934e-11,1.2292677118594835e-12,0.0,0.02046867889001255,0.2684725364678328,0.2633325057134431,6.507712795135811e-13,0.23337834410309938,0.21437739048480742,-2.945570109922044e-05
2023-03-24,8.510371842012831e-13,1.5397665843207942e-12,3.5024071178395156e-12,2.4707937703704123e-12,2.6535335025180952e-12,5.0627606943294585e-12,2.4405953878509654e-11,1.245971966324625e-12,0.0,0.020385786646607253,0.2625755191618689,0.26285403034411786,6.491206838334685e-13,0.23822525724857305,0.21598889371870733,-2.948716225582502e-05
2023-03-27,8.489023941939307e-13,1.531240718226655e-12,3.4244397523956832e-12,2.3778329012717634e-12,2.6513388286069837e-12,5.061694975386104e-12,2.354141235057288e-11,1.2506247048387936e-12,0.0,0.02008462226065505,0.2648071789442539,0.26420000822351924,6.452829359379939e-13,0.2361667499690005,0.21477040671221076,-2.8966150972279698e-05
2023-03-28,8.518661666154389e-13,1.541599648547125e-12,3.4160229394579825e-12,2.3862398735307233e-12,2.6590985099792505e-12,5.0578288154692575e-12,2.3761020844544757e-11,1.2542184354608455e-12,0.0,0.019726961399197537,0.26632573427177514,0.26680179894717915,6.466710337927663e-13,0.23723081221259376,0.2099438648948562,-2.9171767176384634e-05
2023-03-29,8.542839264961745e-13,1.5509297240630679e-12,3.432606795449171e-12,2.4136024989937323e-12,2.6645021147288687e-12,5.086900803707659e-12,2.3802547681118357e-11,1.2660188180811473e-12,0.0,0.019448134468529284,0.2731016421189763,0.25567563033813034,6.4495996116352e-13,0.24225717615217374,0.20954656746827716,-2.915058780318752e-05
2023-03-30,8.508705689480378e-13,1.55274141290066e-12,3.419132926214397e-12,2.4142513836626337e-12,2.642237811134522e-12,5.15905266911948e-12,2.4259680545175802e-11,1.2636620149125575e-12,0.0,0.019291695821205684,0.2723189633480895,0.2578920080430215,6.33665141573406e-13,0.23891084142377392,0.21161563117243148,-2.9139850717227576e-05
2023-03-31,8.584778280561148e-13,1.4582805236171063e-12,3.525662595549122e-12,2.5308030547962446e-12,2.7534652151070084e-12,5.021720561267415e-12,2.2803379928985072e-11,1.2138535697500066e-12,0.0,0.02103414337305832,0.2500081035321296,0.2500081035343432,7.572383365219717e-13,0.22897396015669497,0.2500081035165384,-3.2414153687373915e-05
2023-04-03,8.454513065790613e-13,1.4517517925585396e-12,3.4810430846987594e-12,2.523557885924532e-12,2.770238001035211e-12,5.074531733166929e-12,2.3003675736248968e-11,1.2059893319358287e-12,0.0,0.021122786100746204,0.24238940089927394,0.25189775050182805,7.3639580306412e-13,0.23701063313794438,0.2476117606972958,-3.233137818085342e-05
2023-04-04,8.377834361817266e-13,1.4299152197892665e-12,3.4321993829993057e-12,2.570609125978912e-12,2.7816377349458623e-12,4.937965124892669e-12,2.330237821482658e-11,1.217622700397992e-12,0.0,0.02107298972015151,0.24062123132350235,0.25844887239927666,7.210297574138971e-13,0.23598452965158287,0.2439044646989029,-3.208783464724104e-05
2023-04-05,8.167357740884437e-13,1.4445111982751812e-12,3.3488137199859254e-12,2.5470516917497784e-12,2.6911600881643452e-12,4.855697559313809e-12,2.3163783123318438e-11,1.1894984858849556e-12,0.0,0.0207438654519825,0.24233048752087152,0.2613609516119858,7.05469111438266e-13,0.2336251465779423,0.24197125350892362,-3.170471246847931e-05
2023-04-06,8.344398886125841e-13,1.4674935522422422e-12,3.4086805761773994e-12,2.5801216546128036e-12,2.737637479030387e-12,5.014869462320001e-12,2.373738666487182e-11,1.2204595989058781e-12,0.0,0.021025314009393944,0.24748390019080585,0.26069582052255924,7.327638540565231e-13,0.22535605278529308,0.24547110959965068,-3.2197149436684994e-05
2023-04-07,8.266138231201674e-13,1.4184143398140488e-12,3.355313026805093e-12,2.509135677439589e-12,2.6713280210813972e-12,4.975166526521888e-12,2.3330151108299034e-11,1.161875782470747e-12,0.0,0.02092320564354891,0.24438077224826263,0.26311152225001416,7.395962851992541e-13,0.21956611979605806,0.2520499288289971,-3.154880786853697e-05
2023-04-10,8.337649188699123e-13,1.4164572729042766e-12,3.3606013896748933e-12,2.4649681605580625e-12,2.7467023631715145e-12,5.120340443114535e-12,2.3208102068323816e-11,1.1681050678138857e-12,0.0,0.020790227514637584,0.2395029376763719,0.2644674922147269,7.41874296722757e-13,0.21992907852295654,0.255342072100439,-3.180807019287193e-05
2023-04-11,8.42484770891663e-13,1.4079068994542117e-12,3.3568550342955737e-12,2.478259485293609e-12,2.7571882875459228e-12,5.065456856765041e-12,2.3172368893638732e-11,1.1738609659162708e-12,0.0,0.02113950404075021,0.24438683257825697,0.2605396435764438,7.424089937074296e-13,0.2219146451829476,0.25205108074453514,-3.1706163930515854e-05
2023-04-12,8.505117712988101e-13,1.4172616672894829e-12,3.3202144374686497e-12,2.503870260084345e-12,2.7341386924084687e-12,5.152578286263499e-12,2.308020288989424e-11,1.1772156030837002e-12,0.0,0.021413342345054515,0.24137381219062215,0.2574293273821733,7.384966940745363e-13,0.2246999961158867,0.2551153788820309,-3.185695674209751e-05
2023-04-13,8.397733508794451e-13,1.3939773401681777e-12,3.314849209304896e-12,2.48711916071025e-12,2.7929061597955963e-12,5.131503526090437e-12,2.353814139944891e-11,1.1524843730007835e-12,0.0,0.02094766687861409,0.2449344576104334,0.26389038109930724,7.25190048482785e-13,0.22185000732606125,0.2484091880385494,-3.1700994341169113e-05
2023-04-14,8.257474637971322e-13,1.4047435716168747e-12,3.324415270525192e-12,2.4886751271726927e-12,2.7468811225762497e-12,5.242329006714041e-12,2.3392066375350506e-11,1.1619160394776817e-12,0.0,0.020899844807350975,0.2462631219068395,0.26554026384657137,7.277099621909868e-13,0.22402470935223337,0.24330376806926424,-3.1708023573894385e-05
2023-04-17,8.326184032077546e-13,1.4154640581651061e-12,3.3543972631847775e-12,2.5070043750370674e-12,2.722141734352684e-12,5.18771503785962e-12,2.284326277558908e-11,1.1831834063380822e-12,0.0,0.02131528325185275,0.24915179084925182,0.25771750190899406,7.194554797058514e-13,0.22625150021276813,0.24559582976319752,-3.190602682954103e-05
2023-04-18,8.28755693094813e-13,1.417180667271426e-12,3.3464869024885386e-12,2.5043130941236076e-12,2.694458070228372e-12,5.240420868265539e-12,2.265664317272612e-11,1.1581580240887514e-12,0.0,0.021151572570431505,0.25259000904993967,0.2569596739462577,7.155282112986614e-13,0.22062571182372692,0.24870485123427757,-3.1818665195268286e-05
2023-04-19,8.170485935446911e-13,1.4044365264713851e-12,3.3729009655952404e-12,2.498947749196074e-12,2.6202988884159804e-12,5.0812103357560275e-12,2.2459334351260915e-11,1.1293576825301293e-12,0.0,0.021001128778295436,0.2513072947664864,0.2519401362016333,7.31719490975e-13,0.23027258448282759,0.24551041306510588,-3.1557334463806887e-05
2023-04-20,8.284696301066078e-13,1.4207742554317575e-12,3.3993159049625426e-12,2.5015647183890494e-12,2.6134966894999117e-12,5.061072251811399e-12,2.282557365912687e-11,1.1331589961685556e-12,0.0,0.021375855753713657,0.25388770608236755,0.2604764405612901,7.445738141005426e-13,0.2265314296905012,0.23776045363279671,-3.188576119711332e-05
2023-04-21,8.205260106516887e-13,1.4078570001097635e-12,3.424473089834337e-12,2.494492592898152e-12,2.6423346536652187e-12,4.961837969205512e-12,2.30618143235593e-11,1.141743530884234e-12,0.0,0.021758780750152404,0.2536291327437544,0.2615432745102987,7.314669984723797e-13,0.23122658259065532,0.23187401920701076,-3.178984255813301e-05
2023-04-24,8.331210078374925e-13,1.4301391740382934e-12,3.4138282423232603e-12,2.5704194470964393e-12,2.6697564532365737e-12,5.041323084465616e-12,2.275828796527434e-11,1.184973833049932e-12,0.0,0.022274733145602642,0.2514696631765303,0.26081738604379207,7.47350463649552e-13,0.23739165083694805,0.22807858646111176,-3.20197046338996e-05
2023-04-25,8.339791899338463e-13,1.4320427144932718e-12,3.348435804368378e-12,2.593753013206177e-12,2.5987455901213716e-12,4.955752768086828e-12,2.269903600121188e-11,1.1601302291597961e-12,0.0,0.022158518302841303,0.24847756473770932,0.26213329405847724,7.377767792141955e-13,0.23629195522948826,0.23097038718698762,-3.171955586324105e-05
2023-04-26,8.493032467756607e-13,1.4591009253071763e-12,3.342875578395496e-12,2.637834646294821e-12,2.5991416873417205e-12,4.927802468943198e-12,2.2926426346631345e-11,1.1578925147793043e-12,0.0,0.022687233594314855,0.24349891240441837,0.26135064521848816,7.269157724564346e-13,0.23692431524583246,0.23557095002341202,-3.2056527093013814e-05
2023-04-27,8.493595760789797e-13,1.453856081765701e-12,3.397994358135091e-12,2.574376197306965e-12,2.644713402089193e-12,4.905665695932047e-12,2.2960230550045088e-11,1.152182588615421e-12,0.0,0.02231212011629413,0.24418929576082693,0.2643802419287435,7.082849173892427e-13,0.23359082555691946,0.23555964242471816,-3.212582814875936e-05
2023-04-28,8.584612443351699e-13,1.4582523531548383e-12,3.5255944882518574e-12,2.530754165785655e-12,2.7534120248005534e-12,5.021623553738822e-12,2.2802939422687782e-11,1.2138301210269166e-12,0.0,0.0210337370441438,0.2500032739786019,0.25000327398081545,7.572237085038084e-13,0.2289695369320818,0.25000327396301103,-1.3095939575964816e-05
2023-05-01,8.444764646868353e-13,1.4514282526446362e-12,3.4668489607695666e-12,2.5605333622848447e-12,2.7173521226710907e-12,5.015309524523503e-12,2.2713218187198344e-11,1.1954743619101213e-12,0.0,0.02083430427217096,0.24840556897145022,0.2439986500692463,7.484409983094413e-13,0.23074265040780675,0.256031725683942,-1.2899445329266767e-05
2023-05-02,8.439800244818227e-13,1.4661328126135547e-12,3.4139079027100565e-12,2.5591939550793918e-12,2.7381154602108684e-12,4.915791322575901e-12,2.237436773630197e-11,1.2146291528742533e-12,0.0,0.020230666546523328,0.2524358225249728,0.24686200753057866,7.478898104261487e-13,0.22865433670324978,0.2518299527570357,-1.2786102634320179e-05
2023-05-03,8.322815237365433e-13,1.4650689108588578e-12,3.3664825917568644e-12,2.579799724265141e-12,2.663922349784897e-12,4.834240000601697e-12,2.1898566526185995e-11,1.1764780178504778e-12,0.0,0.020031200117069152,0.25045369471308954,0.2517592456207342,7.418082190964667e-13,0.22968127898370885,0.24808715340801674,-1.2572882177094583e-05
2023-05-04,8.402347126005456e-13,1.4913757483643107e-12,3.3649878507880294e-12,2.53483075786023e-12,2.6300615302646175e-12,4.822320351812172e-12,2.1900600461825383e-11,1.1809889196971906e-12,0.0,0.01991426549782971,0.24640718182253046,0.2519697782160736,7.614534487061041e-13,0.2325832710449069,0.2491379958454642,-1.2492466331765116e-05
2023-05-05,8.477386739169034e-13,1.4846455366420218e-12,3.3440751031803782e-12,2.5113209110951694e-12,2.624287422200348e-12,4.793131322218649e-12,2.224391172068398e-11,1.172343702913431e-12,0.0,0.020503581937958423,0.24448290966520222,0.2525017802099112,7.671368263305373e-13,0.22767254449057014,0.2548516638012979,-1.2480144728406798e-05
2023-05-08,8.728187217532054e-13,1.5434332926445007e-12,3.397504752025662e-12,2.5732888059815166e-12,2.6873487313771077e-12,4.9227006213553356e-12,2.232192632266265e-11,1.2019279081461091e-12,0.0,0.021105924880663415,0.2416549977204489,0.2504250980353834,7.966488952848418e-13,0.2307700459532001,0.25605670332385494,-1.2769953868483104e-05
2023-05-09,8.842922986317944e-13,1.5503390480551066e-12,3.4335492040196062e-12,2.571492204634161e-12,2.778245702382714e-12,4.890744593138384e-12,2.2876993850710507e-11,1.2024735106855525e-12,0.0,0.021293424491614414,0.24322890716438808,0.24633870466324478,7.849126224266569e-13,0.23101103081806237,0.25814071461760524,-1.2781795887817583e-05
2023-05-10,8.616414479177503e-13,1.5632613298038879e-12,3.4074607453372917e-12,2.526529636652571e-12,2.8037751015189435e-12,4.8785724931624105e-12,2.320223158554753e-11,1.2073574294146813e-12,0.0,0.02119891310837551,0.24462847792512865,0.24412729348631743,7.716379953893241e-13,0.2331192288495079,0.2569388360988667,-1.2749509418531536e-05
2023-05-11,8.604785943978625e-13,1.5779098594101066e-12,3.3977936152489218e-12,2.522969451878606e-12,2.779033241152166e-12,4.898031702439449e-12,2.3276873353647294e-11,1.2209708151423732e-12,0.0,0.02101861131518728,0.2474231735955447,0.2448335045533048,7.583660857966045e-13,0.23835670567758308,0.24838073055867535,-1.2725741587475336e-05
2023-05-12,8.57261290699761e-13,1.5405085341128511e-12,3.4287984694310595e-12,2.451051603160105e-12,2.7870554007099708e-12,4.83944514384261e-12,2.2909306312320224e-11,1.2108709851242751e-12,0.0,0.020499547247833393,0.2415217011598608,0.24485298902961736,7.277632749272481e-13,0.23329671759230725,0.2598416273478249,-1.2582418195692274e-05
2023-05-15,8.534297562846665e-13,1.5658038320064119e-12,3.4233788071818325e-12,2.4772073972652373e-12,2.822780401267316e-12,4.933349726002177e-12,2.2959114406629497e-11,1.2511145184367145e-12,0.0,0.020676403244046647,0.24369406607751318,0.24142869659962055,7.277786379099807e-13,0.23517369463755722,0.25903977868324407,-1.2639282995642201e-05
2023-05-16,8.679908793092281e-13,1.543454263164658e-12,3.446838695572856e-12,2.4870890206386417e-12,2.8060763202669133e-12,4.8507158135853124e-12,2.2591734367570125e-11,1.234896699571083e-12,0.0,0.020240290724639433,0.23651739567691568,0.24553754365000074,7.316084985659836e-13,0.23722901363141138,0.26048831896399943,-1.2562687527086149e-05
2023-05-17,8.735911405641574e-13,1.5739412222649616e-12,3.440970361510906e-12,2.502464167229417e-12,2.8456394822429304e-12,4.792445660807819e-12,2.365428937457324e-11,1.2416553289329131e-12,0.0,0.020740741674203388,0.24125761881576388,0.24696796527136258,7.370976556330336e-13,0.23193848663318786,0.2591078088887353,-1.2621324915171816e-05
2023-05-18,8.647696687518075e-13,1.5574820948697723e-12,3.4345449585714334e-12,2.461951092968848e-12,2.7562893548826595e-12,4.785615812093927e-12,2.375715583725444e-11,1.2389525142381802e-12,0.0,0.02076786248147249,0.250925277475914,0.24383380653966535,7.096427078744267e-13,0.22612355335997456,0.25836193075969804,-1.2430658290737143e-05
2023-05-19,8.673772423784047e-13,1.5889920327754594e-12,3.5124956203058443e-12,2.551758382150754e-12,2.852151708003171e-12,4.928658226232019e-12,2.349352195338581e-11,1.2785384792221286e-12,0.0,0.021240571573181107,0.24846775770417298,0.2451572195864852,7.081899851496882e-13,0.22192691663606562,0.2632201920268877,-1.2657568574342502e-05
2023-05-22,8.509510900682188e-13,1.6125236043414848e-12,3.466017095735554e-12,2.5600973782981158e-12,2.765973701942652e-12,4.839620219651329e-12,2.325796900576652e-11,1.2478375935900008e-12,0.0,0.020930909293514734,0.24475275662937052,0.2500009211121893,7.049385248698436e-13,0.22137504036763375,0.2629528822438317,-1.2509687845895151e-05
2023-05-23,8.56946096616542e-13,1.6132307663049206e-12,3.458529024875856e-12,2.568421212350978e-12,2.8086591128466523e-12,4.916327767809596e-12,2.321545258801979e-11,1.2632401904707575e-12,0.0,0.020973439174426425,0.24324887928743882,0.24962445122275545,7.226702522255954e-13,0.22210669812240355,0.2640590549943619,-1.2522842809508944e-05
2023-05-24,8.411810626659226e-13,1.6005233064815032e-12,3.4331897815767714e-12,2.5320227997979688e-12,2.7962579482243244e-12,4.8665483635139255e-12,2.3133122083334748e-11,1.2596032386350165e-12,0.0,0.02074913646022421,0.24245566520779624,0.25346959194376817,7.226926014537167e-13,0.21845840167609634,0.2648796650564822,-1.2460385552198592e-05
2023-05-25,8.592797154349052e-13,1.6239793957225095e-12,3.471979770073414e-12,2.5668430585377444e-12,2.8605596527248007e-12,4.9604974097301e-12,2.3437534560088885e-11,1.2857046210368318e-12,0.0,0.020378052217342575,0.24442956831386337,0.2551873139036716,7.198359009627568e-13,0.2230013577405058,0.2570162317069192,-1.2523924088846871e-05
2023-05-26,8.489856797657058e-13,1.6048013063873436e-12,3.387088141790369e-12,2.592894351093484e-12,2.794066382943031e-12,4.889498190758779e-12,2.3563505913007355e-11,1.2886943506333656e-12,0.0,0.02045567565483611,0.24393557031527688,0.26346331310209403,7.201328595074924e-13,0.22096033368461068,0.25119754145564294,-1.2434254150397135e-05
2023-05-29,8.361527324334508e-13,1.578475935578577e-12,3.409434125376134e-12,2.572532264727576e-12,2.790658889876104e-12,4.944530447604139e-12,2.26317111356502e-11,1.3016201063964121e-12,0.0,0.020431299175656035,0.23877201096301898,0.2580707688172212,7.206386680052272e-13,0.22876386581885225,0.25397438575455794,-1.2330570092209878e-05
2023-05-30,8.540298827762316e-13,1.5901255024043118e-12,3.419081960342055e-12,2.573454455185248e-12,2.8002631925220876e-12,4.85993874828827e-12,2.2622888283297425e-11,1.303570958361621e-12,0.0,0.020669007063254582,0.24247868127380867,0.26048984665992286,7.201775236211039e-13,0.22271995702327235,0.2536549508773656,-1.2442938367599875e-05
2023-05-31,8.584580915595253e-13,1.4582469975927407e-12,3.5255815401910004e-12,2.530744871364796e-12,2.7534019126488075e-12,5.021605111377516e-12,2.280285567685475e-11,1.2138256631273115e-12,0.0,0.021033659795864624,0.25000235581923425,0.25000235582144786,7.572209275320623e-13,0.22896869602099337,0.2500023558036434,-9.423302105347653e-06
2023-06-01,8.597326393921249e-13,1.4407796141788204e-12,3.4107496227802422e-12,2.503965779731913e-12,2.7250894411056097e-12,4.965198505553905e-12,2.24210986975517e-11,1.207438125494858e-12,0.0,0.020851859908628916,0.24960056419505033,0.2461536791602573,7.446197942822766e-13,0.2328113650965399,0.2505918728173111,-9.341218066080671e-06
2023-06-02,8.666917079103415e-13,1.4591098098801951e-12,3.4312711963925144e-12,2.5315546795896435e-12,2.6738700178861912e-12,4.9802921609384724e-12,2.2375882685829998e-11,1.2367296295119486e-12,0.0,0.020658928027570536,0.25124857031259,0.24699584916178602,7.510186805654544e-13,0.22863944435396516,0.25246655008301877,-9.341979237018623e-06
2023-06-05,8.605562228791852e-13,1.4561020339587453e-12,3.3878295233472938e-12,2.5023700098431253e-12,2.6989135264961907e-12,4.889605677423814e-12,2.1975444933016402e-11,1.2299716611220292e-12,0.0,0.02027985906921115,0.25050509843845736,0.23961326203651004,7.343510609854842e-13,0.23610965051282287,0.2535014239410374,-9.294037773978682e-06
2023-06-06,8.531995051660025e-13,1.4601043508655475e-12,3.4036381028625445e-12,2.5273156761465423e-12,2.6909910289610757e-12,4.944056743488997e-12,2.134241546553694e-11,1.209978934581356e-12,0.0,0.02035806970451749,0.24650508218544345,0.24037394835822273,7.254686380240358e-13,0.23465117591621837,0.25812100199222915,-9.278195788313749e-06
2023-06-07,8.648082598092008e-13,1.4526029682891697e-12,3.38172425029504e-12,2.528128445639591e-12,2.703810623134459e-12,4.927453633538421e-12,2.175350882430738e-11,1.2222277115948189e-12,0.0,0.020062423552470718,0.25248527634984247,0.23015241747151433,7.399957410320256e-13,0.23992009685688837,0.25738910824838346,-9.322518673616963e-06
2023-06-08,8.750185648229847e-13,1.4514021754442468e-12,3.383462933318425e-12,2.5376409468607666e-12,2.808161697052557e-12,5.012002892131487e-12,2.195829655802934e-11,1.2063992087566028e-12,0.0,0.019810062789038265,0.2558631014796246,0.23071960328896765,7.25490518476783e-13,0.2403110771357203,0.2533054739186207,-9.318651929350317e-06
2023-06-09,8.64956891886901e-13,1.4202487921920661e-12,3.3409664698206074e-12,2.5266604834605935e-12,2.7704393046446022e-12,4.923209948850991e-12,2.1737986912608373e-11,1.2028270679265608e-12,0.0,0.019638430279919253,0.25802086120459655,0.23001624621007452,7.170943747544596e-13,0.2400611657115371,0.2522724930876237,-9.196533255614116e-06
2023-06-12,8.666220868824901e-13,1.3840182207471114e-12,3.2681765531063022e-12,2.542817512655251e-12,2.70607015072601e-12,4.923727313920421e-12,2.152679864362497e-11,1.1799682433802562e-12,0.0,0.019603085498741676,0.26553588910377957,0.22648925208014795,7.316635756774452e-13,0.24044451168358255,0.24793640888133067,-9.147286712220279e-06
2023-06-13,8.769505687647888e-13,1.398016739193065e-12,3.2837993750143632e-12,2.56185854895762e-12,2.698400701093681e-12,4.893414302514272e-12,2.1845381552431338e-11,1.1815573720060274e-12,0.0,0.019778584748161656,0.2679082793114348,0.22205695196451072,7.516681214800558e-13,0.2421089083871955,0.24815646066413924,-9.18511493298766e-06
2023-06-14,8.803112142191688e-13,1.401071279541342e-12,3.3103962173974674e-12,2.5772756778256357e-12,2.721589135334311e-12,4.977687906392495e-12,2.2104368722479003e-11,1.1788250136198972e-12,0.0,0.0202907848540736,0.26688945067375536,0.22030160293347162,7.288470445628827e-13,0.2436333670857282,0.24889397552817574,-9.181115084772525e-06
2023-06-15,8.603057467390357e-13,1.395527311322199e-12,3.264677154468123e-12,2.634360538432818e-12,2.6800079907099774e-12,4.908370764429004e-12,2.166071985677433e-11,1.1901615337076244e-12,0.0,0.019896411897547886,0.2677164441380266,0.21340334285604914,7.307982431750719e-13,0.24948321122481953,0.24950969080239027,-9.100958158422342e-06
2023-06-16,8.696687973288193e-13,1.4146539982004925e-12,3.3411797981854497e-12,2.6840441522059e-12,2.707633618243955e-12,4.989924697867409e-12,2.1508757594585436e-11,1.2093006567062607e-12,0.0,0.019883685179001163,0.25565548454573706,0.21595265967054308,7.26280775685259e-13,0.2558551508563994,0.25266216279168563,-9.143082817632101e-06
2023-06-19,8.814620302693843e-13,1.4032496137761667e-12,3.388660828065231e-12,2.7571126930049998e-12,2.7410257911545567e-12,5.055866337844093e-12,2.1624392699341178e-11,1.2040431084541736e-12,0.0,0.019480499040144098,0.25473741794356913,0.21017764080709317,7.196495924880446e-13,0.25969591288389365,0.25591769715658513,-9.167871060426102e-06
2023-06-20,8.902152501518106e-13,1.4189863687910294e-12,3.3512104543220378e-12,2.7714947783028913e-12,2.7443289069375457e-12,5.0612157555465914e-12,2.2008978590433545e-11,1.2008352440555041e-12,0.0,0.019032526453785444,0.25599135802511847,0.20833527773551505,7.277030586019869e-13,0.25770252560409035,0.25894756476530034,-9.252623984685e-06
2023-06-21,8.905361246528201e-13,1.44553819614745e-12,3.375218985422304e-12,2.717934752171369e-12,2.707150829529498e-12,5.074277191380929e-12,2.1774121560061885e-11,1.1525512528886802e-12,0.0,0.01928342706319409,0.25867044165030884,0.20662248210632148,7.346794457011693e-13,0.2549305030867804,0.2605024128430396,-9.266789516213612e-06
2023-06-22,8.761074977978034e-13,1.4566526495667688e-12,3.2930659871741025e-12,2.735717145721568e-12,2.688229336888384e-12,5.004970170641709e-12,2.1661647460411375e-11,1.1559389508190124e-12,0.0,0.0192353224536936,0.25308169662238855,0.20531449788770215,7.526059960795021e-13,0.2593058529371881,0.2630718248651584,-9.194805755687514e-06
2023-06-23,8.915084436526499e-13,1.4816574105103318e-12,3.3677520554823504e-12,2.748799306633095e-12,2.6706949472163525e-12,5.060141825467938e-12,2.1640291880181686e-11,1.1502600733560238e-12,0.0,0.020181753286599657,0.25624509837035503,0.20869560503456117,7.440788259100942e-13,0.2531942083319621,0.2616926197262209,-9.284789453916845e-06
2023-06-26,9.227604665273892e-13,1.5182019254368873e-12,3.4615041034437473e-12,2.8310414658957073e-12,2.707981299738859e-12,5.260004937454961e-12,2.1913669474437114e-11,1.1982634512774298e-12,0.0,0.020042216602849303,0.25857668829392594,0.2067649573213464,7.756051886967353e-13,0.258535709441167,0.2560899078648638,-9.479564741421145e-06
2023-06-27,9.301531184485838e-13,1.5167034518039397e-12,3.421389380884895e-12,2.898606830678665e-12,2.723873621177465e-12,5.264262082133024e-12,2.1896183826359365e-11,1.1780192104639464e-12,0.0,0.020537925756687954,0.2578065880420223,0.2078262725557799,7.51375675638884e-13,0.2535444119356822,0.2602943214903404,-9.519821093334143e-06
2023-06-28,9.329095748023398e-13,1.5427340575077806e-12,3.4691001578726276e-12,2.889439083467086e-12,2.7381788415546177e-12,5.240478494266765e-12,2.2493562116506805e-11,1.1967122823556086e-12,0.0,0.020594620790010124,0.26375318302328005,0.20979655437883363,7.71712836422349e-13,0.24335750238252027,0.2625076515798739,-9.51219579274034e-06
2023-06-29,9.200298010329195e-13,1.5561037612846148e-12,3.4955421096761107e-12,2.864813065144776e-12,2.764511840590366e-12,5.312883857363899e-12,2.2317738179757992e-11,1.2277443658259669e-12,0.0,0.02034692675317625,0.265124074465185,0.2067364064848046,7.661877771840682e-13,0.24745408602074645,0.26034793113807714,-9.424903215008978e-06
2023-06-30,8.58477690465661e-13,1.4582802898947286e-12,3.525662030482092e-12,2.5308026491779174e-12,2.753464773802042e-12,5.021719756423319e-12,2.2803376274228602e-11,1.2138533752025666e-12,0.0,0.02103414000186195,0.25000806346268656,0.2500080634649002,7.57238215157432e-13,0.22897392345844828,0.2500080634470953,-3.225387591514855e-05
2023-07-03,8.634509336121087e-13,1.4732757882213669e-12,3.5712020599028826e-12,2.510570872522933e-12,2.7765774641927048e-12,4.9931595483390805e-12,2.2415774031539565e-11,1.201696797360428e-12,0.0,0.021273126741880935,0.25550494887640135,0.2446008405769378,7.644479555825358e-13,0.2248187081138938,0.2538347194338061,-3.234378348998034e-05
2023-07-04,8.514032694929101e-13,1.44580700782369e-12,3.5729961901163537e-12,2.47363640568722e-12,2.7437809608968105e-12,4.812362055436767e-12,2.252162280179439e-11,1.2060441904737631e-12,0.0,0.02060555650810849,0.2584663932985151,0.23996392696134364,7.524692495073283e-13,0.23246941349553887,0.2485267845617899,-3.207486567606829e-05
2023-07-05,8.59293466403169e-13,1.4573306864366278e-12,3.596287176035006e-12,2.4874076593919493e-12,2.762810126138033e-12,4.8406403948148394e-12,2.25600874716869e-11,1.2348719111885817e-12,0.0,0.02098437685507282,0.26256868187222493,0.24340995366562387,7.691904165697726e-13,0.23268283672937803,0.24038629116533586,-3.214032820337577e-05
2023-07-06,8.589985699041294e-13,1.443241276150181e-12,3.569287169581114e-12,2.4530008798664742e-12,2.7480384636438155e-12,4.805931521073572e-12,2.18474455709362e-11,1.2477943170316895e-12,0.0,0.021194376571405705,0.26186919250776514,0.2433437362836286,7.640303365274214e-13,0.2332295557939185,0.24039528368193439,-3.2144878389873176e-05
2023-07-07,8.617738439990724e-13,1.484403603012732e-12,3.551746899036633e-12,2.5012886423717482e-12,2.7758967505819026e-12,4.979208510713465e-12,2.2198971564414027e-11,1.2556665316765149e-12,0.0,0.021451892410829017,0.2599932145591247,0.24297830118117317,7.487041966156339e-13,0.2319777413186665,0.24363135106145536,-3.250057160639312e-05
2023-07-10,8.610484058023953e-13,1.4493711304044467e-12,3.533679972545613e-12,2.50843487545588e-12,2.760557619477527e-12,4.9213391055467654e-12,2.199829373130811e-11,1.2417229155879567e-12,0.0,0.021436335972007656,0.26879442485157923,0.23912542031390363,7.420484396373655e-13,0.23099447338599674,0.2396817203976934,-3.237496119715019e-05
2023-07-11,8.744622538864278e-13,1.4219149457646416e-12,3.531713343852903e-12,2.5452360848784683e-12,2.7651763752685143e-12,4.895324056446968e-12,2.2246870084450336e-11,1.2643955070384703e-12,0.0,0.02128428370338563,0.2722513934335299,0.23880154621338365,7.558751300576897e-13,0.23854423833834645,0.2291510735008259,-3.2535229772392674e-05
2023-07-12,8.692598849813061e-13,1.387206905899202e-12,3.5996790871523137e-12,2.5140840293774677e-12,2.771049060636264e-12,4.8595876925589855e-12,2.1855658450995394e-11,1.2393995309727264e-12,0.0,0.021454451066694195,0.2789343595817408,0.23742780346048545,7.546375520002422e-13,0.23581065437188678,0.22640503284093036,-3.230136158817157e-05
2023-07-13,8.548165676309791e-13,1.3789289722896142e-12,3.54479544009708e-12,2.5097576955739067e-12,2.7580901229285056e-12,4.844833588384929e-12,2.2200581294142696e-11,1.2305082704629971e-12,0.0,0.021991581901090605,0.2829671079522234,0.24046463775208637,7.456979046707508e-13,0.2352638726591175,0.21934487375107553,-3.207405566133076e-05
2023-07-14,8.45867122194624e-13,1.361902586234295e-12,3.4923073755346557e-12,2.501168570906608e-12,2.6768687492180596e-12,4.872314535178349e-12,2.213491746147709e-11,1.2109407122627968e-12,0.0,0.021826341837581198,0.28563433277732936,0.23731062526718566,7.365348998817474e-13,0.23187051934389272,0.2233897638340069,-3.158309982865634e-05
2023-07-17,8.444532402852112e-13,1.3640120646426728e-12,3.5541413629626347e-12,2.5101588890616552e-12,2.7190820914101673e-12,4.824842072429508e-12,2.211752856223663e-11,1.238904318665053e-12,0.0,0.02182029073850037,0.2874247762700576,0.23384934962692247,7.327689831502274e-13,0.23285475546955184,0.22408246215159605,-3.1634296534148435e-05
2023-07-18,8.575202772219252e-13,1.3899569414920994e-12,3.5332458585524523e-12,2.521966157179399e-12,2.7508099481922138e-12,4.935747482984751e-12,2.2410310450054516e-11,1.2484105382877343e-12,0.0,0.02212764717977192,0.2841330176225707,0.23546617316584556,7.542869214995234e-13,0.2328353944339537,0.225469501146558,-3.173358910210157e-05
2023-07-19,8.610836545646901e-13,1.366213099809563e-12,3.557067523689013e-12,2.547264867261339e-12,2.7516633882701875e-12,4.894802623104552e-12,2.2290885631046323e-11,1.2703328484078964e-12,0.0,0.02275414051903319,0.2798238176539985,0.24047827760672214,7.50585898108938e-13,0.23194011542077658,0.22503558105458799,-3.193229540831228e-05
2023-07-20,8.763748713536672e-13,1.3947115580632384e-12,3.5926434471879986e-12,2.5731449566776163e-12,2.797974235831674e-12,4.985454971970002e-12,2.2897987123397574e-11,1.2612038531194897e-12,0.0,0.022629295639889066,0.2827526378680677,0.2422750836359639,7.584886849260241e-13,0.23116431743544996,0.22121094298111937,-3.227760162783537e-05
2023-07-21,8.604637684968663e-13,1.3952169305349698e-12,3.5820794986995385e-12,2.5576600837933304e-12,2.8479699078656245e-12,4.939431774898452e-12,2.337856519750377e-11,1.2926232571855932e-12,0.0,0.02270523158261044,0.28147003900885476,0.23083295614716737,7.407524889565246e-13,0.23490353421571614,0.2301205639013987,-3.232489734200925e-05
2023-07-24,8.731979618162774e-13,1.4085316020306119e-12,3.6037283438924585e-12,2.6234606667048064e-12,2.9407800439020192e-12,4.933455599735569e-12,2.2892985320066393e-11,1.2622465843206043e-12,0.0,0.022835561937544963,0.28414108688174017,0.22532431138435874,7.357626214769384e-13,0.23517884936401698,0.23255270984453183,-3.2519453466679766e-05
2023-07-25,8.459305441828895e-13,1.3553621422745897e-12,3.4749040297858457e-12,2.5867237031959608e-12,2.8685434756834024e-12,4.835796739267586e-12,2.1995653993635046e-11,1.176316939878448e-12,0.0,0.021913094453680906,0.27794875350892,0.2313270142875422,7.244508660631774e-13,0.24018044185490173,0.2286623126275377,-3.1616772446297223e-05
2023-07-26,8.409995777161798e-13,1.3603400659145334e-12,3.542340385027866e-12,2.6415572223048754e-12,2.8491709919883036e-12,4.852773337147331e-12,2.1577749796179125e-11,1.190442691135165e-12,0.0,0.02193490308809511,0.2750569775702416,0.23283302559406657,7.300926282471362e-13,0.24065345717771244,0.2295532508989613,-3.161436866251835e-05
2023-07-27,8.379163568198818e-13,1.371306503720032e-12,3.563459754756753e-12,2.6066952742214573e-12,2.808813992538061e-12,4.827826318892822e-12,2.1751807233985806e-11,1.190757468393683e-12,0.0,0.02198486634918848,0.27310647061652854,0.23588487301072208,7.331178410897117e-13,0.2388744611504197,0.23018087284848895,-3.154401503937918e-05
2023-07-28,8.63790375790022e-13,1.3882927294374424e-12,3.644397842667347e-12,2.65229288159753e-12,2.8751729505390227e-12,4.875273776466314e-12,2.2185066933399274e-11,1.2317384898063854e-12,0.0,0.02192945486070543,0.2723474490547489,0.23551623455229595,7.545325767908946e-13,0.23708836301696973,0.2331506111328715,-3.211265806206224e-05
2023-07-31,8.584649732643366e-13,1.4582586874183453e-12,3.5256098025041946e-12,2.5307651587140894e-12,2.7534239848959862e-12,5.021645366346739e-12,2.280303847264078e-11,1.2138353935847307e-12,0.0,0.021033828409148414,0.25000435992686837,0.250004359929082,7.572269976838278e-13,0.22897053151534366,0.2500043599112774,-1.7439732642005874e-05
2023-08-01,8.621656560047001e-13,1.5004380832435815e-12,3.510790010254288e-12,2.523620649731202e-12,2.7677956681807904e-12,5.0648640058435445e-12,2.3305475341736196e-11,1.2331787773169704e-12,0.0,0.02119068782515578,0.25109415957699405,0.2485116931484512,7.526137677277976e-13,0.23551036302424472,0.24371069461184838,-1.7598228214883064e-05
2023-08-02,8.686593396345192e-13,1.4838607520651722e-12,3.4551373099208466e-12,2.525828116428079e-12,2.7965358713730854e-12,5.098948347209134e-12,2.328820435733079e-11,1.2428591933010412e-12,0.0,0.02086402736751316,0.24557160856005084,0.2517871487596433,7.420994537570534e-13,0.23739914225566153,0.24439553348487428,-1.7460469245143612e-05
2023-08-03,8.675204334796124e-13,1.4852523571465332e-12,3.5277433355980306e-12,2.5208261819707327e-12,2.8203979809281636e-12,5.083303864533701e-12,2.3353326135295347e-11,1.2508539212335198e-12,0.0,0.020700014252950635,0.24848040853735698,0.24998846794104695,7.368401696451023e-13,0.2350335190766948,0.24581516745995682,-1.7577309652298345e-05
2023-08-04,8.779019761070952e-13,1.512504162174299e-12,3.5108810622094406e-12,2.5910363887461583e-12,2.7947260659215243e-12,5.1702342853150896e-12,2.319979228096105e-11,1.239401718417609e-12,0.0,0.020751017514552623,0.2516435728326379,0.25365633534908083,7.270796057921357e-13,0.2315804754681376,0.2423862257701071,-1.762697613946783e-05
2023-08-07,8.768450599586651e-13,1.5091000824083454e-12,3.4745338050604134e-12,2.598874926701245e-12,2.8714112645927913e-12,5.136728553468944e-12,2.3064493868492356e-11,1.2492871130748285e-12,0.0,0.020968570999850125,0.24874867734960707,0.2615356321209453,7.316137097948198e-13,0.22901488220393135,0.23974985808339447,-1.7620799241090168e-05
2023-08-08,8.712631963819869e-13,1.5277872351772166e-12,3.4219281912030015e-12,2.575263897148333e-12,2.8478143864236856e-12,5.128619768720149e-12,2.2949106549381907e-11,1.2212768041845886e-12,0.0,0.020909705998542954,0.2459146757409563,0.26424523725124444,7.425342959222607e-13,0.22842461975233846,0.2405233517545433,-1.759053891105721e-05
2023-08-09,8.702226985571455e-13,1.5511703493033073e-12,3.5271249447652958e-12,2.613265094317534e-12,2.8780215192836577e-12,5.3827054617174686e-12,2.3977865639219137e-11,1.253739072500291e-12,0.0,0.02058888807659753,0.24761307344410824,0.26737824354293965,7.542274581652163e-13,0.2309135880599734,0.23352413898274127,-1.793214916836472e-05
2023-08-10,8.794375962865232e-13,1.5705390716994504e-12,3.6131486541276565e-12,2.607769091897419e-12,2.8676280455115456e-12,5.234472654132777e-12,2.4052169344787897e-11,1.278782049464867e-12,0.0,0.02142626313184449,0.24836037445882733,0.269979256926693,7.415402703247179e-13,0.23381322722656644,0.22643893081781494,-1.805260459166825e-05
2023-08-11,8.928603512308599e-13,1.5957892139876229e-12,3.6981041176893795e-12,2.5997800387340627e-12,2.8984095141634906e-12,5.318679373514448e-12,2.4409220448538896e-11,1.2742866313953088e-12,0.0,0.02173354760588646,0.24996164080191416,0.2697969100081051,7.582360179085856e-13,0.2357302022520403,0.22279590448393485,-1.820519532626197e-05
2023-08-14,8.671684354009597e-13,1.5606811174858122e-12,3.753177595743286e-12,2.593444382826938e-12,2.8742220439045503e-12,5.250134388752349e-12,2.4070946732174225e-11,1.2817226225363827e-12,0.0,0.021698485749508348,0.24595584406097246,0.2757228213887441,7.601289482426817e-13,0.23858044174778698,0.2180604134068826,-1.8006396906108606e-05
2023-08-15,8.720131058736472e-13,1.5489948306038278e-12,3.741442250853651e-12,2.630772845187671e-12,2.8257514522290274e-12,5.2415742606054445e-12,2.4111597191572822e-11,1.28578336758938e-12,0.0,0.022308783858230815,0.23981577899100945,0.28136090069998354,7.732013623018797e-13,0.24585311549559064,0.2106793451358714,-1.7924223716854906e-05
2023-08-16,8.718730137070174e-13,1.5851895946470202e-12,3.695574436372388e-12,2.6034692459720937e-12,2.832106422431647e-12,5.29786050045002e-12,2.483370413550278e-11,1.2930702976760783e-12,0.0,0.022604224760408107,0.24366881318075673,0.28584365694396785,7.773060942083271e-13,0.23911067828527477,0.20879069286219923,-1.8066076396729816e-05
2023-08-17,8.820152735522182e-13,1.5854387761532526e-12,3.676428444796262e-12,2.6324412459240057e-12,2.788631183248266e-12,5.273998987767554e-12,2.484026954965325e-11,1.2829753796581004e-12,0.0,0.02250443517065057,0.23779610157349215,0.2863027368171548,7.581171109777179e-13,0.23949770702675896,0.21391705004768696,-1.8030679463818094e-05
2023-08-18,8.72370627801072e-13,1.5536773897850824e-12,3.641114848078368e-12,2.5858932011432975e-12,2.78576365366258e-12,5.221031894839876e-12,2.5206668002899396e-11,1.2935452148208854e-12,0.0,0.0225711693683804,0.23438691652349233,0.28417702765189157,7.473113976863675e-13,0.2409136321758964,0.21796913167932672,-1.787744289470767e-05
2023-08-21,8.743308516028546e-13,1.5599739193354364e-12,3.658269910478536e-12,2.588781108317598e-12,2.7330818248355366e-12,5.3075784276466995e-12,2.5689002003298615e-11,1.2827339536633981e-12,0.0,0.022671617951062893,0.23530037282883948,0.28180779378981347,7.273310783829183e-13,0.24106989386457214,0.219168101430808,-1.7779909517002403e-05
2023-08-22,8.677218394676578e-13,1.5431185609148141e-12,3.5955409150803846e-12,2.581029289550276e-12,2.6964102670223608e-12,5.201142126550936e-12,2.5263762584187944e-11,1.233336049391973e-12,0.0,0.022591485204584937,0.23327341419229056,0.28498543129515513,7.138533674106481e-13,0.23981559054754814,0.2193516005811148,-1.752186438953864e-05
2023-08-23,8.845367154272496e-13,1.5412574983470706e-12,3.5456251595562154e-12,2.5993288649150844e-12,2.7503876741051936e-12,5.166405303707085e-12,2.5485946848519652e-11,1.2516724941902892e-12,0.0,0.0225802383124349,0.23007884637082593,0.28391608600911666,7.178993974109416e-13,0.24321489254409862,0.2202274078842242,-1.747116464330925e-05
2023-08-24,8.725577823034092e-13,1.5344822784599491e-12,3.543002009451931e-12,2.584788322180918e-12,2.6955658487207357e-12,5.103624605458925e-12,2.5558403753802046e-11,1.2151289691616737e-12,0.0,0.022883614054628704,0.22973164557749934,0.28404457654359777,6.975422148345109e-13,0.24410959148113182,0.21924786550670425,-1.7293207366899675e-05
2023-08-25,8.665850112168354e-13,1.5694836839813405e-12,3.578539595530976e-12,2.594482118520959e-12,2.7056230266911886e-12,5.0134841544604856e-12,2.5979886806958498e-11,1.2299379358979553e-12,0.0,0.023536009007992322,0.2265004168432527,0.28359280406374143,6.930447592494163e-13,0.24496295363177073,0.22142524875405492,-1.7432345043126488e-05
2023-08-28,8.803978231938475e-13,1.5825165493788779e-12,3.5867755812345213e-12,2.676169257939401e-12,2.818130755890443e-12,5.082826077502996e-12,2.602318360033699e-11,1.2707538679749692e-12,0.0,0.023696751451300443,0.22666088214338095,0.2814237311596062,6.98035967366792e-13,0.2440493536899961,0.2241869165620284,-1.7635050930886874e-05
2023-08-29,8.972929012045722e-13,1.6023761091075127e-12,3.640255562147178e-12,2.719836176597669e-12,2.900045699187895e-12,5.169915079202004e-12,2.6815402683551807e-11,1.3058132090272346e-12,0.0,0.02467154766709497,0.2268298435524179,0.2845510711823409,7.33494528950291e-13,0.24759467936105914,0.2163708234857122,-1.7965294409547453e-05
2023-08-30,8.920644482751438e-13,1.5983249849268544e-12,3.5237442219237958e-12,2.7508701672256005e-12,2.863971617796624e-12,5.1720879449371094e-12,2.6633447196397123e-11,1.277209535346033e-12,0.0,0.02422452493426878,0.2299780634347978,0.2828193898745661,7.241803209395171e-13,0.24251613018845133,0.22047978289804349,-1.789137556328851e-05
2023-08-31,8.584812256719789e-13,1.4582862950847895e-12,3.525676549138574e-12,2.530813071009043e-12,2.753476112554549e-12,5.021740435837133e-12,2.2803470178404303e-11,1.2138583738439627e-12,0.0,0.021034226620332597,0.2500090929944907,0.2500090929967044,7.572413334601581e-13,0.2289748663717818,0.2500090929788994,-3.6372003131906806e-05
2023-09-01,8.709973022465781e-13,1.4547026138061377e-12,3.527037249173942e-12,2.5048458796267562e-12,2.7146927197939736e-12,5.038422551987288e-12,2.2807473952776058e-11,1.197014521972347e-12,0.0,0.020564766375338363,0.2541784248599716,0.24677758698978466,7.50796738813615e-13,0.23442307387734987,0.2440924064245213,-3.625856783176453e-05
2023-09-04,8.581002824898616e-13,1.4318853581277438e-12,3.560165309422349e-12,2.541854793812223e-12,2.717880584202263e-12,5.049054859864028e-12,2.2451786568296692e-11,1.2204490794585033e-12,0.0,0.020675689311628987,0.25178705958001046,0.2437742196004709,7.667796727385833e-13,0.2349215613516804,0.24887743169730342,-3.5961581692025084e-05
2023-09-05,8.548035658938065e-13,1.4107730146486473e-12,3.5158710953189505e-12,2.529194637598106e-12,2.6806766017563826e-12,4.947020447762849e-12,2.267727493874042e-11,1.2037106919236528e-12,0.0,0.020646369953158467,0.247903692564731,0.24825800624210453,7.473196869212807e-13,0.23465471903348104,0.24857294229494695,-3.573012898852307e-05
2023-09-06,8.584080339059338e-13,1.3988811278332606e-12,3.5659202814748406e-12,2.563052385633501e-12,2.6715650075519886e-12,5.016218674450687e-12,2.2903736024225007e-11,1.1876986625067264e-12,0.0,0.021115831387954056,0.25039542745681503,0.24713588834841146,7.398018484050095e-13,0.2336379871016895,0.24775075773610092,-3.5892071876230406e-05
2023-09-07,8.446853873077048e-13,1.363183681633335e-12,3.5809222075209658e-12,2.57092305471697e-12,2.6093522535213128e-12,4.9851963831741905e-12,2.2446384756202623e-11,1.1739943595904314e-12,0.0,0.020811927555561716,0.25650492810962755,0.24339973905916013,7.236831741514167e-13,0.22862058141091363,0.25069841959565575,-3.5595771217125285e-05
2023-09-08,8.227493419072365e-13,1.3384610147236635e-12,3.598779558471475e-12,2.551197939255936e-12,2.588197779180955e-12,5.068266063819542e-12,2.2287733781261472e-11,1.1502096390484472e-12,0.0,0.02023521772566655,0.25903934259891315,0.2432472114502229,7.304355469155058e-13,0.23129683748780833,0.2462166048015088,-3.521410425566832e-05
2023-09-11,8.221908290752605e-13,1.348929800398825e-12,3.594736010263073e-12,2.5775123449664227e-12,2.6459156397703442e-12,5.100144993819658e-12,2.2522498665297077e-11,1.1584679350002196e-12,0.0,0.020197324784285042,0.25197753335365713,0.24729599834862587,7.495285964323353e-13,0.2352040583017906,0.2453605852388496,-3.55000677280747e-05
2023-09-12,8.150085963315282e-13,1.3584432105772294e-12,3.6076633041322012e-12,2.5791826442710257e-12,2.7102201069929807e-12,5.049078366217957e-12,2.3112211546931545e-11,1.1615481490955943e-12,0.0,0.02018677078888417,0.2564786720711238,0.24634397522190146,7.318567844037297e-13,0.23505694113894665,0.24196920506140548,-3.5564323386799e-05
2023-09-13,8.316703055771714e-13,1.3906444502917655e-12,3.622808675247799e-12,2.5987497621300668e-12,2.778448336205018e-12,5.072726083902558e-12,2.3136767023870117e-11,1.1603401851076719e-12,0.0,0.02060780695768379,0.2576994066796125,0.25031701672297363,7.635347017830312e-13,0.23460383064711748,0.23680805533110022,-3.6116379843118125e-05
2023-09-14,8.261570480146134e-13,1.3740139312815467e-12,3.5561196046817346e-12,2.5899180752087904e-12,2.7765402136712323e-12,4.876177185887965e-12,2.2687334488129775e-11,1.1856338338073384e-12,0.0,0.02060265434984768,0.2598092889024585,0.24774165337071308,7.660394200403213e-13,0.23517235280437018,0.23670976682257677,-3.571629060415859e-05
2023-09-15,8.107825440972163e-13,1.3549525752761792e-12,3.478551737151254e-12,2.5500679209728234e-12,2.694702120565469e-12,4.752058672698685e-12,2.225177699879112e-11,1.151743607144148e-12,0.0,0.02023451680820139,0.25749099509376144,0.24785457255981316,7.481981630579303e-13,0.2372166926054837,0.23723837449765045,-3.515160470290305e-05
2023-09-18,8.131793636044311e-13,1.354658797107457e-12,3.484459455922766e-12,2.5803633984354728e-12,2.7301402304608283e-12,4.825377272250975e-12,2.2227943610648195e-11,1.1589427957060815e-12,0.0,0.020007770434143233,0.25577552637779766,0.2475530994308834,7.588950587517491e-13,0.24082579183241834,0.23587289334204162,-3.508145721817783e-05
2023-09-19,8.041565756422715e-13,1.3624215741473663e-12,3.4611565500689183e-12,2.544601304644026e-12,2.6971468898155704e-12,4.861771706767279e-12,2.271251650157535e-11,1.163525346964532e-12,0.0,0.020445457788973383,0.2502491086552981,0.25060255148690447,7.614292385281186e-13,0.2441776365810533,0.2345604322587365,-3.518681133446692e-05
2023-09-20,8.03934553586968e-13,1.3746433790681944e-12,3.5494369886467314e-12,2.5892464669114706e-12,2.700950991435127e-12,4.814757867130215e-12,2.2367485059911323e-11,1.1943580088149712e-12,0.0,0.020500171694581154,0.2575946052282944,0.2456887806229827,7.874929540257183e-13,0.24496496450825922,0.2312869219085932,-3.544400289295496e-05
2023-09-21,8.036320886371348e-13,1.3673096731952621e-12,3.5735403235004713e-12,2.575266016696509e-12,2.6437271052347463e-12,4.811260779263629e-12,2.200494235688958e-11,1.2004074141166092e-12,0.0,0.020390119159928694,0.25893717810062233,0.24536600699385036,7.927756789030213e-13,0.24857899193616423,0.22676321038016975,-3.55066105082138e-05
2023-09-22,8.159675239076181e-13,1.3423658235665338e-12,3.640502539784779e-12,2.607580810640249e-12,2.654161109141035e-12,4.908564727791351e-12,2.2713940593948203e-11,1.2115903483567345e-12,0.0,0.02077404447372855,0.25745598546208076,0.24658445454103728,8.229824465839446e-13,0.2529273751538994,0.2222942067418596,-3.6066413323134924e-05
2023-09-25,7.93244331939593e-13,1.329735797716502e-12,3.6339673733206636e-12,2.5311088674143938e-12,2.6394432626243543e-12,4.9377650970219594e-12,2.3038879947403445e-11,1.204052657483755e-12,0.0,0.019869357179540713,0.2633390916537185,0.24156591680968545,8.008281732131362e-13,0.2490592769796421,0.22620201780505092,-3.566046854668e-05
2023-09-26,8.051332337267098e-13,1.3238025357023204e-12,3.652203607315894e-12,2.518010498534313e-12,2.591477805825173e-12,5.003009851952171e-12,2.271792154345264e-11,1.2234133408814724e-12,0.0,0.0199483704459798,0.26965392413551803,0.2492962393729997,7.94044297716648e-13,0.24406883598223053,0.21706807832981248,-3.544830716960072e-05
2023-09-27,8.241979541917022e-13,1.3211399944760834e-12,3.706120618728763e-12,2.5028590711401624e-12,2.6465853368115265e-12,4.9708179043813516e-12,2.2410538053421098e-11,1.2229956059607746e-12,0.0,0.020186843114201762,0.2701585200546587,0.2526241133607031,7.921736560589392e-13,0.24178520165179684,0.21528084887678517,-3.5527098542881294e-05
2023-09-28,8.560166774265769e-13,1.3492436944992703e-12,3.6955776081263085e-12,2.5352139780350565e-12,2.7001402152857375e-12,5.1854255578903445e-12,2.3155474073948126e-11,1.2301068096862545e-12,0.0,0.02056409936992868,0.2809044615446396,0.25246874930718516,7.734752294927499e-13,0.2401289250560347,0.20596995681083052,-3.619213009932196e-05
2023-09-29,8.584784581476919e-13,1.458281593942099e-12,3.5256651832575432e-12,2.5308049123138606e-12,2.7534672360505708e-12,5.021724247028102e-12,2.2803396665838553e-11,1.2138544606744838e-12,0.0,0.02103415881135636,0.2500082870290064,0.25000828703122,7.572388923074354e-13,0.22897412821527371,0.25000828701341515,-3.31481411946235e-05
2023-10-02,8.608512933930721e-13,1.4466495875878739e-12,3.540540540194591e-12,2.5038748339626686e-12,2.7371565210918907e-12,5.13810114897549e-12,2.2655660925879365e-11,1.1989361372225037e-12,0.0,0.020671955202811627,0.24698137911172002,0.2522196989904817,7.69054381026726e-13,0.23387354365818092,0.24628652541652218,-3.310242056724141e-05
2023-10-03,8.729424857743355e-13,1.4519139479788196e-12,3.547023750023721e-12,2.5598913464152887e-12,2.741949788327693e-12,5.200310863720161e-12,2.289709339593989e-11,1.1908642133309264e-12,0.0,0.021031515747568556,0.24110716158837736,0.2555998172619261,7.652364754056907e-13,0.24063131349328337,0.2416635646633754,-3.3372795757923793e-05
2023-10-04,8.733787356743793e-13,1.4629305389221844e-12,3.5630790548210983e-12,2.5925356827962222e-12,2.7021348387068927e-12,5.33179853352313e-12,2.315276497094637e-11,1.218757615499325e-12,0.0,0.021114709801946553,0.2370773908731526,0.2542322059069489,7.89891499277673e-13,0.24775172646920873,0.23985746256123802,-3.349565418204964e-05
2023-10-05,8.382359476749821e-13,1.4394070449895933e-12,3.50253571739344e-12,2.549172136355305e-12,2.68175252949117e-12,5.317039281295514e-12,2.3137969867390913e-11,1.2095419146739213e-12,0.0,0.020714481799024482,0.24255103734847497,0.25233747452813415,7.841359602309829e-13,0.24597694990179994,0.23845307705009935,-3.302066899277361e-05
2023-10-06,8.092300319888511e-13,1.4181978868648795e-12,3.457996649329727e-12,2.5548691651985987e-12,2.6504181262736575e-12,5.141165200242868e-12,2.2988324978505908e-11,1.1812117471100502e-12,0.0,0.020198636077426092,0.2417237124250037,0.25458642425576766,7.812627773073053e-13,0.24582162409544975,0.2377022089003896,-3.260579501940543e-05
2023-10-09,8.075466543271149e-13,1.423908441323893e-12,3.3576664653229806e-12,2.5505787215891687e-12,2.6091373905034646e-12,5.202711667716713e-12,2.2876945411300884e-11,1.1783773385351468e-12,0.0,0.02046027896481521,0.24350687588276063,0.25627775412688353,7.680464398952192e-13,0.24171149163730518,0.23807609974914487,-3.2500401684259575e-05
2023-10-10,7.999420682089926e-13,1.4261054431814701e-12,3.2700914090919414e-12,2.529238648376546e-12,2.658710468671454e-12,5.217722417829181e-12,2.286640968545074e-11,1.2082782176670188e-12,0.0,0.02014850564265891,0.2412981413443313,0.2593210472905964,7.778647873047752e-13,0.23730259625266303,0.2419621099740818,-3.2400545085723155e-05
2023-10-11,7.941119915963056e-13,1.4385959481633753e-12,3.2225276303901434e-12,2.517057472272647e-12,2.6339545219047837e-12,5.2706423612847905e-12,2.2629682302816635e-11,1.20357443092477e-12,0.0,0.02025319856341102,0.24397787013616573,0.25941665382956697,7.6972455850701e-13,0.23505457024771528,0.2413299882054983,-3.2281022837101864e-05
2023-10-12,7.918630592713989e-13,1.4290558541765611e-12,3.206688546052038e-12,2.4606540911540287e-12,2.6418538442681985e-12,5.2562707162619215e-12,2.282073749208405e-11,1.197582856288475e-12,0.0,0.020041381019362852,0.24199750444116475,0.26138829625209253,7.381858178481058e-13,0.23409910472859033,0.2425058210271754,-3.210750892875979e-05
2023-10-13,7.877322618684388e-13,1.43166204194829e-12,3.18847089649159e-12,2.442804944667443e-12,2.631779504928977e-12,5.214533746569996e-12,2.305910282501283e-11,1.1865795023706719e-12,0.0,0.02061781264036053,0.24608689054404365,0.2535243605323916,7.292891216755063e-13,0.235463937340447,0.24433913340034077,-3.2134498255510894e-05
2023-10-16,7.802224397310257e-13,1.4551729763044156e-12,3.2318990598202045e-12,2.4678476808197573e-12,2.687788619263329e-12,5.26970632161458e-12,2.3309647661357623e-11,1.2186020447875493e-12,0.0,0.0204476728070269,0.24982723402046977,0.2519189818682035,7.393826878947492e-13,0.23869130526400376,0.239147082314333,-3.2276315197120676e-05
2023-10-17,7.753150676360732e-13,1.4516147818847947e-12,3.2003089822419416e-12,2.4642241923479882e-12,2.700439189149736e-12,5.241282665921811e-12,2.326396647411229e-11,1.2363403512239548e-12,0.0,0.020411072772879534,0.2447559614728809,0.25353822025004225,7.400898564332861e-13,0.24310493913927497,0.23822191022286693,-3.210389901812458e-05
2023-10-18,7.623392563222039e-13,1.4272888544342737e-12,3.2272973334613442e-12,2.4493675862186963e-12,2.7162388141055098e-12,5.251958582153681e-12,2.3225519539636174e-11,1.235428239284378e-12,0.0,0.02042005522941418,0.24261271091536682,0.2521333827895447,7.364554914437069e-13,0.242294527479621,0.24257143487417274,-3.211132915135936e-05
2023-10-19,7.61192692954626e-13,1.4417176338042896e-12,3.2801534875239304e-12,2.4729101824170474e-12,2.7334196492612264e-12,5.2732432197962145e-12,2.3494180328124555e-11,1.236893581954838e-12,0.0,0.020614155031213582,0.2412004716620534,0.2559512670789746,7.376826834644404e-13,0.24184797130902733,0.24041823090536404,-3.2096028064339764e-05
2023-10-20,7.78610445547968e-13,1.487290624222226e-12,3.3822983302098142e-12,2.5359879271614233e-12,2.8122369713624894e-12,5.474031526227261e-12,2.3949662444165726e-11,1.2434987923820715e-12,0.0,0.020885096969470624,0.24364906250130358,0.2535586190475407,7.611882611691135e-13,0.23978878812137397,0.24215120585944766,-3.277254156129863e-05
2023-10-23,7.764327187611274e-13,1.4857538467727377e-12,3.3307870576080806e-12,2.5112624343196175e-12,2.7596300362869643e-12,5.391153683630272e-12,2.3840060265584596e-11,1.2246461548814505e-12,0.0,0.020246031594163275,0.24612676334392228,0.2536941523749081,7.656222628135339e-13,0.24347509943122667,0.23649044703433403,-3.249382063976788e-05
2023-10-24,7.789303640611703e-13,1.4669545460950479e-12,3.4667279052651348e-12,2.5237768401481434e-12,2.813276250708303e-12,5.3414891802975195e-12,2.4324791923074992e-11,1.2654548275976314e-12,0.0,0.0200656099158802,0.24727066749419926,0.24586119172102405,7.704443746654849e-13,0.24884440403980926,0.23799082939286612,-3.2702606530641744e-05
2023-10-25,7.801509657485768e-13,1.481116655160206e-12,3.5044080500661293e-12,2.486488439761603e-12,2.8286370806451626e-12,5.532557517823984e-12,2.3992498317430454e-11,1.269563000779696e-12,0.0,0.020501621551916805,0.24633038609168365,0.2478448488410236,7.739630793355765e-13,0.24659113145361664,0.2387648475153146,-3.28354962046236e-05
2023-10-26,7.729837145949887e-13,1.4731222812451468e-12,3.453487894697793e-12,2.434212911344394e-12,2.8089923059749625e-12,5.6179084843069994e-12,2.3865616601732495e-11,1.2555590594445558e-12,0.0,0.020322290891326603,0.25218736525850344,0.24627962568672854,7.785974951096045e-13,0.24169582457293462,0.2395475071905591,-3.2613642512672895e-05
2023-10-27,7.71968332674382e-13,1.4665759964317798e-12,3.4215703391071608e-12,2.407172876348392e-12,2.8079439704195598e-12,5.6419033656863716e-12,2.3735729237500792e-11,1.2559987895479496e-12,0.0,0.02027910477809363,0.25045896728680767,0.24546941719808452,8.125353658153819e-13,0.2422083087536684,0.24161668187025456,-3.247992923012793e-05
2023-10-30,7.75741724611321e-13,1.4638084819374993e-12,3.472158128791999e-12,2.4011291132821968e-12,2.846370647584224e-12,5.622723488580655e-12,2.3449748256518567e-11,1.26369451526258e-12,0.0,0.02046813938165361,0.24586962098196974,0.2444072874775351,7.929929664261431e-13,0.25495072257703955,0.23433672727733337,-3.249773761961971e-05
2023-10-31,8.584640876112486e-13,1.4582571829757064e-12,3.5256061652361565e-12,2.530762547798038e-12,2.7534211442693663e-12,5.021640185662768e-12,2.2803014947416022e-11,1.213834141306422e-12,0.0,0.02103380670916569,0.2500041020047163,0.2500041020069298,7.572262164749844e-13,0.22897029529317425,0.2500041019891253,-1.6408044033613272e-05
2023-11-01,8.454130024493599e-13,1.4376014335773654e-12,3.479328284890803e-12,2.5229895871077335e-12,2.6909045385587504e-12,4.898973097987569e-12,2.2865930008110926e-11,1.1893921270316572e-12,0.0,0.020591251526399554,0.24528943055316405,0.253081479899558,7.590962932419715e-13,0.2305992276128619,0.25045478767668844,-1.6177309361515806e-05
2023-11-02,8.549815236054814e-13,1.430995492556754e-12,3.4802509220317706e-12,2.500434522198809e-12,2.6906586181499923e-12,4.954289790686462e-12,2.296536839556593e-11,1.214589590916901e-12,0.0,0.020805309624397514,0.24096681692064162,0.2541602828577357,7.710279545198433e-13,0.23032472053606737,0.25375908225413507,-1.6212233839946772e-05
2023-11-03,8.553453408171092e-13,1.4204155122199603e-12,3.5349193701078742e-12,2.575105860400897e-12,2.6838763807797408e-12,5.080834319628819e-12,2.3202888177701564e-11,1.2032577927617936e-12,0.0,0.021015110924491983,0.24175048503267374,0.2509916197352644,7.555427189876379e-13,0.22902946847045147,0.2572296800829691,-1.6364287162753094e-05
2023-11-06,8.578023886846553e-13,1.4173945957484715e-12,3.5532168517514474e-12,2.613692036580211e-12,2.7049399650841384e-12,5.088534052636244e-12,2.3566380185257296e-11,1.1906120154373073e-12,0.0,0.02101634859308807,0.2376711639252873,0.2500232409980561,7.30430452768979e-13,0.23778850888908876,0.25351714658432395,-1.6409031567199424e-05
2023-11-07,8.665695130965392e-13,1.4113256969967036e-12,3.5583083203124687e-12,2.5870584646713786e-12,2.6993487435377665e-12,5.107607698599305e-12,2.367012779892354e-11,1.1982694297651833e-12,0.0,0.02076709102874304,0.23051524551650737,0.251123832972547,7.410552319345677e-13,0.2437278771152304,0.2538822820991376,-1.632877400497143e-05
2023-11-08,8.802248691029896e-13,1.4192570306972233e-12,3.681895733907385e-12,2.592672832275961e-12,2.7507708643964696e-12,5.2116459640332984e-12,2.4199905587230045e-11,1.2268947596247256e-12,0.0,0.02045707484946179,0.23597837092399923,0.2473573028190893,7.682216129286582e-13,0.24694392661367842,0.24928002849651967,-1.6703745479944857e-05
2023-11-09,8.772797397471409e-13,1.4172880331998887e-12,3.745772279344399e-12,2.6101236436300686e-12,2.7746908818252424e-12,5.314488294143062e-12,2.4278490393374177e-11,1.2456826056792305e-12,0.0,0.020141665829856367,0.24273307773310132,0.24256533831721044,7.842673965924982e-13,0.2412612972298861,0.25331539442320516,-1.6773576307284003e-05
2023-11-10,8.897774793920509e-13,1.4096253477504967e-12,3.7233411756713476e-12,2.6199855842731926e-12,2.75482132016629e-12,5.421262176597938e-12,2.4265590115637518e-11,1.2362022388388938e-12,0.0,0.019789909168853908,0.23954431168877086,0.2404133295208108,7.752682162672109e-13,0.23767343561254226,0.2625957291055073,-1.6715139580936858e-05
2023-11-13,8.85263185098189e-13,1.4183981421822183e-12,3.764998705135907e-12,2.6515606349995017e-12,2.7661229525761527e-12,5.430725294002819e-12,2.4532449186783547e-11,1.2469543931915056e-12,0.0,0.019406083253752506,0.23891544748361873,0.2369474477603749,7.700624457483131e-13,0.2390239253678418,0.26572388652408074,-1.679043313513055e-05
2023-11-14,9.039184980506757e-13,1.4166230592815364e-12,3.812580302519259e-12,2.6722226293325e-12,2.8217328410181267e-12,5.494501739453486e-12,2.4303948386544037e-11,1.2218438672378605e-12,0.0,0.01933238833080069,0.2361737028734306,0.23292454137125326,7.757301591684488e-13,0.24670549772675965,0.26488072696828546,-1.6857313952595395e-05
2023-11-15,9.022854596158168e-13,1.4048062762559902e-12,3.732116234588525e-12,2.6751885171638575e-12,2.7640888646367743e-12,5.456445705781539e-12,2.4018409725242274e-11,1.2284632882578058e-12,0.0,0.019311761001419934,0.23131757587174864,0.22929284381845907,7.21184405141463e-13,0.2543190979970733,0.26577545149473425,-1.6730226338109653e-05
2023-11-16,8.881722429759545e-13,1.3771132224186563e-12,3.68097279111131e-12,2.6746132585580368e-12,2.678045453444693e-12,5.4012644159509835e-12,2.4388525270832624e-11,1.1987466955444543e-12,0.0,0.019808200664083023,0.2317752863101894,0.227908345831868,7.216873020504063e-13,0.25042033533390234,0.27010441732186286,-1.6585504914844508e-05
2023-11-17,8.928102526062553e-13,1.3620300211807201e-12,3.698725404395395e-12,2.6690613471091006e-12,2.6933012911226086e-12,5.43269869060496e-12,2.5010592674702855e-11,1.221727404223618e-12,0.0,0.019991224966490882,0.2299236879427063,0.22157576388549868,7.298965233568419e-13,0.25643271481689106,0.2720933402736369,-1.6731928934528017e-05
2023-11-20,8.736349100181948e-13,1.3458817054621887e-12,3.6346000148240398e-12,2.6759865135970965e-12,2.68880225856075e-12,5.409502897719706e-12,2.4853446122335698e-11,1.17982961319391e-12,0.0,0.01978106011688361,0.2284130347847738,0.2197968919641762,7.237938233275928e-13,0.2647028894077792,0.26732257613638866,-1.645245338679598e-05
2023-11-21,8.795166581031827e-13,1.336697567729643e-12,3.658153458524216e-12,2.6993827735968942e-12,2.6953509932694357e-12,5.514466888753023e-12,2.4509615362556683e-11,1.1694628191866396e-12,0.0,0.02001450904628123,0.2286615133893924,0.22416243400010194,7.141381547578594e-13,0.2587564530378272,0.26842150521560404,-1.6414732383585868e-05
2023-11-22,8.609602776218495e-13,1.3166825727964909e-12,3.5827281452754745e-12,2.634268534526035e-12,2.6383046105456376e-12,5.4048229606072715e-12,2.39152650194821e-11,1.142553882757181e-12,0.0,0.01987221709034082,0.22476779128785274,0.22802178894197492,7.017914889849356e-13,0.251031261690125,0.27632301789036484,-1.6076942855623623e-05
2023-11-23,8.635901034168158e-13,1.3287856526136306e-12,3.602770859938231e-12,2.6510647715889367e-12,2.653512445724136e-12,5.3246894345616506e-12,2.4017528766291656e-11,1.1203768666210168e-12,0.0,0.019636785120855205,0.22594057891504907,0.2291832468987896,7.073528133291619e-13,0.2522232374735863,0.27303221164391983,-1.6060094469725454e-05
2023-11-24,8.540749514265302e-13,1.3297038390678115e-12,3.613266854390404e-12,2.5939822439013047e-12,2.5821408306903445e-12,5.2305874678653224e-12,2.4151553816269635e-11,1.1301146280385042e-12,0.0,0.01956625062752518,0.23072189648753916,0.22888113925234152,7.190169943110418e-13,0.2547031465607106,0.2661434862741414,-1.5919244462158746e-05
2023-11-27,8.570139317230803e-13,1.3371866942388082e-12,3.6365092853911683e-12,2.635220706240116e-12,2.6088644340905816e-12,5.06082637677772e-12,2.3852199335335447e-11,1.1010538484551045e-12,0.0,0.01974731255342149,0.23306168892579646,0.2264313481535841,7.315832560556231e-13,0.2594748064427718,0.2613008434544129,-1.599957180718476e-05
2023-11-28,8.55727593804266e-13,1.3539681713402544e-12,3.753487528850362e-12,2.7204743023509007e-12,2.659910330493067e-12,5.076966817650649e-12,2.4444053828401782e-11,1.1079154265054687e-12,0.0,0.019334370471056562,0.23643835748931502,0.22690213523628003,7.422496419146994e-13,0.25181442524129016,0.26552690823206304,-1.619671271941336e-05
2023-11-29,8.43585300755351e-13,1.3812154158908515e-12,3.808764675241371e-12,2.736374397319451e-12,2.7024559077625442e-12,5.059067746126138e-12,2.469195096082199e-11,1.1306811581926689e-12,0.0,0.019377643505122773,0.2385427063995021,0.22825392271187636,7.683187499740797e-13,0.2489676435882672,0.2648744227388805,-1.6338986771308783e-05
2023-11-30,8.5847335362571e-13,1.4582729229843344e-12,3.5256442196151147e-12,2.530789864121114e-12,2.753450863905294e-12,5.021694387802673e-12,2.2803261076601054e-11,1.2138472430830359e-12,0.0,0.021034033742025844,0.25000680047709034,0.25000680047930396,7.572343897569814e-13,0.2289727667326882,0.25000680046149926,-2.7201933530164164e-05
2023-12-01,8.482643432228785e-13,1.4375260062393664e-12,3.56157184211267e-12,2.474322244047275e-12,2.668140842931995e-12,4.9178298678926455e-12,2.219609536858403e-11,1.2132448645717083e-12,0.0,0.02083908515991901,0.25318343954587746,0.24565305239047416,7.630805605503125e-13,0.23391859623168382,0.2464328563730087,-2.702974104314696e-05
2023-12-04,8.646697351004116e-13,1.451674783182806e-12,3.641525184689433e-12,2.4597941308417663e-12,2.6472586023942886e-12,4.954009225313838e-12,2.2203180911883825e-11,1.2194083164946632e-12,0.0,0.021336347917314154,0.2546759788875836,0.24529382637318245,7.679587252322599e-13,0.23356272446261378,0.2451584788693547,-2.7356550258169816e-05
2023-12-05,8.570752327496036e-13,1.4622599842181168e-12,3.643097936748557e-12,2.5035744503208364e-12,2.6180684781162934e-12,4.952533899367069e-12,2.289933839311253e-11,1.2113024695785964e-12,0.0,0.021076426034984233,0.2508199996427711,0.25342370980898304,7.755754599727348e-13,0.23575300437409782,0.2389543905170926,-2.753041885155701e-05
2023-12-06,8.586909230141276e-13,1.4772149455372737e-12,3.6829891276355474e-12,2.51920017268487e-12,2.5785764807233985e-12,4.965663981691154e-12,2.3074910425213003e-11,1.178970960015467e-12,0.0,0.021340296655754338,0.2540682635506995,0.24651203618278197,7.854782280921322e-13,0.23589510096922797,0.24221178630041104,-2.7483699996495465e-05
2023-12-07,8.424996612357195e-13,1.467665059787218e-12,3.66866197274431e-12,2.476794066699227e-12,2.5460500370434977e-12,4.861354000848648e-12,2.3287919276924225e-11,1.1619639080558355e-12,0.0,0.02083552852185834,0.25136685838607387,0.2464906311468218,7.57407725291586e-13,0.24076704056571754,0.24056706404981035,-2.7122711352222802e-05
2023-12-08,8.474219890347825e-13,1.468358861752917e-12,3.674878522619026e-12,2.4763263578722453e-12,2.5814994675707015e-12,4.868498277101607e-12,2.3566599629207558e-11,1.1567018216735244e-12,0.0,0.020610293817955812,0.25675703454292326,0.24344800137033262,7.544236830087807e-13,0.23981643542615355,0.23939539089661596,-2.7156095375888657e-05
2023-12-11,8.570717207132003e-13,1.4703255404863758e-12,3.7472947742100286e-12,2.464401003641294e-12,2.598824360538105e-12,4.842604560890066e-12,2.3811896479776296e-11,1.1619103061430724e-12,0.0,0.02109084562537306,0.2552601593960383,0.24704693439373318,7.478751591326524e-13,0.24148630480395936,0.23514302945785048,-2.727371865637985e-05
2023-12-12,8.434121466887066e-13,1.4548359712716809e-12,3.783712079517147e-12,2.4434285026769937e-12,2.6255281968785703e-12,4.809665786091855e-12,2.3460805641105027e-11,1.1759211887141018e-12,0.0,0.020682419115395673,0.25477208659464073,0.2435095140107895,7.149984168560685e-13,0.2433004368678309,0.23776254609876424,-2.7002728733294933e-05
2023-12-13,8.57607091311743e-13,1.460328037595139e-12,3.771788198794502e-12,2.465748384078376e-12,2.651537172581561e-12,4.908799872738916e-12,2.3438376291851193e-11,1.172780425737839e-12,0.0,0.02084928916266151,0.24832581154404648,0.24664429782299815,7.222370448479655e-13,0.24585470635267614,0.23835287830168642,-2.698322551791707e-05
2023-12-14,8.709030922655956e-13,1.4747417991325322e-12,3.751051800992186e-12,2.451757882248241e-12,2.6261471637306513e-12,4.9491684254484445e-12,2.314927110565781e-11,1.1922171948050692e-12,0.0,0.02059087168340905,0.2478992523586138,0.24703876573524958,7.344226345014241e-13,0.25340899033991887,0.2310891248707499,-2.700502914082477e-05
2023-12-15,8.827092314327025e-13,1.4952458931439777e-12,3.755911862057125e-12,2.4788278379751234e-12,2.6839473319907285e-12,5.014120066713571e-12,2.3047236890234388e-11,1.2616263240324596e-12,0.0,0.020974555748867304,0.24760761741265813,0.2523254365545333,7.447257128644656e-13,0.2488493325062696,0.2302705059287186,-2.744819241130705e-05
2023-12-18,8.838305272423024e-13,1.5152682341585167e-12,3.747659923448135e-12,2.4948590272014253e-12,2.662581608336266e-12,4.978244051910107e-12,2.3245642476838392e-11,1.2836052912375351e-12,0.0,0.02050498716789602,0.2458770574501298,0.25201497711678605,7.369933042664089e-13,0.24914694196967824,0.23248330904688824,-2.7272792926966666e-05
2023-12-19,9.014540566349103e-13,1.5571471232700497e-12,3.773261689618044e-12,2.481496302857622e-12,2.702197786582794e-12,5.152056104116917e-12,2.3339454932204625e-11,1.3097940348511459e-12,0.0,0.020784423129656608,0.24852455727480147,0.2507405552300613,7.150788262167766e-13,0.24672338490656992,0.23325462950620623,-2.7550089227342277e-05
2023-12-20,8.980850174454671e-13,1.533849761303524e-12,3.6999474464868076e-12,2.422052635461889e-12,2.686033352097712e-12,5.1693268719255045e-12,2.3347840073994042e-11,1.3028588501135993e-12,0.0,0.020387634441762194,0.2528528754730325,0.251996843090518,6.863157755782269e-13,0.2431222956705563,0.2316675113774731,-2.716009508828137e-05
2023-12-21,8.941812730879339e-13,1.5023469835727218e-12,3.714751455051339e-12,2.407269997315712e-12,2.6684120827131582e-12,5.161344557541491e-12,2.3376685982083892e-11,1.306694606452052e-12,0.0,0.020381568148438778,0.24643413130838415,0.2541260153109391,6.540302973960969e-13,0.24262490076108315,0.23646061718599412,-2.72327565248118e-05
2023-12-22,8.986960777456591e-13,1.5362999426878468e-12,3.818522053115192e-12,2.35135214746654e-12,2.704322887327673e-12,5.047388307183279e-12,2.369839958054512e-11,1.3266966637591267e-12,0.0,0.02131497917343896,0.25141195275823197,0.2543762516274669,6.812741281902417e-13,0.238347447804451,0.2345770100534529,-2.7641459104616508e-05
2023-12-25,8.891844702058667e-13,1.5821640044924352e-12,3.876080766787956e-12,2.3963185319336654e-12,2.745427129334624e-12,5.143140191198853e-12,2.3997586978162872e-11,1.3472214831283245e-12,0.0,0.021359567015389016,0.25415485755024986,0.2585405125915992,6.906025966289174e-13,0.23465987208698605,0.23131314138202977,-2.795066892166476e-05
2023-12-26,8.914277875962796e-13,1.5652593714184907e-12,3.8710121956951055e-12,2.3484463430992305e-12,2.6760408115490214e-12,5.049423128281592e-12,2.3747027651925354e-11,1.3246073407956403e-12,0.0,0.02126108253050325,0.25983977121778445,0.25839851497950356,6.565583591269306e-13,0.23743604354690445,0.2230923196161966,-2.7731933022010126e-05
2023-12-27,8.97363420354376e-13,1.559973410969508e-12,3.978493957344388e-12,2.3981035698830576e-12,2.664089657762071e-12,5.064435408442734e-12,2.3935996686374487e-11,1.3470729524033284e-12,0.0,0.02102187741719511,0.25804234875571425,0.2596150814725542,6.740016264495157e-13,0.24044457099362282,0.2209039717129288,-2.7850394534740225e-05
2023-12-28,9.005452321293539e-13,1.5499230330437697e-12,4.006668007040069e-12,2.4614987540025267e-12,2.6459788598942633e-12,5.104083196839055e-12,2.3638511250768335e-11,1.3417482111757977e-12,0.0,0.020910296484571444,0.2677203964195037,0.25769082816069133,6.794240630633253e-13,0.2314827644302636,0.22222348794113156,-2.7773478490055263e-05
2023-12-29,8.584682491431415e-13,1.4582642520935211e-12,3.525623256134553e-12,2.530774816044559e-12,2.7534344918864326e-12,5.0216645288077995e-12,2.280312548841049e-11,1.2138400255473177e-12,0.0,0.021033908673661023,0.2500053139366525,0.2500053139388661,7.572298872412931e-13,0.22897140526061516,0.25000531392106146,-2.1255771778729696e-05
